dataset,model,status,query_id,spectrum_id,casmi_id,true_candidate_id,candidate_id,candidate_mol_id,candidate_smiles,score,score_name,rank,is_correct,prediction_status,candidate_count
CASMI2022,massformer,completed,59,59,153,CASMI_MOL_1196850,CASMI_MOL_300566,300566,CCCCCCC(CC)C1CN(C)CCO1,0.9229814516848766,binned_cosine_1Da,1,False,predicted_spectrum,9219
CASMI2022,massformer,completed,59,59,153,CASMI_MOL_1196850,CASMI_MOL_299955,299955,CC(C)CCCC1CN(CC(C)C)CCO1,0.9225710968194212,binned_cosine_1Da,2,False,predicted_spectrum,9219
CASMI2022,massformer,completed,59,59,153,CASMI_MOL_1196850,CASMI_MOL_299956,299956,CC(C)CCCC1CN(CC(C)C)CCO1,0.9225710968194212,binned_cosine_1Da,3,False,predicted_spectrum,9219
CASMI2022,massformer,completed,59,59,153,CASMI_MOL_1196850,CASMI_MOL_300047,300047,CCCCCCCCC1COCCN(C)C1,0.921860868245381,binned_cosine_1Da,4,False,predicted_spectrum,9219
CASMI2022,massformer,completed,59,59,153,CASMI_MOL_1196850,CASMI_MOL_300561,300561,CCCCCCC(C)CCN1CCOCC1,0.9206177614520883,binned_cosine_1Da,5,False,predicted_spectrum,9219
CASMI2022,massformer,completed,59,59,153,CASMI_MOL_1196850,CASMI_MOL_300427,300427,CCCCCCCCCCC1CCN(C)O1,0.9190291991278483,binned_cosine_1Da,6,False,predicted_spectrum,9219
CASMI2022,massformer,completed,59,59,153,CASMI_MOL_1196850,CASMI_MOL_300026,300026,CCC(CC(C)C)C(CC)N1CCOCC1,0.9175932004190964,binned_cosine_1Da,7,False,predicted_spectrum,9219
CASMI2022,massformer,completed,59,59,153,CASMI_MOL_1196850,CASMI_MOL_300135,300135,CC(C)OCCCCCCN1CCCCC1,0.9171520771510296,binned_cosine_1Da,8,False,predicted_spectrum,9219
CASMI2022,massformer,completed,59,59,153,CASMI_MOL_1196850,CASMI_MOL_302515,302515,CCC1CCOC(CC(C)C)C(C(C)C)N1,0.9161271944932836,binned_cosine_1Da,9,False,predicted_spectrum,9219
CASMI2022,massformer,completed,59,59,153,CASMI_MOL_1196850,CASMI_MOL_308892,308892,CCCCCCCCCCN1CCOCC1,0.9159581425804885,binned_cosine_1Da,10,False,predicted_spectrum,9219
CASMI2022,massformer,completed,59,59,153,CASMI_MOL_1196850,CASMI_MOL_304266,304266,CC(C)CCN(CCCCCCO)C1CC1,0.915175475020276,binned_cosine_1Da,11,False,predicted_spectrum,9219
CASMI2022,massformer,completed,59,59,153,CASMI_MOL_1196850,CASMI_MOL_308749,308749,CCCCCCOCCCN1CCCCC1,0.9131947256088888,binned_cosine_1Da,12,False,predicted_spectrum,9219
CASMI2022,massformer,completed,59,59,153,CASMI_MOL_1196850,CASMI_MOL_304782,304782,CC(C)CC(CC(C)C)CN1CCOCC1,0.9130813764639568,binned_cosine_1Da,13,False,predicted_spectrum,9219
CASMI2022,massformer,completed,59,59,153,CASMI_MOL_1196850,CASMI_MOL_300261,300261,COCCCCCCCCN1CCCCC1,0.9124748361201095,binned_cosine_1Da,14,False,predicted_spectrum,9219
CASMI2022,massformer,completed,59,59,153,CASMI_MOL_1196850,CASMI_MOL_299892,299892,CC(C)CCN1CCC(C)(OC(C)C)CC1,0.9114899372959641,binned_cosine_1Da,15,False,predicted_spectrum,9219
CASMI2022,massformer,completed,59,59,153,CASMI_MOL_1196850,CASMI_MOL_300136,300136,CCCCOCCCCCN1CCCCC1,0.9114075907614083,binned_cosine_1Da,16,False,predicted_spectrum,9219
CASMI2022,massformer,completed,59,59,153,CASMI_MOL_1196850,CASMI_MOL_308547,308547,CCCOCCCC1CCN(CCC)CC1,0.9113784473300837,binned_cosine_1Da,17,False,predicted_spectrum,9219
CASMI2022,massformer,completed,59,59,153,CASMI_MOL_1196850,CASMI_MOL_300104,300104,CCCOCCCCCCN1CCCCC1,0.909500714702854,binned_cosine_1Da,18,False,predicted_spectrum,9219
CASMI2022,massformer,completed,59,59,153,CASMI_MOL_1196850,CASMI_MOL_300035,300035,CCC(C)CN1CCC(COC(C)C)CC1,0.9072971671271722,binned_cosine_1Da,19,False,predicted_spectrum,9219
CASMI2022,massformer,completed,59,59,153,CASMI_MOL_1196850,CASMI_MOL_306103,306103,CCCCCCCCN1CC(C)OC(C)C1,0.9065170353251858,binned_cosine_1Da,20,False,predicted_spectrum,9219
CASMI2022,massformer,completed,59,59,153,CASMI_MOL_1196850,CASMI_MOL_308770,308770,CCCCCCCCN1CC(C)OC(C)C1,0.9065170353251858,binned_cosine_1Da,21,False,predicted_spectrum,9219
CASMI2022,massformer,completed,59,59,153,CASMI_MOL_1196850,CASMI_MOL_308771,308771,CCCCCCCCN1CC(C)OC(C)C1,0.9065170353251858,binned_cosine_1Da,22,False,predicted_spectrum,9219
CASMI2022,massformer,completed,59,59,153,CASMI_MOL_1196850,CASMI_MOL_304780,304780,CCC(OCCCN1CCCCC1)C(C)C,0.9061892818177254,binned_cosine_1Da,23,False,predicted_spectrum,9219
CASMI2022,massformer,completed,59,59,153,CASMI_MOL_1196850,CASMI_MOL_300193,300193,CCCC(CCC(C)C)CN1CCOCC1,0.9061687459255015,binned_cosine_1Da,24,False,predicted_spectrum,9219
CASMI2022,massformer,completed,59,59,153,CASMI_MOL_1196850,CASMI_MOL_306768,306768,CCCN1CCC(O)(CCC(C)(C)C)CC1,0.9048453097419289,binned_cosine_1Da,25,False,predicted_spectrum,9219
CASMI2022,massformer,completed,59,59,153,CASMI_MOL_1196850,CASMI_MOL_304509,304509,CCC1(CCC(C)(C)OC)CCCCCN1,0.9047244998261119,binned_cosine_1Da,26,False,predicted_spectrum,9219
CASMI2022,massformer,completed,59,59,153,CASMI_MOL_1196850,CASMI_MOL_308478,308478,CC(C)C(C)OCCCCN1CCCCC1,0.9033415741486653,binned_cosine_1Da,27,False,predicted_spectrum,9219
CASMI2022,massformer,completed,59,59,153,CASMI_MOL_1196850,CASMI_MOL_305291,305291,CCCCC(CC)CN1CCC(C)(O)CC1,0.9013630276357316,binned_cosine_1Da,28,False,predicted_spectrum,9219
CASMI2022,massformer,completed,59,59,153,CASMI_MOL_1196850,CASMI_MOL_304710,304710,CCCCC(CC)C1OCCN1CCCC,0.9012467296263287,binned_cosine_1Da,29,False,predicted_spectrum,9219
CASMI2022,massformer,completed,59,59,153,CASMI_MOL_1196850,CASMI_MOL_308860,308860,CCCCC(CC)C1OCCN1CCCC,0.9012467296263287,binned_cosine_1Da,30,False,predicted_spectrum,9219
CASMI2022,massformer,completed,59,59,153,CASMI_MOL_1196850,CASMI_MOL_300333,300333,CCCCCCCCCC[N+]1([O-])CCCC1,0.9006596734075708,binned_cosine_1Da,31,False,predicted_spectrum,9219
CASMI2022,massformer,completed,59,59,153,CASMI_MOL_1196850,CASMI_MOL_302520,302520,CC(C)CC1OCC(C(C)C)NC1C(C)C,0.9000571611355948,binned_cosine_1Da,32,False,predicted_spectrum,9219
CASMI2022,massformer,completed,59,59,153,CASMI_MOL_1196850,CASMI_MOL_306233,306233,CC(C)OCCCC1CCN(C(C)C)CC1,0.8997424917546806,binned_cosine_1Da,33,False,predicted_spectrum,9219
CASMI2022,massformer,completed,59,59,153,CASMI_MOL_1196850,CASMI_MOL_300578,300578,CCCC(C)CCN1CCCC(COC)C1,0.8994425874306473,binned_cosine_1Da,34,False,predicted_spectrum,9219
CASMI2022,massformer,completed,59,59,153,CASMI_MOL_1196850,CASMI_MOL_307411,307411,CCCCCCCCCC1(N)CCOCC1,0.8988849683049094,binned_cosine_1Da,35,False,predicted_spectrum,9219
CASMI2022,massformer,completed,59,59,153,CASMI_MOL_1196850,CASMI_MOL_299694,299694,CCC1CCN(CCCCCCOC)CC1,0.8988172207917782,binned_cosine_1Da,36,False,predicted_spectrum,9219
CASMI2022,massformer,completed,59,59,153,CASMI_MOL_1196850,CASMI_MOL_300499,300499,CCCC(C)CCCN1CC(C)OC(C)C1,0.8985233113583061,binned_cosine_1Da,37,False,predicted_spectrum,9219
CASMI2022,massformer,completed,59,59,153,CASMI_MOL_1196850,CASMI_MOL_299996,299996,CCC1CCN(CCCCOC(C)C)CC1,0.8982603129798524,binned_cosine_1Da,38,False,predicted_spectrum,9219
CASMI2022,massformer,completed,59,59,153,CASMI_MOL_1196850,CASMI_MOL_299693,299693,CCC1(CC)CCCC(CC)(C(C)C)N1O,0.8979078704870495,binned_cosine_1Da,39,False,predicted_spectrum,9219
CASMI2022,massformer,completed,59,59,153,CASMI_MOL_1196850,CASMI_MOL_300298,300298,CCOCCCCCCN1CCCCC1C,0.8979043449521695,binned_cosine_1Da,40,False,predicted_spectrum,9219
CASMI2022,massformer,completed,59,59,153,CASMI_MOL_1196850,CASMI_MOL_306246,306246,CCCCCCCCC(C)C1CNCCO1,0.8976271275361777,binned_cosine_1Da,41,False,predicted_spectrum,9219
CASMI2022,massformer,completed,59,59,153,CASMI_MOL_1196850,CASMI_MOL_306763,306763,CCN1CCCC(O)(CCC(C)(C)C)CC1,0.8975884893294436,binned_cosine_1Da,42,False,predicted_spectrum,9219
CASMI2022,massformer,completed,59,59,153,CASMI_MOL_1196850,CASMI_MOL_302882,302882,CCCCCC1(O)CCN(CC(C)C)CC1,0.8960254627085269,binned_cosine_1Da,43,False,predicted_spectrum,9219
CASMI2022,massformer,completed,59,59,153,CASMI_MOL_1196850,CASMI_MOL_305377,305377,CCCCCCCCN1CCC(C)(O)CC1,0.8957583280113427,binned_cosine_1Da,44,False,predicted_spectrum,9219
CASMI2022,massformer,completed,59,59,153,CASMI_MOL_1196850,CASMI_MOL_300219,300219,CCCCC(CC)CN1CC(C)OC(C)C1,0.8952159359329404,binned_cosine_1Da,45,False,predicted_spectrum,9219
CASMI2022,massformer,completed,59,59,153,CASMI_MOL_1196850,CASMI_MOL_300462,300462,CCCCC(CC)CCCN1CCOCC1,0.8948945188406275,binned_cosine_1Da,46,False,predicted_spectrum,9219
CASMI2022,massformer,completed,59,59,153,CASMI_MOL_1196850,CASMI_MOL_306908,306908,CCCCCCCCC1(N)CCCOCC1,0.8942171218838159,binned_cosine_1Da,47,False,predicted_spectrum,9219
CASMI2022,massformer,completed,59,59,153,CASMI_MOL_1196850,CASMI_MOL_300081,300081,CCCCCC1CC(CCCCC)OCN1,0.8927581793900796,binned_cosine_1Da,48,False,predicted_spectrum,9219
CASMI2022,massformer,completed,59,59,153,CASMI_MOL_1196850,CASMI_MOL_299696,299696,COCCCN1CCC(CC(C)(C)C)CC1,0.8927519262789099,binned_cosine_1Da,49,False,predicted_spectrum,9219
CASMI2022,massformer,completed,59,59,153,CASMI_MOL_1196850,CASMI_MOL_306223,306223,CCCCCCCC(CC)CN1CCOC1,0.8926455185991056,binned_cosine_1Da,50,False,predicted_spectrum,9219
CASMI2022,massformer,completed,59,59,153,CASMI_MOL_1196850,CASMI_MOL_299743,299743,CCCCCCCC(CC)N1CCOCC1,0.8923604054172727,binned_cosine_1Da,51,False,predicted_spectrum,9219
CASMI2022,massformer,completed,59,59,153,CASMI_MOL_1196850,CASMI_MOL_306077,306077,CC(C)CCN(CCCCC(C)O)C1CC1,0.8923076900162158,binned_cosine_1Da,52,False,predicted_spectrum,9219
CASMI2022,massformer,completed,59,59,153,CASMI_MOL_1196850,CASMI_MOL_300322,300322,CCCC1OCCN(C)C1(CCC)CCC,0.8916027057940065,binned_cosine_1Da,53,False,predicted_spectrum,9219
CASMI2022,massformer,completed,59,59,153,CASMI_MOL_1196850,CASMI_MOL_299988,299988,CCCCOCC1CCN(CCCC)CC1,0.8908088644796872,binned_cosine_1Da,54,False,predicted_spectrum,9219
CASMI2022,massformer,completed,59,59,153,CASMI_MOL_1196850,CASMI_MOL_299825,299825,CCCC1(CCC)NCC(CC)(CC)CO1,0.8907980189885694,binned_cosine_1Da,55,False,predicted_spectrum,9219
CASMI2022,massformer,completed,59,59,153,CASMI_MOL_1196850,CASMI_MOL_300433,300433,CCCC(CCC)CN1CC(C)OC(C)C1,0.8907481413641698,binned_cosine_1Da,56,False,predicted_spectrum,9219
CASMI2022,massformer,completed,59,59,153,CASMI_MOL_1196850,CASMI_MOL_300308,300308,CCCCN1CCOCC1(CCC)C(C)C,0.8907350509107177,binned_cosine_1Da,57,False,predicted_spectrum,9219
CASMI2022,massformer,completed,59,59,153,CASMI_MOL_1196850,CASMI_MOL_299934,299934,CCCCC1(CCCC)CCC(C)(C)N1O,0.890438087467756,binned_cosine_1Da,58,False,predicted_spectrum,9219
CASMI2022,massformer,completed,59,59,153,CASMI_MOL_1196850,CASMI_MOL_302516,302516,CC(C)CC1OC(C(C)C)CNC1C(C)C,0.8899760976219722,binned_cosine_1Da,59,False,predicted_spectrum,9219
CASMI2022,massformer,completed,59,59,153,CASMI_MOL_1196850,CASMI_MOL_299899,299899,CCCOCCCCCN1CCC(C)CC1,0.8896040826057559,binned_cosine_1Da,60,False,predicted_spectrum,9219
CASMI2022,massformer,completed,59,59,153,CASMI_MOL_1196850,CASMI_MOL_306767,306767,CCCCCCC1(O)CCN(C(C)C)CC1,0.8894248699243297,binned_cosine_1Da,61,False,predicted_spectrum,9219
CASMI2022,massformer,completed,59,59,153,CASMI_MOL_1196850,CASMI_MOL_306766,306766,CCCCCCC1(O)CCN(CCC)CC1,0.8888326197840252,binned_cosine_1Da,62,False,predicted_spectrum,9219
CASMI2022,massformer,completed,59,59,153,CASMI_MOL_1196850,CASMI_MOL_306191,306191,CCCCCC(CC)N1CC(C)OC(C)C1,0.8887058894653099,binned_cosine_1Da,63,False,predicted_spectrum,9219
CASMI2022,massformer,completed,59,59,153,CASMI_MOL_1196850,CASMI_MOL_302883,302883,CC(C)CCC1(O)CCN(CC(C)C)CC1,0.8879322741604712,binned_cosine_1Da,64,False,predicted_spectrum,9219
CASMI2022,massformer,completed,59,59,153,CASMI_MOL_1196850,CASMI_MOL_306907,306907,CCCCC(CC)CC1(N)CCCOCC1,0.8876530753142998,binned_cosine_1Da,65,False,predicted_spectrum,9219
CASMI2022,massformer,completed,59,59,153,CASMI_MOL_1196850,CASMI_MOL_301706,301706,CC(C)CCN(CC(C)CO)C1CCCC1,0.8869964325067825,binned_cosine_1Da,66,False,predicted_spectrum,9219
CASMI2022,massformer,completed,59,59,153,CASMI_MOL_1196850,CASMI_MOL_304707,304707,[CH2]N1CCN(C)CCN(C)CCN(C)CC1,0.8868638097834173,binned_cosine_1Da,67,False,predicted_spectrum,9219
CASMI2022,massformer,completed,59,59,153,CASMI_MOL_1196850,CASMI_MOL_306228,306228,CCCCCCCCCC1CCCCN1O,0.8859111664914033,binned_cosine_1Da,68,False,predicted_spectrum,9219
CASMI2022,massformer,completed,59,59,153,CASMI_MOL_1196850,CASMI_MOL_303012,303012,CCCCCCCN1CCCC(C)(O)CC1,0.8855487129738026,binned_cosine_1Da,69,False,predicted_spectrum,9219
CASMI2022,massformer,completed,59,59,153,CASMI_MOL_1196850,CASMI_MOL_306081,306081,CC(C)CN(CCCCCO)C1CCCC1,0.8850784415064172,binned_cosine_1Da,70,False,predicted_spectrum,9219
CASMI2022,massformer,completed,59,59,153,CASMI_MOL_1196850,CASMI_MOL_308748,308748,CCCCCCCOCCN1CCCCC1,0.8849852810620701,binned_cosine_1Da,71,False,predicted_spectrum,9219
CASMI2022,massformer,completed,59,59,153,CASMI_MOL_1196850,CASMI_MOL_299907,299907,CCCCCOCC1CCN(CCC)CC1,0.8849068640122366,binned_cosine_1Da,72,False,predicted_spectrum,9219
CASMI2022,massformer,completed,59,59,153,CASMI_MOL_1196850,CASMI_MOL_308508,308508,CCN(CCCCO)CC1CCCCCC1,0.8827463910435479,binned_cosine_1Da,73,False,predicted_spectrum,9219
CASMI2022,massformer,completed,59,59,153,CASMI_MOL_1196850,CASMI_MOL_308539,308539,CCCCCCCCCCC=C[N+](C)(C)[O-],0.8825796901910027,binned_cosine_1Da,74,False,predicted_spectrum,9219
CASMI2022,massformer,completed,59,59,153,CASMI_MOL_1196850,CASMI_MOL_308706,308706,CCCCCCCCCCC=C[N+](C)(C)[O-],0.8825796901910027,binned_cosine_1Da,75,False,predicted_spectrum,9219
CASMI2022,massformer,completed,59,59,153,CASMI_MOL_1196850,CASMI_MOL_304637,304637,CCCCCCCN(CCCO)C1CCC1,0.8825319236156074,binned_cosine_1Da,76,False,predicted_spectrum,9219
CASMI2022,massformer,completed,59,59,153,CASMI_MOL_1196850,CASMI_MOL_302514,302514,CCCC1CNC(C(C)C)C(CC(C)C)O1,0.8823791201368348,binned_cosine_1Da,77,False,predicted_spectrum,9219
CASMI2022,massformer,completed,59,59,153,CASMI_MOL_1196850,CASMI_MOL_306202,306202,CCCC1(CCC)NCCOC1(C)CCC,0.8820312927146893,binned_cosine_1Da,78,False,predicted_spectrum,9219
CASMI2022,massformer,completed,59,59,153,CASMI_MOL_1196850,CASMI_MOL_308759,308759,CCCCCCCCC1(CC)CNCCO1,0.8815459770670235,binned_cosine_1Da,79,False,predicted_spectrum,9219
CASMI2022,massformer,completed,59,59,153,CASMI_MOL_1196850,CASMI_MOL_299905,299905,CC(C)C1NCCOC(C(C)C)C1C(C)C,0.8814903594572341,binned_cosine_1Da,80,False,predicted_spectrum,9219
CASMI2022,massformer,completed,59,59,153,CASMI_MOL_1196850,CASMI_MOL_302610,302610,CCCCCCC1CNCC(CC)(CC)O1,0.8810638641852686,binned_cosine_1Da,81,False,predicted_spectrum,9219
CASMI2022,massformer,completed,59,59,153,CASMI_MOL_1196850,CASMI_MOL_302518,302518,CC(C)CC1OC(C)CC(C)NC1C(C)C,0.8808237465733795,binned_cosine_1Da,82,False,predicted_spectrum,9219
CASMI2022,massformer,completed,59,59,153,CASMI_MOL_1196850,CASMI_MOL_304267,304267,CCN(CCCCCCO)C1CCCCC1,0.8806594840125588,binned_cosine_1Da,83,False,predicted_spectrum,9219
CASMI2022,massformer,completed,59,59,153,CASMI_MOL_1196850,CASMI_MOL_306224,306224,C1CCCCOCCCCCCNCCC1,0.8802139019771941,binned_cosine_1Da,84,False,predicted_spectrum,9219
CASMI2022,massformer,completed,59,59,153,CASMI_MOL_1196850,CASMI_MOL_304927,304927,CCCCCCCCC(CCCC)C(N)=O,0.8792649226330388,binned_cosine_1Da,85,False,predicted_spectrum,9219
CASMI2022,massformer,completed,59,59,153,CASMI_MOL_1196850,CASMI_MOL_302880,302880,CCCC(C)C1(O)CCN(CC(C)C)CC1,0.8784786974330163,binned_cosine_1Da,86,False,predicted_spectrum,9219
CASMI2022,massformer,completed,59,59,153,CASMI_MOL_1196850,CASMI_MOL_302881,302881,CCC(C)CC1(O)CCN(CC(C)C)CC1,0.8784043308734507,binned_cosine_1Da,87,False,predicted_spectrum,9219
CASMI2022,massformer,completed,59,59,153,CASMI_MOL_1196850,CASMI_MOL_300406,300406,CCCCC(C)CCCCN1CCOCC1,0.8783340075731673,binned_cosine_1Da,88,False,predicted_spectrum,9219
CASMI2022,massformer,completed,59,59,153,CASMI_MOL_1196850,CASMI_MOL_308523,308523,CCCCCOCCCCCC1CCCN1,0.8781957865209984,binned_cosine_1Da,89,False,predicted_spectrum,9219
CASMI2022,massformer,completed,59,59,153,CASMI_MOL_1196850,CASMI_MOL_306758,306758,CCCCCC1(O)CCCN(C(C)C)CC1,0.8780667101667647,binned_cosine_1Da,90,False,predicted_spectrum,9219
CASMI2022,massformer,completed,59,59,153,CASMI_MOL_1196850,CASMI_MOL_304880,304880,CCCCCCCCCCCC(C)C(N)=O,0.8779507153312254,binned_cosine_1Da,91,False,predicted_spectrum,9219
CASMI2022,massformer,completed,59,59,153,CASMI_MOL_1196850,CASMI_MOL_308690,308690,CCCCCCCCCCCC(C)C(N)=O,0.8779507153312254,binned_cosine_1Da,92,False,predicted_spectrum,9219
CASMI2022,massformer,completed,59,59,153,CASMI_MOL_1196850,CASMI_MOL_304925,304925,CCCCCCC(CCCCCC)C(N)=O,0.8779390970155293,binned_cosine_1Da,93,False,predicted_spectrum,9219
CASMI2022,massformer,completed,59,59,153,CASMI_MOL_1196850,CASMI_MOL_299685,299685,CC(C)CCOCC1CCN(C(C)C)CC1,0.8777106840106981,binned_cosine_1Da,94,False,predicted_spectrum,9219
CASMI2022,massformer,completed,59,59,153,CASMI_MOL_1196850,CASMI_MOL_299906,299906,CCN1CCC(COCCCC(C)C)CC1,0.8775743054267009,binned_cosine_1Da,95,False,predicted_spectrum,9219
CASMI2022,massformer,completed,59,59,153,CASMI_MOL_1196850,CASMI_MOL_306761,306761,CCCN1CCCC(O)(CCC(C)C)CC1,0.8773696493044261,binned_cosine_1Da,96,False,predicted_spectrum,9219
CASMI2022,massformer,completed,59,59,153,CASMI_MOL_1196850,CASMI_MOL_308625,308625,CCCCCCCOCCC1CCCCN1,0.877348265491454,binned_cosine_1Da,97,False,predicted_spectrum,9219
CASMI2022,massformer,completed,59,59,153,CASMI_MOL_1196850,CASMI_MOL_304510,304510,COC(C)(C)CCC1(CC(C)C)CCCN1,0.8771715520056738,binned_cosine_1Da,98,False,predicted_spectrum,9219
CASMI2022,massformer,completed,59,59,153,CASMI_MOL_1196850,CASMI_MOL_308747,308747,CCCCCCCCCCC(CC)C(N)=O,0.8770052652531003,binned_cosine_1Da,99,False,predicted_spectrum,9219
CASMI2022,massformer,completed,59,59,153,CASMI_MOL_1196850,CASMI_MOL_301236,301236,CCCC1(C(C)CCOC)CCCCCN1,0.8769554399472463,binned_cosine_1Da,100,False,predicted_spectrum,9219
CASMI2022,massformer,completed,59,59,153,CASMI_MOL_1196850,CASMI_MOL_1196850,1196850,CCCCCCCCCCCCCC(N)=O,0.8690974464841199,binned_cosine_1Da,131,True,predicted_spectrum,9219
CASMI2022,massformer,completed,60,60,158,CASMI_MOL_1196851,CASMI_MOL_309778,309778,CC(C)=CCCC(C)C1CCC(C)c2c(O)cc(C(O)O)cc21,0.871164152129591,binned_cosine_1Da,1,False,predicted_spectrum,7090
CASMI2022,massformer,completed,60,60,158,CASMI_MOL_1196851,CASMI_MOL_309779,309779,CC(C)=CCCC(C)C1CCC(C)c2c(O)cc(C(O)O)cc21,0.871164152129591,binned_cosine_1Da,2,False,predicted_spectrum,7090
CASMI2022,massformer,completed,60,60,158,CASMI_MOL_1196851,CASMI_MOL_314944,314944,CCCCCCCCOc1ccc(C2CCCC(=O)C2)c(O)c1,0.8705787694699845,binned_cosine_1Da,3,False,predicted_spectrum,7090
CASMI2022,massformer,completed,60,60,158,CASMI_MOL_1196851,CASMI_MOL_310717,310717,CCC(=O)OCCCC(C)C1CC(C)=C2CC(=O)C=CC2(C)C1,0.8687093016645024,binned_cosine_1Da,4,False,predicted_spectrum,7090
CASMI2022,massformer,completed,60,60,158,CASMI_MOL_1196851,CASMI_MOL_314871,314871,CCCC(C)c1cc(O)c2c(c1)OC(C)(C)C1CCC(O)CC21,0.8670433058343376,binned_cosine_1Da,5,False,predicted_spectrum,7090
CASMI2022,massformer,completed,60,60,158,CASMI_MOL_1196851,CASMI_MOL_314110,314110,CCCCCCCCC(=O)C(=O)C12CC3CC(CC(C3)C1=O)C2,0.8635661014971446,binned_cosine_1Da,6,False,predicted_spectrum,7090
CASMI2022,massformer,completed,60,60,158,CASMI_MOL_1196851,CASMI_MOL_313825,313825,CCC1(C)CCC2C3=C(CCC2C1C)CC(=O)C(OC(C)=O)C3,0.8633084702429179,binned_cosine_1Da,7,False,predicted_spectrum,7090
CASMI2022,massformer,completed,60,60,158,CASMI_MOL_1196851,CASMI_MOL_310610,310610,CC(C)=C1CC2(C)C(=CC1=O)CCC(OC(=O)CC(C)C)C2C,0.8631342646238985,binned_cosine_1Da,8,False,predicted_spectrum,7090
CASMI2022,massformer,completed,60,60,158,CASMI_MOL_1196851,CASMI_MOL_308992,308992,CCCCCc1cc(O)c2c(c1)OC1(O)CCC(C)(C)C2C1C,0.8624803695961522,binned_cosine_1Da,9,False,predicted_spectrum,7090
CASMI2022,massformer,completed,60,60,158,CASMI_MOL_1196851,CASMI_MOL_314771,314771,CC(C)CC(=O)OC1=C2CC(=O)C3C(C3(C)C)C2(C)C(C)CC1,0.8622705002958484,binned_cosine_1Da,10,False,predicted_spectrum,7090
CASMI2022,massformer,completed,60,60,158,CASMI_MOL_1196851,CASMI_MOL_314772,314772,CC(C)CC(=O)OC1=C2CC(=O)C3C(C3(C)C)C2(C)C(C)CC1,0.8622705002958484,binned_cosine_1Da,11,False,predicted_spectrum,7090
CASMI2022,massformer,completed,60,60,158,CASMI_MOL_1196851,CASMI_MOL_315870,315870,CC(C)CC(=O)OC1=C2CC(=O)C3C(C3(C)C)C2(C)C(C)CC1,0.8622705002958484,binned_cosine_1Da,12,False,predicted_spectrum,7090
CASMI2022,massformer,completed,60,60,158,CASMI_MOL_1196851,CASMI_MOL_309596,309596,CC(C)c1cc(CCC2C(=O)CCCC2(C)C)c(CO)cc1O,0.8620476385415966,binned_cosine_1Da,13,False,predicted_spectrum,7090
CASMI2022,massformer,completed,60,60,158,CASMI_MOL_1196851,CASMI_MOL_309597,309597,CC(C)c1cc(CCC2C(=O)CCCC2(C)C)c(CO)cc1O,0.8620476385415966,binned_cosine_1Da,14,False,predicted_spectrum,7090
CASMI2022,massformer,completed,60,60,158,CASMI_MOL_1196851,CASMI_MOL_312347,312347,CC(C)c1cc(CCC2C(=O)CCCC2(C)C)c(CO)cc1O,0.8620476385415966,binned_cosine_1Da,15,False,predicted_spectrum,7090
CASMI2022,massformer,completed,60,60,158,CASMI_MOL_1196851,CASMI_MOL_311341,311341,CCCCCc1cc(O)c2c(c1)OC(C)(C)C1CCC(O)CC21,0.8619652917567778,binned_cosine_1Da,16,False,predicted_spectrum,7090
CASMI2022,massformer,completed,60,60,158,CASMI_MOL_1196851,CASMI_MOL_311487,311487,CCCCCc1cc(O)c2c(c1)OC(C)(C)C1CCC(O)CC21,0.8619652917567778,binned_cosine_1Da,17,False,predicted_spectrum,7090
CASMI2022,massformer,completed,60,60,158,CASMI_MOL_1196851,CASMI_MOL_312390,312390,CCCCCc1cc(O)c2c(c1)OC(C)(C)C1CCC(O)CC21,0.8619652917567778,binned_cosine_1Da,18,False,predicted_spectrum,7090
CASMI2022,massformer,completed,60,60,158,CASMI_MOL_1196851,CASMI_MOL_312391,312391,CCCCCc1cc(O)c2c(c1)OC(C)(C)C1CCC(O)CC21,0.8619652917567778,binned_cosine_1Da,19,False,predicted_spectrum,7090
CASMI2022,massformer,completed,60,60,158,CASMI_MOL_1196851,CASMI_MOL_313019,313019,CCCCCc1cc(O)c2c(c1)OC(C)(C)C1CCC(O)CC21,0.8619652917567778,binned_cosine_1Da,20,False,predicted_spectrum,7090
CASMI2022,massformer,completed,60,60,158,CASMI_MOL_1196851,CASMI_MOL_313020,313020,CCCCCc1cc(O)c2c(c1)OC(C)(C)C1CCC(O)CC21,0.8619652917567778,binned_cosine_1Da,21,False,predicted_spectrum,7090
CASMI2022,massformer,completed,60,60,158,CASMI_MOL_1196851,CASMI_MOL_314535,314535,CCCCCc1cc(O)c2c(c1)OC(C)(C)C1CCC(O)CC21,0.8619652917567778,binned_cosine_1Da,22,False,predicted_spectrum,7090
CASMI2022,massformer,completed,60,60,158,CASMI_MOL_1196851,CASMI_MOL_314745,314745,CCCCCc1cc(O)c2c(c1)OC(C)(C)C1CCC(O)CC21,0.8619652917567778,binned_cosine_1Da,23,False,predicted_spectrum,7090
CASMI2022,massformer,completed,60,60,158,CASMI_MOL_1196851,CASMI_MOL_315701,315701,CCCCCc1cc(O)c2c(c1)OC(C)(C)C1CCC(O)CC21,0.8619652917567778,binned_cosine_1Da,24,False,predicted_spectrum,7090
CASMI2022,massformer,completed,60,60,158,CASMI_MOL_1196851,CASMI_MOL_312460,312460,CCCCCC1OC1=CC1=C(C=CCCCCCO)CCC1=O,0.8605629384035902,binned_cosine_1Da,25,False,predicted_spectrum,7090
CASMI2022,massformer,completed,60,60,158,CASMI_MOL_1196851,CASMI_MOL_312192,312192,COC12CC(=O)C(CC3C4=C(C(C)C)CCC4(C)CCC31C)O2,0.8605034350447593,binned_cosine_1Da,26,False,predicted_spectrum,7090
CASMI2022,massformer,completed,60,60,158,CASMI_MOL_1196851,CASMI_MOL_314541,314541,CCCCCC1C=CC2CCC(=O)C2CC=CCCCC(=O)O1,0.8604387822784637,binned_cosine_1Da,27,False,predicted_spectrum,7090
CASMI2022,massformer,completed,60,60,158,CASMI_MOL_1196851,CASMI_MOL_313300,313300,CCOc1c(CC(C)C2CC2C(=O)O)cc(C)cc1C(C)(C)C,0.8598395715443614,binned_cosine_1Da,28,False,predicted_spectrum,7090
CASMI2022,massformer,completed,60,60,158,CASMI_MOL_1196851,CASMI_MOL_309815,309815,CC(C)=CCCC(C)C1c2coc(O)c2C2CC2C(C)CC1O,0.8596721154423153,binned_cosine_1Da,29,False,predicted_spectrum,7090
CASMI2022,massformer,completed,60,60,158,CASMI_MOL_1196851,CASMI_MOL_309816,309816,CC(C)=CCCC(C)C1c2coc(O)c2C2CC2C(C)CC1O,0.8596721154423153,binned_cosine_1Da,30,False,predicted_spectrum,7090
CASMI2022,massformer,completed,60,60,158,CASMI_MOL_1196851,CASMI_MOL_310208,310208,CC(C)=CCCC(C)C1c2coc(O)c2C2CC2C(C)CC1O,0.8596721154423153,binned_cosine_1Da,31,False,predicted_spectrum,7090
CASMI2022,massformer,completed,60,60,158,CASMI_MOL_1196851,CASMI_MOL_314688,314688,CC(C)=CCCC(C)C1c2coc(O)c2C2CC2C(C)CC1O,0.8596721154423153,binned_cosine_1Da,32,False,predicted_spectrum,7090
CASMI2022,massformer,completed,60,60,158,CASMI_MOL_1196851,CASMI_MOL_314836,314836,CC(C)=CCCC(C)C1c2coc(O)c2C2CC2C(C)CC1O,0.8596721154423153,binned_cosine_1Da,33,False,predicted_spectrum,7090
CASMI2022,massformer,completed,60,60,158,CASMI_MOL_1196851,CASMI_MOL_315964,315964,CC(C)=CCCC(C)C1c2coc(O)c2C2CC2C(C)CC1O,0.8596721154423153,binned_cosine_1Da,34,False,predicted_spectrum,7090
CASMI2022,massformer,completed,60,60,158,CASMI_MOL_1196851,CASMI_MOL_314248,314248,CCCCCCC(C)Oc1ccc(C2CCCC(=O)C2)c(O)c1,0.8596481818563827,binned_cosine_1Da,35,False,predicted_spectrum,7090
CASMI2022,massformer,completed,60,60,158,CASMI_MOL_1196851,CASMI_MOL_310771,310771,CCC=CCC(O)C=CC1c2cc(CCCCC)oc2CC1O,0.8594219944428825,binned_cosine_1Da,36,False,predicted_spectrum,7090
CASMI2022,massformer,completed,60,60,158,CASMI_MOL_1196851,CASMI_MOL_310764,310764,CC(=O)OC(C)C1(C)CCC2C3=C(CCC2C1C)CC(=O)CC3,0.8587329042090776,binned_cosine_1Da,37,False,predicted_spectrum,7090
CASMI2022,massformer,completed,60,60,158,CASMI_MOL_1196851,CASMI_MOL_313839,313839,CC(=O)OC(C)C1(C)CCC2C3=C(CCC2C1C)CC(=O)CC3,0.8587329042090776,binned_cosine_1Da,38,False,predicted_spectrum,7090
CASMI2022,massformer,completed,60,60,158,CASMI_MOL_1196851,CASMI_MOL_313840,313840,CC(=O)OC(C)C1(C)CCC2C3=C(CCC2C1C)CC(=O)CC3,0.8587329042090776,binned_cosine_1Da,39,False,predicted_spectrum,7090
CASMI2022,massformer,completed,60,60,158,CASMI_MOL_1196851,CASMI_MOL_313301,313301,CCOc1c(C(C)CC2CC2C(=O)O)cc(C)cc1C(C)(C)C,0.8587146664731097,binned_cosine_1Da,40,False,predicted_spectrum,7090
CASMI2022,massformer,completed,60,60,158,CASMI_MOL_1196851,CASMI_MOL_309244,309244,CC(C)=CCCC(C)C1c2c(coc2O)C2CC2C(C)CC1O,0.8585967665733236,binned_cosine_1Da,41,False,predicted_spectrum,7090
CASMI2022,massformer,completed,60,60,158,CASMI_MOL_1196851,CASMI_MOL_309245,309245,CC(C)=CCCC(C)C1c2c(coc2O)C2CC2C(C)CC1O,0.8585967665733236,binned_cosine_1Da,42,False,predicted_spectrum,7090
CASMI2022,massformer,completed,60,60,158,CASMI_MOL_1196851,CASMI_MOL_309755,309755,C=C(COC(=O)C(C)=CC)C1CC(=O)C2CCCC(C)C2(C)C1,0.8585316362449906,binned_cosine_1Da,43,False,predicted_spectrum,7090
CASMI2022,massformer,completed,60,60,158,CASMI_MOL_1196851,CASMI_MOL_309756,309756,C=C(COC(=O)C(C)=CC)C1CC(=O)C2CCCC(C)C2(C)C1,0.8585316362449906,binned_cosine_1Da,44,False,predicted_spectrum,7090
CASMI2022,massformer,completed,60,60,158,CASMI_MOL_1196851,CASMI_MOL_308972,308972,CCCC=Cc1c(C)c(O)c(C2CCCC(C)C2)c(OC)c1O,0.8583167282043777,binned_cosine_1Da,45,False,predicted_spectrum,7090
CASMI2022,massformer,completed,60,60,158,CASMI_MOL_1196851,CASMI_MOL_309225,309225,CC1=CC(=O)C2(C)CCC(C)(CCC(=O)C(C)C)C(=O)C2CC1,0.8575997141780181,binned_cosine_1Da,46,False,predicted_spectrum,7090
CASMI2022,massformer,completed,60,60,158,CASMI_MOL_1196851,CASMI_MOL_310580,310580,CC1=CC(=O)C2(C)CCC(C)(CCC(=O)C(C)C)C(=O)C2CC1,0.8575997141780181,binned_cosine_1Da,47,False,predicted_spectrum,7090
CASMI2022,massformer,completed,60,60,158,CASMI_MOL_1196851,CASMI_MOL_310596,310596,C=CC(CC=C(C)C1=C2CC(=O)COC2(O)C(C)CC1)C(C)C,0.8569232821563254,binned_cosine_1Da,48,False,predicted_spectrum,7090
CASMI2022,massformer,completed,60,60,158,CASMI_MOL_1196851,CASMI_MOL_309996,309996,CC(C)=CCCC(C)C1CC(=O)C2C3CC(=O)OC3CCC12C,0.8564979039134812,binned_cosine_1Da,49,False,predicted_spectrum,7090
CASMI2022,massformer,completed,60,60,158,CASMI_MOL_1196851,CASMI_MOL_312140,312140,CC(C)=CCCC(C)C1CC(=O)C2C3CC(=O)OC3CCC12C,0.8564979039134812,binned_cosine_1Da,50,False,predicted_spectrum,7090
CASMI2022,massformer,completed,60,60,158,CASMI_MOL_1196851,CASMI_MOL_312141,312141,CC(C)=CCCC(C)C1CC(=O)C2C3CC(=O)OC3CCC12C,0.8564979039134812,binned_cosine_1Da,51,False,predicted_spectrum,7090
CASMI2022,massformer,completed,60,60,158,CASMI_MOL_1196851,CASMI_MOL_315226,315226,CC(C)=CCCC(C)C1CC(=O)C2C3CC(=O)OC3CCC12C,0.8564979039134812,binned_cosine_1Da,52,False,predicted_spectrum,7090
CASMI2022,massformer,completed,60,60,158,CASMI_MOL_1196851,CASMI_MOL_315883,315883,CCC1(C)CCC2(C)C(C1)C(=O)CC1C3CCCC12COC3=O,0.8563536469888037,binned_cosine_1Da,53,False,predicted_spectrum,7090
CASMI2022,massformer,completed,60,60,158,CASMI_MOL_1196851,CASMI_MOL_310638,310638,CCCCCC1C=CC2C(=O)CCC2CC=CCCCC(=O)O1,0.8559622569787699,binned_cosine_1Da,54,False,predicted_spectrum,7090
CASMI2022,massformer,completed,60,60,158,CASMI_MOL_1196851,CASMI_MOL_309676,309676,CC(C)=CC(=O)CC(C)C1CCC2(C)CC(=O)C=C(C)C2(O)C1,0.8559368785607853,binned_cosine_1Da,55,False,predicted_spectrum,7090
CASMI2022,massformer,completed,60,60,158,CASMI_MOL_1196851,CASMI_MOL_312235,312235,CC(C)=CC(=O)CC(C)C1CCC2(C)CC(=O)C=C(C)C2(O)C1,0.8559368785607853,binned_cosine_1Da,56,False,predicted_spectrum,7090
CASMI2022,massformer,completed,60,60,158,CASMI_MOL_1196851,CASMI_MOL_312203,312203,C=CC1(C)CC(=O)C2C(C1)C(=O)CC1C(C)(CO)CCCC21C,0.8558359419984503,binned_cosine_1Da,57,False,predicted_spectrum,7090
CASMI2022,massformer,completed,60,60,158,CASMI_MOL_1196851,CASMI_MOL_312204,312204,C=CC1(C)CC(=O)C2C(C1)C(=O)CC1C(C)(CO)CCCC21C,0.8558359419984503,binned_cosine_1Da,58,False,predicted_spectrum,7090
CASMI2022,massformer,completed,60,60,158,CASMI_MOL_1196851,CASMI_MOL_312521,312521,C=CC1(C)CC(=O)C2C(C1)C(=O)CC1C(C)(CO)CCCC21C,0.8558359419984503,binned_cosine_1Da,59,False,predicted_spectrum,7090
CASMI2022,massformer,completed,60,60,158,CASMI_MOL_1196851,CASMI_MOL_314598,314598,C=CC1(C)CC(=O)C2C(C1)C(=O)CC1C(C)(CO)CCCC21C,0.8558359419984503,binned_cosine_1Da,60,False,predicted_spectrum,7090
CASMI2022,massformer,completed,60,60,158,CASMI_MOL_1196851,CASMI_MOL_314599,314599,C=CC1(C)CC(=O)C2C(C1)C(=O)CC1C(C)(CO)CCCC21C,0.8558359419984503,binned_cosine_1Da,61,False,predicted_spectrum,7090
CASMI2022,massformer,completed,60,60,158,CASMI_MOL_1196851,CASMI_MOL_314835,314835,C=CC1(C)CC(=O)C2C(C1)C(=O)CC1C(C)(CO)CCCC21C,0.8558359419984503,binned_cosine_1Da,62,False,predicted_spectrum,7090
CASMI2022,massformer,completed,60,60,158,CASMI_MOL_1196851,CASMI_MOL_315435,315435,C=CC1(C)CC(=O)C2C(C1)C(=O)CC1C(C)(CO)CCCC21C,0.8558359419984503,binned_cosine_1Da,63,False,predicted_spectrum,7090
CASMI2022,massformer,completed,60,60,158,CASMI_MOL_1196851,CASMI_MOL_312139,312139,CC(=CCC(C)C)C1C(C)=CC(C)C(=O)C1(C)C(=O)C(C)C=O,0.8556815413875601,binned_cosine_1Da,64,False,predicted_spectrum,7090
CASMI2022,massformer,completed,60,60,158,CASMI_MOL_1196851,CASMI_MOL_309353,309353,CC(C)=CCCC(C)C1CCC(CO)c2c1cc(C)c(O)c2O,0.8555921255706893,binned_cosine_1Da,65,False,predicted_spectrum,7090
CASMI2022,massformer,completed,60,60,158,CASMI_MOL_1196851,CASMI_MOL_309354,309354,CC(C)=CCCC(C)C1CCC(CO)c2c1cc(C)c(O)c2O,0.8555921255706893,binned_cosine_1Da,66,False,predicted_spectrum,7090
CASMI2022,massformer,completed,60,60,158,CASMI_MOL_1196851,CASMI_MOL_312409,312409,CC(C)=CCCC(C)C1CCC(CO)c2c1cc(C)c(O)c2O,0.8555921255706893,binned_cosine_1Da,67,False,predicted_spectrum,7090
CASMI2022,massformer,completed,60,60,158,CASMI_MOL_1196851,CASMI_MOL_313538,313538,CC(C)c1c(O)ccc2c1C(O)C(O)C1C(C)(C)CCCC21C,0.8553990592420482,binned_cosine_1Da,68,False,predicted_spectrum,7090
CASMI2022,massformer,completed,60,60,158,CASMI_MOL_1196851,CASMI_MOL_315900,315900,CC(C)c1c(O)ccc2c1C(O)C(O)C1C(C)(C)CCCC21C,0.8553990592420482,binned_cosine_1Da,69,False,predicted_spectrum,7090
CASMI2022,massformer,completed,60,60,158,CASMI_MOL_1196851,CASMI_MOL_311610,311610,C=C1CCC2C3CCC(=O)C3(C)CC(O)C2C1(C)CCC(C)=O,0.8547378232919752,binned_cosine_1Da,70,False,predicted_spectrum,7090
CASMI2022,massformer,completed,60,60,158,CASMI_MOL_1196851,CASMI_MOL_309620,309620,CC=C(C)C(=O)OC1CCC(C)C2(C)CC(=C(C)C)C(=O)CC12,0.8546060449781187,binned_cosine_1Da,71,False,predicted_spectrum,7090
CASMI2022,massformer,completed,60,60,158,CASMI_MOL_1196851,CASMI_MOL_309621,309621,CC=C(C)C(=O)OC1CCC(C)C2(C)CC(=C(C)C)C(=O)CC12,0.8546060449781187,binned_cosine_1Da,72,False,predicted_spectrum,7090
CASMI2022,massformer,completed,60,60,158,CASMI_MOL_1196851,CASMI_MOL_309341,309341,CCC(C)C(=O)OC1=C2CC(=O)C3C(C3(C)C)C2(C)C(C)CC1,0.8545300498358743,binned_cosine_1Da,73,False,predicted_spectrum,7090
CASMI2022,massformer,completed,60,60,158,CASMI_MOL_1196851,CASMI_MOL_309342,309342,CCC(C)C(=O)OC1=C2CC(=O)C3C(C3(C)C)C2(C)C(C)CC1,0.8545300498358743,binned_cosine_1Da,74,False,predicted_spectrum,7090
CASMI2022,massformer,completed,60,60,158,CASMI_MOL_1196851,CASMI_MOL_309255,309255,CC1=CC(=O)C2(C)C(CC1)CC(=O)C2C(C)CC(=O)CC(C)C,0.8543596551720208,binned_cosine_1Da,75,False,predicted_spectrum,7090
CASMI2022,massformer,completed,60,60,158,CASMI_MOL_1196851,CASMI_MOL_310201,310201,CC1=CC(=O)C2(C)C(CC1)CC(=O)C2C(C)CC(=O)CC(C)C,0.8543596551720208,binned_cosine_1Da,76,False,predicted_spectrum,7090
CASMI2022,massformer,completed,60,60,158,CASMI_MOL_1196851,CASMI_MOL_314736,314736,CC1=CC(=O)C2(C)C(CC1)CC(=O)C2C(C)CC(=O)CC(C)C,0.8543596551720208,binned_cosine_1Da,77,False,predicted_spectrum,7090
CASMI2022,massformer,completed,60,60,158,CASMI_MOL_1196851,CASMI_MOL_309287,309287,CCCCC=CC(C)C=CCC(C)c1c(O)cc(C)c(O)c1O,0.8540947508446697,binned_cosine_1Da,78,False,predicted_spectrum,7090
CASMI2022,massformer,completed,60,60,158,CASMI_MOL_1196851,CASMI_MOL_309288,309288,CCCCC=CC(C)C=CCC(C)c1c(O)cc(C)c(O)c1O,0.8540947508446697,binned_cosine_1Da,79,False,predicted_spectrum,7090
CASMI2022,massformer,completed,60,60,158,CASMI_MOL_1196851,CASMI_MOL_309964,309964,C=C1C2CC(=O)C3C4(C)CCCC(C)(C)C4C(O)CC3(C2)C1O,0.8537242106533612,binned_cosine_1Da,80,False,predicted_spectrum,7090
CASMI2022,massformer,completed,60,60,158,CASMI_MOL_1196851,CASMI_MOL_311815,311815,C=C1C2CC(=O)C3C4(C)CCCC(C)(C)C4C(O)CC3(C2)C1O,0.8537242106533612,binned_cosine_1Da,81,False,predicted_spectrum,7090
CASMI2022,massformer,completed,60,60,158,CASMI_MOL_1196851,CASMI_MOL_315035,315035,Cc1c(C)c(C(=O)O)c(C)c2c1OC(C)(CCCC(C)C)CC2,0.8535535958557887,binned_cosine_1Da,82,False,predicted_spectrum,7090
CASMI2022,massformer,completed,60,60,158,CASMI_MOL_1196851,CASMI_MOL_309522,309522,CC(C)=C1CC(=O)C2(CCC3C(C)(C)CCCC3(O)C2)CC1=O,0.8530637365626746,binned_cosine_1Da,83,False,predicted_spectrum,7090
CASMI2022,massformer,completed,60,60,158,CASMI_MOL_1196851,CASMI_MOL_309523,309523,CC(C)=C1CC(=O)C2(CCC3C(C)(C)CCCC3(O)C2)CC1=O,0.8530637365626746,binned_cosine_1Da,84,False,predicted_spectrum,7090
CASMI2022,massformer,completed,60,60,158,CASMI_MOL_1196851,CASMI_MOL_309946,309946,C=C1C2CC(=O)C3C4(C)CCCC(C)(C)C4CC(O)C3(C2)C1O,0.8528988996826743,binned_cosine_1Da,85,False,predicted_spectrum,7090
CASMI2022,massformer,completed,60,60,158,CASMI_MOL_1196851,CASMI_MOL_311814,311814,C=C1C2CC(=O)C3C4(C)CCCC(C)(C)C4CC(O)C3(C2)C1O,0.8528988996826743,binned_cosine_1Da,86,False,predicted_spectrum,7090
CASMI2022,massformer,completed,60,60,158,CASMI_MOL_1196851,CASMI_MOL_310400,310400,C=CC1(C)CC2=C(CC1O)C1(C)C(O)CCC(C)(C)C1CC2=O,0.8524377512636954,binned_cosine_1Da,87,False,predicted_spectrum,7090
CASMI2022,massformer,completed,60,60,158,CASMI_MOL_1196851,CASMI_MOL_311472,311472,C=C(C)C1CC(=O)C2(C)CC(C(C)=O)C3(O)CCCCC3C2C1,0.8523866782021683,binned_cosine_1Da,88,False,predicted_spectrum,7090
CASMI2022,massformer,completed,60,60,158,CASMI_MOL_1196851,CASMI_MOL_311473,311473,C=C(C)C1CC(=O)C2(C)CC(C(C)=O)C3(O)CCCCC3C2C1,0.8523866782021683,binned_cosine_1Da,89,False,predicted_spectrum,7090
CASMI2022,massformer,completed,60,60,158,CASMI_MOL_1196851,CASMI_MOL_312456,312456,C=C(C)C1CC(=O)C2(C)CC(C(C)=O)C3(O)CCCCC3C2C1,0.8523866782021683,binned_cosine_1Da,90,False,predicted_spectrum,7090
CASMI2022,massformer,completed,60,60,158,CASMI_MOL_1196851,CASMI_MOL_312457,312457,C=C(C)C1CC(=O)C2(C)CC(C(C)=O)C3(O)CCCCC3C2C1,0.8523866782021683,binned_cosine_1Da,91,False,predicted_spectrum,7090
CASMI2022,massformer,completed,60,60,158,CASMI_MOL_1196851,CASMI_MOL_314650,314650,C=CC(C)(O)CCC1(C)C(C)C(=O)CC2(C)C(C)=CC(=O)CC21,0.8523260647507005,binned_cosine_1Da,92,False,predicted_spectrum,7090
CASMI2022,massformer,completed,60,60,158,CASMI_MOL_1196851,CASMI_MOL_315825,315825,C=CC(C)(O)CCC1(C)C(C)C(=O)CC2(C)C(C)=CC(=O)CC21,0.8523260647507005,binned_cosine_1Da,93,False,predicted_spectrum,7090
CASMI2022,massformer,completed,60,60,158,CASMI_MOL_1196851,CASMI_MOL_310332,310332,CC(=O)C(C)CCCC1(C)CCc2c(C)c(O)c(C)c(C)c2O1,0.8521013656975144,binned_cosine_1Da,94,False,predicted_spectrum,7090
CASMI2022,massformer,completed,60,60,158,CASMI_MOL_1196851,CASMI_MOL_311689,311689,C=C1OC(OC=C(C)CCC2=C(C)CC(O)CC2(C)C)C=C1C,0.8519218235833184,binned_cosine_1Da,95,False,predicted_spectrum,7090
CASMI2022,massformer,completed,60,60,158,CASMI_MOL_1196851,CASMI_MOL_315246,315246,CCCCC(C)(C)c1cc(O)c2c(c1)OC1C(O)CCCCC21,0.851875758366746,binned_cosine_1Da,96,False,predicted_spectrum,7090
CASMI2022,massformer,completed,60,60,158,CASMI_MOL_1196851,CASMI_MOL_310900,310900,CC(=O)CCCC(=O)CC(C)(C)c1cccc(C(C)(C)C)c1O,0.8516686859564836,binned_cosine_1Da,97,False,predicted_spectrum,7090
CASMI2022,massformer,completed,60,60,158,CASMI_MOL_1196851,CASMI_MOL_310315,310315,CC(C)C=CCCCCCC(=O)CCc1ccc(O)c(CO)c1,0.8515440056522222,binned_cosine_1Da,98,False,predicted_spectrum,7090
CASMI2022,massformer,completed,60,60,158,CASMI_MOL_1196851,CASMI_MOL_314819,314819,CCC1(C)CC(=O)C2(C)C(C)CCC3(CCC(=O)C32)C(C)C1=O,0.851272968775179,binned_cosine_1Da,99,False,predicted_spectrum,7090
CASMI2022,massformer,completed,60,60,158,CASMI_MOL_1196851,CASMI_MOL_315877,315877,CCC1(C)CC(=O)C2(C)C(C)CCC3(CCC(=O)C32)C(C)C1=O,0.851272968775179,binned_cosine_1Da,100,False,predicted_spectrum,7090
CASMI2022,massformer,completed,60,60,158,CASMI_MOL_1196851,CASMI_MOL_1196851,1196851,CC(=CC(=O)O)CCC1(C)C(C)CCC2(C)C(C)=C(C=O)CC21,0.8402056994728027,binned_cosine_1Da,569,True,predicted_spectrum,7090
CASMI2022,massformer,completed,61,61,159,CASMI_MOL_1196853,CASMI_MOL_319553,319553,COCCNc1nc(-c2ccc(OCCCCCOc3ccc(C(N)=NO)cc3)cc2)c(C)s1,0.6046447360989727,binned_cosine_1Da,1,False,predicted_spectrum,8027
CASMI2022,massformer,completed,61,61,159,CASMI_MOL_1196853,CASMI_MOL_323398,323398,COCCNc1nc(-c2ccc(OCCCCCOc3ccc(C(N)=NO)cc3)cc2)c(C)s1,0.6046447360989727,binned_cosine_1Da,2,False,predicted_spectrum,8027
CASMI2022,massformer,completed,61,61,159,CASMI_MOL_1196853,CASMI_MOL_316920,316920,CC(=O)OCC(CCl)Oc1ccc(C2CCC(C(=O)c3nc(CN)ccc3C3CC3)CC2)cc1,0.5989184998296647,binned_cosine_1Da,3,False,predicted_spectrum,8027
CASMI2022,massformer,completed,61,61,159,CASMI_MOL_1196853,CASMI_MOL_318387,318387,C=C1C(=O)OC2CC(C)=C(C(C)CCCOC(C)=O)C(OC(=O)COc3cccc(C(C)=O)c3)C12,0.5889164198590517,binned_cosine_1Da,4,False,predicted_spectrum,8027
CASMI2022,massformer,completed,61,61,159,CASMI_MOL_1196853,CASMI_MOL_320730,320730,CCOC(=O)C1C(CN2CCN(CCc3cccs3)CC2)=NC(=O)NC1c1ccc(OC)cc1,0.584299773340868,binned_cosine_1Da,5,False,predicted_spectrum,8027
CASMI2022,massformer,completed,61,61,159,CASMI_MOL_1196853,CASMI_MOL_320322,320322,Cc1oc(-c2ccccc2)nc1CCOc1ccc(CC2CN(c3ncccn3)CC2C(=O)O)cc1,0.5763582578300581,binned_cosine_1Da,6,False,predicted_spectrum,8027
CASMI2022,massformer,completed,61,61,159,CASMI_MOL_1196853,CASMI_MOL_316797,316797,C=C1C(=O)OC2C1CCC(COC(=O)C=Cc1cc(OC)c(OC)c(OC)c1)=CCCC1(C)OC21,0.5748952032212798,binned_cosine_1Da,7,False,predicted_spectrum,8027
CASMI2022,massformer,completed,61,61,159,CASMI_MOL_1196853,CASMI_MOL_316800,316800,C=C1C(=O)OC2C1CCC(COC(=O)C=Cc1ccc(OC)c(OC)c1OC)=CCCC1(C)OC21,0.5746608088520649,binned_cosine_1Da,8,False,predicted_spectrum,8027
CASMI2022,massformer,completed,61,61,159,CASMI_MOL_1196853,CASMI_MOL_318386,318386,C=C1C(=O)OC2CC(C)=C(C(C)CCCOC(C)=O)C(OC(=O)COc3ccc(C(C)=O)cc3)C12,0.5733078127724505,binned_cosine_1Da,9,False,predicted_spectrum,8027
CASMI2022,massformer,completed,61,61,159,CASMI_MOL_1196853,CASMI_MOL_318683,318683,C=C1C(=O)OC2CC(C)=C(C(C)CCCOC(C)=O)C(OC(=O)COc3ccc(C(C)=O)cc3)C12,0.5733078127724505,binned_cosine_1Da,10,False,predicted_spectrum,8027
CASMI2022,massformer,completed,61,61,159,CASMI_MOL_1196853,CASMI_MOL_316794,316794,C=C1C(=O)OC2C1CCC(COC(=O)C=Cc1cc(OC)c(OC)cc1OC)=CCCC1(C)OC21,0.572493519471503,binned_cosine_1Da,11,False,predicted_spectrum,8027
CASMI2022,massformer,completed,61,61,159,CASMI_MOL_1196853,CASMI_MOL_318696,318696,COC([O-])=C1C(C)=NC(C)=C(C(=O)OCC2=CC(C)(C)[NH+]([O])C2(C)C)C1c1ccccc1[N+](=O)[O-],0.5722057378356781,binned_cosine_1Da,12,False,predicted_spectrum,8027
CASMI2022,massformer,completed,61,61,159,CASMI_MOL_1196853,CASMI_MOL_316090,316090,CC(=O)Oc1cc(CCCCCCCCC(=O)c2c(OC(C)=O)cccc2OC(C)=O)ccc1O,0.5708371932035333,binned_cosine_1Da,13,False,predicted_spectrum,8027
CASMI2022,massformer,completed,61,61,159,CASMI_MOL_1196853,CASMI_MOL_323858,323858,COc1ccc(CCNC(=O)Cn2nnc3sc4c(c3c2=O)CCC(C(C)(C)C)C4)cc1OC,0.5707789971491001,binned_cosine_1Da,14,False,predicted_spectrum,8027
CASMI2022,massformer,completed,61,61,159,CASMI_MOL_1196853,CASMI_MOL_323966,323966,COc1ccc(CCNC(=O)Cn2nnc3sc4c(c3c2=O)CCC(C(C)(C)C)C4)cc1OC,0.5707789971491001,binned_cosine_1Da,15,False,predicted_spectrum,8027
CASMI2022,massformer,completed,61,61,159,CASMI_MOL_1196853,CASMI_MOL_323967,323967,COc1ccc(CCNC(=O)Cn2nnc3sc4c(c3c2=O)CCC(C(C)(C)C)C4)cc1OC,0.5707789971491001,binned_cosine_1Da,16,False,predicted_spectrum,8027
CASMI2022,massformer,completed,61,61,159,CASMI_MOL_1196853,CASMI_MOL_316793,316793,C=C1C(=O)OC2C1CCC(COC(=O)C=Cc1c(OC)cc(OC)cc1OC)=CCCC1(C)OC21,0.5675991994189817,binned_cosine_1Da,17,False,predicted_spectrum,8027
CASMI2022,massformer,completed,61,61,159,CASMI_MOL_1196853,CASMI_MOL_316179,316179,CC(=O)Oc1ccc(CCCCCCCCC(=O)c2c(OC(C)=O)cccc2OC(C)=O)cc1O,0.5649117719086516,binned_cosine_1Da,18,False,predicted_spectrum,8027
CASMI2022,massformer,completed,61,61,159,CASMI_MOL_1196853,CASMI_MOL_316610,316610,COC(=O)C1CCC(CCC(=O)c2c(C#CC(C)(C)O)nc(Cl)n2Cc2ccc(C)cc2)CC1,0.56270104681422,binned_cosine_1Da,19,False,predicted_spectrum,8027
CASMI2022,massformer,completed,61,61,159,CASMI_MOL_1196853,CASMI_MOL_319719,319719,C=CC(=O)OCCCOc1cccc(C(C)(C)c2cccc(OCCCOC(=O)C=C)c2O)c1O,0.5618265301386185,binned_cosine_1Da,20,False,predicted_spectrum,8027
CASMI2022,massformer,completed,61,61,159,CASMI_MOL_1196853,CASMI_MOL_322552,322552,COc1ccc(COCC(O)CSc2nnc(N3CCCC3)n2-c2ccc(C)cc2)cc1OC,0.5600685233860867,binned_cosine_1Da,21,False,predicted_spectrum,8027
CASMI2022,massformer,completed,61,61,159,CASMI_MOL_1196853,CASMI_MOL_316951,316951,Cc1sc(N(C)CCO)nc1-c1ccc(OCCCCCOc2ccc(C(N)=NO)cc2)cc1,0.5594452607228424,binned_cosine_1Da,22,False,predicted_spectrum,8027
CASMI2022,massformer,completed,61,61,159,CASMI_MOL_1196853,CASMI_MOL_319552,319552,Cc1sc(N(C)CCO)nc1-c1ccc(OCCCCCOc2ccc(C(N)=NO)cc2)cc1,0.5594452607228424,binned_cosine_1Da,23,False,predicted_spectrum,8027
CASMI2022,massformer,completed,61,61,159,CASMI_MOL_1196853,CASMI_MOL_323390,323390,Cc1sc(N(C)CCO)nc1-c1ccc(OCCCCCOc2ccc(C(N)=NO)cc2)cc1,0.5594452607228424,binned_cosine_1Da,24,False,predicted_spectrum,8027
CASMI2022,massformer,completed,61,61,159,CASMI_MOL_1196853,CASMI_MOL_316656,316656,CNC(=O)OCC1OC(n2cnc3c(NCc4ccc(OC)cc4)ncnc32)C2OC(C)(C)OC12,0.5587668215394189,binned_cosine_1Da,25,False,predicted_spectrum,8027
CASMI2022,massformer,completed,61,61,159,CASMI_MOL_1196853,CASMI_MOL_316657,316657,CNC(=O)OCC1OC(n2cnc3c(NCc4ccc(OC)cc4)ncnc32)C2OC(C)(C)OC12,0.5587668215394189,binned_cosine_1Da,26,False,predicted_spectrum,8027
CASMI2022,massformer,completed,61,61,159,CASMI_MOL_1196853,CASMI_MOL_319641,319641,COc1ccc(C(=O)CN2CCN(c3ccc(N4CC(CNC(C)=O)OC4=O)cc3F)CC2)cc1,0.5586886544475721,binned_cosine_1Da,27,False,predicted_spectrum,8027
CASMI2022,massformer,completed,61,61,159,CASMI_MOL_1196853,CASMI_MOL_321358,321358,COc1ncc(C(Cc2ccncc2)n2ccc(-c3ccc(C(=O)O)cc3)n2)cc1OC1CCCC1,0.5566361321497406,binned_cosine_1Da,28,False,predicted_spectrum,8027
CASMI2022,massformer,completed,61,61,159,CASMI_MOL_1196853,CASMI_MOL_318304,318304,COc1cc(C=Cc2ccc(OC(=O)C3OC(C)(C)OC3C3COC(C)(C)O3)cc2)cc(OC)c1,0.5542515783946551,binned_cosine_1Da,29,False,predicted_spectrum,8027
CASMI2022,massformer,completed,61,61,159,CASMI_MOL_1196853,CASMI_MOL_318556,318556,COc1cc(C=Cc2ccc(OC(=O)C3OC(C)(C)OC3C3COC(C)(C)O3)cc2)cc(OC)c1,0.5542515783946551,binned_cosine_1Da,30,False,predicted_spectrum,8027
CASMI2022,massformer,completed,61,61,159,CASMI_MOL_1196853,CASMI_MOL_323673,323673,CCCCCCCCn1c(SCc2ccc([N+](=O)[O-])cc2)nc2cc(OC)c(OC)cc2c1=N,0.5538810735339389,binned_cosine_1Da,31,False,predicted_spectrum,8027
CASMI2022,massformer,completed,61,61,159,CASMI_MOL_1196853,CASMI_MOL_318706,318706,CC(C)(C)c1cc(OC(=O)CCCC(=O)Oc2cc(C=O)c(O)c(C(C)(C)C)c2)cc(C=O)c1O,0.5526460839736188,binned_cosine_1Da,32,False,predicted_spectrum,8027
CASMI2022,massformer,completed,61,61,159,CASMI_MOL_1196853,CASMI_MOL_316066,316066,O=C(O)c1ccc2nc(CN3CCc4ccc(OCc5ccccn5)cc4C3)n(CC3CCO3)c2c1,0.551934865125769,binned_cosine_1Da,33,False,predicted_spectrum,8027
CASMI2022,massformer,completed,61,61,159,CASMI_MOL_1196853,CASMI_MOL_316691,316691,CCOC(=O)C12CC=C(CCCSc3ccccc3)C(C1)C(c1ccc(O)c(F)c1)OC2(C)C,0.5517179959135182,binned_cosine_1Da,34,False,predicted_spectrum,8027
CASMI2022,massformer,completed,61,61,159,CASMI_MOL_1196853,CASMI_MOL_323473,323473,CCCCC#CC1(OCC(=O)O)COc2ccccc2OCCOCCOc2ccccc2OC1,0.5513209232441848,binned_cosine_1Da,35,False,predicted_spectrum,8027
CASMI2022,massformer,completed,61,61,159,CASMI_MOL_1196853,CASMI_MOL_316344,316344,Cc1ncc(CN(C(=O)OC(C)(C)C)c2ccc(C#N)cc2)c(C=O)c1OCC1=CC(C#N)=CCC1,0.5505263891199779,binned_cosine_1Da,36,False,predicted_spectrum,8027
CASMI2022,massformer,completed,61,61,159,CASMI_MOL_1196853,CASMI_MOL_316399,316399,COC(=O)CC1C(C)(C)OC(=O)C2CC3=C4CC(=O)OC(c5ccoc5)C4(C)CCC3C1(C)C2=O,0.5494611843835328,binned_cosine_1Da,37,False,predicted_spectrum,8027
CASMI2022,massformer,completed,61,61,159,CASMI_MOL_1196853,CASMI_MOL_316400,316400,COC(=O)CC1C(C)(C)OC(=O)C2CC3=C4CC(=O)OC(c5ccoc5)C4(C)CCC3C1(C)C2=O,0.5494611843835328,binned_cosine_1Da,38,False,predicted_spectrum,8027
CASMI2022,massformer,completed,61,61,159,CASMI_MOL_1196853,CASMI_MOL_319134,319134,CCc1sc(N(C)CCO)nc1-c1ccc(OCCCCOc2ccc(C(N)=NO)cc2)cc1,0.5493173779340762,binned_cosine_1Da,39,False,predicted_spectrum,8027
CASMI2022,massformer,completed,61,61,159,CASMI_MOL_1196853,CASMI_MOL_319445,319445,CCc1sc(N(C)CCO)nc1-c1ccc(OCCCCOc2ccc(C(N)=NO)cc2)cc1,0.5493173779340762,binned_cosine_1Da,40,False,predicted_spectrum,8027
CASMI2022,massformer,completed,61,61,159,CASMI_MOL_1196853,CASMI_MOL_319309,319309,COc1ncc(C(Cc2ccncc2)n2ccc(-c3cccc(C(=O)O)c3)n2)cc1OC1CCCC1,0.5489890607537666,binned_cosine_1Da,41,False,predicted_spectrum,8027
CASMI2022,massformer,completed,61,61,159,CASMI_MOL_1196853,CASMI_MOL_322508,322508,COc1ccc(C=CC(=O)OC2CCC(C)(C)C3C(OC(C)=O)Cc4c(O)oc(O)c4C23C)cc1,0.5489246414391536,binned_cosine_1Da,42,False,predicted_spectrum,8027
CASMI2022,massformer,completed,61,61,159,CASMI_MOL_1196853,CASMI_MOL_318695,318695,COC(=O)C1=C(C)N=C(C)C(C(=O)OCC2=CC(C)(C)N([O])C2(C)C)C1c1ccccc1[N+](=O)[O-],0.5481510849606375,binned_cosine_1Da,43,False,predicted_spectrum,8027
CASMI2022,massformer,completed,61,61,159,CASMI_MOL_1196853,CASMI_MOL_321270,321270,CCCN1c2cc(OC)c(C=NNC(=O)CSc3ccc([N+](=O)[O-])cc3)cc2C(C)CC1(C)C,0.548097060099131,binned_cosine_1Da,44,False,predicted_spectrum,8027
CASMI2022,massformer,completed,61,61,159,CASMI_MOL_1196853,CASMI_MOL_316351,316351,C=CCc1ccc(C2CC(C3=NC(OCC)=NC4OC34)CN(C(=O)N3CC[S+]([O-])CC3)C2)cc1,0.5478724107573029,binned_cosine_1Da,45,False,predicted_spectrum,8027
CASMI2022,massformer,completed,61,61,159,CASMI_MOL_1196853,CASMI_MOL_316551,316551,COc1cc(C(=O)OCCCCCC(=N)N)cc(OC)c1OC1CC(C(=O)O)C(O)C(O)C1O,0.5470317237940349,binned_cosine_1Da,46,False,predicted_spectrum,8027
CASMI2022,massformer,completed,61,61,159,CASMI_MOL_1196853,CASMI_MOL_320194,320194,Cc1ccc2c(c1)C(c1ccc(OCCCCCc3nn[nH]n3)cc1)C(O)C(C)(C)CS2(=O)=O,0.5463691220248261,binned_cosine_1Da,47,False,predicted_spectrum,8027
CASMI2022,massformer,completed,61,61,159,CASMI_MOL_1196853,CASMI_MOL_319178,319178,COC(OC)C1(C)Oc2ccc([N+](=O)[O-])cc2C(N(Cc2nnn(C)n2)c2ccc(C)cc2)C1O,0.5460856014486564,binned_cosine_1Da,48,False,predicted_spectrum,8027
CASMI2022,massformer,completed,61,61,159,CASMI_MOL_1196853,CASMI_MOL_323504,323504,COC(OC)C1(C)Oc2ccc([N+](=O)[O-])cc2C(N(Cc2nnn(C)n2)c2ccc(C)cc2)C1O,0.5460856014486564,binned_cosine_1Da,49,False,predicted_spectrum,8027
CASMI2022,massformer,completed,61,61,159,CASMI_MOL_1196853,CASMI_MOL_323505,323505,COC(OC)C1(C)Oc2ccc([N+](=O)[O-])cc2C(N(Cc2nnn(C)n2)c2ccc(C)cc2)C1O,0.5460856014486564,binned_cosine_1Da,50,False,predicted_spectrum,8027
CASMI2022,massformer,completed,61,61,159,CASMI_MOL_1196853,CASMI_MOL_318215,318215,CCC1OC(Oc2ccc(-c3cc(OC(C)=O)cc(OC(C)=O)c3)cc2)C(C)C(OC(C)=O)C1C,0.5441703994368746,binned_cosine_1Da,51,False,predicted_spectrum,8027
CASMI2022,massformer,completed,61,61,159,CASMI_MOL_1196853,CASMI_MOL_322762,322762,CCCOC(=C1C2CC3CC(C2)CC1C3)c1cccc(OP(=O)(OCCC#N)OCCC#N)c1,0.543752369277411,binned_cosine_1Da,52,False,predicted_spectrum,8027
CASMI2022,massformer,completed,61,61,159,CASMI_MOL_1196853,CASMI_MOL_318343,318343,COc1cc(C=Cc2ccc(OC(=O)C3OC(C)(C)OC3C3COC(C)(C)O3)cc2)cc(CO)c1,0.5436373394654543,binned_cosine_1Da,53,False,predicted_spectrum,8027
CASMI2022,massformer,completed,61,61,159,CASMI_MOL_1196853,CASMI_MOL_318557,318557,COc1cc(C=Cc2ccc(OC(=O)C3OC(C)(C)OC3C3COC(C)(C)O3)cc2)cc(CO)c1,0.5436373394654543,binned_cosine_1Da,54,False,predicted_spectrum,8027
CASMI2022,massformer,completed,61,61,159,CASMI_MOL_1196853,CASMI_MOL_316463,316463,COC(=O)CC1C(C)(C)C(=O)CC2OC34CC(=O)OC(c5ccoc5)C3(C)CC(=C4C)C(=O)C21C,0.5435863976533098,binned_cosine_1Da,55,False,predicted_spectrum,8027
CASMI2022,massformer,completed,61,61,159,CASMI_MOL_1196853,CASMI_MOL_316464,316464,COC(=O)CC1C(C)(C)C(=O)CC2OC34CC(=O)OC(c5ccoc5)C3(C)CC(=C4C)C(=O)C21C,0.5435863976533098,binned_cosine_1Da,56,False,predicted_spectrum,8027
CASMI2022,massformer,completed,61,61,159,CASMI_MOL_1196853,CASMI_MOL_322896,322896,COc1ccc(CCNC(=O)c2cc(Cc3c(C)n[nH]c3C)c(N3CCOCC3)s2)cc1OC,0.5434739179205782,binned_cosine_1Da,57,False,predicted_spectrum,8027
CASMI2022,massformer,completed,61,61,159,CASMI_MOL_1196853,CASMI_MOL_316465,316465,COC(=O)C1OC12C(C(=O)c1ccoc1)CCC1C(C)(C)C3(C=CC(=O)OC3(C)C)CC(=O)C12C,0.5410480912103895,binned_cosine_1Da,58,False,predicted_spectrum,8027
CASMI2022,massformer,completed,61,61,159,CASMI_MOL_1196853,CASMI_MOL_323815,323815,O=[N+]([O-])c1c(N2CCN(Cc3ccc4c(c3)OCO4)CC2)ncnc1N1CCC2(CC1)OCCO2,0.5400723655001897,binned_cosine_1Da,59,False,predicted_spectrum,8027
CASMI2022,massformer,completed,61,61,159,CASMI_MOL_1196853,CASMI_MOL_316064,316064,O=C(O)c1ccc2nc(CN3CCc4ccc(OCc5cccnc5)cc4C3)n(CC3CCO3)c2c1,0.5400237611629135,binned_cosine_1Da,60,False,predicted_spectrum,8027
CASMI2022,massformer,completed,61,61,159,CASMI_MOL_1196853,CASMI_MOL_317064,317064,C=CC(=O)OCCCOc1ccc(OC(=O)C2CCC(COc3ccc(OC)c(O)c3)CC2)cc1,0.5398286532624618,binned_cosine_1Da,61,False,predicted_spectrum,8027
CASMI2022,massformer,completed,61,61,159,CASMI_MOL_1196853,CASMI_MOL_321999,321999,CCCCn1c(SCC(=O)Nc2ccc(OCC)c(OCC)c2)nnc1-c1ccc(OC)cc1,0.5388619572750584,binned_cosine_1Da,62,False,predicted_spectrum,8027
CASMI2022,massformer,completed,61,61,159,CASMI_MOL_1196853,CASMI_MOL_316065,316065,O=C(O)c1ccc2nc(CN3CCc4ccc(OCc5ccncc5)cc4C3)n(CC3CCO3)c2c1,0.5387983110220071,binned_cosine_1Da,63,False,predicted_spectrum,8027
CASMI2022,massformer,completed,61,61,159,CASMI_MOL_1196853,CASMI_MOL_316949,316949,COC(C)(C)C#Cc1nc(Cl)n(Cc2ccc(C)cc2)c1C(=O)CCC1CCC(C(=O)O)CC1,0.5386454438482793,binned_cosine_1Da,64,False,predicted_spectrum,8027
CASMI2022,massformer,completed,61,61,159,CASMI_MOL_1196853,CASMI_MOL_320842,320842,CCCCCOc1ccc(C(C)NC(=O)Cn2c(-c3ccc(OC)cc3)n[nH]c2=S)cc1OC,0.5383966502852686,binned_cosine_1Da,65,False,predicted_spectrum,8027
CASMI2022,massformer,completed,61,61,159,CASMI_MOL_1196853,CASMI_MOL_316427,316427,COC(=O)C1OC12C(C)(C(=O)c1ccoc1)CCC1C3(C)C=CC(=O)OC(C)(C)C3CC(=O)C12C,0.5383245794919705,binned_cosine_1Da,66,False,predicted_spectrum,8027
CASMI2022,massformer,completed,61,61,159,CASMI_MOL_1196853,CASMI_MOL_316498,316498,COC(=O)C1OC12C(C)(C(=O)c1ccoc1)CCC1C3(C)C=CC(=O)OC(C)(C)C3CC(=O)C12C,0.5383245794919705,binned_cosine_1Da,67,False,predicted_spectrum,8027
CASMI2022,massformer,completed,61,61,159,CASMI_MOL_1196853,CASMI_MOL_323343,323343,COC(=O)C1OC12C(C)(C(=O)c1ccoc1)CCC1C3(C)C=CC(=O)OC(C)(C)C3CC(=O)C12C,0.5383245794919705,binned_cosine_1Da,68,False,predicted_spectrum,8027
CASMI2022,massformer,completed,61,61,159,CASMI_MOL_1196853,CASMI_MOL_321425,321425,CCCOc1ccc(C(C)NC(=O)Cn2c(-c3ccc(OC)cc3)n[nH]c2=S)cc1OCCC,0.5379903694312158,binned_cosine_1Da,69,False,predicted_spectrum,8027
CASMI2022,massformer,completed,61,61,159,CASMI_MOL_1196853,CASMI_MOL_322267,322267,CCOc1ccc(-c2n[nH]c(=S)n2CCC(=O)NCCc2ccc(OCC)c(OCC)c2)cc1,0.5378899705568023,binned_cosine_1Da,70,False,predicted_spectrum,8027
CASMI2022,massformer,completed,61,61,159,CASMI_MOL_1196853,CASMI_MOL_322775,322775,COC(=O)OC1(C(=O)COC(=O)C2CC2)CCC2C3CC=C4CC(=O)C=CC4(C)C3C(=O)CC21C,0.5374335190214689,binned_cosine_1Da,71,False,predicted_spectrum,8027
CASMI2022,massformer,completed,61,61,159,CASMI_MOL_1196853,CASMI_MOL_318291,318291,Cc1cc(C)c2c(c1Cl)CC(=NOCC(=O)N1C(C)C=CC1C)C=CCCC=CCCOC2=O,0.5363752881439879,binned_cosine_1Da,72,False,predicted_spectrum,8027
CASMI2022,massformer,completed,61,61,159,CASMI_MOL_1196853,CASMI_MOL_319282,319282,Cc1cc(C)c2c(c1Cl)CC(=NOCC(=O)N1C(C)C=CC1C)C=CCCC=CCCOC2=O,0.5363752881439879,binned_cosine_1Da,73,False,predicted_spectrum,8027
CASMI2022,massformer,completed,61,61,159,CASMI_MOL_1196853,CASMI_MOL_320390,320390,Cc1cc(C)c2c(c1Cl)CC(=NOCC(=O)N1C(C)C=CC1C)C=CCCC=CCCOC2=O,0.5363752881439879,binned_cosine_1Da,74,False,predicted_spectrum,8027
CASMI2022,massformer,completed,61,61,159,CASMI_MOL_1196853,CASMI_MOL_318335,318335,CCOC(=O)CC(c1ccc(C)c(CN2CCOCCS2)c1)c1cc(OC)c2c(c1)nnn2C,0.5360501723900062,binned_cosine_1Da,75,False,predicted_spectrum,8027
CASMI2022,massformer,completed,61,61,159,CASMI_MOL_1196853,CASMI_MOL_318691,318691,C=C1CCC2C(CC(OC(C)=O)C(=O)C2(C)C)C1COc1c(OC)cc2ccc(=O)oc2c1OC,0.5355857835942908,binned_cosine_1Da,76,False,predicted_spectrum,8027
CASMI2022,massformer,completed,61,61,159,CASMI_MOL_1196853,CASMI_MOL_320029,320029,CCOC(=O)C1(NCc2ccc(OC)c(OC)c2)CCN(c2ncc3ccsc3n2)C(CC)C1,0.5346551346125157,binned_cosine_1Da,77,False,predicted_spectrum,8027
CASMI2022,massformer,completed,61,61,159,CASMI_MOL_1196853,CASMI_MOL_322155,322155,CCCOc1ccc(NC(=O)CCn2c(-c3ccc(OCC)cc3)n[nH]c2=S)cc1OCCC,0.5345653321013942,binned_cosine_1Da,78,False,predicted_spectrum,8027
CASMI2022,massformer,completed,61,61,159,CASMI_MOL_1196853,CASMI_MOL_318078,318078,CCCCOc1ccc(CCC(=O)NC2C(=O)N3C(c4nc(CCC)no4)=C(C)CSC23)cc1,0.5342400369091362,binned_cosine_1Da,79,False,predicted_spectrum,8027
CASMI2022,massformer,completed,61,61,159,CASMI_MOL_1196853,CASMI_MOL_318079,318079,CCCCOc1ccc(CCC(=O)NC2C(=O)N3C(c4nc(CCC)no4)=C(C)CSC23)cc1,0.5342400369091362,binned_cosine_1Da,80,False,predicted_spectrum,8027
CASMI2022,massformer,completed,61,61,159,CASMI_MOL_1196853,CASMI_MOL_320813,320813,CCOC(=O)c1cnn(-c2ccc(C(=O)NC(C)c3cccc(OCc4ccccn4)c3)cc2)c1C,0.5342336339718501,binned_cosine_1Da,81,False,predicted_spectrum,8027
CASMI2022,massformer,completed,61,61,159,CASMI_MOL_1196853,CASMI_MOL_316410,316410,COC(=O)C=CC1(C)C(C(C)C)C(=O)C(=O)C2C1C1CC3(C)C(c4ccoc4)OC(=O)C(O1)C23C,0.534102814796017,binned_cosine_1Da,82,False,predicted_spectrum,8027
CASMI2022,massformer,completed,61,61,159,CASMI_MOL_1196853,CASMI_MOL_316411,316411,COC(=O)C=CC1(C)C(C(C)C)C(=O)C(=O)C2C1C1CC3(C)C(c4ccoc4)OC(=O)C(O1)C23C,0.534102814796017,binned_cosine_1Da,83,False,predicted_spectrum,8027
CASMI2022,massformer,completed,61,61,159,CASMI_MOL_1196853,CASMI_MOL_316558,316558,COC(C)(C)C#Cc1nc(Cl)n(Cc2cccc(C)c2)c1C(=O)CCC1CCC(C(=O)O)CC1,0.5337349831643922,binned_cosine_1Da,84,False,predicted_spectrum,8027
CASMI2022,massformer,completed,61,61,159,CASMI_MOL_1196853,CASMI_MOL_321700,321700,C#CCCCOC(=O)C1CC(OC(C)=O)C(=O)C2C1(C)CCC1C(=O)OC(c3ccoc3)CC12C,0.5325099255903086,binned_cosine_1Da,85,False,predicted_spectrum,8027
CASMI2022,massformer,completed,61,61,159,CASMI_MOL_1196853,CASMI_MOL_321701,321701,C#CCCCOC(=O)C1CC(OC(C)=O)C(=O)C2C1(C)CCC1C(=O)OC(c3ccoc3)CC12C,0.5325099255903086,binned_cosine_1Da,86,False,predicted_spectrum,8027
CASMI2022,massformer,completed,61,61,159,CASMI_MOL_1196853,CASMI_MOL_322865,322865,C=CCCCc1ccc(OCC(=O)OC2CN(CC=C)C[N+]2([O-])c2nnc(C3CCC3)s2)cc1,0.5324903374235302,binned_cosine_1Da,87,False,predicted_spectrum,8027
CASMI2022,massformer,completed,61,61,159,CASMI_MOL_1196853,CASMI_MOL_322677,322677,CCCCn1nnnc1C(NC(CC(=O)O)c1cccc([N+](=O)[O-])c1)c1ccc(OC)c(OC)c1,0.5324720840387153,binned_cosine_1Da,88,False,predicted_spectrum,8027
CASMI2022,massformer,completed,61,61,159,CASMI_MOL_1196853,CASMI_MOL_323460,323460,COC(=O)Cc1cccc(-c2ccccc2OC2OC3COC(C)(C)OC3C3OC(C)(C)OC23)c1,0.5321588201135629,binned_cosine_1Da,89,False,predicted_spectrum,8027
CASMI2022,massformer,completed,61,61,159,CASMI_MOL_1196853,CASMI_MOL_320314,320314,CC(=O)NCC1CN(c2ccc(OC3CCN(C(=O)CCc4cccnc4)CC3)c(F)c2)C(=O)O1,0.5306029131355823,binned_cosine_1Da,90,False,predicted_spectrum,8027
CASMI2022,massformer,completed,61,61,159,CASMI_MOL_1196853,CASMI_MOL_316443,316443,COC(=O)C=CC1(C)C2CC3OC4C(=O)OC(c5ccoc5)C3(C)C4(C)C2C(=O)C(=O)C1C(C)C,0.5303969504594053,binned_cosine_1Da,91,False,predicted_spectrum,8027
CASMI2022,massformer,completed,61,61,159,CASMI_MOL_1196853,CASMI_MOL_316444,316444,COC(=O)C=CC1(C)C2CC3OC4C(=O)OC(c5ccoc5)C3(C)C4(C)C2C(=O)C(=O)C1C(C)C,0.5303969504594053,binned_cosine_1Da,92,False,predicted_spectrum,8027
CASMI2022,massformer,completed,61,61,159,CASMI_MOL_1196853,CASMI_MOL_318569,318569,CCCCCCCCCOc1ccc(C2NC(=O)N=C(c3ccccc3)C2C(=O)OC)cc1Cl,0.5299602024862604,binned_cosine_1Da,93,False,predicted_spectrum,8027
CASMI2022,massformer,completed,61,61,159,CASMI_MOL_1196853,CASMI_MOL_320876,320876,CCOc1cc(C=CC(=O)NCc2ccc(-n3cncn3)cc2)ccc1OCCOc1ccccc1,0.5299100303270377,binned_cosine_1Da,94,False,predicted_spectrum,8027
CASMI2022,massformer,completed,61,61,159,CASMI_MOL_1196853,CASMI_MOL_322512,322512,COc1cccc(C(=O)CN2CCN(c3ccc(N4CC(CNC(C)=O)OC4=O)cc3F)CC2)c1,0.5297708369208467,binned_cosine_1Da,95,False,predicted_spectrum,8027
CASMI2022,massformer,completed,61,61,159,CASMI_MOL_1196853,CASMI_MOL_322776,322776,CCCCCC(O)(CSC1C(O)CC(=O)C1CCCCCCC(=O)O)c1ccc(Cl)cc1,0.5287939080579837,binned_cosine_1Da,96,False,predicted_spectrum,8027
CASMI2022,massformer,completed,61,61,159,CASMI_MOL_1196853,CASMI_MOL_316067,316067,Cn1c(CN2CCc3ccc(OCc4cccnc4)cc3C2)nc2c(C3CCO3)cc(C(=O)O)cc21,0.5283323453507053,binned_cosine_1Da,97,False,predicted_spectrum,8027
CASMI2022,massformer,completed,61,61,159,CASMI_MOL_1196853,CASMI_MOL_322638,322638,CCc1ccc(OCc2nnc(SCC(=O)c3[nH]c(C)c(C(=O)OC)c3C)n2CC(C)C)cc1,0.5283027108252767,binned_cosine_1Da,98,False,predicted_spectrum,8027
CASMI2022,massformer,completed,61,61,159,CASMI_MOL_1196853,CASMI_MOL_320321,320321,Cc1ccnc(N2CC(Cc3ccc(OCc4nc(-c5ccccc5)oc4C)cc3)C(C(=O)O)C2)n1,0.527942657057635,binned_cosine_1Da,99,False,predicted_spectrum,8027
CASMI2022,massformer,completed,61,61,159,CASMI_MOL_1196853,CASMI_MOL_318568,318568,CCCCCCCCCOc1ccc(C2NC(=O)N=C(c3ccccc3)C2C(=O)OC)c(Cl)c1,0.5271995427419889,binned_cosine_1Da,100,False,predicted_spectrum,8027
CASMI2022,massformer,completed,61,61,159,CASMI_MOL_1196853,CASMI_MOL_1196853,1196853,CCCCCc1cc2cc(O)cc(Oc3c(O)cc(OC)c(C(=O)O)c3CCCCC)c2c(=O)o1,0.24701142217211236,binned_cosine_1Da,2699,True,predicted_spectrum,8027
CASMI2022,massformer,completed,64,64,169,CASMI_MOL_1196856,CASMI_MOL_335443,335443,CC(=O)NCC(=O)N(CC(=O)O)CC(=O)NCC(=O)NC(=O)N(CC(=O)O)CC(=O)NCNC(=O)CN(CC(=O)O)C(=O)CNC(=O)CN,0.32842305505148484,binned_cosine_1Da,1,False,predicted_spectrum,817
CASMI2022,massformer,completed,64,64,169,CASMI_MOL_1196856,CASMI_MOL_335648,335648,CC(=O)NC1C(OCCCNC(=O)C(F)(F)F)OC(COC(C)=O)C(OC2OC(CO)C(O)C(OC(C)=O)C2OC(C)=O)C1OC(C)=O,0.3102451567583403,binned_cosine_1Da,2,False,predicted_spectrum,817
CASMI2022,massformer,completed,64,64,169,CASMI_MOL_1196856,CASMI_MOL_335647,335647,CC(=O)NC1C(OCCCNC(=O)C(F)(F)F)OC(CO)C(O)C1OC1OC(COC(C)=O)C(OC(C)=O)C(OC(C)=O)C1OC(C)=O,0.3076251773312335,binned_cosine_1Da,3,False,predicted_spectrum,817
CASMI2022,massformer,completed,64,64,169,CASMI_MOL_1196856,CASMI_MOL_335183,335183,C=C(CC(CC(=CCC1CC2C3CC(C=CC(CC(CC(=C)C(=O)O)(C(=O)O)C(=O)O)C(=O)O)C(C3)C2C1)C(=O)O)(C(=O)O)C(=O)O)C(=O)O,0.29740204106576584,binned_cosine_1Da,4,False,predicted_spectrum,817
CASMI2022,massformer,completed,64,64,169,CASMI_MOL_1196856,CASMI_MOL_335894,335894,CC(=O)NC1C(OC(C)=O)CC2(OC3C(NC2=O)C(O)OC(COC(C)=O)C3OC(C)=O)OC1C(OC(C)=O)C(COC(C)=O)OC(C)=O,0.29711475681302446,binned_cosine_1Da,5,False,predicted_spectrum,817
CASMI2022,massformer,completed,64,64,169,CASMI_MOL_1196856,CASMI_MOL_335644,335644,COc1cccc(C(=O)NCC23CC4(CNC(=O)C(F)(F)F)CC(CNC(=O)C(F)(F)F)(C2)CC(CNC(=O)C(F)(F)F)(C3)C4)c1OC,0.27683772597655804,binned_cosine_1Da,6,False,predicted_spectrum,817
CASMI2022,massformer,completed,64,64,169,CASMI_MOL_1196856,CASMI_MOL_335651,335651,CC1(C)SC(CNC(=O)C(NC(=O)C(NC(=O)C(N)c2ccc(O)cc2)C2NC(C(=O)O)C(C)(C)S2)c2ccc(O)cc2)NC1C(=O)O,0.2585508244438755,binned_cosine_1Da,7,False,predicted_spectrum,817
CASMI2022,massformer,completed,64,64,169,CASMI_MOL_1196856,CASMI_MOL_335198,335198,CC1(C)SC(CNC(=O)C(NC(=O)C(NC(=O)C(N)c2ccc(O)cc2)C2NC(C(=O)O)C(C)(C)S2)c2ccc(O)cc2)NC1C(=O)O,0.25855078622827316,binned_cosine_1Da,8,False,predicted_spectrum,817
CASMI2022,massformer,completed,64,64,169,CASMI_MOL_1196856,CASMI_MOL_335697,335697,C=C(C)C(=O)OC=CC1=C(C(=O)O)C(C(=O)O)C(CCOC(=O)C(=C)C)C(CCOC(=O)C(=C)C)(C(=O)O)C1(CCOC(=O)C(=C)C)C(=O)O,0.25550444444801823,binned_cosine_1Da,9,False,predicted_spectrum,817
CASMI2022,massformer,completed,64,64,169,CASMI_MOL_1196856,CASMI_MOL_335852,335852,CC(C)(C)C1CC2OC(=O)C34OC5OC(=O)C(O)C51C23CC1OC2(O)C(CC35C6CC(C(C)(C)C)C37C(OC(=O)C7O)OC25C(=O)O6)OC14O,0.24708981285381,binned_cosine_1Da,10,False,predicted_spectrum,817
CASMI2022,massformer,completed,64,64,169,CASMI_MOL_1196856,CASMI_MOL_335596,335596,CC(CCC(=O)OC(C(F)(F)F)C(F)(F)S(=O)(=O)O)C1CCC2C3C(OC=O)CC4CC(OC=O)CCC4(C)C3CC(OC=O)C12C,0.19561758502335483,binned_cosine_1Da,11,False,predicted_spectrum,817
CASMI2022,massformer,completed,64,64,169,CASMI_MOL_1196856,CASMI_MOL_335664,335664,CC(CCC(=O)OC(C(F)(F)F)C(F)(F)S(=O)(=O)O)C1CCC2C3C(OC=O)CC4CC(OC=O)CCC4(C)C3CC(OC=O)C12C,0.19561758502335483,binned_cosine_1Da,12,False,predicted_spectrum,817
CASMI2022,massformer,completed,64,64,169,CASMI_MOL_1196856,CASMI_MOL_335699,335699,CC(CCC(=O)OC(C(F)(F)F)C(F)(F)S(=O)(=O)O)C1CCC2C3C(OC=O)CC4CC(OC=O)CCC4(C)C3CC(OC=O)C12C,0.19561758502335483,binned_cosine_1Da,13,False,predicted_spectrum,817
CASMI2022,massformer,completed,64,64,169,CASMI_MOL_1196856,CASMI_MOL_335817,335817,CC(CCC(=O)OC(C(F)(F)F)C(F)(F)S(=O)(=O)O)C1CCC2C3C(OC=O)CC4CC(OC=O)CCC4(C)C3CC(OC=O)C12C,0.19561758502335483,binned_cosine_1Da,14,False,predicted_spectrum,817
CASMI2022,massformer,completed,64,64,169,CASMI_MOL_1196856,CASMI_MOL_335824,335824,CC(CCC(=O)OC(C(F)(F)F)C(F)(F)S(=O)(=O)O)C1CCC2C3C(OC=O)CC4CC(OC=O)CCC4(C)C3CC(OC=O)C12C,0.1956175336131428,binned_cosine_1Da,15,False,predicted_spectrum,817
CASMI2022,massformer,completed,64,64,169,CASMI_MOL_1196856,CASMI_MOL_335825,335825,CC(CCC(=O)OC(C(F)(F)F)C(F)(F)S(=O)(=O)O)C1CCC2C3C(OC=O)CC4CC(OC=O)CCC4(C)C3CC(OC=O)C12C,0.1956175336131428,binned_cosine_1Da,16,False,predicted_spectrum,817
CASMI2022,massformer,completed,64,64,169,CASMI_MOL_1196856,CASMI_MOL_335823,335823,CC(CCC(=O)OC(C(F)(F)F)C(F)(F)SOOO)C1CCC2C3C(OC=O)CC4CC(OC=O)CCC4(C)C3CC(OC=O)C12C,0.1946496624419421,binned_cosine_1Da,17,False,predicted_spectrum,817
CASMI2022,massformer,completed,64,64,169,CASMI_MOL_1196856,CASMI_MOL_335846,335846,CC1NC(=O)C(NC(=O)C(N)Cc2ccc(O)cc2)C(C)(C)SSC(C)(C)C(C(=O)O)NC(=O)C(Cc2ccc([N+](=O)[O-])cc2)NC1=O,0.1861145778766108,binned_cosine_1Da,18,False,predicted_spectrum,817
CASMI2022,massformer,completed,64,64,169,CASMI_MOL_1196856,CASMI_MOL_335715,335715,CC(CCC(=O)O)C1CCC2C3C(OC=O)CC4CC(OC=O)(C(C(F)(F)F)C(F)(F)S(=O)(=O)O)CCC4(C)C3CC(OC=O)C12C,0.1855846246052354,binned_cosine_1Da,19,False,predicted_spectrum,817
CASMI2022,massformer,completed,64,64,169,CASMI_MOL_1196856,CASMI_MOL_335601,335601,CC(c1ccc([N+](=O)[O-])cc1)C1NC(=O)CNC(=O)C(NC(=O)C(N)Cc2ccc(O)cc2)C(C)(C)SSC(C)(C)C(C(=O)O)NC1=O,0.15674317450995554,binned_cosine_1Da,20,False,predicted_spectrum,817
CASMI2022,massformer,completed,64,64,169,CASMI_MOL_1196856,CASMI_MOL_335729,335729,CC(c1ccc([N+](=O)[O-])cc1)C1NC(=O)CNC(=O)C(NC(=O)C(N)Cc2ccc(O)cc2)C(C)(C)SSC(C)(C)C(C(=O)O)NC1=O,0.15674317450995554,binned_cosine_1Da,21,False,predicted_spectrum,817
CASMI2022,massformer,completed,64,64,169,CASMI_MOL_1196856,CASMI_MOL_335730,335730,CC(c1ccc([N+](=O)[O-])cc1)C1NC(=O)CNC(=O)C(NC(=O)C(N)Cc2ccc(O)cc2)C(C)(C)SSC(C)(C)C(C(=O)O)NC1=O,0.15674317450995554,binned_cosine_1Da,22,False,predicted_spectrum,817
CASMI2022,massformer,completed,64,64,169,CASMI_MOL_1196856,CASMI_MOL_335873,335873,CC(c1ccc([N+](=O)[O-])cc1)C1NC(=O)CNC(=O)C(NC(=O)C(N)Cc2ccc(O)cc2)C(C)(C)SSC(C)(C)C(C(=O)O)NC1=O,0.15674317450995554,binned_cosine_1Da,23,False,predicted_spectrum,817
CASMI2022,massformer,completed,64,64,169,CASMI_MOL_1196856,CASMI_MOL_335874,335874,CC(c1ccc([N+](=O)[O-])cc1)C1NC(=O)CNC(=O)C(NC(=O)C(N)Cc2ccc(O)cc2)C(C)(C)SSC(C)(C)C(C(=O)O)NC1=O,0.15674317450995554,binned_cosine_1Da,24,False,predicted_spectrum,817
CASMI2022,massformer,completed,64,64,169,CASMI_MOL_1196856,CASMI_MOL_335875,335875,CC(c1ccc([N+](=O)[O-])cc1)C1NC(=O)CNC(=O)C(NC(=O)C(N)Cc2ccc(O)cc2)C(C)(C)SSC(C)(C)C(C(=O)O)NC1=O,0.15674317450995554,binned_cosine_1Da,25,False,predicted_spectrum,817
CASMI2022,massformer,completed,64,64,169,CASMI_MOL_1196856,CASMI_MOL_335876,335876,CC(c1ccc([N+](=O)[O-])cc1)C1NC(=O)CNC(=O)C(NC(=O)C(N)Cc2ccc(O)cc2)C(C)(C)SSC(C)(C)C(C(=O)O)NC1=O,0.15674317450995554,binned_cosine_1Da,26,False,predicted_spectrum,817
CASMI2022,massformer,completed,64,64,169,CASMI_MOL_1196856,CASMI_MOL_335235,335235,CC(=O)OCC1OC(OC23C(=O)OC(C4OC42)C2C4(C)CC(c5ccoc5)OC(=O)C4CCC23C)C(OC(C)=O)C(OC(C)=O)C1OC(C)=O,0.15210470551265312,binned_cosine_1Da,27,False,predicted_spectrum,817
CASMI2022,massformer,completed,64,64,169,CASMI_MOL_1196856,CASMI_MOL_335256,335256,CC(=O)OCC1OC(OC23C(=O)OC(C4OC42)C2C4(C)CC(c5ccoc5)OC(=O)C4CCC23C)C(OC(C)=O)C(OC(C)=O)C1OC(C)=O,0.15210470551265312,binned_cosine_1Da,28,False,predicted_spectrum,817
CASMI2022,massformer,completed,64,64,169,CASMI_MOL_1196856,CASMI_MOL_335638,335638,COC(=O)C1OC(OC2C(OC3C(C(=O)OC)OC(OC)C(O)C3O)OC(C)C(O)C2O)C(O)C(O)C1OC1OC(C)C(O)C(O)C1O,0.15151553227624753,binned_cosine_1Da,29,False,predicted_spectrum,817
CASMI2022,massformer,completed,64,64,169,CASMI_MOL_1196856,CASMI_MOL_335766,335766,COC1OC(COC2OCC(OC(C)=O)C(O)C2OC2OC(COC(C)=O)C(O)C(O)C2O)C(O)C(O)C1OC1OCC(O)C(O)C1O,0.14943764878766785,binned_cosine_1Da,30,False,predicted_spectrum,817
CASMI2022,massformer,completed,64,64,169,CASMI_MOL_1196856,CASMI_MOL_335376,335376,CCC(O)COC(=O)OCCOC(=O)OCC(COC(=O)OCCOC(=O)OCC(O)CC)OC(=O)OCCOC(=O)OCC(O)CC,0.14735223626132554,binned_cosine_1Da,31,False,predicted_spectrum,817
CASMI2022,massformer,completed,64,64,169,CASMI_MOL_1196856,CASMI_MOL_335861,335861,CC(=O)OCC1OC(OC2OCCC3C(OC(C)=O)C4OC4(COC(=O)C=Cc4ccccc4)C23)C(OC(C)=O)C(OC(C)=O)C1OC(C)=O,0.14701679336174076,binned_cosine_1Da,32,False,predicted_spectrum,817
CASMI2022,massformer,completed,64,64,169,CASMI_MOL_1196856,CASMI_MOL_335245,335245,COc1cc(C=CC(=O)OCC2OC(CO)(OC3CC(COC(C)=O)C(O)C(O)C3O)C(OC(=O)C=Cc3ccc(O)cc3)C2O)ccc1O,0.1400431989457163,binned_cosine_1Da,33,False,predicted_spectrum,817
CASMI2022,massformer,completed,64,64,169,CASMI_MOL_1196856,CASMI_MOL_335246,335246,COc1cc(C=CC(=O)OCC2OC(CO)(OC3CC(COC(C)=O)C(O)C(O)C3O)C(OC(=O)C=Cc3ccc(O)cc3)C2O)ccc1O,0.1400431989457163,binned_cosine_1Da,34,False,predicted_spectrum,817
CASMI2022,massformer,completed,64,64,169,CASMI_MOL_1196856,CASMI_MOL_335616,335616,CC1CN(C(=O)O)CC(CCc2c(F)cccc2NC(=O)C(N)C(c2ccc(Cl)cc2)C2CCOCC2)N1S(=O)(=O)c1ccc(F)cc1,0.12866009570784176,binned_cosine_1Da,35,False,predicted_spectrum,817
CASMI2022,massformer,completed,64,64,169,CASMI_MOL_1196856,CASMI_MOL_335652,335652,CCCCCCCCCCCCCCCCSCCC(F)(F)C(F)(F)C(F)(F)C(F)(F)C(F)(F)C(F)(F)C(F)(F)C(F)(F)F,0.11074301967080627,binned_cosine_1Da,36,False,predicted_spectrum,817
CASMI2022,massformer,completed,64,64,169,CASMI_MOL_1196856,CASMI_MOL_335796,335796,CC(=O)NC(Cc1ccc(O)cc1)C(=O)NC(C(=O)N1CCCC1C(=O)NC(CC(=O)O)C(=O)CCCc1c(Cl)cccc1Cl)C(C)C,0.11054698965260348,binned_cosine_1Da,37,False,predicted_spectrum,817
CASMI2022,massformer,completed,64,64,169,CASMI_MOL_1196856,CASMI_MOL_335732,335732,CC(=O)NC(Cc1ccc(O)cc1)C(=O)NC(C(=O)N1CCCC1C(=O)NC(CC(=O)O)C(=O)CCCc1c(Cl)cccc1Cl)C(C)C,0.11054690621344151,binned_cosine_1Da,38,False,predicted_spectrum,817
CASMI2022,massformer,completed,64,64,169,CASMI_MOL_1196856,CASMI_MOL_335708,335708,Cc1ccc(S(=O)(=O)OCC23CCC(NC(=O)OCc4ccccc4)(CC2)c2nc(C(=O)NCc4ccc(F)c(C)c4)c(O)c(=O)n2C3)cc1,0.10936485677158844,binned_cosine_1Da,39,False,predicted_spectrum,817
CASMI2022,massformer,completed,64,64,169,CASMI_MOL_1196856,CASMI_MOL_335911,335911,CC(=O)NCCCC(=O)Nc1ccc(-c2ccc(C(=O)NC(C(=O)NC3C(=O)N4C3SC(C)(C)C4C(=O)O)c3ccc(O)cc3)c(=O)[nH]2)cc1,0.10814070168418109,binned_cosine_1Da,40,False,predicted_spectrum,817
CASMI2022,massformer,completed,64,64,169,CASMI_MOL_1196856,CASMI_MOL_335635,335635,CCCCCCCCSCCCCCCCCCCC(F)(F)C(F)(F)C(F)(F)C(F)(F)C(F)(F)C(F)(F)C(F)(F)C(F)(F)F,0.10449093537747928,binned_cosine_1Da,41,False,predicted_spectrum,817
CASMI2022,massformer,completed,64,64,169,CASMI_MOL_1196856,CASMI_MOL_335224,335224,COC1=CC(=CCC(=O)OC2C(OC3OC=C(C(=O)O)C4CC(OC(=O)c5cccc(O)c5)C(C)C34)OC(CO)C(O)C2O)CC(OC)C1=O,0.10332469061689609,binned_cosine_1Da,42,False,predicted_spectrum,817
CASMI2022,massformer,completed,64,64,169,CASMI_MOL_1196856,CASMI_MOL_335225,335225,COC1=CC(=CCC(=O)OC2C(OC3OC=C(C(=O)O)C4CC(OC(=O)c5cccc(O)c5)C(C)C34)OC(CO)C(O)C2O)CC(OC)C1=O,0.10332469061689609,binned_cosine_1Da,43,False,predicted_spectrum,817
CASMI2022,massformer,completed,64,64,169,CASMI_MOL_1196856,CASMI_MOL_335513,335513,CC(C)OC(=O)OCOP(=O)(CC(=O)N(C)CC1CCC(n2cnc3c(NC4CCCC4)nc(Cl)nc32)O1)OCOC(=O)OC(C)C,0.10270275371108016,binned_cosine_1Da,44,False,predicted_spectrum,817
CASMI2022,massformer,completed,64,64,169,CASMI_MOL_1196856,CASMI_MOL_335866,335866,CCCCCCCC1CCC(CCc2ccc(C(F)(F)C(F)(F)C(F)(F)C(F)(F)C(F)(F)C(F)(F)C(F)(F)C(F)(F)F)cc2)CC1,0.1024175739021403,binned_cosine_1Da,45,False,predicted_spectrum,817
CASMI2022,massformer,completed,64,64,169,CASMI_MOL_1196856,CASMI_MOL_335292,335292,CCC(NCC1CCCN2C(=O)CCC(NC(=O)OCc3ccccc3)C(=O)N12)C(=O)COc1cc(C(F)(F)F)nn1-c1ccc(Cl)cc1,0.09906099319355066,binned_cosine_1Da,46,False,predicted_spectrum,817
CASMI2022,massformer,completed,64,64,169,CASMI_MOL_1196856,CASMI_MOL_335592,335592,CC1CNCC(CCc2c(F)cccc2NC(=O)C(NC(=O)O)C(c2ccc(Cl)cc2)C2CCOCC2)N1S(=O)(=O)c1ccc(F)cc1,0.09635333440516246,binned_cosine_1Da,47,False,predicted_spectrum,817
CASMI2022,massformer,completed,64,64,169,CASMI_MOL_1196856,CASMI_MOL_335695,335695,CC(C)(C)c1cc(C(O)C(CCCl)CCCCl)cc2c1OC1OC2Oc2c1cc(C(O)C(CCCl)CCCCl)cc2C(C)(C)C,0.09247439856478153,binned_cosine_1Da,48,False,predicted_spectrum,817
CASMI2022,massformer,completed,64,64,169,CASMI_MOL_1196856,CASMI_MOL_335615,335615,CC(O)CNCC(CCc1c(F)cccc1NC(=O)C(N=[N+]=[N-])C(c1ccc(Cl)cc1)C1CCOCC1)NS(=O)(=O)c1ccc(F)cc1,0.0923233206572907,binned_cosine_1Da,49,False,predicted_spectrum,817
CASMI2022,massformer,completed,64,64,169,CASMI_MOL_1196856,CASMI_MOL_335448,335448,CNS(=O)(=O)c1cccc(OCC(O)CN(C(=O)OC(C)(C)C)C2COC3(CCN(S(=O)(=O)c4cnc5[nH]cc(C#N)c5c4)CC3)C2)c1,0.0915556965767034,binned_cosine_1Da,50,False,predicted_spectrum,817
CASMI2022,massformer,completed,64,64,169,CASMI_MOL_1196856,CASMI_MOL_335915,335915,CC(NC(=O)c1ccc(OP(=O)(OCc2ccc([N+](=O)[O-])o2)N(C)CCCCCl)cc1)c1ccc(OCC2CCCCC2)c(C(N)=O)c1,0.09127901836486148,binned_cosine_1Da,51,False,predicted_spectrum,817
CASMI2022,massformer,completed,64,64,169,CASMI_MOL_1196856,CASMI_MOL_335298,335298,CC(=O)OCC1CC(=O)OC(C)Cc2cc(O)cc(O)c2C(=O)OC(C)CC(=O)OC(C)Cc2cc(O)cc(O)c2C(=O)OC(C)CC(=O)O1,0.09025651327061233,binned_cosine_1Da,52,False,predicted_spectrum,817
CASMI2022,massformer,completed,64,64,169,CASMI_MOL_1196856,CASMI_MOL_335257,335257,CC(=O)OCC1CC(=O)OC(C)Cc2cc(O)cc(O)c2C(=O)OC(C)CC(=O)OC(C)Cc2cc(O)cc(O)c2C(=O)OC(C)CC(=O)O1,0.09025646541381656,binned_cosine_1Da,53,False,predicted_spectrum,817
CASMI2022,massformer,completed,64,64,169,CASMI_MOL_1196856,CASMI_MOL_335637,335637,CC(=O)OCC1CC(=O)OC(C)Cc2cc(O)cc(O)c2C(=O)OC(C)CC(=O)OC(C)Cc2cc(O)cc(O)c2C(=O)OC(C)CC(=O)O1,0.09025646541381656,binned_cosine_1Da,54,False,predicted_spectrum,817
CASMI2022,massformer,completed,64,64,169,CASMI_MOL_1196856,CASMI_MOL_335444,335444,CC(CCCS(C)(=O)=O)C1CC(COC2CCC(C(=O)O)CC2)N(C(=O)Cc2cc(Cl)c(NC(=O)c3coc4ccccc34)cc2F)C1,0.0892057102581117,binned_cosine_1Da,55,False,predicted_spectrum,817
CASMI2022,massformer,completed,64,64,169,CASMI_MOL_1196856,CASMI_MOL_335435,335435,C=C(C)C(=O)OCCOC(=O)c1cc(C(=O)OCCOC(=O)C(=C)C)c(C(=O)OCCOC(O)C(=C)C)cc1C(=O)OCCOC(=O)C(=C)C,0.08906889507566015,binned_cosine_1Da,56,False,predicted_spectrum,817
CASMI2022,massformer,completed,64,64,169,CASMI_MOL_1196856,CASMI_MOL_335851,335851,C=CC1CC1(NC(=O)C1CC(ON=Cc2cc(OC)ccc2-c2cccs2)CN1C(=O)CCCc1ccccc1)C(=O)NS(=O)(=O)C1CC1,0.08776709174149197,binned_cosine_1Da,57,False,predicted_spectrum,817
CASMI2022,massformer,completed,64,64,169,CASMI_MOL_1196856,CASMI_MOL_335575,335575,O=C(NC1CCN(Cc2ccc(OC(F)(F)F)cc2)CC1F)c1ccc(C(=O)N2CCC(Oc3ccc(S(=O)(=O)C4CC4)cc3)CC2)nc1,0.0855516877784355,binned_cosine_1Da,58,False,predicted_spectrum,817
CASMI2022,massformer,completed,64,64,169,CASMI_MOL_1196856,CASMI_MOL_335692,335692,O=C(NC1CCN(Cc2ccc(OC(F)(F)F)cc2)CC1F)c1ccc(C(=O)N2CCC(Oc3ccc(S(=O)(=O)C4CC4)cc3)CC2)nc1,0.08555164237189161,binned_cosine_1Da,59,False,predicted_spectrum,817
CASMI2022,massformer,completed,64,64,169,CASMI_MOL_1196856,CASMI_MOL_335436,335436,COc1cc(C)c(N(C)[S+]([O-])C(F)(F)F)cc1C1=C(CN2C(=O)OC(C3CC(C(F)(F)F)=CC(C(F)(F)F)C3)C2C)CC(C)(C)CC1,0.08284509913294746,binned_cosine_1Da,60,False,predicted_spectrum,817
CASMI2022,massformer,completed,64,64,169,CASMI_MOL_1196856,CASMI_MOL_335639,335639,CCC(=O)OC1C(OC(C)=O)C23CC24C(OC3c2ccoc2)C(=O)OC2C3(O)C(OC(C)=O)C5(C)CC3(O)C(C)(C5CC(=O)OC)C1(O)C24O,0.0798077093589161,binned_cosine_1Da,61,False,predicted_spectrum,817
CASMI2022,massformer,completed,64,64,169,CASMI_MOL_1196856,CASMI_MOL_335458,335458,CC(C)(C)c1cc(C(O)(CCCCl)CCCCl)cc2c1OC1OC2Oc2c1cc(C(O)(CCCCl)CCCCl)cc2C(C)(C)C,0.07769273169925289,binned_cosine_1Da,62,False,predicted_spectrum,817
CASMI2022,massformer,completed,64,64,169,CASMI_MOL_1196856,CASMI_MOL_335507,335507,COC(=O)C12OCC34C(CC5C(C)C(=O)C(OC6OC(CO)C(O)C(O)C6O)=CC5(C)C3C(O)C1O)OC(=O)C(OC(=O)c1ccccc1)C24,0.07698329062436594,binned_cosine_1Da,63,False,predicted_spectrum,817
CASMI2022,massformer,completed,64,64,169,CASMI_MOL_1196856,CASMI_MOL_335863,335863,COC(=O)C12OCC34C(CC5C(C)C(=O)C(OC6OC(CO)C(O)C(O)C6O)=CC5(C)C3C(O)C1O)OC(=O)C(OC(=O)c1ccccc1)C24,0.07698329062436594,binned_cosine_1Da,64,False,predicted_spectrum,817
CASMI2022,massformer,completed,64,64,169,CASMI_MOL_1196856,CASMI_MOL_335234,335234,COC(=O)C12OCC34C(CC5C(C)C(=O)C(OC6OC(CO)C(O)C(O)C6O)=CC5(C)C3C(O)C1O)OC(=O)C(OC(=O)c1ccccc1)C24,0.07698328221739015,binned_cosine_1Da,65,False,predicted_spectrum,817
CASMI2022,massformer,completed,64,64,169,CASMI_MOL_1196856,CASMI_MOL_335914,335914,COC(=O)C12OCC34C(CC5C(C)C(=O)C(OC6OC(CO)C(O)C(O)C6O)=CC5(C)C3C(O)C1O)OC(=O)C(OC(=O)c1ccccc1)C24,0.07698328221739015,binned_cosine_1Da,66,False,predicted_spectrum,817
CASMI2022,massformer,completed,64,64,169,CASMI_MOL_1196856,CASMI_MOL_335919,335919,COC(=O)C12OCC34C(CC5C(C)C(=O)C(OC6OC(CO)C(O)C(O)C6O)=CC5(C)C3C(O)C1O)OC(=O)C(OC(=O)c1ccccc1)C24,0.07698328221739015,binned_cosine_1Da,67,False,predicted_spectrum,817
CASMI2022,massformer,completed,64,64,169,CASMI_MOL_1196856,CASMI_MOL_335456,335456,CCOC1OC1OCOC1=C(OCOC2OC2OCC)c2ccc3c4c(ccc1c24)C(OCOC1OC1OCC)=C3OCOC1OC1OCC,0.07616345524327554,binned_cosine_1Da,68,False,predicted_spectrum,817
CASMI2022,massformer,completed,64,64,169,CASMI_MOL_1196856,CASMI_MOL_335701,335701,CC(=O)NC(Cc1ccc(O)cc1)C(=O)NC(C(=O)N1CCCCC1C(=O)NC(CC=O)C(=O)COCc1c(Cl)cccc1Cl)C(C)C,0.07482159930793793,binned_cosine_1Da,69,False,predicted_spectrum,817
CASMI2022,massformer,completed,64,64,169,CASMI_MOL_1196856,CASMI_MOL_335200,335200,COc1ccc(COC(=O)c2csc(CC(COc3ccc(C#CCN4CCNCC4)cc3F)N3CCCc4c3nnc(Cl)c4C)n2)cc1,0.07373905698737122,binned_cosine_1Da,70,False,predicted_spectrum,817
CASMI2022,massformer,completed,64,64,169,CASMI_MOL_1196856,CASMI_MOL_335243,335243,COC(=O)C12OCC34C(CC5=C(C)C(OC6OC(CO)C(O)C(O)C6O)C(=O)CC5(C)C3C(O)C1O)OC(=O)C(OC(=O)c1ccccc1)C24,0.07258969701798601,binned_cosine_1Da,71,False,predicted_spectrum,817
CASMI2022,massformer,completed,64,64,169,CASMI_MOL_1196856,CASMI_MOL_335244,335244,COC(=O)C12OCC34C(CC5=C(C)C(OC6OC(CO)C(O)C(O)C6O)C(=O)CC5(C)C3C(O)C1O)OC(=O)C(OC(=O)c1ccccc1)C24,0.07258969701798601,binned_cosine_1Da,72,False,predicted_spectrum,817
CASMI2022,massformer,completed,64,64,169,CASMI_MOL_1196856,CASMI_MOL_335255,335255,COC(=O)C12OCC34C(CC5=C(C)C(OC6OC(CO)C(O)C(O)C6O)C(=O)CC5(C)C3C(O)C1O)OC(=O)C(OC(=O)c1ccccc1)C24,0.07258969701798601,binned_cosine_1Da,73,False,predicted_spectrum,817
CASMI2022,massformer,completed,64,64,169,CASMI_MOL_1196856,CASMI_MOL_335848,335848,COC(=O)C12OCC34C(CC5C(C)=C(OC6OC(CO)C(O)C(O)C6O)C(=O)CC5(C)C3C(O)C1O)OC(=O)C(OC(=O)c1ccccc1)C24,0.07258969701798601,binned_cosine_1Da,74,False,predicted_spectrum,817
CASMI2022,massformer,completed,64,64,169,CASMI_MOL_1196856,CASMI_MOL_335888,335888,COC(=O)C12OCC34C(CC5=C(C)C(OC6OC(CO)C(O)C(O)C6O)C(=O)CC5(C)C3C(O)C1O)OC(=O)C(OC(=O)c1ccccc1)C24,0.07258969701798601,binned_cosine_1Da,75,False,predicted_spectrum,817
CASMI2022,massformer,completed,64,64,169,CASMI_MOL_1196856,CASMI_MOL_335891,335891,COC(=O)C12OCC34C(CC5C(C)=C(OC6OC(CO)C(O)C(O)C6O)C(=O)CC5(C)C3C(O)C1O)OC(=O)C(OC(=O)c1ccccc1)C24,0.07258969701798601,binned_cosine_1Da,76,False,predicted_spectrum,817
CASMI2022,massformer,completed,64,64,169,CASMI_MOL_1196856,CASMI_MOL_335221,335221,CC1CCCC(OCCSc2ccc(-c3ccc(S(=O)(=O)c4ccc(-c5ccc(SCCOC6CCCOC6)cc5)cc4)cc3)cc2)O1,0.07179849725530703,binned_cosine_1Da,77,False,predicted_spectrum,817
CASMI2022,massformer,completed,64,64,169,CASMI_MOL_1196856,CASMI_MOL_335492,335492,COc1c2c(c(O)c3c4c(c(C)cc13)C1OC3(C(OC)OC)OC1C(O)(O4)C31CO1)C(=O)C(O)CC2OC1CC(C)(O)C(OC(C)=O)C(C)O1,0.07007770149886915,binned_cosine_1Da,78,False,predicted_spectrum,817
CASMI2022,massformer,completed,64,64,169,CASMI_MOL_1196856,CASMI_MOL_335628,335628,COc1c2c(c(O)c3c4c(c(C)cc13)C1OC3(C(OC)OC)OC1C(O)(O4)C31CO1)C(=O)C(O)CC2OC1CC(C)(O)C(OC(C)=O)C(C)O1,0.07007770149886915,binned_cosine_1Da,79,False,predicted_spectrum,817
CASMI2022,massformer,completed,64,64,169,CASMI_MOL_1196856,CASMI_MOL_335630,335630,COc1c2c(c(O)c3c4c(c(C)cc13)C1OC3(C(OC)OC)OC1C(O)(O4)C31CO1)C(=O)C(O)CC2OC1CC(C)(O)C(OC(C)=O)C(C)O1,0.07007770149886915,binned_cosine_1Da,80,False,predicted_spectrum,817
CASMI2022,massformer,completed,64,64,169,CASMI_MOL_1196856,CASMI_MOL_335728,335728,COc1c2c(c(O)c3c4c(c(C)cc13)C1OC3(C(OC)OC)OC1C(O)(O4)C31CO1)C(=O)C(O)CC2OC1CC(C)(O)C(OC(C)=O)C(C)O1,0.07007770149886915,binned_cosine_1Da,81,False,predicted_spectrum,817
CASMI2022,massformer,completed,64,64,169,CASMI_MOL_1196856,CASMI_MOL_335910,335910,COc1c2c(c(O)c3c4c(c(C)cc13)C1OC3(C(OC)OC)OC1C(O)(O4)C31CO1)C(=O)C(O)CC2OC1CC(C)(O)C(OC(C)=O)C(C)O1,0.07007770149886915,binned_cosine_1Da,82,False,predicted_spectrum,817
CASMI2022,massformer,completed,64,64,169,CASMI_MOL_1196856,CASMI_MOL_335163,335163,N#CC1CC(F)(F)CN1C(=O)CNC(O)c1ccnc2c(NC(=O)CCC(=O)NC(CCC(=O)O)C(=O)NC(CC(=O)O)C(N)=O)cccc12,0.06714486236593338,binned_cosine_1Da,83,False,predicted_spectrum,817
CASMI2022,massformer,completed,64,64,169,CASMI_MOL_1196856,CASMI_MOL_335854,335854,COc1c2c(c(O)c3c4c(cc(C)c13)C1OC3(C(OC)OC)OC1C(O)(O4)C31CO1)C(=O)C(O)CC2OC1CC(C)(O)C(OC(C)=O)C(C)O1,0.06651401856363258,binned_cosine_1Da,84,False,predicted_spectrum,817
CASMI2022,massformer,completed,64,64,169,CASMI_MOL_1196856,CASMI_MOL_335555,335555,CC(C)CCN(CC(O)C(Cc1ccc(F)cc1)NC(=O)OC1C2COC3OC1CC3O2)S(=O)(=O)c1ccc2nc(NC3CC3)sc2c1,0.06173693263277182,binned_cosine_1Da,85,False,predicted_spectrum,817
CASMI2022,massformer,completed,64,64,169,CASMI_MOL_1196856,CASMI_MOL_335132,335132,COc1ccc(C=C2CCCC3C2=NN(C(=O)C(C)OC(=O)c2oc4ccccc4c2CSc2ccccc2F)C3c2ccc(OC)cc2)cc1,0.060854883210184035,binned_cosine_1Da,86,False,predicted_spectrum,817
CASMI2022,massformer,completed,64,64,169,CASMI_MOL_1196856,CASMI_MOL_335603,335603,CC(C)CCN(CC(O)C(Cc1ccc(F)cc1)NC(=O)OC1C2COC3OCC1C3O2)S(=O)(=O)c1ccc2nc(NC3CC3)sc2c1,0.06051269404764307,binned_cosine_1Da,87,False,predicted_spectrum,817
CASMI2022,massformer,completed,64,64,169,CASMI_MOL_1196856,CASMI_MOL_335496,335496,CC1(C)C2CC(=O)C1C(CS(=O)(=O)NN=Cc1c(O)ccc3cc(-c4ccc(C(=O)NN=Cc5cc6ccccc6cc5O)c(O)c4)ccc13)C2,0.06015954066420873,binned_cosine_1Da,88,False,predicted_spectrum,817
CASMI2022,massformer,completed,64,64,169,CASMI_MOL_1196856,CASMI_MOL_335890,335890,COC(=O)C1=COC(OC2OC(COC(C)=O)C(OC(C)=O)C(OC(C)=O)C2OC(C)=O)C2C(C)C(O)C(OC(=O)C=Cc3ccccc3)C12,0.06013888459791776,binned_cosine_1Da,89,False,predicted_spectrum,817
CASMI2022,massformer,completed,64,64,169,CASMI_MOL_1196856,CASMI_MOL_335231,335231,CC(=O)OCC12C(OC(C)=O)C(=O)C3C(OC(C)=O)C1(OC3(C)COC(=O)c1ccccc1)C(C)C(OC(C)=O)C(OC(C)=O)C2OC(C)=O,0.05874271680607572,binned_cosine_1Da,90,False,predicted_spectrum,817
CASMI2022,massformer,completed,64,64,169,CASMI_MOL_1196856,CASMI_MOL_335629,335629,CC(=O)OCC12C(OC(C)=O)C(=O)C3C(OC(C)=O)C1(OC3(C)COC(=O)c1ccccc1)C(C)C(OC(C)=O)C(OC(C)=O)C2OC(C)=O,0.05874271680607572,binned_cosine_1Da,91,False,predicted_spectrum,817
CASMI2022,massformer,completed,64,64,169,CASMI_MOL_1196856,CASMI_MOL_335895,335895,CC(=O)OCC12C(OC(C)=O)C(=O)C3C(OC(C)=O)C1(OC3(C)COC(=O)c1ccccc1)C(C)C(OC(C)=O)C(OC(C)=O)C2OC(C)=O,0.0587426728188731,binned_cosine_1Da,92,False,predicted_spectrum,817
CASMI2022,massformer,completed,64,64,169,CASMI_MOL_1196856,CASMI_MOL_335725,335725,CSc1ccc(C=C2C(C)=C(CC(=O)OCCOCCOCCOCCOC(=O)CCCCC3CCSS3)c3cc(F)ccc32)cc1,0.05768148217740677,binned_cosine_1Da,93,False,predicted_spectrum,817
CASMI2022,massformer,completed,64,64,169,CASMI_MOL_1196856,CASMI_MOL_335843,335843,CSc1ccc(C=C2C(C)=C(CC(=O)OCCOCCOCCOCCOC(=O)CCCCC3CCSS3)c3cc(F)ccc32)cc1,0.05768148217740677,binned_cosine_1Da,94,False,predicted_spectrum,817
CASMI2022,massformer,completed,64,64,169,CASMI_MOL_1196856,CASMI_MOL_335838,335838,COCC1CCCN1C(=O)c1cc(C)cc(C(=O)NC(Cc2cc(F)cc(F)c2)C(O)C2CN(S(=O)(=O)c3cccc(Cl)c3)CCN2)c1,0.05657014025277705,binned_cosine_1Da,95,False,predicted_spectrum,817
CASMI2022,massformer,completed,64,64,169,CASMI_MOL_1196856,CASMI_MOL_335858,335858,COC(=O)C1=COC(OC2OC(COC(C)=O)C(OC(C)=O)C(OC(C)=O)C2OC(C)=O)C2C(C)C(OC(=O)C=Cc3ccccc3)C(O)C12,0.05653642762552068,binned_cosine_1Da,96,False,predicted_spectrum,817
CASMI2022,massformer,completed,64,64,169,CASMI_MOL_1196856,CASMI_MOL_335621,335621,CCCCCCC(C)OC(=O)c1ccc(-c2ccc(OC(=O)c3ccc(OCCCOCC(F)(F)C(F)(F)C(F)(F)F)cc3F)cc2)cc1,0.05647949602290398,binned_cosine_1Da,97,False,predicted_spectrum,817
CASMI2022,massformer,completed,64,64,169,CASMI_MOL_1196856,CASMI_MOL_335633,335633,CCCCCCC(C)OC(=O)c1ccc(-c2ccc(OC(=O)c3ccc(OCCCOCC(F)(F)C(F)(F)C(F)(F)F)cc3F)cc2)cc1,0.05647949602290398,binned_cosine_1Da,98,False,predicted_spectrum,817
CASMI2022,massformer,completed,64,64,169,CASMI_MOL_1196856,CASMI_MOL_335818,335818,C=C1OCC2C(OC3OC4COC(C)OC4C(O)C3O)c3cc4c(cc3C(c3cc(OC)c(OC(=O)OCC(O)CO)c(OC)c3)C12)OCO4,0.055511516847000515,binned_cosine_1Da,99,False,predicted_spectrum,817
CASMI2022,massformer,completed,64,64,169,CASMI_MOL_1196856,CASMI_MOL_335525,335525,CCCCC(C)OC(=O)c1ccc(-c2ccc(OC(=O)c3ccc(OCCCCCOCC(F)(F)C(F)(F)C(F)(F)F)cc3F)cc2)cc1,0.05550580012342433,binned_cosine_1Da,100,False,predicted_spectrum,817
CASMI2022,massformer,completed,64,64,169,CASMI_MOL_1196856,CASMI_MOL_1196856,1196856,CC(=O)OC1C(C)OC(Oc2c(-c3ccc(O)cc3)oc3c(CC=C(C)C)c(OC4OC(CO)C(O)C(O)C4O)cc(O)c3c2=O)C(O)C1O,0.047587285483735746,binned_cosine_1Da,141,True,predicted_spectrum,817
CASMI2022,massformer,completed,65,65,170,CASMI_MOL_1196857,CASMI_MOL_341071,341071,COC1C(=O)CC1Oc1ccc(C(C)(C)C)cc1,0.6604993499009485,binned_cosine_1Da,1,False,predicted_spectrum,9590
CASMI2022,massformer,completed,65,65,170,CASMI_MOL_1196857,CASMI_MOL_337115,337115,CCCC(=CCC=CCC(=O)C(F)(F)F)CC,0.6588576917135208,binned_cosine_1Da,2,False,predicted_spectrum,9590
CASMI2022,massformer,completed,65,65,170,CASMI_MOL_1196857,CASMI_MOL_343496,343496,CC(=O)Oc1cc(C)cc(C)c1C(C)(C)CC=O,0.6507834416449758,binned_cosine_1Da,3,False,predicted_spectrum,9590
CASMI2022,massformer,completed,65,65,170,CASMI_MOL_1196857,CASMI_MOL_336885,336885,CCC=C(C)C=C(C)c1cc(OC)c(C)c(=O)o1,0.6490572603374083,binned_cosine_1Da,4,False,predicted_spectrum,9590
CASMI2022,massformer,completed,65,65,170,CASMI_MOL_1196857,CASMI_MOL_341059,341059,Cc1cc(C)c(C)c(OCC(=O)C2CCOC2)c1,0.6428158527161291,binned_cosine_1Da,5,False,predicted_spectrum,9590
CASMI2022,massformer,completed,65,65,170,CASMI_MOL_1196857,CASMI_MOL_342856,342856,CCOC(=O)C1=CC2=C(C)CC1(C)C(=O)C2(C)C,0.6426051405171287,binned_cosine_1Da,6,False,predicted_spectrum,9590
CASMI2022,massformer,completed,65,65,170,CASMI_MOL_1196857,CASMI_MOL_342857,342857,CCOC(=O)C1=CC2=C(C)CC1(C)C(=O)C2(C)C,0.6426051405171287,binned_cosine_1Da,7,False,predicted_spectrum,9590
CASMI2022,massformer,completed,65,65,170,CASMI_MOL_1196857,CASMI_MOL_336483,336483,CC=C(C)C(=O)OC1C=C(C=O)C(C)(C)C=C1C,0.6407754017968602,binned_cosine_1Da,8,False,predicted_spectrum,9590
CASMI2022,massformer,completed,65,65,170,CASMI_MOL_1196857,CASMI_MOL_336484,336484,CC=C(C)C(=O)OC1C=C(C=O)C(C)(C)C=C1C,0.6407754017968602,binned_cosine_1Da,9,False,predicted_spectrum,9590
CASMI2022,massformer,completed,65,65,170,CASMI_MOL_1196857,CASMI_MOL_336485,336485,CC=C(C)C(=O)OC1C=C(C=O)C(C)(C)C=C1C,0.6407754017968602,binned_cosine_1Da,10,False,predicted_spectrum,9590
CASMI2022,massformer,completed,65,65,170,CASMI_MOL_1196857,CASMI_MOL_336486,336486,CC=C(C)C(=O)OC1C=C(C=O)C(C)(C)C=C1C,0.6407754017968602,binned_cosine_1Da,11,False,predicted_spectrum,9590
CASMI2022,massformer,completed,65,65,170,CASMI_MOL_1196857,CASMI_MOL_336964,336964,CC=C(C)C(=O)OC1C=CC(C)(C)C(C=O)=C1C,0.640589978011677,binned_cosine_1Da,12,False,predicted_spectrum,9590
CASMI2022,massformer,completed,65,65,170,CASMI_MOL_1196857,CASMI_MOL_336269,336269,CCCCC=CCc1c(OC)ccc(O)c1C=O,0.6403216459313127,binned_cosine_1Da,13,False,predicted_spectrum,9590
CASMI2022,massformer,completed,65,65,170,CASMI_MOL_1196857,CASMI_MOL_337244,337244,CCCCC=CCc1c(OC)ccc(O)c1C=O,0.6403216459313127,binned_cosine_1Da,14,False,predicted_spectrum,9590
CASMI2022,massformer,completed,65,65,170,CASMI_MOL_1196857,CASMI_MOL_342440,342440,C=CCC1(C)C(=O)C2C3C1CC(C)(C(=O)OC)C23,0.639698700304481,binned_cosine_1Da,15,False,predicted_spectrum,9590
CASMI2022,massformer,completed,65,65,170,CASMI_MOL_1196857,CASMI_MOL_337297,337297,CC=C(C)C(=O)OC1=C(C)C2CC(C1=O)C2(C)C,0.6387443632549685,binned_cosine_1Da,16,False,predicted_spectrum,9590
CASMI2022,massformer,completed,65,65,170,CASMI_MOL_1196857,CASMI_MOL_336457,336457,CC(C)=CC1CC2(C)CCC(c3ccoc3)(O1)O2,0.6377908114260373,binned_cosine_1Da,17,False,predicted_spectrum,9590
CASMI2022,massformer,completed,65,65,170,CASMI_MOL_1196857,CASMI_MOL_336954,336954,CC(C)=CC1CC2(C)CCC(c3ccoc3)(O1)O2,0.6377908114260373,binned_cosine_1Da,18,False,predicted_spectrum,9590
CASMI2022,massformer,completed,65,65,170,CASMI_MOL_1196857,CASMI_MOL_343438,343438,CC(C)=CC1CC2(C)CCC(c3ccoc3)(O1)O2,0.6377908114260373,binned_cosine_1Da,19,False,predicted_spectrum,9590
CASMI2022,massformer,completed,65,65,170,CASMI_MOL_1196857,CASMI_MOL_341926,341926,Cc1ccc(C)c(OCC(=O)C2CCOC2)c1C,0.6373671472483482,binned_cosine_1Da,20,False,predicted_spectrum,9590
CASMI2022,massformer,completed,65,65,170,CASMI_MOL_1196857,CASMI_MOL_336844,336844,CC=C(C)C(=O)OC1=C(C)C=CC(C=O)C1(C)C,0.6373660119301164,binned_cosine_1Da,21,False,predicted_spectrum,9590
CASMI2022,massformer,completed,65,65,170,CASMI_MOL_1196857,CASMI_MOL_340652,340652,CCc1ccc(OC2CC(=O)C2(C)C)c(OC)c1,0.6366157350266766,binned_cosine_1Da,22,False,predicted_spectrum,9590
CASMI2022,massformer,completed,65,65,170,CASMI_MOL_1196857,CASMI_MOL_341058,341058,Cc1cc(C)c(OCC(=O)C2CCOC2)c(C)c1,0.6356159181474861,binned_cosine_1Da,23,False,predicted_spectrum,9590
CASMI2022,massformer,completed,65,65,170,CASMI_MOL_1196857,CASMI_MOL_336353,336353,CC=C(C)C(=O)OC12CC(C(=O)C=C1C)C2(C)C,0.6354261862660362,binned_cosine_1Da,24,False,predicted_spectrum,9590
CASMI2022,massformer,completed,65,65,170,CASMI_MOL_1196857,CASMI_MOL_336984,336984,CC=C(C)C(=O)OC12CC(C(=O)C=C1C)C2(C)C,0.6354261862660362,binned_cosine_1Da,25,False,predicted_spectrum,9590
CASMI2022,massformer,completed,65,65,170,CASMI_MOL_1196857,CASMI_MOL_343371,343371,CC=C(C)C(=O)OC12CC(C(=O)C=C1C)C2(C)C,0.6354261862660362,binned_cosine_1Da,26,False,predicted_spectrum,9590
CASMI2022,massformer,completed,65,65,170,CASMI_MOL_1196857,CASMI_MOL_335982,335982,CC1C=C(C(C)(C)C)C=C(OCC(F)(F)F)C1,0.6353309240540969,binned_cosine_1Da,27,False,predicted_spectrum,9590
CASMI2022,massformer,completed,65,65,170,CASMI_MOL_1196857,CASMI_MOL_336979,336979,CC=C(C)C(=O)OC1=CC=C(C)C(C=O)C1(C)C,0.6341409392001766,binned_cosine_1Da,28,False,predicted_spectrum,9590
CASMI2022,massformer,completed,65,65,170,CASMI_MOL_1196857,CASMI_MOL_342535,342535,CC=C(C)C(=O)OC1=CC=C(C)C(C=O)C1(C)C,0.6341409392001766,binned_cosine_1Da,29,False,predicted_spectrum,9590
CASMI2022,massformer,completed,65,65,170,CASMI_MOL_1196857,CASMI_MOL_340720,340720,COc1cc(C)cc(C)c1C(=O)C1(OC)CCC1,0.6333657236471855,binned_cosine_1Da,30,False,predicted_spectrum,9590
CASMI2022,massformer,completed,65,65,170,CASMI_MOL_1196857,CASMI_MOL_340764,340764,COc1c(C(=O)C2(OC)CCC2)ccc(C)c1C,0.6320984546917435,binned_cosine_1Da,31,False,predicted_spectrum,9590
CASMI2022,massformer,completed,65,65,170,CASMI_MOL_1196857,CASMI_MOL_342695,342695,CCCC#CC12C(=O)CCCC1C2C(=O)OCC,0.6313062257482817,binned_cosine_1Da,32,False,predicted_spectrum,9590
CASMI2022,massformer,completed,65,65,170,CASMI_MOL_1196857,CASMI_MOL_345357,345357,CCC=CCC(=O)c1c(C)c(O)c(C)c(C)c1O,0.6307761734211229,binned_cosine_1Da,33,False,predicted_spectrum,9590
CASMI2022,massformer,completed,65,65,170,CASMI_MOL_1196857,CASMI_MOL_339995,339995,COC1(C(=O)c2ccc(C)cc2C)CCOCC1,0.6299972721179755,binned_cosine_1Da,34,False,predicted_spectrum,9590
CASMI2022,massformer,completed,65,65,170,CASMI_MOL_1196857,CASMI_MOL_342379,342379,CC1=CC(=O)C=C2CCCC12C(=O)OC(C)(C)C,0.6292371777518552,binned_cosine_1Da,35,False,predicted_spectrum,9590
CASMI2022,massformer,completed,65,65,170,CASMI_MOL_1196857,CASMI_MOL_342393,342393,CC=C(CCC(=O)CC)c1cc(O)c(C)cc1O,0.6291376153689341,binned_cosine_1Da,36,False,predicted_spectrum,9590
CASMI2022,massformer,completed,65,65,170,CASMI_MOL_1196857,CASMI_MOL_337428,337428,C=CC(O)(CCC)c1ccc(OC(C)=O)cc1C,0.62834723094855,binned_cosine_1Da,37,False,predicted_spectrum,9590
CASMI2022,massformer,completed,65,65,170,CASMI_MOL_1196857,CASMI_MOL_339990,339990,COC1(C(=O)c2cc(C)ccc2C)CCOCC1,0.6282201707287037,binned_cosine_1Da,38,False,predicted_spectrum,9590
CASMI2022,massformer,completed,65,65,170,CASMI_MOL_1196857,CASMI_MOL_342357,342357,C=CCOc1c(C=O)cc(C(C)(C)C)cc1CO,0.6265545241344561,binned_cosine_1Da,39,False,predicted_spectrum,9590
CASMI2022,massformer,completed,65,65,170,CASMI_MOL_1196857,CASMI_MOL_343140,343140,CCOc1cc(C)c(C(=O)CC(=O)CC)cc1C,0.6262235789793749,binned_cosine_1Da,40,False,predicted_spectrum,9590
CASMI2022,massformer,completed,65,65,170,CASMI_MOL_1196857,CASMI_MOL_342884,342884,CC=C(C)C(=O)OC12CC(=C(C)CC1=O)C2(C)C,0.625945155457512,binned_cosine_1Da,41,False,predicted_spectrum,9590
CASMI2022,massformer,completed,65,65,170,CASMI_MOL_1196857,CASMI_MOL_339992,339992,COC1(C(=O)c2cc(C)cc(C)c2)CCOCC1,0.6254341897701774,binned_cosine_1Da,42,False,predicted_spectrum,9590
CASMI2022,massformer,completed,65,65,170,CASMI_MOL_1196857,CASMI_MOL_338382,338382,C[C]C(=O)CC1(C)CCC=C1C(=CC)C(=O)OC,0.624842810102337,binned_cosine_1Da,43,False,predicted_spectrum,9590
CASMI2022,massformer,completed,65,65,170,CASMI_MOL_1196857,CASMI_MOL_335958,335958,CC(=O)c1c(C)cc(C)cc1OC(=O)C(C)(C)C,0.6237915044529806,binned_cosine_1Da,44,False,predicted_spectrum,9590
CASMI2022,massformer,completed,65,65,170,CASMI_MOL_1196857,CASMI_MOL_337034,337034,CCC=C(C)C=C(C)c1oc(=O)cc(OC)c1C,0.6237299588361223,binned_cosine_1Da,45,False,predicted_spectrum,9590
CASMI2022,massformer,completed,65,65,170,CASMI_MOL_1196857,CASMI_MOL_338557,338557,CCC=C(C)C=C(C)c1oc(=O)c(C)c(O)c1C,0.6233584751700084,binned_cosine_1Da,46,False,predicted_spectrum,9590
CASMI2022,massformer,completed,65,65,170,CASMI_MOL_1196857,CASMI_MOL_345226,345226,C=CCCC1=C2CC(=O)CC2(C(=O)OCC)CC1,0.623336440320377,binned_cosine_1Da,47,False,predicted_spectrum,9590
CASMI2022,massformer,completed,65,65,170,CASMI_MOL_1196857,CASMI_MOL_343000,343000,COC(=O)C(=CC1=CCC2CC1C2(C)C)C(C)=O,0.6228592892323759,binned_cosine_1Da,48,False,predicted_spectrum,9590
CASMI2022,massformer,completed,65,65,170,CASMI_MOL_1196857,CASMI_MOL_343001,343001,COC(=O)C(=CC1=CCC2CC1C2(C)C)C(C)=O,0.6228592892323759,binned_cosine_1Da,49,False,predicted_spectrum,9590
CASMI2022,massformer,completed,65,65,170,CASMI_MOL_1196857,CASMI_MOL_344333,344333,CCOc1cc(C)c(C2(C)CCC(=O)O2)cc1C,0.622552206326678,binned_cosine_1Da,50,False,predicted_spectrum,9590
CASMI2022,massformer,completed,65,65,170,CASMI_MOL_1196857,CASMI_MOL_336153,336153,C=CC(CC1OC1(C)C)c1cc(O)c(C)cc1O,0.6220125719530699,binned_cosine_1Da,51,False,predicted_spectrum,9590
CASMI2022,massformer,completed,65,65,170,CASMI_MOL_1196857,CASMI_MOL_342696,342696,C=CC(CC1OC1(C)C)c1cc(O)c(C)cc1O,0.6220125719530699,binned_cosine_1Da,52,False,predicted_spectrum,9590
CASMI2022,massformer,completed,65,65,170,CASMI_MOL_1196857,CASMI_MOL_341038,341038,COc1cc(C)c(C(=O)C2(OC)CCC2)cc1C,0.6217356791290556,binned_cosine_1Da,53,False,predicted_spectrum,9590
CASMI2022,massformer,completed,65,65,170,CASMI_MOL_1196857,CASMI_MOL_345365,345365,CCCCC=CCOc1ccc(C(C)=O)c(O)c1,0.621698758925419,binned_cosine_1Da,54,False,predicted_spectrum,9590
CASMI2022,massformer,completed,65,65,170,CASMI_MOL_1196857,CASMI_MOL_345366,345366,CCCCC=CCOc1ccc(C(C)=O)c(O)c1,0.621698758925419,binned_cosine_1Da,55,False,predicted_spectrum,9590
CASMI2022,massformer,completed,65,65,170,CASMI_MOL_1196857,CASMI_MOL_342625,342625,C=CCC=C1C(C(=O)OC)C(=O)C2CC1C2(C)C,0.6214852397547375,binned_cosine_1Da,56,False,predicted_spectrum,9590
CASMI2022,massformer,completed,65,65,170,CASMI_MOL_1196857,CASMI_MOL_338386,338386,C=CC1(C)Cc2occ(C)c2CC1C(=O)OCC,0.620840775125055,binned_cosine_1Da,57,False,predicted_spectrum,9590
CASMI2022,massformer,completed,65,65,170,CASMI_MOL_1196857,CASMI_MOL_342786,342786,CCC1c2cc(OC)ccc2OC(C)(C)C1C=O,0.6206505954878306,binned_cosine_1Da,58,False,predicted_spectrum,9590
CASMI2022,massformer,completed,65,65,170,CASMI_MOL_1196857,CASMI_MOL_345377,345377,COC(=O)c1ccc(C)c(C)c1OC1CCCC1,0.619523778192875,binned_cosine_1Da,59,False,predicted_spectrum,9590
CASMI2022,massformer,completed,65,65,170,CASMI_MOL_1196857,CASMI_MOL_338417,338417,CC(=O)c1cc(C2CCOC2C=C(C)C)oc1C,0.6195171034909032,binned_cosine_1Da,60,False,predicted_spectrum,9590
CASMI2022,massformer,completed,65,65,170,CASMI_MOL_1196857,CASMI_MOL_337655,337655,CCC12C(=O)C=C(OC)C(=O)C1CC=C(C)C2C,0.619433964747325,binned_cosine_1Da,61,False,predicted_spectrum,9590
CASMI2022,massformer,completed,65,65,170,CASMI_MOL_1196857,CASMI_MOL_342441,342441,C=CCC1(C)C(=O)C2=CCC1CC2(C)C(=O)OC,0.6190158094955589,binned_cosine_1Da,62,False,predicted_spectrum,9590
CASMI2022,massformer,completed,65,65,170,CASMI_MOL_1196857,CASMI_MOL_342810,342810,C=CCC1(C)C(=O)C2=CCC1CC2(C)C(=O)OC,0.6190158094955589,binned_cosine_1Da,63,False,predicted_spectrum,9590
CASMI2022,massformer,completed,65,65,170,CASMI_MOL_1196857,CASMI_MOL_343542,343542,C=CC(C)(O)C=CC1(O)C(C)=CC(=O)C(C)=C1C,0.6190014905526213,binned_cosine_1Da,64,False,predicted_spectrum,9590
CASMI2022,massformer,completed,65,65,170,CASMI_MOL_1196857,CASMI_MOL_339774,339774,COC(=O)C1(Cc2cc(C)c(C)cc2C)COC1,0.6174398351893955,binned_cosine_1Da,65,False,predicted_spectrum,9590
CASMI2022,massformer,completed,65,65,170,CASMI_MOL_1196857,CASMI_MOL_339389,339389,Cc1ccc(C(C)C(=O)O)c(OCC2CC2)c1C,0.6167796090463304,binned_cosine_1Da,66,False,predicted_spectrum,9590
CASMI2022,massformer,completed,65,65,170,CASMI_MOL_1196857,CASMI_MOL_337481,337481,CC(=O)OCC1=CCC(C)C2=CCC(=O)C2(C)C1,0.6163526183960114,binned_cosine_1Da,67,False,predicted_spectrum,9590
CASMI2022,massformer,completed,65,65,170,CASMI_MOL_1196857,CASMI_MOL_345100,345100,CC=CCOc1ccc2c(c1)OC(C)(C)CC2O,0.6159988682190276,binned_cosine_1Da,68,False,predicted_spectrum,9590
CASMI2022,massformer,completed,65,65,170,CASMI_MOL_1196857,CASMI_MOL_343540,343540,CCCCOc1ccc(C)cc1C(=O)CC(C)=O,0.615774053612037,binned_cosine_1Da,69,False,predicted_spectrum,9590
CASMI2022,massformer,completed,65,65,170,CASMI_MOL_1196857,CASMI_MOL_338440,338440,CCCCC#CC12C(=O)CC1CC(OC)=C2OC,0.615234370600756,binned_cosine_1Da,70,False,predicted_spectrum,9590
CASMI2022,massformer,completed,65,65,170,CASMI_MOL_1196857,CASMI_MOL_339211,339211,Cc1ccc(C2(C(C)(C)C(=O)O)COC2)c(C)c1,0.6145077900068207,binned_cosine_1Da,71,False,predicted_spectrum,9590
CASMI2022,massformer,completed,65,65,170,CASMI_MOL_1196857,CASMI_MOL_344513,344513,CCC1(C)C(=O)CC1c1cc(OC)ccc1OC,0.6143816759764572,binned_cosine_1Da,72,False,predicted_spectrum,9590
CASMI2022,massformer,completed,65,65,170,CASMI_MOL_1196857,CASMI_MOL_337698,337698,COC1=C(C=C(C)C=O)C=CC(C)(C(C)O)C=C1,0.6133227727286319,binned_cosine_1Da,73,False,predicted_spectrum,9590
CASMI2022,massformer,completed,65,65,170,CASMI_MOL_1196857,CASMI_MOL_341968,341968,COc1ccc(C)cc1C(=O)C1(OC)CCCC1,0.6129982866892015,binned_cosine_1Da,74,False,predicted_spectrum,9590
CASMI2022,massformer,completed,65,65,170,CASMI_MOL_1196857,CASMI_MOL_338790,338790,CC=CCCC(C)=CCc1c(O)cc(C)oc1=O,0.6127203750439271,binned_cosine_1Da,75,False,predicted_spectrum,9590
CASMI2022,massformer,completed,65,65,170,CASMI_MOL_1196857,CASMI_MOL_339388,339388,Cc1cc(C)c(OCC2CC2)c(C(C)C(=O)O)c1,0.6125611353392729,binned_cosine_1Da,76,False,predicted_spectrum,9590
CASMI2022,massformer,completed,65,65,170,CASMI_MOL_1196857,CASMI_MOL_342394,342394,CCOC(=O)C1(C)CC23CCCC2=CC1C(=O)C3,0.6125483225829172,binned_cosine_1Da,77,False,predicted_spectrum,9590
CASMI2022,massformer,completed,65,65,170,CASMI_MOL_1196857,CASMI_MOL_343443,343443,CC1CC=CC2C(=O)C3OC(C)(C)C(C3=O)C12C,0.6124470698501401,binned_cosine_1Da,78,False,predicted_spectrum,9590
CASMI2022,massformer,completed,65,65,170,CASMI_MOL_1196857,CASMI_MOL_337131,337131,C=CC1CC2(COC(C)(C)OC2)Cc2ccoc21,0.6118999036792376,binned_cosine_1Da,79,False,predicted_spectrum,9590
CASMI2022,massformer,completed,65,65,170,CASMI_MOL_1196857,CASMI_MOL_344536,344536,CCOc1ccc(C)cc1C(=O)C1CCC(C)O1,0.6118330072597018,binned_cosine_1Da,80,False,predicted_spectrum,9590
CASMI2022,massformer,completed,65,65,170,CASMI_MOL_1196857,CASMI_MOL_336813,336813,Cc1ccc(O)c(C)c1CC1CC(=O)OC1(C)C,0.6113166411651935,binned_cosine_1Da,81,False,predicted_spectrum,9590
CASMI2022,massformer,completed,65,65,170,CASMI_MOL_1196857,CASMI_MOL_342601,342601,Cc1ccc(O)c(C)c1CC1CC(=O)OC1(C)C,0.6113166411651935,binned_cosine_1Da,82,False,predicted_spectrum,9590
CASMI2022,massformer,completed,65,65,170,CASMI_MOL_1196857,CASMI_MOL_339842,339842,Cc1ccc(C(C)C)cc1C(=O)C1(CO)COC1,0.6108166781434345,binned_cosine_1Da,83,False,predicted_spectrum,9590
CASMI2022,massformer,completed,65,65,170,CASMI_MOL_1196857,CASMI_MOL_337861,337861,Cc1ccc(CCC2(C)CCC(=O)O2)c(O)c1C,0.6107362836323605,binned_cosine_1Da,84,False,predicted_spectrum,9590
CASMI2022,massformer,completed,65,65,170,CASMI_MOL_1196857,CASMI_MOL_339212,339212,Cc1ccc(C)c(C2(C(C)(C)C(=O)O)COC2)c1,0.6106575542494599,binned_cosine_1Da,85,False,predicted_spectrum,9590
CASMI2022,massformer,completed,65,65,170,CASMI_MOL_1196857,CASMI_MOL_344519,344519,CCC1(C)C(=O)CC1c1ccc(OC)cc1OC,0.6104953711232148,binned_cosine_1Da,86,False,predicted_spectrum,9590
CASMI2022,massformer,completed,65,65,170,CASMI_MOL_1196857,CASMI_MOL_337782,337782,CCOC(=O)c1ccc2c(c1)C(C)(C)CC(C)O2,0.6104868335670256,binned_cosine_1Da,87,False,predicted_spectrum,9590
CASMI2022,massformer,completed,65,65,170,CASMI_MOL_1196857,CASMI_MOL_338356,338356,CC(C)(C)OC(=O)C12C(=O)CC3(C)C=CCC1C32,0.6101644581459355,binned_cosine_1Da,88,False,predicted_spectrum,9590
CASMI2022,massformer,completed,65,65,170,CASMI_MOL_1196857,CASMI_MOL_337288,337288,C=C(C)C1CCC2=C(C)CC1(C(=O)OCC)C2=O,0.6101055243089943,binned_cosine_1Da,89,False,predicted_spectrum,9590
CASMI2022,massformer,completed,65,65,170,CASMI_MOL_1196857,CASMI_MOL_342274,342274,Cc1ccc2c(c1)OC(C)(C)OCC2CCC=O,0.6096548107397542,binned_cosine_1Da,90,False,predicted_spectrum,9590
CASMI2022,massformer,completed,65,65,170,CASMI_MOL_1196857,CASMI_MOL_342356,342356,C=CCC1CCC2(C(=O)OCC)CC(=O)C3CC132,0.6094546796164062,binned_cosine_1Da,91,False,predicted_spectrum,9590
CASMI2022,massformer,completed,65,65,170,CASMI_MOL_1196857,CASMI_MOL_339463,339463,CCOc1c(C2(C(=O)O)CCC2)ccc(C)c1C,0.6089793519905173,binned_cosine_1Da,92,False,predicted_spectrum,9590
CASMI2022,massformer,completed,65,65,170,CASMI_MOL_1196857,CASMI_MOL_344378,344378,CCOc1cc(C)c(C(C(=O)O)C2CC2)cc1C,0.6089102562665055,binned_cosine_1Da,93,False,predicted_spectrum,9590
CASMI2022,massformer,completed,65,65,170,CASMI_MOL_1196857,CASMI_MOL_338907,338907,C#COc1cc(CC)c(O)c(COCCCC)c1,0.6087236592865405,binned_cosine_1Da,94,False,predicted_spectrum,9590
CASMI2022,massformer,completed,65,65,170,CASMI_MOL_1196857,CASMI_MOL_339458,339458,CCOc1ccc(C)cc1C1(C(=O)O)CCCC1,0.6084273639733238,binned_cosine_1Da,95,False,predicted_spectrum,9590
CASMI2022,massformer,completed,65,65,170,CASMI_MOL_1196857,CASMI_MOL_345025,345025,CCC(=O)C12C3C=CC(CC3)C1(C)C2C(=O)OC,0.6084178988872126,binned_cosine_1Da,96,False,predicted_spectrum,9590
CASMI2022,massformer,completed,65,65,170,CASMI_MOL_1196857,CASMI_MOL_345213,345213,CCC(=O)C12C3C=CC(CC3)C1(C)C2C(=O)OC,0.6084178988872126,binned_cosine_1Da,97,False,predicted_spectrum,9590
CASMI2022,massformer,completed,65,65,170,CASMI_MOL_1196857,CASMI_MOL_339895,339895,CCC(C(=O)O)C1(c2ccc(C)c(C)c2)COC1,0.6079870385038009,binned_cosine_1Da,98,False,predicted_spectrum,9590
CASMI2022,massformer,completed,65,65,170,CASMI_MOL_1196857,CASMI_MOL_338110,338110,CCOc1cc(CC=CCC(=O)CC)ccc1O,0.6078221114237063,binned_cosine_1Da,99,False,predicted_spectrum,9590
CASMI2022,massformer,completed,65,65,170,CASMI_MOL_1196857,CASMI_MOL_336275,336275,CC(C)=CC(=O)OC1C=CC(C)(C)C(C)=C1C=O,0.6078096340418135,binned_cosine_1Da,100,False,predicted_spectrum,9590
CASMI2022,massformer,completed,65,65,170,CASMI_MOL_1196857,CASMI_MOL_1196857,1196857,C=C1CCC2C(=CC(C(=O)O)CCC1=O)C2(C)C,0.537498526804862,binned_cosine_1Da,1994,True,predicted_spectrum,9590
