dataset,model,status,query_id,spectrum_id,casmi_id,true_candidate_id,candidate_id,candidate_mol_id,candidate_smiles,score,score_name,rank,is_correct,prediction_status,candidate_count
CASMI2022,massformer,completed,159,159,359,CASMI_MOL_1196914,CASMI_MOL_637019,637019,CCC1CCC(C)(c2cc(O)cc(O)c2)CC1,0.7459798658138856,binned_cosine_1Da,1,False,predicted_spectrum,9633
CASMI2022,massformer,completed,159,159,359,CASMI_MOL_1196914,CASMI_MOL_637185,637185,C=C(C(=O)O)C1C2CC3CC(C2)CC1(CC)C3,0.7443208749361042,binned_cosine_1Da,2,False,predicted_spectrum,9633
CASMI2022,massformer,completed,159,159,359,CASMI_MOL_1196914,CASMI_MOL_637474,637474,CCC(=CC12CC3CC(CC(C3)C1)C2)C(=O)O,0.7430003766418019,binned_cosine_1Da,3,False,predicted_spectrum,9633
CASMI2022,massformer,completed,159,159,359,CASMI_MOL_1196914,CASMI_MOL_631276,631276,C=C(C)C(=O)C1(C)C2CC3CC(C2)CC1(O)C3,0.7425075633304655,binned_cosine_1Da,4,False,predicted_spectrum,9633
CASMI2022,massformer,completed,159,159,359,CASMI_MOL_1196914,CASMI_MOL_629580,629580,C=C1C(C=O)C2C(C(C)C)CCC1(C)C2C=O,0.7408884063504557,binned_cosine_1Da,5,False,predicted_spectrum,9633
CASMI2022,massformer,completed,159,159,359,CASMI_MOL_1196914,CASMI_MOL_632072,632072,C=C(C(=O)O)C12CC3CC(CC(C3)C1CC)C2,0.740796351160466,binned_cosine_1Da,6,False,predicted_spectrum,9633
CASMI2022,massformer,completed,159,159,359,CASMI_MOL_1196914,CASMI_MOL_632073,632073,C=C(C(=O)O)C12CC3CC(CC(C3)C1CC)C2,0.740796351160466,binned_cosine_1Da,7,False,predicted_spectrum,9633
CASMI2022,massformer,completed,159,159,359,CASMI_MOL_1196914,CASMI_MOL_637407,637407,C=C(C(=O)O)C12CC3CC(CC(C3)C1CC)C2,0.740796351160466,binned_cosine_1Da,8,False,predicted_spectrum,9633
CASMI2022,massformer,completed,159,159,359,CASMI_MOL_1196914,CASMI_MOL_631256,631256,C=C(C(=O)OC)C1C2CC3CC(C2)CC1(C)C3,0.7403009409049425,binned_cosine_1Da,9,False,predicted_spectrum,9633
CASMI2022,massformer,completed,159,159,359,CASMI_MOL_1196914,CASMI_MOL_635636,635636,C=C(C(=O)OCC)C12CC3CC(CC(C3)C1)C2,0.7401907932972905,binned_cosine_1Da,10,False,predicted_spectrum,9633
CASMI2022,massformer,completed,159,159,359,CASMI_MOL_1196914,CASMI_MOL_635757,635757,CCOC(=O)C=CC12CC3CC(CC(C3)C1)C2,0.7401736168677173,binned_cosine_1Da,11,False,predicted_spectrum,9633
CASMI2022,massformer,completed,159,159,359,CASMI_MOL_1196914,CASMI_MOL_635574,635574,CC(=CC12CC3CC(CC(C)(C3)C1)C2)C(=O)O,0.739203808259006,binned_cosine_1Da,12,False,predicted_spectrum,9633
CASMI2022,massformer,completed,159,159,359,CASMI_MOL_1196914,CASMI_MOL_635456,635456,C=C(C(=O)O)C12CC3CC(CC(CC)(C3)C1)C2,0.739188834395818,binned_cosine_1Da,13,False,predicted_spectrum,9633
CASMI2022,massformer,completed,159,159,359,CASMI_MOL_1196914,CASMI_MOL_629937,629937,C=C1CCCC2(C)CCC(O)(C(=C)C=O)CC12,0.7371168987724332,binned_cosine_1Da,14,False,predicted_spectrum,9633
CASMI2022,massformer,completed,159,159,359,CASMI_MOL_1196914,CASMI_MOL_637247,637247,C=C(C(=O)O)C1C2CC3CC(C)(C2)CC1(C)C3,0.7348204578163536,binned_cosine_1Da,15,False,predicted_spectrum,9633
CASMI2022,massformer,completed,159,159,359,CASMI_MOL_1196914,CASMI_MOL_634688,634688,C=CC1CC(C(C)C)C2C(=O)CC1(C)CC2=O,0.7348153973171546,binned_cosine_1Da,16,False,predicted_spectrum,9633
CASMI2022,massformer,completed,159,159,359,CASMI_MOL_1196914,CASMI_MOL_637371,637371,C=C(C(=O)O)C1(C)C2CC3CC(C2)CC1(C)C3,0.7338112527849874,binned_cosine_1Da,17,False,predicted_spectrum,9633
CASMI2022,massformer,completed,159,159,359,CASMI_MOL_1196914,CASMI_MOL_638644,638644,C=C(C(=O)O)C1C2(C)CC3CC(C2)CC1(C)C3,0.7333301876913463,binned_cosine_1Da,18,False,predicted_spectrum,9633
CASMI2022,massformer,completed,159,159,359,CASMI_MOL_1196914,CASMI_MOL_637356,637356,CCOC(=O)C=CC1C2CC3CC(C2)CC1C3,0.7331705303987891,binned_cosine_1Da,19,False,predicted_spectrum,9633
CASMI2022,massformer,completed,159,159,359,CASMI_MOL_1196914,CASMI_MOL_637357,637357,CCOC(=O)C=CC1C2CC3CC(C2)CC1C3,0.7331705303987891,binned_cosine_1Da,20,False,predicted_spectrum,9633
CASMI2022,massformer,completed,159,159,359,CASMI_MOL_1196914,CASMI_MOL_638921,638921,CCOC(=O)C=CC1C2CC3CC(C2)CC1C3,0.7331705303987891,binned_cosine_1Da,21,False,predicted_spectrum,9633
CASMI2022,massformer,completed,159,159,359,CASMI_MOL_1196914,CASMI_MOL_631605,631605,CC(=O)CC1C2CC3CC(C2)C(C(C)=O)C1C3,0.7325924898772204,binned_cosine_1Da,22,False,predicted_spectrum,9633
CASMI2022,massformer,completed,159,159,359,CASMI_MOL_1196914,CASMI_MOL_638832,638832,CC(C)CC1CCCCCc2ccc(=O)oc21,0.7317575868710771,binned_cosine_1Da,23,False,predicted_spectrum,9633
CASMI2022,massformer,completed,159,159,359,CASMI_MOL_1196914,CASMI_MOL_634641,634641,C=C1C(=O)CC2(O)CC3CC(C)(C)CC3C12C,0.7317190027155401,binned_cosine_1Da,24,False,predicted_spectrum,9633
CASMI2022,massformer,completed,159,159,359,CASMI_MOL_1196914,CASMI_MOL_631255,631255,C=C(C(=O)OC)C1(C)C2CC3CC(C2)CC1C3,0.730650764257185,binned_cosine_1Da,25,False,predicted_spectrum,9633
CASMI2022,massformer,completed,159,159,359,CASMI_MOL_1196914,CASMI_MOL_635891,635891,CCC(=CC1C2CC3CC(C2)CC1C3)C(=O)O,0.7301743193201211,binned_cosine_1Da,26,False,predicted_spectrum,9633
CASMI2022,massformer,completed,159,159,359,CASMI_MOL_1196914,CASMI_MOL_637281,637281,CCC(=CC1C2CC3CC(C2)CC1C3)C(=O)O,0.7301743193201211,binned_cosine_1Da,27,False,predicted_spectrum,9633
CASMI2022,massformer,completed,159,159,359,CASMI_MOL_1196914,CASMI_MOL_634634,634634,C=C(C=O)C1CCC2(C1)C1CCC(C1)C2(C)O,0.7298852126025881,binned_cosine_1Da,28,False,predicted_spectrum,9633
CASMI2022,massformer,completed,159,159,359,CASMI_MOL_1196914,CASMI_MOL_634881,634881,C=C(C=O)C1CCC2(C1)C1CCC(C1)C2(C)O,0.7298852126025881,binned_cosine_1Da,29,False,predicted_spectrum,9633
CASMI2022,massformer,completed,159,159,359,CASMI_MOL_1196914,CASMI_MOL_629645,629645,C=C(C)C(=O)CC12CCCC3CC(O)(C1)C3C2,0.7295212692144455,binned_cosine_1Da,30,False,predicted_spectrum,9633
CASMI2022,massformer,completed,159,159,359,CASMI_MOL_1196914,CASMI_MOL_637226,637226,COC(=O)C1=C(C2CCCCC2)C2CCC1C2,0.7293890426943572,binned_cosine_1Da,31,False,predicted_spectrum,9633
CASMI2022,massformer,completed,159,159,359,CASMI_MOL_1196914,CASMI_MOL_638864,638864,CC(C)CCCC12CCCC(=CCC1=O)C2=O,0.7293594901966931,binned_cosine_1Da,32,False,predicted_spectrum,9633
CASMI2022,massformer,completed,159,159,359,CASMI_MOL_1196914,CASMI_MOL_629899,629899,CC(C)C1CCC2(C)C(=O)CCC(C=O)=CC12,0.7293399063916285,binned_cosine_1Da,33,False,predicted_spectrum,9633
CASMI2022,massformer,completed,159,159,359,CASMI_MOL_1196914,CASMI_MOL_630371,630371,CC(C)C1CCC2(C)C(=O)CCC(C=O)=CC12,0.7293399063916285,binned_cosine_1Da,34,False,predicted_spectrum,9633
CASMI2022,massformer,completed,159,159,359,CASMI_MOL_1196914,CASMI_MOL_635742,635742,CC(C)C1CCC2(C)C(=O)CCC(C=O)=CC12,0.7293399063916285,binned_cosine_1Da,35,False,predicted_spectrum,9633
CASMI2022,massformer,completed,159,159,359,CASMI_MOL_1196914,CASMI_MOL_630640,630640,CC=C(C(=O)O)C1C2CC3CC1CC(C)(C3)C2,0.7291259128311094,binned_cosine_1Da,36,False,predicted_spectrum,9633
CASMI2022,massformer,completed,159,159,359,CASMI_MOL_1196914,CASMI_MOL_631037,631037,C=CC(=O)CC1CC2CC1C(CC)C2C(C)=O,0.7283135023328212,binned_cosine_1Da,37,False,predicted_spectrum,9633
CASMI2022,massformer,completed,159,159,359,CASMI_MOL_1196914,CASMI_MOL_631275,631275,C=CC(=O)C1(CC)C2CC3CC(C2)CC1(O)C3,0.7268610544914546,binned_cosine_1Da,38,False,predicted_spectrum,9633
CASMI2022,massformer,completed,159,159,359,CASMI_MOL_1196914,CASMI_MOL_631723,631723,C=CC12CC3(C)CCC(C1C3)C2(C)CC(=O)O,0.7265091844927629,binned_cosine_1Da,39,False,predicted_spectrum,9633
CASMI2022,massformer,completed,159,159,359,CASMI_MOL_1196914,CASMI_MOL_631212,631212,CC(=O)C1(C23CC4CC(CC(O)(C4)C2)C3)CC1,0.7263812590531689,binned_cosine_1Da,40,False,predicted_spectrum,9633
CASMI2022,massformer,completed,159,159,359,CASMI_MOL_1196914,CASMI_MOL_631324,631324,C=C(C(=O)OC)C1(C)CC2CC1C1CCCC21,0.7263519860824262,binned_cosine_1Da,41,False,predicted_spectrum,9633
CASMI2022,massformer,completed,159,159,359,CASMI_MOL_1196914,CASMI_MOL_631186,631186,C=C(C)C#CC1(O)C(C)(C)CC(=O)CC1(C)C,0.726091223508,binned_cosine_1Da,42,False,predicted_spectrum,9633
CASMI2022,massformer,completed,159,159,359,CASMI_MOL_1196914,CASMI_MOL_631582,631582,C=C1CCCC(C)(C)C1=CC=C(C)CC(=O)O,0.726037836256418,binned_cosine_1Da,43,False,predicted_spectrum,9633
CASMI2022,massformer,completed,159,159,359,CASMI_MOL_1196914,CASMI_MOL_632115,632115,C=C1CCCC(C)(C)C1=CC=C(C)CC(=O)O,0.726037836256418,binned_cosine_1Da,44,False,predicted_spectrum,9633
CASMI2022,massformer,completed,159,159,359,CASMI_MOL_1196914,CASMI_MOL_634550,634550,C=C1CCCC(C)(C)C1=CC=C(C)CC(=O)O,0.726037836256418,binned_cosine_1Da,45,False,predicted_spectrum,9633
CASMI2022,massformer,completed,159,159,359,CASMI_MOL_1196914,CASMI_MOL_635089,635089,C=C1CCCC(C)(C)C1=CC=C(C)CC(=O)O,0.726037836256418,binned_cosine_1Da,46,False,predicted_spectrum,9633
CASMI2022,massformer,completed,159,159,359,CASMI_MOL_1196914,CASMI_MOL_636893,636893,C=C1CCCC(C)(C)C1=CC=C(C)CC(=O)O,0.726037836256418,binned_cosine_1Da,47,False,predicted_spectrum,9633
CASMI2022,massformer,completed,159,159,359,CASMI_MOL_1196914,CASMI_MOL_639009,639009,C=C1CCCC(C)(C)C1=CC=C(C)CC(=O)O,0.726037836256418,binned_cosine_1Da,48,False,predicted_spectrum,9633
CASMI2022,massformer,completed,159,159,359,CASMI_MOL_1196914,CASMI_MOL_630163,630163,CC(C)C1CCC(=O)C2(C)CCC(C=O)=CC12,0.7255143792703821,binned_cosine_1Da,49,False,predicted_spectrum,9633
CASMI2022,massformer,completed,159,159,359,CASMI_MOL_1196914,CASMI_MOL_634875,634875,CC(C)C1CCC(=O)C2(C)CCC(C=O)=CC12,0.7255143792703821,binned_cosine_1Da,50,False,predicted_spectrum,9633
CASMI2022,massformer,completed,159,159,359,CASMI_MOL_1196914,CASMI_MOL_630122,630122,C=C1CCC(C(C)C)C12C=CC(C(=O)O)CC2,0.7252174425138638,binned_cosine_1Da,51,False,predicted_spectrum,9633
CASMI2022,massformer,completed,159,159,359,CASMI_MOL_1196914,CASMI_MOL_630211,630211,C=C1CCC(C(C)C)C12C=CC(C(=O)O)CC2,0.7252174425138638,binned_cosine_1Da,52,False,predicted_spectrum,9633
CASMI2022,massformer,completed,159,159,359,CASMI_MOL_1196914,CASMI_MOL_630586,630586,C=C1CCC(C(C)C)C12C=CC(C(=O)O)CC2,0.7252174425138638,binned_cosine_1Da,53,False,predicted_spectrum,9633
CASMI2022,massformer,completed,159,159,359,CASMI_MOL_1196914,CASMI_MOL_638673,638673,C=C1CCC(C(C)C)C12C=CC(C(=O)O)CC2,0.7252174425138638,binned_cosine_1Da,54,False,predicted_spectrum,9633
CASMI2022,massformer,completed,159,159,359,CASMI_MOL_1196914,CASMI_MOL_637491,637491,C=C(C)C(=O)CC12CC3CC(CC(O)(C3)C1)C2,0.7252092943249195,binned_cosine_1Da,55,False,predicted_spectrum,9633
CASMI2022,massformer,completed,159,159,359,CASMI_MOL_1196914,CASMI_MOL_634909,634909,CC1CCC2C(C(=O)O)=CC3CC(C)(C)CC132,0.7247819321510741,binned_cosine_1Da,56,False,predicted_spectrum,9633
CASMI2022,massformer,completed,159,159,359,CASMI_MOL_1196914,CASMI_MOL_635159,635159,CC1CCC2C(C(=O)O)=CC3CC(C)(C)CC132,0.7247819321510741,binned_cosine_1Da,57,False,predicted_spectrum,9633
CASMI2022,massformer,completed,159,159,359,CASMI_MOL_1196914,CASMI_MOL_635163,635163,CC1CCC2C(C(=O)O)=CC3CC(C)(C)CC132,0.7247819321510741,binned_cosine_1Da,58,False,predicted_spectrum,9633
CASMI2022,massformer,completed,159,159,359,CASMI_MOL_1196914,CASMI_MOL_635519,635519,CC1CCC2C(C(=O)O)=CC3CC(C)(C)CC132,0.7247819321510741,binned_cosine_1Da,59,False,predicted_spectrum,9633
CASMI2022,massformer,completed,159,159,359,CASMI_MOL_1196914,CASMI_MOL_637006,637006,CC1CCC2C(C(=O)O)=CC3CC(C)(C)CC132,0.7247819321510741,binned_cosine_1Da,60,False,predicted_spectrum,9633
CASMI2022,massformer,completed,159,159,359,CASMI_MOL_1196914,CASMI_MOL_638967,638967,CC1CCC2C(C(=O)O)=CC3CC(C)(C)CC132,0.7247819321510741,binned_cosine_1Da,61,False,predicted_spectrum,9633
CASMI2022,massformer,completed,159,159,359,CASMI_MOL_1196914,CASMI_MOL_638968,638968,CC1CCC2C(C(=O)O)=CC3CC(C)(C)CC132,0.7247819321510741,binned_cosine_1Da,62,False,predicted_spectrum,9633
CASMI2022,massformer,completed,159,159,359,CASMI_MOL_1196914,CASMI_MOL_638969,638969,CC1CCC2C(C(=O)O)=CC3CC(C)(C)CC132,0.7247819321510741,binned_cosine_1Da,63,False,predicted_spectrum,9633
CASMI2022,massformer,completed,159,159,359,CASMI_MOL_1196914,CASMI_MOL_638994,638994,CC1CCC2C(C(=O)O)=CC3CC(C)(C)CC132,0.7247819321510741,binned_cosine_1Da,64,False,predicted_spectrum,9633
CASMI2022,massformer,completed,159,159,359,CASMI_MOL_1196914,CASMI_MOL_639017,639017,CC1CCC2C(C(=O)O)=CC3CC(C)(C)CC132,0.7247819321510741,binned_cosine_1Da,65,False,predicted_spectrum,9633
CASMI2022,massformer,completed,159,159,359,CASMI_MOL_1196914,CASMI_MOL_635731,635731,COC(=O)C(C)=CC1C2CC3CC(C2)CC1C3,0.7243765531610231,binned_cosine_1Da,66,False,predicted_spectrum,9633
CASMI2022,massformer,completed,159,159,359,CASMI_MOL_1196914,CASMI_MOL_636876,636876,CCOC=CC(=O)C12CC3CC(CC(C3)C1)C2,0.7238535046763623,binned_cosine_1Da,67,False,predicted_spectrum,9633
CASMI2022,massformer,completed,159,159,359,CASMI_MOL_1196914,CASMI_MOL_637456,637456,C=C(C(=O)OCC)C1C2CC3CC(C2)CC1C3,0.7237407002253403,binned_cosine_1Da,68,False,predicted_spectrum,9633
CASMI2022,massformer,completed,159,159,359,CASMI_MOL_1196914,CASMI_MOL_636118,636118,CCCC1CCC(C(=O)Cc2ccco2)CC1,0.723731044130692,binned_cosine_1Da,69,False,predicted_spectrum,9633
CASMI2022,massformer,completed,159,159,359,CASMI_MOL_1196914,CASMI_MOL_631706,631706,CC1(C)CCC=C(C2C=CC(C(=O)O)CC2)C1,0.7235334307505269,binned_cosine_1Da,70,False,predicted_spectrum,9633
CASMI2022,massformer,completed,159,159,359,CASMI_MOL_1196914,CASMI_MOL_635520,635520,CC1(C)CCC=C(C2C=CC(C(=O)O)CC2)C1,0.7235334307505269,binned_cosine_1Da,71,False,predicted_spectrum,9633
CASMI2022,massformer,completed,159,159,359,CASMI_MOL_1196914,CASMI_MOL_638491,638491,C=C(C)C1CC(=O)C2=CCCC(C)C2(CO)C1,0.7234740993847393,binned_cosine_1Da,72,False,predicted_spectrum,9633
CASMI2022,massformer,completed,159,159,359,CASMI_MOL_1196914,CASMI_MOL_630050,630050,C=C(C(=O)O)C1CCC2=CCCC(C)C2(C)C1,0.7231246166636349,binned_cosine_1Da,73,False,predicted_spectrum,9633
CASMI2022,massformer,completed,159,159,359,CASMI_MOL_1196914,CASMI_MOL_638549,638549,C=C(C(=O)O)C1CCC2=CCCC(C)C2(C)C1,0.7231246166636349,binned_cosine_1Da,74,False,predicted_spectrum,9633
CASMI2022,massformer,completed,159,159,359,CASMI_MOL_1196914,CASMI_MOL_634610,634610,C=CC1(C)CCC(C(C)C)C2OC(=O)C(=C)C21,0.7230969552705567,binned_cosine_1Da,75,False,predicted_spectrum,9633
CASMI2022,massformer,completed,159,159,359,CASMI_MOL_1196914,CASMI_MOL_630728,630728,CCCC1CCC(C2CC=CCC2=O)CC1=O,0.7230596131735743,binned_cosine_1Da,76,False,predicted_spectrum,9633
CASMI2022,massformer,completed,159,159,359,CASMI_MOL_1196914,CASMI_MOL_630281,630281,C=C(C(=O)O)C1CCC2(C)CCCC(=C)C2C1,0.7230301119294287,binned_cosine_1Da,77,False,predicted_spectrum,9633
CASMI2022,massformer,completed,159,159,359,CASMI_MOL_1196914,CASMI_MOL_630856,630856,C=C(C(=O)O)C1CCC2(C)CCCC(=C)C2C1,0.7230301119294287,binned_cosine_1Da,78,False,predicted_spectrum,9633
CASMI2022,massformer,completed,159,159,359,CASMI_MOL_1196914,CASMI_MOL_631748,631748,C=C(C(=O)O)C1CCC2(C)CCCC(=C)C2C1,0.7230301119294287,binned_cosine_1Da,79,False,predicted_spectrum,9633
CASMI2022,massformer,completed,159,159,359,CASMI_MOL_1196914,CASMI_MOL_635411,635411,C=C(C(=O)O)C1CCC2(C)CCCC(=C)C2C1,0.7230301119294287,binned_cosine_1Da,80,False,predicted_spectrum,9633
CASMI2022,massformer,completed,159,159,359,CASMI_MOL_1196914,CASMI_MOL_631527,631527,CC1=CCC(=C(C)C=O)C(=O)CC(C)CCC1,0.7229818242389715,binned_cosine_1Da,81,False,predicted_spectrum,9633
CASMI2022,massformer,completed,159,159,359,CASMI_MOL_1196914,CASMI_MOL_631828,631828,CC1=CCC(=C(C)C=O)C(=O)CC(C)CCC1,0.7229818242389715,binned_cosine_1Da,82,False,predicted_spectrum,9633
CASMI2022,massformer,completed,159,159,359,CASMI_MOL_1196914,CASMI_MOL_636899,636899,CC1=CCC(=C(C)C=O)C(=O)CC(C)CCC1,0.7229818242389715,binned_cosine_1Da,83,False,predicted_spectrum,9633
CASMI2022,massformer,completed,159,159,359,CASMI_MOL_1196914,CASMI_MOL_639013,639013,CC1=CCC(=C(C)C=O)C(=O)CC(C)CCC1,0.7229818242389715,binned_cosine_1Da,84,False,predicted_spectrum,9633
CASMI2022,massformer,completed,159,159,359,CASMI_MOL_1196914,CASMI_MOL_637123,637123,CCCCCCC1(C=C2C=CC=C2)OC(C)O1,0.7229097325921451,binned_cosine_1Da,85,False,predicted_spectrum,9633
CASMI2022,massformer,completed,159,159,359,CASMI_MOL_1196914,CASMI_MOL_629819,629819,C=C(C=O)C1CCC2(C)CCCC(=C)C2C1O,0.7228867233788041,binned_cosine_1Da,86,False,predicted_spectrum,9633
CASMI2022,massformer,completed,159,159,359,CASMI_MOL_1196914,CASMI_MOL_629820,629820,C=C(C=O)C1CCC2(C)CCCC(=C)C2C1O,0.7228867233788041,binned_cosine_1Da,87,False,predicted_spectrum,9633
CASMI2022,massformer,completed,159,159,359,CASMI_MOL_1196914,CASMI_MOL_630257,630257,C=C(C=O)C1CCC2(C)CCCC(=C)C2C1O,0.7228867233788041,binned_cosine_1Da,88,False,predicted_spectrum,9633
CASMI2022,massformer,completed,159,159,359,CASMI_MOL_1196914,CASMI_MOL_629550,629550,CC12CC3CC(C)(C1)CC(C=CC(=O)O)(C3)C2,0.7228396251091033,binned_cosine_1Da,89,False,predicted_spectrum,9633
CASMI2022,massformer,completed,159,159,359,CASMI_MOL_1196914,CASMI_MOL_638920,638920,CC12CC3CC(C)(C1)CC(C=CC(=O)O)(C3)C2,0.7228396251091033,binned_cosine_1Da,90,False,predicted_spectrum,9633
CASMI2022,massformer,completed,159,159,359,CASMI_MOL_1196914,CASMI_MOL_629965,629965,C=C(C(=O)O)C1CC=C2CCCC(C)C2(C)C1,0.7227664276497568,binned_cosine_1Da,91,False,predicted_spectrum,9633
CASMI2022,massformer,completed,159,159,359,CASMI_MOL_1196914,CASMI_MOL_631753,631753,C=C(C(=O)O)C1CC=C2CCCC(C)C2(C)C1,0.7227664276497568,binned_cosine_1Da,92,False,predicted_spectrum,9633
CASMI2022,massformer,completed,159,159,359,CASMI_MOL_1196914,CASMI_MOL_636901,636901,C=C(C(=O)O)C1CC=C2CCCC(C)C2(C)C1,0.7227664276497568,binned_cosine_1Da,93,False,predicted_spectrum,9633
CASMI2022,massformer,completed,159,159,359,CASMI_MOL_1196914,CASMI_MOL_634417,634417,CCC1CC2(C)CC(=O)C3=C(C)CC1(C)C32O,0.7226191264062423,binned_cosine_1Da,94,False,predicted_spectrum,9633
CASMI2022,massformer,completed,159,159,359,CASMI_MOL_1196914,CASMI_MOL_630029,630029,C=C1C2CCC(C(=O)O)C23CCC(C3)C1(C)C,0.7226011570964436,binned_cosine_1Da,95,False,predicted_spectrum,9633
CASMI2022,massformer,completed,159,159,359,CASMI_MOL_1196914,CASMI_MOL_630186,630186,C=C1C2CCC(C(=O)O)C23CCC(C3)C1(C)C,0.7226011570964436,binned_cosine_1Da,96,False,predicted_spectrum,9633
CASMI2022,massformer,completed,159,159,359,CASMI_MOL_1196914,CASMI_MOL_630596,630596,C=C1C2CCC(C(=O)O)C23CCC(C3)C1(C)C,0.7226011570964436,binned_cosine_1Da,97,False,predicted_spectrum,9633
CASMI2022,massformer,completed,159,159,359,CASMI_MOL_1196914,CASMI_MOL_631627,631627,C=C1C2CCC(C(=O)O)C23CCC(C3)C1(C)C,0.7226011570964436,binned_cosine_1Da,98,False,predicted_spectrum,9633
CASMI2022,massformer,completed,159,159,359,CASMI_MOL_1196914,CASMI_MOL_631751,631751,C=C1C2CCC(C(=O)O)C23CCC(C3)C1(C)C,0.7226011570964436,binned_cosine_1Da,99,False,predicted_spectrum,9633
CASMI2022,massformer,completed,159,159,359,CASMI_MOL_1196914,CASMI_MOL_634853,634853,C=C1C2CCC(C(=O)O)C23CCC(C3)C1(C)C,0.7226011570964436,binned_cosine_1Da,100,False,predicted_spectrum,9633
CASMI2022,massformer,completed,159,159,359,CASMI_MOL_1196914,CASMI_MOL_1196914,1196914,C=C1CCCC(C)(C)C12C=CC(C(=O)O)CC2,0.7211521140203352,binned_cosine_1Da,118,True,predicted_spectrum,9633
CASMI2022,massformer,completed,163,163,366,CASMI_MOL_1196962,CASMI_MOL_895775,895775,CNC(C)C(=O)NC(C(=O)N1CCCC1)C(C)OCC#CC#CCOC(C)C(NC(=O)C(C)NC)C(=O)N1CCCC1Cn1ncnc1Sc1ccccc1,0.612481606922564,binned_cosine_1Da,1,False,predicted_spectrum,361
CASMI2022,massformer,completed,163,163,366,CASMI_MOL_1196962,CASMI_MOL_895774,895774,CNC(C)C(=O)NC(C(=O)N1CCCC1)C(C)OCC#CC#CCOC(C)C(NC(=O)C(C)NC)C(=O)N1CCCC1Cn1nncc1Sc1ccccc1,0.601425717419061,binned_cosine_1Da,2,False,predicted_spectrum,361
CASMI2022,massformer,completed,163,163,366,CASMI_MOL_1196962,CASMI_MOL_895538,895538,COC(=O)C(C)CC(Cc1ccc2ccccc2c1)NC(=O)c1csc(C(CC(C(C)C)N(C)C(=O)C(NC(=O)C2CCCCN2C)C(C)C)OC(C)=O)n1,0.5866160161862275,binned_cosine_1Da,3,False,predicted_spectrum,361
CASMI2022,massformer,completed,163,163,366,CASMI_MOL_1196962,CASMI_MOL_895565,895565,COC(=O)C(C)CC(Cc1ccc2ccccc2c1)NC(=O)c1csc(C(CC(C(C)C)N(C)C(=O)C(NC(=O)C2CCCCN2C)C(C)C)OC(C)=O)n1,0.5866160161862275,binned_cosine_1Da,4,False,predicted_spectrum,361
CASMI2022,massformer,completed,163,163,366,CASMI_MOL_1196962,CASMI_MOL_895568,895568,COC(=O)C(C)CC(Cc1ccc2ccccc2c1)NC(=O)c1csc(C(CC(C(C)C)N(C)C(=O)C(NC(=O)C2CCCCN2C)C(C)C)OC(C)=O)n1,0.5866160161862275,binned_cosine_1Da,5,False,predicted_spectrum,361
CASMI2022,massformer,completed,163,163,366,CASMI_MOL_1196962,CASMI_MOL_895723,895723,COc1ccc(-c2c(C3CCCCC3)c3ccc(C(=O)NS(=O)(=O)N(C)C)cc3n2CC(C)(C)C(=O)N2CC3CCCN(C(=O)OC(C)(C)C)C3C2)c(C)c1,0.585833879128376,binned_cosine_1Da,6,False,predicted_spectrum,361
CASMI2022,massformer,completed,163,163,366,CASMI_MOL_1196962,CASMI_MOL_895702,895702,CNC(C)C(=O)Nc1nc(CC(=O)NCCc2cn(C3CC(C(=O)NC4CCCc5ccccc54)N(C(=O)C(NC(=O)C(C)NC)C(C)(C)C)C3)nn2)cs1,0.5689018922147703,binned_cosine_1Da,7,False,predicted_spectrum,361
CASMI2022,massformer,completed,163,163,366,CASMI_MOL_1196962,CASMI_MOL_895582,895582,CCNC(Cc1c[nH]c2ccccc12)C(=O)NC(CSCc1ccc(CN)cc1)C(=O)N1CCCC1C(=O)NC(C(=O)NC(CC(N)=O)C(=O)NC)C(C)C,0.5628420867106011,binned_cosine_1Da,8,False,predicted_spectrum,361
CASMI2022,massformer,completed,163,163,366,CASMI_MOL_1196962,CASMI_MOL_895620,895620,CCC1(COCCCCCOCc2ccc3sc4c(ccc5c4c4cc(COCCCCCOCC6(CC)COC6)ccc4n5-c4ccccc4)c3c2)COC1,0.5604466223585745,binned_cosine_1Da,9,False,predicted_spectrum,361
CASMI2022,massformer,completed,163,163,366,CASMI_MOL_1196962,CASMI_MOL_895622,895622,CCC1(COCCCCCOCc2ccc3sc4cc5c(cc4c3c2)c2cc(COCCCCCOCC3(CC)COC3)ccc2n5-c2ccccc2)COC1,0.5597665315956198,binned_cosine_1Da,10,False,predicted_spectrum,361
CASMI2022,massformer,completed,163,163,366,CASMI_MOL_1196962,CASMI_MOL_895623,895623,CCC1(COCCCCCOCc2ccc3sc4ccc5c6cc(COCCCCCOCC7(CC)COC7)ccc6n(-c6ccccc6)c5c4c3c2)COC1,0.5591308410582111,binned_cosine_1Da,11,False,predicted_spectrum,361
CASMI2022,massformer,completed,163,163,366,CASMI_MOL_1196962,CASMI_MOL_895706,895706,C#CCCC(NC(=O)C1C(C(C)C)C(=C)CN1C(=O)C(NC(=O)NC1(CS(=O)(=O)C(C)(C)C)CCCCC1)C1Cc2ccccc2C1)C(=O)C(=O)NCC=C,0.557572561560031,binned_cosine_1Da,12,False,predicted_spectrum,361
CASMI2022,massformer,completed,163,163,366,CASMI_MOL_1196962,CASMI_MOL_895621,895621,CCC1(COCCCCCOCc2ccc3sc4ccc5c(c6cc(COCCCCCOCC7(CC)COC7)ccc6n5-c5ccccc5)c4c3c2)COC1,0.5554253903188042,binned_cosine_1Da,13,False,predicted_spectrum,361
CASMI2022,massformer,completed,163,163,366,CASMI_MOL_1196962,CASMI_MOL_895618,895618,CC(C)C(NC(=O)O)C(=O)N1CCCC1Cc1c(-c2nc3cc(F)ccc3n2CC2CCCN2C(=O)C(NC(=O)OC(C)(C)C)C(C)C)[nH]c2cc(F)ccc12,0.549539001504386,binned_cosine_1Da,14,False,predicted_spectrum,361
CASMI2022,massformer,completed,163,163,366,CASMI_MOL_1196962,CASMI_MOL_895619,895619,CC(C)C(NC(=O)O)C(=O)N1CCCC1Cc1c(-c2nc3cc(F)ccc3n2CC2CCCN2C(=O)C(NC(=O)OC(C)(C)C)C(C)C)[nH]c2cc(F)ccc12,0.549539001504386,binned_cosine_1Da,15,False,predicted_spectrum,361
CASMI2022,massformer,completed,163,163,366,CASMI_MOL_1196962,CASMI_MOL_895563,895563,COc1cc2c(cc1OC(C)C)C(c1ccc(Cl)cc1)N(c1ccc(N(C)CC3CCC(N(C)CCOCCOCC(=O)OC(C)(C)C)CC3)cc1)C(=O)C2,0.5483312837147024,binned_cosine_1Da,16,False,predicted_spectrum,361
CASMI2022,massformer,completed,163,163,366,CASMI_MOL_1196962,CASMI_MOL_895625,895625,CC1(C)CC(=O)N(CCNC(=O)C2CCCC2NC(=O)C(N)CCN(C(=O)CO)C(c2nc(-c3cc(F)ccc3F)cn2Cc2ccccc2)C(C)(C)C)C1=O,0.546261537961291,binned_cosine_1Da,17,False,predicted_spectrum,361
CASMI2022,massformer,completed,163,163,366,CASMI_MOL_1196962,CASMI_MOL_895626,895626,CC1(C)CC(=O)N(CCNC(=O)C2CCCC2NC(=O)C(N)CCN(C(=O)CO)C(c2nc(-c3cc(F)ccc3F)cn2Cc2ccccc2)C(C)(C)C)C1=O,0.546261537961291,binned_cosine_1Da,18,False,predicted_spectrum,361
CASMI2022,massformer,completed,163,163,366,CASMI_MOL_1196962,CASMI_MOL_895694,895694,CCC(C)C(NC(=O)C1CCCCN1C)C(=O)N(Cc1ccccc1)C(CC(O)c1nc(C(=O)NC(Cc2ccc(O)cc2)CC(C)C(=O)O)cs1)C(C)C,0.545935226094316,binned_cosine_1Da,19,False,predicted_spectrum,361
CASMI2022,massformer,completed,163,163,366,CASMI_MOL_1196962,CASMI_MOL_895747,895747,CCC(C)C(NC(=O)C1CCCCN1C)C(=O)N(Cc1ccccc1)C(CC(O)c1nc(C(=O)NC(Cc2ccc(O)cc2)CC(C)C(=O)O)cs1)C(C)C,0.545935226094316,binned_cosine_1Da,20,False,predicted_spectrum,361
CASMI2022,massformer,completed,163,163,366,CASMI_MOL_1196962,CASMI_MOL_895544,895544,C=C(OCC)c1ncoc1C(Cc1ccccc1)NC(=O)c1csc(C(CC(C(C)C)N(C)C(=O)C(CC(=O)C2CCCCN2C)C(C)CC)OC(C)=O)n1,0.5435058388646177,binned_cosine_1Da,21,False,predicted_spectrum,361
CASMI2022,massformer,completed,163,163,366,CASMI_MOL_1196962,CASMI_MOL_895748,895748,CC(C)NC(=O)CN1CCN(Cc2ccc(-c3cccc(-n4c(=O)n(C5CCC(NC(O)c6cn7c(n6)CCCC7)CC5)c(=O)c5cc(F)cnc54)c3)cc2)CC1,0.5407594451215614,binned_cosine_1Da,22,False,predicted_spectrum,361
CASMI2022,massformer,completed,163,163,366,CASMI_MOL_1196962,CASMI_MOL_895596,895596,CCCCCCCOc1ccc(-c2cnc(-c3ccc(CC(NC(=O)c4ccc(C(C)(C)C)cc4)C(=O)NC(CC(=O)O)C(=O)N4CCOCC4)cc3)nc2)cc1,0.5316493635838248,binned_cosine_1Da,23,False,predicted_spectrum,361
CASMI2022,massformer,completed,163,163,366,CASMI_MOL_1196962,CASMI_MOL_895673,895673,CCCCCCCOc1ccc(-c2cnc(-c3ccc(CC(NC(=O)c4ccc(C(C)(C)C)cc4)C(=O)NC(CC(=O)O)C(=O)N4CCOCC4)cc3)nc2)cc1,0.5316493635838248,binned_cosine_1Da,24,False,predicted_spectrum,361
CASMI2022,massformer,completed,163,163,366,CASMI_MOL_1196962,CASMI_MOL_895652,895652,CCc1ccc2nc(C)c3c(c2c1)CCC1(CC2C(=O)NC4(C(=O)NS(=O)(=O)C5(C)CC5)CCC4C=CCCCCCC(NC(=O)OCC(C)C)CN2C1)O3,0.5277697054713707,binned_cosine_1Da,25,False,predicted_spectrum,361
CASMI2022,massformer,completed,163,163,366,CASMI_MOL_1196962,CASMI_MOL_895529,895529,C=CC(C)CCCC(C)C(NC(=O)OC(C)(C)C)C(=O)N1CC(Oc2ncc(OC)c3ccccc23)CC1C(=O)NC1(C(=O)NS(=CC)C2CC2)CC1C=C,0.5251190163344311,binned_cosine_1Da,26,False,predicted_spectrum,361
CASMI2022,massformer,completed,163,163,366,CASMI_MOL_1196962,CASMI_MOL_895833,895833,CC1=CCCC2(C)C(CCC2(O)CN(CC2CCCO2)C(=O)Oc2ccc3ccccc3c2)c2ccc(cc2C(=O)c2ccc(-c3ccccc3)cc2)CC(O)CC1,0.5235561227111436,binned_cosine_1Da,27,False,predicted_spectrum,361
CASMI2022,massformer,completed,163,163,366,CASMI_MOL_1196962,CASMI_MOL_895847,895847,CC1=CCCC2(C)C(CCC2(O)CN(CC2CCCO2)C(=O)Oc2ccc3ccccc3c2)c2ccc(cc2C(=O)c2ccc(-c3ccccc3)cc2)CC(O)CC1,0.5235561227111436,binned_cosine_1Da,28,False,predicted_spectrum,361
CASMI2022,massformer,completed,163,163,366,CASMI_MOL_1196962,CASMI_MOL_895834,895834,CC12CCC(O)CC13C=CC1(C(C(=O)c4ccccc4-c4ccccc4)=C3)C2CCC2(C)C1CCC2(O)CN(CC1CCCO1)C(=O)Oc1ccc2ccccc2c1,0.5226452368388701,binned_cosine_1Da,29,False,predicted_spectrum,361
CASMI2022,massformer,completed,163,163,366,CASMI_MOL_1196962,CASMI_MOL_895843,895843,CC12CCC(O)CC13C=CC1(C(C(=O)c4ccccc4-c4ccccc4)=C3)C2CCC2(C)C1CCC2(O)CN(CC1CCCO1)C(=O)Oc1ccc2ccccc2c1,0.5226452368388701,binned_cosine_1Da,30,False,predicted_spectrum,361
CASMI2022,massformer,completed,163,163,366,CASMI_MOL_1196962,CASMI_MOL_895717,895717,Cn1cc(NC(=O)c2cc3ccccc3[nH]2)cc1C(=O)NCCCC(=O)Nc1cc(C(=O)NC2OCC(O)C(O)C2O)n(CCCCCCCCCCCO)c1,0.5221860427733442,binned_cosine_1Da,31,False,predicted_spectrum,361
CASMI2022,massformer,completed,163,163,366,CASMI_MOL_1196962,CASMI_MOL_895731,895731,CC(C)(C)NC(=O)C1CC2CCCCC2CN1CC(O)C(Cc1ccccc1)NC(=O)C(NNC(=O)COc1cccc2ccccc12)C(C)(C)S(C)(=O)=O,0.5189491949231452,binned_cosine_1Da,32,False,predicted_spectrum,361
CASMI2022,massformer,completed,163,163,366,CASMI_MOL_1196962,CASMI_MOL_895732,895732,CC(C)(C)NC(=O)C1CC2CCCCC2CN1CC(O)C(Cc1ccccc1)NC(=O)C(NNC(=O)COc1cccc2ccccc12)C(C)(C)S(C)(=O)=O,0.5189491949231452,binned_cosine_1Da,33,False,predicted_spectrum,361
CASMI2022,massformer,completed,163,163,366,CASMI_MOL_1196962,CASMI_MOL_895746,895746,CCC(C)C(NC(=O)C1CCCCN1C)C(=O)N(Cc1ccccc1)C(CC(O)c1nc(C(=O)NCCC(C(=O)O)c2cc(OC)ccc2C)cs1)C(C)C,0.5169738010940006,binned_cosine_1Da,34,False,predicted_spectrum,361
CASMI2022,massformer,completed,163,163,366,CASMI_MOL_1196962,CASMI_MOL_895835,895835,CC12CCC(O)CC13C=CC1(C(C(=O)c4ccc(-c5ccccc5)cc4)=C3)C2CCC2(C)C1CCC2(O)CN(CC1CCCO1)C(=O)Oc1ccc2ccccc2c1,0.5155684476590797,binned_cosine_1Da,35,False,predicted_spectrum,361
CASMI2022,massformer,completed,163,163,366,CASMI_MOL_1196962,CASMI_MOL_895844,895844,CC12CCC(O)CC13C=CC1(C(C(=O)c4ccc(-c5ccccc5)cc4)=C3)C2CCC2(C)C1CCC2(O)CN(CC1CCCO1)C(=O)Oc1ccc2ccccc2c1,0.5155684476590797,binned_cosine_1Da,36,False,predicted_spectrum,361
CASMI2022,massformer,completed,163,163,366,CASMI_MOL_1196962,CASMI_MOL_895832,895832,CC1=CCCC2(C)C(CCC2(O)CN(CC2CCCO2)C(=O)Oc2ccc3ccccc3c2)c2ccc(cc2C(=O)c2ccccc2-c2ccccc2)CC(O)CC1,0.5143532999051267,binned_cosine_1Da,37,False,predicted_spectrum,361
CASMI2022,massformer,completed,163,163,366,CASMI_MOL_1196962,CASMI_MOL_895845,895845,CC1=CCCC2(C)C(CCC2(O)CN(CC2CCCO2)C(=O)Oc2ccc3ccccc3c2)c2ccc(cc2C(=O)c2ccccc2-c2ccccc2)CC(O)CC1,0.5143532999051267,binned_cosine_1Da,38,False,predicted_spectrum,361
CASMI2022,massformer,completed,163,163,366,CASMI_MOL_1196962,CASMI_MOL_895581,895581,CC12CCC(=O)CC1CCC1C2CCC2(C)C(OCc3cn(CC(=O)N4CCN(C(=O)c5cc(Cc6n[nH]c(=O)c7ccccc67)ccc5F)CC4)nn3)CCC12,0.5137951289490544,binned_cosine_1Da,39,False,predicted_spectrum,361
CASMI2022,massformer,completed,163,163,366,CASMI_MOL_1196962,CASMI_MOL_895605,895605,CN(CC(NC(=O)NC(C(=O)N1CC(OC(=O)N2CCC3=C(C=CCC3)C2)CC1C(=O)NC(CC1CC1)C(=O)C(N)=O)C(C)(C)C)C(C)(C)C)S(C)(=O)=O,0.5085981428151086,binned_cosine_1Da,40,False,predicted_spectrum,361
CASMI2022,massformer,completed,163,163,366,CASMI_MOL_1196962,CASMI_MOL_895745,895745,C=CC1CC1(NC(=O)C1CC2(CN1C(=O)C(NC(=O)C(NC(=O)c1ccccc1)C1CCCCC1)C(C)(C)C)C(C)(C)C21CCC1)C(=O)NS(=O)(=O)C1CC1,0.5031464798283924,binned_cosine_1Da,41,False,predicted_spectrum,361
CASMI2022,massformer,completed,163,163,366,CASMI_MOL_1196962,CASMI_MOL_895727,895727,CCC(C)C(CO)NC(=O)CC(O)C(CC(C)C)NC(=O)C(CC1CSCN1C)NC(=O)C(Cc1cccc2ccccc12)NC(=O)OCc1ccccc1,0.4975974808299137,binned_cosine_1Da,42,False,predicted_spectrum,361
CASMI2022,massformer,completed,163,163,366,CASMI_MOL_1196962,CASMI_MOL_895784,895784,CCC(C)C(CO)NC(=O)CC(O)C(CC(C)C)NC(=O)C(CC1CSCN1C)NC(=O)C(Cc1cccc2ccccc12)NC(=O)OCc1ccccc1,0.4975974808299137,binned_cosine_1Da,43,False,predicted_spectrum,361
CASMI2022,massformer,completed,163,163,366,CASMI_MOL_1196962,CASMI_MOL_895742,895742,CC(=O)N(Cc1ccc(C2(C(N)=O)CCCN2C(=O)C(C(C)C)N(C)C(=O)O)cc1)Cc1ccc(C2(C(N)=O)CCCN2C(=O)C(C(C)C)N(C)C(=O)O)cc1,0.4876679978285664,binned_cosine_1Da,44,False,predicted_spectrum,361
CASMI2022,massformer,completed,163,163,366,CASMI_MOL_1196962,CASMI_MOL_895512,895512,CNC(=O)CCC(C=O)n1c(O)c2cccc(N=CCOCCOCCOCCOCCOCCN3CC(C(c4ccccc4)n4cc(NC)cn4)C3)c2c1O,0.48694059891500213,binned_cosine_1Da,45,False,predicted_spectrum,361
CASMI2022,massformer,completed,163,163,366,CASMI_MOL_1196962,CASMI_MOL_895643,895643,CCC(C)C(C=NC(=O)C12CCC3CC(C1)N2C3)C(=O)N(C)C(CC(OC(C)=O)c1nc(C(=O)NC(Cc2ccccc2)CC(C)C(=O)OC)cs1)C(C)C,0.483076482166028,binned_cosine_1Da,46,False,predicted_spectrum,361
CASMI2022,massformer,completed,163,163,366,CASMI_MOL_1196962,CASMI_MOL_895588,895588,COc1ccc2cc1Oc1cccc(OC)c1CNC(=O)C(C(C)C)NC(=O)C(C(C)O)NC(=O)CN(C(=O)CCc1c(C)nn(C)c1C)CCCCNC2=O,0.4830380919661322,binned_cosine_1Da,47,False,predicted_spectrum,361
CASMI2022,massformer,completed,163,163,366,CASMI_MOL_1196962,CASMI_MOL_895826,895826,CSCCC(NC(=O)C(CC(C)C)N1CCC(NC(=O)C(Cc2ccccc2)NC(=O)C(Cc2ccccc2)NC(=O)CCCCCN)C1=O)C(=O)N=[N+]=[N-],0.4774614326719671,binned_cosine_1Da,48,False,predicted_spectrum,361
CASMI2022,massformer,completed,163,163,366,CASMI_MOL_1196962,CASMI_MOL_895818,895818,CC(C)CC(NC(=O)C(CCCN=C(N)N)NC(=O)c1cn(CC(Cc2ccccc2)NC(=O)C(CC(=O)O)NC(=O)C(N)Cc2cccnc2)nn1)C(N)=O,0.4684900815901878,binned_cosine_1Da,49,False,predicted_spectrum,361
CASMI2022,massformer,completed,163,163,366,CASMI_MOL_1196962,CASMI_MOL_895525,895525,CC(C)(C)OC(=O)NCC#Cc1cccc2cccc(-c3ncc4c(N5CC6CCC(C5)N6C(=O)OC(C)(C)C)nc(OCC56CCCN5CCC6)nc4c3F)c12,0.4683816670144052,binned_cosine_1Da,50,False,predicted_spectrum,361
CASMI2022,massformer,completed,163,163,366,CASMI_MOL_1196962,CASMI_MOL_895526,895526,CC(C)(C)OC(=O)NCC#Cc1cccc2cccc(-c3ncc4c(N5CC6CCC(C5)N6C(=O)OC(C)(C)C)nc(OCC56CCCN5CCC6)nc4c3F)c12,0.4683816670144052,binned_cosine_1Da,51,False,predicted_spectrum,361
CASMI2022,massformer,completed,163,163,366,CASMI_MOL_1196962,CASMI_MOL_895589,895589,CCc1c(C)nn(CC(=O)N2CCCCNC(=O)c3ccc(OC)c(c3)Oc3cccc(OC)c3CNC(=O)C(C(C)C)NC(=O)C(C(C)O)NC(=O)C2)c1C,0.46734919837524563,binned_cosine_1Da,52,False,predicted_spectrum,361
CASMI2022,massformer,completed,163,163,366,CASMI_MOL_1196962,CASMI_MOL_895515,895515,Cc1nn(COCCS(C)(C)C)c(C)c1-c1ccc(NC(=O)C(NC(=O)c2ccnn2C)C2CCc3ccc(-c4ccc(CN5CCOCC5)cc4)cc32)cc1,0.46112390243636636,binned_cosine_1Da,53,False,predicted_spectrum,361
CASMI2022,massformer,completed,163,163,366,CASMI_MOL_1196962,CASMI_MOL_895507,895507,C#Cc1ccc2c(OC3CC(C(=O)NC4(C(=O)O)CC4C=C)N(C(=O)C(NC(=O)CC4CCCC4)C(C)(C)C)C3)cc(-c3ccc(NC(=O)C(C)(C)C)[nH]3)cc2c1,0.45903931077154314,binned_cosine_1Da,54,False,predicted_spectrum,361
CASMI2022,massformer,completed,163,163,366,CASMI_MOL_1196962,CASMI_MOL_895600,895600,COC(=O)NC(C(=O)N1CCCC1c1nc(-c2ccc(-c3ccc(C(C)NC(=O)C4CCCN4C(=O)C(NC(O)OC)C(C)OC)cc3)cc2)c[nH]1)C(C)OC,0.4579269994488276,binned_cosine_1Da,55,False,predicted_spectrum,361
CASMI2022,massformer,completed,163,163,366,CASMI_MOL_1196962,CASMI_MOL_895669,895669,CCOC(=O)c1cc2ccc(NC(=O)C(Cc3ccc(-c4ccc(C(=O)NC5CCC5)cc4C)cc3)NC(=O)C3CCC(CNC(=O)OC(C)(C)C)CC3)cc2[nH]1,0.4573278137491681,binned_cosine_1Da,56,False,predicted_spectrum,361
CASMI2022,massformer,completed,163,163,366,CASMI_MOL_1196962,CASMI_MOL_895719,895719,CCC(C)C(N)C(=O)NC(C(=O)NC(Cc1ccc(O)cc1)C(=O)N1CCCC1C(=O)NC(Cc1c[nH]c2ccccc12)C(=O)NC(C(=O)O)C(C)O)C(C)C,0.45673399972588025,binned_cosine_1Da,57,False,predicted_spectrum,361
CASMI2022,massformer,completed,163,163,366,CASMI_MOL_1196962,CASMI_MOL_895837,895837,COC(=O)C(Cc1ccccc1)NC(=O)NCc1ccccc1-c1ccc(C2OC(CN3CCCC3C(=O)OC(C)(C)C)C(C)C(c3ccc(CO)cc3)O2)cc1,0.450827326322326,binned_cosine_1Da,58,False,predicted_spectrum,361
CASMI2022,massformer,completed,163,163,366,CASMI_MOL_1196962,CASMI_MOL_895840,895840,COC(=O)C(Cc1ccccc1)NC(=O)NCc1ccccc1-c1ccc(C2OC(CN3CCCC3C(=O)OC(C)(C)C)C(C)C(c3ccc(CO)cc3)O2)cc1,0.450827326322326,binned_cosine_1Da,59,False,predicted_spectrum,361
CASMI2022,massformer,completed,163,163,366,CASMI_MOL_1196962,CASMI_MOL_895850,895850,COC(=O)C(Cc1ccccc1)NC(=O)NCc1ccccc1-c1ccc(C2OC(CN3CCCC3C(=O)OC(C)(C)C)C(C)C(c3ccc(CO)cc3)O2)cc1,0.450827326322326,binned_cosine_1Da,60,False,predicted_spectrum,361
CASMI2022,massformer,completed,163,163,366,CASMI_MOL_1196962,CASMI_MOL_895804,895804,CCC(C1CCN(C(c2ccccc2)(c2ccccc2)c2ccccc2)CC1)C1CNCCC1CCC(=O)c1c(COc2ccc(Cl)cc2)n(C)c2ccccc12,0.4500605862203788,binned_cosine_1Da,61,False,predicted_spectrum,361
CASMI2022,massformer,completed,163,163,366,CASMI_MOL_1196962,CASMI_MOL_895540,895540,CCCC(CC(=O)C1CC(OCc2ccccc2)CN1C(=O)C(CC(=O)c1ccccc1)C1CCCCC1)C(=O)C(=O)CCC(=O)NC(C(N)=O)c1ccccc1,0.4484026171157282,binned_cosine_1Da,62,False,predicted_spectrum,361
CASMI2022,massformer,completed,163,163,366,CASMI_MOL_1196962,CASMI_MOL_895755,895755,CC(CCCO)C1CCC2C3CCC4CC(N(CCCN(CCCCNC(=O)C(F)(F)F)C(=O)C(F)(F)F)C(=O)C(F)(F)F)CCC4(C)C3CCC12C,0.44414517877292076,binned_cosine_1Da,63,False,predicted_spectrum,361
CASMI2022,massformer,completed,163,163,366,CASMI_MOL_1196962,CASMI_MOL_895802,895802,CC(CCCO)C1CCC2C3CCC4CC(N(CCCN(CCCCNC(=O)C(F)(F)F)C(=O)C(F)(F)F)C(=O)C(F)(F)F)CCC4(C)C3CCC12C,0.44414517877292076,binned_cosine_1Da,64,False,predicted_spectrum,361
CASMI2022,massformer,completed,163,163,366,CASMI_MOL_1196962,CASMI_MOL_895638,895638,COc1cc2ccc1OCC(=O)NCCCN(C(=O)CCn1cnc3ccccc3c1=O)CCCCNC(=O)C(C(C)O)NC(=O)C(CC(C)C)NC(=O)CC2,0.4434261063081165,binned_cosine_1Da,65,False,predicted_spectrum,361
CASMI2022,massformer,completed,163,163,366,CASMI_MOL_1196962,CASMI_MOL_895517,895517,CC1CC(C)CC(CC(C)OOC2CCCC(OC(=O)Nc3ccc(CONC(=O)CCCCCCC(=O)Nc4nc(-c5cccc(N)c5)cs4)cc3)C2)C1,0.44251071482477516,binned_cosine_1Da,66,False,predicted_spectrum,361
CASMI2022,massformer,completed,163,163,366,CASMI_MOL_1196962,CASMI_MOL_895729,895729,Cn1c(COc2ccc(Cl)cc2)c(C(=O)CCC2CCNCC2CCCC2CCN(C(c3ccccc3)(c3ccccc3)c3ccccc3)CC2)c2ccccc21,0.44184858629352486,binned_cosine_1Da,67,False,predicted_spectrum,361
CASMI2022,massformer,completed,163,163,366,CASMI_MOL_1196962,CASMI_MOL_895674,895674,CC1CCCC(C)N1c1nnc2ccc(OC3CCC(NC(=O)N(OC=O)c4cc(C(C)(C)C)nn4-c4cc(CN5CCCC5)ccc4F)c4ccccc43)cn12,0.44158157139430754,binned_cosine_1Da,68,False,predicted_spectrum,361
CASMI2022,massformer,completed,163,163,366,CASMI_MOL_1196962,CASMI_MOL_895597,895597,CC=S(NC(=O)C12CC1C=CCCC(C)CC(CC)C(NC(=O)OC(C)(C)C)C(=O)N1CC(Oc3ncc(OCC)c4ccccc34)CC1C(=O)N2)C1CC1,0.437828939911034,binned_cosine_1Da,69,False,predicted_spectrum,361
CASMI2022,massformer,completed,163,163,366,CASMI_MOL_1196962,CASMI_MOL_895696,895696,CC(C)C(NC(=O)C1CCCCNC(=O)CCC(NNC(C=O)CO)C(=O)NC(C(C)O)C(=O)C(=O)C(CO)NN1)C(=O)C(=O)C(Cc1ccccc1)NN,0.43760647308764417,binned_cosine_1Da,70,False,predicted_spectrum,361
CASMI2022,massformer,completed,163,163,366,CASMI_MOL_1196962,CASMI_MOL_895838,895838,COC(=O)C(Cc1ccccc1)NC(=O)NCc1cccc(-c2ccc(C3OC(CN4CCCC4C(=O)OC(C)(C)C)C(C)C(c4ccc(CO)cc4)O3)cc2)c1,0.43705296388800574,binned_cosine_1Da,71,False,predicted_spectrum,361
CASMI2022,massformer,completed,163,163,366,CASMI_MOL_1196962,CASMI_MOL_895841,895841,COC(=O)C(Cc1ccccc1)NC(=O)NCc1cccc(-c2ccc(C3OC(CN4CCCC4C(=O)OC(C)(C)C)C(C)C(c4ccc(CO)cc4)O3)cc2)c1,0.43705296388800574,binned_cosine_1Da,72,False,predicted_spectrum,361
CASMI2022,massformer,completed,163,163,366,CASMI_MOL_1196962,CASMI_MOL_895852,895852,COC(=O)C(Cc1ccccc1)NC(=O)NCc1cccc(-c2ccc(C3OC(CN4CCCC4C(=O)OC(C)(C)C)C(C)C(c4ccc(CO)cc4)O3)cc2)c1,0.43705296388800574,binned_cosine_1Da,73,False,predicted_spectrum,361
CASMI2022,massformer,completed,163,163,366,CASMI_MOL_1196962,CASMI_MOL_895500,895500,COC(=O)NC(C(=O)N1CCCC1c1cc(-c2ccc(-c3ccc(C4=CC=C(C5CCCN5C(=O)C(NC(=O)OC)C5CCOCC5)C4)cc3)cc2)c[nH]1)C(C)C,0.43696531486677903,binned_cosine_1Da,74,False,predicted_spectrum,361
CASMI2022,massformer,completed,163,163,366,CASMI_MOL_1196962,CASMI_MOL_895648,895648,CCN(CCCNCC(O)c1ccc(O)c2[nH]c(=O)ccc12)C(=O)c1ccc(CCC(=O)N2CCC(C(=O)OC3CN4CCC3CC4)(c3ccccc3)CC2)cc1,0.4296236765732096,binned_cosine_1Da,75,False,predicted_spectrum,361
CASMI2022,massformer,completed,163,163,366,CASMI_MOL_1196962,CASMI_MOL_895649,895649,CCN(CCCNCC(O)c1ccc(O)c2[nH]c(=O)ccc12)C(=O)c1ccc(CCC(=O)N2CCC(C(=O)OC3CN4CCC3CC4)(c3ccccc3)CC2)cc1,0.4296236765732096,binned_cosine_1Da,76,False,predicted_spectrum,361
CASMI2022,massformer,completed,163,163,366,CASMI_MOL_1196962,CASMI_MOL_895768,895768,C=CC1CC1(CC(=O)C1CC2(CN1C(=O)C(NC(=O)C(NC(=O)c1cccnc1)C1CCCCC1)C(C)(C)C)C(C)(C)C21CCC1)C(=O)NS(=O)(=O)C1CC1,0.4237691479628386,binned_cosine_1Da,77,False,predicted_spectrum,361
CASMI2022,massformer,completed,163,163,366,CASMI_MOL_1196962,CASMI_MOL_895769,895769,C=CC1CC1(CC(=O)C1CC2(CN1C(=O)C(NC(=O)C(NC(=O)c1ccccn1)C1CCCCC1)C(C)(C)C)C(C)(C)C21CCC1)C(=O)NS(=O)(=O)C1CC1,0.4209439733577037,binned_cosine_1Da,78,False,predicted_spectrum,361
CASMI2022,massformer,completed,163,163,366,CASMI_MOL_1196962,CASMI_MOL_895686,895686,CCC(NC(=O)C(CC(C)C)NC(=O)C1CCCN1C(=O)C(Cc1ccc(O)cc1)NC(=O)C(CC(C)C)NC(=O)CN)C(=O)NC(CCSC)C(=O)O,0.420044759929974,binned_cosine_1Da,79,False,predicted_spectrum,361
CASMI2022,massformer,completed,163,163,366,CASMI_MOL_1196962,CASMI_MOL_895704,895704,COC(=O)NC(C(=O)N1CC2(CC2)CC1c1nc(-c2ccc(C#Cc3ccc4[nH]c(C5CC6(CC6)CN5C(=O)C(C)C(C)C)nc4c3)cc2)c[nH]1)C(C)OCCF,0.417488156028161,binned_cosine_1Da,80,False,predicted_spectrum,361
CASMI2022,massformer,completed,163,163,366,CASMI_MOL_1196962,CASMI_MOL_895658,895658,Cc1cc(=O)[nH]c2cc(NC(=O)C(CCCCNC(=O)OC(C)(C)C)NC(=O)C(CC3CCCCC3)N(CC3c4ccccc4-c4ccccc43)C(=O)O)ccc12,0.4174493182906897,binned_cosine_1Da,81,False,predicted_spectrum,361
CASMI2022,massformer,completed,163,163,366,CASMI_MOL_1196962,CASMI_MOL_895530,895530,NCCC1CCCCC1OC(=O)NC(c1ccccc1)C1C=C(OCc2ccc(C(=O)NCCCCNCC(O)c3ccc(O)c4[nH]c(=O)ccc34)cc2)C=CC1,0.41724152318194235,binned_cosine_1Da,82,False,predicted_spectrum,361
CASMI2022,massformer,completed,163,163,366,CASMI_MOL_1196962,CASMI_MOL_895587,895587,CCCCC(NC(=O)C(Cc1cccc2ccccc12)C[S+]([O-])c1ccc(OC(C)=O)cc1)C(=O)NC(CC1CCCCC1)C(O)C(O)CN1CCOCC1,0.41340016724649603,binned_cosine_1Da,83,False,predicted_spectrum,361
CASMI2022,massformer,completed,163,163,366,CASMI_MOL_1196962,CASMI_MOL_895735,895735,CCCCC(NC(=O)C(Cc1cccc2ccccc12)C[S+]([O-])c1ccc(OC(C)=O)cc1)C(=O)NC(CC1CCCCC1)C(O)C(O)CN1CCOCC1,0.41340016724649603,binned_cosine_1Da,84,False,predicted_spectrum,361
CASMI2022,massformer,completed,163,163,366,CASMI_MOL_1196962,CASMI_MOL_895809,895809,CCCCC(NC(=O)C(Cc1cccc2ccccc12)C[S+]([O-])c1ccc(OC(C)=O)cc1)C(=O)NC(CC1CCCCC1)C(O)C(O)CN1CCOCC1,0.41340016724649603,binned_cosine_1Da,85,False,predicted_spectrum,361
CASMI2022,massformer,completed,163,163,366,CASMI_MOL_1196962,CASMI_MOL_895766,895766,C=CC1CC1(CC(=O)C1CC2(CN1C(=O)C(NC(=O)C(NC(=O)c1ccncc1)C1CCCCC1)C(C)(C)C)C(C)(C)C21CCC1)C(=O)NS(=O)(=O)C1CC1,0.41185065684135314,binned_cosine_1Da,86,False,predicted_spectrum,361
CASMI2022,massformer,completed,163,163,366,CASMI_MOL_1196962,CASMI_MOL_895836,895836,COC(=O)C(Cc1ccccc1)NC(=O)NCc1cccc(-c2cccc(C3OC(CN4CCCC4C(=O)OC(C)(C)C)C(C)C(c4ccc(CO)cc4)O3)c2)c1,0.4090418228625923,binned_cosine_1Da,87,False,predicted_spectrum,361
CASMI2022,massformer,completed,163,163,366,CASMI_MOL_1196962,CASMI_MOL_895839,895839,COC(=O)C(Cc1ccccc1)NC(=O)NCc1cccc(-c2cccc(C3OC(CN4CCCC4C(=O)OC(C)(C)C)C(C)C(c4ccc(CO)cc4)O3)c2)c1,0.4090418228625923,binned_cosine_1Da,88,False,predicted_spectrum,361
CASMI2022,massformer,completed,163,163,366,CASMI_MOL_1196962,CASMI_MOL_895849,895849,COC(=O)C(Cc1ccccc1)NC(=O)NCc1cccc(-c2cccc(C3OC(CN4CCCC4C(=O)OC(C)(C)C)C(C)C(c4ccc(CO)cc4)O3)c2)c1,0.4090418228625923,binned_cosine_1Da,89,False,predicted_spectrum,361
CASMI2022,massformer,completed,163,163,366,CASMI_MOL_1196962,CASMI_MOL_895599,895599,Cc1cc(=O)[nH]c2cc(NC(=O)C(CCCCNC(=O)OC(C)(C)C)NC(=O)C(CC3CCCCC3)N(C)C(=O)OC3c4ccccc4-c4ccccc43)ccc12,0.40895618899687314,binned_cosine_1Da,90,False,predicted_spectrum,361
CASMI2022,massformer,completed,163,163,366,CASMI_MOL_1196962,CASMI_MOL_895585,895585,CC(=O)NC(C)(C(C)(CO)COCC1(C)OC2(CO)OC(C)(C1(C)O)C2(C)O)C(C)(COC(=O)CCCCC1SCC2NC(=O)NC21)OC(C)(C)CO,0.4086493243993516,binned_cosine_1Da,91,False,predicted_spectrum,361
CASMI2022,massformer,completed,163,163,366,CASMI_MOL_1196962,CASMI_MOL_895633,895633,CC(=O)NC(C)(C(C)(CO)COCC1(C)OC2(CO)OC(C)(C1(C)O)C2(C)O)C(C)(COC(=O)CCCCC1SCC2NC(=O)NC21)OC(C)(C)CO,0.4086493243993516,binned_cosine_1Da,92,False,predicted_spectrum,361
CASMI2022,massformer,completed,163,163,366,CASMI_MOL_1196962,CASMI_MOL_895715,895715,CCCC=CCC=CCC=CCC=CCC=CCCCC(=O)OCN1C(=O)CCC2C=CC(OCCCCN3CCN(c4cccc(Cl)c4Cl)CC3)=CC21,0.4062018198159407,binned_cosine_1Da,93,False,predicted_spectrum,361
CASMI2022,massformer,completed,163,163,366,CASMI_MOL_1196962,CASMI_MOL_895773,895773,CCCC=CCC=CCC=CCC=CCC=CCCCC(=O)OCN1C(=O)CCC2C=CC(OCCCCN3CCN(c4cccc(Cl)c4Cl)CC3)=CC21,0.4062018198159407,binned_cosine_1Da,94,False,predicted_spectrum,361
CASMI2022,massformer,completed,163,163,366,CASMI_MOL_1196962,CASMI_MOL_895579,895579,Cc1cccc(F)c1CN1CC(c2ccc(N3CCN(C(=O)CC4CCN(c5ccc6c(c5)C(=O)N(C5CCC(=O)NC5=O)C6=O)CC4)CC3)cc2)C(N(C)C)C1,0.4049260814874405,binned_cosine_1Da,95,False,predicted_spectrum,361
CASMI2022,massformer,completed,163,163,366,CASMI_MOL_1196962,CASMI_MOL_895767,895767,C=CC1CC1(CC(=O)C1CC2(CN1C(=O)C(CC(=O)C(NC(=O)c1cnccn1)C1CCCCC1)C(C)(C)C)C(C)(C)C21CCC1)C(=O)NS(=O)(=O)C1CC1,0.403105664391494,binned_cosine_1Da,96,False,predicted_spectrum,361
CASMI2022,massformer,completed,163,163,366,CASMI_MOL_1196962,CASMI_MOL_895770,895770,C=CC1CC1(CC(=O)C1CC2(CN1C(=O)C(CC(=O)C(NC(=O)c1cnccn1)C1CCCCC1)C(C)(C)C)C(C)(C)C21CCC1)C(=O)NS(=O)(=O)C1CC1,0.403105664391494,binned_cosine_1Da,97,False,predicted_spectrum,361
CASMI2022,massformer,completed,163,163,366,CASMI_MOL_1196962,CASMI_MOL_895577,895577,C=CCC(C)(C)c1cc(O)n(CC(=O)NCCNC(=O)C(N)CCN(C(=O)CO)C(c2nn(-c3cc(F)ccc3F)cc2Cc2ccccc2)C(C)(C)C)c1O,0.4014350953038822,binned_cosine_1Da,98,False,predicted_spectrum,361
CASMI2022,massformer,completed,163,163,366,CASMI_MOL_1196962,CASMI_MOL_895697,895697,CC(C)C(N)C(=O)NC1CCC(=O)NCCCCC(C(=O)C(=O)C(CO)NC(=O)C(Cc2ccccc2)NN)NNC(CO)C(=O)NC(C(C)O)C(=O)C1=O,0.39960079428488365,binned_cosine_1Da,99,False,predicted_spectrum,361
CASMI2022,massformer,completed,163,163,366,CASMI_MOL_1196962,CASMI_MOL_895511,895511,CNC(=O)C(CCCc1ccccc1)NC(=O)C1CN(C(=O)Cc2c[nH]c3cc(OCC4CC4)ccc23)CC2CN(C(=O)c3ccc(OC(C)C)c(OC)c3)CC21,0.39744521434603786,binned_cosine_1Da,100,False,predicted_spectrum,361
CASMI2022,massformer,completed,163,163,366,CASMI_MOL_1196962,CASMI_MOL_1196962,1196962,CCC(C)C1NC(=O)C2CCCN2C(=O)C(C(C)CC)NC(=O)c2ccccc2NC(=O)C(Cc2ccc(O)cc2)NC(=O)C(C)NC(=O)C(C(C)O)NC1=O,0.20429799612595057,binned_cosine_1Da,228,True,predicted_spectrum,361
CASMI2022,massformer,completed,164,164,367,CASMI_MOL_1196963,CASMI_MOL_900141,900141,CCCCN=C(NC)NCCOc1ccc(C(F)(F)F)cn1,0.7263135697428658,binned_cosine_1Da,1,False,predicted_spectrum,9014
CASMI2022,massformer,completed,164,164,367,CASMI_MOL_1196963,CASMI_MOL_900140,900140,CCCCN=C(NC)NCCOc1ncccc1C(F)(F)F,0.709628329470178,binned_cosine_1Da,2,False,predicted_spectrum,9014
CASMI2022,massformer,completed,164,164,367,CASMI_MOL_1196963,CASMI_MOL_900136,900136,CCCN=C(NCC)NCCOc1ncccc1C(F)(F)F,0.7056440985440879,binned_cosine_1Da,3,False,predicted_spectrum,9014
CASMI2022,massformer,completed,164,164,367,CASMI_MOL_1196963,CASMI_MOL_900137,900137,CCCN=C(NCC)NCCOc1ccc(C(F)(F)F)cn1,0.6974642466801744,binned_cosine_1Da,4,False,predicted_spectrum,9014
CASMI2022,massformer,completed,164,164,367,CASMI_MOL_1196963,CASMI_MOL_900146,900146,CCC(C)N=C(NC)NCCOc1ncccc1C(F)(F)F,0.6904525956698664,binned_cosine_1Da,5,False,predicted_spectrum,9014
CASMI2022,massformer,completed,164,164,367,CASMI_MOL_1196963,CASMI_MOL_897118,897118,CCCC(CN(CC)c1ncc(C(F)(F)F)cn1)N(C)C=O,0.6803963879744478,binned_cosine_1Da,6,False,predicted_spectrum,9014
CASMI2022,massformer,completed,164,164,367,CASMI_MOL_1196963,CASMI_MOL_900147,900147,CCC(C)N=C(NC)NCCOc1ccc(C(F)(F)F)cn1,0.6766150611143518,binned_cosine_1Da,7,False,predicted_spectrum,9014
CASMI2022,massformer,completed,164,164,367,CASMI_MOL_1196963,CASMI_MOL_900142,900142,CCN=C(NCCOc1ncccc1C(F)(F)F)NC(C)C,0.6438728639261238,binned_cosine_1Da,8,False,predicted_spectrum,9014
CASMI2022,massformer,completed,164,164,367,CASMI_MOL_1196963,CASMI_MOL_900160,900160,CC(C)CCN=C(N)NCCOc1ncccc1C(F)(F)F,0.6421743191389152,binned_cosine_1Da,9,False,predicted_spectrum,9014
CASMI2022,massformer,completed,164,164,367,CASMI_MOL_1196963,CASMI_MOL_903482,903482,Cc1cc(C(F)(F)F)nc(CCNC(=O)C(N)CC(C)C)n1,0.6267652894878062,binned_cosine_1Da,10,False,predicted_spectrum,9014
CASMI2022,massformer,completed,164,164,367,CASMI_MOL_1196963,CASMI_MOL_900143,900143,CCN=C(NCCOc1ccc(C(F)(F)F)cn1)NC(C)C,0.6075628609696756,binned_cosine_1Da,11,False,predicted_spectrum,9014
CASMI2022,massformer,completed,164,164,367,CASMI_MOL_1196963,CASMI_MOL_900144,900144,CN=C(NCCOc1ncccc1C(F)(F)F)NC(C)(C)C,0.5692653595337243,binned_cosine_1Da,12,False,predicted_spectrum,9014
CASMI2022,massformer,completed,164,164,367,CASMI_MOL_1196963,CASMI_MOL_900145,900145,CN=C(NCCOc1ccc(C(F)(F)F)cn1)NC(C)(C)C,0.5402368003150161,binned_cosine_1Da,13,False,predicted_spectrum,9014
CASMI2022,massformer,completed,164,164,367,CASMI_MOL_1196963,CASMI_MOL_900217,900217,CC(C)CCN=C(N)NCCOc1ccc(C(F)(F)F)cn1,0.529478624761578,binned_cosine_1Da,14,False,predicted_spectrum,9014
CASMI2022,massformer,completed,164,164,367,CASMI_MOL_1196963,CASMI_MOL_899333,899333,O=C(O)Cn1cc(CNC(=O)C23CC4CC(CC(C4)C2)C3)nn1,0.5118539420668735,binned_cosine_1Da,15,False,predicted_spectrum,9014
CASMI2022,massformer,completed,164,164,367,CASMI_MOL_1196963,CASMI_MOL_904571,904571,CC(C)CCCCCC1(CCCCC(=O)O)CCSS1,0.49106292874724206,binned_cosine_1Da,16,False,predicted_spectrum,9014
CASMI2022,massformer,completed,164,164,367,CASMI_MOL_1196963,CASMI_MOL_900690,900690,CN=C(NCCC(F)(F)F)NCc1ncc(C)c(OC)c1C,0.4895425073761967,binned_cosine_1Da,17,False,predicted_spectrum,9014
CASMI2022,massformer,completed,164,164,367,CASMI_MOL_1196963,CASMI_MOL_904570,904570,CCCCCCCCC1(CCCCC(=O)O)CCSS1,0.48801083701567943,binned_cosine_1Da,18,False,predicted_spectrum,9014
CASMI2022,massformer,completed,164,164,367,CASMI_MOL_1196963,CASMI_MOL_902230,902230,CC(C)CCCCCCC(C(=O)O)C(O)(CC(=O)O)C(=O)O,0.48551112305628125,binned_cosine_1Da,19,False,predicted_spectrum,9014
CASMI2022,massformer,completed,164,164,367,CASMI_MOL_1196963,CASMI_MOL_900980,900980,CCCCN(C)C1=NSN=C(N(C)CCCC)NSN1,0.4739148516805547,binned_cosine_1Da,20,False,predicted_spectrum,9014
CASMI2022,massformer,completed,164,164,367,CASMI_MOL_1196963,CASMI_MOL_904644,904644,Cn1ncc([N+](=O)[O-])c1C(=O)NCC12CC3CC(CC(C3)C1)C2,0.47296091405482354,binned_cosine_1Da,21,False,predicted_spectrum,9014
CASMI2022,massformer,completed,164,164,367,CASMI_MOL_1196963,CASMI_MOL_902529,902529,CCCCCCCCCC(C(=O)O)C(O)(CC(=O)O)C(=O)O,0.4657417800720049,binned_cosine_1Da,22,False,predicted_spectrum,9014
CASMI2022,massformer,completed,164,164,367,CASMI_MOL_1196963,CASMI_MOL_896143,896143,Cn1nnc2c1CC(C(=O)N1CC3CCCC3(C(=O)O)C1)CC2,0.46442036755179344,binned_cosine_1Da,23,False,predicted_spectrum,9014
CASMI2022,massformer,completed,164,164,367,CASMI_MOL_1196963,CASMI_MOL_904645,904645,Cn1cc([N+](=O)[O-])c(C(=O)NCC23CC4CC(CC(C4)C2)C3)n1,0.4631206916620296,binned_cosine_1Da,24,False,predicted_spectrum,9014
CASMI2022,massformer,completed,164,164,367,CASMI_MOL_1196963,CASMI_MOL_904704,904704,CCCCCCCCC#CCC#CCC#CCSCC(=O)O,0.45693235462593057,binned_cosine_1Da,25,False,predicted_spectrum,9014
CASMI2022,massformer,completed,164,164,367,CASMI_MOL_1196963,CASMI_MOL_901316,901316,Cc1nccc(CNC(=O)NC(CC(C)(C)C)C(F)(F)F)n1,0.4562310025402605,binned_cosine_1Da,26,False,predicted_spectrum,9014
CASMI2022,massformer,completed,164,164,367,CASMI_MOL_1196963,CASMI_MOL_901317,901317,Cc1nccc(CNC(=O)NC(CC(C)(C)C)C(F)(F)F)n1,0.4562310025402605,binned_cosine_1Da,27,False,predicted_spectrum,9014
CASMI2022,massformer,completed,164,164,367,CASMI_MOL_1196963,CASMI_MOL_902669,902669,Cc1nccc(CNC(=O)NC(CC(C)(C)C)C(F)(F)F)n1,0.4562310025402605,binned_cosine_1Da,28,False,predicted_spectrum,9014
CASMI2022,massformer,completed,164,164,367,CASMI_MOL_1196963,CASMI_MOL_902569,902569,CCc1nc2c(OC)cccn2c1C(=O)NCCCNC(C)=O,0.4549392980219549,binned_cosine_1Da,29,False,predicted_spectrum,9014
CASMI2022,massformer,completed,164,164,367,CASMI_MOL_1196963,CASMI_MOL_904531,904531,O=C(Cn1cc([N+](=O)[O-])cn1)NCC12CC3CC(CC(C3)C1)C2,0.45315393499502826,binned_cosine_1Da,30,False,predicted_spectrum,9014
CASMI2022,massformer,completed,164,164,367,CASMI_MOL_1196963,CASMI_MOL_904527,904527,O=C(Cn1ccc([N+](=O)[O-])n1)NCC12CC3CC(CC(C3)C1)C2,0.4523569978131983,binned_cosine_1Da,31,False,predicted_spectrum,9014
CASMI2022,massformer,completed,164,164,367,CASMI_MOL_1196963,CASMI_MOL_904854,904854,O=C(NNC(O)c1ccc(=O)[nH]n1)C12CC3CC(CC(C3)C1)C2,0.45070454953565237,binned_cosine_1Da,32,False,predicted_spectrum,9014
CASMI2022,massformer,completed,164,164,367,CASMI_MOL_1196963,CASMI_MOL_902570,902570,CCOc1cccn2c(C(=O)NCCCNC(C)=O)c(C)nc12,0.4474840375331165,binned_cosine_1Da,33,False,predicted_spectrum,9014
CASMI2022,massformer,completed,164,164,367,CASMI_MOL_1196963,CASMI_MOL_902225,902225,CC(C)CCCCCCOC(=O)CC(O)(CC(=O)O)C(=O)O,0.44235614446635735,binned_cosine_1Da,34,False,predicted_spectrum,9014
CASMI2022,massformer,completed,164,164,367,CASMI_MOL_1196963,CASMI_MOL_898038,898038,CC1OC(OCCCCCCC(=O)CC(=O)O)C(O)CC1O,0.4423512851587353,binned_cosine_1Da,35,False,predicted_spectrum,9014
CASMI2022,massformer,completed,164,164,367,CASMI_MOL_1196963,CASMI_MOL_902355,902355,C=CCOCC(CO)(CO)CCC(CCCC(=O)O)C(=O)O,0.4388863403894398,binned_cosine_1Da,36,False,predicted_spectrum,9014
CASMI2022,massformer,completed,164,164,367,CASMI_MOL_1196963,CASMI_MOL_904602,904602,C=Cc1c(CCCCCCCCC2CS2)cccc1C(=O)O,0.43815744407213303,binned_cosine_1Da,37,False,predicted_spectrum,9014
CASMI2022,massformer,completed,164,164,367,CASMI_MOL_1196963,CASMI_MOL_902130,902130,CC12CCC3C(CCC4CC(=O)C(=S)CC43C)C1CCC2=O,0.4381214810245853,binned_cosine_1Da,38,False,predicted_spectrum,9014
CASMI2022,massformer,completed,164,164,367,CASMI_MOL_1196963,CASMI_MOL_903408,903408,CC12CCC3C(CCC4CC(=O)C(=S)CC43C)C1CCC2=O,0.4381214810245853,binned_cosine_1Da,39,False,predicted_spectrum,9014
CASMI2022,massformer,completed,164,164,367,CASMI_MOL_1196963,CASMI_MOL_904059,904059,CC12CCC3C(CCC4CC(=O)C(=S)CC43C)C1CCC2=O,0.4381214810245853,binned_cosine_1Da,40,False,predicted_spectrum,9014
CASMI2022,massformer,completed,164,164,367,CASMI_MOL_1196963,CASMI_MOL_904706,904706,CC12CCC3C(CCC4CC(=O)C(=S)CC43C)C1CCC2=O,0.4381214810245853,binned_cosine_1Da,41,False,predicted_spectrum,9014
CASMI2022,massformer,completed,164,164,367,CASMI_MOL_1196963,CASMI_MOL_904831,904831,C=CCCCCCCCOC1OC(C(=O)O)C(O)C(O)C1O,0.43780727519861007,binned_cosine_1Da,42,False,predicted_spectrum,9014
CASMI2022,massformer,completed,164,164,367,CASMI_MOL_1196963,CASMI_MOL_897296,897296,C=C(C)C(=O)OC1(CCCCC)OC(CO)C(O)C(O)C1O,0.43557890827034373,binned_cosine_1Da,43,False,predicted_spectrum,9014
CASMI2022,massformer,completed,164,164,367,CASMI_MOL_1196963,CASMI_MOL_897297,897297,C=C(C)C(=O)OC1(CCCCC)OC(CO)C(O)C(O)C1O,0.43557890827034373,binned_cosine_1Da,44,False,predicted_spectrum,9014
CASMI2022,massformer,completed,164,164,367,CASMI_MOL_1196963,CASMI_MOL_897298,897298,C=C(C)C(=O)OC1(CCCCC)OC(CO)C(O)C(O)C1O,0.43557890827034373,binned_cosine_1Da,45,False,predicted_spectrum,9014
CASMI2022,massformer,completed,164,164,367,CASMI_MOL_1196963,CASMI_MOL_896089,896089,CCCCCCCCC=CCCSSCCCC(=O)O,0.43074650766953676,binned_cosine_1Da,46,False,predicted_spectrum,9014
CASMI2022,massformer,completed,164,164,367,CASMI_MOL_1196963,CASMI_MOL_895864,895864,CN1C(=O)N(CC(=O)C2=CN=NC2)C(=O)C1(C)C1CCCCC1,0.42827989670416977,binned_cosine_1Da,47,False,predicted_spectrum,9014
CASMI2022,massformer,completed,164,164,367,CASMI_MOL_1196963,CASMI_MOL_897220,897220,CCC(CCCC(CCOCC(=O)O)CC(=O)O)CC(=O)O,0.42789859575397415,binned_cosine_1Da,48,False,predicted_spectrum,9014
CASMI2022,massformer,completed,164,164,367,CASMI_MOL_1196963,CASMI_MOL_904605,904605,CCCC(C(=O)O)C(O)(C(=O)O)C(CCC)(CCC)C(=O)O,0.4272808416863928,binned_cosine_1Da,49,False,predicted_spectrum,9014
CASMI2022,massformer,completed,164,164,367,CASMI_MOL_1196963,CASMI_MOL_902131,902131,CC12CCC3C(CCC4C(=S)C(=O)CCC43C)C1CCC2=O,0.42484803523386816,binned_cosine_1Da,50,False,predicted_spectrum,9014
CASMI2022,massformer,completed,164,164,367,CASMI_MOL_1196963,CASMI_MOL_902384,902384,CC12CCC3C(CCC4C(=S)C(=O)CCC43C)C1CCC2=O,0.42484803523386816,binned_cosine_1Da,51,False,predicted_spectrum,9014
CASMI2022,massformer,completed,164,164,367,CASMI_MOL_1196963,CASMI_MOL_904062,904062,CC12CCC3C(CCC4C(=S)C(=O)CCC43C)C1CCC2=O,0.42484803523386816,binned_cosine_1Da,52,False,predicted_spectrum,9014
CASMI2022,massformer,completed,164,164,367,CASMI_MOL_1196963,CASMI_MOL_904720,904720,CC12CCC3C(CCC4C(=S)C(=O)CCC43C)C1CCC2=O,0.42484803523386816,binned_cosine_1Da,53,False,predicted_spectrum,9014
CASMI2022,massformer,completed,164,164,367,CASMI_MOL_1196963,CASMI_MOL_904721,904721,CC12CCC3C(CCC4C(=S)C(=O)CCC43C)C1CCC2=O,0.42484803523386816,binned_cosine_1Da,54,False,predicted_spectrum,9014
CASMI2022,massformer,completed,164,164,367,CASMI_MOL_1196963,CASMI_MOL_904061,904061,CC(=O)OC1CC(CCO)OC2(C1)CC(C)(O)CC(CO)O2,0.42430402243868054,binned_cosine_1Da,55,False,predicted_spectrum,9014
CASMI2022,massformer,completed,164,164,367,CASMI_MOL_1196963,CASMI_MOL_904830,904830,CC(=O)OC1CC(CCO)OC2(C1)CC(C)(O)CC(CO)O2,0.42430402243868054,binned_cosine_1Da,56,False,predicted_spectrum,9014
CASMI2022,massformer,completed,164,164,367,CASMI_MOL_1196963,CASMI_MOL_898861,898861,CCCCCSCCC=CCCCCSCCC(=O)O,0.42392490664426913,binned_cosine_1Da,57,False,predicted_spectrum,9014
CASMI2022,massformer,completed,164,164,367,CASMI_MOL_1196963,CASMI_MOL_902431,902431,CCCCCSCCC=CCCCCSCCC(=O)O,0.42392490664426913,binned_cosine_1Da,58,False,predicted_spectrum,9014
CASMI2022,massformer,completed,164,164,367,CASMI_MOL_1196963,CASMI_MOL_902568,902568,CCOc1cccn2c(C(=O)NCCNC(C)=O)c(CC)nc12,0.42315983207446706,binned_cosine_1Da,59,False,predicted_spectrum,9014
CASMI2022,massformer,completed,164,164,367,CASMI_MOL_1196963,CASMI_MOL_904437,904437,COC(=O)CCC(O)C1OC(C)(C)OC1C1COC(C)(C)O1,0.42188763915175687,binned_cosine_1Da,60,False,predicted_spectrum,9014
CASMI2022,massformer,completed,164,164,367,CASMI_MOL_1196963,CASMI_MOL_904740,904740,COC(=O)CCC(O)C1OC(C)(C)OC1C1COC(C)(C)O1,0.42188763915175687,binned_cosine_1Da,61,False,predicted_spectrum,9014
CASMI2022,massformer,completed,164,164,367,CASMI_MOL_1196963,CASMI_MOL_897308,897308,CCCCCCCCCCC(OCC(=O)O)(C(=O)O)C(=O)O,0.42145702924784867,binned_cosine_1Da,62,False,predicted_spectrum,9014
CASMI2022,massformer,completed,164,164,367,CASMI_MOL_1196963,CASMI_MOL_903413,903413,CCCCCCCCCOC(CC(=O)O)(CC(=O)O)C(=O)O,0.41979686167241836,binned_cosine_1Da,63,False,predicted_spectrum,9014
CASMI2022,massformer,completed,164,164,367,CASMI_MOL_1196963,CASMI_MOL_902414,902414,O=C(O)c1ccccc1C=CCCCCCCCCC1CS1,0.41712919808961674,binned_cosine_1Da,64,False,predicted_spectrum,9014
CASMI2022,massformer,completed,164,164,367,CASMI_MOL_1196963,CASMI_MOL_900394,900394,CCCCN=C(NC)NCc1ccnc(OCC(F)(F)F)c1,0.4162763986748211,binned_cosine_1Da,65,False,predicted_spectrum,9014
CASMI2022,massformer,completed,164,164,367,CASMI_MOL_1196963,CASMI_MOL_899007,899007,Cc1nnc2n1CC(C(=O)O)N(C(=O)CC1CC3CCC1C3)C2,0.41394541436314,binned_cosine_1Da,66,False,predicted_spectrum,9014
CASMI2022,massformer,completed,164,164,367,CASMI_MOL_1196963,CASMI_MOL_903582,903582,CCCCCCCCCOC(=O)CC(O)(CC(=O)O)C(=O)O,0.4134407147210789,binned_cosine_1Da,67,False,predicted_spectrum,9014
CASMI2022,massformer,completed,164,164,367,CASMI_MOL_1196963,CASMI_MOL_904680,904680,CC12COC(CCCOCCOCCOCC=O)(OC1)OC2,0.41229431426422714,binned_cosine_1Da,68,False,predicted_spectrum,9014
CASMI2022,massformer,completed,164,164,367,CASMI_MOL_1196963,CASMI_MOL_900386,900386,CCCN=C(NCC)NCc1ccnc(OCC(F)(F)F)c1,0.4103459959607444,binned_cosine_1Da,69,False,predicted_spectrum,9014
CASMI2022,massformer,completed,164,164,367,CASMI_MOL_1196963,CASMI_MOL_895936,895936,CC1(C)C2CC=C(CCNC(=O)c3cn(CC(=O)O)nn3)C1C2,0.40967108056692914,binned_cosine_1Da,70,False,predicted_spectrum,9014
CASMI2022,massformer,completed,164,164,367,CASMI_MOL_1196963,CASMI_MOL_904381,904381,O=C1CCCCC(O)CCC(=O)OCCOCCOCCO1,0.40859970257337425,binned_cosine_1Da,71,False,predicted_spectrum,9014
CASMI2022,massformer,completed,164,164,367,CASMI_MOL_1196963,CASMI_MOL_902341,902341,CC(C)(O)C(C(CCC(=O)O)C(=O)O)C(C)(C)CCC(=O)O,0.4066254531402396,binned_cosine_1Da,72,False,predicted_spectrum,9014
CASMI2022,massformer,completed,164,164,367,CASMI_MOL_1196963,CASMI_MOL_897164,897164,CC12CCC(=O)C=C1CCC1C2SCC2(C)C(C=O)CCC12,0.4054848293282765,binned_cosine_1Da,73,False,predicted_spectrum,9014
CASMI2022,massformer,completed,164,164,367,CASMI_MOL_1196963,CASMI_MOL_897020,897020,CSC12CCC(=O)C=C1CCC1C3CCC(=O)C3(C)CCC12,0.4044255060775198,binned_cosine_1Da,74,False,predicted_spectrum,9014
CASMI2022,massformer,completed,164,164,367,CASMI_MOL_1196963,CASMI_MOL_896997,896997,CC12CCC(=S=O)C1C1CC=C3CC(=O)CCC3(C)C1CC2,0.40406475208341275,binned_cosine_1Da,75,False,predicted_spectrum,9014
CASMI2022,massformer,completed,164,164,367,CASMI_MOL_1196963,CASMI_MOL_898037,898037,CC(CCCCC(=O)CC(=O)O)OC1OC(C)C(O)CC1O,0.40296905673335703,binned_cosine_1Da,76,False,predicted_spectrum,9014
CASMI2022,massformer,completed,164,164,367,CASMI_MOL_1196963,CASMI_MOL_900384,900384,CCCN=C(NCC)NCc1cccnc1OCC(F)(F)F,0.4023997402203444,binned_cosine_1Da,77,False,predicted_spectrum,9014
CASMI2022,massformer,completed,164,164,367,CASMI_MOL_1196963,CASMI_MOL_902438,902438,CC(C)C(C(=O)O)C(O)(C(=O)O)C(C(=O)O)(C(C)C)C(C)C,0.3995610130822337,binned_cosine_1Da,78,False,predicted_spectrum,9014
CASMI2022,massformer,completed,164,164,367,CASMI_MOL_1196963,CASMI_MOL_902841,902841,CC(C)(C)NC(=O)CCN1CCc2[nH]nc(C(F)(F)F)c2C1,0.39776103733528845,binned_cosine_1Da,79,False,predicted_spectrum,9014
CASMI2022,massformer,completed,164,164,367,CASMI_MOL_1196963,CASMI_MOL_902429,902429,CCCCC(CCCC)(C(=O)OC)C(O)(CC(=O)O)C(=O)O,0.3971278156122882,binned_cosine_1Da,80,False,predicted_spectrum,9014
CASMI2022,massformer,completed,164,164,367,CASMI_MOL_1196963,CASMI_MOL_904761,904761,O=C1C=CC2CCCCCC3C=CC(=O)C3CCSCCC12,0.39697765293212667,binned_cosine_1Da,81,False,predicted_spectrum,9014
CASMI2022,massformer,completed,164,164,367,CASMI_MOL_1196963,CASMI_MOL_897447,897447,CC(NC(=O)c1cc([N+](=O)[O-])[nH]n1)C12CC3CC(CC(C3)C1)C2,0.39636993788279073,binned_cosine_1Da,82,False,predicted_spectrum,9014
CASMI2022,massformer,completed,164,164,367,CASMI_MOL_1196963,CASMI_MOL_897448,897448,CC(NC(=O)c1cc([N+](=O)[O-])[nH]n1)C12CC3CC(CC(C3)C1)C2,0.39636993788279073,binned_cosine_1Da,83,False,predicted_spectrum,9014
CASMI2022,massformer,completed,164,164,367,CASMI_MOL_1196963,CASMI_MOL_903591,903591,CCCOC(CC(=O)O)(C(=O)O)C(CCC)(CCC)C(=O)O,0.3950903187216211,binned_cosine_1Da,84,False,predicted_spectrum,9014
CASMI2022,massformer,completed,164,164,367,CASMI_MOL_1196963,CASMI_MOL_900950,900950,CCCCCCCCOC(=O)CCCCC1CCSS1,0.3945874557737459,binned_cosine_1Da,85,False,predicted_spectrum,9014
CASMI2022,massformer,completed,164,164,367,CASMI_MOL_1196963,CASMI_MOL_902533,902533,CCCCCCCCOC(=O)CCCCC1CCSS1,0.3945874557737459,binned_cosine_1Da,86,False,predicted_spectrum,9014
CASMI2022,massformer,completed,164,164,367,CASMI_MOL_1196963,CASMI_MOL_902312,902312,CCCCCCC=CC(CC(=O)O)(OCC(O)CO)C(=O)O,0.39363443106744006,binned_cosine_1Da,87,False,predicted_spectrum,9014
CASMI2022,massformer,completed,164,164,367,CASMI_MOL_1196963,CASMI_MOL_897672,897672,CC12CCC3C(CC=C4CC(=O)CCC43CS)C1CCC2=O,0.39331936342880736,binned_cosine_1Da,88,False,predicted_spectrum,9014
CASMI2022,massformer,completed,164,164,367,CASMI_MOL_1196963,CASMI_MOL_903421,903421,CC12CCC3C(CC=C4CC(=O)CCC43CS)C1CCC2=O,0.39331936342880736,binned_cosine_1Da,89,False,predicted_spectrum,9014
CASMI2022,massformer,completed,164,164,367,CASMI_MOL_1196963,CASMI_MOL_904060,904060,CC12CCC3C(CC=C4CC(=O)CCC43CS)C1CCC2=O,0.39331936342880736,binned_cosine_1Da,90,False,predicted_spectrum,9014
CASMI2022,massformer,completed,164,164,367,CASMI_MOL_1196963,CASMI_MOL_897225,897225,CC(C)CCCCCOC(=O)CCCCC1CCSS1,0.39092773862230934,binned_cosine_1Da,91,False,predicted_spectrum,9014
CASMI2022,massformer,completed,164,164,367,CASMI_MOL_1196963,CASMI_MOL_897252,897252,CCCCCCCCC(CC(=O)O)C(=O)OC(=O)C(O)CO,0.3908483657386537,binned_cosine_1Da,92,False,predicted_spectrum,9014
CASMI2022,massformer,completed,164,164,367,CASMI_MOL_1196963,CASMI_MOL_903123,903123,CCCC(C)=CCCC(C)=CCSc1ccccc1C(=O)O,0.38991373115007577,binned_cosine_1Da,93,False,predicted_spectrum,9014
CASMI2022,massformer,completed,164,164,367,CASMI_MOL_1196963,CASMI_MOL_904774,904774,O=C1C=CC2CCSCCC3C(=O)C=CC3CCCCCC12,0.3890203019638275,binned_cosine_1Da,94,False,predicted_spectrum,9014
CASMI2022,massformer,completed,164,164,367,CASMI_MOL_1196963,CASMI_MOL_897205,897205,COCCC(CO)COCC(CO)(CO)CCC(F)(F)F,0.3888586878189994,binned_cosine_1Da,95,False,predicted_spectrum,9014
CASMI2022,massformer,completed,164,164,367,CASMI_MOL_1196963,CASMI_MOL_896883,896883,CCCC1(CO)CN(C(=O)c2ccn3ncnc3c2)CCC1O,0.38873728521549633,binned_cosine_1Da,96,False,predicted_spectrum,9014
CASMI2022,massformer,completed,164,164,367,CASMI_MOL_1196963,CASMI_MOL_902408,902408,CCCCCOC(=O)C(CC)(CC)C(O)(CC(=O)O)C(=O)O,0.388000113832619,binned_cosine_1Da,97,False,predicted_spectrum,9014
CASMI2022,massformer,completed,164,164,367,CASMI_MOL_1196963,CASMI_MOL_903596,903596,CCCC(CCC)(C(=O)O)C(CCC)(OCC(=O)O)C(=O)O,0.3875586511523082,binned_cosine_1Da,98,False,predicted_spectrum,9014
CASMI2022,massformer,completed,164,164,367,CASMI_MOL_1196963,CASMI_MOL_897214,897214,CC12CCC3C(CC=C4CC(=O)CCC43C)C1CC(S)C2=O,0.3871200453803071,binned_cosine_1Da,99,False,predicted_spectrum,9014
CASMI2022,massformer,completed,164,164,367,CASMI_MOL_1196963,CASMI_MOL_900395,900395,CCCCN=C(NC)NCc1cccnc1OCC(F)(F)F,0.386688693744196,binned_cosine_1Da,100,False,predicted_spectrum,9014
CASMI2022,massformer,completed,164,164,367,CASMI_MOL_1196963,CASMI_MOL_1196963,1196963,CCC(C)=CC=CCC(=O)OCC(O)C(O)C(O)C(O)CO,0.27476844557924035,binned_cosine_1Da,464,True,predicted_spectrum,9014
CASMI2022,massformer,completed,165,165,368,CASMI_MOL_1196937,CASMI_MOL_762956,762956,C1=Cc2c(c3cc(-c4ccc5c6ccccc6n(-c6ccc7cc(-c8ccccc8)ccc7c6)c5c4)c4sc5ccccc5c4c3n2-c2nc(-c3ccccc3)c3sc4ccccc4c3n2)CC1,,binned_cosine_1Da,1,False,prediction_failed,631
CASMI2022,massformer,completed,165,165,368,CASMI_MOL_1196937,CASMI_MOL_762956,762956,C1=Cc2c(c3cc(-c4ccc5c6ccccc6n(-c6ccc7cc(-c8ccccc8)ccc7c6)c5c4)c4sc5ccccc5c4c3n2-c2nc(-c3ccccc3)c3sc4ccccc4c3n2)CC1,,binned_cosine_1Da,2,False,prediction_failed,631
CASMI2022,massformer,completed,165,165,368,CASMI_MOL_1196937,CASMI_MOL_762957,762957,CCCCC(CC)CCc1ccc(-c2cc3sc(-c4c(C#N)c(C#N)c(-c5cc6sc(-c7ccc(CCC(CC)CCCC)cc7F)cc6s5)c5nsnc45)cc3s2)c(F)c1,,binned_cosine_1Da,3,False,prediction_failed,631
CASMI2022,massformer,completed,165,165,368,CASMI_MOL_1196937,CASMI_MOL_762957,762957,CCCCC(CC)CCc1ccc(-c2cc3sc(-c4c(C#N)c(C#N)c(-c5cc6sc(-c7ccc(CCC(CC)CCCC)cc7F)cc6s5)c5nsnc45)cc3s2)c(F)c1,,binned_cosine_1Da,4,False,prediction_failed,631
CASMI2022,massformer,completed,165,165,368,CASMI_MOL_1196937,CASMI_MOL_762958,762958,C=CC(=O)Nc1ccc(-c2nc(N)nc(N=CC(=O)Nc3ccc(-c4ncnc(Cl)c4-c4ccc(Oc5nccc(C)n5)c(F)c4)cc3)c2-c2ccc(Oc3nccc(C)n3)c(F)c2)cc1,,binned_cosine_1Da,5,False,prediction_failed,631
CASMI2022,massformer,completed,165,165,368,CASMI_MOL_1196937,CASMI_MOL_762958,762958,C=CC(=O)Nc1ccc(-c2nc(N)nc(N=CC(=O)Nc3ccc(-c4ncnc(Cl)c4-c4ccc(Oc5nccc(C)n5)c(F)c4)cc3)c2-c2ccc(Oc3nccc(C)n3)c(F)c2)cc1,,binned_cosine_1Da,6,False,prediction_failed,631
CASMI2022,massformer,completed,165,165,368,CASMI_MOL_1196937,CASMI_MOL_762959,762959,O=C1CCC(N2C(=O)c3cc(F)c(N4CCN(CCOc5ccc(-c6cnc7[nH]cc(C(=O)c8c(F)ccc(NS(=O)(=O)N9CCC(F)C9)c8F)c7c6)cc5)CC4)cc3C2=O)C(=O)N1,,binned_cosine_1Da,7,False,prediction_failed,631
CASMI2022,massformer,completed,165,165,368,CASMI_MOL_1196937,CASMI_MOL_762959,762959,O=C1CCC(N2C(=O)c3cc(F)c(N4CCN(CCOc5ccc(-c6cnc7[nH]cc(C(=O)c8c(F)ccc(NS(=O)(=O)N9CCC(F)C9)c8F)c7c6)cc5)CC4)cc3C2=O)C(=O)N1,,binned_cosine_1Da,8,False,prediction_failed,631
CASMI2022,massformer,completed,165,165,368,CASMI_MOL_1196937,CASMI_MOL_762960,762960,c1ccc2cc3cc(N(c4ccc5c(c4)oc4ccccc45)c4cc5sc6nc(N(c7ccc8cc9ccccc9cc8c7)c7ccc8c(c7)oc7ccccc78)cnc6c5nn4)ccc3cc2c1,,binned_cosine_1Da,9,False,prediction_failed,631
CASMI2022,massformer,completed,165,165,368,CASMI_MOL_1196937,CASMI_MOL_762960,762960,c1ccc2cc3cc(N(c4ccc5c(c4)oc4ccccc45)c4cc5sc6nc(N(c7ccc8cc9ccccc9cc8c7)c7ccc8c(c7)oc7ccccc78)cnc6c5nn4)ccc3cc2c1,,binned_cosine_1Da,10,False,prediction_failed,631
CASMI2022,massformer,completed,165,165,368,CASMI_MOL_1196937,CASMI_MOL_762961,762961,c1ccc2cc3cc(N(c4ccc5c(c4)oc4ccccc45)c4cnc5c(c4)sc4nc(N(c6ccc7cc8ccccc8cc7c6)c6ccc7c(c6)oc6ccccc67)nnc45)ccc3cc2c1,,binned_cosine_1Da,11,False,prediction_failed,631
CASMI2022,massformer,completed,165,165,368,CASMI_MOL_1196937,CASMI_MOL_762961,762961,c1ccc2cc3cc(N(c4ccc5c(c4)oc4ccccc45)c4cnc5c(c4)sc4nc(N(c6ccc7cc8ccccc8cc7c6)c6ccc7c(c6)oc6ccccc67)nnc45)ccc3cc2c1,,binned_cosine_1Da,12,False,prediction_failed,631
CASMI2022,massformer,completed,165,165,368,CASMI_MOL_1196937,CASMI_MOL_762962,762962,c1ccc2c(N(c3ccc4c(c3)oc3ccccc34)c3cc4sc5nc(N(c6ccc7c(c6)oc6ccccc67)c6c7ccccc7cc7ccccc67)ncc5c4nn3)c3ccccc3cc2c1,,binned_cosine_1Da,13,False,prediction_failed,631
CASMI2022,massformer,completed,165,165,368,CASMI_MOL_1196937,CASMI_MOL_762962,762962,c1ccc2c(N(c3ccc4c(c3)oc3ccccc34)c3cc4sc5nc(N(c6ccc7c(c6)oc6ccccc67)c6c7ccccc7cc7ccccc67)ncc5c4nn3)c3ccccc3cc2c1,,binned_cosine_1Da,14,False,prediction_failed,631
CASMI2022,massformer,completed,165,165,368,CASMI_MOL_1196937,CASMI_MOL_762963,762963,c1ccc2cc3cc(N(c4ccc5c(c4)oc4ccccc45)c4cc5sc6nc(N(c7ccc8cc9ccccc9cc8c7)c7ccc8c(c7)oc7ccccc78)ncc6c5nn4)ccc3cc2c1,,binned_cosine_1Da,15,False,prediction_failed,631
CASMI2022,massformer,completed,165,165,368,CASMI_MOL_1196937,CASMI_MOL_762963,762963,c1ccc2cc3cc(N(c4ccc5c(c4)oc4ccccc45)c4cc5sc6nc(N(c7ccc8cc9ccccc9cc8c7)c7ccc8c(c7)oc7ccccc78)ncc6c5nn4)ccc3cc2c1,,binned_cosine_1Da,16,False,prediction_failed,631
CASMI2022,massformer,completed,165,165,368,CASMI_MOL_1196937,CASMI_MOL_762964,762964,c1ccc2cc3cc(N(c4ccc5c(c4)oc4ccccc45)c4cnc5c(n4)sc4nc(N(c6ccc7cc8ccccc8cc7c6)c6ccc7c(c6)oc6ccccc67)cnc45)ccc3cc2c1,,binned_cosine_1Da,17,False,prediction_failed,631
CASMI2022,massformer,completed,165,165,368,CASMI_MOL_1196937,CASMI_MOL_762964,762964,c1ccc2cc3cc(N(c4ccc5c(c4)oc4ccccc45)c4cnc5c(n4)sc4nc(N(c6ccc7cc8ccccc8cc7c6)c6ccc7c(c6)oc6ccccc67)cnc45)ccc3cc2c1,,binned_cosine_1Da,18,False,prediction_failed,631
CASMI2022,massformer,completed,165,165,368,CASMI_MOL_1196937,CASMI_MOL_762965,762965,c1ccc2c(N(c3ccc4c(c3)oc3ccccc34)c3ncc4c(n3)sc3nc(N(c5ccc6c(c5)oc5ccccc56)c5c6ccccc6cc6ccccc56)ncc34)c3ccccc3cc2c1,,binned_cosine_1Da,19,False,prediction_failed,631
CASMI2022,massformer,completed,165,165,368,CASMI_MOL_1196937,CASMI_MOL_762965,762965,c1ccc2c(N(c3ccc4c(c3)oc3ccccc34)c3ncc4c(n3)sc3nc(N(c5ccc6c(c5)oc5ccccc56)c5c6ccccc6cc6ccccc56)ncc34)c3ccccc3cc2c1,,binned_cosine_1Da,20,False,prediction_failed,631
CASMI2022,massformer,completed,165,165,368,CASMI_MOL_1196937,CASMI_MOL_762966,762966,c1ccc2cc3cc(N(c4ccc5c(c4)oc4ccccc45)c4cc5sc6nc(N(c7ccc8cc9ccccc9cc8c7)c7ccc8c(c7)oc7ccccc78)nnc6c5cn4)ccc3cc2c1,,binned_cosine_1Da,21,False,prediction_failed,631
CASMI2022,massformer,completed,165,165,368,CASMI_MOL_1196937,CASMI_MOL_762966,762966,c1ccc2cc3cc(N(c4ccc5c(c4)oc4ccccc45)c4cc5sc6nc(N(c7ccc8cc9ccccc9cc8c7)c7ccc8c(c7)oc7ccccc78)nnc6c5cn4)ccc3cc2c1,,binned_cosine_1Da,22,False,prediction_failed,631
CASMI2022,massformer,completed,165,165,368,CASMI_MOL_1196937,CASMI_MOL_762967,762967,c1ccc2cc3cc(N(c4ccc5c(c4)oc4ccccc45)c4ncc5c(n4)sc4nc(N(c6ccc7cc8ccccc8cc7c6)c6ccc7c(c6)oc6ccccc67)ncc45)ccc3cc2c1,,binned_cosine_1Da,23,False,prediction_failed,631
CASMI2022,massformer,completed,165,165,368,CASMI_MOL_1196937,CASMI_MOL_762967,762967,c1ccc2cc3cc(N(c4ccc5c(c4)oc4ccccc45)c4ncc5c(n4)sc4nc(N(c6ccc7cc8ccccc8cc7c6)c6ccc7c(c6)oc6ccccc67)ncc45)ccc3cc2c1,,binned_cosine_1Da,24,False,prediction_failed,631
CASMI2022,massformer,completed,165,165,368,CASMI_MOL_1196937,CASMI_MOL_762968,762968,c1ccc2c(N(c3ccc4c(c3)oc3ccccc34)c3cc4sc5nc(N(c6ccc7c(c6)oc6ccccc67)c6c7ccccc7cc7ccccc67)cnc5c4nn3)c3ccccc3cc2c1,,binned_cosine_1Da,25,False,prediction_failed,631
CASMI2022,massformer,completed,165,165,368,CASMI_MOL_1196937,CASMI_MOL_762968,762968,c1ccc2c(N(c3ccc4c(c3)oc3ccccc34)c3cc4sc5nc(N(c6ccc7c(c6)oc6ccccc67)c6c7ccccc7cc7ccccc67)cnc5c4nn3)c3ccccc3cc2c1,,binned_cosine_1Da,26,False,prediction_failed,631
CASMI2022,massformer,completed,165,165,368,CASMI_MOL_1196937,CASMI_MOL_762969,762969,c1ccc2c(N(c3ccc4c(c3)oc3ccccc34)c3cnc4c(n3)sc3nc(N(c5ccc6c(c5)oc5ccccc56)c5c6ccccc6cc6ccccc56)cnc34)c3ccccc3cc2c1,,binned_cosine_1Da,27,False,prediction_failed,631
CASMI2022,massformer,completed,165,165,368,CASMI_MOL_1196937,CASMI_MOL_762969,762969,c1ccc2c(N(c3ccc4c(c3)oc3ccccc34)c3cnc4c(n3)sc3nc(N(c5ccc6c(c5)oc5ccccc56)c5c6ccccc6cc6ccccc56)cnc34)c3ccccc3cc2c1,,binned_cosine_1Da,28,False,prediction_failed,631
CASMI2022,massformer,completed,165,165,368,CASMI_MOL_1196937,CASMI_MOL_762970,762970,c1ccc2c(N(c3ccc4c(c3)oc3ccccc34)c3ccc4c(n3)sc3nc(N(c5ccc6c(c5)oc5ccccc56)c5c6ccccc6cc6ccccc56)nnc34)c3ccccc3cc2c1,,binned_cosine_1Da,29,False,prediction_failed,631
CASMI2022,massformer,completed,165,165,368,CASMI_MOL_1196937,CASMI_MOL_762970,762970,c1ccc2c(N(c3ccc4c(c3)oc3ccccc34)c3ccc4c(n3)sc3nc(N(c5ccc6c(c5)oc5ccccc56)c5c6ccccc6cc6ccccc56)nnc34)c3ccccc3cc2c1,,binned_cosine_1Da,30,False,prediction_failed,631
CASMI2022,massformer,completed,165,165,368,CASMI_MOL_1196937,CASMI_MOL_762971,762971,c1ccc2cc3cc(N(c4ccc5c(c4)oc4ccccc45)c4cc5sc6cc(N(c7ccc8cc9ccccc9cc8c7)c7ccc8c(c7)oc7ccccc78)nnc6c5nn4)ccc3cc2c1,,binned_cosine_1Da,31,False,prediction_failed,631
CASMI2022,massformer,completed,165,165,368,CASMI_MOL_1196937,CASMI_MOL_762971,762971,c1ccc2cc3cc(N(c4ccc5c(c4)oc4ccccc45)c4cc5sc6cc(N(c7ccc8cc9ccccc9cc8c7)c7ccc8c(c7)oc7ccccc78)nnc6c5nn4)ccc3cc2c1,,binned_cosine_1Da,32,False,prediction_failed,631
CASMI2022,massformer,completed,165,165,368,CASMI_MOL_1196937,CASMI_MOL_762972,762972,c1ccc2cc3cc(N(c4ccc5c(c4)oc4ccccc45)c4ccc5c(n4)sc4nc(N(c6ccc7cc8ccccc8cc7c6)c6ccc7c(c6)oc6ccccc67)nnc45)ccc3cc2c1,,binned_cosine_1Da,33,False,prediction_failed,631
CASMI2022,massformer,completed,165,165,368,CASMI_MOL_1196937,CASMI_MOL_762972,762972,c1ccc2cc3cc(N(c4ccc5c(c4)oc4ccccc45)c4ccc5c(n4)sc4nc(N(c6ccc7cc8ccccc8cc7c6)c6ccc7c(c6)oc6ccccc67)nnc45)ccc3cc2c1,,binned_cosine_1Da,34,False,prediction_failed,631
CASMI2022,massformer,completed,165,165,368,CASMI_MOL_1196937,CASMI_MOL_762973,762973,c1ccc2c(N(c3ccc4c(c3)oc3ccccc34)c3cc4sc5cc(N(c6ccc7c(c6)oc6ccccc67)c6c7ccccc7cc7ccccc67)nnc5c4nn3)c3ccccc3cc2c1,,binned_cosine_1Da,35,False,prediction_failed,631
CASMI2022,massformer,completed,165,165,368,CASMI_MOL_1196937,CASMI_MOL_762973,762973,c1ccc2c(N(c3ccc4c(c3)oc3ccccc34)c3cc4sc5cc(N(c6ccc7c(c6)oc6ccccc67)c6c7ccccc7cc7ccccc67)nnc5c4nn3)c3ccccc3cc2c1,,binned_cosine_1Da,36,False,prediction_failed,631
CASMI2022,massformer,completed,165,165,368,CASMI_MOL_1196937,CASMI_MOL_762974,762974,c1ccc2cc3cc(N(c4ccc5c(c4)oc4ccccc45)c4cnc5c(n4)sc4nc(N(c6ccc7cc8ccccc8cc7c6)c6ccc7c(c6)oc6ccccc67)ncc45)ccc3cc2c1,,binned_cosine_1Da,37,False,prediction_failed,631
CASMI2022,massformer,completed,165,165,368,CASMI_MOL_1196937,CASMI_MOL_762974,762974,c1ccc2cc3cc(N(c4ccc5c(c4)oc4ccccc45)c4cnc5c(n4)sc4nc(N(c6ccc7cc8ccccc8cc7c6)c6ccc7c(c6)oc6ccccc67)ncc45)ccc3cc2c1,,binned_cosine_1Da,38,False,prediction_failed,631
CASMI2022,massformer,completed,165,165,368,CASMI_MOL_1196937,CASMI_MOL_762975,762975,c1ccc2c(N(c3ccc4c(c3)oc3ccccc34)c3cnc4c(c3)sc3nc(N(c5ccc6c(c5)oc5ccccc56)c5c6ccccc6cc6ccccc56)nnc34)c3ccccc3cc2c1,,binned_cosine_1Da,39,False,prediction_failed,631
CASMI2022,massformer,completed,165,165,368,CASMI_MOL_1196937,CASMI_MOL_762975,762975,c1ccc2c(N(c3ccc4c(c3)oc3ccccc34)c3cnc4c(c3)sc3nc(N(c5ccc6c(c5)oc5ccccc56)c5c6ccccc6cc6ccccc56)nnc34)c3ccccc3cc2c1,,binned_cosine_1Da,40,False,prediction_failed,631
CASMI2022,massformer,completed,165,165,368,CASMI_MOL_1196937,CASMI_MOL_762976,762976,c1ccc2c(N(c3ccc4c(c3)oc3ccccc34)c3cc4sc5nc(N(c6ccc7c(c6)oc6ccccc67)c6c7ccccc7cc7ccccc67)nnc5c4cn3)c3ccccc3cc2c1,,binned_cosine_1Da,41,False,prediction_failed,631
CASMI2022,massformer,completed,165,165,368,CASMI_MOL_1196937,CASMI_MOL_762976,762976,c1ccc2c(N(c3ccc4c(c3)oc3ccccc34)c3cc4sc5nc(N(c6ccc7c(c6)oc6ccccc67)c6c7ccccc7cc7ccccc67)nnc5c4cn3)c3ccccc3cc2c1,,binned_cosine_1Da,42,False,prediction_failed,631
CASMI2022,massformer,completed,165,165,368,CASMI_MOL_1196937,CASMI_MOL_762977,762977,c1ccc2c(N(c3ccc4c(c3)oc3ccccc34)c3cnc4c(n3)sc3nc(N(c5ccc6c(c5)oc5ccccc56)c5c6ccccc6cc6ccccc56)ncc34)c3ccccc3cc2c1,,binned_cosine_1Da,43,False,prediction_failed,631
CASMI2022,massformer,completed,165,165,368,CASMI_MOL_1196937,CASMI_MOL_762977,762977,c1ccc2c(N(c3ccc4c(c3)oc3ccccc34)c3cnc4c(n3)sc3nc(N(c5ccc6c(c5)oc5ccccc56)c5c6ccccc6cc6ccccc56)ncc34)c3ccccc3cc2c1,,binned_cosine_1Da,44,False,prediction_failed,631
CASMI2022,massformer,completed,165,165,368,CASMI_MOL_1196937,CASMI_MOL_762978,762978,c1ccc(-c2ccc3nc(-c4cc(-c5ccc(-c6ccc7c(c6)C6(c8ccccc8Oc8ccccc86)c6ccccc6-7)cc5)cc(-c5nc6ccc(-c7ccccc7)cc6s5)c4)sc3c2)cc1,,binned_cosine_1Da,45,False,prediction_failed,631
CASMI2022,massformer,completed,165,165,368,CASMI_MOL_1196937,CASMI_MOL_762978,762978,c1ccc(-c2ccc3nc(-c4cc(-c5ccc(-c6ccc7c(c6)C6(c8ccccc8Oc8ccccc86)c6ccccc6-7)cc5)cc(-c5nc6ccc(-c7ccccc7)cc6s5)c4)sc3c2)cc1,,binned_cosine_1Da,46,False,prediction_failed,631
CASMI2022,massformer,completed,165,165,368,CASMI_MOL_1196937,CASMI_MOL_762979,762979,c1cc(-c2cccc(-c3cc(-c4nc5ccccc5s4)cc(-c4nc5ccccc5s4)c3)c2)cc(-c2cccc(-c3ccc4c(c3)-c3ccccc3C43c4ccccc4Oc4ccccc43)c2)c1,,binned_cosine_1Da,47,False,prediction_failed,631
CASMI2022,massformer,completed,165,165,368,CASMI_MOL_1196937,CASMI_MOL_762979,762979,c1cc(-c2cccc(-c3cc(-c4nc5ccccc5s4)cc(-c4nc5ccccc5s4)c3)c2)cc(-c2cccc(-c3ccc4c(c3)-c3ccccc3C43c4ccccc4Oc4ccccc43)c2)c1,,binned_cosine_1Da,48,False,prediction_failed,631
CASMI2022,massformer,completed,165,165,368,CASMI_MOL_1196937,CASMI_MOL_762980,762980,c1ccc(-c2nc3ccc(-c4cc(-c5cccc(-c6ccc7c(c6)C6(c8ccccc8Oc8ccccc86)c6ccccc6-7)c5)cc(-c5ccc6nc(-c7ccccc7)sc6c5)c4)cc3s2)cc1,,binned_cosine_1Da,49,False,prediction_failed,631
CASMI2022,massformer,completed,165,165,368,CASMI_MOL_1196937,CASMI_MOL_762980,762980,c1ccc(-c2nc3ccc(-c4cc(-c5cccc(-c6ccc7c(c6)C6(c8ccccc8Oc8ccccc86)c6ccccc6-7)c5)cc(-c5ccc6nc(-c7ccccc7)sc6c5)c4)cc3s2)cc1,,binned_cosine_1Da,50,False,prediction_failed,631
CASMI2022,massformer,completed,165,165,368,CASMI_MOL_1196937,CASMI_MOL_762981,762981,CC(C)(C)OC(=O)Nc1nc(C(=NOC(C)(C)C(=O)OC(C)(C)C)C(=O)NC2C(=O)N3C(C(=O)OC(c4ccccc4)c4ccccc4)=C(c4ccc(CCl)cn4)CSC23)cs1,,binned_cosine_1Da,51,False,prediction_failed,631
CASMI2022,massformer,completed,165,165,368,CASMI_MOL_1196937,CASMI_MOL_762981,762981,CC(C)(C)OC(=O)Nc1nc(C(=NOC(C)(C)C(=O)OC(C)(C)C)C(=O)NC2C(=O)N3C(C(=O)OC(c4ccccc4)c4ccccc4)=C(c4ccc(CCl)cn4)CSC23)cs1,,binned_cosine_1Da,52,False,prediction_failed,631
CASMI2022,massformer,completed,165,165,368,CASMI_MOL_1196937,CASMI_MOL_762982,762982,C=C(C=CC=CC=C1N(CCCCCC(=O)O)c2ccc(S(=O)(=O)O)cc2C1(C)C)C(C)(CCCCS(=O)(=O)O)c1cc(S(=O)(=O)O)ccc1NCCCCS(=O)(=O)O,,binned_cosine_1Da,53,False,prediction_failed,631
CASMI2022,massformer,completed,165,165,368,CASMI_MOL_1196937,CASMI_MOL_762982,762982,C=C(C=CC=CC=C1N(CCCCCC(=O)O)c2ccc(S(=O)(=O)O)cc2C1(C)C)C(C)(CCCCS(=O)(=O)O)c1cc(S(=O)(=O)O)ccc1NCCCCS(=O)(=O)O,,binned_cosine_1Da,54,False,prediction_failed,631
CASMI2022,massformer,completed,165,165,368,CASMI_MOL_1196937,CASMI_MOL_762983,762983,CC1=NC(=O)C(N2C(=O)c3cccc(OCCOCCOCCOc4ccc(-c5cnc6[nH]cc(C(=O)c7c(F)ccc(NS(=O)(=O)N8CCC(F)C8)c7F)c6c5)cc4)c3C2=O)CC1,,binned_cosine_1Da,55,False,prediction_failed,631
CASMI2022,massformer,completed,165,165,368,CASMI_MOL_1196937,CASMI_MOL_762983,762983,CC1=NC(=O)C(N2C(=O)c3cccc(OCCOCCOCCOc4ccc(-c5cnc6[nH]cc(C(=O)c7c(F)ccc(NS(=O)(=O)N8CCC(F)C8)c7F)c6c5)cc4)c3C2=O)CC1,,binned_cosine_1Da,56,False,prediction_failed,631
CASMI2022,massformer,completed,165,165,368,CASMI_MOL_1196937,CASMI_MOL_762984,762984,CC1=NC(=O)C(N2C(=O)c3ccc(OCCOCCOCCOc4ccc(-c5cnc6[nH]cc(C(=O)c7c(F)ccc(NS(=O)(=O)N8CCC(F)C8)c7F)c6c5)cc4)cc3C2=O)CC1,,binned_cosine_1Da,57,False,prediction_failed,631
CASMI2022,massformer,completed,165,165,368,CASMI_MOL_1196937,CASMI_MOL_762984,762984,CC1=NC(=O)C(N2C(=O)c3ccc(OCCOCCOCCOc4ccc(-c5cnc6[nH]cc(C(=O)c7c(F)ccc(NS(=O)(=O)N8CCC(F)C8)c7F)c6c5)cc4)cc3C2=O)CC1,,binned_cosine_1Da,58,False,prediction_failed,631
CASMI2022,massformer,completed,165,165,368,CASMI_MOL_1196937,CASMI_MOL_762985,762985,CC1OC(OCC2OC(Oc3c(-c4ccc(O)cc4)oc4cc(OC5OC(CO)C(O)C(O)C5O)cc(O)c4c3=O)C(O)C(O)C2OC(=O)C=Cc2ccc(O)cc2)C(O)C(O)C1O,,binned_cosine_1Da,59,False,prediction_failed,631
CASMI2022,massformer,completed,165,165,368,CASMI_MOL_1196937,CASMI_MOL_762985,762985,CC1OC(OCC2OC(Oc3c(-c4ccc(O)cc4)oc4cc(OC5OC(CO)C(O)C(O)C5O)cc(O)c4c3=O)C(O)C(O)C2OC(=O)C=Cc2ccc(O)cc2)C(O)C(O)C1O,,binned_cosine_1Da,60,False,prediction_failed,631
CASMI2022,massformer,completed,165,165,368,CASMI_MOL_1196937,CASMI_MOL_762986,762986,CC1OC(OCC2OC(Oc3c(-c4ccc(O)cc4)oc4cc(OC5OC(CO)C(O)C(O)C5O)cc(O)c4c3=O)C(O)C(O)C2OC(=O)C=Cc2ccc(O)cc2)C(O)C(O)C1O,,binned_cosine_1Da,61,False,prediction_failed,631
CASMI2022,massformer,completed,165,165,368,CASMI_MOL_1196937,CASMI_MOL_762986,762986,CC1OC(OCC2OC(Oc3c(-c4ccc(O)cc4)oc4cc(OC5OC(CO)C(O)C(O)C5O)cc(O)c4c3=O)C(O)C(O)C2OC(=O)C=Cc2ccc(O)cc2)C(O)C(O)C1O,,binned_cosine_1Da,62,False,prediction_failed,631
CASMI2022,massformer,completed,165,165,368,CASMI_MOL_1196937,CASMI_MOL_762987,762987,CC1OC(OCC2OC(Oc3c(-c4ccc(O)cc4)oc4cc(OC5OC(CO)C(O)C(O)C5O)cc(O)c4c3=O)C(O)C(O)C2OC(=O)C=Cc2ccc(O)cc2)C(O)C(O)C1O,,binned_cosine_1Da,63,False,prediction_failed,631
CASMI2022,massformer,completed,165,165,368,CASMI_MOL_1196937,CASMI_MOL_762987,762987,CC1OC(OCC2OC(Oc3c(-c4ccc(O)cc4)oc4cc(OC5OC(CO)C(O)C(O)C5O)cc(O)c4c3=O)C(O)C(O)C2OC(=O)C=Cc2ccc(O)cc2)C(O)C(O)C1O,,binned_cosine_1Da,64,False,prediction_failed,631
CASMI2022,massformer,completed,165,165,368,CASMI_MOL_1196937,CASMI_MOL_762988,762988,CC1OC(Oc2c(-c3ccc(O)cc3)oc3cc(OC4OC(CO)C(O)C(O)C4O)cc(O)c3c2=O)C(OC2OC(COC(=O)C=Cc3ccc(O)cc3)C(O)C(O)C2O)C(O)C1O,,binned_cosine_1Da,65,False,prediction_failed,631
CASMI2022,massformer,completed,165,165,368,CASMI_MOL_1196937,CASMI_MOL_762988,762988,CC1OC(Oc2c(-c3ccc(O)cc3)oc3cc(OC4OC(CO)C(O)C(O)C4O)cc(O)c3c2=O)C(OC2OC(COC(=O)C=Cc3ccc(O)cc3)C(O)C(O)C2O)C(O)C1O,,binned_cosine_1Da,66,False,prediction_failed,631
CASMI2022,massformer,completed,165,165,368,CASMI_MOL_1196937,CASMI_MOL_762989,762989,COc1cc(C=CC(=O)OCC2OC(c3c(OC4OCC(O)(CO)C4O)c(C4OC(CO)C(O)C(O)C4O)c(O)c4c(=O)cc(-c5ccc(O)cc5)oc34)C(O)C(O)C2O)ccc1O,,binned_cosine_1Da,67,False,prediction_failed,631
CASMI2022,massformer,completed,165,165,368,CASMI_MOL_1196937,CASMI_MOL_762989,762989,COc1cc(C=CC(=O)OCC2OC(c3c(OC4OCC(O)(CO)C4O)c(C4OC(CO)C(O)C(O)C4O)c(O)c4c(=O)cc(-c5ccc(O)cc5)oc34)C(O)C(O)C2O)ccc1O,,binned_cosine_1Da,68,False,prediction_failed,631
CASMI2022,massformer,completed,165,165,368,CASMI_MOL_1196937,CASMI_MOL_762990,762990,CC1OC(Oc2c(-c3ccc(O)cc3)oc3cc(OC4OC(CO)C(O)C(O)C4O)cc(O)c3c2=O)C(OC2OC(CO)C(OC(=O)C=Cc3ccc(O)cc3)C(O)C2O)C(O)C1O,,binned_cosine_1Da,69,False,prediction_failed,631
CASMI2022,massformer,completed,165,165,368,CASMI_MOL_1196937,CASMI_MOL_762990,762990,CC1OC(Oc2c(-c3ccc(O)cc3)oc3cc(OC4OC(CO)C(O)C(O)C4O)cc(O)c3c2=O)C(OC2OC(CO)C(OC(=O)C=Cc3ccc(O)cc3)C(O)C2O)C(O)C1O,,binned_cosine_1Da,70,False,prediction_failed,631
CASMI2022,massformer,completed,165,165,368,CASMI_MOL_1196937,CASMI_MOL_762991,762991,CC1OC(Oc2c(-c3ccc(O)cc3)oc3cc(OC4OC(COC(=O)C=Cc5ccc(O)cc5)C(O)C(O)C4O)c(C4OC(CO)C(O)C(O)C4O)c(O)c3c2=O)C(O)C(O)C1O,,binned_cosine_1Da,71,False,prediction_failed,631
CASMI2022,massformer,completed,165,165,368,CASMI_MOL_1196937,CASMI_MOL_762991,762991,CC1OC(Oc2c(-c3ccc(O)cc3)oc3cc(OC4OC(COC(=O)C=Cc5ccc(O)cc5)C(O)C(O)C4O)c(C4OC(CO)C(O)C(O)C4O)c(O)c3c2=O)C(O)C(O)C1O,,binned_cosine_1Da,72,False,prediction_failed,631
CASMI2022,massformer,completed,165,165,368,CASMI_MOL_1196937,CASMI_MOL_762992,762992,O=C(C=Cc1ccc(O)cc1)OCC1OC(Oc2cc3c(OC4OC(CO)C(O)C(O)C4O)cc(=O)cc-3oc2-c2ccc(O)cc2)C(OC2OC(CO)C(O)C(O)C2O)C(O)C1O,,binned_cosine_1Da,73,False,prediction_failed,631
CASMI2022,massformer,completed,165,165,368,CASMI_MOL_1196937,CASMI_MOL_762992,762992,O=C(C=Cc1ccc(O)cc1)OCC1OC(Oc2cc3c(OC4OC(CO)C(O)C(O)C4O)cc(=O)cc-3oc2-c2ccc(O)cc2)C(OC2OC(CO)C(O)C(O)C2O)C(O)C1O,,binned_cosine_1Da,74,False,prediction_failed,631
CASMI2022,massformer,completed,165,165,368,CASMI_MOL_1196937,CASMI_MOL_762993,762993,CC1OC(Oc2c(-c3ccc(O)cc3)oc3cc(OC4OC(CO)C(O)C(O)C4O)cc(O)c3c2=O)C(OC2OC(COC(=O)C=Cc3ccc(O)cc3)C(O)C(O)C2O)C(O)C1O,,binned_cosine_1Da,75,False,prediction_failed,631
CASMI2022,massformer,completed,165,165,368,CASMI_MOL_1196937,CASMI_MOL_762993,762993,CC1OC(Oc2c(-c3ccc(O)cc3)oc3cc(OC4OC(CO)C(O)C(O)C4O)cc(O)c3c2=O)C(OC2OC(COC(=O)C=Cc3ccc(O)cc3)C(O)C(O)C2O)C(O)C1O,,binned_cosine_1Da,76,False,prediction_failed,631
CASMI2022,massformer,completed,165,165,368,CASMI_MOL_1196937,CASMI_MOL_762994,762994,CC1OC(Oc2c(-c3ccc(O)cc3)oc3cc(OC4OC(COC(=O)C=Cc5ccc(O)cc5)C(O)C(O)C4O)cc(O)c3c2=O)C(O)C(O)C1OC1OC(CO)C(O)C(O)C1O,,binned_cosine_1Da,77,False,prediction_failed,631
CASMI2022,massformer,completed,165,165,368,CASMI_MOL_1196937,CASMI_MOL_762994,762994,CC1OC(Oc2c(-c3ccc(O)cc3)oc3cc(OC4OC(COC(=O)C=Cc5ccc(O)cc5)C(O)C(O)C4O)cc(O)c3c2=O)C(O)C(O)C1OC1OC(CO)C(O)C(O)C1O,,binned_cosine_1Da,78,False,prediction_failed,631
CASMI2022,massformer,completed,165,165,368,CASMI_MOL_1196937,CASMI_MOL_762995,762995,O=C(C=Cc1ccc(O)cc1)OCC1OC(OC2C(c3c(O)cc4oc(-c5ccc(OC6OC(CO)C(O)C(O)C6O)cc5)cc(=O)c4c3O)OC(CO)C(O)C2O)C(O)C(O)C1O,,binned_cosine_1Da,79,False,prediction_failed,631
CASMI2022,massformer,completed,165,165,368,CASMI_MOL_1196937,CASMI_MOL_762995,762995,O=C(C=Cc1ccc(O)cc1)OCC1OC(OC2C(c3c(O)cc4oc(-c5ccc(OC6OC(CO)C(O)C(O)C6O)cc5)cc(=O)c4c3O)OC(CO)C(O)C2O)C(O)C(O)C1O,,binned_cosine_1Da,80,False,prediction_failed,631
CASMI2022,massformer,completed,165,165,368,CASMI_MOL_1196937,CASMI_MOL_762996,762996,CC1OC(OCC2OC(Oc3c(-c4ccc(O)c(O)c4)oc4cc(OC5OC(C)C(O)C(O)C5O)cc(O)c4c3=O)C(O)C(O)C2OC(=O)C=Cc2ccc(O)cc2)C(O)C(O)C1O,,binned_cosine_1Da,81,False,prediction_failed,631
CASMI2022,massformer,completed,165,165,368,CASMI_MOL_1196937,CASMI_MOL_762996,762996,CC1OC(OCC2OC(Oc3c(-c4ccc(O)c(O)c4)oc4cc(OC5OC(C)C(O)C(O)C5O)cc(O)c4c3=O)C(O)C(O)C2OC(=O)C=Cc2ccc(O)cc2)C(O)C(O)C1O,,binned_cosine_1Da,82,False,prediction_failed,631
CASMI2022,massformer,completed,165,165,368,CASMI_MOL_1196937,CASMI_MOL_762997,762997,CC1OC(Oc2cc(O)c3c(=O)c(OC4OC(CO)C(O)C(O)C4O)c(-c4ccc(O)cc4)oc3c2)C(O)C(OC2OC(COC(=O)C=Cc3ccc(O)cc3)C(O)C(O)C2O)C1O,,binned_cosine_1Da,83,False,prediction_failed,631
CASMI2022,massformer,completed,165,165,368,CASMI_MOL_1196937,CASMI_MOL_762997,762997,CC1OC(Oc2cc(O)c3c(=O)c(OC4OC(CO)C(O)C(O)C4O)c(-c4ccc(O)cc4)oc3c2)C(O)C(OC2OC(COC(=O)C=Cc3ccc(O)cc3)C(O)C(O)C2O)C1O,,binned_cosine_1Da,84,False,prediction_failed,631
CASMI2022,massformer,completed,165,165,368,CASMI_MOL_1196937,CASMI_MOL_762998,762998,CC1OC(OCC2OC(Oc3c(-c4ccc(O)cc4)oc4cc(OC5OC(C)C(O)C(O)C5O)cc(O)c4c3=O)C(O)C(O)C2OC(=O)C=Cc2ccc(O)c(O)c2)C(O)C(O)C1O,,binned_cosine_1Da,85,False,prediction_failed,631
CASMI2022,massformer,completed,165,165,368,CASMI_MOL_1196937,CASMI_MOL_762998,762998,CC1OC(OCC2OC(Oc3c(-c4ccc(O)cc4)oc4cc(OC5OC(C)C(O)C(O)C5O)cc(O)c4c3=O)C(O)C(O)C2OC(=O)C=Cc2ccc(O)c(O)c2)C(O)C(O)C1O,,binned_cosine_1Da,86,False,prediction_failed,631
CASMI2022,massformer,completed,165,165,368,CASMI_MOL_1196937,CASMI_MOL_762999,762999,CC1OC(Oc2c(-c3ccc(O)cc3)oc3cc(OC4OC(COC(=O)C=Cc5ccc(O)cc5)C(O)C(O)C4O)cc(O)c3c2=O)C(OC2OC(CO)C(O)C(O)C2O)C(O)C1O,,binned_cosine_1Da,87,False,prediction_failed,631
CASMI2022,massformer,completed,165,165,368,CASMI_MOL_1196937,CASMI_MOL_762999,762999,CC1OC(Oc2c(-c3ccc(O)cc3)oc3cc(OC4OC(COC(=O)C=Cc5ccc(O)cc5)C(O)C(O)C4O)cc(O)c3c2=O)C(OC2OC(CO)C(O)C(O)C2O)C(O)C1O,,binned_cosine_1Da,88,False,prediction_failed,631
CASMI2022,massformer,completed,165,165,368,CASMI_MOL_1196937,CASMI_MOL_763000,763000,OCC1OC(OC2Cc3c(O)cc(O)c(C4c5c(O)cc(O)cc5OC(c5ccc(O)c(O)c5)C4OC4OC(CO)C(O)C(O)C4O)c3OC2c2ccc(O)c(O)c2)C(O)C(O)C1O,,binned_cosine_1Da,89,False,prediction_failed,631
CASMI2022,massformer,completed,165,165,368,CASMI_MOL_1196937,CASMI_MOL_763000,763000,OCC1OC(OC2Cc3c(O)cc(O)c(C4c5c(O)cc(O)cc5OC(c5ccc(O)c(O)c5)C4OC4OC(CO)C(O)C(O)C4O)c3OC2c2ccc(O)c(O)c2)C(O)C(O)C1O,,binned_cosine_1Da,90,False,prediction_failed,631
CASMI2022,massformer,completed,165,165,368,CASMI_MOL_1196937,CASMI_MOL_763001,763001,OCC1OC(OC2Cc3c(O)cc(O)c(C4c5c(O)cc(O)cc5OC(c5ccc(O)c(O)c5)C4OC4OC(CO)C(O)C(O)C4O)c3OC2c2ccc(O)c(O)c2)C(O)C(O)C1O,,binned_cosine_1Da,91,False,prediction_failed,631
CASMI2022,massformer,completed,165,165,368,CASMI_MOL_1196937,CASMI_MOL_763001,763001,OCC1OC(OC2Cc3c(O)cc(O)c(C4c5c(O)cc(O)cc5OC(c5ccc(O)c(O)c5)C4OC4OC(CO)C(O)C(O)C4O)c3OC2c2ccc(O)c(O)c2)C(O)C(O)C1O,,binned_cosine_1Da,92,False,prediction_failed,631
CASMI2022,massformer,completed,165,165,368,CASMI_MOL_1196937,CASMI_MOL_763002,763002,CC1OC(OCC2OC(Oc3c(-c4ccc(O)cc4)oc4cc(OC5OC(CO)C(O)C(O)C5O)cc(O)c4c3=O)C(O)C(O)C2O)C(O)C(O)C1OC(=O)C=Cc1ccc(O)cc1,,binned_cosine_1Da,93,False,prediction_failed,631
CASMI2022,massformer,completed,165,165,368,CASMI_MOL_1196937,CASMI_MOL_763002,763002,CC1OC(OCC2OC(Oc3c(-c4ccc(O)cc4)oc4cc(OC5OC(CO)C(O)C(O)C5O)cc(O)c4c3=O)C(O)C(O)C2O)C(O)C(O)C1OC(=O)C=Cc1ccc(O)cc1,,binned_cosine_1Da,94,False,prediction_failed,631
CASMI2022,massformer,completed,165,165,368,CASMI_MOL_1196937,CASMI_MOL_763003,763003,CC1OC(OCC2OC(Oc3c(-c4ccc(O)cc4)oc4cc(OC5OC(CO)C(O)C(O)C5O)cc(O)c4c3=O)C(O)C(O)C2O)C(O)C(O)C1OC(=O)C=Cc1ccc(O)cc1,,binned_cosine_1Da,95,False,prediction_failed,631
CASMI2022,massformer,completed,165,165,368,CASMI_MOL_1196937,CASMI_MOL_763003,763003,CC1OC(OCC2OC(Oc3c(-c4ccc(O)cc4)oc4cc(OC5OC(CO)C(O)C(O)C5O)cc(O)c4c3=O)C(O)C(O)C2O)C(O)C(O)C1OC(=O)C=Cc1ccc(O)cc1,,binned_cosine_1Da,96,False,prediction_failed,631
CASMI2022,massformer,completed,165,165,368,CASMI_MOL_1196937,CASMI_MOL_763004,763004,CC1OC(Oc2cc(O)c3c(=O)c(OC4OC(C)C(O)C(O)C4OC4OC(COC(=O)C=Cc5ccc(O)c(O)c5)C(O)C(O)C4O)c(-c4ccc(O)cc4)oc3c2)C(O)C(O)C1O,,binned_cosine_1Da,97,False,prediction_failed,631
CASMI2022,massformer,completed,165,165,368,CASMI_MOL_1196937,CASMI_MOL_763004,763004,CC1OC(Oc2cc(O)c3c(=O)c(OC4OC(C)C(O)C(O)C4OC4OC(COC(=O)C=Cc5ccc(O)c(O)c5)C(O)C(O)C4O)c(-c4ccc(O)cc4)oc3c2)C(O)C(O)C1O,,binned_cosine_1Da,98,False,prediction_failed,631
CASMI2022,massformer,completed,165,165,368,CASMI_MOL_1196937,CASMI_MOL_763005,763005,CC1OC(OCC2OC(Oc3c(-c4ccc(O)c(O)c4)oc4cc(OC5OC(C)C(O)C(O)C5O)cc(O)c4c3=O)C(O)C(O)C2OC(=O)C=Cc2ccc(O)cc2)C(O)C(O)C1O,,binned_cosine_1Da,99,False,prediction_failed,631
CASMI2022,massformer,completed,165,165,368,CASMI_MOL_1196937,CASMI_MOL_763005,763005,CC1OC(OCC2OC(Oc3c(-c4ccc(O)c(O)c4)oc4cc(OC5OC(C)C(O)C(O)C5O)cc(O)c4c3=O)C(O)C(O)C2OC(=O)C=Cc2ccc(O)cc2)C(O)C(O)C1O,,binned_cosine_1Da,100,False,prediction_failed,631
CASMI2022,massformer,completed,165,165,368,CASMI_MOL_1196937,CASMI_MOL_1196937,1196937,CC1OC(OC2C(Oc3c(-c4ccc(O)cc4)oc4cc(OC5OC(CO)C(O)C(O)C5OC(=O)C=Cc5ccc(O)cc5)cc(O)c4c3=O)OC(CO)C(O)C2O)C(O)C(O)C1O,,binned_cosine_1Da,631,True,prediction_failed,631
CASMI2022,massformer,completed,166,166,369,CASMI_MOL_1196964,CASMI_MOL_911458,911458,C=CC(C)C(O)Cc1ccc(CO)o1,0.8722777250241988,binned_cosine_1Da,1,False,predicted_spectrum,6879
CASMI2022,massformer,completed,166,166,369,CASMI_MOL_1196964,CASMI_MOL_906445,906445,Cc1ccc(C2CCCC(CO)O2)o1,0.8512246799889291,binned_cosine_1Da,2,False,predicted_spectrum,6879
CASMI2022,massformer,completed,166,166,369,CASMI_MOL_1196964,CASMI_MOL_907318,907318,CC(CC(O)CO)c1ccccc1O,0.8494177621988005,binned_cosine_1Da,3,False,predicted_spectrum,6879
CASMI2022,massformer,completed,166,166,369,CASMI_MOL_1196964,CASMI_MOL_907895,907895,C=CC=CC=CC=CC(O)C(O)CO,0.8488836728220087,binned_cosine_1Da,4,False,predicted_spectrum,6879
CASMI2022,massformer,completed,166,166,369,CASMI_MOL_1196964,CASMI_MOL_910276,910276,CC(C)CC(O)c1ccc(O)c(O)c1,0.8426699208626575,binned_cosine_1Da,5,False,predicted_spectrum,6879
CASMI2022,massformer,completed,166,166,369,CASMI_MOL_1196964,CASMI_MOL_909900,909900,OCCCCCc1ccc(O)cc1O,0.8420733726694809,binned_cosine_1Da,6,False,predicted_spectrum,6879
CASMI2022,massformer,completed,166,166,369,CASMI_MOL_1196964,CASMI_MOL_905800,905800,OCCCCCc1ccc(O)c(O)c1,0.8398782778495593,binned_cosine_1Da,7,False,predicted_spectrum,6879
CASMI2022,massformer,completed,166,166,369,CASMI_MOL_1196964,CASMI_MOL_907324,907324,Cc1ccc(O)c(CCC(O)CO)c1,0.8395502554939315,binned_cosine_1Da,8,False,predicted_spectrum,6879
CASMI2022,massformer,completed,166,166,369,CASMI_MOL_1196964,CASMI_MOL_905479,905479,OCCCCC(O)c1ccc(O)cc1,0.8351695985181632,binned_cosine_1Da,9,False,predicted_spectrum,6879
CASMI2022,massformer,completed,166,166,369,CASMI_MOL_1196964,CASMI_MOL_906146,906146,OCCCCC(O)c1ccc(O)cc1,0.8351695985181632,binned_cosine_1Da,10,False,predicted_spectrum,6879
CASMI2022,massformer,completed,166,166,369,CASMI_MOL_1196964,CASMI_MOL_905228,905228,CC=Cc1c(CCC(C)O)coc1O,0.8327869809266044,binned_cosine_1Da,11,False,predicted_spectrum,6879
CASMI2022,massformer,completed,166,166,369,CASMI_MOL_1196964,CASMI_MOL_905989,905989,CC=Cc1c(CCC(C)O)coc1O,0.8327869809266044,binned_cosine_1Da,12,False,predicted_spectrum,6879
CASMI2022,massformer,completed,166,166,369,CASMI_MOL_1196964,CASMI_MOL_907737,907737,CC=Cc1c(CCC(C)O)coc1O,0.8327869809266044,binned_cosine_1Da,13,False,predicted_spectrum,6879
CASMI2022,massformer,completed,166,166,369,CASMI_MOL_1196964,CASMI_MOL_910659,910659,CC1CC(CO)Cc2oc(CO)cc21,0.8321679453172948,binned_cosine_1Da,14,False,predicted_spectrum,6879
CASMI2022,massformer,completed,166,166,369,CASMI_MOL_1196964,CASMI_MOL_905503,905503,OCCC(O)CCc1cccc(O)c1,0.8311082468182585,binned_cosine_1Da,15,False,predicted_spectrum,6879
CASMI2022,massformer,completed,166,166,369,CASMI_MOL_1196964,CASMI_MOL_909111,909111,Cc1cc(O)cc(CCC(C)O)c1O,0.8308063680194244,binned_cosine_1Da,16,False,predicted_spectrum,6879
CASMI2022,massformer,completed,166,166,369,CASMI_MOL_1196964,CASMI_MOL_907189,907189,CCCC(O)COc1cccc(O)c1,0.8294325676179453,binned_cosine_1Da,17,False,predicted_spectrum,6879
CASMI2022,massformer,completed,166,166,369,CASMI_MOL_1196964,CASMI_MOL_907351,907351,Cc1cc(O)cc(OCCCCO)c1,0.828479189822286,binned_cosine_1Da,18,False,predicted_spectrum,6879
CASMI2022,massformer,completed,166,166,369,CASMI_MOL_1196964,CASMI_MOL_906780,906780,C=C1C=CC(O)C2OC(C(C)O)CC12,0.8259431183257376,binned_cosine_1Da,19,False,predicted_spectrum,6879
CASMI2022,massformer,completed,166,166,369,CASMI_MOL_1196964,CASMI_MOL_906464,906464,CC(C)C(O)Cc1ccc(O)c(O)c1,0.8230706107343133,binned_cosine_1Da,20,False,predicted_spectrum,6879
CASMI2022,massformer,completed,166,166,369,CASMI_MOL_1196964,CASMI_MOL_906465,906465,CC(C)C(O)Cc1ccc(O)c(O)c1,0.8230706107343133,binned_cosine_1Da,21,False,predicted_spectrum,6879
CASMI2022,massformer,completed,166,166,369,CASMI_MOL_1196964,CASMI_MOL_909494,909494,CC(C)C(O)Cc1ccc(O)c(O)c1,0.8230706107343133,binned_cosine_1Da,22,False,predicted_spectrum,6879
CASMI2022,massformer,completed,166,166,369,CASMI_MOL_1196964,CASMI_MOL_907321,907321,Cc1cccc(O)c1CCC(O)CO,0.8230468982624313,binned_cosine_1Da,23,False,predicted_spectrum,6879
CASMI2022,massformer,completed,166,166,369,CASMI_MOL_1196964,CASMI_MOL_908723,908723,CC(CC(O)CO)c1ccc(O)cc1,0.8214452221028002,binned_cosine_1Da,24,False,predicted_spectrum,6879
CASMI2022,massformer,completed,166,166,369,CASMI_MOL_1196964,CASMI_MOL_905588,905588,COC1C=C(C=CCO)C=CC1(C)O,0.8211559153976244,binned_cosine_1Da,25,False,predicted_spectrum,6879
CASMI2022,massformer,completed,166,166,369,CASMI_MOL_1196964,CASMI_MOL_908995,908995,C=CCC(O)c1ccc(CCCO)o1,0.8187196041903154,binned_cosine_1Da,26,False,predicted_spectrum,6879
CASMI2022,massformer,completed,166,166,369,CASMI_MOL_1196964,CASMI_MOL_907186,907186,CCC(CO)COc1cccc(O)c1,0.8168587742826428,binned_cosine_1Da,27,False,predicted_spectrum,6879
CASMI2022,massformer,completed,166,166,369,CASMI_MOL_1196964,CASMI_MOL_909434,909434,OCCCCCOc1cccc(O)c1,0.8157342244985185,binned_cosine_1Da,28,False,predicted_spectrum,6879
CASMI2022,massformer,completed,166,166,369,CASMI_MOL_1196964,CASMI_MOL_907322,907322,Cc1cc(O)ccc1CCC(O)CO,0.813944172629684,binned_cosine_1Da,29,False,predicted_spectrum,6879
CASMI2022,massformer,completed,166,166,369,CASMI_MOL_1196964,CASMI_MOL_905926,905926,COc1cccc(O)c1CCCCO,0.8125807352282782,binned_cosine_1Da,30,False,predicted_spectrum,6879
CASMI2022,massformer,completed,166,166,369,CASMI_MOL_1196964,CASMI_MOL_905453,905453,COc1ccc(C(C)CCO)c(O)c1,0.8115688646092545,binned_cosine_1Da,31,False,predicted_spectrum,6879
CASMI2022,massformer,completed,166,166,369,CASMI_MOL_1196964,CASMI_MOL_907182,907182,CC(C)C(O)COc1ccc(O)cc1,0.8107097916000063,binned_cosine_1Da,32,False,predicted_spectrum,6879
CASMI2022,massformer,completed,166,166,369,CASMI_MOL_1196964,CASMI_MOL_911206,911206,CC(C)C(O)Cc1cccc(O)c1O,0.8105301068478955,binned_cosine_1Da,33,False,predicted_spectrum,6879
CASMI2022,massformer,completed,166,166,369,CASMI_MOL_1196964,CASMI_MOL_907353,907353,Cc1cc(O)cc(OCCC(C)O)c1,0.8093726160701551,binned_cosine_1Da,34,False,predicted_spectrum,6879
CASMI2022,massformer,completed,166,166,369,CASMI_MOL_1196964,CASMI_MOL_905693,905693,OCCC(CO)Cc1ccc(O)cc1,0.8089422996108693,binned_cosine_1Da,35,False,predicted_spectrum,6879
CASMI2022,massformer,completed,166,166,369,CASMI_MOL_1196964,CASMI_MOL_911464,911464,Cc1cc(O)cc(C)c1OCC(C)O,0.808754108044599,binned_cosine_1Da,36,False,predicted_spectrum,6879
CASMI2022,massformer,completed,166,166,369,CASMI_MOL_1196964,CASMI_MOL_906608,906608,COCC1OC(=O)C2C(C)C=CCC12,0.8067527351723969,binned_cosine_1Da,37,False,predicted_spectrum,6879
CASMI2022,massformer,completed,166,166,369,CASMI_MOL_1196964,CASMI_MOL_906375,906375,Oc1ccc(CC2CCCCC2O)o1,0.8062274415078267,binned_cosine_1Da,38,False,predicted_spectrum,6879
CASMI2022,massformer,completed,166,166,369,CASMI_MOL_1196964,CASMI_MOL_906490,906490,Oc1ccc(CC2CCCCC2O)o1,0.8062274415078267,binned_cosine_1Da,39,False,predicted_spectrum,6879
CASMI2022,massformer,completed,166,166,369,CASMI_MOL_1196964,CASMI_MOL_905579,905579,C=CC=C(C=C)COC1CCOC1O,0.8059930691786068,binned_cosine_1Da,40,False,predicted_spectrum,6879
CASMI2022,massformer,completed,166,166,369,CASMI_MOL_1196964,CASMI_MOL_907350,907350,Cc1cc(O)cc(OCC(C)CO)c1,0.8059110255165838,binned_cosine_1Da,41,False,predicted_spectrum,6879
CASMI2022,massformer,completed,166,166,369,CASMI_MOL_1196964,CASMI_MOL_909309,909309,CC1C2C=CC(C2)C1C(=O)OCCO,0.8055906235610362,binned_cosine_1Da,42,False,predicted_spectrum,6879
CASMI2022,massformer,completed,166,166,369,CASMI_MOL_1196964,CASMI_MOL_908482,908482,COC1(OC(C)C)C=CC=CC1C=O,0.8047738942904956,binned_cosine_1Da,43,False,predicted_spectrum,6879
CASMI2022,massformer,completed,166,166,369,CASMI_MOL_1196964,CASMI_MOL_905715,905715,C=CC=C(C=C)C1OCCC(CO)O1,0.802951476314551,binned_cosine_1Da,44,False,predicted_spectrum,6879
CASMI2022,massformer,completed,166,166,369,CASMI_MOL_1196964,CASMI_MOL_906094,906094,C=CCC1C2=C(CCC2O)C(O)C1O,0.8028609776595069,binned_cosine_1Da,45,False,predicted_spectrum,6879
CASMI2022,massformer,completed,166,166,369,CASMI_MOL_1196964,CASMI_MOL_907073,907073,Cc1c(CC(C)O)cc(O)c(O)c1C,0.8028168653139425,binned_cosine_1Da,46,False,predicted_spectrum,6879
CASMI2022,massformer,completed,166,166,369,CASMI_MOL_1196964,CASMI_MOL_906374,906374,CC1C=CC2CC(CCO)C1OC2=O,0.8019094342634228,binned_cosine_1Da,47,False,predicted_spectrum,6879
CASMI2022,massformer,completed,166,166,369,CASMI_MOL_1196964,CASMI_MOL_906495,906495,CC1C=CC2CC(CCO)C1OC2=O,0.8019094342634228,binned_cosine_1Da,48,False,predicted_spectrum,6879
CASMI2022,massformer,completed,166,166,369,CASMI_MOL_1196964,CASMI_MOL_909780,909780,COC1OC=C(C)C2CC=C(CO)C12,0.801213723472436,binned_cosine_1Da,49,False,predicted_spectrum,6879
CASMI2022,massformer,completed,166,166,369,CASMI_MOL_1196964,CASMI_MOL_906005,906005,CC=CC(=O)CC(O)C1CCC=CO1,0.8011686846046318,binned_cosine_1Da,50,False,predicted_spectrum,6879
CASMI2022,massformer,completed,166,166,369,CASMI_MOL_1196964,CASMI_MOL_907581,907581,C=CC=CC=CC1OC(C)OCC1O,0.7998036440352202,binned_cosine_1Da,51,False,predicted_spectrum,6879
CASMI2022,massformer,completed,166,166,369,CASMI_MOL_1196964,CASMI_MOL_910209,910209,COC(OC)C1C2=CCC1C(C)C2=O,0.7994214810043123,binned_cosine_1Da,52,False,predicted_spectrum,6879
CASMI2022,massformer,completed,166,166,369,CASMI_MOL_1196964,CASMI_MOL_910210,910210,COC(OC)C1C2=CCC1C(C)C2=O,0.7994214810043123,binned_cosine_1Da,53,False,predicted_spectrum,6879
CASMI2022,massformer,completed,166,166,369,CASMI_MOL_1196964,CASMI_MOL_911402,911402,COC(OC)C1C2=CCC1C(C)C2=O,0.7994214810043123,binned_cosine_1Da,54,False,predicted_spectrum,6879
CASMI2022,massformer,completed,166,166,369,CASMI_MOL_1196964,CASMI_MOL_908358,908358,CC(C)C1COC(c2ccco2)OC1,0.798490621926429,binned_cosine_1Da,55,False,predicted_spectrum,6879
CASMI2022,massformer,completed,166,166,369,CASMI_MOL_1196964,CASMI_MOL_905745,905745,O=CC=C1C=C(OCCCO)CCC1,0.7964819028608953,binned_cosine_1Da,56,False,predicted_spectrum,6879
CASMI2022,massformer,completed,166,166,369,CASMI_MOL_1196964,CASMI_MOL_906520,906520,Cc1ccc(C(O)C2CCC(C)O2)o1,0.7951887015664543,binned_cosine_1Da,57,False,predicted_spectrum,6879
CASMI2022,massformer,completed,166,166,369,CASMI_MOL_1196964,CASMI_MOL_908437,908437,C=CC=C(C=CCCO)C=CC(O)O,0.7949350657975816,binned_cosine_1Da,58,False,predicted_spectrum,6879
CASMI2022,massformer,completed,166,166,369,CASMI_MOL_1196964,CASMI_MOL_907185,907185,CCC(CO)COc1ccc(O)cc1,0.7947888725411457,binned_cosine_1Da,59,False,predicted_spectrum,6879
CASMI2022,massformer,completed,166,166,369,CASMI_MOL_1196964,CASMI_MOL_906837,906837,CCC(C)C(O)c1ccc(O)c(O)c1,0.7945726251537367,binned_cosine_1Da,60,False,predicted_spectrum,6879
CASMI2022,massformer,completed,166,166,369,CASMI_MOL_1196964,CASMI_MOL_910724,910724,Cc1cc(CC(C)O)c(O)c(C)c1O,0.793533944917756,binned_cosine_1Da,61,False,predicted_spectrum,6879
CASMI2022,massformer,completed,166,166,369,CASMI_MOL_1196964,CASMI_MOL_906681,906681,CCOCC1C2C=CC(C2)C1C(=O)O,0.7932943996987951,binned_cosine_1Da,62,False,predicted_spectrum,6879
CASMI2022,massformer,completed,166,166,369,CASMI_MOL_1196964,CASMI_MOL_907074,907074,Cc1cc(CC(C)O)c(O)c(O)c1C,0.7929563901579806,binned_cosine_1Da,63,False,predicted_spectrum,6879
CASMI2022,massformer,completed,166,166,369,CASMI_MOL_1196964,CASMI_MOL_904872,904872,COC1C=C2CC(CO)C2=CC1OC,0.7928766921735919,binned_cosine_1Da,64,False,predicted_spectrum,6879
CASMI2022,massformer,completed,166,166,369,CASMI_MOL_1196964,CASMI_MOL_909306,909306,CC(O)CCc1ccc(CO)c(O)c1,0.7926308526647489,binned_cosine_1Da,65,False,predicted_spectrum,6879
CASMI2022,massformer,completed,166,166,369,CASMI_MOL_1196964,CASMI_MOL_907188,907188,CCCC(O)COc1ccc(O)cc1,0.7924935190009532,binned_cosine_1Da,66,False,predicted_spectrum,6879
CASMI2022,massformer,completed,166,166,369,CASMI_MOL_1196964,CASMI_MOL_908724,908724,OCC(CO)CCc1ccc(O)cc1,0.7918307308326696,binned_cosine_1Da,67,False,predicted_spectrum,6879
CASMI2022,massformer,completed,166,166,369,CASMI_MOL_1196964,CASMI_MOL_906680,906680,CC1C=CC=C(COC(C)C(=O)O)C1,0.7916199329132311,binned_cosine_1Da,68,False,predicted_spectrum,6879
CASMI2022,massformer,completed,166,166,369,CASMI_MOL_1196964,CASMI_MOL_906611,906611,CC1=CCC2C(=O)COC(CO)C2C1,0.7915859714007594,binned_cosine_1Da,69,False,predicted_spectrum,6879
CASMI2022,massformer,completed,166,166,369,CASMI_MOL_1196964,CASMI_MOL_906612,906612,CC1C=CCC2C(CO)OCC(=O)C12,0.7908966923706202,binned_cosine_1Da,70,False,predicted_spectrum,6879
CASMI2022,massformer,completed,166,166,369,CASMI_MOL_1196964,CASMI_MOL_906025,906025,C=C1CC2C=CC(O2)C1OCCCO,0.7908030285365706,binned_cosine_1Da,71,False,predicted_spectrum,6879
CASMI2022,massformer,completed,166,166,369,CASMI_MOL_1196964,CASMI_MOL_910885,910885,CC(O)CCC(O)c1cccc(O)c1,0.7898209485796032,binned_cosine_1Da,72,False,predicted_spectrum,6879
CASMI2022,massformer,completed,166,166,369,CASMI_MOL_1196964,CASMI_MOL_910041,910041,C=CC1C2CC(O)C(CCC(=O)O)C12,0.7897590432158869,binned_cosine_1Da,73,False,predicted_spectrum,6879
CASMI2022,massformer,completed,166,166,369,CASMI_MOL_1196964,CASMI_MOL_908725,908725,OCC(CO)CCc1cccc(O)c1,0.7880666264307526,binned_cosine_1Da,74,False,predicted_spectrum,6879
CASMI2022,massformer,completed,166,166,369,CASMI_MOL_1196964,CASMI_MOL_908002,908002,CC=CC(O)c1ccc(CCCO)o1,0.787725753439135,binned_cosine_1Da,75,False,predicted_spectrum,6879
CASMI2022,massformer,completed,166,166,369,CASMI_MOL_1196964,CASMI_MOL_905172,905172,CC(C)OCC1C2CC3C(=O)OC1C32,0.7869835872035422,binned_cosine_1Da,76,False,predicted_spectrum,6879
CASMI2022,massformer,completed,166,166,369,CASMI_MOL_1196964,CASMI_MOL_905737,905737,CC=CC=CC=CC1OCC(O)CO1,0.7865003858877652,binned_cosine_1Da,77,False,predicted_spectrum,6879
CASMI2022,massformer,completed,166,166,369,CASMI_MOL_1196964,CASMI_MOL_906657,906657,C#CC1OC(C)C(C=C)C(O)C1OC,0.786496727191029,binned_cosine_1Da,78,False,predicted_spectrum,6879
CASMI2022,massformer,completed,166,166,369,CASMI_MOL_1196964,CASMI_MOL_906497,906497,C=C1CC(O)OC2C=C(C)C(O)CC12,0.7862143729707154,binned_cosine_1Da,79,False,predicted_spectrum,6879
CASMI2022,massformer,completed,166,166,369,CASMI_MOL_1196964,CASMI_MOL_904993,904993,COc1ccc(CCC(C)O)c(O)c1,0.7860256066170545,binned_cosine_1Da,80,False,predicted_spectrum,6879
CASMI2022,massformer,completed,166,166,369,CASMI_MOL_1196964,CASMI_MOL_905010,905010,COc1ccc(CCC(C)O)c(O)c1,0.7860256066170545,binned_cosine_1Da,81,False,predicted_spectrum,6879
CASMI2022,massformer,completed,166,166,369,CASMI_MOL_1196964,CASMI_MOL_905039,905039,COc1ccc(CCC(C)O)c(O)c1,0.7860256066170545,binned_cosine_1Da,82,False,predicted_spectrum,6879
CASMI2022,massformer,completed,166,166,369,CASMI_MOL_1196964,CASMI_MOL_906442,906442,Cc1ccc(C2CCC(C)(CO)O2)o1,0.7859143516865212,binned_cosine_1Da,83,False,predicted_spectrum,6879
CASMI2022,massformer,completed,166,166,369,CASMI_MOL_1196964,CASMI_MOL_907082,907082,COc1ccc(C)c(O)c1CC(C)O,0.7857026336326884,binned_cosine_1Da,84,False,predicted_spectrum,6879
CASMI2022,massformer,completed,166,166,369,CASMI_MOL_1196964,CASMI_MOL_909331,909331,CCC(O)C(O)Cc1ccc(O)cc1,0.7856481917000894,binned_cosine_1Da,85,False,predicted_spectrum,6879
CASMI2022,massformer,completed,166,166,369,CASMI_MOL_1196964,CASMI_MOL_909831,909831,CC1OC=CC2C(O)C=C(CO)CC12,0.785568140548071,binned_cosine_1Da,86,False,predicted_spectrum,6879
CASMI2022,massformer,completed,166,166,369,CASMI_MOL_1196964,CASMI_MOL_909436,909436,OCCCCCOc1ccc(O)cc1,0.7855016380954706,binned_cosine_1Da,87,False,predicted_spectrum,6879
CASMI2022,massformer,completed,166,166,369,CASMI_MOL_1196964,CASMI_MOL_909188,909188,OCCCC(O)Cc1cccc(O)c1,0.7853267670652561,binned_cosine_1Da,88,False,predicted_spectrum,6879
CASMI2022,massformer,completed,166,166,369,CASMI_MOL_1196964,CASMI_MOL_909621,909621,CC(C)OC1C2CC3C(=O)OC1C3C2,0.7853023798197055,binned_cosine_1Da,89,False,predicted_spectrum,6879
CASMI2022,massformer,completed,166,166,369,CASMI_MOL_1196964,CASMI_MOL_909275,909275,CC(CO)Cc1cccc(CO)c1O,0.7850330340811502,binned_cosine_1Da,90,False,predicted_spectrum,6879
CASMI2022,massformer,completed,166,166,369,CASMI_MOL_1196964,CASMI_MOL_908306,908306,CCCC(O)Cc1ccc(O)c(O)c1,0.7847177754857603,binned_cosine_1Da,91,False,predicted_spectrum,6879
CASMI2022,massformer,completed,166,166,369,CASMI_MOL_1196964,CASMI_MOL_909691,909691,CCCC(O)Cc1ccc(O)c(O)c1,0.7847177754857603,binned_cosine_1Da,92,False,predicted_spectrum,6879
CASMI2022,massformer,completed,166,166,369,CASMI_MOL_1196964,CASMI_MOL_905726,905726,CC(COCC1=CC=CCC1)C(=O)O,0.7846382489935066,binned_cosine_1Da,93,False,predicted_spectrum,6879
CASMI2022,massformer,completed,166,166,369,CASMI_MOL_1196964,CASMI_MOL_906819,906819,CC=CC#CC(O)CC(C=O)CCO,0.7845939328241064,binned_cosine_1Da,94,False,predicted_spectrum,6879
CASMI2022,massformer,completed,166,166,369,CASMI_MOL_1196964,CASMI_MOL_907066,907066,COc1ccc(C)c(CC(C)O)c1O,0.7844525671130315,binned_cosine_1Da,95,False,predicted_spectrum,6879
CASMI2022,massformer,completed,166,166,369,CASMI_MOL_1196964,CASMI_MOL_906110,906110,C=CC=C(CO)C1=C(CO)CCC1O,0.7842415849099802,binned_cosine_1Da,96,False,predicted_spectrum,6879
CASMI2022,massformer,completed,166,166,369,CASMI_MOL_1196964,CASMI_MOL_908161,908161,C=CCC1=CC(OC)C=C(OC)C1O,0.7833839469583027,binned_cosine_1Da,97,False,predicted_spectrum,6879
CASMI2022,massformer,completed,166,166,369,CASMI_MOL_1196964,CASMI_MOL_907320,907320,CC(CC(O)CO)c1cccc(O)c1,0.7831854741006639,binned_cosine_1Da,98,False,predicted_spectrum,6879
CASMI2022,massformer,completed,166,166,369,CASMI_MOL_1196964,CASMI_MOL_908722,908722,OCC(CO)CCc1ccccc1O,0.7815812449830316,binned_cosine_1Da,99,False,predicted_spectrum,6879
CASMI2022,massformer,completed,166,166,369,CASMI_MOL_1196964,CASMI_MOL_909646,909646,CCOC1CC2CC1C1COC(=O)C21,0.7813293315124552,binned_cosine_1Da,100,False,predicted_spectrum,6879
CASMI2022,massformer,completed,166,166,369,CASMI_MOL_1196964,CASMI_MOL_1196964,1196964,CC1(C)CC(O)CC2(C)OC(=O)C=C12,0.6427636115560262,binned_cosine_1Da,2116,True,predicted_spectrum,6879
CASMI2022,massformer,completed,169,169,377,CASMI_MOL_1196967,CASMI_MOL_930665,930665,CCON=C(C(C)=NOCc1ccccc1C(=NOC)C(=O)OC)c1ccc(OCc2cccc(C(F)(F)F)c2)cc1,0.27752388719463833,binned_cosine_1Da,1,False,predicted_spectrum,4670
CASMI2022,massformer,completed,169,169,377,CASMI_MOL_1196967,CASMI_MOL_930905,930905,CCON=C(C(C)=NOCc1ccccc1C(=NOC)C(=O)OC)c1ccc(OCc2cccc(C(F)(F)F)c2)cc1,0.27752388719463833,binned_cosine_1Da,2,False,predicted_spectrum,4670
CASMI2022,massformer,completed,169,169,377,CASMI_MOL_1196967,CASMI_MOL_930923,930923,CCON=C(C(C)=NOCc1ccccc1C(=NOC)C(=O)OC)c1ccc(OCc2cccc(C(F)(F)F)c2)cc1,0.27752388719463833,binned_cosine_1Da,3,False,predicted_spectrum,4670
CASMI2022,massformer,completed,169,169,377,CASMI_MOL_1196967,CASMI_MOL_933889,933889,CCON=C(C(C)=NOCc1ccccc1C(=NOC)C(=O)OC)c1ccc(OCc2cccc(C(F)(F)F)c2)cc1,0.27752388719463833,binned_cosine_1Da,4,False,predicted_spectrum,4670
CASMI2022,massformer,completed,169,169,377,CASMI_MOL_1196967,CASMI_MOL_933945,933945,CCON=C(C(C)=NOCc1ccccc1C(=NOC)C(=O)OC)c1ccc(OCc2cccc(C(F)(F)F)c2)cc1,0.27752388719463833,binned_cosine_1Da,5,False,predicted_spectrum,4670
CASMI2022,massformer,completed,169,169,377,CASMI_MOL_1196967,CASMI_MOL_934756,934756,COC(=O)C(Cc1ccc2c(c1)oc1ccccc12)NC(CCc1ccc(OC)c(OC)c1OC)P(=O)(OC)OC,0.2695766557244303,binned_cosine_1Da,6,False,predicted_spectrum,4670
CASMI2022,massformer,completed,169,169,377,CASMI_MOL_1196967,CASMI_MOL_934757,934757,COC(=O)C(Cc1ccc2c(c1)oc1ccccc12)NC(CCc1ccc(OC)c(OC)c1OC)P(=O)(OC)OC,0.2695766557244303,binned_cosine_1Da,7,False,predicted_spectrum,4670
CASMI2022,massformer,completed,169,169,377,CASMI_MOL_1196967,CASMI_MOL_930915,930915,CCON=C(C(C)=NN=Cc1ccccc1C(OC)(OC)C(=O)OC)c1ccc(Oc2ccc(C(F)(F)F)cc2)cc1,0.2692228030439581,binned_cosine_1Da,8,False,predicted_spectrum,4670
CASMI2022,massformer,completed,169,169,377,CASMI_MOL_1196967,CASMI_MOL_934768,934768,COC(=O)C(Cc1ccc2c(c1)oc1ccccc12)NC(CCc1cc(OC)c(OC)cc1OC)P(=O)(OC)OC,0.266724519754914,binned_cosine_1Da,9,False,predicted_spectrum,4670
CASMI2022,massformer,completed,169,169,377,CASMI_MOL_1196967,CASMI_MOL_934767,934767,COC(=O)C(Cc1ccc2c(c1)oc1ccccc12)NC(CCc1cc(OC)c(OC)cc1OC)P(=O)(OC)OC,0.266724518999235,binned_cosine_1Da,10,False,predicted_spectrum,4670
CASMI2022,massformer,completed,169,169,377,CASMI_MOL_1196967,CASMI_MOL_934765,934765,COC(=O)C(Cc1ccc2c(c1)oc1ccccc12)NC(CCc1cc(OC)c(OC)c(OC)c1)P(=O)(OC)OC,0.26562546842908674,binned_cosine_1Da,11,False,predicted_spectrum,4670
CASMI2022,massformer,completed,169,169,377,CASMI_MOL_1196967,CASMI_MOL_934761,934761,COC(=O)C(Cc1ccc2c(c1)oc1ccccc12)NC(CCc1cc(OC)c(OC)c(OC)c1)P(=O)(OC)OC,0.26562546757016187,binned_cosine_1Da,12,False,predicted_spectrum,4670
CASMI2022,massformer,completed,169,169,377,CASMI_MOL_1196967,CASMI_MOL_932482,932482,CC(=O)OCC1OC(Oc2ccc3c(C)cc(=O)oc3c2)C(N=[N+]=[N-])C(OCc2ccccc2)C1OCc1ccccc1,0.25599234638427953,binned_cosine_1Da,13,False,predicted_spectrum,4670
CASMI2022,massformer,completed,169,169,377,CASMI_MOL_1196967,CASMI_MOL_934735,934735,CC(C)(C)OC(=O)NC(COCc1ccc(OCc2cccc(-c3cccc4c3oc3ccccc34)c2)cc1F)C(=O)O,0.2526498083306879,binned_cosine_1Da,14,False,predicted_spectrum,4670
CASMI2022,massformer,completed,169,169,377,CASMI_MOL_1196967,CASMI_MOL_934732,934732,CC(C)(C)OC(=O)NC(COCc1ccc(OCc2ccc(-c3cccc4c3oc3ccccc34)cc2)cc1F)C(=O)O,0.2506178361922344,binned_cosine_1Da,15,False,predicted_spectrum,4670
CASMI2022,massformer,completed,169,169,377,CASMI_MOL_1196967,CASMI_MOL_930890,930890,Cc1cc2c(c([N+](=O)[O-])c1)OC(c1ccc(OCc3ccccc3)cc1OCc1ccccc1)=C(OCc1ccccc1)C2,0.2503840845885602,binned_cosine_1Da,16,False,predicted_spectrum,4670
CASMI2022,massformer,completed,169,169,377,CASMI_MOL_1196967,CASMI_MOL_930869,930869,CCC(=NC(=O)N1Cc2ccc(C(=O)O)cc2C1)C(CC)OCc1c(-c2ccccc2OC(F)(F)F)noc1C1CC1,0.24571679930549312,binned_cosine_1Da,17,False,predicted_spectrum,4670
CASMI2022,massformer,completed,169,169,377,CASMI_MOL_1196967,CASMI_MOL_934734,934734,CC(C)(C)OC(=O)NC(COCc1ccc(OCc2ccc(-c3cccc4c3oc3ccccc34)c(F)c2)cc1)C(=O)O,0.24442452768957298,binned_cosine_1Da,18,False,predicted_spectrum,4670
CASMI2022,massformer,completed,169,169,377,CASMI_MOL_1196967,CASMI_MOL_930410,930410,CC(C)(C)OC(=O)NC1CSc2cc(F)c(C(=O)NNC(=O)C(C)(C)CO)cc2N(Cc2ccc(C#N)cc2)C1=O,0.2260373728891698,binned_cosine_1Da,19,False,predicted_spectrum,4670
CASMI2022,massformer,completed,169,169,377,CASMI_MOL_1196967,CASMI_MOL_930532,930532,CCCOC(=O)CCc1ccc(CC(=O)C(Cc2ccccc2)=NC(=O)CCc2cc(Cl)ccc2-n2cnnn2)cc1,0.22581620220311735,binned_cosine_1Da,20,False,predicted_spectrum,4670
CASMI2022,massformer,completed,169,169,377,CASMI_MOL_1196967,CASMI_MOL_934214,934214,C=CC(=O)OCCN(c1ccc(C=C(c2ccccc2)c2ccc(OC(=O)C=C)cc2)cc1)c1ccc(OC(=O)C=C)cc1,0.2233903622396549,binned_cosine_1Da,21,False,predicted_spectrum,4670
CASMI2022,massformer,completed,169,169,377,CASMI_MOL_1196967,CASMI_MOL_934530,934530,COc1ccc(C=C2CCCC3C2=NN(C(=O)COC(=O)COc2ccccc2[N+](=O)[O-])C3c2ccc(OC)cc2)cc1,0.22263955016277429,binned_cosine_1Da,22,False,predicted_spectrum,4670
CASMI2022,massformer,completed,169,169,377,CASMI_MOL_1196967,CASMI_MOL_934790,934790,CCOc1ccc(C(=O)Oc2ccc3ccccc3c2C=NNC(=O)CNC(=O)c2cc(OC)c(OC)c(OC)c2)cc1,0.22065167894588836,binned_cosine_1Da,23,False,predicted_spectrum,4670
CASMI2022,massformer,completed,169,169,377,CASMI_MOL_1196967,CASMI_MOL_934817,934817,CCOc1ccc(C(=O)Oc2ccc3ccccc3c2C=NNC(=O)CNC(=O)c2cc(OC)c(OC)c(OC)c2)cc1,0.22065167894588836,binned_cosine_1Da,24,False,predicted_spectrum,4670
CASMI2022,massformer,completed,169,169,377,CASMI_MOL_1196967,CASMI_MOL_934880,934880,CCOc1ccc(C(=O)Oc2ccc3ccccc3c2C=NNC(=O)CNC(=O)c2cc(OC)c(OC)c(OC)c2)cc1,0.22065167894588836,binned_cosine_1Da,25,False,predicted_spectrum,4670
CASMI2022,massformer,completed,169,169,377,CASMI_MOL_1196967,CASMI_MOL_930854,930854,CC(C)(C)OC(=O)N1CC(NC(=O)Nc2ccc(OC(F)(F)F)cc2)C(OC(=O)c2ccc(-c3ccccc3)cc2)C1,0.2177145419846583,binned_cosine_1Da,26,False,predicted_spectrum,4670
CASMI2022,massformer,completed,169,169,377,CASMI_MOL_1196967,CASMI_MOL_932485,932485,CCOC(=O)CNC(=O)C(CSC(=O)OCC1c2ccccc2-c2ccccc21)NC(=O)CCC(N)C(=O)OCC,0.21578891533657502,binned_cosine_1Da,27,False,predicted_spectrum,4670
CASMI2022,massformer,completed,169,169,377,CASMI_MOL_1196967,CASMI_MOL_933818,933818,O=C(COc1ccc(C(Cc2ccccc2)=NOCc2ccc(C(F)(F)F)cc2)cc1)NOC1CCN(C(=O)O)CC1,0.21409531021945177,binned_cosine_1Da,28,False,predicted_spectrum,4670
CASMI2022,massformer,completed,169,169,377,CASMI_MOL_1196967,CASMI_MOL_933819,933819,O=C(COc1ccc(C(Cc2ccccc2)=NOCc2ccc(C(F)(F)F)cc2)cc1)NOC1CCN(C(=O)O)CC1,0.21409531021945177,binned_cosine_1Da,29,False,predicted_spectrum,4670
CASMI2022,massformer,completed,169,169,377,CASMI_MOL_1196967,CASMI_MOL_930916,930916,CNC(=O)C(OC)C(NS(=O)(=O)c1ccc(C(N)=O)cc1OCCc1cccc2ccccc12)C(=O)OC(C)(C)C,0.21382643527764464,binned_cosine_1Da,30,False,predicted_spectrum,4670
CASMI2022,massformer,completed,169,169,377,CASMI_MOL_1196967,CASMI_MOL_933817,933817,O=C(COc1ccc(CC(=NOCc2ccc(C(F)(F)F)cc2)c2ccccc2)cc1)NOC1CCN(C(=O)O)CC1,0.21248321854765057,binned_cosine_1Da,31,False,predicted_spectrum,4670
CASMI2022,massformer,completed,169,169,377,CASMI_MOL_1196967,CASMI_MOL_933770,933770,CNC(=O)C(CC(=O)OC(C)(C)C)OCNS(=O)(=O)c1ccc(C(N)=O)cc1OCCc1cccc2ccccc12,0.2095367984065987,binned_cosine_1Da,32,False,predicted_spectrum,4670
CASMI2022,massformer,completed,169,169,377,CASMI_MOL_1196967,CASMI_MOL_930637,930637,CC(C)(C)OC(=O)N1CCCC1c1nc(-c2ccc(OCCCc3ccc(C(F)(F)F)cc3)c(C(F)(F)F)c2)no1,0.20739240711620568,binned_cosine_1Da,33,False,predicted_spectrum,4670
CASMI2022,massformer,completed,169,169,377,CASMI_MOL_1196967,CASMI_MOL_931784,931784,CC(C)(C)OC(=O)N1CCCC1c1nc(-c2ccc(OCCCc3ccc(C(F)(F)F)cc3)c(C(F)(F)F)c2)no1,0.2073923884080342,binned_cosine_1Da,34,False,predicted_spectrum,4670
CASMI2022,massformer,completed,169,169,377,CASMI_MOL_1196967,CASMI_MOL_932386,932386,CCC1=CN(C2OC(COC(=O)c3ccccc3)C(OC(=O)c3ccccc3)C2OC(=O)c2ccccc2)C(O)N=C1N,0.20701299939790074,binned_cosine_1Da,35,False,predicted_spectrum,4670
CASMI2022,massformer,completed,169,169,377,CASMI_MOL_1196967,CASMI_MOL_934112,934112,COc1ccccc1OCCN(CC(O)COn1c2ccccc2c2ccccc21)C(=O)c1ccc(CO[N+](=O)[O-])cc1,0.20397132463577533,binned_cosine_1Da,36,False,predicted_spectrum,4670
CASMI2022,massformer,completed,169,169,377,CASMI_MOL_1196967,CASMI_MOL_934236,934236,C=CCC(CC=C)(COc1cc(C)c(-c2ccc(C(F)(F)F)cc2)c(C)c1)c1ccc(C(=O)NCCC(=O)OC)s1,0.2026709496858282,binned_cosine_1Da,37,False,predicted_spectrum,4670
CASMI2022,massformer,completed,169,169,377,CASMI_MOL_1196967,CASMI_MOL_931123,931123,COc1cccc(CN(C(=O)CN(c2ccccc2Cl)S(C)(=O)=O)C(Cc2ccccc2)C(=O)NC(C)(C)C)c1,0.20202543938315826,binned_cosine_1Da,38,False,predicted_spectrum,4670
CASMI2022,massformer,completed,169,169,377,CASMI_MOL_1196967,CASMI_MOL_931985,931985,COc1cccc(CN(C(=O)CN(c2ccccc2Cl)S(C)(=O)=O)C(Cc2ccccc2)C(=O)NC(C)(C)C)c1,0.20202543938315826,binned_cosine_1Da,39,False,predicted_spectrum,4670
CASMI2022,massformer,completed,169,169,377,CASMI_MOL_1196967,CASMI_MOL_933009,933009,COc1cccc(CN(C(=O)CN(c2ccccc2Cl)S(C)(=O)=O)C(Cc2ccccc2)C(=O)NC(C)(C)C)c1,0.20202543938315826,binned_cosine_1Da,40,False,predicted_spectrum,4670
CASMI2022,massformer,completed,169,169,377,CASMI_MOL_1196967,CASMI_MOL_931178,931178,COc1ccc(N(CC(=O)N(Cc2ccccc2)C(Cc2ccccc2)C(=O)NC(C)(C)C)S(C)(=O)=O)cc1Cl,0.20199179784231414,binned_cosine_1Da,41,False,predicted_spectrum,4670
CASMI2022,massformer,completed,169,169,377,CASMI_MOL_1196967,CASMI_MOL_932046,932046,COc1ccc(N(CC(=O)N(Cc2ccccc2)C(Cc2ccccc2)C(=O)NC(C)(C)C)S(C)(=O)=O)cc1Cl,0.20199179784231414,binned_cosine_1Da,42,False,predicted_spectrum,4670
CASMI2022,massformer,completed,169,169,377,CASMI_MOL_1196967,CASMI_MOL_933163,933163,COc1ccc(N(CC(=O)N(Cc2ccccc2)C(Cc2ccccc2)C(=O)NC(C)(C)C)S(C)(=O)=O)cc1Cl,0.20199179784231414,binned_cosine_1Da,43,False,predicted_spectrum,4670
CASMI2022,massformer,completed,169,169,377,CASMI_MOL_1196967,CASMI_MOL_933950,933950,CON(C)C(=O)C(CC(=O)OC(C)(C)C)NS(=O)(=O)c1ccc(C(N)=O)cc1OCCc1cccc2ccccc12,0.20135561033078866,binned_cosine_1Da,44,False,predicted_spectrum,4670
CASMI2022,massformer,completed,169,169,377,CASMI_MOL_1196967,CASMI_MOL_934387,934387,COc1ccc2[nH]cc(C(C[N+](=O)[O-])C(=O)OC3C(=O)N(c4ccc(C(=O)OCc5ccccc5)cc4)CC3(C)C)c2c1,0.19933226259398268,binned_cosine_1Da,45,False,predicted_spectrum,4670
CASMI2022,massformer,completed,169,169,377,CASMI_MOL_1196967,CASMI_MOL_930428,930428,CC(=O)OCC1OC(OCC(Cn2cc(COc3ccc(-c4noc(C)n4)cc3)nn2)OC(C)=O)C=CC1OC(C)=O,0.19862938364495591,binned_cosine_1Da,46,False,predicted_spectrum,4670
CASMI2022,massformer,completed,169,169,377,CASMI_MOL_1196967,CASMI_MOL_934029,934029,CCOC(=O)C(CC(=N)C(=O)OCc1ccccc1)N=C(N)c1ccc(OC(=O)c2ccc(C=C(C)C(=O)O)cc2)cc1,0.1985513668947375,binned_cosine_1Da,47,False,predicted_spectrum,4670
CASMI2022,massformer,completed,169,169,377,CASMI_MOL_1196967,CASMI_MOL_933948,933948,COC(=O)C1(O)CN(C(=O)OC(C)(C)C)CCC1NS(=O)(=O)c1ccc(OCc2cc(C)nc3ccccc23)cc1,0.1969511818234932,binned_cosine_1Da,48,False,predicted_spectrum,4670
CASMI2022,massformer,completed,169,169,377,CASMI_MOL_1196967,CASMI_MOL_930737,930737,COc1ccccc1C(CN1C(=O)N(C(C)(C)C(=O)O)C(O)c2c1sc(-c1ncco1)c2C)OC1CCC(O)CC1,0.1965381455414723,binned_cosine_1Da,49,False,predicted_spectrum,4670
CASMI2022,massformer,completed,169,169,377,CASMI_MOL_1196967,CASMI_MOL_934854,934854,CCCCn1c(CNC(=O)Cc2ccc(OC)cc2)nnc1SCC(=O)Nc1sc2c(c1C(=O)OCC)CCC2,0.1964618532218334,binned_cosine_1Da,50,False,predicted_spectrum,4670
CASMI2022,massformer,completed,169,169,377,CASMI_MOL_1196967,CASMI_MOL_930917,930917,CON(C)C(=O)CC(NS(=O)(=O)c1ccc(C(N)=O)cc1OCCc1cccc2ccccc12)C(=O)OC(C)(C)C,0.1948831030575159,binned_cosine_1Da,51,False,predicted_spectrum,4670
CASMI2022,massformer,completed,169,169,377,CASMI_MOL_1196967,CASMI_MOL_931176,931176,COc1ccc(N(CC(=O)N(Cc2ccccc2Cl)C(Cc2ccccc2)C(=O)NC(C)(C)C)S(C)(=O)=O)cc1,0.19248264426946976,binned_cosine_1Da,52,False,predicted_spectrum,4670
CASMI2022,massformer,completed,169,169,377,CASMI_MOL_1196967,CASMI_MOL_931921,931921,COc1ccc(N(CC(=O)N(Cc2ccccc2Cl)C(Cc2ccccc2)C(=O)NC(C)(C)C)S(C)(=O)=O)cc1,0.19248264426946976,binned_cosine_1Da,53,False,predicted_spectrum,4670
CASMI2022,massformer,completed,169,169,377,CASMI_MOL_1196967,CASMI_MOL_933096,933096,COc1ccc(N(CC(=O)N(Cc2ccccc2Cl)C(Cc2ccccc2)C(=O)NC(C)(C)C)S(C)(=O)=O)cc1,0.19248264426946976,binned_cosine_1Da,54,False,predicted_spectrum,4670
CASMI2022,massformer,completed,169,169,377,CASMI_MOL_1196967,CASMI_MOL_931159,931159,CCCCNC(=O)C(Cc1ccccc1)N(Cc1ccccc1)C(=O)CN(c1ccc(OC)c(Cl)c1)S(C)(=O)=O,0.1923685696151531,binned_cosine_1Da,55,False,predicted_spectrum,4670
CASMI2022,massformer,completed,169,169,377,CASMI_MOL_1196967,CASMI_MOL_932723,932723,CCCCNC(=O)C(Cc1ccccc1)N(Cc1ccccc1)C(=O)CN(c1ccc(OC)c(Cl)c1)S(C)(=O)=O,0.1923685696151531,binned_cosine_1Da,56,False,predicted_spectrum,4670
CASMI2022,massformer,completed,169,169,377,CASMI_MOL_1196967,CASMI_MOL_932724,932724,CCCCNC(=O)C(Cc1ccccc1)N(Cc1ccccc1)C(=O)CN(c1ccc(OC)c(Cl)c1)S(C)(=O)=O,0.1923685696151531,binned_cosine_1Da,57,False,predicted_spectrum,4670
CASMI2022,massformer,completed,169,169,377,CASMI_MOL_1196967,CASMI_MOL_930781,930781,CC#CC(CC(=N)NN)c1ccc(OCc2ccc3scc(-c4ccc(OCC5(C)C[S+]([O-])C5)cc4C)c3c2)cc1,0.1923148370659339,binned_cosine_1Da,58,False,predicted_spectrum,4670
CASMI2022,massformer,completed,169,169,377,CASMI_MOL_1196967,CASMI_MOL_931799,931799,COCP(=O)(NC(C)C(=O)OCc1ccccc1)Oc1cc(C=Cc2cc(OC)c(OC)c(OC)c2)ccc1OC,0.19154375008899202,binned_cosine_1Da,59,False,predicted_spectrum,4670
CASMI2022,massformer,completed,169,169,377,CASMI_MOL_1196967,CASMI_MOL_931800,931800,COCP(=O)(NC(C)C(=O)OCc1ccccc1)Oc1cc(C=Cc2cc(OC)c(OC)c(OC)c2)ccc1OC,0.19154375008899202,binned_cosine_1Da,60,False,predicted_spectrum,4670
CASMI2022,massformer,completed,169,169,377,CASMI_MOL_1196967,CASMI_MOL_934731,934731,CC1=C(CNCCC(=O)NS(=O)(=O)c2c(C)noc2C)CCc2cc(OCC(C)Cc3ccc(Cl)cc3)ccc21,0.19130888717729613,binned_cosine_1Da,61,False,predicted_spectrum,4670
CASMI2022,massformer,completed,169,169,377,CASMI_MOL_1196967,CASMI_MOL_931887,931887,COC(=O)c1cccc(Cn2cc(C=C3SC(=Nc4ccccc4)N(CCCc4ccccc4)C3=O)c3ccccc32)c1,0.19072199793896522,binned_cosine_1Da,62,False,predicted_spectrum,4670
CASMI2022,massformer,completed,169,169,377,CASMI_MOL_1196967,CASMI_MOL_933733,933733,CC1=C(C(=O)OC(C)C)C(c2cccc(OCc3ccccc3)c2)N2C(=CC(=O)NCc3ccc(F)cc3)CSC2=N1,0.19008129859127354,binned_cosine_1Da,63,False,predicted_spectrum,4670
CASMI2022,massformer,completed,169,169,377,CASMI_MOL_1196967,CASMI_MOL_933734,933734,CC1=C(C(=O)OC(C)C)C(c2cccc(OCc3ccccc3)c2)N2C(=CC(=O)NCc3ccc(F)cc3)CSC2=N1,0.19008129859127354,binned_cosine_1Da,64,False,predicted_spectrum,4670
CASMI2022,massformer,completed,169,169,377,CASMI_MOL_1196967,CASMI_MOL_934413,934413,CC1=C(C(=O)OC(C)C)C(c2cccc(OCc3ccccc3)c2)N2C(=CC(=O)NCc3ccc(F)cc3)CSC2=N1,0.19008129859127354,binned_cosine_1Da,65,False,predicted_spectrum,4670
CASMI2022,massformer,completed,169,169,377,CASMI_MOL_1196967,CASMI_MOL_932385,932385,C=C=NOC(=O)C1(OCC=C)CC(O)C(NC(=O)CF)C(C(O)C(O)CNC(=O)c2ccc(-c3ccccc3)cc2)O1,0.19000317865598468,binned_cosine_1Da,66,False,predicted_spectrum,4670
CASMI2022,massformer,completed,169,169,377,CASMI_MOL_1196967,CASMI_MOL_933947,933947,COc1ccc(COc2ccc(-c3ccn(CCC(C)(C(=O)NOC4CCCCO4)S(C)(=O)=O)c(=O)c3)cc2)cn1,0.18981927598488527,binned_cosine_1Da,67,False,predicted_spectrum,4670
CASMI2022,massformer,completed,169,169,377,CASMI_MOL_1196967,CASMI_MOL_931175,931175,COc1ccccc1N(CC(=O)N(Cc1ccccc1Cl)C(Cc1ccccc1)C(=O)NC(C)(C)C)S(C)(=O)=O,0.18957721847880227,binned_cosine_1Da,68,False,predicted_spectrum,4670
CASMI2022,massformer,completed,169,169,377,CASMI_MOL_1196967,CASMI_MOL_931903,931903,COc1ccccc1N(CC(=O)N(Cc1ccccc1Cl)C(Cc1ccccc1)C(=O)NC(C)(C)C)S(C)(=O)=O,0.18957721847880227,binned_cosine_1Da,69,False,predicted_spectrum,4670
CASMI2022,massformer,completed,169,169,377,CASMI_MOL_1196967,CASMI_MOL_933095,933095,COc1ccccc1N(CC(=O)N(Cc1ccccc1Cl)C(Cc1ccccc1)C(=O)NC(C)(C)C)S(C)(=O)=O,0.18957721847880227,binned_cosine_1Da,70,False,predicted_spectrum,4670
CASMI2022,massformer,completed,169,169,377,CASMI_MOL_1196967,CASMI_MOL_931120,931120,COc1cccc(CN(C(=O)CN(C)S(=O)(=O)c2ccc(Cl)cc2)C(Cc2ccccc2)C(=O)NC(C)(C)C)c1,0.18938600722025167,binned_cosine_1Da,71,False,predicted_spectrum,4670
CASMI2022,massformer,completed,169,169,377,CASMI_MOL_1196967,CASMI_MOL_932022,932022,COc1cccc(CN(C(=O)CN(C)S(=O)(=O)c2ccc(Cl)cc2)C(Cc2ccccc2)C(=O)NC(C)(C)C)c1,0.18938600722025167,binned_cosine_1Da,72,False,predicted_spectrum,4670
CASMI2022,massformer,completed,169,169,377,CASMI_MOL_1196967,CASMI_MOL_933005,933005,COc1cccc(CN(C(=O)CN(C)S(=O)(=O)c2ccc(Cl)cc2)C(Cc2ccccc2)C(=O)NC(C)(C)C)c1,0.18938600722025167,binned_cosine_1Da,73,False,predicted_spectrum,4670
CASMI2022,massformer,completed,169,169,377,CASMI_MOL_1196967,CASMI_MOL_931110,931110,CCCCNC(=O)C(Cc1ccccc1)N(Cc1cccc(OC)c1)C(=O)CN(c1ccccc1Cl)S(C)(=O)=O,0.18871256394230065,binned_cosine_1Da,74,False,predicted_spectrum,4670
CASMI2022,massformer,completed,169,169,377,CASMI_MOL_1196967,CASMI_MOL_932549,932549,CCCCNC(=O)C(Cc1ccccc1)N(Cc1cccc(OC)c1)C(=O)CN(c1ccccc1Cl)S(C)(=O)=O,0.18871256394230065,binned_cosine_1Da,75,False,predicted_spectrum,4670
CASMI2022,massformer,completed,169,169,377,CASMI_MOL_1196967,CASMI_MOL_932550,932550,CCCCNC(=O)C(Cc1ccccc1)N(Cc1cccc(OC)c1)C(=O)CN(c1ccccc1Cl)S(C)(=O)=O,0.18871256394230065,binned_cosine_1Da,76,False,predicted_spectrum,4670
CASMI2022,massformer,completed,169,169,377,CASMI_MOL_1196967,CASMI_MOL_931404,931404,CCC(C(=O)NC(C)(C)C)N(Cc1ccccc1)C(=O)CN(c1ccc(OC)c(Cl)c1)S(=O)(=O)c1ccccc1,0.18861012035547836,binned_cosine_1Da,77,False,predicted_spectrum,4670
CASMI2022,massformer,completed,169,169,377,CASMI_MOL_1196967,CASMI_MOL_933445,933445,CCC(C(=O)NC(C)(C)C)N(Cc1ccccc1)C(=O)CN(c1ccc(OC)c(Cl)c1)S(=O)(=O)c1ccccc1,0.18861012035547836,binned_cosine_1Da,78,False,predicted_spectrum,4670
CASMI2022,massformer,completed,169,169,377,CASMI_MOL_1196967,CASMI_MOL_933446,933446,CCC(C(=O)NC(C)(C)C)N(Cc1ccccc1)C(=O)CN(c1ccc(OC)c(Cl)c1)S(=O)(=O)c1ccccc1,0.18861012035547836,binned_cosine_1Da,79,False,predicted_spectrum,4670
CASMI2022,massformer,completed,169,169,377,CASMI_MOL_1196967,CASMI_MOL_930835,930835,C=Nc1ccccc1N(N)Oc1nc(C(=O)NCc2ccc(C(=O)OC)cc2)cc(C(=O)NCc2ccc(F)c(C)c2)n1,0.18847787742584807,binned_cosine_1Da,80,False,predicted_spectrum,4670
CASMI2022,massformer,completed,169,169,377,CASMI_MOL_1196967,CASMI_MOL_930884,930884,CC(C)(C)OC(=O)N1CCN(C(=O)c2ccc(C3C(=O)NCC3COC(=O)c3ccccc3)cc2S(C)(=O)=O)CC1,0.18817764373666276,binned_cosine_1Da,81,False,predicted_spectrum,4670
CASMI2022,massformer,completed,169,169,377,CASMI_MOL_1196967,CASMI_MOL_931239,931239,COc1ccc(N(CC(=O)N(CCc2ccccc2)C(C)C(=O)NC(C)(C)C)S(=O)(=O)c2ccccc2)cc1Cl,0.1881364885740007,binned_cosine_1Da,82,False,predicted_spectrum,4670
CASMI2022,massformer,completed,169,169,377,CASMI_MOL_1196967,CASMI_MOL_932320,932320,COc1ccc(N(CC(=O)N(CCc2ccccc2)C(C)C(=O)NC(C)(C)C)S(=O)(=O)c2ccccc2)cc1Cl,0.1881364885740007,binned_cosine_1Da,83,False,predicted_spectrum,4670
CASMI2022,massformer,completed,169,169,377,CASMI_MOL_1196967,CASMI_MOL_933463,933463,COc1ccc(N(CC(=O)N(CCc2ccccc2)C(C)C(=O)NC(C)(C)C)S(=O)(=O)c2ccccc2)cc1Cl,0.1881364885740007,binned_cosine_1Da,84,False,predicted_spectrum,4670
CASMI2022,massformer,completed,169,169,377,CASMI_MOL_1196967,CASMI_MOL_934263,934263,CCNC(=O)C(=O)C(Cc1ccc(Cl)cc1)NC(=O)C(CC(C)(C)C)NC(=O)CCCCC1CCS[S+]1[O-],0.18808991080729978,binned_cosine_1Da,85,False,predicted_spectrum,4670
CASMI2022,massformer,completed,169,169,377,CASMI_MOL_1196967,CASMI_MOL_933716,933716,CCOC(=O)C1=C(c2ccccc2)N=C(SCC(=O)N(c2ccccc2)c2ccccc2)C(C#N)C1c1ccc(C)cc1,0.18760914522755315,binned_cosine_1Da,86,False,predicted_spectrum,4670
CASMI2022,massformer,completed,169,169,377,CASMI_MOL_1196967,CASMI_MOL_933717,933717,CCOC(=O)C1=C(c2ccccc2)N=C(SCC(=O)N(c2ccccc2)c2ccccc2)C(C#N)C1c1ccc(C)cc1,0.18760914522755315,binned_cosine_1Da,87,False,predicted_spectrum,4670
CASMI2022,massformer,completed,169,169,377,CASMI_MOL_1196967,CASMI_MOL_934490,934490,CCOC(=O)C1=C(c2ccccc2)N=C(SCC(=O)N(c2ccccc2)c2ccccc2)C(C#N)C1c1ccc(C)cc1,0.18760914522755315,binned_cosine_1Da,88,False,predicted_spectrum,4670
CASMI2022,massformer,completed,169,169,377,CASMI_MOL_1196967,CASMI_MOL_932043,932043,COc1ccc(Cl)cc1N(CC(=O)N(Cc1ccccc1)C(Cc1ccccc1)C(=O)NC(C)(C)C)S(C)(=O)=O,0.1871466611189292,binned_cosine_1Da,89,False,predicted_spectrum,4670
CASMI2022,massformer,completed,169,169,377,CASMI_MOL_1196967,CASMI_MOL_933166,933166,COc1ccc(Cl)cc1N(CC(=O)N(Cc1ccccc1)C(Cc1ccccc1)C(=O)NC(C)(C)C)S(C)(=O)=O,0.1871466611189292,binned_cosine_1Da,90,False,predicted_spectrum,4670
CASMI2022,massformer,completed,169,169,377,CASMI_MOL_1196967,CASMI_MOL_931179,931179,COc1ccc(Cl)cc1N(CC(=O)N(Cc1ccccc1)C(Cc1ccccc1)C(=O)NC(C)(C)C)S(C)(=O)=O,0.18714658695289554,binned_cosine_1Da,91,False,predicted_spectrum,4670
CASMI2022,massformer,completed,169,169,377,CASMI_MOL_1196967,CASMI_MOL_931768,931768,CCCNC(=O)C(Cc1ccccc1)N(Cc1ccccc1C)C(=O)CN(c1ccc(OC)c(Cl)c1)S(C)(=O)=O,0.18681005784875032,binned_cosine_1Da,92,False,predicted_spectrum,4670
CASMI2022,massformer,completed,169,169,377,CASMI_MOL_1196967,CASMI_MOL_933196,933196,CCCNC(=O)C(Cc1ccccc1)N(Cc1ccccc1C)C(=O)CN(c1ccc(OC)c(Cl)c1)S(C)(=O)=O,0.18681001722434412,binned_cosine_1Da,93,False,predicted_spectrum,4670
CASMI2022,massformer,completed,169,169,377,CASMI_MOL_1196967,CASMI_MOL_933197,933197,CCCNC(=O)C(Cc1ccccc1)N(Cc1ccccc1C)C(=O)CN(c1ccc(OC)c(Cl)c1)S(C)(=O)=O,0.18681001722434412,binned_cosine_1Da,94,False,predicted_spectrum,4670
CASMI2022,massformer,completed,169,169,377,CASMI_MOL_1196967,CASMI_MOL_934758,934758,O=C(NCCCCCCNC(=O)C(F)(F)F)OC1C(O)C(CO)OC1n1ccc(NC(=O)c2ccccc2)nc1=O,0.18668298452831011,binned_cosine_1Da,95,False,predicted_spectrum,4670
CASMI2022,massformer,completed,169,169,377,CASMI_MOL_1196967,CASMI_MOL_934642,934642,Cc1ccc(-c2c(NS(=O)(=O)c3ccc(C(C)(C)C)cc3)ncnc2OCCOc2ccc(-c3nn[nH]n3)cc2)cc1,0.18635909729782485,binned_cosine_1Da,96,False,predicted_spectrum,4670
CASMI2022,massformer,completed,169,169,377,CASMI_MOL_1196967,CASMI_MOL_931017,931017,COc1ccccc1C(Cn1c(=O)n(C(C)(C)C(=O)O)c(=O)c2c(C)c(C3N=CCO3)sc21)OC1CCC(O)CC1,0.18633624555004139,binned_cosine_1Da,97,False,predicted_spectrum,4670
CASMI2022,massformer,completed,169,169,377,CASMI_MOL_1196967,CASMI_MOL_930384,930384,Cc1c(COc2cc(OCC(C)CO)c(CNC(C)(CO)C(=O)O)cc2Cl)cccc1-c1ccc2c(c1)OCCO2,0.18621266817741616,binned_cosine_1Da,98,False,predicted_spectrum,4670
CASMI2022,massformer,completed,169,169,377,CASMI_MOL_1196967,CASMI_MOL_930385,930385,Cc1c(COc2cc(OCC(C)CO)c(CNC(C)(CO)C(=O)O)cc2Cl)cccc1-c1ccc2c(c1)OCCO2,0.18621266817741616,binned_cosine_1Da,99,False,predicted_spectrum,4670
CASMI2022,massformer,completed,169,169,377,CASMI_MOL_1196967,CASMI_MOL_930315,930315,Cc1c(COc2cc(OCC(C)CO)c(CNC(C)(CO)C(=O)O)cc2Cl)cccc1-c1ccc2c(c1)OCCO2,0.18621265910597545,binned_cosine_1Da,100,False,predicted_spectrum,4670
CASMI2022,massformer,completed,169,169,377,CASMI_MOL_1196967,CASMI_MOL_1196967,1196967,CC(C)(O)c1ccccc1CCC(SCC1(CC(=O)O)CC1)c1cccc(C=Cc2ccc3ccc(Cl)cc3n2)c1,0.08529186106043102,binned_cosine_1Da,3299,True,predicted_spectrum,4670
CASMI2022,massformer,completed,170,170,381,CASMI_MOL_1196898,CASMI_MOL_551964,551964,O=C(OCOCC12CC3CC(CC(C3)C1)C2)C1CC2C=CC1C2,0.7490884463882992,binned_cosine_1Da,1,False,predicted_spectrum,8301
CASMI2022,massformer,completed,170,170,381,CASMI_MOL_1196898,CASMI_MOL_551302,551302,CCCC#CCC=CC1CCCC1C=CCCCC(=O)C(=O)O,0.747042526504454,binned_cosine_1Da,2,False,predicted_spectrum,8301
CASMI2022,massformer,completed,170,170,381,CASMI_MOL_1196898,CASMI_MOL_552153,552153,CCC1CC1[CH+]C1CC2OC2C1C=CCC=CCCCC(=O)[O-],0.7468114673291142,binned_cosine_1Da,3,False,predicted_spectrum,8301
CASMI2022,massformer,completed,170,170,381,CASMI_MOL_1196898,CASMI_MOL_550707,550707,CCC=CCC=CC=CC=CC1OC(=O)CCCC=CCC1O,0.7449850750903698,binned_cosine_1Da,4,False,predicted_spectrum,8301
CASMI2022,massformer,completed,170,170,381,CASMI_MOL_1196898,CASMI_MOL_551153,551153,CCC=CCC=CC=CC=CC1OC(=O)CCCC=CCC1O,0.7449850750903698,binned_cosine_1Da,5,False,predicted_spectrum,8301
CASMI2022,massformer,completed,170,170,381,CASMI_MOL_1196898,CASMI_MOL_554335,554335,CCC=CCC=CC=CC=CC1OC(=O)CCCC=CCC1O,0.7449850750903698,binned_cosine_1Da,6,False,predicted_spectrum,8301
CASMI2022,massformer,completed,170,170,381,CASMI_MOL_1196898,CASMI_MOL_557836,557836,CCC=CCC=CC=CC=CC1OC(=O)CCCC=CCC1O,0.7449850750903698,binned_cosine_1Da,7,False,predicted_spectrum,8301
CASMI2022,massformer,completed,170,170,381,CASMI_MOL_1196898,CASMI_MOL_557853,557853,CCC=CCC=CC=CC=CC1OC(=O)CCCC=CCC1O,0.7449850750903698,binned_cosine_1Da,8,False,predicted_spectrum,8301
CASMI2022,massformer,completed,170,170,381,CASMI_MOL_1196898,CASMI_MOL_557909,557909,CCC=CCC=CC=CC=CC1OC(=O)CCCC=CCC1O,0.7449850750903698,binned_cosine_1Da,9,False,predicted_spectrum,8301
CASMI2022,massformer,completed,170,170,381,CASMI_MOL_1196898,CASMI_MOL_557921,557921,CCC=CCC=CC=CC=CC1OC(=O)CCCC=CCC1O,0.7449850750903698,binned_cosine_1Da,10,False,predicted_spectrum,8301
CASMI2022,massformer,completed,170,170,381,CASMI_MOL_1196898,CASMI_MOL_557932,557932,CCC=CCC=CC=CC=CC1OC(=O)CCCC=CCC1O,0.7449850750903698,binned_cosine_1Da,11,False,predicted_spectrum,8301
CASMI2022,massformer,completed,170,170,381,CASMI_MOL_1196898,CASMI_MOL_555308,555308,CC(C=O)=CC=CC(C)=CC=CC=C(C)C1OCC(C)(C)CO1,0.743054318465191,binned_cosine_1Da,12,False,predicted_spectrum,8301
CASMI2022,massformer,completed,170,170,381,CASMI_MOL_1196898,CASMI_MOL_555309,555309,CC(C=O)=CC=CC(C)=CC=CC=C(C)C1OCC(C)(C)CO1,0.743054318465191,binned_cosine_1Da,13,False,predicted_spectrum,8301
CASMI2022,massformer,completed,170,170,381,CASMI_MOL_1196898,CASMI_MOL_557873,557873,CC(C=O)=CC=CC(C)=CC=CC=C(C)C1OCC(C)(C)CO1,0.743054318465191,binned_cosine_1Da,14,False,predicted_spectrum,8301
CASMI2022,massformer,completed,170,170,381,CASMI_MOL_1196898,CASMI_MOL_552159,552159,CC1=CC(OC(=O)C=CC2=CCCC(C)C2)C(C(C)C)CC1=O,0.7412365552774804,binned_cosine_1Da,15,False,predicted_spectrum,8301
CASMI2022,massformer,completed,170,170,381,CASMI_MOL_1196898,CASMI_MOL_557718,557718,CCC=CCC=CC=CC=CC(O)C1CC=CCCCC(=O)O1,0.7411428746645929,binned_cosine_1Da,16,False,predicted_spectrum,8301
CASMI2022,massformer,completed,170,170,381,CASMI_MOL_1196898,CASMI_MOL_551708,551708,COC(=O)C=C(C)C=CC=C(C)C=CC1=C(C)C(O)CCC1C,0.7384321633210156,binned_cosine_1Da,17,False,predicted_spectrum,8301
CASMI2022,massformer,completed,170,170,381,CASMI_MOL_1196898,CASMI_MOL_552544,552544,CCC=CCC1C=CC2C(=O)CCC2CC=CCCCC(=O)O1,0.7376940102548962,binned_cosine_1Da,18,False,predicted_spectrum,8301
CASMI2022,massformer,completed,170,170,381,CASMI_MOL_1196898,CASMI_MOL_550904,550904,CCC=CCC=CCC1OC1C=CC1CC=CCCCC(=O)O1,0.7363935415816332,binned_cosine_1Da,19,False,predicted_spectrum,8301
CASMI2022,massformer,completed,170,170,381,CASMI_MOL_1196898,CASMI_MOL_550905,550905,CCC=CCC=CCC1OC1C=CC1CC=CCCCC(=O)O1,0.7363935415816332,binned_cosine_1Da,20,False,predicted_spectrum,8301
CASMI2022,massformer,completed,170,170,381,CASMI_MOL_1196898,CASMI_MOL_551204,551204,CCC=CCC=CCC1OC1C=CC1CC=CCCCC(=O)O1,0.7363935415816332,binned_cosine_1Da,21,False,predicted_spectrum,8301
CASMI2022,massformer,completed,170,170,381,CASMI_MOL_1196898,CASMI_MOL_552402,552402,CCC=CCC=CCC1OC1C=CC1CC=CCCCC(=O)O1,0.7363935415816332,binned_cosine_1Da,22,False,predicted_spectrum,8301
CASMI2022,massformer,completed,170,170,381,CASMI_MOL_1196898,CASMI_MOL_554259,554259,CCC=CCC=CCC1OC1C=CC1CC=CCCCC(=O)O1,0.7363935415816332,binned_cosine_1Da,23,False,predicted_spectrum,8301
CASMI2022,massformer,completed,170,170,381,CASMI_MOL_1196898,CASMI_MOL_554260,554260,CCC=CCC=CCC1OC1C=CC1CC=CCCCC(=O)O1,0.7363935415816332,binned_cosine_1Da,24,False,predicted_spectrum,8301
CASMI2022,massformer,completed,170,170,381,CASMI_MOL_1196898,CASMI_MOL_557628,557628,CCC=CCC=CCC1OC1C=CC1CC=CCCCC(=O)O1,0.7363935415816332,binned_cosine_1Da,25,False,predicted_spectrum,8301
CASMI2022,massformer,completed,170,170,381,CASMI_MOL_1196898,CASMI_MOL_550564,550564,CC1=C2C(=O)OCC(=CC=CC(C)C)C2CCC2(C)OC2CC1,0.7354855780450749,binned_cosine_1Da,26,False,predicted_spectrum,8301
CASMI2022,massformer,completed,170,170,381,CASMI_MOL_1196898,CASMI_MOL_551037,551037,CC1=C2C(=O)OCC(=CC=CC(C)C)C2CCC2(C)OC2CC1,0.7354855780450749,binned_cosine_1Da,27,False,predicted_spectrum,8301
CASMI2022,massformer,completed,170,170,381,CASMI_MOL_1196898,CASMI_MOL_554392,554392,CC1=C2C(=O)OCC(=CC=CC(C)C)C2CCC2(C)OC2CC1,0.7354855780450749,binned_cosine_1Da,28,False,predicted_spectrum,8301
CASMI2022,massformer,completed,170,170,381,CASMI_MOL_1196898,CASMI_MOL_557760,557760,CC1=C2C(=O)OCC(=CC=CC(C)C)C2CCC2(C)OC2CC1,0.7354855780450749,binned_cosine_1Da,29,False,predicted_spectrum,8301
CASMI2022,massformer,completed,170,170,381,CASMI_MOL_1196898,CASMI_MOL_555965,555965,C=CC(O)(CC=CC1C(O)CC2C(=O)C(=C)CC21)C1CCCC1,0.7350710865316371,binned_cosine_1Da,30,False,predicted_spectrum,8301
CASMI2022,massformer,completed,170,170,381,CASMI_MOL_1196898,CASMI_MOL_556216,556216,C=CC(O)(CC=CC1C(O)CC2C(=O)C(=C)CC21)C1CCCC1,0.7350710865316371,binned_cosine_1Da,31,False,predicted_spectrum,8301
CASMI2022,massformer,completed,170,170,381,CASMI_MOL_1196898,CASMI_MOL_551752,551752,C=CC(O)C#CC#CCC1OC(C)(C)OC1C1CC(CCC)C1,0.7350300949241895,binned_cosine_1Da,32,False,predicted_spectrum,8301
CASMI2022,massformer,completed,170,170,381,CASMI_MOL_1196898,CASMI_MOL_555115,555115,C=CC(O)C#CC#CCC1OC(C)(C)OC1C1CC(CCC)C1,0.7350300949241895,binned_cosine_1Da,33,False,predicted_spectrum,8301
CASMI2022,massformer,completed,170,170,381,CASMI_MOL_1196898,CASMI_MOL_550127,550127,CC(CC1=CC2CC(CO)C1C2)C(=O)OCC1CC2C=CC1C2,0.7343283043649252,binned_cosine_1Da,34,False,predicted_spectrum,8301
CASMI2022,massformer,completed,170,170,381,CASMI_MOL_1196898,CASMI_MOL_551385,551385,CC(=O)C1(OC(=O)C2C3CC4CC(C3)CC2C4)CC=C(C)CC1,0.733577490943241,binned_cosine_1Da,35,False,predicted_spectrum,8301
CASMI2022,massformer,completed,170,170,381,CASMI_MOL_1196898,CASMI_MOL_551386,551386,CC(=O)C1(OC(=O)C2C3CC4CC(C3)CC2C4)CC=C(C)CC1,0.733577490943241,binned_cosine_1Da,36,False,predicted_spectrum,8301
CASMI2022,massformer,completed,170,170,381,CASMI_MOL_1196898,CASMI_MOL_551387,551387,CC(=O)C1(OC(=O)C2C3CC4CC(C3)CC2C4)CC=C(C)CC1,0.733577490943241,binned_cosine_1Da,37,False,predicted_spectrum,8301
CASMI2022,massformer,completed,170,170,381,CASMI_MOL_1196898,CASMI_MOL_557737,557737,C#CC(=O)C=C1C(C)CCC(C(C=CC=C)OCOC)C1(C)C,0.7333565176762507,binned_cosine_1Da,38,False,predicted_spectrum,8301
CASMI2022,massformer,completed,170,170,381,CASMI_MOL_1196898,CASMI_MOL_555688,555688,CC1=CC=C(C(C)C)C(=O)C=C(C=O)CCC2OC2(C)CCC1,0.7316816398690262,binned_cosine_1Da,39,False,predicted_spectrum,8301
CASMI2022,massformer,completed,170,170,381,CASMI_MOL_1196898,CASMI_MOL_556949,556949,CC1=CC=C(C(C)C)C(=O)C=C(C=O)CCC2OC2(C)CCC1,0.7316816398690262,binned_cosine_1Da,40,False,predicted_spectrum,8301
CASMI2022,massformer,completed,170,170,381,CASMI_MOL_1196898,CASMI_MOL_550733,550733,C=C(C)C1CC=C(C)CC=CC(C(=O)O)CCC=C(C=O)CC1,0.7313222995634328,binned_cosine_1Da,41,False,predicted_spectrum,8301
CASMI2022,massformer,completed,170,170,381,CASMI_MOL_1196898,CASMI_MOL_551212,551212,C=C(C)C1CC=C(C)CC=CC(C(=O)O)CCC=C(C=O)CC1,0.7313222995634328,binned_cosine_1Da,42,False,predicted_spectrum,8301
CASMI2022,massformer,completed,170,170,381,CASMI_MOL_1196898,CASMI_MOL_557448,557448,C=C(C)C1CC=C(C)CC=CC(C(=O)O)CCC=C(C=O)CC1,0.7313222995634328,binned_cosine_1Da,43,False,predicted_spectrum,8301
CASMI2022,massformer,completed,170,170,381,CASMI_MOL_1196898,CASMI_MOL_555493,555493,C=CC(O)C#CC#CCC1OC(C)(C)OC1CC1CC1CCC,0.7304363925636874,binned_cosine_1Da,44,False,predicted_spectrum,8301
CASMI2022,massformer,completed,170,170,381,CASMI_MOL_1196898,CASMI_MOL_556139,556139,C=CC(O)C#CC#CCC1OC(C)(C)OC1CC1CC1CCC,0.7304363925636874,binned_cosine_1Da,45,False,predicted_spectrum,8301
CASMI2022,massformer,completed,170,170,381,CASMI_MOL_1196898,CASMI_MOL_556741,556741,C=CC(O)C#CC#CCC1OC(C)(C)OC1CC1CC1CCC,0.7304363925636874,binned_cosine_1Da,46,False,predicted_spectrum,8301
CASMI2022,massformer,completed,170,170,381,CASMI_MOL_1196898,CASMI_MOL_556742,556742,C=CC(O)C#CC#CCC1OC(C)(C)OC1CC1CC1CCC,0.7304363925636874,binned_cosine_1Da,47,False,predicted_spectrum,8301
CASMI2022,massformer,completed,170,170,381,CASMI_MOL_1196898,CASMI_MOL_555182,555182,CCC#CCC(C)C(O)C#CC1C(O)CC2CC(=CCO)CC21,0.7303601330556717,binned_cosine_1Da,48,False,predicted_spectrum,8301
CASMI2022,massformer,completed,170,170,381,CASMI_MOL_1196898,CASMI_MOL_551195,551195,C=C1CCC2OC2(C)CCC2C(=CC=CC(C)C)C(=O)OCC12,0.7294799112134192,binned_cosine_1Da,49,False,predicted_spectrum,8301
CASMI2022,massformer,completed,170,170,381,CASMI_MOL_1196898,CASMI_MOL_557361,557361,C=C1CCC2OC2(C)CCC2C(=CC=CC(C)C)C(=O)OCC12,0.7294799112134192,binned_cosine_1Da,50,False,predicted_spectrum,8301
CASMI2022,massformer,completed,170,170,381,CASMI_MOL_1196898,CASMI_MOL_550016,550016,CC=CC1CC2OC2C1C=CCC=CCC=CCCCC(=O)O,0.7292170629682981,binned_cosine_1Da,51,False,predicted_spectrum,8301
CASMI2022,massformer,completed,170,170,381,CASMI_MOL_1196898,CASMI_MOL_550591,550591,CC1=CC=C(C(C)C)CCC2=CCCC(C)(OC2=O)C(=O)CC1,0.7280296668548544,binned_cosine_1Da,52,False,predicted_spectrum,8301
CASMI2022,massformer,completed,170,170,381,CASMI_MOL_1196898,CASMI_MOL_552196,552196,CC1=CC=C(C(C)C)CCC2=CCCC(C)(OC2=O)C(=O)CC1,0.7280296668548544,binned_cosine_1Da,53,False,predicted_spectrum,8301
CASMI2022,massformer,completed,170,170,381,CASMI_MOL_1196898,CASMI_MOL_554080,554080,CC1=CC=C(C(C)C)CCC2=CCCC(C)(OC2=O)C(=O)CC1,0.7280296668548544,binned_cosine_1Da,54,False,predicted_spectrum,8301
CASMI2022,massformer,completed,170,170,381,CASMI_MOL_1196898,CASMI_MOL_555563,555563,CC1=CC=C(C(C)C)CCC2=CCCC(C)(OC2=O)C(=O)CC1,0.7280296668548544,binned_cosine_1Da,55,False,predicted_spectrum,8301
CASMI2022,massformer,completed,170,170,381,CASMI_MOL_1196898,CASMI_MOL_557008,557008,CC1=CC=C(C(C)C)CCC2=CCCC(C)(OC2=O)C(=O)CC1,0.7280296668548544,binned_cosine_1Da,56,False,predicted_spectrum,8301
CASMI2022,massformer,completed,170,170,381,CASMI_MOL_1196898,CASMI_MOL_557164,557164,CC1=CC=C(C(C)C)CCC2=CCCC(C)(OC2=O)C(=O)CC1,0.7280296668548544,binned_cosine_1Da,57,False,predicted_spectrum,8301
CASMI2022,massformer,completed,170,170,381,CASMI_MOL_1196898,CASMI_MOL_557165,557165,CC1=CC=C(C(C)C)CCC2=CCCC(C)(OC2=O)C(=O)CC1,0.7280296668548544,binned_cosine_1Da,58,False,predicted_spectrum,8301
CASMI2022,massformer,completed,170,170,381,CASMI_MOL_1196898,CASMI_MOL_557553,557553,CC1=CC=C(C(C)C)CCC2=CCCC(C)(OC2=O)C(=O)CC1,0.7280296668548544,binned_cosine_1Da,59,False,predicted_spectrum,8301
CASMI2022,massformer,completed,170,170,381,CASMI_MOL_1196898,CASMI_MOL_557662,557662,CC1=CC=C(C(C)C)CCC2=CCCC(C)(OC2=O)C(=O)CC1,0.7280296668548544,binned_cosine_1Da,60,False,predicted_spectrum,8301
CASMI2022,massformer,completed,170,170,381,CASMI_MOL_1196898,CASMI_MOL_551329,551329,C=C1CCCC2C1C1CCC3CCCC3C1C1OC(=O)OC21C,0.7277168054272533,binned_cosine_1Da,61,False,predicted_spectrum,8301
CASMI2022,massformer,completed,170,170,381,CASMI_MOL_1196898,CASMI_MOL_551992,551992,CCCCCC1OC1CCC=CC=CC=CC=CC=CC(=O)O,0.7274804340868738,binned_cosine_1Da,62,False,predicted_spectrum,8301
CASMI2022,massformer,completed,170,170,381,CASMI_MOL_1196898,CASMI_MOL_551993,551993,CCCCCC1OC1CCC=CC=CC=CC=CC=CC(=O)O,0.7274804340868738,binned_cosine_1Da,63,False,predicted_spectrum,8301
CASMI2022,massformer,completed,170,170,381,CASMI_MOL_1196898,CASMI_MOL_555261,555261,CC(C=CC1=C(C)CCCC1(C)C)=CC=CC(C)=CC(=O)OO,0.7273308093567332,binned_cosine_1Da,64,False,predicted_spectrum,8301
CASMI2022,massformer,completed,170,170,381,CASMI_MOL_1196898,CASMI_MOL_551340,551340,COC(=O)C1CCCC(C2CC2C2C=CC(C=O)=CC2)CCC1,0.7272412406103229,binned_cosine_1Da,65,False,predicted_spectrum,8301
CASMI2022,massformer,completed,170,170,381,CASMI_MOL_1196898,CASMI_MOL_556395,556395,CC(C#CC1(O)C(C)CCCC1(C)C)=CC=CC(C)=CC(=O)O,0.7268865452202389,binned_cosine_1Da,66,False,predicted_spectrum,8301
CASMI2022,massformer,completed,170,170,381,CASMI_MOL_1196898,CASMI_MOL_557020,557020,CC(C#CC1(O)C(C)CCCC1(C)C)=CC=CC(C)=CC(=O)O,0.7268865452202389,binned_cosine_1Da,67,False,predicted_spectrum,8301
CASMI2022,massformer,completed,170,170,381,CASMI_MOL_1196898,CASMI_MOL_558022,558022,C=CCCCCCC=CC=CC1=CCC(=O)OCC(O)CC=C1,0.7265669807979608,binned_cosine_1Da,68,False,predicted_spectrum,8301
CASMI2022,massformer,completed,170,170,381,CASMI_MOL_1196898,CASMI_MOL_555118,555118,C=CC(=O)OC(CO)C12CC(C3CCCC31)C1C3CCC(C3)C12,0.72506827973465,binned_cosine_1Da,69,False,predicted_spectrum,8301
CASMI2022,massformer,completed,170,170,381,CASMI_MOL_1196898,CASMI_MOL_551089,551089,CC(C)=CCCC1COC(=O)C2=C(C=O)CCC=C(C)CCC21,0.724907057996144,binned_cosine_1Da,70,False,predicted_spectrum,8301
CASMI2022,massformer,completed,170,170,381,CASMI_MOL_1196898,CASMI_MOL_556995,556995,CC(C)=CCCC1COC(=O)C2=C(C=O)CCC=C(C)CCC21,0.724907057996144,binned_cosine_1Da,71,False,predicted_spectrum,8301
CASMI2022,massformer,completed,170,170,381,CASMI_MOL_1196898,CASMI_MOL_557125,557125,CC(C)=CCCC1COC(=O)C2=C(C=O)CCC=C(C)CCC21,0.724907057996144,binned_cosine_1Da,72,False,predicted_spectrum,8301
CASMI2022,massformer,completed,170,170,381,CASMI_MOL_1196898,CASMI_MOL_555327,555327,CC(=CC=CC(C)C=CC1=C(C)CCCC1(C)C)C(=O)C(=O)O,0.7243495031103953,binned_cosine_1Da,73,False,predicted_spectrum,8301
CASMI2022,massformer,completed,170,170,381,CASMI_MOL_1196898,CASMI_MOL_556451,556451,CC(=CC=CC(C)C=CC1=C(C)CCCC1(C)C)C(=O)C(=O)O,0.7243495031103953,binned_cosine_1Da,74,False,predicted_spectrum,8301
CASMI2022,massformer,completed,170,170,381,CASMI_MOL_1196898,CASMI_MOL_551343,551343,C=C1CC2CC(=O)C(C3C4CC(C)CC4CC34OCCO4)C2C1,0.7242102145616497,binned_cosine_1Da,75,False,predicted_spectrum,8301
CASMI2022,massformer,completed,170,170,381,CASMI_MOL_1196898,CASMI_MOL_550875,550875,C=C1CCC2OC2(C)CCC2C(C=O)=CC(C=C(C)C)C(O)C12,0.7233917165890282,binned_cosine_1Da,76,False,predicted_spectrum,8301
CASMI2022,massformer,completed,170,170,381,CASMI_MOL_1196898,CASMI_MOL_551097,551097,C=C1CCC2OC2(C)CCC2C(C=O)=CC(C=C(C)C)C(O)C12,0.7233917165890282,binned_cosine_1Da,77,False,predicted_spectrum,8301
CASMI2022,massformer,completed,170,170,381,CASMI_MOL_1196898,CASMI_MOL_557154,557154,C=C1CCC2OC2(C)CCC2C(C=O)=CC(C=C(C)C)C(O)C12,0.7233917165890282,binned_cosine_1Da,78,False,predicted_spectrum,8301
CASMI2022,massformer,completed,170,170,381,CASMI_MOL_1196898,CASMI_MOL_557803,557803,C=C1CCC2OC2(C)CCC2C(C=O)=CC(C=C(C)C)C(O)C12,0.7233917165890282,binned_cosine_1Da,79,False,predicted_spectrum,8301
CASMI2022,massformer,completed,170,170,381,CASMI_MOL_1196898,CASMI_MOL_557881,557881,C=C1CCC2OC2(C)CCC2C(C=O)=CC(C=C(C)C)C(O)C12,0.7233917165890282,binned_cosine_1Da,80,False,predicted_spectrum,8301
CASMI2022,massformer,completed,170,170,381,CASMI_MOL_1196898,CASMI_MOL_557946,557946,CCC#CCC=CCC=CCC=CC=CC(O)CCCC(=O)O,0.7231063808261491,binned_cosine_1Da,81,False,predicted_spectrum,8301
CASMI2022,massformer,completed,170,170,381,CASMI_MOL_1196898,CASMI_MOL_551482,551482,CC(C=CC(=O)C(C)=CC=C1C(C)CCCC1(C)C)=CC(=O)O,0.7229267667987979,binned_cosine_1Da,82,False,predicted_spectrum,8301
CASMI2022,massformer,completed,170,170,381,CASMI_MOL_1196898,CASMI_MOL_550944,550944,CC1=CCC=C(C)C2C(=O)OCC(=CC=CC(C)(C)O)C2CC1,0.7226788722957193,binned_cosine_1Da,83,False,predicted_spectrum,8301
CASMI2022,massformer,completed,170,170,381,CASMI_MOL_1196898,CASMI_MOL_551185,551185,CC1=CCC=C(C)C2C(=O)OCC(=CC=CC(C)(C)O)C2CC1,0.7226788722957193,binned_cosine_1Da,84,False,predicted_spectrum,8301
CASMI2022,massformer,completed,170,170,381,CASMI_MOL_1196898,CASMI_MOL_551315,551315,CCCC#CCC=CC1CCC(=O)C1CC=CCCCC(=O)O,0.7226465122176104,binned_cosine_1Da,85,False,predicted_spectrum,8301
CASMI2022,massformer,completed,170,170,381,CASMI_MOL_1196898,CASMI_MOL_554321,554321,CCOC(=O)C=C1C=C2C3CCCC3CC(C)C2C1CC(C)=O,0.7225577927539003,binned_cosine_1Da,86,False,predicted_spectrum,8301
CASMI2022,massformer,completed,170,170,381,CASMI_MOL_1196898,CASMI_MOL_550654,550654,C=C1C(=O)OC2C=C(C)CCC3OC3(C)CCC=C(C)CCC12,0.7221789575555229,binned_cosine_1Da,87,False,predicted_spectrum,8301
CASMI2022,massformer,completed,170,170,381,CASMI_MOL_1196898,CASMI_MOL_551086,551086,C=C1C(=O)OC2C=C(C)CCC3OC3(C)CCC=C(C)CCC12,0.7221789575555229,binned_cosine_1Da,88,False,predicted_spectrum,8301
CASMI2022,massformer,completed,170,170,381,CASMI_MOL_1196898,CASMI_MOL_554311,554311,C=C1C(=O)OC2C=C(C)CCC3OC3(C)CCC=C(C)CCC12,0.7221789575555229,binned_cosine_1Da,89,False,predicted_spectrum,8301
CASMI2022,massformer,completed,170,170,381,CASMI_MOL_1196898,CASMI_MOL_554312,554312,C=C1C(=O)OC2C=C(C)CCC3OC3(C)CCC=C(C)CCC12,0.7221789575555229,binned_cosine_1Da,90,False,predicted_spectrum,8301
CASMI2022,massformer,completed,170,170,381,CASMI_MOL_1196898,CASMI_MOL_557007,557007,C=C1C(=O)OC2C=C(C)CCC3OC3(C)CCC=C(C)CCC12,0.7221789575555229,binned_cosine_1Da,91,False,predicted_spectrum,8301
CASMI2022,massformer,completed,170,170,381,CASMI_MOL_1196898,CASMI_MOL_557118,557118,C=C1C(=O)OC2C=C(C)CCC3OC3(C)CCC=C(C)CCC12,0.7221789575555229,binned_cosine_1Da,92,False,predicted_spectrum,8301
CASMI2022,massformer,completed,170,170,381,CASMI_MOL_1196898,CASMI_MOL_551069,551069,CC(C)C1=CC2C(=O)CC3C(C)(C(=O)O)CCCC3(C)C2C=C1,0.7220604054025033,binned_cosine_1Da,93,False,predicted_spectrum,8301
CASMI2022,massformer,completed,170,170,381,CASMI_MOL_1196898,CASMI_MOL_551828,551828,CC(C)C1=CC2C(=O)CC3C(C)(C(=O)O)CCCC3(C)C2C=C1,0.7220604054025033,binned_cosine_1Da,94,False,predicted_spectrum,8301
CASMI2022,massformer,completed,170,170,381,CASMI_MOL_1196898,CASMI_MOL_556732,556732,CC(C)C1=CC2C(=O)CC3C(C)(C(=O)O)CCCC3(C)C2C=C1,0.7220604054025033,binned_cosine_1Da,95,False,predicted_spectrum,8301
CASMI2022,massformer,completed,170,170,381,CASMI_MOL_1196898,CASMI_MOL_550952,550952,C=C1C(=O)OC2C=C(C)CCC=C(C)CCC3OC3(C)CCC12,0.7220504611768445,binned_cosine_1Da,96,False,predicted_spectrum,8301
CASMI2022,massformer,completed,170,170,381,CASMI_MOL_1196898,CASMI_MOL_550953,550953,C=C1C(=O)OC2C=C(C)CCC=C(C)CCC3OC3(C)CCC12,0.7220504611768445,binned_cosine_1Da,97,False,predicted_spectrum,8301
CASMI2022,massformer,completed,170,170,381,CASMI_MOL_1196898,CASMI_MOL_550954,550954,C=C1C(=O)OC2C=C(C)CCC=C(C)CCC3OC3(C)CCC12,0.7220504611768445,binned_cosine_1Da,98,False,predicted_spectrum,8301
CASMI2022,massformer,completed,170,170,381,CASMI_MOL_1196898,CASMI_MOL_551229,551229,C=C1C(=O)OC2C=C(C)CCC=C(C)CCC3OC3(C)CCC12,0.7220504611768445,binned_cosine_1Da,99,False,predicted_spectrum,8301
CASMI2022,massformer,completed,170,170,381,CASMI_MOL_1196898,CASMI_MOL_554241,554241,C=C1C(=O)OC2C=C(C)CCC=C(C)CCC3OC3(C)CCC12,0.7220504611768445,binned_cosine_1Da,100,False,predicted_spectrum,8301
CASMI2022,massformer,completed,170,170,381,CASMI_MOL_1196898,CASMI_MOL_1196898,1196898,C=C1CC23CC1CCC2C1(C)CCCC2(C)C(=O)OC(C21)C3O,0.6989442801427852,binned_cosine_1Da,578,True,predicted_spectrum,8301
CASMI2022,massformer,completed,171,171,382,CASMI_MOL_1196968,CASMI_MOL_936417,936417,Cc1cc(N2C(=O)N(CCCCCCCCC[S+]([O-])CCCC(F)(F)C(F)(F)F)C(C)(C)C2=O)ccc1NS(N)(=O)=O,0.263771420669777,binned_cosine_1Da,1,False,predicted_spectrum,1728
CASMI2022,massformer,completed,171,171,382,CASMI_MOL_1196968,CASMI_MOL_935316,935316,[N-]=[NH+]C(S(=O)(=O)CCCCCCCCCCS(=O)(=O)C([NH+]=[N-])S(=O)(=O)C1CCCCC1)S(=O)(=O)C1CCCCC1,0.21741923586758713,binned_cosine_1Da,2,False,predicted_spectrum,1728
CASMI2022,massformer,completed,171,171,382,CASMI_MOL_1196968,CASMI_MOL_935124,935124,CCC1OC2OCC3OC(OC4C(O)C(CO)OC(OCC5OC(OC(C1O)C2O)C(O)C(O)C5O)C4O)C(O)C(O)C3O,0.20972814351831573,binned_cosine_1Da,3,False,predicted_spectrum,1728
CASMI2022,massformer,completed,171,171,382,CASMI_MOL_1196968,CASMI_MOL_935972,935972,CCC1OC2OCC3OC(OC4C(O)C(CO)OC(OCC5OC(OC(C1O)C2O)C(O)C(O)C5O)C4O)C(O)C(O)C3O,0.20972814351831573,binned_cosine_1Da,4,False,predicted_spectrum,1728
CASMI2022,massformer,completed,171,171,382,CASMI_MOL_1196968,CASMI_MOL_936155,936155,CCC1OC2OCC3OC(OC4C(O)C(CO)OC(OCC5OC(OC(C1O)C2O)C(O)C(O)C5O)C4O)C(O)C(O)C3O,0.20972814351831573,binned_cosine_1Da,5,False,predicted_spectrum,1728
CASMI2022,massformer,completed,171,171,382,CASMI_MOL_1196968,CASMI_MOL_936250,936250,CCC1OC2OCC3OC(OC4C(O)C(CO)OC(OCC5OC(OC(C1O)C2O)C(O)C(O)C5O)C4O)C(O)C(O)C3O,0.20972814351831573,binned_cosine_1Da,6,False,predicted_spectrum,1728
CASMI2022,massformer,completed,171,171,382,CASMI_MOL_1196968,CASMI_MOL_936256,936256,CCC1OC2OCC3OC(OC4C(O)C(CO)OC(OCC5OC(OC(C1O)C2O)C(O)C(O)C5O)C4O)C(O)C(O)C3O,0.20972814351831573,binned_cosine_1Da,7,False,predicted_spectrum,1728
CASMI2022,massformer,completed,171,171,382,CASMI_MOL_1196968,CASMI_MOL_935870,935870,CCCCCCCCCCNS(=O)(=O)c1cccc(S(=O)(=O)N=C(NC)NCCSCc2csc(=NC(=N)N)[nH]2)c1,0.20021903831744875,binned_cosine_1Da,8,False,predicted_spectrum,1728
CASMI2022,massformer,completed,171,171,382,CASMI_MOL_1196968,CASMI_MOL_936239,936239,O=S(=O)(CCCCCCCCCCS(=O)(=O)CN=NS(=O)(=O)C1CCCCC1)CN=NS(=O)(=O)C1CCCCC1,0.19599321057401778,binned_cosine_1Da,9,False,predicted_spectrum,1728
CASMI2022,massformer,completed,171,171,382,CASMI_MOL_1196968,CASMI_MOL_936383,936383,O=S(=O)(CCCCCCCCCCS(=O)(=O)CN=NS(=O)(=O)C1CCCCC1)CN=NS(=O)(=O)C1CCCCC1,0.19599321057401778,binned_cosine_1Da,10,False,predicted_spectrum,1728
CASMI2022,massformer,completed,171,171,382,CASMI_MOL_1196968,CASMI_MOL_935025,935025,CC1(CN2CCC(N)CC2)CNN(CC2C(NC(=O)C(=NOC3(C(=O)O)CC3)C3=NC(N)SC3)C3OC3N2S(=O)(=O)O)N1,0.19461059245910173,binned_cosine_1Da,11,False,predicted_spectrum,1728
CASMI2022,massformer,completed,171,171,382,CASMI_MOL_1196968,CASMI_MOL_936153,936153,COC1OC(CO)C(O)C(OC2OC(CO)C(O)C(OC3OC(CO)C(O)C(O)C3OC3OCC(=O)C(O)C3O)C2C)C1O,0.18990376566629444,binned_cosine_1Da,12,False,predicted_spectrum,1728
CASMI2022,massformer,completed,171,171,382,CASMI_MOL_1196968,CASMI_MOL_935358,935358,CCCCCCCCCC(S(=O)(=O)CN=NS(=O)(=O)C1CCCCC1)S(=O)(=O)CN=NS(=O)(=O)C1CCCCC1,0.18894331756078298,binned_cosine_1Da,13,False,predicted_spectrum,1728
CASMI2022,massformer,completed,171,171,382,CASMI_MOL_1196968,CASMI_MOL_935364,935364,CCCCCCCCCC(S(=O)(=O)CN=NS(=O)(=O)C1CCCCC1)S(=O)(=O)CN=NS(=O)(=O)C1CCCCC1,0.18894331756078298,binned_cosine_1Da,14,False,predicted_spectrum,1728
CASMI2022,massformer,completed,171,171,382,CASMI_MOL_1196968,CASMI_MOL_935967,935967,CC(=O)OC1C(C)OC(O)C(OC2OC(C)C(OC3OCC(OC4OC(CO)C(O)C(O)C4O)C(O)C3O)C(O)C2O)C1O,0.18799483483572263,binned_cosine_1Da,15,False,predicted_spectrum,1728
CASMI2022,massformer,completed,171,171,382,CASMI_MOL_1196968,CASMI_MOL_935966,935966,COC1C(C(=O)O)OC(OC2C(O)C(C)OC(OC3C(C)OC(OC4C(C)OC(O)C(O)C4O)C(O)C3O)C2O)C(O)C1O,0.18457851496769054,binned_cosine_1Da,16,False,predicted_spectrum,1728
CASMI2022,massformer,completed,171,171,382,CASMI_MOL_1196968,CASMI_MOL_935144,935144,CCC(=O)CCCCCNC(=O)CCC(CCC(=O)n1c(=O)c(C)cn(C2CC(O)C(COPPP)O2)c1=O)N=[N+]=[N-],0.1746079725717683,binned_cosine_1Da,17,False,predicted_spectrum,1728
CASMI2022,massformer,completed,171,171,382,CASMI_MOL_1196968,CASMI_MOL_936468,936468,CC(NC(=O)C(Cc1c[nH]cn1)NC(=O)C(N)CS)C(=O)NC(C(=O)NC(CS)C(=O)NC(CC(=O)O)C(=O)O)C(C)C,0.17365245481301989,binned_cosine_1Da,18,False,predicted_spectrum,1728
CASMI2022,massformer,completed,171,171,382,CASMI_MOL_1196968,CASMI_MOL_936158,936158,CCCCCCCCC(NC(=O)OC(C)(C)C)C(=O)N1CCCC1C(=O)NC1(C(=O)NS(=O)(=O)c2ccc(Cl)s2)CC1,0.17178984676426046,binned_cosine_1Da,19,False,predicted_spectrum,1728
CASMI2022,massformer,completed,171,171,382,CASMI_MOL_1196968,CASMI_MOL_935351,935351,NC(CCCNC(=O)CCC(C=O)CNC(=O)c1ccccc1)C(=O)NC(CC(=O)C=O)C(=O)CSCC1=CC=CCC1Cl,0.16268536317716747,binned_cosine_1Da,20,False,predicted_spectrum,1728
CASMI2022,massformer,completed,171,171,382,CASMI_MOL_1196968,CASMI_MOL_936467,936467,CC(NC(=O)C(Cc1c[nH]cn1)NC(=O)C(N)CS)C(=O)NC(C(=O)NC(CC(=O)O)C(=O)NC(CS)C(=O)O)C(C)C,0.16171720593477215,binned_cosine_1Da,21,False,predicted_spectrum,1728
CASMI2022,massformer,completed,171,171,382,CASMI_MOL_1196968,CASMI_MOL_935882,935882,CCCCOc1cc(-c2sc(-c3cc(OCCCC)c(-c4cc(OCCCC)c(C)s4)s3)cc2OCCCC)sc1C,0.1583694861416124,binned_cosine_1Da,22,False,predicted_spectrum,1728
CASMI2022,massformer,completed,171,171,382,CASMI_MOL_1196968,CASMI_MOL_935880,935880,CCCCCCCCCCOC(=O)c1cc2sc(-c3cc4sc(C(=O)OCCCCCCCCCC)cc4s3)cc2s1,0.15676950760617475,binned_cosine_1Da,23,False,predicted_spectrum,1728
CASMI2022,massformer,completed,171,171,382,CASMI_MOL_1196968,CASMI_MOL_936238,936238,O=C(CCc1ccc(Cl)cc1CN1CCCC1c1nc(C(=O)NCCCCC2CCCCC2)co1)NS(=O)(=O)C(F)(F)F,0.15574393935394398,binned_cosine_1Da,24,False,predicted_spectrum,1728
CASMI2022,massformer,completed,171,171,382,CASMI_MOL_1196968,CASMI_MOL_936392,936392,O=C(CCc1ccc(Cl)cc1CN1CCCC1c1nc(C(=O)NCCCCC2CCCCC2)co1)NS(=O)(=O)C(F)(F)F,0.15574393935394398,binned_cosine_1Da,25,False,predicted_spectrum,1728
CASMI2022,massformer,completed,171,171,382,CASMI_MOL_1196968,CASMI_MOL_935437,935437,CC(C)CC1NC(=O)c2coc(n2)C(Cc2ccccc2)NC(=O)CN(C(=O)Cn2cccnc2=O)CCNC(=O)c2csc1n2,0.15445894477256275,binned_cosine_1Da,26,False,predicted_spectrum,1728
CASMI2022,massformer,completed,171,171,382,CASMI_MOL_1196968,CASMI_MOL_935408,935408,CNS(=O)(=O)c1cccc(OCC(O)CNC2COC3(CCN(S(=O)(=O)c4cncc(-c5ccc(CN)nc5)c4)CC3)C2)c1,0.15400807259757127,binned_cosine_1Da,27,False,predicted_spectrum,1728
CASMI2022,massformer,completed,171,171,382,CASMI_MOL_1196968,CASMI_MOL_935409,935409,CNS(=O)(=O)c1cccc(OCC(O)CNC2COC3(CCN(S(=O)(=O)c4cncc(-c5ccc(CN)nc5)c4)CC3)C2)c1,0.15400807259757127,binned_cosine_1Da,28,False,predicted_spectrum,1728
CASMI2022,massformer,completed,171,171,382,CASMI_MOL_1196968,CASMI_MOL_935384,935384,C#CCN(CC#C)NC(OC(=O)C(N)(C(CC(N)=O)C(=O)CSC(C)=O)N(CC#C)CC#C)C(=O)OC(C#C)N(CC#C)CC#C,0.15345659513861773,binned_cosine_1Da,29,False,predicted_spectrum,1728
CASMI2022,massformer,completed,171,171,382,CASMI_MOL_1196968,CASMI_MOL_934960,934960,CCS(=O)(=O)c1ccc(C(COC(N)=O)NC(=O)c2ccc(N(CC3CCC(C(F)(F)F)CC3)C3CC(F)(F)C3)nc2)cc1,0.15245042252766058,binned_cosine_1Da,30,False,predicted_spectrum,1728
CASMI2022,massformer,completed,171,171,382,CASMI_MOL_1196968,CASMI_MOL_935383,935383,C#CCN(CC#C)C(C#C)OC(=O)C(NC(=O)CN)(OC(=O)C(NC)(C(=O)CSC(C)=O)N(CC#C)CC#C)N(CC#C)CC#C,0.1500450521040408,binned_cosine_1Da,31,False,predicted_spectrum,1728
CASMI2022,massformer,completed,171,171,382,CASMI_MOL_1196968,CASMI_MOL_935385,935385,C#CCN(CC#C)NC(C(=O)CSC(C)=O)C(=O)OC(CC(N)=O)C(N)(C(=O)OC(C#C)N(CC#C)CC#C)N(CC#C)CC#C,0.1489783699187803,binned_cosine_1Da,32,False,predicted_spectrum,1728
CASMI2022,massformer,completed,171,171,382,CASMI_MOL_1196968,CASMI_MOL_935145,935145,COc1ccccc1C(Cn1c(=O)n(C(C)(C)C(=O)O)c(=O)c2c(C)c(-c3ncco3)sc21)OC1CCN(CC(C)(F)F)CC1,0.13594897997553199,binned_cosine_1Da,33,False,predicted_spectrum,1728
CASMI2022,massformer,completed,171,171,382,CASMI_MOL_1196968,CASMI_MOL_935985,935985,O=S(=O)(C=NNS(=O)(=O)C1CCCCC1)CCCCCCCCCCS(=O)(=O)C=NNS(=O)(=O)C1CCCCC1,0.13185919888041314,binned_cosine_1Da,34,False,predicted_spectrum,1728
CASMI2022,massformer,completed,171,171,382,CASMI_MOL_1196968,CASMI_MOL_936412,936412,CCCc1c(OCCCCCOS(=O)OCCCCCOc2sc(C(C)=O)c(OC)c2CCC)sc(C(C)=O)c1OC,0.12922507843696937,binned_cosine_1Da,35,False,predicted_spectrum,1728
CASMI2022,massformer,completed,171,171,382,CASMI_MOL_1196968,CASMI_MOL_935371,935371,O=C(CCNCCCCCOc1ccc(C(F)(F)F)cc1)N1CCc2nc(SC3CCC3)n(-c3ccccc3S)c(=O)c2C1,0.12703204890577638,binned_cosine_1Da,36,False,predicted_spectrum,1728
CASMI2022,massformer,completed,171,171,382,CASMI_MOL_1196968,CASMI_MOL_935372,935372,CCOC(=O)C1(CC)CCC(n2ncc(C(=O)N(CC(=O)c3c(Cl)cncc3Cl)CC(C)(C)C)c2C(F)(F)F)CC1(C)C,0.12160305039703369,binned_cosine_1Da,37,False,predicted_spectrum,1728
CASMI2022,massformer,completed,171,171,382,CASMI_MOL_1196968,CASMI_MOL_935369,935369,O=C(CCNCCCCCOc1ccc(C(F)(F)F)cc1)N1CCc2nc(SC3CCC3)n(-c3ccc(S)cc3)c(=O)c2C1,0.12086235258083527,binned_cosine_1Da,38,False,predicted_spectrum,1728
CASMI2022,massformer,completed,171,171,382,CASMI_MOL_1196968,CASMI_MOL_935971,935971,CCCCCCCCCC(S(=O)(=O)C=NNS(=O)(=O)C1CCCCC1)S(=O)(=O)C=NNS(=O)(=O)C1CCCCC1,0.12068079883071188,binned_cosine_1Da,39,False,predicted_spectrum,1728
CASMI2022,massformer,completed,171,171,382,CASMI_MOL_1196968,CASMI_MOL_935405,935405,CC(C)C1NC(=O)CN(C(=O)CCc2ccc(=O)[nH]n2)CCNC(=O)c2coc(n2)C(Cc2ccccc2)NC(=O)c2csc1n2,0.11879668112304291,binned_cosine_1Da,40,False,predicted_spectrum,1728
CASMI2022,massformer,completed,171,171,382,CASMI_MOL_1196968,CASMI_MOL_935370,935370,O=C(CCNCCCCCOc1ccc(C(F)(F)F)cc1)N1CCc2nc(SC3CCC3)n(-c3cccc(S)c3)c(=O)c2C1,0.11614168162773855,binned_cosine_1Da,41,False,predicted_spectrum,1728
CASMI2022,massformer,completed,171,171,382,CASMI_MOL_1196968,CASMI_MOL_936345,936345,COc1cc(C(=O)NC2CCN(C)CC2)c(Cl)cc1Nc1ncc(C(F)(F)F)c(CC2CCCCC2N(C)S(C)(=O)=O)n1,0.11608704480703046,binned_cosine_1Da,42,False,predicted_spectrum,1728
CASMI2022,massformer,completed,171,171,382,CASMI_MOL_1196968,CASMI_MOL_936139,936139,CC(=O)OCC1OC(n2cc(CN(CCC(=O)OC(C)(C)C)C(=O)CCCl)nn2)C(OC(C)=O)C(OC(C)=O)C1OC(C)=O,0.11403455193011384,binned_cosine_1Da,43,False,predicted_spectrum,1728
CASMI2022,massformer,completed,171,171,382,CASMI_MOL_1196968,CASMI_MOL_936140,936140,CC(=O)OCC1OC(n2cc(CN(CCC(=O)OC(C)(C)C)C(=O)CCCl)nn2)C(OC(C)=O)C(OC(C)=O)C1OC(C)=O,0.11403455193011384,binned_cosine_1Da,44,False,predicted_spectrum,1728
CASMI2022,massformer,completed,171,171,382,CASMI_MOL_1196968,CASMI_MOL_935199,935199,CCC(O)(CC1CCC(C)C1NS(=O)(=O)NC1CC2=C(c3ccn(C(F)F)n3)CN=C(c3nccs3)N2C1)c1ccccn1,0.11130551149955065,binned_cosine_1Da,45,False,predicted_spectrum,1728
CASMI2022,massformer,completed,171,171,382,CASMI_MOL_1196968,CASMI_MOL_936126,936126,NC(CS)C(=O)NCC(=O)N1CCCC1C(=O)NCC(=O)NC(CS)C(=O)NCC(=O)N1CCCC1C(=O)NCC(=O)O,0.11047508653485869,binned_cosine_1Da,46,False,predicted_spectrum,1728
CASMI2022,massformer,completed,171,171,382,CASMI_MOL_1196968,CASMI_MOL_936568,936568,NC(CS)C(=O)NCC(=O)N1CCCC1C(=O)NCC(=O)NC(CS)C(=O)NCC(=O)N1CCCC1C(=O)NCC(=O)O,0.11047508653485869,binned_cosine_1Da,47,False,predicted_spectrum,1728
CASMI2022,massformer,completed,171,171,382,CASMI_MOL_1196968,CASMI_MOL_935347,935347,CC(=O)NC(CC(=O)O)C(=O)NC(C(=O)NC(CCC(=O)O)C(=O)NC(CC(=O)O)C(=O)c1nnc(-c2ccccc2)o1)C(C)C,0.1079968453775041,binned_cosine_1Da,48,False,predicted_spectrum,1728
CASMI2022,massformer,completed,171,171,382,CASMI_MOL_1196968,CASMI_MOL_935994,935994,NCCC(CCC(=O)OC(CC(=O)On1c(O)ccc1O)c1ccccc1)C(=O)C1(CCCCC(=O)O)SCC2NC(=O)NC21,0.10739340606350022,binned_cosine_1Da,49,False,predicted_spectrum,1728
CASMI2022,massformer,completed,171,171,382,CASMI_MOL_1196968,CASMI_MOL_935897,935897,CC(=O)NC1C(OC(C)=O)OC(COC(C)=O)C(OC2OC(COC(C)=O)C(OC(C)=O)C3OC(C)C(=O)NC23)C1OC(C)=O,0.10470731750988643,binned_cosine_1Da,50,False,predicted_spectrum,1728
CASMI2022,massformer,completed,171,171,382,CASMI_MOL_1196968,CASMI_MOL_935898,935898,CC(=O)NC1C(OC(C)=O)OC(COC(C)=O)C(OC2OC(COC(C)=O)C(OC(C)=O)C3OC(C)C(=O)NC23)C1OC(C)=O,0.10470731750988643,binned_cosine_1Da,51,False,predicted_spectrum,1728
CASMI2022,massformer,completed,171,171,382,CASMI_MOL_1196968,CASMI_MOL_936607,936607,CC(=O)NC1C(OC(C)=O)OC(COC(C)=O)C(OC2OC(COC(C)=O)C(OC(C)=O)C3OC(C)C(=O)NC23)C1OC(C)=O,0.10470731750988643,binned_cosine_1Da,52,False,predicted_spectrum,1728
CASMI2022,massformer,completed,171,171,382,CASMI_MOL_1196968,CASMI_MOL_936449,936449,COc1cc(COC(C)=O)c(Oc2cc(COC(C)=O)c(-c3c(CO)cc(OC)c(OC)c3OC)c(O)c2OC)c(OC)c1OC,0.10465357837874008,binned_cosine_1Da,53,False,predicted_spectrum,1728
CASMI2022,massformer,completed,171,171,382,CASMI_MOL_1196968,CASMI_MOL_935179,935179,CCN1CCN(Cc2cc(F)c(-n3cnc(-c4nc(NC5CCN(S(C)(=O)=O)CC5F)ncc4C(F)(F)F)c3)c(F)c2)CC1,0.10415947973938383,binned_cosine_1Da,54,False,predicted_spectrum,1728
CASMI2022,massformer,completed,171,171,382,CASMI_MOL_1196968,CASMI_MOL_935180,935180,CCN1CCN(Cc2cc(F)c(-n3cnc(-c4nc(NC5CCN(S(C)(=O)=O)CC5F)ncc4C(F)(F)F)c3)c(F)c2)CC1,0.10415947973938383,binned_cosine_1Da,55,False,predicted_spectrum,1728
CASMI2022,massformer,completed,171,171,382,CASMI_MOL_1196968,CASMI_MOL_935181,935181,CCN1CCN(Cc2cc(F)c(-n3cnc(-c4nc(NC5CCN(S(C)(=O)=O)CC5F)ncc4C(F)(F)F)c3)c(F)c2)CC1,0.10415947973938383,binned_cosine_1Da,56,False,predicted_spectrum,1728
CASMI2022,massformer,completed,171,171,382,CASMI_MOL_1196968,CASMI_MOL_934940,934940,COc1cc2c(cc1OCCCOc1c(Cl)c3c(c(C)c1OC)CN(C(=O)CC(C)C(=O)O)C3)CN(C(=O)CC(C)C(=O)O)C2,0.10106675473242596,binned_cosine_1Da,57,False,predicted_spectrum,1728
CASMI2022,massformer,completed,171,171,382,CASMI_MOL_1196968,CASMI_MOL_934941,934941,COc1cc2c(cc1OCCCOc1c(C)c3c(c(Cl)c1OC)CN(C(=O)CC(C)C(=O)O)C3)CN(C(=O)CC(C)C(=O)O)C2,0.1006037869379565,binned_cosine_1Da,58,False,predicted_spectrum,1728
CASMI2022,massformer,completed,171,171,382,CASMI_MOL_1196968,CASMI_MOL_934925,934925,CCCCN1C(=O)C(=C2Sc3c(OC(C)C)cc(CS(=O)(=O)c4ccc(C)cc4)c(OC(C)C)c3S2)C(=O)N1CCCC,0.09967068692329117,binned_cosine_1Da,59,False,predicted_spectrum,1728
CASMI2022,massformer,completed,171,171,382,CASMI_MOL_1196968,CASMI_MOL_936413,936413,COC1OC(COC(=O)CCCCC(=O)OCC2OC(Oc3ccc([N+](=O)[O-])cc3)C(NC(C)=O)C(O)C2O)C(O)C(O)C1O,0.09918214041635247,binned_cosine_1Da,60,False,predicted_spectrum,1728
CASMI2022,massformer,completed,171,171,382,CASMI_MOL_1196968,CASMI_MOL_936287,936287,Cc1ccccc1CNC(=O)C1N(C(=O)C(O)C(Cc2ccccc2)NC(=O)Nc2cc(C(F)(F)F)ccc2F)CSC1(C)C,0.09785079427685743,binned_cosine_1Da,61,False,predicted_spectrum,1728
CASMI2022,massformer,completed,171,171,382,CASMI_MOL_1196968,CASMI_MOL_936493,936493,Cc1ccccc1CNC(=O)C1N(C(=O)C(O)C(Cc2ccccc2)NC(=O)Nc2cc(C(F)(F)F)ccc2F)CSC1(C)C,0.09785079427685743,binned_cosine_1Da,62,False,predicted_spectrum,1728
CASMI2022,massformer,completed,171,171,382,CASMI_MOL_1196968,CASMI_MOL_935335,935335,Cc1sc(NC(=O)N(CCC(c2ccccc2)c2ccccc2)C2CCC(C(=O)O)CC2)nc1-c1ccc(NS(C)(=O)=O)cc1,0.09677997346564292,binned_cosine_1Da,63,False,predicted_spectrum,1728
CASMI2022,massformer,completed,171,171,382,CASMI_MOL_1196968,CASMI_MOL_935155,935155,CC(C)CC(NC(=O)OC(Cc1cccc(Cl)c1)c1cccc(Cl)c1)C(O)N=C(Cc1cc[nH]c1O)C(O)C(O)NC1CC1,0.09658359785854881,binned_cosine_1Da,64,False,predicted_spectrum,1728
CASMI2022,massformer,completed,171,171,382,CASMI_MOL_1196968,CASMI_MOL_935746,935746,NS(=O)(=O)c1cccc(-c2ccc(CC(NC(=O)C3CCC(CNC(=O)O)CC3)C(=O)Nc3ccc(-c4nn[nH]n4)cc3)cc2)c1,0.09609859250816914,binned_cosine_1Da,65,False,predicted_spectrum,1728
CASMI2022,massformer,completed,171,171,382,CASMI_MOL_1196968,CASMI_MOL_935564,935564,COCCOC(C)(COCCOC(=O)CCC(=O)On1c(O)ccc1O)COCCOC(=O)CCC(=O)On1c(O)ccc1O,0.09517285308003252,binned_cosine_1Da,66,False,predicted_spectrum,1728
CASMI2022,massformer,completed,171,171,382,CASMI_MOL_1196968,CASMI_MOL_936036,936036,CC(=N)C=C(CC=N)CN1CCC(C(=O)N2CCN(Cc3c(Cl)cccc3S(=O)(=O)N(C)c3ccc(Cl)cc3)CC2)CC1,0.09256874614430233,binned_cosine_1Da,67,False,predicted_spectrum,1728
CASMI2022,massformer,completed,171,171,382,CASMI_MOL_1196968,CASMI_MOL_935400,935400,COc1ncc(-c2cc(CN3CCC(C(F)(F)F)C3)c3c(N)ncnn23)cc1C(=O)NC1CN(C(=O)C(C)C(F)(F)F)CC1F,0.09230349326658405,binned_cosine_1Da,68,False,predicted_spectrum,1728
CASMI2022,massformer,completed,171,171,382,CASMI_MOL_1196968,CASMI_MOL_936176,936176,CCOC1CNc2c(cc(CCC(=O)O)cc2S(=O)(=O)NC(Cc2nc3ccccc3s2)C(=O)N2CCC(CCF)CC2)C1,0.09223892717866693,binned_cosine_1Da,69,False,predicted_spectrum,1728
CASMI2022,massformer,completed,171,171,382,CASMI_MOL_1196968,CASMI_MOL_936177,936177,CCOC1CNc2c(cc(CCC(=O)O)cc2S(=O)(=O)NC(Cc2nc3ccccc3s2)C(=O)N2CCC(CCF)CC2)C1,0.09223892717866693,binned_cosine_1Da,70,False,predicted_spectrum,1728
CASMI2022,massformer,completed,171,171,382,CASMI_MOL_1196968,CASMI_MOL_934919,934919,O=C(NC(Cc1ccc(F)cc1)C(=O)NC(CC1CCCNC1=O)C(O)(S)C(=O)NCc1ccccc1)c1cc2ccccc2o1,0.0907398275890466,binned_cosine_1Da,71,False,predicted_spectrum,1728
CASMI2022,massformer,completed,171,171,382,CASMI_MOL_1196968,CASMI_MOL_934920,934920,O=C(NC(Cc1ccc(F)cc1)C(=O)NC(CC1CCCNC1=O)C(O)(S)C(=O)NCc1ccccc1)c1cc2ccccc2o1,0.0907398275890466,binned_cosine_1Da,72,False,predicted_spectrum,1728
CASMI2022,massformer,completed,171,171,382,CASMI_MOL_1196968,CASMI_MOL_936019,936019,COc1ccnc(C(=O)NC2CCCC(OCCCC(F)(F)F)C(OCCCC(F)(F)F)C(C)OC2=O)c1OCOC(C)=O,0.09046087233954295,binned_cosine_1Da,73,False,predicted_spectrum,1728
CASMI2022,massformer,completed,171,171,382,CASMI_MOL_1196968,CASMI_MOL_936487,936487,O=C(O)CC(=O)OC(COC(=O)CCCCCC(=O)NCNC(=O)CC(=O)OCC(CC1CO1)OC(=O)CC(=O)O)CC1CO1,0.09033846073780388,binned_cosine_1Da,74,False,predicted_spectrum,1728
CASMI2022,massformer,completed,171,171,382,CASMI_MOL_1196968,CASMI_MOL_936289,936289,Cc1ccccc1CNC(=O)C1N(C(=O)C(O)C(Cc2ccccc2)NC(=O)Nc2cccc(C(F)(F)F)c2F)CSC1(C)C,0.08941387422359535,binned_cosine_1Da,75,False,predicted_spectrum,1728
CASMI2022,massformer,completed,171,171,382,CASMI_MOL_1196968,CASMI_MOL_936494,936494,Cc1ccccc1CNC(=O)C1N(C(=O)C(O)C(Cc2ccccc2)NC(=O)Nc2cccc(C(F)(F)F)c2F)CSC1(C)C,0.08941387422359535,binned_cosine_1Da,76,False,predicted_spectrum,1728
CASMI2022,massformer,completed,171,171,382,CASMI_MOL_1196968,CASMI_MOL_936472,936472,CC(=O)OCC1OC(Oc2ccc(OCC(COCc3ccccc3)OC(C)=O)cc2)C(OC(C)=O)C(OC(C)=O)C1OC(C)=O,0.08910641290086095,binned_cosine_1Da,77,False,predicted_spectrum,1728
CASMI2022,massformer,completed,171,171,382,CASMI_MOL_1196968,CASMI_MOL_935745,935745,NS(=O)(=O)c1cccc(-c2cccc(CC(NC(=O)C3CCC(CNC(=O)O)CC3)C(=O)Nc3ccc(-c4nn[nH]n4)cc3)c2)c1,0.08878774355599846,binned_cosine_1Da,78,False,predicted_spectrum,1728
CASMI2022,massformer,completed,171,171,382,CASMI_MOL_1196968,CASMI_MOL_936101,936101,CCCN(CCCCN1CCCCCC1=O)C(C)Cc1ccc(OS(=O)(=O)c2ccc(S(=O)(=O)c3ccccc3)s2)cc1,0.08847951367426625,binned_cosine_1Da,79,False,predicted_spectrum,1728
CASMI2022,massformer,completed,171,171,382,CASMI_MOL_1196968,CASMI_MOL_936404,936404,CCCCCCCCCCCCCCNC(=O)c1cc(OC)c(OC)c(OC)c1S(=O)(=O)Nc1cc(Cl)c(O)c(Cl)c1,0.08683560880994061,binned_cosine_1Da,80,False,predicted_spectrum,1728
CASMI2022,massformer,completed,171,171,382,CASMI_MOL_1196968,CASMI_MOL_936178,936178,COCC1CNc2c(cc(CCC(=O)O)cc2S(=O)(=O)NC(Cc2nc3ccccc3s2)C(=O)N2CCC(CCF)CC2)C1,0.0866247424561523,binned_cosine_1Da,81,False,predicted_spectrum,1728
CASMI2022,massformer,completed,171,171,382,CASMI_MOL_1196968,CASMI_MOL_936179,936179,COCC1CNc2c(cc(CCC(=O)O)cc2S(=O)(=O)NC(Cc2nc3ccccc3s2)C(=O)N2CCC(CCF)CC2)C1,0.0866247424561523,binned_cosine_1Da,82,False,predicted_spectrum,1728
CASMI2022,massformer,completed,171,171,382,CASMI_MOL_1196968,CASMI_MOL_936180,936180,COCC1CNc2c(cc(CCC(=O)O)cc2S(=O)(=O)NC(Cc2nc3ccccc3s2)C(=O)N2CCC(CCF)CC2)C1,0.0866247424561523,binned_cosine_1Da,83,False,predicted_spectrum,1728
CASMI2022,massformer,completed,171,171,382,CASMI_MOL_1196968,CASMI_MOL_935333,935333,CC(=Nc1c(Cl)ccc(CNC(=O)C(C)(C)C)c1Cl)N(C)c1cc(OCC(F)F)c(C(=O)NCCc2ccccc2)cc1C,0.08586078569644964,binned_cosine_1Da,84,False,predicted_spectrum,1728
CASMI2022,massformer,completed,171,171,382,CASMI_MOL_1196968,CASMI_MOL_936488,936488,COc1cc(NS(=O)(=O)c2ccc(NC(=O)C3OC4OC5(CCCCC5)OC4C4OC5(CCCCC5)OC34)cc2)nc(OC)n1,0.08522778253861407,binned_cosine_1Da,85,False,predicted_spectrum,1728
CASMI2022,massformer,completed,171,171,382,CASMI_MOL_1196968,CASMI_MOL_936405,936405,CCOCCOc1ccc(C)cc1OS(=O)Nc1ccc(NC(=O)C(C(=O)C2(C)CC2)n2c(O)c(OC)n(C)c2=O)c(OC)c1,0.08457073315347835,binned_cosine_1Da,86,False,predicted_spectrum,1728
CASMI2022,massformer,completed,171,171,382,CASMI_MOL_1196968,CASMI_MOL_934927,934927,CC(C)CC(OC(=O)NC(Cc1cccc(Cl)c1)c1cccc(Cl)c1)C(O)N=C(Cc1cc[nH]c1O)C(O)C(O)NC1CC1,0.08431316608375221,binned_cosine_1Da,87,False,predicted_spectrum,1728
CASMI2022,massformer,completed,171,171,382,CASMI_MOL_1196968,CASMI_MOL_935097,935097,COC(=O)CC1COc2cc(OC3CCc4c(-c5c(C)cc(OCC(C)(C)S(C)(=O)=O)cc5C)cc(C(F)(F)F)cc43)ccc21,0.0842581093532978,binned_cosine_1Da,88,False,predicted_spectrum,1728
CASMI2022,massformer,completed,171,171,382,CASMI_MOL_1196968,CASMI_MOL_935809,935809,COC(=O)CC1COc2cc(OC3CCc4c(-c5c(C)cc(OCC(C)(C)S(C)(=O)=O)cc5C)cc(C(F)(F)F)cc43)ccc21,0.0842581093532978,binned_cosine_1Da,89,False,predicted_spectrum,1728
CASMI2022,massformer,completed,171,171,382,CASMI_MOL_1196968,CASMI_MOL_936022,936022,COC(=O)CC1COc2cc(OC3CCc4c(-c5c(C)cc(OCC(C)(C)S(C)(=O)=O)cc5C)cc(C(F)(F)F)cc43)ccc21,0.0842581093532978,binned_cosine_1Da,90,False,predicted_spectrum,1728
CASMI2022,massformer,completed,171,171,382,CASMI_MOL_1196968,CASMI_MOL_935977,935977,CC(NC(=O)CCCC=CCC1C(O)CC(O)C1C=CC(O)COc1cccc(Cl)c1)C(=O)Oc1ccc(CO[N+](=O)[O-])cc1,0.0839294728432755,binned_cosine_1Da,91,False,predicted_spectrum,1728
CASMI2022,massformer,completed,171,171,382,CASMI_MOL_1196968,CASMI_MOL_936530,936530,CC(NC(=O)CCCC=CCC1C(O)CC(O)C1C=CC(O)COc1cccc(Cl)c1)C(=O)Oc1ccc(CO[N+](=O)[O-])cc1,0.0839294728432755,binned_cosine_1Da,92,False,predicted_spectrum,1728
CASMI2022,massformer,completed,171,171,382,CASMI_MOL_1196968,CASMI_MOL_935990,935990,CC(NC(=O)CCCC=CCC1C(O)CC(O)C1C=CC(O)COc1cccc(Cl)c1)C(=O)Oc1cccc(CO[N+](=O)[O-])c1,0.08390587042546421,binned_cosine_1Da,93,False,predicted_spectrum,1728
CASMI2022,massformer,completed,171,171,382,CASMI_MOL_1196968,CASMI_MOL_936525,936525,CC(NC(=O)CCCC=CCC1C(O)CC(O)C1C=CC(O)COc1cccc(Cl)c1)C(=O)Oc1cccc(CO[N+](=O)[O-])c1,0.08390587042546421,binned_cosine_1Da,94,False,predicted_spectrum,1728
CASMI2022,massformer,completed,171,171,382,CASMI_MOL_1196968,CASMI_MOL_936255,936255,CCS(=O)(=O)CCN(C(=O)Cc1ccc(F)c(C(F)(F)F)c1)C(C)c1nc2c(c(=O)n1-c1ccc(C#N)cc1)CCC(C)(C)C2,0.08344240099709804,binned_cosine_1Da,95,False,predicted_spectrum,1728
CASMI2022,massformer,completed,171,171,382,CASMI_MOL_1196968,CASMI_MOL_935981,935981,CC(NC(=O)CCCC=CCC1C(O)CC(O)C1C=CC(O)COc1cccc(Cl)c1)C(=O)Oc1ccccc1CO[N+](=O)[O-],0.0832417687862361,binned_cosine_1Da,96,False,predicted_spectrum,1728
CASMI2022,massformer,completed,171,171,382,CASMI_MOL_1196968,CASMI_MOL_936526,936526,CC(NC(=O)CCCC=CCC1C(O)CC(O)C1C=CC(O)COc1cccc(Cl)c1)C(=O)Oc1ccccc1CO[N+](=O)[O-],0.0832417687862361,binned_cosine_1Da,97,False,predicted_spectrum,1728
CASMI2022,massformer,completed,171,171,382,CASMI_MOL_1196968,CASMI_MOL_936167,936167,CC(=O)OCC1OC(Oc2ccc(OCCC(OCc3ccccc3)OC(C)=O)cc2)C(OC(C)=O)C(OC(C)=O)C1OC(C)=O,0.0829086845117441,binned_cosine_1Da,98,False,predicted_spectrum,1728
CASMI2022,massformer,completed,171,171,382,CASMI_MOL_1196968,CASMI_MOL_935028,935028,CCc1c(F)c(C2=CC(F)C(C)(NS(=O)(=O)c3ccccc3Cl)NC2=O)cc2cnc(NCC3CCC(N(C)C)CC3)nc12,0.08127125791949835,binned_cosine_1Da,99,False,predicted_spectrum,1728
CASMI2022,massformer,completed,171,171,382,CASMI_MOL_1196968,CASMI_MOL_936288,936288,Cc1ccccc1CNC(=O)C1N(C(=O)C(O)C(Cc2ccccc2)NC(=O)Nc2ccc(F)c(C(F)(F)F)c2)CSC1(C)C,0.08059624766836274,binned_cosine_1Da,100,False,predicted_spectrum,1728
CASMI2022,massformer,completed,171,171,382,CASMI_MOL_1196968,CASMI_MOL_1196968,1196968,COc1ccc(-c2oc3c(CC=C(C)C)c(O)cc(O)c3c(=O)c2OC2OC(C)C(O)C(O)C2OC2OCC(O)C(O)C2O)cc1,0.010973357705351298,binned_cosine_1Da,1130,True,predicted_spectrum,1728
CASMI2022,massformer,completed,172,172,383,CASMI_MOL_1196879,CASMI_MOL_463803,463803,C=C(CC=CCCCCCCCC(=O)OC)CC1(O)CCCCC1,0.6599269158805862,binned_cosine_1Da,1,False,predicted_spectrum,1959
CASMI2022,massformer,completed,172,172,383,CASMI_MOL_1196879,CASMI_MOL_463324,463324,CCC(C)(C)CC(C(=O)OC12CC3CC(CC(O)(C3)C1)C2)C(C)C,0.6583897599883097,binned_cosine_1Da,2,False,predicted_spectrum,1959
CASMI2022,massformer,completed,172,172,383,CASMI_MOL_1196879,CASMI_MOL_463470,463470,CCCCCC(=O)CCC1C(O)CC(=O)C1CC=CCC(C)CC,0.658137293274448,binned_cosine_1Da,3,False,predicted_spectrum,1959
CASMI2022,massformer,completed,172,172,383,CASMI_MOL_1196879,CASMI_MOL_463742,463742,CCCCCC(=O)CCC1C(O)CC(=O)C1CC=CCC(C)CC,0.658137293274448,binned_cosine_1Da,4,False,predicted_spectrum,1959
CASMI2022,massformer,completed,172,172,383,CASMI_MOL_1196879,CASMI_MOL_462152,462152,C=C1OC(=O)C(=CCCCCCCCCCCCCCCC)C1O,0.6553557594596426,binned_cosine_1Da,5,False,predicted_spectrum,1959
CASMI2022,massformer,completed,172,172,383,CASMI_MOL_1196879,CASMI_MOL_463292,463292,C=C1OC(=O)C(=CCCCCCCCCCCCCCCC)C1O,0.6553557594596426,binned_cosine_1Da,6,False,predicted_spectrum,1959
CASMI2022,massformer,completed,172,172,383,CASMI_MOL_1196879,CASMI_MOL_463637,463637,C=C1OC(=O)C(=CCCCCCCCCCCCCCCC)C1O,0.6553557594596426,binned_cosine_1Da,7,False,predicted_spectrum,1959
CASMI2022,massformer,completed,172,172,383,CASMI_MOL_1196879,CASMI_MOL_463638,463638,C=C1OC(=O)C(=CCCCCCCCCCCCCCCC)C1O,0.6553557594596426,binned_cosine_1Da,8,False,predicted_spectrum,1959
CASMI2022,massformer,completed,172,172,383,CASMI_MOL_1196879,CASMI_MOL_463649,463649,C=C1OC(=O)C(=CCCCCCCCCCCCCCCC)C1O,0.6553557594596426,binned_cosine_1Da,9,False,predicted_spectrum,1959
CASMI2022,massformer,completed,172,172,383,CASMI_MOL_1196879,CASMI_MOL_463796,463796,C=C1OC(=O)C(=CCCCCCCCCCCCCCCC)C1O,0.6553557594596426,binned_cosine_1Da,10,False,predicted_spectrum,1959
CASMI2022,massformer,completed,172,172,383,CASMI_MOL_1196879,CASMI_MOL_463471,463471,CCCCC=CCC1C(=O)CC(O)C1CCC(=O)CC(C)CCC,0.6549096470188617,binned_cosine_1Da,11,False,predicted_spectrum,1959
CASMI2022,massformer,completed,172,172,383,CASMI_MOL_1196879,CASMI_MOL_463743,463743,CCCCC=CCC1C(=O)CC(O)C1CCC(=O)CC(C)CCC,0.6549096470188617,binned_cosine_1Da,12,False,predicted_spectrum,1959
CASMI2022,massformer,completed,172,172,383,CASMI_MOL_1196879,CASMI_MOL_463642,463642,CCCCC(CCCC)c1c(O)cc(C(O)C(C)CCC)cc1O,0.6546080443744675,binned_cosine_1Da,13,False,predicted_spectrum,1959
CASMI2022,massformer,completed,172,172,383,CASMI_MOL_1196879,CASMI_MOL_463021,463021,CCCCCCCCCCC1CC(O)OC2=C1C(=O)CC(C)(C)C2,0.6536194096200589,binned_cosine_1Da,14,False,predicted_spectrum,1959
CASMI2022,massformer,completed,172,172,383,CASMI_MOL_1196879,CASMI_MOL_462072,462072,CCCC(=O)C=C(C)CCC1C(C)C(=O)CC(C)(C(O)CC)C1C,0.652624962505256,binned_cosine_1Da,15,False,predicted_spectrum,1959
CASMI2022,massformer,completed,172,172,383,CASMI_MOL_1196879,CASMI_MOL_463538,463538,CCCCC(C)C(=O)C=CC1CCC(=O)C1CCCCCCCO,0.6512903674516409,binned_cosine_1Da,16,False,predicted_spectrum,1959
CASMI2022,massformer,completed,172,172,383,CASMI_MOL_1196879,CASMI_MOL_463746,463746,CCCCC(C)C(=O)C=CC1CCC(=O)C1CCCCCCCO,0.6512903674516409,binned_cosine_1Da,17,False,predicted_spectrum,1959
CASMI2022,massformer,completed,172,172,383,CASMI_MOL_1196879,CASMI_MOL_462105,462105,C=C1CC(O)C2C(C)(C)CCCC2(C)C1CCC(C)CC(=O)OC,0.6508319409498865,binned_cosine_1Da,18,False,predicted_spectrum,1959
CASMI2022,massformer,completed,172,172,383,CASMI_MOL_1196879,CASMI_MOL_462106,462106,C=C1CC(O)C2C(C)(C)CCCC2(C)C1CCC(C)CC(=O)OC,0.6508319409498865,binned_cosine_1Da,19,False,predicted_spectrum,1959
CASMI2022,massformer,completed,172,172,383,CASMI_MOL_1196879,CASMI_MOL_463495,463495,CC(C)(C)CC(C(=O)OC12CC3CC(CC(O)(C3)C1)C2)C(C)(C)C,0.6505804989581705,binned_cosine_1Da,20,False,predicted_spectrum,1959
CASMI2022,massformer,completed,172,172,383,CASMI_MOL_1196879,CASMI_MOL_462369,462369,CCCCCCCCCCC=CC1(CCCCC)CC(=O)OC1=O,0.6501801760709036,binned_cosine_1Da,21,False,predicted_spectrum,1959
CASMI2022,massformer,completed,172,172,383,CASMI_MOL_1196879,CASMI_MOL_463332,463332,CC(C)C(C)(CC(C)(C)C)C(=O)OC12CC3CC(CC(O)(C3)C1)C2,0.6493033149837851,binned_cosine_1Da,22,False,predicted_spectrum,1959
CASMI2022,massformer,completed,172,172,383,CASMI_MOL_1196879,CASMI_MOL_462228,462228,CCCCC(C)(CC=CC1CCC(=O)C1)C(CCC)CCC(=O)O,0.6488111601316736,binned_cosine_1Da,23,False,predicted_spectrum,1959
CASMI2022,massformer,completed,172,172,383,CASMI_MOL_1196879,CASMI_MOL_463329,463329,CCC(C)C(C)(CC(C)C)C(=O)OC12CC3CC(CC(O)(C3)C1)C2,0.6486904489874696,binned_cosine_1Da,24,False,predicted_spectrum,1959
CASMI2022,massformer,completed,172,172,383,CASMI_MOL_1196879,CASMI_MOL_463421,463421,CC(C)CC(C)(C(=O)OC12CC3CC(CC(O)(C3)C1)C2)C(C)(C)C,0.6485855040938413,binned_cosine_1Da,25,False,predicted_spectrum,1959
CASMI2022,massformer,completed,172,172,383,CASMI_MOL_1196879,CASMI_MOL_462351,462351,C=CC1CC2(C)C(C)C(C(C)C)CC1(CO)C2(CC(C)C)C(=O)O,0.6470252257691286,binned_cosine_1Da,26,False,predicted_spectrum,1959
CASMI2022,massformer,completed,172,172,383,CASMI_MOL_1196879,CASMI_MOL_463622,463622,CCCCCCCC=CC1CCC(=O)C1CCCCCCC(=O)O,0.6469218573379915,binned_cosine_1Da,27,False,predicted_spectrum,1959
CASMI2022,massformer,completed,172,172,383,CASMI_MOL_1196879,CASMI_MOL_462486,462486,C=C1OC(=O)C(CCCCCCCCCCC=CCCCC)C1O,0.6468909639708313,binned_cosine_1Da,28,False,predicted_spectrum,1959
CASMI2022,massformer,completed,172,172,383,CASMI_MOL_1196879,CASMI_MOL_463692,463692,CCCCCCC=CC1CCC(=O)C1CCCCCC(C)C(=O)O,0.6467253550918661,binned_cosine_1Da,29,False,predicted_spectrum,1959
CASMI2022,massformer,completed,172,172,383,CASMI_MOL_1196879,CASMI_MOL_463168,463168,CCC(C)(CC(C)(C)C)C(=O)OC12CC3CC(C)(CC(O)(C3)C1)C2,0.6465324125523104,binned_cosine_1Da,30,False,predicted_spectrum,1959
CASMI2022,massformer,completed,172,172,383,CASMI_MOL_1196879,CASMI_MOL_463509,463509,CCC(C)C(=O)OCC12CC3CC(C1)CC(C(O)(CC)CC)(C3)C2,0.6464635866285232,binned_cosine_1Da,31,False,predicted_spectrum,1959
CASMI2022,massformer,completed,172,172,383,CASMI_MOL_1196879,CASMI_MOL_463154,463154,C=C1C(O)CC(C(=O)C=CCCCC(C)CCCC(C)C)CC1O,0.6462437575251851,binned_cosine_1Da,32,False,predicted_spectrum,1959
CASMI2022,massformer,completed,172,172,383,CASMI_MOL_1196879,CASMI_MOL_463239,463239,C=C1C(O)CC(C(=O)C=CCCCC(C)CCCC(C)C)CC1O,0.6462437575251851,binned_cosine_1Da,33,False,predicted_spectrum,1959
CASMI2022,massformer,completed,172,172,383,CASMI_MOL_1196879,CASMI_MOL_462077,462077,CCCC(C)(CC(C)(C)C)C(=O)OC12CC3CC3(CC(C)(O)C1)C2,0.6462135616750746,binned_cosine_1Da,34,False,predicted_spectrum,1959
CASMI2022,massformer,completed,172,172,383,CASMI_MOL_1196879,CASMI_MOL_463561,463561,CCCCCCCCC1CCC(=O)C1CCCCCC(=C=O)CO,0.6455597682777967,binned_cosine_1Da,35,False,predicted_spectrum,1959
CASMI2022,massformer,completed,172,172,383,CASMI_MOL_1196879,CASMI_MOL_463549,463549,CCCCCCCCC1CCC(=O)C1CCCC=CCC(=O)CO,0.6451648035249824,binned_cosine_1Da,36,False,predicted_spectrum,1959
CASMI2022,massformer,completed,172,172,383,CASMI_MOL_1196879,CASMI_MOL_462573,462573,COC(=O)C1CCCCCCC2CC(=O)CC(CC(C)(C)C)CC21,0.6448467934309862,binned_cosine_1Da,37,False,predicted_spectrum,1959
CASMI2022,massformer,completed,172,172,383,CASMI_MOL_1196879,CASMI_MOL_463679,463679,CCCCCCCCCCCCCCc1cc(O)c(CO)cc1O,0.6443254796666783,binned_cosine_1Da,38,False,predicted_spectrum,1959
CASMI2022,massformer,completed,172,172,383,CASMI_MOL_1196879,CASMI_MOL_463035,463035,CCCCC1(C=C(C)C)CC(=O)CCC1CCC(=O)OC(C)(C)C,0.6441629412405393,binned_cosine_1Da,39,False,predicted_spectrum,1959
CASMI2022,massformer,completed,172,172,383,CASMI_MOL_1196879,CASMI_MOL_462334,462334,CCCCCCC=CC1C(C)CC(=O)C1CCCCCCC(=O)O,0.6441526006801198,binned_cosine_1Da,40,False,predicted_spectrum,1959
CASMI2022,massformer,completed,172,172,383,CASMI_MOL_1196879,CASMI_MOL_463170,463170,CCCCCCC=CC1CCC(=O)C1CC(C)CCCCC(=O)O,0.6438870653798802,binned_cosine_1Da,41,False,predicted_spectrum,1959
CASMI2022,massformer,completed,172,172,383,CASMI_MOL_1196879,CASMI_MOL_463493,463493,CCCC=CCCC1C(=O)CC(O)C1C=CCC(C)(O)CCCC,0.6432561627817113,binned_cosine_1Da,42,False,predicted_spectrum,1959
CASMI2022,massformer,completed,172,172,383,CASMI_MOL_1196879,CASMI_MOL_463028,463028,CCCCCCC=CCC1C(C=CCCCCCC)OC(=O)C1O,0.6431248785356023,binned_cosine_1Da,43,False,predicted_spectrum,1959
CASMI2022,massformer,completed,172,172,383,CASMI_MOL_1196879,CASMI_MOL_463029,463029,CCCCCCC=CCC1C(C=CCCCCCC)OC(=O)C1O,0.6431248785356023,binned_cosine_1Da,44,False,predicted_spectrum,1959
CASMI2022,massformer,completed,172,172,383,CASMI_MOL_1196879,CASMI_MOL_462366,462366,CCCCCC=CCC(=CCCCCCCCCC(=O)O)C(C)=O,0.6427663539770343,binned_cosine_1Da,45,False,predicted_spectrum,1959
CASMI2022,massformer,completed,172,172,383,CASMI_MOL_1196879,CASMI_MOL_462110,462110,CC(CCC1(C)C(C)CCC2(C)C(CO)=CCCC21C)CC(=O)O,0.6426866873652215,binned_cosine_1Da,46,False,predicted_spectrum,1959
CASMI2022,massformer,completed,172,172,383,CASMI_MOL_1196879,CASMI_MOL_462111,462111,CC(CCC1(C)C(C)CCC2(C)C(CO)=CCCC21C)CC(=O)O,0.6426866873652215,binned_cosine_1Da,47,False,predicted_spectrum,1959
CASMI2022,massformer,completed,172,172,383,CASMI_MOL_1196879,CASMI_MOL_462112,462112,C=C1C(O)CC2C(C)(C)CCCC2(C)C1CCC(C)CC(=O)OC,0.6422884399241612,binned_cosine_1Da,48,False,predicted_spectrum,1959
CASMI2022,massformer,completed,172,172,383,CASMI_MOL_1196879,CASMI_MOL_462113,462113,C=C1C(O)CC2C(C)(C)CCCC2(C)C1CCC(C)CC(=O)OC,0.6422884399241612,binned_cosine_1Da,49,False,predicted_spectrum,1959
CASMI2022,massformer,completed,172,172,383,CASMI_MOL_1196879,CASMI_MOL_462114,462114,C=C1C(O)CC2C(C)(C)CCCC2(C)C1CCC(C)CC(=O)OC,0.6422884399241612,binned_cosine_1Da,50,False,predicted_spectrum,1959
CASMI2022,massformer,completed,172,172,383,CASMI_MOL_1196879,CASMI_MOL_463322,463322,CCC(C)(C)C(C)(CC(C)C)C(=O)OC12CC3CC(C1)C(O)(C3)C2,0.6421493912299615,binned_cosine_1Da,51,False,predicted_spectrum,1959
CASMI2022,massformer,completed,172,172,383,CASMI_MOL_1196879,CASMI_MOL_462464,462464,CCCCCC1CC(O)C(CC=C(C)CCC=C(C)C)C(=O)C1O,0.6420950818906802,binned_cosine_1Da,52,False,predicted_spectrum,1959
CASMI2022,massformer,completed,172,172,383,CASMI_MOL_1196879,CASMI_MOL_463207,463207,CCCCCCC(=O)OC(C)(C=CC1CCC(=O)C1)CCCCC,0.64151209828529,binned_cosine_1Da,53,False,predicted_spectrum,1959
CASMI2022,massformer,completed,172,172,383,CASMI_MOL_1196879,CASMI_MOL_463531,463531,CCCCCCC(=O)OC(C)(C=CC1CCC(=O)C1)CCCCC,0.64151209828529,binned_cosine_1Da,54,False,predicted_spectrum,1959
CASMI2022,massformer,completed,172,172,383,CASMI_MOL_1196879,CASMI_MOL_462583,462583,CC(C)(C)CC(C)(C(=O)OC12CC3CC1CC(O)(C3)C2)C(C)(C)C,0.641079116509783,binned_cosine_1Da,55,False,predicted_spectrum,1959
CASMI2022,massformer,completed,172,172,383,CASMI_MOL_1196879,CASMI_MOL_463597,463597,CCCCCCCCC1CCC(=O)C1CCCC=CCC(=O)OC,0.6409245762819862,binned_cosine_1Da,56,False,predicted_spectrum,1959
CASMI2022,massformer,completed,172,172,383,CASMI_MOL_1196879,CASMI_MOL_462227,462227,C=CCCCCC1C(=O)CC(O)C1C=CC(O)CC(C)CCCC,0.6405283420121366,binned_cosine_1Da,57,False,predicted_spectrum,1959
CASMI2022,massformer,completed,172,172,383,CASMI_MOL_1196879,CASMI_MOL_462131,462131,C=C1CCC2C(C)(C(=O)O)CCCC2(C)C1CCC(C)CCOC,0.6404769258551093,binned_cosine_1Da,58,False,predicted_spectrum,1959
CASMI2022,massformer,completed,172,172,383,CASMI_MOL_1196879,CASMI_MOL_462132,462132,C=C1CCC2C(C)(C(=O)O)CCCC2(C)C1CCC(C)CCOC,0.6404769258551093,binned_cosine_1Da,59,False,predicted_spectrum,1959
CASMI2022,massformer,completed,172,172,383,CASMI_MOL_1196879,CASMI_MOL_463046,463046,C=C1CCC2C(C)(C(=O)O)CCCC2(C)C1CCC(C)CCOC,0.6404769258551093,binned_cosine_1Da,60,False,predicted_spectrum,1959
CASMI2022,massformer,completed,172,172,383,CASMI_MOL_1196879,CASMI_MOL_463062,463062,C=C1C(=CC=CCCCC(C)CCCC(C)(C)O)CC(O)CC1O,0.6402799775358377,binned_cosine_1Da,61,False,predicted_spectrum,1959
CASMI2022,massformer,completed,172,172,383,CASMI_MOL_1196879,CASMI_MOL_463158,463158,C=C1C(=CC=CCCCC(C)CCCC(C)(C)O)CC(O)CC1O,0.6402799775358377,binned_cosine_1Da,62,False,predicted_spectrum,1959
CASMI2022,massformer,completed,172,172,383,CASMI_MOL_1196879,CASMI_MOL_463866,463866,C=C1C(=CC=CCCCC(C)CCCC(C)(C)O)CC(O)CC1O,0.6402799775358377,binned_cosine_1Da,63,False,predicted_spectrum,1959
CASMI2022,massformer,completed,172,172,383,CASMI_MOL_1196879,CASMI_MOL_463871,463871,C=C1C(=CC=CCCCC(C)CCCC(C)(C)O)CC(O)CC1O,0.6402799775358377,binned_cosine_1Da,64,False,predicted_spectrum,1959
CASMI2022,massformer,completed,172,172,383,CASMI_MOL_1196879,CASMI_MOL_462644,462644,C=C1C(O)CC(=CC=CCCCC(C)CCCC(C)(C)O)CC1O,0.6397573017605621,binned_cosine_1Da,65,False,predicted_spectrum,1959
CASMI2022,massformer,completed,172,172,383,CASMI_MOL_1196879,CASMI_MOL_463147,463147,C=C1C(O)CC(=CC=CCCCC(C)CCCC(C)(C)O)CC1O,0.6397573017605621,binned_cosine_1Da,66,False,predicted_spectrum,1959
CASMI2022,massformer,completed,172,172,383,CASMI_MOL_1196879,CASMI_MOL_463794,463794,C=C1C(O)CC(=CC=CCCCC(C)CCCC(C)(C)O)CC1O,0.6397573017605621,binned_cosine_1Da,67,False,predicted_spectrum,1959
CASMI2022,massformer,completed,172,172,383,CASMI_MOL_1196879,CASMI_MOL_463910,463910,C=C1C(=CC=CCCCC(C)(C)CCCC(C)O)CC(O)CC1O,0.639585559304136,binned_cosine_1Da,68,False,predicted_spectrum,1959
CASMI2022,massformer,completed,172,172,383,CASMI_MOL_1196879,CASMI_MOL_462247,462247,CC(C)(C)C(=O)C1CCC(CC2C(=O)C(C(C)(C)C)CC2O)CC1,0.6395075684478047,binned_cosine_1Da,69,False,predicted_spectrum,1959
CASMI2022,massformer,completed,172,172,383,CASMI_MOL_1196879,CASMI_MOL_463708,463708,CCCCCCC1CCCCCCCC=CCC(=O)CCC(=O)O1,0.6393897857133736,binned_cosine_1Da,70,False,predicted_spectrum,1959
CASMI2022,massformer,completed,172,172,383,CASMI_MOL_1196879,CASMI_MOL_462140,462140,C=CCCCCCCCCCCCCC=CC1C(=O)OC(C)C1O,0.6385065697001628,binned_cosine_1Da,71,False,predicted_spectrum,1959
CASMI2022,massformer,completed,172,172,383,CASMI_MOL_1196879,CASMI_MOL_462141,462141,C=CCCCCCCCCCCCCC=CC1C(=O)OC(C)C1O,0.6385065697001628,binned_cosine_1Da,72,False,predicted_spectrum,1959
CASMI2022,massformer,completed,172,172,383,CASMI_MOL_1196879,CASMI_MOL_462175,462175,C=CCCCCCCCCCCCCC=CC1C(=O)OC(C)C1O,0.6385065697001628,binned_cosine_1Da,73,False,predicted_spectrum,1959
CASMI2022,massformer,completed,172,172,383,CASMI_MOL_1196879,CASMI_MOL_463042,463042,C=CCCCCCCCCCCCCC=CC1C(=O)OC(C)C1O,0.6385065697001628,binned_cosine_1Da,74,False,predicted_spectrum,1959
CASMI2022,massformer,completed,172,172,383,CASMI_MOL_1196879,CASMI_MOL_463142,463142,C=CCCCCCCCCCCCCC=CC1C(=O)OC(C)C1O,0.6385065697001628,binned_cosine_1Da,75,False,predicted_spectrum,1959
CASMI2022,massformer,completed,172,172,383,CASMI_MOL_1196879,CASMI_MOL_463933,463933,C=CCCCCCCCCCCCCC=CC1C(=O)OC(C)C1O,0.6385065697001628,binned_cosine_1Da,76,False,predicted_spectrum,1959
CASMI2022,massformer,completed,172,172,383,CASMI_MOL_1196879,CASMI_MOL_462222,462222,CCCCCC=CCC=CCCCCCCC(CC(C)=O)C(=O)O,0.6384478206580745,binned_cosine_1Da,77,False,predicted_spectrum,1959
CASMI2022,massformer,completed,172,172,383,CASMI_MOL_1196879,CASMI_MOL_463932,463932,CCCCC=CC=CCC(=O)CCCCCCCCCCC(=O)O,0.6380779074942725,binned_cosine_1Da,78,False,predicted_spectrum,1959
CASMI2022,massformer,completed,172,172,383,CASMI_MOL_1196879,CASMI_MOL_462107,462107,COC(=O)CC(C)CCC1(C)C(C)CC=C2C1CCCC2(C)CO,0.6373245385354083,binned_cosine_1Da,79,False,predicted_spectrum,1959
CASMI2022,massformer,completed,172,172,383,CASMI_MOL_1196879,CASMI_MOL_462108,462108,COC(=O)CC(C)CCC1(C)C(C)CC=C2C1CCCC2(C)CO,0.6373245385354083,binned_cosine_1Da,80,False,predicted_spectrum,1959
CASMI2022,massformer,completed,172,172,383,CASMI_MOL_1196879,CASMI_MOL_463510,463510,CCC(C)C(=O)OC(C)(C)C12CC3CC(CC(C(C)(C)O)(C3)C1)C2,0.63706165400814,binned_cosine_1Da,81,False,predicted_spectrum,1959
CASMI2022,massformer,completed,172,172,383,CASMI_MOL_1196879,CASMI_MOL_462069,462069,C=CCCCCCCCCCCCCC=CC1CC(CO)OC1=O,0.6367140485360737,binned_cosine_1Da,82,False,predicted_spectrum,1959
CASMI2022,massformer,completed,172,172,383,CASMI_MOL_1196879,CASMI_MOL_462595,462595,CC(C)CC(=O)OC(C)(C)C12CC3CC(CC(C(C)(C)O)(C3)C1)C2,0.6366419406197977,binned_cosine_1Da,83,False,predicted_spectrum,1959
CASMI2022,massformer,completed,172,172,383,CASMI_MOL_1196879,CASMI_MOL_462207,462207,CCCCCCCCCCCCCCCC=CCC1C(=O)OC1=O,0.6363665747622416,binned_cosine_1Da,84,False,predicted_spectrum,1959
CASMI2022,massformer,completed,172,172,383,CASMI_MOL_1196879,CASMI_MOL_462209,462209,CCCCCCCCCCCCCCCC=CCC1C(=O)OC1=O,0.6363665747622416,binned_cosine_1Da,85,False,predicted_spectrum,1959
CASMI2022,massformer,completed,172,172,383,CASMI_MOL_1196879,CASMI_MOL_463057,463057,CCCCC(CC)CC(C)=CC1(CC)CC2(CC)OC(=O)CC2O1,0.6362833631833699,binned_cosine_1Da,86,False,predicted_spectrum,1959
CASMI2022,massformer,completed,172,172,383,CASMI_MOL_1196879,CASMI_MOL_463058,463058,CCCCC(CC)CC(C)=CC1(CC)CC2(CC)OC(=O)CC2O1,0.6362833631833699,binned_cosine_1Da,87,False,predicted_spectrum,1959
CASMI2022,massformer,completed,172,172,383,CASMI_MOL_1196879,CASMI_MOL_463591,463591,CCOC(=O)CC1(O)C=C(CC(CC)CCC=C(C)CC)CCC1,0.6362253483869875,binned_cosine_1Da,88,False,predicted_spectrum,1959
CASMI2022,massformer,completed,172,172,383,CASMI_MOL_1196879,CASMI_MOL_463721,463721,CCOC(=O)CC1(O)C=C(CC(CC)CCC=C(C)CC)CCC1,0.6362253483869875,binned_cosine_1Da,89,False,predicted_spectrum,1959
CASMI2022,massformer,completed,172,172,383,CASMI_MOL_1196879,CASMI_MOL_462082,462082,CCCCC1C(C)(C2CCC(=O)C2)CCC2(O)CC(O)CCC12C,0.6361451973683732,binned_cosine_1Da,90,False,predicted_spectrum,1959
CASMI2022,massformer,completed,172,172,383,CASMI_MOL_1196879,CASMI_MOL_462345,462345,CCCCCCCCC1CCC(=O)C1=CCCCCCC(=O)OC,0.6361342680123542,binned_cosine_1Da,91,False,predicted_spectrum,1959
CASMI2022,massformer,completed,172,172,383,CASMI_MOL_1196879,CASMI_MOL_463469,463469,CC(C)(O)C=CCC(C)(C)CCCC=CC=C1CC(O)CC(O)C1,0.6360518429096231,binned_cosine_1Da,92,False,predicted_spectrum,1959
CASMI2022,massformer,completed,172,172,383,CASMI_MOL_1196879,CASMI_MOL_463475,463475,CC(C)(O)C=CCC(C)(C)CCCC=CC=C1CC(O)CC(O)C1,0.6360518429096231,binned_cosine_1Da,93,False,predicted_spectrum,1959
CASMI2022,massformer,completed,172,172,383,CASMI_MOL_1196879,CASMI_MOL_463585,463585,CC(C)(O)C=CCC(C)(C)CCCC=CC=C1CC(O)CC(O)C1,0.6360518429096231,binned_cosine_1Da,94,False,predicted_spectrum,1959
CASMI2022,massformer,completed,172,172,383,CASMI_MOL_1196879,CASMI_MOL_463733,463733,CC(C)(O)C=CCC(C)(C)CCCC=CC=C1CC(O)CC(O)C1,0.6360518429096231,binned_cosine_1Da,95,False,predicted_spectrum,1959
CASMI2022,massformer,completed,172,172,383,CASMI_MOL_1196879,CASMI_MOL_463744,463744,CC(C)(O)C=CCC(C)(C)CCCC=CC=C1CC(O)CC(O)C1,0.6360518429096231,binned_cosine_1Da,96,False,predicted_spectrum,1959
CASMI2022,massformer,completed,172,172,383,CASMI_MOL_1196879,CASMI_MOL_463229,463229,CCCCC(C)(O)CC=CC=CCCCCC=CCCCC(=O)O,0.6356412212060178,binned_cosine_1Da,97,False,predicted_spectrum,1959
CASMI2022,massformer,completed,172,172,383,CASMI_MOL_1196879,CASMI_MOL_463289,463289,CCCCC(C)(O)CC=CC=CCCCCC=CCCCC(=O)O,0.6356412212060178,binned_cosine_1Da,98,False,predicted_spectrum,1959
CASMI2022,massformer,completed,172,172,383,CASMI_MOL_1196879,CASMI_MOL_463772,463772,CCCCC(C)(O)CC=CC=CCCCCC=CCCCC(=O)O,0.6356412212060178,binned_cosine_1Da,99,False,predicted_spectrum,1959
CASMI2022,massformer,completed,172,172,383,CASMI_MOL_1196879,CASMI_MOL_463905,463905,CCCCC(C)(O)CC=CC=CCCCCC=CCCCC(=O)O,0.6356412212060178,binned_cosine_1Da,100,False,predicted_spectrum,1959
CASMI2022,massformer,completed,172,172,383,CASMI_MOL_1196879,CASMI_MOL_1196879,1196879,CCC(C)C1C(C)=CC2C(O)C(C)CC(C)C2C1(C)C(=O)CCO,0.5891903210824738,binned_cosine_1Da,611,True,predicted_spectrum,1959
CASMI2022,massformer,completed,173,173,384,CASMI_MOL_1196969,CASMI_MOL_940097,940097,Oc1cc(C(O)NCC#CCOc2cccc(C(F)(F)F)c2)cn1-c1ccccc1,0.4777417606463013,binned_cosine_1Da,1,False,predicted_spectrum,8918
CASMI2022,massformer,completed,173,173,384,CASMI_MOL_1196969,CASMI_MOL_940710,940710,[H]c1c([H])c([H])c2c(=O)c(C(C(=O)OCC)c3c(O)oc4c([H])c([H])c([H])c([H])c4c3=O)c(O)oc2c1[H],0.47427745970114615,binned_cosine_1Da,2,False,predicted_spectrum,8918
CASMI2022,massformer,completed,173,173,384,CASMI_MOL_1196969,CASMI_MOL_941296,941296,Cc1ccc(C2=CC(=C3C(=O)OC(C)(C)OC3=O)C=C(C(C)(C)C)S2(=O)=O)cc1,0.4722573083366133,binned_cosine_1Da,3,False,predicted_spectrum,8918
CASMI2022,massformer,completed,173,173,384,CASMI_MOL_1196969,CASMI_MOL_937203,937203,COC1=CC23CCC4C(=O)OC(c5ccsc5)CC4C2C(=O)C(OC(C)=O)CC13,0.45496545534027766,binned_cosine_1Da,4,False,predicted_spectrum,8918
CASMI2022,massformer,completed,173,173,384,CASMI_MOL_1196969,CASMI_MOL_936964,936964,COC1C=C(OC2CCN(C(=O)OC(C)(C)C)CC2)C(Cl)=CC1C(=O)[N+](=O)[O-],0.4502620034250286,binned_cosine_1Da,5,False,predicted_spectrum,8918
CASMI2022,massformer,completed,173,173,384,CASMI_MOL_1196969,CASMI_MOL_936948,936948,Cc1cc(C)c(C2=C(OC(=S)C=O)C3(CCC4(CC3)OCCO4)OC2=O)c(C)c1,0.4421400363060949,binned_cosine_1Da,6,False,predicted_spectrum,8918
CASMI2022,massformer,completed,173,173,384,CASMI_MOL_1196969,CASMI_MOL_944226,944226,COc1ccc(C(NC(C)c2ccc(F)c(F)c2)c2ccc(F)c([N+](=O)[O-])c2)cc1,0.4413607953982197,binned_cosine_1Da,7,False,predicted_spectrum,8918
CASMI2022,massformer,completed,173,173,384,CASMI_MOL_1196969,CASMI_MOL_940788,940788,COc1ccc(C(NC(C)c2cc(F)c(F)c(F)c2)c2cccc([N+](=O)[O-])c2)cc1,0.4410658688323054,binned_cosine_1Da,8,False,predicted_spectrum,8918
CASMI2022,massformer,completed,173,173,384,CASMI_MOL_1196969,CASMI_MOL_944229,944229,COc1ccc(C(NC(C)c2cc(F)c(F)c(F)c2)c2cccc([N+](=O)[O-])c2)cc1,0.4410658688323054,binned_cosine_1Da,9,False,predicted_spectrum,8918
CASMI2022,massformer,completed,173,173,384,CASMI_MOL_1196969,CASMI_MOL_941021,941021,CCC(=O)C1(CC(=O)O)C(=O)C(CC(=O)O)C(O)C(CC(=O)O)(C(=O)CC)C1O,0.440821049641662,binned_cosine_1Da,10,False,predicted_spectrum,8918
CASMI2022,massformer,completed,173,173,384,CASMI_MOL_1196969,CASMI_MOL_940259,940259,C=C(C)C(=O)OCC1OC2OC(C)(CC(=O)O)OC2C2OC(C)(CC(=O)O)OC12,0.4404238472382866,binned_cosine_1Da,11,False,predicted_spectrum,8918
CASMI2022,massformer,completed,173,173,384,CASMI_MOL_1196969,CASMI_MOL_938512,938512,O=C(OCC12CC3CC(CC(O)(C3)C1)C2)c1cc(S(=O)(=O)O)c2ccccc2c1,0.4385016622622755,binned_cosine_1Da,12,False,predicted_spectrum,8918
CASMI2022,massformer,completed,173,173,384,CASMI_MOL_1196969,CASMI_MOL_936985,936985,Cc1c(OC2OC(COC(=O)CC(C)(O)CC(=O)O)CC(O)C2O)occc1=O,0.43583088821597576,binned_cosine_1Da,13,False,predicted_spectrum,8918
CASMI2022,massformer,completed,173,173,384,CASMI_MOL_1196969,CASMI_MOL_936986,936986,Cc1c(OC2OC(COC(=O)CC(C)(O)CC(=O)O)CC(O)C2O)occc1=O,0.43583088821597576,binned_cosine_1Da,14,False,predicted_spectrum,8918
CASMI2022,massformer,completed,173,173,384,CASMI_MOL_1196969,CASMI_MOL_937024,937024,Cc1c(OC2OC(COC(=O)CC(C)(O)CC(=O)O)CC(O)C2O)occc1=O,0.43583088821597576,binned_cosine_1Da,15,False,predicted_spectrum,8918
CASMI2022,massformer,completed,173,173,384,CASMI_MOL_1196969,CASMI_MOL_943792,943792,Cc1c(OC2OC(COC(=O)CC(C)(O)CC(=O)O)CC(O)C2O)occc1=O,0.43583088821597576,binned_cosine_1Da,16,False,predicted_spectrum,8918
CASMI2022,massformer,completed,173,173,384,CASMI_MOL_1196969,CASMI_MOL_943285,943285,Cc1ccc(S(=O)(=O)NCCNC(=O)c2cnn(-c3ccccc3F)c2C)cc1,0.43533745324222123,binned_cosine_1Da,17,False,predicted_spectrum,8918
CASMI2022,massformer,completed,173,173,384,CASMI_MOL_1196969,CASMI_MOL_939683,939683,COc1cc(N=Nc2ccc([N+](=O)[O-])cc2)ccc1N(CCC(=O)O)CCC(=O)O,0.4351316734056907,binned_cosine_1Da,18,False,predicted_spectrum,8918
CASMI2022,massformer,completed,173,173,384,CASMI_MOL_1196969,CASMI_MOL_937311,937311,C=CC=C(C=CCOc1ccc(-c2cc[nH]n2)nc1)SN1CCC(F)(C(=O)O)C1,0.4350919912561965,binned_cosine_1Da,19,False,predicted_spectrum,8918
CASMI2022,massformer,completed,173,173,384,CASMI_MOL_1196969,CASMI_MOL_937019,937019,CC(=O)OCC1=C2C(OC3OC(CO)C(O)C(O)C3O)OC=C(C(=O)O)C2CC1,0.4341085318971745,binned_cosine_1Da,20,False,predicted_spectrum,8918
CASMI2022,massformer,completed,173,173,384,CASMI_MOL_1196969,CASMI_MOL_943965,943965,CC(=O)OCC1=C2C(OC3OC(CO)C(O)C(O)C3O)OC=C(C(=O)O)C2CC1,0.4341085318971745,binned_cosine_1Da,21,False,predicted_spectrum,8918
CASMI2022,massformer,completed,173,173,384,CASMI_MOL_1196969,CASMI_MOL_937665,937665,CC=CC(CO)C(=NNc1ccc([N+](=O)[O-])cc1[N+](=O)[O-])c1ccc(OC)cc1O,0.4331739319522991,binned_cosine_1Da,22,False,predicted_spectrum,8918
CASMI2022,massformer,completed,173,173,384,CASMI_MOL_1196969,CASMI_MOL_941993,941993,O=C(CCCNS(=O)(=O)c1ccc(F)cc1)NCc1ccc(-n2cccn2)cc1,0.43244111266035956,binned_cosine_1Da,23,False,predicted_spectrum,8918
CASMI2022,massformer,completed,173,173,384,CASMI_MOL_1196969,CASMI_MOL_941570,941570,C=CC(=O)OC(CC(=O)OCCC(CO)(CO)CO)(OC(=O)C=C)OC(=O)C=C,0.43243010298655615,binned_cosine_1Da,24,False,predicted_spectrum,8918
CASMI2022,massformer,completed,173,173,384,CASMI_MOL_1196969,CASMI_MOL_938338,938338,COC(=O)c1ccc(CSC2NC(=O)N3NCC(c4ccc(F)cc4)C3N2)cc1,0.4318388486068939,binned_cosine_1Da,25,False,predicted_spectrum,8918
CASMI2022,massformer,completed,173,173,384,CASMI_MOL_1196969,CASMI_MOL_941885,941885,Cc1ccc(S(=O)(=O)NCCC(=O)Nc2ccc(-n3ccnc3)c(F)c2)cc1C,0.4302393003302244,binned_cosine_1Da,26,False,predicted_spectrum,8918
CASMI2022,massformer,completed,173,173,384,CASMI_MOL_1196969,CASMI_MOL_939709,939709,C=C(C)C(=O)OCCOC(=O)CC(O)(CC(=O)OCCOC(=O)C(=C)C)C(=O)O,0.42953288033774706,binned_cosine_1Da,27,False,predicted_spectrum,8918
CASMI2022,massformer,completed,173,173,384,CASMI_MOL_1196969,CASMI_MOL_941571,941571,COC(=O)C1Oc2cc(C)c(S(=O)(=O)c3ccc(C4CCCCC4)cc3)cc2O1,0.42560691738806605,binned_cosine_1Da,28,False,predicted_spectrum,8918
CASMI2022,massformer,completed,173,173,384,CASMI_MOL_1196969,CASMI_MOL_939710,939710,C=C(C)C(=O)OCCOC(=O)CC(O)(CC(=O)O)C(=O)OCCOC(=O)C(=C)C,0.42522477862046176,binned_cosine_1Da,29,False,predicted_spectrum,8918
CASMI2022,massformer,completed,173,173,384,CASMI_MOL_1196969,CASMI_MOL_937313,937313,C=CC1C(OC2OC(COC(C)=O)C(O)C(O)C2O)OC=C2C(=O)OCCC21O,0.4241678679117591,binned_cosine_1Da,30,False,predicted_spectrum,8918
CASMI2022,massformer,completed,173,173,384,CASMI_MOL_1196969,CASMI_MOL_1196969,1196969,C=CC1C(OC2OC(COC(C)=O)C(O)C(O)C2O)OC=C2C(=O)OCCC21O,0.4241678679117591,binned_cosine_1Da,31,True,predicted_spectrum,8918
CASMI2022,massformer,completed,173,173,384,CASMI_MOL_1196969,CASMI_MOL_938350,938350,COc1cc2c(N3CCN(S(=O)(=O)Cc4ccccc4)CC3)ncnc2cc1F,0.42386601847117683,binned_cosine_1Da,32,False,predicted_spectrum,8918
CASMI2022,massformer,completed,173,173,384,CASMI_MOL_1196969,CASMI_MOL_938470,938470,CC(=O)OC1OC(=O)C2OC3(OC12)C1CC2CC3CC(OC(=O)C(C)(F)F)(C2)C1,0.4224689501950641,binned_cosine_1Da,33,False,predicted_spectrum,8918
CASMI2022,massformer,completed,173,173,384,CASMI_MOL_1196969,CASMI_MOL_944990,944990,O=C(Cc1cn(-c2ccccc2)nc1-c1ccc([N+](=O)[O-])cc1)Nc1ccccc1F,0.42237609438367574,binned_cosine_1Da,34,False,predicted_spectrum,8918
CASMI2022,massformer,completed,173,173,384,CASMI_MOL_1196969,CASMI_MOL_942016,942016,Cc1ccc(C)c(S(=O)(=O)NCCNC(=O)c2ccn(-c3ccccc3F)n2)c1,0.4216176682034632,binned_cosine_1Da,35,False,predicted_spectrum,8918
CASMI2022,massformer,completed,173,173,384,CASMI_MOL_1196969,CASMI_MOL_937486,937486,C=C(CCCCc1nnc(NC(=O)C2CC(O)c3ccccc32)s1)SC(C)=N,0.42147286840654175,binned_cosine_1Da,36,False,predicted_spectrum,8918
CASMI2022,massformer,completed,173,173,384,CASMI_MOL_1196969,CASMI_MOL_938956,938956,C=C(CCCCc1nnc(NC(=O)C2CC(O)c3ccccc32)s1)SC(C)=N,0.42147286840654175,binned_cosine_1Da,37,False,predicted_spectrum,8918
CASMI2022,massformer,completed,173,173,384,CASMI_MOL_1196969,CASMI_MOL_938472,938472,CC(=O)OC1C(=O)OC2OC3(OC21)C1CC2CC3CC(OC(=O)C(C)(F)F)(C2)C1,0.420301992495529,binned_cosine_1Da,38,False,predicted_spectrum,8918
CASMI2022,massformer,completed,173,173,384,CASMI_MOL_1196969,CASMI_MOL_937002,937002,CC(=O)OCC1=CCC2C(C(=O)O)=COC(OC3OC(CO)C(O)C(O)C3O)C12,0.4201207050466851,binned_cosine_1Da,39,False,predicted_spectrum,8918
CASMI2022,massformer,completed,173,173,384,CASMI_MOL_1196969,CASMI_MOL_939694,939694,CC(=O)OCC1=CCC2C(C(=O)O)=COC(OC3OC(CO)C(O)C(O)C3O)C12,0.4201207050466851,binned_cosine_1Da,40,False,predicted_spectrum,8918
CASMI2022,massformer,completed,173,173,384,CASMI_MOL_1196969,CASMI_MOL_936705,936705,CN(Cc1noc(-c2ccc3c(c2)CCCC3N)n1)S(=O)(=O)c1ccc(F)cc1,0.4197881179884734,binned_cosine_1Da,41,False,predicted_spectrum,8918
CASMI2022,massformer,completed,173,173,384,CASMI_MOL_1196969,CASMI_MOL_936874,936874,O=C(CCl)NCc1ccc(CNC(=O)C2CC23CCOc2ccccc23)c(F)c1,0.418351425096751,binned_cosine_1Da,42,False,predicted_spectrum,8918
CASMI2022,massformer,completed,173,173,384,CASMI_MOL_1196969,CASMI_MOL_942617,942617,Cc1nc(-c2ccc(C)c(S(=O)(=O)N3CCN(c4ccccc4F)CC3)c2)no1,0.4179389282705222,binned_cosine_1Da,43,False,predicted_spectrum,8918
CASMI2022,massformer,completed,173,173,384,CASMI_MOL_1196969,CASMI_MOL_938183,938183,CC(=NCCc1ccc(S(N)(=O)=O)cc1)c1c(C)[nH]n(-c2ccc(F)cc2)c1=O,0.4158038931591815,binned_cosine_1Da,44,False,predicted_spectrum,8918
CASMI2022,massformer,completed,173,173,384,CASMI_MOL_1196969,CASMI_MOL_944665,944665,CC(=NCCc1ccc(S(N)(=O)=O)cc1)c1c(C)[nH]n(-c2ccc(F)cc2)c1=O,0.4158038931591815,binned_cosine_1Da,45,False,predicted_spectrum,8918
CASMI2022,massformer,completed,173,173,384,CASMI_MOL_1196969,CASMI_MOL_938728,938728,O=C(NN=Cc1cn(Cc2ccc(F)cc2)c2ccccc12)c1ccccc1[N+](=O)[O-],0.415438950692118,binned_cosine_1Da,46,False,predicted_spectrum,8918
CASMI2022,massformer,completed,173,173,384,CASMI_MOL_1196969,CASMI_MOL_937271,937271,NS(=O)(=O)c1cc(NC(O)Cc2ccccc2F)ccc1-c1cnn(C2CC2)c1,0.4152742160326072,binned_cosine_1Da,47,False,predicted_spectrum,8918
CASMI2022,massformer,completed,173,173,384,CASMI_MOL_1196969,CASMI_MOL_941941,941941,Cc1ccc(C)c(S(=O)(=O)NCCC(=O)Nc2ccc(-n3cccn3)c(F)c2)c1,0.4127716910822775,binned_cosine_1Da,48,False,predicted_spectrum,8918
CASMI2022,massformer,completed,173,173,384,CASMI_MOL_1196969,CASMI_MOL_938882,938882,COC1=CC(=O)C2=C(C3OC3CC(=O)C(O)C(O)CCCC(C)OC2=O)C1(F)F,0.41137782401215545,binned_cosine_1Da,49,False,predicted_spectrum,8918
CASMI2022,massformer,completed,173,173,384,CASMI_MOL_1196969,CASMI_MOL_941881,941881,Cc1ccc(S(=O)(=O)NCCC(=O)Nc2ccc(-n3cccn3)c(F)c2)c(C)c1,0.4108362559368464,binned_cosine_1Da,50,False,predicted_spectrum,8918
CASMI2022,massformer,completed,173,173,384,CASMI_MOL_1196969,CASMI_MOL_937912,937912,C=NC(OC1CCN(S(=O)(=O)c2c(C)n[nH]c2C)CC1)=C(C=C(C)Cl)OC,0.40915894668055824,binned_cosine_1Da,51,False,predicted_spectrum,8918
CASMI2022,massformer,completed,173,173,384,CASMI_MOL_1196969,CASMI_MOL_938817,938817,O=C(NN=Cc1cn(Cc2ccc(F)cc2)c2ccccc12)c1ccc([N+](=O)[O-])cc1,0.4081898239766813,binned_cosine_1Da,52,False,predicted_spectrum,8918
CASMI2022,massformer,completed,173,173,384,CASMI_MOL_1196969,CASMI_MOL_943844,943844,CCOCCCc1ccc(Oc2ccc3c(c2)C=C(C(=O)O)CCS3(=O)=O)cc1,0.40794666165263216,binned_cosine_1Da,53,False,predicted_spectrum,8918
CASMI2022,massformer,completed,173,173,384,CASMI_MOL_1196969,CASMI_MOL_938668,938668,O=C(NN=Cc1cn(Cc2ccc(F)cc2)c2ccccc12)c1cccc([N+](=O)[O-])c1,0.4078651513528872,binned_cosine_1Da,54,False,predicted_spectrum,8918
CASMI2022,massformer,completed,173,173,384,CASMI_MOL_1196969,CASMI_MOL_941565,941565,CC(C)CC(C(=O)O)C(Sc1ccc(S(C)(=O)=O)cc1)C(=O)OC(C)(C)C,0.4078260640707489,binned_cosine_1Da,55,False,predicted_spectrum,8918
CASMI2022,massformer,completed,173,173,384,CASMI_MOL_1196969,CASMI_MOL_944760,944760,CC(C)CC(C(=O)O)C(Sc1ccc(S(C)(=O)=O)cc1)C(=O)OC(C)(C)C,0.4078260640707489,binned_cosine_1Da,56,False,predicted_spectrum,8918
CASMI2022,massformer,completed,173,173,384,CASMI_MOL_1196969,CASMI_MOL_938827,938827,O=C(NN=Cc1cn(Cc2ccc([N+](=O)[O-])cc2)c2ccccc12)c1ccc(F)cc1,0.4076871031272762,binned_cosine_1Da,57,False,predicted_spectrum,8918
CASMI2022,massformer,completed,173,173,384,CASMI_MOL_1196969,CASMI_MOL_940526,940526,CCN(CC)S(=O)(=O)c1ccc(NC(=O)c2ccn(-c3ccccc3F)n2)cc1,0.4076550078385569,binned_cosine_1Da,58,False,predicted_spectrum,8918
CASMI2022,massformer,completed,173,173,384,CASMI_MOL_1196969,CASMI_MOL_941518,941518,Cc1ccc(S(=O)(=O)OC2=CC34C(=O)C5(O)OCC(C)(C3=CCC4C)C25C)cc1,0.4074887612211482,binned_cosine_1Da,59,False,predicted_spectrum,8918
CASMI2022,massformer,completed,173,173,384,CASMI_MOL_1196969,CASMI_MOL_942029,942029,CN(CC(=O)NC(c1cccc(F)c1)c1nccn1C)S(=O)(=O)c1ccccc1,0.40682482351548654,binned_cosine_1Da,60,False,predicted_spectrum,8918
CASMI2022,massformer,completed,173,173,384,CASMI_MOL_1196969,CASMI_MOL_938940,938940,CC(=O)OC1C(OC(C)=O)C(OC(C)=O)C2(CCO2)C(OC(C)=O)C1OC(C)=O,0.4066374526810122,binned_cosine_1Da,61,False,predicted_spectrum,8918
CASMI2022,massformer,completed,173,173,384,CASMI_MOL_1196969,CASMI_MOL_940191,940191,CC(=O)OC1C(OC(C)=O)C(OC(C)=O)C2(CCO2)C(OC(C)=O)C1OC(C)=O,0.4066374526810122,binned_cosine_1Da,62,False,predicted_spectrum,8918
CASMI2022,massformer,completed,173,173,384,CASMI_MOL_1196969,CASMI_MOL_938322,938322,Cc1nn(-c2ccccc2)c(C)c1NC(=O)CCNS(=O)(=O)c1ccc(F)cc1,0.406535386065875,binned_cosine_1Da,63,False,predicted_spectrum,8918
CASMI2022,massformer,completed,173,173,384,CASMI_MOL_1196969,CASMI_MOL_943146,943146,Cc1c(C(=O)NCc2ccccc2S(=O)(=O)N(C)C)cnn1-c1ccccc1F,0.40633500691240515,binned_cosine_1Da,64,False,predicted_spectrum,8918
CASMI2022,massformer,completed,173,173,384,CASMI_MOL_1196969,CASMI_MOL_937112,937112,CN1C(N)=NC2(CCCc3ccc(CC(=O)c4ccc(F)cn4)cc32)CS1(=O)=O,0.40605961142314134,binned_cosine_1Da,65,False,predicted_spectrum,8918
CASMI2022,massformer,completed,173,173,384,CASMI_MOL_1196969,CASMI_MOL_938557,938557,O=C(NN=Cc1ccc2c(ccn2Cc2cccc(F)c2)c1)c1cccc([N+](=O)[O-])c1,0.4051147563776008,binned_cosine_1Da,66,False,predicted_spectrum,8918
CASMI2022,massformer,completed,173,173,384,CASMI_MOL_1196969,CASMI_MOL_944610,944610,COC(=O)C1(OC(C)=O)CCC=C(C(OC(C)=O)C(COC(C)=O)OC(C)=O)O1,0.4044676340636601,binned_cosine_1Da,67,False,predicted_spectrum,8918
CASMI2022,massformer,completed,173,173,384,CASMI_MOL_1196969,CASMI_MOL_939164,939164,O=S1(=O)CCN2C(=N1)C1(COc3ccc(-c4ncc(F)cn4)cc3)CCC2CC1,0.40413589751627194,binned_cosine_1Da,68,False,predicted_spectrum,8918
CASMI2022,massformer,completed,173,173,384,CASMI_MOL_1196969,CASMI_MOL_938431,938431,COc1ccc(-c2ncccc2F)cc1S(=O)(=O)Nc1cccc(NCCN)c1,0.40405759930613827,binned_cosine_1Da,69,False,predicted_spectrum,8918
CASMI2022,massformer,completed,173,173,384,CASMI_MOL_1196969,CASMI_MOL_940957,940957,CC(C)(C)C(NC(=O)O)c1ccc(Cl)c(Oc2cc(C#N)cc(C3CC3)c2)c1F,0.40400592227190213,binned_cosine_1Da,70,False,predicted_spectrum,8918
CASMI2022,massformer,completed,173,173,384,CASMI_MOL_1196969,CASMI_MOL_944830,944830,C=C(COC(=CCC(C)=O)C1(CC2OCCCO2)SCCCS1)C(=O)OC,0.40378368819328647,binned_cosine_1Da,71,False,predicted_spectrum,8918
CASMI2022,massformer,completed,173,173,384,CASMI_MOL_1196969,CASMI_MOL_938239,938239,C#CCOC1OC(CC(C(=O)OC)C(=O)OC)C(O)C(OC(C)=O)C1OC(C)=O,0.40373422948751664,binned_cosine_1Da,72,False,predicted_spectrum,8918
CASMI2022,massformer,completed,173,173,384,CASMI_MOL_1196969,CASMI_MOL_936648,936648,C=CC1=CC(F)C=C(OC2OC(CO)C(O)C(O)C2O)C=C1OC(C)CC=S,0.40367308782599687,binned_cosine_1Da,73,False,predicted_spectrum,8918
CASMI2022,massformer,completed,173,173,384,CASMI_MOL_1196969,CASMI_MOL_941106,941106,CC(C)(C)OC(=O)C1=C(C2CCCCC2C#Cc2nccs2)N=C(Cl)CC=C1,0.4026496669500941,binned_cosine_1Da,74,False,predicted_spectrum,8918
CASMI2022,massformer,completed,173,173,384,CASMI_MOL_1196969,CASMI_MOL_937603,937603,Cc1cc(CNC(=O)C(=CC(F)C=N)COc2ccc(P)cc2)ccc1C(=O)O,0.40196905397198973,binned_cosine_1Da,75,False,predicted_spectrum,8918
CASMI2022,massformer,completed,173,173,384,CASMI_MOL_1196969,CASMI_MOL_941940,941940,CCC(C)NS(=O)(=O)c1ccc(C(=O)Nc2ccc(-n3cccn3)c(F)c2)cc1,0.4015329322083378,binned_cosine_1Da,76,False,predicted_spectrum,8918
CASMI2022,massformer,completed,173,173,384,CASMI_MOL_1196969,CASMI_MOL_938471,938471,CC(F)(F)C(=O)OC12CC3CC(C1)C1(OC4OC5C(O)OC(=O)C5C4O1)C(C3)C2,0.4015132329654346,binned_cosine_1Da,77,False,predicted_spectrum,8918
CASMI2022,massformer,completed,173,173,384,CASMI_MOL_1196969,CASMI_MOL_941883,941883,Cc1ccc(S(=O)(=O)N(C)CC(=O)Nc2ccc(-n3ccnc3)c(F)c2)cc1C,0.4014771903015133,binned_cosine_1Da,78,False,predicted_spectrum,8918
CASMI2022,massformer,completed,173,173,384,CASMI_MOL_1196969,CASMI_MOL_937594,937594,CC=CCC=C(Cl)CCc1cc(C#N)c(NCc2ccc(OC)c(OC)c2)s1,0.4014180991911574,binned_cosine_1Da,79,False,predicted_spectrum,8918
CASMI2022,massformer,completed,173,173,384,CASMI_MOL_1196969,CASMI_MOL_940192,940192,CC(=O)OC1C(OC(C)=O)C2OCCC2(OC(C)=O)C(OC(C)=O)C1OC(C)=O,0.4011045064897776,binned_cosine_1Da,80,False,predicted_spectrum,8918
CASMI2022,massformer,completed,173,173,384,CASMI_MOL_1196969,CASMI_MOL_943954,943954,CCCOCCOc1ccc(-c2ccc3c(c2)C=C(C(=O)O)CCS3(=O)=O)cc1,0.40075303702902876,binned_cosine_1Da,81,False,predicted_spectrum,8918
CASMI2022,massformer,completed,173,173,384,CASMI_MOL_1196969,CASMI_MOL_943660,943660,Cc1ccc(S(=O)(=O)N2CCC(Nc3ncnc4sc(C)c(C)c34)CC2)cc1,0.40046597002113,binned_cosine_1Da,82,False,predicted_spectrum,8918
CASMI2022,massformer,completed,173,173,384,CASMI_MOL_1196969,CASMI_MOL_940767,940767,CC1(C)OCC(COC(=O)CCCc2ccc3c(c2)C(=O)c2sccc2CO3)O1,0.4003508358102587,binned_cosine_1Da,83,False,predicted_spectrum,8918
CASMI2022,massformer,completed,173,173,384,CASMI_MOL_1196969,CASMI_MOL_941087,941087,COc1ccc([N+](=O)[O-])cc1CN1CC2(CCN(C(=O)c3ccno3)CC2)OC1=O,0.40022271315797364,binned_cosine_1Da,84,False,predicted_spectrum,8918
CASMI2022,massformer,completed,173,173,384,CASMI_MOL_1196969,CASMI_MOL_944628,944628,C=CC1C(OC2OC(CO)C(O)C(O)C2OC(C)=O)OC=C2C(=O)OCCC21O,0.4001281282185327,binned_cosine_1Da,85,False,predicted_spectrum,8918
CASMI2022,massformer,completed,173,173,384,CASMI_MOL_1196969,CASMI_MOL_938473,938473,CC(F)(F)C(=O)OC12CC3CC(C1)C1(OC4OC5C(O)C(=O)OC5C4O1)C(C3)C2,0.39983065470219936,binned_cosine_1Da,86,False,predicted_spectrum,8918
CASMI2022,massformer,completed,173,173,384,CASMI_MOL_1196969,CASMI_MOL_944136,944136,COc1ccc(OC)c(C(C)NC(=O)Cn2nc(C(F)(F)F)c([N+](=O)[O-])c2C)c1,0.39935433096449335,binned_cosine_1Da,87,False,predicted_spectrum,8918
CASMI2022,massformer,completed,173,173,384,CASMI_MOL_1196969,CASMI_MOL_937521,937521,CCOc1ccc(S(=O)(=O)N2CCN(c3nc(CC(C)(F)F)no3)CC2)cc1,0.3984644398306593,binned_cosine_1Da,88,False,predicted_spectrum,8918
CASMI2022,massformer,completed,173,173,384,CASMI_MOL_1196969,CASMI_MOL_943164,943164,CC(C)(C)NS(=O)(=O)c1cccc(NC(=O)c2ccn(-c3ccc(F)cc3)n2)c1,0.39807954109347143,binned_cosine_1Da,89,False,predicted_spectrum,8918
CASMI2022,massformer,completed,173,173,384,CASMI_MOL_1196969,CASMI_MOL_938491,938491,Cc1ccc(N(CC(=O)NCc2cnn(-c3cccc(F)c3)c2)S(C)(=O)=O)cc1,0.39802759198630105,binned_cosine_1Da,90,False,predicted_spectrum,8918
CASMI2022,massformer,completed,173,173,384,CASMI_MOL_1196969,CASMI_MOL_938273,938273,Cc1ccc(Oc2ccc(NC(=O)c3ccccc3CSc3nc[nH]n3)cc2)cc1,0.39775145835916326,binned_cosine_1Da,91,False,predicted_spectrum,8918
CASMI2022,massformer,completed,173,173,384,CASMI_MOL_1196969,CASMI_MOL_944829,944829,CCOC(=O)C1(C(=O)OCC)CCC(=O)C2C(=O)C=C(Sc3ccccc3)CC21,0.3976237507892463,binned_cosine_1Da,92,False,predicted_spectrum,8918
CASMI2022,massformer,completed,173,173,384,CASMI_MOL_1196969,CASMI_MOL_936939,936939,CC(=O)OCCC1C(=O)OC2C1OC(COC(C)=O)C(OC(C)=O)C2OC(C)=O,0.3973681074241653,binned_cosine_1Da,93,False,predicted_spectrum,8918
CASMI2022,massformer,completed,173,173,384,CASMI_MOL_1196969,CASMI_MOL_936940,936940,CC(=O)OCCC1C(=O)OC2C1OC(COC(C)=O)C(OC(C)=O)C2OC(C)=O,0.3973681074241653,binned_cosine_1Da,94,False,predicted_spectrum,8918
CASMI2022,massformer,completed,173,173,384,CASMI_MOL_1196969,CASMI_MOL_939715,939715,CC(=O)OCC1OC(c2cn(-c3ccc(C)cc3[N+](=O)[O-])nn2)C=CC1OC(C)=O,0.3964341421920817,binned_cosine_1Da,95,False,predicted_spectrum,8918
CASMI2022,massformer,completed,173,173,384,CASMI_MOL_1196969,CASMI_MOL_943485,943485,CC(NS(=O)(=O)c1ccc(F)cc1)C(=O)NCCc1ccc(-n2cccn2)cc1,0.39626611454117655,binned_cosine_1Da,96,False,predicted_spectrum,8918
CASMI2022,massformer,completed,173,173,384,CASMI_MOL_1196969,CASMI_MOL_943486,943486,CC(NS(=O)(=O)c1ccc(F)cc1)C(=O)NCCc1ccc(-n2cccn2)cc1,0.39626611454117655,binned_cosine_1Da,97,False,predicted_spectrum,8918
CASMI2022,massformer,completed,173,173,384,CASMI_MOL_1196969,CASMI_MOL_944333,944333,CC(NS(=O)(=O)c1ccc(F)cc1)C(=O)NCCc1ccc(-n2cccn2)cc1,0.39626611454117655,binned_cosine_1Da,98,False,predicted_spectrum,8918
CASMI2022,massformer,completed,173,173,384,CASMI_MOL_1196969,CASMI_MOL_940090,940090,Cc1ccc2cccc(S(=O)(=O)NC3CCC(Oc4ncc(F)cn4)CC3)c2n1,0.3959526674806328,binned_cosine_1Da,99,False,predicted_spectrum,8918
CASMI2022,massformer,completed,173,173,384,CASMI_MOL_1196969,CASMI_MOL_938563,938563,O=C(NN=Cc1ccc2c(ccn2Cc2cccc(F)c2)c1)c1ccc([N+](=O)[O-])cc1,0.3957749773352864,binned_cosine_1Da,100,False,predicted_spectrum,8918
