dataset,model,status,query_id,spectrum_id,casmi_id,true_candidate_id,candidate_id,candidate_mol_id,candidate_smiles,score,score_name,rank,is_correct,prediction_status,candidate_count
CASMI2022,massformer,completed,80,80,209,CASMI_MOL_1196871,CASMI_MOL_424792,424792,CC(=O)NCCN(CCCCCl)c1c[nH]c(=O)[nH]c1=O,0.6275662670295303,binned_cosine_1Da,1,False,predicted_spectrum,7809
CASMI2022,massformer,completed,80,80,209,CASMI_MOL_1196871,CASMI_MOL_425622,425622,O=C(O)C(c1cccc(C(F)(F)F)c1)C1(O)CCCCC1,0.5153074089560131,binned_cosine_1Da,2,False,predicted_spectrum,7809
CASMI2022,massformer,completed,80,80,209,CASMI_MOL_1196871,CASMI_MOL_425623,425623,O=C(O)C(c1cccc(C(F)(F)F)c1)C1(O)CCCCC1,0.5153074089560131,binned_cosine_1Da,3,False,predicted_spectrum,7809
CASMI2022,massformer,completed,80,80,209,CASMI_MOL_1196871,CASMI_MOL_428345,428345,O=C(O)C(c1cccc(C(F)(F)F)c1)C1(O)CCCCC1,0.5153074089560131,binned_cosine_1Da,4,False,predicted_spectrum,7809
CASMI2022,massformer,completed,80,80,209,CASMI_MOL_1196871,CASMI_MOL_424275,424275,CC(C)C(O)(C=Cc1cccc(C(F)(F)F)c1)CC(=O)O,0.5139721669884584,binned_cosine_1Da,5,False,predicted_spectrum,7809
CASMI2022,massformer,completed,80,80,209,CASMI_MOL_1196871,CASMI_MOL_428558,428558,COC(=O)C(C(=O)Cc1cccc(C(F)(F)F)c1)C(C)C,0.4930397448138053,binned_cosine_1Da,6,False,predicted_spectrum,7809
CASMI2022,massformer,completed,80,80,209,CASMI_MOL_1196871,CASMI_MOL_428154,428154,O=C(c1ccccc1C1C(O)CCCCC1O)C(F)(F)F,0.4923782882246147,binned_cosine_1Da,7,False,predicted_spectrum,7809
CASMI2022,massformer,completed,80,80,209,CASMI_MOL_1196871,CASMI_MOL_428801,428801,CC(C)(C)OC(=O)CCC(=O)Cc1cc(F)cc(F)c1F,0.47137469719020286,binned_cosine_1Da,8,False,predicted_spectrum,7809
CASMI2022,massformer,completed,80,80,209,CASMI_MOL_1196871,CASMI_MOL_428800,428800,CC(C)(C)OC(=O)CCC(=O)Cc1cc(F)c(F)c(F)c1,0.4706718740104977,binned_cosine_1Da,9,False,predicted_spectrum,7809
CASMI2022,massformer,completed,80,80,209,CASMI_MOL_1196871,CASMI_MOL_429826,429826,O=C(O)C(=O)CCCCCCc1cccc(C(F)(F)F)c1,0.46908559497284774,binned_cosine_1Da,10,False,predicted_spectrum,7809
CASMI2022,massformer,completed,80,80,209,CASMI_MOL_1196871,CASMI_MOL_428124,428124,O=C(O)COC1CCC(C2=CC(C(F)(F)F)C=CC=C2)C1,0.46817433320866914,binned_cosine_1Da,11,False,predicted_spectrum,7809
CASMI2022,massformer,completed,80,80,209,CASMI_MOL_1196871,CASMI_MOL_424447,424447,CC=NC(C(=O)N=Cc1ccc(F)cc1)C(=O)C(C)NC#N,0.45889783813602386,binned_cosine_1Da,12,False,predicted_spectrum,7809
CASMI2022,massformer,completed,80,80,209,CASMI_MOL_1196871,CASMI_MOL_425228,425228,CCCCCC(O)C1OC(=O)c2ccc(C(F)(F)F)cc21,0.4577457076314018,binned_cosine_1Da,13,False,predicted_spectrum,7809
CASMI2022,massformer,completed,80,80,209,CASMI_MOL_1196871,CASMI_MOL_425229,425229,CCCCCC(O)C1OC(=O)c2ccc(C(F)(F)F)cc21,0.4577457076314018,binned_cosine_1Da,14,False,predicted_spectrum,7809
CASMI2022,massformer,completed,80,80,209,CASMI_MOL_1196871,CASMI_MOL_424340,424340,O=C(O)C1(c2ccc(C(O)C(F)(F)F)cc2)CCCCC1,0.45573753882951845,binned_cosine_1Da,15,False,predicted_spectrum,7809
CASMI2022,massformer,completed,80,80,209,CASMI_MOL_1196871,CASMI_MOL_427880,427880,CC(C)CCOc1ccc(C=CC(=O)O)cc1C(F)(F)F,0.4518380433812463,binned_cosine_1Da,16,False,predicted_spectrum,7809
CASMI2022,massformer,completed,80,80,209,CASMI_MOL_1196871,CASMI_MOL_428592,428592,CC(C)CCOc1ccc(C=CC(=O)O)cc1C(F)(F)F,0.4518380433812463,binned_cosine_1Da,17,False,predicted_spectrum,7809
CASMI2022,massformer,completed,80,80,209,CASMI_MOL_1196871,CASMI_MOL_424101,424101,O=C(COc1ccc(F)cc1)NC1CN(c2cnccn2)C1,0.4459181111842462,binned_cosine_1Da,18,False,predicted_spectrum,7809
CASMI2022,massformer,completed,80,80,209,CASMI_MOL_1196871,CASMI_MOL_427879,427879,CCC(C)COc1ccc(C=CC(=O)O)cc1C(F)(F)F,0.44480147678915144,binned_cosine_1Da,19,False,predicted_spectrum,7809
CASMI2022,massformer,completed,80,80,209,CASMI_MOL_1196871,CASMI_MOL_429583,429583,CC1(O)CC(=O)OC(CCc2ccc(C(F)(F)F)cc2)C1,0.4416231271312393,binned_cosine_1Da,20,False,predicted_spectrum,7809
CASMI2022,massformer,completed,80,80,209,CASMI_MOL_1196871,CASMI_MOL_423647,423647,C=C(C(=O)OCC(C)C)C(O)c1ccc(C(F)(F)F)cc1,0.44020879253159034,binned_cosine_1Da,21,False,predicted_spectrum,7809
CASMI2022,massformer,completed,80,80,209,CASMI_MOL_1196871,CASMI_MOL_430323,430323,O=C(O)COc1ccc(C(F)(F)F)cc1C1CCCCC1,0.439002457623278,binned_cosine_1Da,22,False,predicted_spectrum,7809
CASMI2022,massformer,completed,80,80,209,CASMI_MOL_1196871,CASMI_MOL_429532,429532,O=C(O)CCCCCCC(=O)c1ccccc1C(F)(F)F,0.4376676246489397,binned_cosine_1Da,23,False,predicted_spectrum,7809
CASMI2022,massformer,completed,80,80,209,CASMI_MOL_1196871,CASMI_MOL_428627,428627,CC(C)c1ncc(NN)c(C(=O)NCCS(N)(=O)=O)n1,0.4359368607889293,binned_cosine_1Da,24,False,predicted_spectrum,7809
CASMI2022,massformer,completed,80,80,209,CASMI_MOL_1196871,CASMI_MOL_427828,427828,COC(=O)C1(C(C)C)OC1(C)c1cccc(C(F)(F)F)c1,0.4346089866138255,binned_cosine_1Da,25,False,predicted_spectrum,7809
CASMI2022,massformer,completed,80,80,209,CASMI_MOL_1196871,CASMI_MOL_428496,428496,O=C(O)CCC1(c2cccc(C(F)(F)F)c2)CCOCC1,0.43427912361647136,binned_cosine_1Da,26,False,predicted_spectrum,7809
CASMI2022,massformer,completed,80,80,209,CASMI_MOL_1196871,CASMI_MOL_427663,427663,COc1cc(C(F)(F)F)ccc1CC(C)C1CC1C(=O)O,0.4342668807671635,binned_cosine_1Da,27,False,predicted_spectrum,7809
CASMI2022,massformer,completed,80,80,209,CASMI_MOL_1196871,CASMI_MOL_424304,424304,COc1ccc2c(c1)OCC(CC(C)(C)C(F)(F)F)C2=O,0.43076299983005956,binned_cosine_1Da,28,False,predicted_spectrum,7809
CASMI2022,massformer,completed,80,80,209,CASMI_MOL_1196871,CASMI_MOL_426249,426249,COc1ccc2c(c1)OC(C)(CCCC(F)(F)F)CC2=O,0.42964052437305955,binned_cosine_1Da,29,False,predicted_spectrum,7809
CASMI2022,massformer,completed,80,80,209,CASMI_MOL_1196871,CASMI_MOL_428217,428217,CCOC(=O)C(CCc1cccc(C(F)(F)F)c1)C(C)=O,0.4293947518215208,binned_cosine_1Da,30,False,predicted_spectrum,7809
CASMI2022,massformer,completed,80,80,209,CASMI_MOL_1196871,CASMI_MOL_426111,426111,COc1c(C(F)(F)F)cccc1C1(C(=O)O)CCCCC1,0.4276831710217445,binned_cosine_1Da,31,False,predicted_spectrum,7809
CASMI2022,massformer,completed,80,80,209,CASMI_MOL_1196871,CASMI_MOL_427449,427449,CC=CC(CC(C)Oc1ccc(C(F)(F)F)cc1)C(=O)O,0.42766665767364404,binned_cosine_1Da,32,False,predicted_spectrum,7809
CASMI2022,massformer,completed,80,80,209,CASMI_MOL_1196871,CASMI_MOL_429531,429531,O=C(O)CCCCCCC(=O)c1cccc(C(F)(F)F)c1,0.4272964914910297,binned_cosine_1Da,33,False,predicted_spectrum,7809
CASMI2022,massformer,completed,80,80,209,CASMI_MOL_1196871,CASMI_MOL_426061,426061,CCC(=O)C(CC)(Cc1ccc(C(F)(F)F)cc1)C(=O)O,0.4246300318217414,binned_cosine_1Da,34,False,predicted_spectrum,7809
CASMI2022,massformer,completed,80,80,209,CASMI_MOL_1196871,CASMI_MOL_423951,423951,CC(C)C1=C2OC(C(F)(F)F)C(C(=O)O)=CC2C(C)C=C1,0.42376551534540086,binned_cosine_1Da,35,False,predicted_spectrum,7809
CASMI2022,massformer,completed,80,80,209,CASMI_MOL_1196871,CASMI_MOL_426285,426285,CC(C)(C)NC(=O)CNc1cnn(CCO)c(=O)c1Cl,0.42147076660843613,binned_cosine_1Da,36,False,predicted_spectrum,7809
CASMI2022,massformer,completed,80,80,209,CASMI_MOL_1196871,CASMI_MOL_426474,426474,CCCC(C)Oc1ccc(C=CC(=O)O)cc1C(F)(F)F,0.4214356674833053,binned_cosine_1Da,37,False,predicted_spectrum,7809
CASMI2022,massformer,completed,80,80,209,CASMI_MOL_1196871,CASMI_MOL_425818,425818,CCN=C(C(=O)C(C)=N)c1nnc(Cc2ccc(F)cc2)o1,0.41752591763414926,binned_cosine_1Da,38,False,predicted_spectrum,7809
CASMI2022,massformer,completed,80,80,209,CASMI_MOL_1196871,CASMI_MOL_429739,429739,O=C(O)C(O)c1ccc(C2CCCCC2)c(C(F)(F)F)c1,0.4173413623550843,binned_cosine_1Da,39,False,predicted_spectrum,7809
CASMI2022,massformer,completed,80,80,209,CASMI_MOL_1196871,CASMI_MOL_425596,425596,CC1CCC(c2c(O)cccc2OC(=O)C(F)(F)F)CC1,0.41708280059073766,binned_cosine_1Da,40,False,predicted_spectrum,7809
CASMI2022,massformer,completed,80,80,209,CASMI_MOL_1196871,CASMI_MOL_428900,428900,CCCCC(=O)C(F)CCCc1sccc1C(=O)CF,0.41582990506703543,binned_cosine_1Da,41,False,predicted_spectrum,7809
CASMI2022,massformer,completed,80,80,209,CASMI_MOL_1196871,CASMI_MOL_430396,430396,O=C(O)CCCCCCC(=O)c1ccc(C(F)(F)F)cc1,0.41550449889976876,binned_cosine_1Da,42,False,predicted_spectrum,7809
CASMI2022,massformer,completed,80,80,209,CASMI_MOL_1196871,CASMI_MOL_426109,426109,COc1cccc(C(F)(F)F)c1C1(C(=O)O)CCCCC1,0.41353799814987136,binned_cosine_1Da,43,False,predicted_spectrum,7809
CASMI2022,massformer,completed,80,80,209,CASMI_MOL_1196871,CASMI_MOL_427840,427840,O=C(CNC(=O)C1CC(c2ccc(F)cc2)NN1)N=c1cc1,0.4121757457812574,binned_cosine_1Da,44,False,predicted_spectrum,7809
CASMI2022,massformer,completed,80,80,209,CASMI_MOL_1196871,CASMI_MOL_424311,424311,COc1ccc2c(c1)C(=O)C(CC(C)(C)C(F)(F)F)CO2,0.41110741889402497,binned_cosine_1Da,45,False,predicted_spectrum,7809
CASMI2022,massformer,completed,80,80,209,CASMI_MOL_1196871,CASMI_MOL_423639,423639,CC(C)C1OCC(c2ccc(C(F)(F)F)cc2)C1C(=O)O,0.4097241206356429,binned_cosine_1Da,46,False,predicted_spectrum,7809
CASMI2022,massformer,completed,80,80,209,CASMI_MOL_1196871,CASMI_MOL_424455,424455,CCCCCC(=O)c1ccc(C(F)(F)F)cc1OC(C)=O,0.4087341651441695,binned_cosine_1Da,47,False,predicted_spectrum,7809
CASMI2022,massformer,completed,80,80,209,CASMI_MOL_1196871,CASMI_MOL_428579,428579,OC1(c2ccc3c(c2)OCCO3)CCC(C(F)(F)F)CC1,0.4087147563596573,binned_cosine_1Da,48,False,predicted_spectrum,7809
CASMI2022,massformer,completed,80,80,209,CASMI_MOL_1196871,CASMI_MOL_427531,427531,O=C(CNC(=O)C1CCN(c2ccccc2F)N1)N=c1cc1,0.4084747596947112,binned_cosine_1Da,49,False,predicted_spectrum,7809
CASMI2022,massformer,completed,80,80,209,CASMI_MOL_1196871,CASMI_MOL_428263,428263,CC1(C)Cc2c(ccc(O)c2O)C2OC(C(F)(F)F)CC21,0.408366964822488,binned_cosine_1Da,50,False,predicted_spectrum,7809
CASMI2022,massformer,completed,80,80,209,CASMI_MOL_1196871,CASMI_MOL_430280,430280,CC1(C)Cc2c(ccc(O)c2O)C2OC(C(F)(F)F)CC21,0.408366964822488,binned_cosine_1Da,51,False,predicted_spectrum,7809
CASMI2022,massformer,completed,80,80,209,CASMI_MOL_1196871,CASMI_MOL_427809,427809,CCC(CC)Oc1ccc(C=CC(=O)O)cc1C(F)(F)F,0.40399340434495656,binned_cosine_1Da,52,False,predicted_spectrum,7809
CASMI2022,massformer,completed,80,80,209,CASMI_MOL_1196871,CASMI_MOL_426248,426248,COc1ccc2c(c1)C(=O)CC(C)(CCCC(F)(F)F)O2,0.4024966326692728,binned_cosine_1Da,53,False,predicted_spectrum,7809
CASMI2022,massformer,completed,80,80,209,CASMI_MOL_1196871,CASMI_MOL_424786,424786,COC(=O)C(C)(CC(F)F)C(C)(CC(F)F)C(=O)OC,0.40152276440520807,binned_cosine_1Da,54,False,predicted_spectrum,7809
CASMI2022,massformer,completed,80,80,209,CASMI_MOL_1196871,CASMI_MOL_426646,426646,O=C(O)CC1(CC(O)c2cc(F)c(F)cc2F)CCCC1,0.40085660487542396,binned_cosine_1Da,55,False,predicted_spectrum,7809
CASMI2022,massformer,completed,80,80,209,CASMI_MOL_1196871,CASMI_MOL_428400,428400,C=Cc1ccc(C(C)(OC(=O)CC(C)O)C(F)(F)F)cc1,0.4002841708870846,binned_cosine_1Da,56,False,predicted_spectrum,7809
CASMI2022,massformer,completed,80,80,209,CASMI_MOL_1196871,CASMI_MOL_426936,426936,COC1CCC(C(=O)C(F)(F)F)C(c2cccc(C)c2)O1,0.40024923873986645,binned_cosine_1Da,57,False,predicted_spectrum,7809
CASMI2022,massformer,completed,80,80,209,CASMI_MOL_1196871,CASMI_MOL_427503,427503,CC(C)C(c1cccc2c1OCC2)C(O)(C=O)C(F)(F)F,0.3966541625235978,binned_cosine_1Da,58,False,predicted_spectrum,7809
CASMI2022,massformer,completed,80,80,209,CASMI_MOL_1196871,CASMI_MOL_423716,423716,C=Cc1ccccc1C(C)(C)CC(O)(C(=O)O)C(F)(F)F,0.3963788792268071,binned_cosine_1Da,59,False,predicted_spectrum,7809
CASMI2022,massformer,completed,80,80,209,CASMI_MOL_1196871,CASMI_MOL_428637,428637,O=C1CCCc2cc(OCCCOCC(F)(F)F)ccc21,0.39518635524220336,binned_cosine_1Da,60,False,predicted_spectrum,7809
CASMI2022,massformer,completed,80,80,209,CASMI_MOL_1196871,CASMI_MOL_423953,423953,Cc1c(C2CCC(CCC(=O)O)O2)cccc1C(F)(F)F,0.3922596997075636,binned_cosine_1Da,61,False,predicted_spectrum,7809
CASMI2022,massformer,completed,80,80,209,CASMI_MOL_1196871,CASMI_MOL_428578,428578,OC1(c2ccc3c(c2)OCCO3)CCCC(C(F)(F)F)C1,0.39032157583660493,binned_cosine_1Da,62,False,predicted_spectrum,7809
CASMI2022,massformer,completed,80,80,209,CASMI_MOL_1196871,CASMI_MOL_427667,427667,COc1ccc(C(F)(F)F)cc1CC(C)C1CC1C(=O)O,0.3899220766034198,binned_cosine_1Da,63,False,predicted_spectrum,7809
CASMI2022,massformer,completed,80,80,209,CASMI_MOL_1196871,CASMI_MOL_426223,426223,CC1(C)CC(=O)c2ccc(OCCCC(F)(F)F)cc2O1,0.3888144644733684,binned_cosine_1Da,64,False,predicted_spectrum,7809
CASMI2022,massformer,completed,80,80,209,CASMI_MOL_1196871,CASMI_MOL_423643,423643,C=C(C(=O)OCC(C)C)C(O)c1ccccc1C(F)(F)F,0.38875034596235225,binned_cosine_1Da,65,False,predicted_spectrum,7809
CASMI2022,massformer,completed,80,80,209,CASMI_MOL_1196871,CASMI_MOL_426560,426560,O=C1CCCc2ccc(OCCCOCC(F)(F)F)cc21,0.38796350848731986,binned_cosine_1Da,66,False,predicted_spectrum,7809
CASMI2022,massformer,completed,80,80,209,CASMI_MOL_1196871,CASMI_MOL_427487,427487,COc1cccc2c1CCCC2CC(O)(C=O)C(F)(F)F,0.3864946896588807,binned_cosine_1Da,67,False,predicted_spectrum,7809
CASMI2022,massformer,completed,80,80,209,CASMI_MOL_1196871,CASMI_MOL_426108,426108,COc1cc(C(F)(F)F)ccc1C1(C(=O)O)CCCCC1,0.3864362190082117,binned_cosine_1Da,68,False,predicted_spectrum,7809
CASMI2022,massformer,completed,80,80,209,CASMI_MOL_1196871,CASMI_MOL_425340,425340,O=C(O)CCCCCCc1ccc(C(=O)C(F)(F)F)cc1,0.38620660344716645,binned_cosine_1Da,69,False,predicted_spectrum,7809
CASMI2022,massformer,completed,80,80,209,CASMI_MOL_1196871,CASMI_MOL_424464,424464,O=CC(c1cccc(OC(F)(F)F)c1)C1(O)CCCCC1,0.3842201212024035,binned_cosine_1Da,70,False,predicted_spectrum,7809
CASMI2022,massformer,completed,80,80,209,CASMI_MOL_1196871,CASMI_MOL_427666,427666,CCOc1ccc(C(F)(F)F)cc1CCC1CC1C(=O)O,0.3838264751908148,binned_cosine_1Da,71,False,predicted_spectrum,7809
CASMI2022,massformer,completed,80,80,209,CASMI_MOL_1196871,CASMI_MOL_425465,425465,CC(=O)C1=C(C)OC2C(=O)C3C(C12)C1C=CC3C12OCCO2,0.3807743247699765,binned_cosine_1Da,72,False,predicted_spectrum,7809
CASMI2022,massformer,completed,80,80,209,CASMI_MOL_1196871,CASMI_MOL_428317,428317,CC(C)CC(O)(C(=O)c1cccc2c1OCC2)C(F)(F)F,0.37982726697021996,binned_cosine_1Da,73,False,predicted_spectrum,7809
CASMI2022,massformer,completed,80,80,209,CASMI_MOL_1196871,CASMI_MOL_423623,423623,CC(Cc1ccc(F)cc1)C(=O)N=CC(=O)Nc1cn[nH]c1,0.3787321703308364,binned_cosine_1Da,74,False,predicted_spectrum,7809
CASMI2022,massformer,completed,80,80,209,CASMI_MOL_1196871,CASMI_MOL_427223,427223,CC(Cc1ccc(F)cc1)C(=O)N=CC(=O)Nc1cn[nH]c1,0.3787321703308364,binned_cosine_1Da,75,False,predicted_spectrum,7809
CASMI2022,massformer,completed,80,80,209,CASMI_MOL_1196871,CASMI_MOL_429600,429600,CC(C)=CCC(C(O)C(F)F)[S+]([O-])c1ccc(C)cc1,0.37801430567124267,binned_cosine_1Da,76,False,predicted_spectrum,7809
CASMI2022,massformer,completed,80,80,209,CASMI_MOL_1196871,CASMI_MOL_430466,430466,CC(C)=CCC(C(O)C(F)F)[S+]([O-])c1ccc(C)cc1,0.37801430567124267,binned_cosine_1Da,77,False,predicted_spectrum,7809
CASMI2022,massformer,completed,80,80,209,CASMI_MOL_1196871,CASMI_MOL_430472,430472,CC(C)=CCC(C(O)C(F)F)[S+]([O-])c1ccc(C)cc1,0.37801430567124267,binned_cosine_1Da,78,False,predicted_spectrum,7809
CASMI2022,massformer,completed,80,80,209,CASMI_MOL_1196871,CASMI_MOL_430489,430489,CC(C)=CCC(C(O)C(F)F)[S+]([O-])c1ccc(C)cc1,0.37801430567124267,binned_cosine_1Da,79,False,predicted_spectrum,7809
CASMI2022,massformer,completed,80,80,209,CASMI_MOL_1196871,CASMI_MOL_430493,430493,CC(C)=CCC(C(O)C(F)F)[S+]([O-])c1ccc(C)cc1,0.37801430567124267,binned_cosine_1Da,80,False,predicted_spectrum,7809
CASMI2022,massformer,completed,80,80,209,CASMI_MOL_1196871,CASMI_MOL_429601,429601,CC(C)=CCC(C(O)C(F)F)[S+]([O-])c1ccc(C)cc1,0.37801426578823816,binned_cosine_1Da,81,False,predicted_spectrum,7809
CASMI2022,massformer,completed,80,80,209,CASMI_MOL_1196871,CASMI_MOL_429602,429602,CC(C)=CCC(C(O)C(F)F)[S+]([O-])c1ccc(C)cc1,0.37801426578823816,binned_cosine_1Da,82,False,predicted_spectrum,7809
CASMI2022,massformer,completed,80,80,209,CASMI_MOL_1196871,CASMI_MOL_429603,429603,CC(C)=CCC(C(O)C(F)F)[S+]([O-])c1ccc(C)cc1,0.37801426578823816,binned_cosine_1Da,83,False,predicted_spectrum,7809
CASMI2022,massformer,completed,80,80,209,CASMI_MOL_1196871,CASMI_MOL_430416,430416,CC1(C)CC(=O)c2cc(OCCCC(F)(F)F)ccc2O1,0.377143546402299,binned_cosine_1Da,84,False,predicted_spectrum,7809
CASMI2022,massformer,completed,80,80,209,CASMI_MOL_1196871,CASMI_MOL_426712,426712,COc1ccc(C2(C(C)=O)OCCCC2C(F)(F)F)cc1,0.37685792815252067,binned_cosine_1Da,85,False,predicted_spectrum,7809
CASMI2022,massformer,completed,80,80,209,CASMI_MOL_1196871,CASMI_MOL_428564,428564,O=C1CCCc2c(OCCCOCC(F)(F)F)cccc21,0.376581583519867,binned_cosine_1Da,86,False,predicted_spectrum,7809
CASMI2022,massformer,completed,80,80,209,CASMI_MOL_1196871,CASMI_MOL_429938,429938,C=Cc1ccc(C(C)(C)CC(O)(C(=O)O)C(F)(F)F)cc1,0.37581360666033203,binned_cosine_1Da,87,False,predicted_spectrum,7809
CASMI2022,massformer,completed,80,80,209,CASMI_MOL_1196871,CASMI_MOL_426440,426440,N#CC(=CN1CCN(C=O)CC1)C(=O)Nc1ccc(F)cc1,0.37445313818500453,binned_cosine_1Da,88,False,predicted_spectrum,7809
CASMI2022,massformer,completed,80,80,209,CASMI_MOL_1196871,CASMI_MOL_427298,427298,CC(C)Cc1ccc(C(C)C)cc1S(F)(F)(F)(F)F,0.37431464915779256,binned_cosine_1Da,89,False,predicted_spectrum,7809
CASMI2022,massformer,completed,80,80,209,CASMI_MOL_1196871,CASMI_MOL_426705,426705,C=CCC12C(=O)C3(C)COC(=O)C3(O)C(=O)C1C1C=CC2C1,0.3720987009196824,binned_cosine_1Da,90,False,predicted_spectrum,7809
CASMI2022,massformer,completed,80,80,209,CASMI_MOL_1196871,CASMI_MOL_428664,428664,O=C(O)CC1(CC(O)c2c(F)cc(F)cc2F)CCCC1,0.3719323740391709,binned_cosine_1Da,91,False,predicted_spectrum,7809
CASMI2022,massformer,completed,80,80,209,CASMI_MOL_1196871,CASMI_MOL_427827,427827,COC(=O)C1(C(C)C)OC1(C)c1ccc(C(F)(F)F)cc1,0.3715262007341079,binned_cosine_1Da,92,False,predicted_spectrum,7809
CASMI2022,massformer,completed,80,80,209,CASMI_MOL_1196871,CASMI_MOL_427924,427924,C#CCNC(=O)CCNC(=O)NCc1cc(C#N)ccc1F,0.37136488294187464,binned_cosine_1Da,93,False,predicted_spectrum,7809
CASMI2022,massformer,completed,80,80,209,CASMI_MOL_1196871,CASMI_MOL_423400,423400,CC=CC1=CC2=C(CO1)C(=O)C1(C)OC(=O)C(C(C)=O)C1C2,0.3699729577746523,binned_cosine_1Da,94,False,predicted_spectrum,7809
CASMI2022,massformer,completed,80,80,209,CASMI_MOL_1196871,CASMI_MOL_423894,423894,CC=CC1=CC2=C(CO1)C(=O)C1(C)OC(=O)C(C(C)=O)C1C2,0.3699729577746523,binned_cosine_1Da,95,False,predicted_spectrum,7809
CASMI2022,massformer,completed,80,80,209,CASMI_MOL_1196871,CASMI_MOL_424748,424748,CC=CC1=CC2=C(CO1)C(=O)C1(C)OC(=O)C(C(C)=O)C1C2,0.3699729577746523,binned_cosine_1Da,96,False,predicted_spectrum,7809
CASMI2022,massformer,completed,80,80,209,CASMI_MOL_1196871,CASMI_MOL_426896,426896,CC=CC1=CC2=C(CO1)C(=O)C1(C)OC(=O)C(C(C)=O)C1C2,0.3699729577746523,binned_cosine_1Da,97,False,predicted_spectrum,7809
CASMI2022,massformer,completed,80,80,209,CASMI_MOL_1196871,CASMI_MOL_428218,428218,CC(C)(C)C1(C(=O)O)Cc2ccccc2OC1C(F)(F)F,0.3692701075176322,binned_cosine_1Da,98,False,predicted_spectrum,7809
CASMI2022,massformer,completed,80,80,209,CASMI_MOL_1196871,CASMI_MOL_426937,426937,COC1CCC(C(=O)C(F)(F)F)C(c2ccc(C)cc2)O1,0.36883730734267556,binned_cosine_1Da,99,False,predicted_spectrum,7809
CASMI2022,massformer,completed,80,80,209,CASMI_MOL_1196871,CASMI_MOL_429728,429728,COC1CCC(C(=O)C(F)(F)F)C(c2ccc(C)cc2)O1,0.36883730734267556,binned_cosine_1Da,100,False,predicted_spectrum,7809
CASMI2022,massformer,completed,80,80,209,CASMI_MOL_1196871,CASMI_MOL_1196871,1196871,CC(=O)OC1C(=O)C=C(C)C2C=c3c(C)c(O)oc3=CC21C,0.24972992183090634,binned_cosine_1Da,629,True,predicted_spectrum,7809
CASMI2022,massformer,completed,82,82,213,CASMI_MOL_1196873,CASMI_MOL_432635,432635,CCC=CC(C=O)C=NC,0.9405314143285824,binned_cosine_1Da,1,False,predicted_spectrum,5788
CASMI2022,massformer,completed,82,82,213,CASMI_MOL_1196873,CASMI_MOL_433108,433108,C=CC(=CCCCC)N=O,0.9355154585044383,binned_cosine_1Da,2,False,predicted_spectrum,5788
CASMI2022,massformer,completed,82,82,213,CASMI_MOL_1196873,CASMI_MOL_432699,432699,CC=CCC(C=O)C=NC,0.9302823072000231,binned_cosine_1Da,3,False,predicted_spectrum,5788
CASMI2022,massformer,completed,82,82,213,CASMI_MOL_1196873,CASMI_MOL_434399,434399,CCCCC=CC(O)C#N,0.9280048512109301,binned_cosine_1Da,4,False,predicted_spectrum,5788
CASMI2022,massformer,completed,82,82,213,CASMI_MOL_1196873,CASMI_MOL_434406,434406,CCCCC=CC(O)C#N,0.9280048512109301,binned_cosine_1Da,5,False,predicted_spectrum,5788
CASMI2022,massformer,completed,82,82,213,CASMI_MOL_1196873,CASMI_MOL_435014,435014,CCCCC=CC(O)C#N,0.9280048512109301,binned_cosine_1Da,6,False,predicted_spectrum,5788
CASMI2022,massformer,completed,82,82,213,CASMI_MOL_1196873,CASMI_MOL_434857,434857,CCC(C=CC=O)C=NC,0.9271875203285256,binned_cosine_1Da,7,False,predicted_spectrum,5788
CASMI2022,massformer,completed,82,82,213,CASMI_MOL_1196873,CASMI_MOL_432623,432623,CCC=CCC(C=O)=NC,0.9255100988771037,binned_cosine_1Da,8,False,predicted_spectrum,5788
CASMI2022,massformer,completed,82,82,213,CASMI_MOL_1196873,CASMI_MOL_436322,436322,CCC(CC)C(=O)C=C=N,0.9225603905967126,binned_cosine_1Da,9,False,predicted_spectrum,5788
CASMI2022,massformer,completed,82,82,213,CASMI_MOL_1196873,CASMI_MOL_434603,434603,CCN=CC=CCCC=O,0.9218938067507607,binned_cosine_1Da,10,False,predicted_spectrum,5788
CASMI2022,massformer,completed,82,82,213,CASMI_MOL_1196873,CASMI_MOL_435287,435287,CCCC=CC(O)CC#N,0.9206593711434298,binned_cosine_1Da,11,False,predicted_spectrum,5788
CASMI2022,massformer,completed,82,82,213,CASMI_MOL_1196873,CASMI_MOL_436788,436788,CCCC=CC(O)CC#N,0.9206593711434298,binned_cosine_1Da,12,False,predicted_spectrum,5788
CASMI2022,massformer,completed,82,82,213,CASMI_MOL_1196873,CASMI_MOL_436740,436740,CC=C1CCN(CC)C1=O,0.9206346122343472,binned_cosine_1Da,13,False,predicted_spectrum,5788
CASMI2022,massformer,completed,82,82,213,CASMI_MOL_1196873,CASMI_MOL_432028,432028,CCC=CN1CCC(=O)C1,0.9206085958723085,binned_cosine_1Da,14,False,predicted_spectrum,5788
CASMI2022,massformer,completed,82,82,213,CASMI_MOL_1196873,CASMI_MOL_432534,432534,CC=CC(=NC=O)C(C)C,0.92036284722125,binned_cosine_1Da,15,False,predicted_spectrum,5788
CASMI2022,massformer,completed,82,82,213,CASMI_MOL_1196873,CASMI_MOL_432754,432754,CC=CC(C=NC)C(C)=O,0.920286794649621,binned_cosine_1Da,16,False,predicted_spectrum,5788
CASMI2022,massformer,completed,82,82,213,CASMI_MOL_1196873,CASMI_MOL_434617,434617,CC=CC(C=NC)C(C)=O,0.920286794649621,binned_cosine_1Da,17,False,predicted_spectrum,5788
CASMI2022,massformer,completed,82,82,213,CASMI_MOL_1196873,CASMI_MOL_432807,432807,CCC=CN=CC(C)C=O,0.9196764493343371,binned_cosine_1Da,18,False,predicted_spectrum,5788
CASMI2022,massformer,completed,82,82,213,CASMI_MOL_1196873,CASMI_MOL_433195,433195,CC=CCC(=O)N1CCC1,0.9192699178784186,binned_cosine_1Da,19,False,predicted_spectrum,5788
CASMI2022,massformer,completed,82,82,213,CASMI_MOL_1196873,CASMI_MOL_431864,431864,CC=CC(C)(C=CC)N=O,0.9188222348076011,binned_cosine_1Da,20,False,predicted_spectrum,5788
CASMI2022,massformer,completed,82,82,213,CASMI_MOL_1196873,CASMI_MOL_433827,433827,C=CC1CCC(=O)N1CC,0.9183951937485915,binned_cosine_1Da,21,False,predicted_spectrum,5788
CASMI2022,massformer,completed,82,82,213,CASMI_MOL_1196873,CASMI_MOL_436672,436672,C=CC1CCC(=O)N1CC,0.9183951937485915,binned_cosine_1Da,22,False,predicted_spectrum,5788
CASMI2022,massformer,completed,82,82,213,CASMI_MOL_1196873,CASMI_MOL_434782,434782,CC=CC(CCC)=NC=O,0.9182685172134338,binned_cosine_1Da,23,False,predicted_spectrum,5788
CASMI2022,massformer,completed,82,82,213,CASMI_MOL_1196873,CASMI_MOL_432551,432551,CN=CC(C)=CCC(C)=O,0.9176074177923658,binned_cosine_1Da,24,False,predicted_spectrum,5788
CASMI2022,massformer,completed,82,82,213,CASMI_MOL_1196873,CASMI_MOL_432552,432552,CN=C(C)C=C(C)CC=O,0.9173793545814853,binned_cosine_1Da,25,False,predicted_spectrum,5788
CASMI2022,massformer,completed,82,82,213,CASMI_MOL_1196873,CASMI_MOL_432784,432784,C=C(C=O)C(C)C(C)=NC,0.9164734836241942,binned_cosine_1Da,26,False,predicted_spectrum,5788
CASMI2022,massformer,completed,82,82,213,CASMI_MOL_1196873,CASMI_MOL_435939,435939,CCCC=CC1CNC1=O,0.9163013257970845,binned_cosine_1Da,27,False,predicted_spectrum,5788
CASMI2022,massformer,completed,82,82,213,CASMI_MOL_1196873,CASMI_MOL_432575,432575,CCC(=O)C=CC(C)=NC,0.9161744027266316,binned_cosine_1Da,28,False,predicted_spectrum,5788
CASMI2022,massformer,completed,82,82,213,CASMI_MOL_1196873,CASMI_MOL_432633,432633,CCC(=O)C=CC(C)=NC,0.9161744027266316,binned_cosine_1Da,29,False,predicted_spectrum,5788
CASMI2022,massformer,completed,82,82,213,CASMI_MOL_1196873,CASMI_MOL_432994,432994,CCC(=O)C=CC(C)=NC,0.9161744027266316,binned_cosine_1Da,30,False,predicted_spectrum,5788
CASMI2022,massformer,completed,82,82,213,CASMI_MOL_1196873,CASMI_MOL_433202,433202,CCC=CCC(=O)N1CC1,0.916168160958894,binned_cosine_1Da,31,False,predicted_spectrum,5788
CASMI2022,massformer,completed,82,82,213,CASMI_MOL_1196873,CASMI_MOL_434946,434946,CC=CCN1CCCC1=O,0.9161151828169332,binned_cosine_1Da,32,False,predicted_spectrum,5788
CASMI2022,massformer,completed,82,82,213,CASMI_MOL_1196873,CASMI_MOL_435887,435887,CC=CCN1CCCC1=O,0.9161151828169332,binned_cosine_1Da,33,False,predicted_spectrum,5788
CASMI2022,massformer,completed,82,82,213,CASMI_MOL_1196873,CASMI_MOL_433982,433982,CC=CC(=O)C(CC)=NC,0.9159155588184207,binned_cosine_1Da,34,False,predicted_spectrum,5788
CASMI2022,massformer,completed,82,82,213,CASMI_MOL_1196873,CASMI_MOL_434840,434840,CC=CC(=O)C(CC)=NC,0.9159155588184207,binned_cosine_1Da,35,False,predicted_spectrum,5788
CASMI2022,massformer,completed,82,82,213,CASMI_MOL_1196873,CASMI_MOL_435657,435657,CC=CC1NC(=O)C1CC,0.9159126667635372,binned_cosine_1Da,36,False,predicted_spectrum,5788
CASMI2022,massformer,completed,82,82,213,CASMI_MOL_1196873,CASMI_MOL_432329,432329,C=CC1CN(C(=O)CC)C1,0.9158896188987856,binned_cosine_1Da,37,False,predicted_spectrum,5788
CASMI2022,massformer,completed,82,82,213,CASMI_MOL_1196873,CASMI_MOL_432178,432178,CCC1C=NC(C)CC1=O,0.9156471471113956,binned_cosine_1Da,38,False,predicted_spectrum,5788
CASMI2022,massformer,completed,82,82,213,CASMI_MOL_1196873,CASMI_MOL_434720,434720,CC(=O)C1CN=C(C)C1C,0.915408903828113,binned_cosine_1Da,39,False,predicted_spectrum,5788
CASMI2022,massformer,completed,82,82,213,CASMI_MOL_1196873,CASMI_MOL_431585,431585,C=CC(=O)N1CC(C)C1C,0.9152082629185578,binned_cosine_1Da,40,False,predicted_spectrum,5788
CASMI2022,massformer,completed,82,82,213,CASMI_MOL_1196873,CASMI_MOL_435635,435635,CC(=O)C1C=NC(C)C1C,0.9150563127329885,binned_cosine_1Da,41,False,predicted_spectrum,5788
CASMI2022,massformer,completed,82,82,213,CASMI_MOL_1196873,CASMI_MOL_434687,434687,C=CN1CC(=O)C(C)C1C,0.9143683274740819,binned_cosine_1Da,42,False,predicted_spectrum,5788
CASMI2022,massformer,completed,82,82,213,CASMI_MOL_1196873,CASMI_MOL_432291,432291,CCC(C)C(=O)C1C=NC1,0.9143412354359721,binned_cosine_1Da,43,False,predicted_spectrum,5788
CASMI2022,massformer,completed,82,82,213,CASMI_MOL_1196873,CASMI_MOL_432745,432745,C=CC(=O)C(CCC)=NC,0.9140064890557149,binned_cosine_1Da,44,False,predicted_spectrum,5788
CASMI2022,massformer,completed,82,82,213,CASMI_MOL_1196873,CASMI_MOL_432054,432054,COC1=NCC=C1C(C)C,0.9138497722552162,binned_cosine_1Da,45,False,predicted_spectrum,5788
CASMI2022,massformer,completed,82,82,213,CASMI_MOL_1196873,CASMI_MOL_432319,432319,CC=CC1CCN(C)C1=O,0.9137816909213876,binned_cosine_1Da,46,False,predicted_spectrum,5788
CASMI2022,massformer,completed,82,82,213,CASMI_MOL_1196873,CASMI_MOL_434379,434379,CC=CC1CCN(C)C1=O,0.9137816909213876,binned_cosine_1Da,47,False,predicted_spectrum,5788
CASMI2022,massformer,completed,82,82,213,CASMI_MOL_1196873,CASMI_MOL_431628,431628,CN=CC=C(C)C(C)C=O,0.9136067369954497,binned_cosine_1Da,48,False,predicted_spectrum,5788
CASMI2022,massformer,completed,82,82,213,CASMI_MOL_1196873,CASMI_MOL_432251,432251,CC=CN1CCC(=O)CC1,0.9134300330709175,binned_cosine_1Da,49,False,predicted_spectrum,5788
CASMI2022,massformer,completed,82,82,213,CASMI_MOL_1196873,CASMI_MOL_437135,437135,CC(=O)C=CN1CC1(C)C,0.9133397589344965,binned_cosine_1Da,50,False,predicted_spectrum,5788
CASMI2022,massformer,completed,82,82,213,CASMI_MOL_1196873,CASMI_MOL_437198,437198,CC(=O)C=CN1CC1(C)C,0.9133397589344965,binned_cosine_1Da,51,False,predicted_spectrum,5788
CASMI2022,massformer,completed,82,82,213,CASMI_MOL_1196873,CASMI_MOL_434359,434359,CCCCC(O)C=CC#N,0.9133019622520022,binned_cosine_1Da,52,False,predicted_spectrum,5788
CASMI2022,massformer,completed,82,82,213,CASMI_MOL_1196873,CASMI_MOL_434518,434518,CCCCC(O)C=CC#N,0.9133019622520022,binned_cosine_1Da,53,False,predicted_spectrum,5788
CASMI2022,massformer,completed,82,82,213,CASMI_MOL_1196873,CASMI_MOL_435288,435288,CCCCC(O)C=CC#N,0.9133019622520022,binned_cosine_1Da,54,False,predicted_spectrum,5788
CASMI2022,massformer,completed,82,82,213,CASMI_MOL_1196873,CASMI_MOL_436766,436766,CCCCC(O)C=CC#N,0.9133019622520022,binned_cosine_1Da,55,False,predicted_spectrum,5788
CASMI2022,massformer,completed,82,82,213,CASMI_MOL_1196873,CASMI_MOL_436767,436767,CCCCC(O)C=CC#N,0.9133019622520022,binned_cosine_1Da,56,False,predicted_spectrum,5788
CASMI2022,massformer,completed,82,82,213,CASMI_MOL_1196873,CASMI_MOL_436391,436391,C=CN1C(=O)CCC1(C)C,0.9130832862759964,binned_cosine_1Da,57,False,predicted_spectrum,5788
CASMI2022,massformer,completed,82,82,213,CASMI_MOL_1196873,CASMI_MOL_435299,435299,C=CCN1C(C)=COC1C,0.9129280132524478,binned_cosine_1Da,58,False,predicted_spectrum,5788
CASMI2022,massformer,completed,82,82,213,CASMI_MOL_1196873,CASMI_MOL_433935,433935,C=C[N+]([O-])=C(C)C=C(C)C,0.9128600760944694,binned_cosine_1Da,59,False,predicted_spectrum,5788
CASMI2022,massformer,completed,82,82,213,CASMI_MOL_1196873,CASMI_MOL_432461,432461,CCC=C(C=NC)CC=O,0.9127589434702199,binned_cosine_1Da,60,False,predicted_spectrum,5788
CASMI2022,massformer,completed,82,82,213,CASMI_MOL_1196873,CASMI_MOL_434870,434870,CC(C)C(C)c1cc1=NO,0.9127364049007445,binned_cosine_1Da,61,False,predicted_spectrum,5788
CASMI2022,massformer,completed,82,82,213,CASMI_MOL_1196873,CASMI_MOL_432677,432677,CCC=CC(=NC)C(C)=O,0.9127039948993315,binned_cosine_1Da,62,False,predicted_spectrum,5788
CASMI2022,massformer,completed,82,82,213,CASMI_MOL_1196873,CASMI_MOL_434593,434593,C=NC=C(C)C(=O)C(C)C,0.9126910537177881,binned_cosine_1Da,63,False,predicted_spectrum,5788
CASMI2022,massformer,completed,82,82,213,CASMI_MOL_1196873,CASMI_MOL_436087,436087,C=CN1CCC(=O)C1CC,0.912567111508089,binned_cosine_1Da,64,False,predicted_spectrum,5788
CASMI2022,massformer,completed,82,82,213,CASMI_MOL_1196873,CASMI_MOL_435454,435454,CC=CC1=NC(C)(C)CO1,0.9125460666634033,binned_cosine_1Da,65,False,predicted_spectrum,5788
CASMI2022,massformer,completed,82,82,213,CASMI_MOL_1196873,CASMI_MOL_436783,436783,CC=CC1=NC(C)(C)CO1,0.9125460666634033,binned_cosine_1Da,66,False,predicted_spectrum,5788
CASMI2022,massformer,completed,82,82,213,CASMI_MOL_1196873,CASMI_MOL_434820,434820,CC(=O)N1C=CC(C)C1C,0.91208553717923,binned_cosine_1Da,67,False,predicted_spectrum,5788
CASMI2022,massformer,completed,82,82,213,CASMI_MOL_1196873,CASMI_MOL_433496,433496,CCN1C(=O)C=CC1(C)C,0.9120841914262392,binned_cosine_1Da,68,False,predicted_spectrum,5788
CASMI2022,massformer,completed,82,82,213,CASMI_MOL_1196873,CASMI_MOL_432567,432567,CCC=CC(C=O)=NCC,0.911885846820856,binned_cosine_1Da,69,False,predicted_spectrum,5788
CASMI2022,massformer,completed,82,82,213,CASMI_MOL_1196873,CASMI_MOL_434567,434567,CCC=CC(C=O)=NCC,0.911885846820856,binned_cosine_1Da,70,False,predicted_spectrum,5788
CASMI2022,massformer,completed,82,82,213,CASMI_MOL_1196873,CASMI_MOL_432442,432442,CC=CC(=O)CC=NCC,0.9117956008412799,binned_cosine_1Da,71,False,predicted_spectrum,5788
CASMI2022,massformer,completed,82,82,213,CASMI_MOL_1196873,CASMI_MOL_433806,433806,CCN=C1CCC(=O)C1C,0.9117429096443372,binned_cosine_1Da,72,False,predicted_spectrum,5788
CASMI2022,massformer,completed,82,82,213,CASMI_MOL_1196873,CASMI_MOL_435992,435992,CC1(C)CCC(=O)CC=N1,0.9117082999040107,binned_cosine_1Da,73,False,predicted_spectrum,5788
CASMI2022,massformer,completed,82,82,213,CASMI_MOL_1196873,CASMI_MOL_435215,435215,CC=C1CCN(C(C)=O)C1,0.9116220714293147,binned_cosine_1Da,74,False,predicted_spectrum,5788
CASMI2022,massformer,completed,82,82,213,CASMI_MOL_1196873,CASMI_MOL_435812,435812,CC=C1CCN(C(C)=O)C1,0.9116220714293147,binned_cosine_1Da,75,False,predicted_spectrum,5788
CASMI2022,massformer,completed,82,82,213,CASMI_MOL_1196873,CASMI_MOL_432383,432383,CC=CC1OCCN=C1C,0.9115260230964076,binned_cosine_1Da,76,False,predicted_spectrum,5788
CASMI2022,massformer,completed,82,82,213,CASMI_MOL_1196873,CASMI_MOL_436825,436825,CC(C)=CCC1=NCCO1,0.9114659367824083,binned_cosine_1Da,77,False,predicted_spectrum,5788
CASMI2022,massformer,completed,82,82,213,CASMI_MOL_1196873,CASMI_MOL_436033,436033,CC1=C(C)C(=O)NC(C)C1,0.9113115273109532,binned_cosine_1Da,78,False,predicted_spectrum,5788
CASMI2022,massformer,completed,82,82,213,CASMI_MOL_1196873,CASMI_MOL_431848,431848,CC1=NC(C)C(=O)C(C)C1,0.9112249878968519,binned_cosine_1Da,79,False,predicted_spectrum,5788
CASMI2022,massformer,completed,82,82,213,CASMI_MOL_1196873,CASMI_MOL_434860,434860,CC=CC(C)C1CNC1=O,0.9112111047901265,binned_cosine_1Da,80,False,predicted_spectrum,5788
CASMI2022,massformer,completed,82,82,213,CASMI_MOL_1196873,CASMI_MOL_432772,432772,CN=C1C=CC(OC)CC1,0.9111976698585068,binned_cosine_1Da,81,False,predicted_spectrum,5788
CASMI2022,massformer,completed,82,82,213,CASMI_MOL_1196873,CASMI_MOL_432838,432838,CC1=C(C)C(C)NC(=O)C1,0.9109838414454748,binned_cosine_1Da,82,False,predicted_spectrum,5788
CASMI2022,massformer,completed,82,82,213,CASMI_MOL_1196873,CASMI_MOL_436479,436479,CC1=C(C)C(C)NC(=O)C1,0.9109838414454748,binned_cosine_1Da,83,False,predicted_spectrum,5788
CASMI2022,massformer,completed,82,82,213,CASMI_MOL_1196873,CASMI_MOL_432226,432226,CC=C1C(=O)NC1CCC,0.9108877300015626,binned_cosine_1Da,84,False,predicted_spectrum,5788
CASMI2022,massformer,completed,82,82,213,CASMI_MOL_1196873,CASMI_MOL_433367,433367,C=CC1CCN(C(C)=O)C1,0.9107097011312818,binned_cosine_1Da,85,False,predicted_spectrum,5788
CASMI2022,massformer,completed,82,82,213,CASMI_MOL_1196873,CASMI_MOL_432478,432478,C=C(C)C(C)C(C=O)=NC,0.9106007428611793,binned_cosine_1Da,86,False,predicted_spectrum,5788
CASMI2022,massformer,completed,82,82,213,CASMI_MOL_1196873,CASMI_MOL_436384,436384,CC1=NC(=O)C(C)C(C)C1,0.9105614057695338,binned_cosine_1Da,87,False,predicted_spectrum,5788
CASMI2022,massformer,completed,82,82,213,CASMI_MOL_1196873,CASMI_MOL_435386,435386,CC1=CCC(=O)C(C)N1C,0.9105106022575815,binned_cosine_1Da,88,False,predicted_spectrum,5788
CASMI2022,massformer,completed,82,82,213,CASMI_MOL_1196873,CASMI_MOL_432869,432869,CCC1C(=O)CCN=C1C,0.9103979276972337,binned_cosine_1Da,89,False,predicted_spectrum,5788
CASMI2022,massformer,completed,82,82,213,CASMI_MOL_1196873,CASMI_MOL_431630,431630,CC=NC(=CC)C(=O)CC,0.9103911253520056,binned_cosine_1Da,90,False,predicted_spectrum,5788
CASMI2022,massformer,completed,82,82,213,CASMI_MOL_1196873,CASMI_MOL_434637,434637,CC=NC(=CC)C(=O)CC,0.9103911253520056,binned_cosine_1Da,91,False,predicted_spectrum,5788
CASMI2022,massformer,completed,82,82,213,CASMI_MOL_1196873,CASMI_MOL_432780,432780,C=C(C=O)C(CC)=NCC,0.9103615591421416,binned_cosine_1Da,92,False,predicted_spectrum,5788
CASMI2022,massformer,completed,82,82,213,CASMI_MOL_1196873,CASMI_MOL_432547,432547,CN=CC(C)CC=CC=O,0.9102256635279077,binned_cosine_1Da,93,False,predicted_spectrum,5788
CASMI2022,massformer,completed,82,82,213,CASMI_MOL_1196873,CASMI_MOL_432270,432270,CCC1CCC(=NC)C1=O,0.9102227236051064,binned_cosine_1Da,94,False,predicted_spectrum,5788
CASMI2022,massformer,completed,82,82,213,CASMI_MOL_1196873,CASMI_MOL_436692,436692,CCCC1CC(=O)CC=N1,0.9099855475369182,binned_cosine_1Da,95,False,predicted_spectrum,5788
CASMI2022,massformer,completed,82,82,213,CASMI_MOL_1196873,CASMI_MOL_432648,432648,CCC(=CC=NC)CC=O,0.9098928479368964,binned_cosine_1Da,96,False,predicted_spectrum,5788
CASMI2022,massformer,completed,82,82,213,CASMI_MOL_1196873,CASMI_MOL_435300,435300,C=CCN1C(=O)CC1CC,0.9098346655598177,binned_cosine_1Da,97,False,predicted_spectrum,5788
CASMI2022,massformer,completed,82,82,213,CASMI_MOL_1196873,CASMI_MOL_436569,436569,C=C(C)C1=NC(C)C(C)O1,0.9097922657940051,binned_cosine_1Da,98,False,predicted_spectrum,5788
CASMI2022,massformer,completed,82,82,213,CASMI_MOL_1196873,CASMI_MOL_432181,432181,CC1CC=NC(C)C(=O)C1,0.9097501247527461,binned_cosine_1Da,99,False,predicted_spectrum,5788
CASMI2022,massformer,completed,82,82,213,CASMI_MOL_1196873,CASMI_MOL_435218,435218,CCC=CC1CCNC1=O,0.909634942059584,binned_cosine_1Da,100,False,predicted_spectrum,5788
CASMI2022,massformer,completed,82,82,213,CASMI_MOL_1196873,CASMI_MOL_1196873,1196873,O=C1CCN(C2CC2)CC1,0.8673888720457313,binned_cosine_1Da,1559,True,predicted_spectrum,5788
CASMI2022,massformer,completed,83,83,219,CASMI_MOL_1196874,CASMI_MOL_439267,439267,C=CCOCC(CO)(OCC=C)OCC=C,0.6273310845887488,binned_cosine_1Da,1,False,predicted_spectrum,9564
CASMI2022,massformer,completed,83,83,219,CASMI_MOL_1196874,CASMI_MOL_438404,438404,C=C(C=CCCOOC1CCCCO1)CO,0.6104912693144007,binned_cosine_1Da,2,False,predicted_spectrum,9564
CASMI2022,massformer,completed,83,83,219,CASMI_MOL_1196874,CASMI_MOL_443434,443434,C=CC=CC(OCCO)=C(CC)OCCO,0.5878237858720857,binned_cosine_1Da,3,False,predicted_spectrum,9564
CASMI2022,massformer,completed,83,83,219,CASMI_MOL_1196874,CASMI_MOL_443428,443428,C=CC(=O)OC(C)OC(C)OC1CCCC1,0.586885786103428,binned_cosine_1Da,4,False,predicted_spectrum,9564
CASMI2022,massformer,completed,83,83,219,CASMI_MOL_1196874,CASMI_MOL_443594,443594,CC=COCC(OC=CC)C(O)OC=CC,0.5744049346572067,binned_cosine_1Da,5,False,predicted_spectrum,9564
CASMI2022,massformer,completed,83,83,219,CASMI_MOL_1196874,CASMI_MOL_438391,438391,C=CC(=CCC)C(O)C1OC(C)C(O)C1O,0.5741161691678276,binned_cosine_1Da,6,False,predicted_spectrum,9564
CASMI2022,massformer,completed,83,83,219,CASMI_MOL_1196874,CASMI_MOL_445105,445105,CCOC(=O)C=CCOCC1CCCCO1,0.5731620920614336,binned_cosine_1Da,7,False,predicted_spectrum,9564
CASMI2022,massformer,completed,83,83,219,CASMI_MOL_1196874,CASMI_MOL_443427,443427,C=CC(=O)OC(C)OCCOC1CCCC1,0.5705169741206026,binned_cosine_1Da,8,False,predicted_spectrum,9564
CASMI2022,massformer,completed,83,83,219,CASMI_MOL_1196874,CASMI_MOL_437772,437772,C#CCCCCCOC1CC(O)C(CO)O1,0.5690048281920499,binned_cosine_1Da,9,False,predicted_spectrum,9564
CASMI2022,massformer,completed,83,83,219,CASMI_MOL_1196874,CASMI_MOL_442982,442982,C=CCOCCC1OCC(O)C1OCC=C,0.5674872237420325,binned_cosine_1Da,10,False,predicted_spectrum,9564
CASMI2022,massformer,completed,83,83,219,CASMI_MOL_1196874,CASMI_MOL_445483,445483,CCC(=CCOCC1CCCO1)C(=O)OC,0.5634573658191506,binned_cosine_1Da,11,False,predicted_spectrum,9564
CASMI2022,massformer,completed,83,83,219,CASMI_MOL_1196874,CASMI_MOL_437850,437850,CCC(C)=CC=CCC(=O)OCC(O)CO,0.5539081016157738,binned_cosine_1Da,12,False,predicted_spectrum,9564
CASMI2022,massformer,completed,83,83,219,CASMI_MOL_1196874,CASMI_MOL_443429,443429,C=CC(=O)OCCOCCOC1CCCC1,0.5533023373906997,binned_cosine_1Da,13,False,predicted_spectrum,9564
CASMI2022,massformer,completed,83,83,219,CASMI_MOL_1196874,CASMI_MOL_445487,445487,COC(=O)C(C)=CCOCC1CCCCO1,0.552853667064132,binned_cosine_1Da,14,False,predicted_spectrum,9564
CASMI2022,massformer,completed,83,83,219,CASMI_MOL_1196874,CASMI_MOL_446197,446197,COC(=O)C(OCC1CCCCO1)C1CC1,0.5519549901098245,binned_cosine_1Da,15,False,predicted_spectrum,9564
CASMI2022,massformer,completed,83,83,219,CASMI_MOL_1196874,CASMI_MOL_437993,437993,CCC=CCC=CCC(=O)OCC(O)CO,0.5514409942638075,binned_cosine_1Da,16,False,predicted_spectrum,9564
CASMI2022,massformer,completed,83,83,219,CASMI_MOL_1196874,CASMI_MOL_438943,438943,COC(=O)CCCCCC#CC(OC)OC,0.5495074639457953,binned_cosine_1Da,17,False,predicted_spectrum,9564
CASMI2022,massformer,completed,83,83,219,CASMI_MOL_1196874,CASMI_MOL_438729,438729,COC1CC(OC)C(OC)CC1C=CC=O,0.5492370678038344,binned_cosine_1Da,18,False,predicted_spectrum,9564
CASMI2022,massformer,completed,83,83,219,CASMI_MOL_1196874,CASMI_MOL_439449,439449,O=C1OC2CC1CCC2OCCCCCO,0.5480132379524055,binned_cosine_1Da,19,False,predicted_spectrum,9564
CASMI2022,massformer,completed,83,83,219,CASMI_MOL_1196874,CASMI_MOL_437754,437754,COC1C2C=CC(C1OC)C(OC)C2OC,0.5464859765079263,binned_cosine_1Da,20,False,predicted_spectrum,9564
CASMI2022,massformer,completed,83,83,219,CASMI_MOL_1196874,CASMI_MOL_443269,443269,CC=C(C)C(C)C(=O)OOC1CCCCO1,0.5463281689375058,binned_cosine_1Da,21,False,predicted_spectrum,9564
CASMI2022,massformer,completed,83,83,219,CASMI_MOL_1196874,CASMI_MOL_443649,443649,CC=C(C)C(C)C(=O)OOC1CCCCO1,0.5463281689375058,binned_cosine_1Da,22,False,predicted_spectrum,9564
CASMI2022,massformer,completed,83,83,219,CASMI_MOL_1196874,CASMI_MOL_437827,437827,CCCC(O)C(O)C=CC1CC(C)C(=O)O1,0.5459398619006656,binned_cosine_1Da,23,False,predicted_spectrum,9564
CASMI2022,massformer,completed,83,83,219,CASMI_MOL_1196874,CASMI_MOL_438889,438889,CCCC(O)C(O)C=CC1CC(C)C(=O)O1,0.5459398619006656,binned_cosine_1Da,24,False,predicted_spectrum,9564
CASMI2022,massformer,completed,83,83,219,CASMI_MOL_1196874,CASMI_MOL_437399,437399,C=CCC(O)(CC=C)C(O)C(O)CC1CO1,0.5455446167060332,binned_cosine_1Da,25,False,predicted_spectrum,9564
CASMI2022,massformer,completed,83,83,219,CASMI_MOL_1196874,CASMI_MOL_439883,439883,COC(=O)C=CC=CC(C)C(O)C(C)CO,0.544730951011176,binned_cosine_1Da,26,False,predicted_spectrum,9564
CASMI2022,massformer,completed,83,83,219,CASMI_MOL_1196874,CASMI_MOL_445464,445464,O=C(COCC1CC1)OCC1CCCCO1,0.5432769541559755,binned_cosine_1Da,27,False,predicted_spectrum,9564
CASMI2022,massformer,completed,83,83,219,CASMI_MOL_1196874,CASMI_MOL_437847,437847,CCCC(=O)CCC=CC(O)C1OC1CO,0.5419483005223201,binned_cosine_1Da,28,False,predicted_spectrum,9564
CASMI2022,massformer,completed,83,83,219,CASMI_MOL_1196874,CASMI_MOL_442857,442857,CCCC(=O)CCC=CC(O)C1OC1CO,0.5419483005223201,binned_cosine_1Da,29,False,predicted_spectrum,9564
CASMI2022,massformer,completed,83,83,219,CASMI_MOL_1196874,CASMI_MOL_438972,438972,C=CC(=O)OCCC(O)OC1CCCCC1,0.5393503981632409,binned_cosine_1Da,30,False,predicted_spectrum,9564
CASMI2022,massformer,completed,83,83,219,CASMI_MOL_1196874,CASMI_MOL_437721,437721,C=CCCC(C)OC1OC(C)C(=O)CC1O,0.5393439058319197,binned_cosine_1Da,31,False,predicted_spectrum,9564
CASMI2022,massformer,completed,83,83,219,CASMI_MOL_1196874,CASMI_MOL_443669,443669,COC(=O)CCCC(O)C=CC=CC(C)O,0.5360857877994295,binned_cosine_1Da,32,False,predicted_spectrum,9564
CASMI2022,massformer,completed,83,83,219,CASMI_MOL_1196874,CASMI_MOL_439176,439176,CC(=CC=CC(C)C(C)O)C(O)CC(=O)O,0.5349754899857455,binned_cosine_1Da,33,False,predicted_spectrum,9564
CASMI2022,massformer,completed,83,83,219,CASMI_MOL_1196874,CASMI_MOL_437812,437812,O=C(O)C=CC=CCCC(O)CCCCO,0.5339619273957009,binned_cosine_1Da,34,False,predicted_spectrum,9564
CASMI2022,massformer,completed,83,83,219,CASMI_MOL_1196874,CASMI_MOL_439332,439332,O=C(O)C=CC=CCCC(O)CCCCO,0.5339619273957009,binned_cosine_1Da,35,False,predicted_spectrum,9564
CASMI2022,massformer,completed,83,83,219,CASMI_MOL_1196874,CASMI_MOL_439839,439839,COC(=O)C=CCC(C)OC1CCCOC1,0.5329526623495001,binned_cosine_1Da,36,False,predicted_spectrum,9564
CASMI2022,massformer,completed,83,83,219,CASMI_MOL_1196874,CASMI_MOL_442944,442944,CC=CC(O)CC(O)C=CCC(=O)OCC,0.5325583548033743,binned_cosine_1Da,37,False,predicted_spectrum,9564
CASMI2022,massformer,completed,83,83,219,CASMI_MOL_1196874,CASMI_MOL_438896,438896,C#CC(O)C(O)CCC1CCCOC1CO,0.5319631485440243,binned_cosine_1Da,38,False,predicted_spectrum,9564
CASMI2022,massformer,completed,83,83,219,CASMI_MOL_1196874,CASMI_MOL_439765,439765,CCC(O)C=CC1C(O)CC2OC(O)CC21,0.5313140252125222,binned_cosine_1Da,39,False,predicted_spectrum,9564
CASMI2022,massformer,completed,83,83,219,CASMI_MOL_1196874,CASMI_MOL_443358,443358,CCC(O)C=CC1C(O)CC2OC(O)CC21,0.5313140252125222,binned_cosine_1Da,40,False,predicted_spectrum,9564
CASMI2022,massformer,completed,83,83,219,CASMI_MOL_1196874,CASMI_MOL_445482,445482,CCC(=CCOCC1CCOC1)C(=O)OC,0.5312963006940628,binned_cosine_1Da,41,False,predicted_spectrum,9564
CASMI2022,massformer,completed,83,83,219,CASMI_MOL_1196874,CASMI_MOL_445621,445621,C=CC(CC(=O)COC)OC1CCCCO1,0.5310208742115716,binned_cosine_1Da,42,False,predicted_spectrum,9564
CASMI2022,massformer,completed,83,83,219,CASMI_MOL_1196874,CASMI_MOL_438405,438405,O=C(O)C=CC=CCCCCCCC(O)O,0.5295383758997534,binned_cosine_1Da,43,False,predicted_spectrum,9564
CASMI2022,massformer,completed,83,83,219,CASMI_MOL_1196874,CASMI_MOL_438207,438207,C(=CCOC1CCCO1)COC1CCCO1,0.5295316022709904,binned_cosine_1Da,44,False,predicted_spectrum,9564
CASMI2022,massformer,completed,83,83,219,CASMI_MOL_1196874,CASMI_MOL_439207,439207,CC(=CCCCCCOCC1CO1)C(=O)O,0.5289939680562287,binned_cosine_1Da,45,False,predicted_spectrum,9564
CASMI2022,massformer,completed,83,83,219,CASMI_MOL_1196874,CASMI_MOL_437768,437768,CC(C)(C)C(O)OC1CCC2CC1OC2=O,0.528415170669163,binned_cosine_1Da,46,False,predicted_spectrum,9564
CASMI2022,massformer,completed,83,83,219,CASMI_MOL_1196874,CASMI_MOL_439872,439872,C=C(OCC1CCCO1)OCC1CCCO1,0.5283706707395843,binned_cosine_1Da,47,False,predicted_spectrum,9564
CASMI2022,massformer,completed,83,83,219,CASMI_MOL_1196874,CASMI_MOL_445104,445104,CCOC(=O)C=CCOCC1CCOCC1,0.5282818306524832,binned_cosine_1Da,48,False,predicted_spectrum,9564
CASMI2022,massformer,completed,83,83,219,CASMI_MOL_1196874,CASMI_MOL_439751,439751,CC(O)CCCC=CC=CC(O)CC(=O)O,0.5270935446885584,binned_cosine_1Da,49,False,predicted_spectrum,9564
CASMI2022,massformer,completed,83,83,219,CASMI_MOL_1196874,CASMI_MOL_445506,445506,CC(O)CCCC=CC=CC(O)CC(=O)O,0.5270935446885584,binned_cosine_1Da,50,False,predicted_spectrum,9564
CASMI2022,massformer,completed,83,83,219,CASMI_MOL_1196874,CASMI_MOL_438705,438705,C=CC=C(C)CCC(O)CC(O)CC(=O)O,0.5260848463325518,binned_cosine_1Da,51,False,predicted_spectrum,9564
CASMI2022,massformer,completed,83,83,219,CASMI_MOL_1196874,CASMI_MOL_439170,439170,C=CC=C(C)CCC(O)CC(O)CC(=O)O,0.5260848463325518,binned_cosine_1Da,52,False,predicted_spectrum,9564
CASMI2022,massformer,completed,83,83,219,CASMI_MOL_1196874,CASMI_MOL_439988,439988,C=CC=C(C)CCC(O)CC(O)CC(=O)O,0.5260848463325518,binned_cosine_1Da,53,False,predicted_spectrum,9564
CASMI2022,massformer,completed,83,83,219,CASMI_MOL_1196874,CASMI_MOL_442784,442784,CCCCC(O)C=CC1CC(=O)OC1CO,0.5257954986363028,binned_cosine_1Da,54,False,predicted_spectrum,9564
CASMI2022,massformer,completed,83,83,219,CASMI_MOL_1196874,CASMI_MOL_442785,442785,CCCCC(O)C=CC1CC(=O)OC1CO,0.5257954986363028,binned_cosine_1Da,55,False,predicted_spectrum,9564
CASMI2022,massformer,completed,83,83,219,CASMI_MOL_1196874,CASMI_MOL_437988,437988,C=CCCCCC(O)C1C(=O)OC(C)C1O,0.5253397057029936,binned_cosine_1Da,56,False,predicted_spectrum,9564
CASMI2022,massformer,completed,83,83,219,CASMI_MOL_1196874,CASMI_MOL_443445,443445,C#CCC(O)CCC1OC(C)(C)OC1CO,0.5248722183536462,binned_cosine_1Da,57,False,predicted_spectrum,9564
CASMI2022,massformer,completed,83,83,219,CASMI_MOL_1196874,CASMI_MOL_438452,438452,CCC1COC(=O)C1CCCCOC(C)=O,0.5243823558665985,binned_cosine_1Da,58,False,predicted_spectrum,9564
CASMI2022,massformer,completed,83,83,219,CASMI_MOL_1196874,CASMI_MOL_441865,441865,COCCOC1C(=O)CC1OCCC1CC1,0.5240652058764093,binned_cosine_1Da,59,False,predicted_spectrum,9564
CASMI2022,massformer,completed,83,83,219,CASMI_MOL_1196874,CASMI_MOL_443736,443736,C=COC1CC(OC=C)C(OC)CC1OC,0.5240560745055977,binned_cosine_1Da,60,False,predicted_spectrum,9564
CASMI2022,massformer,completed,83,83,219,CASMI_MOL_1196874,CASMI_MOL_438707,438707,CCOC(=O)C=CC1CCC(O)C(CO)C1,0.523951288402064,binned_cosine_1Da,61,False,predicted_spectrum,9564
CASMI2022,massformer,completed,83,83,219,CASMI_MOL_1196874,CASMI_MOL_439609,439609,C=CCC1OC(CCCC(=O)OC)CC1O,0.5237468102353653,binned_cosine_1Da,62,False,predicted_spectrum,9564
CASMI2022,massformer,completed,83,83,219,CASMI_MOL_1196874,CASMI_MOL_439344,439344,COCCOC(=O)C1CCC(C(C)=O)CC1,0.5235353704943033,binned_cosine_1Da,63,False,predicted_spectrum,9564
CASMI2022,massformer,completed,83,83,219,CASMI_MOL_1196874,CASMI_MOL_446007,446007,CC(C(=O)OC1CCCCC1)C(C=O)CO,0.5228453105593305,binned_cosine_1Da,64,False,predicted_spectrum,9564
CASMI2022,massformer,completed,83,83,219,CASMI_MOL_1196874,CASMI_MOL_437902,437902,C=CCC1=C(OC)C(OC)C(O)(OC)CC1,0.5224937800741284,binned_cosine_1Da,65,False,predicted_spectrum,9564
CASMI2022,massformer,completed,83,83,219,CASMI_MOL_1196874,CASMI_MOL_437835,437835,CCCC(O)C1OC1C1OC1CC1CC1O,0.5218619869362128,binned_cosine_1Da,66,False,predicted_spectrum,9564
CASMI2022,massformer,completed,83,83,219,CASMI_MOL_1196874,CASMI_MOL_438930,438930,CCCC(O)C1OC1C1OC1CC1CC1O,0.5218619869362128,binned_cosine_1Da,67,False,predicted_spectrum,9564
CASMI2022,massformer,completed,83,83,219,CASMI_MOL_1196874,CASMI_MOL_442686,442686,COC(=O)CCCC(=O)CCCC=CCO,0.5217956047941509,binned_cosine_1Da,68,False,predicted_spectrum,9564
CASMI2022,massformer,completed,83,83,219,CASMI_MOL_1196874,CASMI_MOL_443737,443737,C=COC1CC(OC)C(OC=C)CC1OC,0.5213231582213559,binned_cosine_1Da,69,False,predicted_spectrum,9564
CASMI2022,massformer,completed,83,83,219,CASMI_MOL_1196874,CASMI_MOL_442721,442721,CCOC(=O)C=CCCCC1OC1C(C)O,0.5212811828394853,binned_cosine_1Da,70,False,predicted_spectrum,9564
CASMI2022,massformer,completed,83,83,219,CASMI_MOL_1196874,CASMI_MOL_437794,437794,CC(O)CCCC=CCC(=O)CCC(=O)O,0.5202867793938514,binned_cosine_1Da,71,False,predicted_spectrum,9564
CASMI2022,massformer,completed,83,83,219,CASMI_MOL_1196874,CASMI_MOL_439695,439695,CC(O)CCCC=CCC(=O)CCC(=O)O,0.5202867793938514,binned_cosine_1Da,72,False,predicted_spectrum,9564
CASMI2022,massformer,completed,83,83,219,CASMI_MOL_1196874,CASMI_MOL_438382,438382,COC(C)(C)C(=O)OCC1CCC2OC2C1,0.5202184991662826,binned_cosine_1Da,73,False,predicted_spectrum,9564
CASMI2022,massformer,completed,83,83,219,CASMI_MOL_1196874,CASMI_MOL_437846,437846,CCCCC(O)C#CC(O)CCCC(=O)O,0.5201152178856602,binned_cosine_1Da,74,False,predicted_spectrum,9564
CASMI2022,massformer,completed,83,83,219,CASMI_MOL_1196874,CASMI_MOL_445485,445485,COC(=O)C(C)=CCOCC1CCOCC1,0.5200170411072847,binned_cosine_1Da,75,False,predicted_spectrum,9564
CASMI2022,massformer,completed,83,83,219,CASMI_MOL_1196874,CASMI_MOL_437824,437824,CCCCC(O)C=CC(O)C=CCC(=O)O,0.5199649321123897,binned_cosine_1Da,76,False,predicted_spectrum,9564
CASMI2022,massformer,completed,83,83,219,CASMI_MOL_1196874,CASMI_MOL_445519,445519,CCCCC(O)C=CC(O)C=CCC(=O)O,0.5199649321123897,binned_cosine_1Da,77,False,predicted_spectrum,9564
CASMI2022,massformer,completed,83,83,219,CASMI_MOL_1196874,CASMI_MOL_442277,442277,COC1CCCC(OC2CC(=O)C2OC)C1,0.5191392322629899,binned_cosine_1Da,78,False,predicted_spectrum,9564
CASMI2022,massformer,completed,83,83,219,CASMI_MOL_1196874,CASMI_MOL_443656,443656,O=CCCC(O)CCCCC=CCC(=O)O,0.5189885127779374,binned_cosine_1Da,79,False,predicted_spectrum,9564
CASMI2022,massformer,completed,83,83,219,CASMI_MOL_1196874,CASMI_MOL_445488,445488,COC1CCCC(OC=C(C)CC(=O)O)C1,0.5180310655106376,binned_cosine_1Da,80,False,predicted_spectrum,9564
CASMI2022,massformer,completed,83,83,219,CASMI_MOL_1196874,CASMI_MOL_438669,438669,C=CC(=O)OCCCC1CCC(O)C(O)C1,0.5172604789469654,binned_cosine_1Da,81,False,predicted_spectrum,9564
CASMI2022,massformer,completed,83,83,219,CASMI_MOL_1196874,CASMI_MOL_443309,443309,C=COCCOC(C)CC=CC(C)C(=O)O,0.5169743100065621,binned_cosine_1Da,82,False,predicted_spectrum,9564
CASMI2022,massformer,completed,83,83,219,CASMI_MOL_1196874,CASMI_MOL_443650,443650,C=COCCOC(C)CC=CC(C)C(=O)O,0.5169743100065621,binned_cosine_1Da,83,False,predicted_spectrum,9564
CASMI2022,massformer,completed,83,83,219,CASMI_MOL_1196874,CASMI_MOL_438357,438357,COC(=O)CCC(=O)COC1CCCCC1,0.5169323002100077,binned_cosine_1Da,84,False,predicted_spectrum,9564
CASMI2022,massformer,completed,83,83,219,CASMI_MOL_1196874,CASMI_MOL_438001,438001,C=C1CCC2C1OC(OC)C2OC(C)(C)O,0.5164773095562681,binned_cosine_1Da,85,False,predicted_spectrum,9564
CASMI2022,massformer,completed,83,83,219,CASMI_MOL_1196874,CASMI_MOL_438464,438464,COC(=O)CCCC(CC=O)CCC(C)=O,0.5151159539677699,binned_cosine_1Da,86,False,predicted_spectrum,9564
CASMI2022,massformer,completed,83,83,219,CASMI_MOL_1196874,CASMI_MOL_437647,437647,COCCOC(=O)CCC1CCCCC1=O,0.514764876354136,binned_cosine_1Da,87,False,predicted_spectrum,9564
CASMI2022,massformer,completed,83,83,219,CASMI_MOL_1196874,CASMI_MOL_443611,443611,CC=CCCCCCOC(=O)CCC(=O)O,0.5143997830594983,binned_cosine_1Da,88,False,predicted_spectrum,9564
CASMI2022,massformer,completed,83,83,219,CASMI_MOL_1196874,CASMI_MOL_443257,443257,CC(=O)OCCCCC1C=CC(C)C(O)O1,0.5143122686159445,binned_cosine_1Da,89,False,predicted_spectrum,9564
CASMI2022,massformer,completed,83,83,219,CASMI_MOL_1196874,CASMI_MOL_443489,443489,CCOC(=O)COCCC=CC=CC(C)O,0.5134327907730262,binned_cosine_1Da,90,False,predicted_spectrum,9564
CASMI2022,massformer,completed,83,83,219,CASMI_MOL_1196874,CASMI_MOL_438126,438126,O=CC=CC(O)CCCCCCCC(=O)O,0.5133877675646108,binned_cosine_1Da,91,False,predicted_spectrum,9564
CASMI2022,massformer,completed,83,83,219,CASMI_MOL_1196874,CASMI_MOL_445618,445618,O=CC=CC(O)CCCCCCCC(=O)O,0.5133877675646108,binned_cosine_1Da,92,False,predicted_spectrum,9564
CASMI2022,massformer,completed,83,83,219,CASMI_MOL_1196874,CASMI_MOL_438064,438064,CC(C)OC(=O)OC1C=CCCC(O)CC1,0.5133039279514553,binned_cosine_1Da,93,False,predicted_spectrum,9564
CASMI2022,massformer,completed,83,83,219,CASMI_MOL_1196874,CASMI_MOL_445879,445879,CCCCOC1CC2OC(=O)CC2C1CO,0.513216066974562,binned_cosine_1Da,94,False,predicted_spectrum,9564
CASMI2022,massformer,completed,83,83,219,CASMI_MOL_1196874,CASMI_MOL_438756,438756,C=C(C)C(=O)OCC1CCC(OC)C(O)C1,0.5131875981664559,binned_cosine_1Da,95,False,predicted_spectrum,9564
CASMI2022,massformer,completed,83,83,219,CASMI_MOL_1196874,CASMI_MOL_443556,443556,CCOOCC1(C(=O)OCC)CC=C(C)C1,0.5130100244368087,binned_cosine_1Da,96,False,predicted_spectrum,9564
CASMI2022,massformer,completed,83,83,219,CASMI_MOL_1196874,CASMI_MOL_438204,438204,CCC=CCCCCOC(=O)CCC(=O)O,0.5126497776326187,binned_cosine_1Da,97,False,predicted_spectrum,9564
CASMI2022,massformer,completed,83,83,219,CASMI_MOL_1196874,CASMI_MOL_442704,442704,CCOC(C)C1CCC(C2CCC(=O)O2)O1,0.5118511296936901,binned_cosine_1Da,98,False,predicted_spectrum,9564
CASMI2022,massformer,completed,83,83,219,CASMI_MOL_1196874,CASMI_MOL_442705,442705,CCOC(C)C1CCC(C2CCC(=O)O2)O1,0.5118511296936901,binned_cosine_1Da,99,False,predicted_spectrum,9564
CASMI2022,massformer,completed,83,83,219,CASMI_MOL_1196874,CASMI_MOL_438755,438755,C=C(C)C(=O)OCC1CCC(O)C(OC)C1,0.5112018004901303,binned_cosine_1Da,100,False,predicted_spectrum,9564
CASMI2022,massformer,completed,83,83,219,CASMI_MOL_1196874,CASMI_MOL_1196874,1196874,CCCCC=CCC(C(=O)O)C(C)C(=O)O,0.4910255961662392,binned_cosine_1Da,235,True,predicted_spectrum,9564
CASMI2022,massformer,completed,84,84,220,CASMI_MOL_1196852,CASMI_MOL_310642,310642,COc1c(C(C)C)cc2c(c1O)C1(C)CCCC(C)C1C(O)C2,0.6536632069147758,binned_cosine_1Da,1,False,predicted_spectrum,7090
CASMI2022,massformer,completed,84,84,220,CASMI_MOL_1196852,CASMI_MOL_310269,310269,Cc1c(CCC(C)(O)CC(=O)O)cc2c(c1C)CCCC2(C)C,0.6486925732203017,binned_cosine_1Da,2,False,predicted_spectrum,7090
CASMI2022,massformer,completed,84,84,220,CASMI_MOL_1196852,CASMI_MOL_315965,315965,Cc1c(CCC(C)(O)CC(=O)O)cc2c(c1C)CCCC2(C)C,0.6486925732203017,binned_cosine_1Da,3,False,predicted_spectrum,7090
CASMI2022,massformer,completed,84,84,220,CASMI_MOL_1196852,CASMI_MOL_311881,311881,COc1c(C(C)C)ccc(C(C)C)c1C1(C(=O)O)CCCCC1,0.633662822799007,binned_cosine_1Da,4,False,predicted_spectrum,7090
CASMI2022,massformer,completed,84,84,220,CASMI_MOL_1196852,CASMI_MOL_314949,314949,CCCCCc1cc(O)c(C2=C(CCO)CCC(C)C2)c(O)c1,0.6328175666111491,binned_cosine_1Da,5,False,predicted_spectrum,7090
CASMI2022,massformer,completed,84,84,220,CASMI_MOL_1196852,CASMI_MOL_310545,310545,CCC1CC2(C)C(O)CCC2C2CCC3(O)CC(=O)CCC3=C12,0.6324425996202343,binned_cosine_1Da,6,False,predicted_spectrum,7090
CASMI2022,massformer,completed,84,84,220,CASMI_MOL_1196852,CASMI_MOL_315080,315080,COC1CC2CC(=O)C3=C(CCCC3(C)CO)C23CCC1(C)C3,0.631797416297213,binned_cosine_1Da,7,False,predicted_spectrum,7090
CASMI2022,massformer,completed,84,84,220,CASMI_MOL_1196852,CASMI_MOL_310173,310173,CC(C)c1ccc2c(c1)CCC(C(C)(C)O)C2(C)CCC(=O)O,0.6317792527753114,binned_cosine_1Da,8,False,predicted_spectrum,7090
CASMI2022,massformer,completed,84,84,220,CASMI_MOL_1196852,CASMI_MOL_312407,312407,CC(C)c1ccc2c(c1)CCC(C(C)(C)O)C2(C)CCC(=O)O,0.6317792527753114,binned_cosine_1Da,9,False,predicted_spectrum,7090
CASMI2022,massformer,completed,84,84,220,CASMI_MOL_1196852,CASMI_MOL_314043,314043,CC(C)c1ccc2c(c1)CCC(C(C)(C)O)C2(C)CCC(=O)O,0.6317792527753114,binned_cosine_1Da,10,False,predicted_spectrum,7090
CASMI2022,massformer,completed,84,84,220,CASMI_MOL_1196852,CASMI_MOL_310967,310967,COc1c(C(C)C)ccc2c1CCC1C(CO)C(O)CCC21C,0.623454955281634,binned_cosine_1Da,11,False,predicted_spectrum,7090
CASMI2022,massformer,completed,84,84,220,CASMI_MOL_1196852,CASMI_MOL_315350,315350,COc1c(O)c(C(C)(C)O)cc2c1C1(C)CCCC(C)(C)C1C2,0.6209341471455692,binned_cosine_1Da,12,False,predicted_spectrum,7090
CASMI2022,massformer,completed,84,84,220,CASMI_MOL_1196852,CASMI_MOL_313561,313561,CCCCc1cc(OC)c(C2C=C(CO)C(C)CC2)c(OC)c1,0.6198805572746999,binned_cosine_1Da,13,False,predicted_spectrum,7090
CASMI2022,massformer,completed,84,84,220,CASMI_MOL_1196852,CASMI_MOL_313165,313165,CC(C(=O)O)c1cc(C(C)(C)C)c(O)c(C2(C)CCCCC2)c1,0.6196671405628078,binned_cosine_1Da,14,False,predicted_spectrum,7090
CASMI2022,massformer,completed,84,84,220,CASMI_MOL_1196852,CASMI_MOL_314948,314948,CCCCCCc1cc(O)c(C2=C(CO)CCC(C)C2)c(O)c1,0.6151823860694574,binned_cosine_1Da,15,False,predicted_spectrum,7090
CASMI2022,massformer,completed,84,84,220,CASMI_MOL_1196852,CASMI_MOL_311618,311618,CC(=O)CCc1cccc(C(C)C)c1CC(CO)C(C)C(C)=O,0.6149787553782853,binned_cosine_1Da,16,False,predicted_spectrum,7090
CASMI2022,massformer,completed,84,84,220,CASMI_MOL_1196852,CASMI_MOL_310413,310413,C=C(C)C1CCC(CO)CC1c1c(O)cc(CCCC)cc1O,0.6119312672253032,binned_cosine_1Da,17,False,predicted_spectrum,7090
CASMI2022,massformer,completed,84,84,220,CASMI_MOL_1196852,CASMI_MOL_310035,310035,CC(C)c1c(O)ccc2c1CC(O)C1C2(C)CCC(O)C1(C)C,0.611831015975986,binned_cosine_1Da,18,False,predicted_spectrum,7090
CASMI2022,massformer,completed,84,84,220,CASMI_MOL_1196852,CASMI_MOL_314434,314434,CC(C)c1c(O)ccc2c1CC(O)C1C2(C)CCC(O)C1(C)C,0.611831015975986,binned_cosine_1Da,19,False,predicted_spectrum,7090
CASMI2022,massformer,completed,84,84,220,CASMI_MOL_1196852,CASMI_MOL_309359,309359,C=C(C)C1CCC2(C)CCC3(C)CC(=O)C(CO)CC(=O)C3C12,0.609902282794185,binned_cosine_1Da,20,False,predicted_spectrum,7090
CASMI2022,massformer,completed,84,84,220,CASMI_MOL_1196852,CASMI_MOL_309360,309360,C=C(C)C1CCC2(C)CCC3(C)CC(=O)C(CO)CC(=O)C3C12,0.609902282794185,binned_cosine_1Da,21,False,predicted_spectrum,7090
CASMI2022,massformer,completed,84,84,220,CASMI_MOL_1196852,CASMI_MOL_310072,310072,C=C(C)C1CCC2(C)CCC3(C)CC(=O)C(CO)CC(=O)C3C12,0.609902282794185,binned_cosine_1Da,22,False,predicted_spectrum,7090
CASMI2022,massformer,completed,84,84,220,CASMI_MOL_1196852,CASMI_MOL_314694,314694,C=C(C)C1CCC2(C)CCC3(C)CC(=O)C(CO)CC(=O)C3C12,0.609902282794185,binned_cosine_1Da,23,False,predicted_spectrum,7090
CASMI2022,massformer,completed,84,84,220,CASMI_MOL_1196852,CASMI_MOL_314848,314848,C=C(C)C1CCC2(C)CCC3(C)CC(=O)C(CO)CC(=O)C3C12,0.609902282794185,binned_cosine_1Da,24,False,predicted_spectrum,7090
CASMI2022,massformer,completed,84,84,220,CASMI_MOL_1196852,CASMI_MOL_315353,315353,CC(=O)C1CCC2C3C(=C4CCC(O)CC4(C)C3O)CCC12C,0.6081670300847201,binned_cosine_1Da,25,False,predicted_spectrum,7090
CASMI2022,massformer,completed,84,84,220,CASMI_MOL_1196852,CASMI_MOL_310073,310073,CC(C)c1c(O)ccc2c1CCC1C(C)(C)C(O)CC(O)C21C,0.6073106893178544,binned_cosine_1Da,26,False,predicted_spectrum,7090
CASMI2022,massformer,completed,84,84,220,CASMI_MOL_1196852,CASMI_MOL_314855,314855,CC(C)c1c(O)ccc2c1CCC1C(C)(C)C(O)CC(O)C21C,0.6073106893178544,binned_cosine_1Da,27,False,predicted_spectrum,7090
CASMI2022,massformer,completed,84,84,220,CASMI_MOL_1196852,CASMI_MOL_315467,315467,CC(C)c1c(O)ccc2c1CCC1C(C)(C)C(O)CC(O)C21C,0.6073106893178544,binned_cosine_1Da,28,False,predicted_spectrum,7090
CASMI2022,massformer,completed,84,84,220,CASMI_MOL_1196852,CASMI_MOL_309897,309897,CC1=CCC2=C(CC(=O)CC2(C)C)C1(C)CCC(C)CC(=O)O,0.6058399873364649,binned_cosine_1Da,29,False,predicted_spectrum,7090
CASMI2022,massformer,completed,84,84,220,CASMI_MOL_1196852,CASMI_MOL_312334,312334,CC1=CCC2=C(CC(=O)CC2(C)C)C1(C)CCC(C)CC(=O)O,0.6058399873364649,binned_cosine_1Da,30,False,predicted_spectrum,7090
CASMI2022,massformer,completed,84,84,220,CASMI_MOL_1196852,CASMI_MOL_309429,309429,CC(C)c1c(O)ccc2c1CCC1C2(C)CCC(O)C1(C)CO,0.6053459493143275,binned_cosine_1Da,31,False,predicted_spectrum,7090
CASMI2022,massformer,completed,84,84,220,CASMI_MOL_1196852,CASMI_MOL_314606,314606,CC(C)c1c(O)ccc2c1CCC1C2(C)CCC(O)C1(C)CO,0.6053459493143275,binned_cosine_1Da,32,False,predicted_spectrum,7090
CASMI2022,massformer,completed,84,84,220,CASMI_MOL_1196852,CASMI_MOL_315540,315540,COC1C(C)CC2C(=O)C3C(=O)CC(C)(C)C3CC=C(C)CC21,0.6051535738792425,binned_cosine_1Da,33,False,predicted_spectrum,7090
CASMI2022,massformer,completed,84,84,220,CASMI_MOL_1196852,CASMI_MOL_310934,310934,CCC1CCCC2(O)C3C(=O)CCCC3C3C(=O)CCCC3C12,0.6041175952045167,binned_cosine_1Da,34,False,predicted_spectrum,7090
CASMI2022,massformer,completed,84,84,220,CASMI_MOL_1196852,CASMI_MOL_312978,312978,CCC1CCCC2(O)C3C(=O)CCCC3C3C(=O)CCCC3C12,0.6041175952045167,binned_cosine_1Da,35,False,predicted_spectrum,7090
CASMI2022,massformer,completed,84,84,220,CASMI_MOL_1196852,CASMI_MOL_313763,313763,COCc1c2c(c(C(C)C)c(O)c1C(C)C)CCC1(CCC1)O2,0.603832792237065,binned_cosine_1Da,36,False,predicted_spectrum,7090
CASMI2022,massformer,completed,84,84,220,CASMI_MOL_1196852,CASMI_MOL_309963,309963,CC1C(=O)C2=C3C(CCC4C(C)(CO)CCCC34C)CC1(O)C2,0.6038296025042811,binned_cosine_1Da,37,False,predicted_spectrum,7090
CASMI2022,massformer,completed,84,84,220,CASMI_MOL_1196852,CASMI_MOL_311816,311816,CC1C(=O)C2=C3C(CCC4C(C)(CO)CCCC34C)CC1(O)C2,0.6038296025042811,binned_cosine_1Da,38,False,predicted_spectrum,7090
CASMI2022,massformer,completed,84,84,220,CASMI_MOL_1196852,CASMI_MOL_311817,311817,CC1C(=O)C2=C3C(CCC4C(C)(CO)CCCC34C)CC1(O)C2,0.6038296025042811,binned_cosine_1Da,39,False,predicted_spectrum,7090
CASMI2022,massformer,completed,84,84,220,CASMI_MOL_1196852,CASMI_MOL_314089,314089,CC1(O)CCC2C3CC=C4CC(=O)CCC4(C)C3(O)CCC21C,0.6036162615447244,binned_cosine_1Da,40,False,predicted_spectrum,7090
CASMI2022,massformer,completed,84,84,220,CASMI_MOL_1196852,CASMI_MOL_314271,314271,CC1(O)CCC2C3CCC4=CC(=O)CCC4(C)C3(O)CCC21C,0.6036162615447244,binned_cosine_1Da,41,False,predicted_spectrum,7090
CASMI2022,massformer,completed,84,84,220,CASMI_MOL_1196852,CASMI_MOL_315206,315206,CC1(O)CCC2C3CC=C4CC(=O)CCC4(C)C3(O)CCC21C,0.6036162615447244,binned_cosine_1Da,42,False,predicted_spectrum,7090
CASMI2022,massformer,completed,84,84,220,CASMI_MOL_1196852,CASMI_MOL_315006,315006,CC(C)c1cc(C2(C)CCC(C(=O)O)CC2)cc(C(C)C)c1O,0.6023793079481536,binned_cosine_1Da,43,False,predicted_spectrum,7090
CASMI2022,massformer,completed,84,84,220,CASMI_MOL_1196852,CASMI_MOL_315906,315906,CC(C)C1=C2C3CC(=O)C(CO)CC(=O)C3(C)CCC2(C)CC1,0.601913032929893,binned_cosine_1Da,44,False,predicted_spectrum,7090
CASMI2022,massformer,completed,84,84,220,CASMI_MOL_1196852,CASMI_MOL_315791,315791,CC(C)C1=C2C3CC(=O)C(CO)CC(=O)C3(C)CCC2(C)CC1,0.6019130305060204,binned_cosine_1Da,45,False,predicted_spectrum,7090
CASMI2022,massformer,completed,84,84,220,CASMI_MOL_1196852,CASMI_MOL_309688,309688,C=CC1(C)CC2C(C)(CO)CC(O)CC2(C)C2=C1CC(=O)CC2,0.6017734270518083,binned_cosine_1Da,46,False,predicted_spectrum,7090
CASMI2022,massformer,completed,84,84,220,CASMI_MOL_1196852,CASMI_MOL_309689,309689,C=CC1(C)CC2C(C)(CO)CC(O)CC2(C)C2=C1CC(=O)CC2,0.6017734270518083,binned_cosine_1Da,47,False,predicted_spectrum,7090
CASMI2022,massformer,completed,84,84,220,CASMI_MOL_1196852,CASMI_MOL_315071,315071,C=CC1(C)CC2C(C)(CO)CC(O)CC2(C)C2=C1CC(=O)CC2,0.6017734270518083,binned_cosine_1Da,48,False,predicted_spectrum,7090
CASMI2022,massformer,completed,84,84,220,CASMI_MOL_1196852,CASMI_MOL_314940,314940,C=C(CCCc1cc(C(C)(C)C)c(O)c(C(C)(C)C)c1)C(=O)O,0.601733924309926,binned_cosine_1Da,49,False,predicted_spectrum,7090
CASMI2022,massformer,completed,84,84,220,CASMI_MOL_1196852,CASMI_MOL_310050,310050,C=C1C2CC(O)C(C)(C)C(=O)C2CC23CC(CCC12)C(C)(O)C3,0.6015910837913594,binned_cosine_1Da,50,False,predicted_spectrum,7090
CASMI2022,massformer,completed,84,84,220,CASMI_MOL_1196852,CASMI_MOL_312489,312489,C=C1C2CC(O)C(C)(C)C(=O)C2CC23CC(CCC12)C(C)(O)C3,0.6015910837913594,binned_cosine_1Da,51,False,predicted_spectrum,7090
CASMI2022,massformer,completed,84,84,220,CASMI_MOL_1196852,CASMI_MOL_314600,314600,C=C1C2CC(O)C(C)(C)C(=O)C2CC23CC(CCC12)C(C)(O)C3,0.6015910837913594,binned_cosine_1Da,52,False,predicted_spectrum,7090
CASMI2022,massformer,completed,84,84,220,CASMI_MOL_1196852,CASMI_MOL_315839,315839,C=C1C2CC(O)C(C)(C)C(=O)C2CC23CC(CCC12)C(C)(O)C3,0.6015910837913594,binned_cosine_1Da,53,False,predicted_spectrum,7090
CASMI2022,massformer,completed,84,84,220,CASMI_MOL_1196852,CASMI_MOL_309995,309995,CC(C)c1cc2c(c(O)c1O)C1(C)CCCC(C)(C)C1(O)CC2,0.6008624387194742,binned_cosine_1Da,54,False,predicted_spectrum,7090
CASMI2022,massformer,completed,84,84,220,CASMI_MOL_1196852,CASMI_MOL_315093,315093,CC(C)c1cc2c(c(O)c1O)C1(C)CCCC(C)(C)C1(O)CC2,0.6008624387194742,binned_cosine_1Da,55,False,predicted_spectrum,7090
CASMI2022,massformer,completed,84,84,220,CASMI_MOL_1196852,CASMI_MOL_313237,313237,C=CCC(CC(=O)O)c1cc(C(C)(C)C)c(O)c(C(C)(C)C)c1,0.6001379576784571,binned_cosine_1Da,56,False,predicted_spectrum,7090
CASMI2022,massformer,completed,84,84,220,CASMI_MOL_1196852,CASMI_MOL_314988,314988,CCCCCc1cc(O)c2c(c1)OC(C)(C)C(CCCO)=C2C,0.59958241596869,binned_cosine_1Da,57,False,predicted_spectrum,7090
CASMI2022,massformer,completed,84,84,220,CASMI_MOL_1196852,CASMI_MOL_312195,312195,CC(C)C1C=C(OCCO)C2C(=O)C3=C(CCCC3)CCC21C,0.598682690630191,binned_cosine_1Da,58,False,predicted_spectrum,7090
CASMI2022,massformer,completed,84,84,220,CASMI_MOL_1196852,CASMI_MOL_313553,313553,CCC12CCC3C4=CCC(O)C(OC)=C4CCC3C1CCC2O,0.5982466202665612,binned_cosine_1Da,59,False,predicted_spectrum,7090
CASMI2022,massformer,completed,84,84,220,CASMI_MOL_1196852,CASMI_MOL_313805,313805,CCC12CCC3C4=C(CCC3C1CCC2O)CC(=O)C(OC)C4,0.5980604747879761,binned_cosine_1Da,60,False,predicted_spectrum,7090
CASMI2022,massformer,completed,84,84,220,CASMI_MOL_1196852,CASMI_MOL_314905,314905,CC12CCC3C4=C(CCC3C1CCC2(O)CCO)CC(=O)CC4,0.5979783571807458,binned_cosine_1Da,61,False,predicted_spectrum,7090
CASMI2022,massformer,completed,84,84,220,CASMI_MOL_1196852,CASMI_MOL_315956,315956,CC12CCC3C4=C(CCC3C1CCC2(O)CCO)CC(=O)CC4,0.5979783571807458,binned_cosine_1Da,62,False,predicted_spectrum,7090
CASMI2022,massformer,completed,84,84,220,CASMI_MOL_1196852,CASMI_MOL_309926,309926,COC1C(=O)CC2C3CC=C4CC(O)CCC4(C)C3CCC12C,0.5978455230378015,binned_cosine_1Da,63,False,predicted_spectrum,7090
CASMI2022,massformer,completed,84,84,220,CASMI_MOL_1196852,CASMI_MOL_315798,315798,COC1C(=O)CC2C3CC=C4CC(O)CCC4(C)C3CCC12C,0.5978455230378015,binned_cosine_1Da,64,False,predicted_spectrum,7090
CASMI2022,massformer,completed,84,84,220,CASMI_MOL_1196852,CASMI_MOL_315937,315937,COC1C(=O)CC2C3CC=C4CC(O)CCC4(C)C3CCC12C,0.5978455230378015,binned_cosine_1Da,65,False,predicted_spectrum,7090
CASMI2022,massformer,completed,84,84,220,CASMI_MOL_1196852,CASMI_MOL_311642,311642,C=C1CC23CC1CCC2C(=C)C1CC(O)C(C)(C)C1(O)C(O)C3,0.5972821823798456,binned_cosine_1Da,66,False,predicted_spectrum,7090
CASMI2022,massformer,completed,84,84,220,CASMI_MOL_1196852,CASMI_MOL_313562,313562,CC12CC=C3C4=C(CCC3C1CCC2O)CC(CO)(CO)CC4,0.5971685070297775,binned_cosine_1Da,67,False,predicted_spectrum,7090
CASMI2022,massformer,completed,84,84,220,CASMI_MOL_1196852,CASMI_MOL_312544,312544,CC(CO)C1=C2C3CC(O)C(C=O)=CCC3(C)CCC2(C)CC1,0.5963421075692252,binned_cosine_1Da,68,False,predicted_spectrum,7090
CASMI2022,massformer,completed,84,84,220,CASMI_MOL_1196852,CASMI_MOL_311598,311598,CC1=CCCC(c2c(O)cc(C(C)(C)CO)cc2OC(C)C)C1,0.5958856090958581,binned_cosine_1Da,69,False,predicted_spectrum,7090
CASMI2022,massformer,completed,84,84,220,CASMI_MOL_1196852,CASMI_MOL_310151,310151,CC1(C)CC(=O)CC2(C)C1CC(O)C1CC3CC12CC=C3CO,0.5956309616227164,binned_cosine_1Da,70,False,predicted_spectrum,7090
CASMI2022,massformer,completed,84,84,220,CASMI_MOL_1196852,CASMI_MOL_315230,315230,CC1(C)CC(=O)CC2(C)C1CC(O)C1CC3CC12CC=C3CO,0.5956309616227164,binned_cosine_1Da,71,False,predicted_spectrum,7090
CASMI2022,massformer,completed,84,84,220,CASMI_MOL_1196852,CASMI_MOL_309855,309855,CCc1c(C)c2c(c(O)c1O)C1(C)CCC(O)C(C)(C)C1CC2,0.59530513903063,binned_cosine_1Da,72,False,predicted_spectrum,7090
CASMI2022,massformer,completed,84,84,220,CASMI_MOL_1196852,CASMI_MOL_309856,309856,CCc1c(C)c2c(c(O)c1O)C1(C)CCC(O)C(C)(C)C1CC2,0.59530513903063,binned_cosine_1Da,73,False,predicted_spectrum,7090
CASMI2022,massformer,completed,84,84,220,CASMI_MOL_1196852,CASMI_MOL_309484,309484,CC1=CCC2(C)CC(=O)C(=C(C)C)C2CC=C(C)C(OO)CC1,0.5950195937481337,binned_cosine_1Da,74,False,predicted_spectrum,7090
CASMI2022,massformer,completed,84,84,220,CASMI_MOL_1196852,CASMI_MOL_309485,309485,CC1=CCC2(C)CC(=O)C(=C(C)C)C2CC=C(C)C(OO)CC1,0.5950195937481337,binned_cosine_1Da,75,False,predicted_spectrum,7090
CASMI2022,massformer,completed,84,84,220,CASMI_MOL_1196852,CASMI_MOL_309486,309486,CC1=CCC2(C)CC(=O)C(=C(C)C)C2CC=C(C)C(OO)CC1,0.5950195937481337,binned_cosine_1Da,76,False,predicted_spectrum,7090
CASMI2022,massformer,completed,84,84,220,CASMI_MOL_1196852,CASMI_MOL_309487,309487,CC1=CCC2(C)CC(=O)C(=C(C)C)C2CC=C(C)C(OO)CC1,0.5950195937481337,binned_cosine_1Da,77,False,predicted_spectrum,7090
CASMI2022,massformer,completed,84,84,220,CASMI_MOL_1196852,CASMI_MOL_310185,310185,CC1=CCC2(C)CC(=O)C(=C(C)C)C2CC=C(C)C(OO)CC1,0.5950195937481337,binned_cosine_1Da,78,False,predicted_spectrum,7090
CASMI2022,massformer,completed,84,84,220,CASMI_MOL_1196852,CASMI_MOL_314446,314446,CC1=CCC2(C)CC(=O)C(=C(C)C)C2CC=C(C)C(OO)CC1,0.5950195937481337,binned_cosine_1Da,79,False,predicted_spectrum,7090
CASMI2022,massformer,completed,84,84,220,CASMI_MOL_1196852,CASMI_MOL_314450,314450,CC1=CCC2(C)CC(=O)C(=C(C)C)C2CC=C(C)C(OO)CC1,0.5950195937481337,binned_cosine_1Da,80,False,predicted_spectrum,7090
CASMI2022,massformer,completed,84,84,220,CASMI_MOL_1196852,CASMI_MOL_313883,313883,COC1CC2=CC(O)CCC2(C)C2CCC3(C)C(=C12)CCC3O,0.594335351216068,binned_cosine_1Da,81,False,predicted_spectrum,7090
CASMI2022,massformer,completed,84,84,220,CASMI_MOL_1196852,CASMI_MOL_313884,313884,COC1CC2=CC(O)CCC2(C)C2CCC3(C)C(=C12)CCC3O,0.594335351216068,binned_cosine_1Da,82,False,predicted_spectrum,7090
CASMI2022,massformer,completed,84,84,220,CASMI_MOL_1196852,CASMI_MOL_310719,310719,CCOC1CCC2(O)C3=CCC4(C)C(=O)CCC4C3CCC2C1,0.5938559048550914,binned_cosine_1Da,83,False,predicted_spectrum,7090
CASMI2022,massformer,completed,84,84,220,CASMI_MOL_1196852,CASMI_MOL_310573,310573,CC(C)c1cc2c(c(O)c1O)C1(C)CC(O)CC(C)(C)C1CC2,0.5938247097909477,binned_cosine_1Da,84,False,predicted_spectrum,7090
CASMI2022,massformer,completed,84,84,220,CASMI_MOL_1196852,CASMI_MOL_315094,315094,CC(C)c1cc2c(c(O)c1O)C1(C)CC(O)CC(C)(C)C1CC2,0.5938247097909477,binned_cosine_1Da,85,False,predicted_spectrum,7090
CASMI2022,massformer,completed,84,84,220,CASMI_MOL_1196852,CASMI_MOL_315961,315961,CC(C)c1cc2c(c(O)c1O)C1(C)CC(O)CC(C)(C)C1CC2,0.5938247097909477,binned_cosine_1Da,86,False,predicted_spectrum,7090
CASMI2022,massformer,completed,84,84,220,CASMI_MOL_1196852,CASMI_MOL_313633,313633,CC1(O)CCC2C3CC=C4CC(=O)CCC4(CO)C3CCC21C,0.5937677607139223,binned_cosine_1Da,87,False,predicted_spectrum,7090
CASMI2022,massformer,completed,84,84,220,CASMI_MOL_1196852,CASMI_MOL_314109,314109,CC1(O)CCC2C3CC=C4CC(=O)CCC4(CO)C3CCC21C,0.5937677607139223,binned_cosine_1Da,88,False,predicted_spectrum,7090
CASMI2022,massformer,completed,84,84,220,CASMI_MOL_1196852,CASMI_MOL_313898,313898,COC1CC2=CC(O)CCC2(C)C2=C1C1CCC(O)C1(C)CC2,0.593595123159738,binned_cosine_1Da,89,False,predicted_spectrum,7090
CASMI2022,massformer,completed,84,84,220,CASMI_MOL_1196852,CASMI_MOL_313899,313899,COC1CC2=CC(O)CCC2(C)C2=C1C1CCC(O)C1(C)CC2,0.593595123159738,binned_cosine_1Da,90,False,predicted_spectrum,7090
CASMI2022,massformer,completed,84,84,220,CASMI_MOL_1196852,CASMI_MOL_309801,309801,C=C1CCC2C(=C(C)C)C(=O)CC2(C)CC=C(C)CCC1OO,0.5931344078529109,binned_cosine_1Da,91,False,predicted_spectrum,7090
CASMI2022,massformer,completed,84,84,220,CASMI_MOL_1196852,CASMI_MOL_309802,309802,C=C1CCC2C(=C(C)C)C(=O)CC2(C)CC=C(C)CCC1OO,0.5931344078529109,binned_cosine_1Da,92,False,predicted_spectrum,7090
CASMI2022,massformer,completed,84,84,220,CASMI_MOL_1196852,CASMI_MOL_313172,313172,C=CC(CCC(=O)O)c1cc(C(C)(C)C)c(O)c(C(C)(C)C)c1,0.5929964801582829,binned_cosine_1Da,93,False,predicted_spectrum,7090
CASMI2022,massformer,completed,84,84,220,CASMI_MOL_1196852,CASMI_MOL_313014,313014,CC1C=C2CC(=O)CCC2C2C(O)CC3(C)C(CCC3(C)O)C12,0.5929771580676405,binned_cosine_1Da,94,False,predicted_spectrum,7090
CASMI2022,massformer,completed,84,84,220,CASMI_MOL_1196852,CASMI_MOL_313713,313713,CC1C=C2CC(=O)CCC2C2C(O)CC3(C)C(CCC3(C)O)C12,0.5929771580676405,binned_cosine_1Da,95,False,predicted_spectrum,7090
CASMI2022,massformer,completed,84,84,220,CASMI_MOL_1196852,CASMI_MOL_314394,314394,CC1C=C2CC(=O)CCC2C2C(O)CC3(C)C(CCC3(C)O)C12,0.5929771580676405,binned_cosine_1Da,96,False,predicted_spectrum,7090
CASMI2022,massformer,completed,84,84,220,CASMI_MOL_1196852,CASMI_MOL_315608,315608,CC1C=C2CC(=O)CCC2C2C(O)CC3(C)C(CCC3(C)O)C12,0.5929771580676405,binned_cosine_1Da,97,False,predicted_spectrum,7090
CASMI2022,massformer,completed,84,84,220,CASMI_MOL_1196852,CASMI_MOL_308975,308975,COC1(OC)CCC2=C(CCC3C2=CCC2(C)C(O)CCC32)C1,0.5928271540113441,binned_cosine_1Da,98,False,predicted_spectrum,7090
CASMI2022,massformer,completed,84,84,220,CASMI_MOL_1196852,CASMI_MOL_313279,313279,COC1(OC)CCC2=C(CCC3C2=CCC2(C)C(O)CCC32)C1,0.5928271540113441,binned_cosine_1Da,99,False,predicted_spectrum,7090
CASMI2022,massformer,completed,84,84,220,CASMI_MOL_1196852,CASMI_MOL_315430,315430,COC1(OC)CCC2=C(CCC3C2=CCC2(C)C(O)CCC32)C1,0.5928271540113441,binned_cosine_1Da,100,False,predicted_spectrum,7090
CASMI2022,massformer,completed,84,84,220,CASMI_MOL_1196852,CASMI_MOL_1196852,1196852,CC1(C)C(=O)C=CC2(C)C3CCC4CC3(CCC12)CC4(O)CO,0.5108386919897229,binned_cosine_1Da,2481,True,predicted_spectrum,7090
CASMI2022,massformer,completed,87,87,226,CASMI_MOL_1196876,CASMI_MOL_455879,455879,COc1cccc(C)c1C#N,0.8403767460480357,binned_cosine_1Da,1,False,predicted_spectrum,2560
CASMI2022,massformer,completed,87,87,226,CASMI_MOL_1196876,CASMI_MOL_455749,455749,COc1cccc(C#N)c1C,0.8370912200215017,binned_cosine_1Da,2,False,predicted_spectrum,2560
CASMI2022,massformer,completed,87,87,226,CASMI_MOL_1196876,CASMI_MOL_453779,453779,COc1cccc2c[nH]cc12,0.8312840197637071,binned_cosine_1Da,3,False,predicted_spectrum,2560
CASMI2022,massformer,completed,87,87,226,CASMI_MOL_1196876,CASMI_MOL_455421,455421,COc1c(C)cccc1C#N,0.8274875492627595,binned_cosine_1Da,4,False,predicted_spectrum,2560
CASMI2022,massformer,completed,87,87,226,CASMI_MOL_1196876,CASMI_MOL_453533,453533,COc1ccc2c(c1)CN=C2,0.8272658971017581,binned_cosine_1Da,5,False,predicted_spectrum,2560
CASMI2022,massformer,completed,87,87,226,CASMI_MOL_1196876,CASMI_MOL_455684,455684,COc1cc(C)ccc1C#N,0.8267515133867402,binned_cosine_1Da,6,False,predicted_spectrum,2560
CASMI2022,massformer,completed,87,87,226,CASMI_MOL_1196876,CASMI_MOL_455838,455838,COc1ccc(C)cc1C#N,0.8249999074061476,binned_cosine_1Da,7,False,predicted_spectrum,2560
CASMI2022,massformer,completed,87,87,226,CASMI_MOL_1196876,CASMI_MOL_455537,455537,CC12OC1Nc1ccccc12,0.8249016237372417,binned_cosine_1Da,8,False,predicted_spectrum,2560
CASMI2022,massformer,completed,87,87,226,CASMI_MOL_1196876,CASMI_MOL_455599,455599,COc1cc(C#N)ccc1C,0.8221126242074562,binned_cosine_1Da,9,False,predicted_spectrum,2560
CASMI2022,massformer,completed,87,87,226,CASMI_MOL_1196876,CASMI_MOL_454164,454164,COc1ccc2c[nH]cc2c1,0.8204742601838785,binned_cosine_1Da,10,False,predicted_spectrum,2560
CASMI2022,massformer,completed,87,87,226,CASMI_MOL_1196876,CASMI_MOL_454138,454138,COC1C=c2ccccc2=N1,0.8186495738897154,binned_cosine_1Da,11,False,predicted_spectrum,2560
CASMI2022,massformer,completed,87,87,226,CASMI_MOL_1196876,CASMI_MOL_454448,454448,COc1[nH]cc2ccccc12,0.8184567719745867,binned_cosine_1Da,12,False,predicted_spectrum,2560
CASMI2022,massformer,completed,87,87,226,CASMI_MOL_1196876,CASMI_MOL_454496,454496,COc1cncc2c1CC=C2,0.817959372067894,binned_cosine_1Da,13,False,predicted_spectrum,2560
CASMI2022,massformer,completed,87,87,226,CASMI_MOL_1196876,CASMI_MOL_454216,454216,COc1cncc2c1C=CC2,0.8176774771776932,binned_cosine_1Da,14,False,predicted_spectrum,2560
CASMI2022,massformer,completed,87,87,226,CASMI_MOL_1196876,CASMI_MOL_455195,455195,COc1ccc(C)c(C#N)c1,0.8174837803437424,binned_cosine_1Da,15,False,predicted_spectrum,2560
CASMI2022,massformer,completed,87,87,226,CASMI_MOL_1196876,CASMI_MOL_453434,453434,CC=c1cccc2c1=NCO2,0.8168577433832018,binned_cosine_1Da,16,False,predicted_spectrum,2560
CASMI2022,massformer,completed,87,87,226,CASMI_MOL_1196876,CASMI_MOL_453487,453487,Cc1cccc2oc(N)cc12,0.8166971126404615,binned_cosine_1Da,17,False,predicted_spectrum,2560
CASMI2022,massformer,completed,87,87,226,CASMI_MOL_1196876,CASMI_MOL_454727,454727,C#Cc1cc(OC)ncc1C,0.8161365143442008,binned_cosine_1Da,18,False,predicted_spectrum,2560
CASMI2022,massformer,completed,87,87,226,CASMI_MOL_1196876,CASMI_MOL_454897,454897,CNc1occ2ccccc12,0.8160190971556807,binned_cosine_1Da,19,False,predicted_spectrum,2560
CASMI2022,massformer,completed,87,87,226,CASMI_MOL_1196876,CASMI_MOL_454723,454723,C#Cc1c(C)cncc1OC,0.8149640995294638,binned_cosine_1Da,20,False,predicted_spectrum,2560
CASMI2022,massformer,completed,87,87,226,CASMI_MOL_1196876,CASMI_MOL_454237,454237,CNc1coc2ccccc12,0.8144411609179427,binned_cosine_1Da,21,False,predicted_spectrum,2560
CASMI2022,massformer,completed,87,87,226,CASMI_MOL_1196876,CASMI_MOL_454669,454669,CNc1coc2ccccc12,0.8144411609179427,binned_cosine_1Da,22,False,predicted_spectrum,2560
CASMI2022,massformer,completed,87,87,226,CASMI_MOL_1196876,CASMI_MOL_454363,454363,Cc1c(N)oc2ccccc12,0.8144045545065289,binned_cosine_1Da,23,False,predicted_spectrum,2560
CASMI2022,massformer,completed,87,87,226,CASMI_MOL_1196876,CASMI_MOL_455397,455397,COc1cc2c(cn1)CC=C2,0.8142349908018016,binned_cosine_1Da,24,False,predicted_spectrum,2560
CASMI2022,massformer,completed,87,87,226,CASMI_MOL_1196876,CASMI_MOL_454987,454987,Cc1ccc2c(c1)C(=O)N2C,0.8133073760161863,binned_cosine_1Da,25,False,predicted_spectrum,2560
CASMI2022,massformer,completed,87,87,226,CASMI_MOL_1196876,CASMI_MOL_454744,454744,C#Cc1cncc(OC)c1C,0.8131308532393797,binned_cosine_1Da,26,False,predicted_spectrum,2560
CASMI2022,massformer,completed,87,87,226,CASMI_MOL_1196876,CASMI_MOL_454720,454720,C#Cc1cc(C)cnc1OC,0.8130425665967774,binned_cosine_1Da,27,False,predicted_spectrum,2560
CASMI2022,massformer,completed,87,87,226,CASMI_MOL_1196876,CASMI_MOL_455628,455628,COc1ccc(C#N)cc1C,0.812884594240783,binned_cosine_1Da,28,False,predicted_spectrum,2560
CASMI2022,massformer,completed,87,87,226,CASMI_MOL_1196876,CASMI_MOL_455060,455060,Cc1cccc2c1N(C)[C]O2,0.8124077978315896,binned_cosine_1Da,29,False,predicted_spectrum,2560
CASMI2022,massformer,completed,87,87,226,CASMI_MOL_1196876,CASMI_MOL_453614,453614,COc1c[nH]c2ccccc12,0.8118680365989845,binned_cosine_1Da,30,False,predicted_spectrum,2560
CASMI2022,massformer,completed,87,87,226,CASMI_MOL_1196876,CASMI_MOL_455623,455623,COc1c[nH]c2ccccc12,0.8118680365989845,binned_cosine_1Da,31,False,predicted_spectrum,2560
CASMI2022,massformer,completed,87,87,226,CASMI_MOL_1196876,CASMI_MOL_454125,454125,CCOc1ccc2c(c1)=CN=2,0.8118041357827768,binned_cosine_1Da,32,False,predicted_spectrum,2560
CASMI2022,massformer,completed,87,87,226,CASMI_MOL_1196876,CASMI_MOL_454816,454816,C#Cc1cnc(OC)c(C)c1,0.811667921652814,binned_cosine_1Da,33,False,predicted_spectrum,2560
CASMI2022,massformer,completed,87,87,226,CASMI_MOL_1196876,CASMI_MOL_454747,454747,C#Cc1cncc(C)c1OC,0.8114985862370715,binned_cosine_1Da,34,False,predicted_spectrum,2560
CASMI2022,massformer,completed,87,87,226,CASMI_MOL_1196876,CASMI_MOL_454722,454722,C#Cc1cnc(OC)cc1C,0.8113396633684159,binned_cosine_1Da,35,False,predicted_spectrum,2560
CASMI2022,massformer,completed,87,87,226,CASMI_MOL_1196876,CASMI_MOL_455713,455713,COc1ccc(C=C=N)cc1,0.8112502705902938,binned_cosine_1Da,36,False,predicted_spectrum,2560
CASMI2022,massformer,completed,87,87,226,CASMI_MOL_1196876,CASMI_MOL_455408,455408,COc1cc(C)cc(C#N)c1,0.811005795878628,binned_cosine_1Da,37,False,predicted_spectrum,2560
CASMI2022,massformer,completed,87,87,226,CASMI_MOL_1196876,CASMI_MOL_453888,453888,COc1cccc2cc[nH]c12,0.8106986542981109,binned_cosine_1Da,38,False,predicted_spectrum,2560
CASMI2022,massformer,completed,87,87,226,CASMI_MOL_1196876,CASMI_MOL_454110,454110,COc1cccc2cc[nH]c12,0.8106986542981109,binned_cosine_1Da,39,False,predicted_spectrum,2560
CASMI2022,massformer,completed,87,87,226,CASMI_MOL_1196876,CASMI_MOL_454111,454111,COc1cccc2cc[nH]c12,0.8106986542981109,binned_cosine_1Da,40,False,predicted_spectrum,2560
CASMI2022,massformer,completed,87,87,226,CASMI_MOL_1196876,CASMI_MOL_455957,455957,COc1cccc2cc[nH]c12,0.8106986542981109,binned_cosine_1Da,41,False,predicted_spectrum,2560
CASMI2022,massformer,completed,87,87,226,CASMI_MOL_1196876,CASMI_MOL_455939,455939,COc1cccc2[nH]ccc12,0.8104206168386728,binned_cosine_1Da,42,False,predicted_spectrum,2560
CASMI2022,massformer,completed,87,87,226,CASMI_MOL_1196876,CASMI_MOL_455839,455839,COc1ccc(C#N)c(C)c1,0.8103512408907703,binned_cosine_1Da,43,False,predicted_spectrum,2560
CASMI2022,massformer,completed,87,87,226,CASMI_MOL_1196876,CASMI_MOL_453440,453440,CNc1cccc2ccoc12,0.8103425778984641,binned_cosine_1Da,44,False,predicted_spectrum,2560
CASMI2022,massformer,completed,87,87,226,CASMI_MOL_1196876,CASMI_MOL_455471,455471,COc1ccc2cc[nH]c2c1,0.8099085072242161,binned_cosine_1Da,45,False,predicted_spectrum,2560
CASMI2022,massformer,completed,87,87,226,CASMI_MOL_1196876,CASMI_MOL_455958,455958,COc1ccc2cc[nH]c2c1,0.8099085072242161,binned_cosine_1Da,46,False,predicted_spectrum,2560
CASMI2022,massformer,completed,87,87,226,CASMI_MOL_1196876,CASMI_MOL_454508,454508,COc1cc2c(cn1)C=CC2,0.8098635434323443,binned_cosine_1Da,47,False,predicted_spectrum,2560
CASMI2022,massformer,completed,87,87,226,CASMI_MOL_1196876,CASMI_MOL_453527,453527,COc1nccc2c1CC=C2,0.8098356943936869,binned_cosine_1Da,48,False,predicted_spectrum,2560
CASMI2022,massformer,completed,87,87,226,CASMI_MOL_1196876,CASMI_MOL_454912,454912,COc1ccc2c(c1)=CCN=2,0.8098013001026845,binned_cosine_1Da,49,False,predicted_spectrum,2560
CASMI2022,massformer,completed,87,87,226,CASMI_MOL_1196876,CASMI_MOL_453784,453784,C=C1c2occc2C=CN1C,0.8088204637825865,binned_cosine_1Da,50,False,predicted_spectrum,2560
CASMI2022,massformer,completed,87,87,226,CASMI_MOL_1196876,CASMI_MOL_454989,454989,Cc1ccc2oc(N)cc2c1,0.8087540118392451,binned_cosine_1Da,51,False,predicted_spectrum,2560
CASMI2022,massformer,completed,87,87,226,CASMI_MOL_1196876,CASMI_MOL_454952,454952,CNc1cc2ccccc2o1,0.8082769589887631,binned_cosine_1Da,52,False,predicted_spectrum,2560
CASMI2022,massformer,completed,87,87,226,CASMI_MOL_1196876,CASMI_MOL_454215,454215,COc1ccc2[nH]ccc2c1,0.8081976079468607,binned_cosine_1Da,53,False,predicted_spectrum,2560
CASMI2022,massformer,completed,87,87,226,CASMI_MOL_1196876,CASMI_MOL_455969,455969,COc1ccc2[nH]ccc2c1,0.8081976079468607,binned_cosine_1Da,54,False,predicted_spectrum,2560
CASMI2022,massformer,completed,87,87,226,CASMI_MOL_1196876,CASMI_MOL_1196876,1196876,COc1ccc2[nH]ccc2c1,0.8081975967245921,binned_cosine_1Da,55,True,predicted_spectrum,2560
CASMI2022,massformer,completed,87,87,226,CASMI_MOL_1196876,CASMI_MOL_453711,453711,C=C1ONc2ccc(C)cc21,0.8077392409128596,binned_cosine_1Da,56,False,predicted_spectrum,2560
CASMI2022,massformer,completed,87,87,226,CASMI_MOL_1196876,CASMI_MOL_454748,454748,C#Cc1cc(OC)cnc1C,0.80763573424861,binned_cosine_1Da,57,False,predicted_spectrum,2560
CASMI2022,massformer,completed,87,87,226,CASMI_MOL_1196876,CASMI_MOL_454739,454739,C#Cc1ncc(C)cc1OC,0.8074466648389281,binned_cosine_1Da,58,False,predicted_spectrum,2560
CASMI2022,massformer,completed,87,87,226,CASMI_MOL_1196876,CASMI_MOL_453834,453834,Cc1cccc2cc(O)[nH]c12,0.8070700051196399,binned_cosine_1Da,59,False,predicted_spectrum,2560
CASMI2022,massformer,completed,87,87,226,CASMI_MOL_1196876,CASMI_MOL_455844,455844,Cc1cccc2cc(O)[nH]c12,0.8070700051196399,binned_cosine_1Da,60,False,predicted_spectrum,2560
CASMI2022,massformer,completed,87,87,226,CASMI_MOL_1196876,CASMI_MOL_454955,454955,Cc1cccc2[nH]c(O)cc12,0.8068153169697259,binned_cosine_1Da,61,False,predicted_spectrum,2560
CASMI2022,massformer,completed,87,87,226,CASMI_MOL_1196876,CASMI_MOL_454956,454956,Cc1cccc2[nH]c(O)cc12,0.8068153169697259,binned_cosine_1Da,62,False,predicted_spectrum,2560
CASMI2022,massformer,completed,87,87,226,CASMI_MOL_1196876,CASMI_MOL_455115,455115,Cc1cccc2[nH]c(O)cc12,0.8068153169697259,binned_cosine_1Da,63,False,predicted_spectrum,2560
CASMI2022,massformer,completed,87,87,226,CASMI_MOL_1196876,CASMI_MOL_455674,455674,Cc1cccc2[nH]c(O)cc12,0.8068153169697259,binned_cosine_1Da,64,False,predicted_spectrum,2560
CASMI2022,massformer,completed,87,87,226,CASMI_MOL_1196876,CASMI_MOL_454728,454728,C#Cc1ccnc(OC)c1C,0.8066103531439641,binned_cosine_1Da,65,False,predicted_spectrum,2560
CASMI2022,massformer,completed,87,87,226,CASMI_MOL_1196876,CASMI_MOL_455890,455890,CCOc1ccccc1C#N,0.8064971780300704,binned_cosine_1Da,66,False,predicted_spectrum,2560
CASMI2022,massformer,completed,87,87,226,CASMI_MOL_1196876,CASMI_MOL_453718,453718,CC1=NCc2ccc(O)cc21,0.8064076529984903,binned_cosine_1Da,67,False,predicted_spectrum,2560
CASMI2022,massformer,completed,87,87,226,CASMI_MOL_1196876,CASMI_MOL_454467,454467,CC1=NCc2ccc(O)cc21,0.8064076529984903,binned_cosine_1Da,68,False,predicted_spectrum,2560
CASMI2022,massformer,completed,87,87,226,CASMI_MOL_1196876,CASMI_MOL_454177,454177,CC(=O)C1=CC(CC#N)C=C1,0.8061413977691942,binned_cosine_1Da,69,False,predicted_spectrum,2560
CASMI2022,massformer,completed,87,87,226,CASMI_MOL_1196876,CASMI_MOL_453860,453860,CC1C=Nc2ccccc2O1,0.806109354542563,binned_cosine_1Da,70,False,predicted_spectrum,2560
CASMI2022,massformer,completed,87,87,226,CASMI_MOL_1196876,CASMI_MOL_454909,454909,CC1C=Nc2ccccc2O1,0.806109354542563,binned_cosine_1Da,71,False,predicted_spectrum,2560
CASMI2022,massformer,completed,87,87,226,CASMI_MOL_1196876,CASMI_MOL_455198,455198,CC1C=Nc2ccccc2O1,0.806109354542563,binned_cosine_1Da,72,False,predicted_spectrum,2560
CASMI2022,massformer,completed,87,87,226,CASMI_MOL_1196876,CASMI_MOL_453831,453831,Cc1cc2c(cc1O)C=NC2,0.806008957858825,binned_cosine_1Da,73,False,predicted_spectrum,2560
CASMI2022,massformer,completed,87,87,226,CASMI_MOL_1196876,CASMI_MOL_454736,454736,C#Cc1nc(OC)ccc1C,0.8055207492805871,binned_cosine_1Da,74,False,predicted_spectrum,2560
CASMI2022,massformer,completed,87,87,226,CASMI_MOL_1196876,CASMI_MOL_453597,453597,CC#COc1ccccc1N,0.8055130661731285,binned_cosine_1Da,75,False,predicted_spectrum,2560
CASMI2022,massformer,completed,87,87,226,CASMI_MOL_1196876,CASMI_MOL_453497,453497,CN1Cc2c(c3ccc2o3)C1,0.8053464091261244,binned_cosine_1Da,76,False,predicted_spectrum,2560
CASMI2022,massformer,completed,87,87,226,CASMI_MOL_1196876,CASMI_MOL_455255,455255,c1cc2c3cc1CN2COC3,0.8051108445364389,binned_cosine_1Da,77,False,predicted_spectrum,2560
CASMI2022,massformer,completed,87,87,226,CASMI_MOL_1196876,CASMI_MOL_455409,455409,CN1C=Cc2ccccc2O1,0.8050488317543528,binned_cosine_1Da,78,False,predicted_spectrum,2560
CASMI2022,massformer,completed,87,87,226,CASMI_MOL_1196876,CASMI_MOL_455072,455072,Cc1cc2c(C)coc2cn1,0.8049837980966831,binned_cosine_1Da,79,False,predicted_spectrum,2560
CASMI2022,massformer,completed,87,87,226,CASMI_MOL_1196876,CASMI_MOL_454579,454579,c1cc2[nH]c1cc2CC1CO1,0.8049142874476387,binned_cosine_1Da,80,False,predicted_spectrum,2560
CASMI2022,massformer,completed,87,87,226,CASMI_MOL_1196876,CASMI_MOL_454196,454196,Cc1ncc2ccoc2c1C,0.8048657731703855,binned_cosine_1Da,81,False,predicted_spectrum,2560
CASMI2022,massformer,completed,87,87,226,CASMI_MOL_1196876,CASMI_MOL_453852,453852,CC1N=c2ccccc2=CO1,0.8047970740226144,binned_cosine_1Da,82,False,predicted_spectrum,2560
CASMI2022,massformer,completed,87,87,226,CASMI_MOL_1196876,CASMI_MOL_454850,454850,CNc1ccc2coccc1-2,0.8047122970234406,binned_cosine_1Da,83,False,predicted_spectrum,2560
CASMI2022,massformer,completed,87,87,226,CASMI_MOL_1196876,CASMI_MOL_455927,455927,Cc1c[nH]c2ccc(O)cc12,0.8044420697207434,binned_cosine_1Da,84,False,predicted_spectrum,2560
CASMI2022,massformer,completed,87,87,226,CASMI_MOL_1196876,CASMI_MOL_454738,454738,C#Cc1cc(OC)c(C)cn1,0.8044270343226556,binned_cosine_1Da,85,False,predicted_spectrum,2560
CASMI2022,massformer,completed,87,87,226,CASMI_MOL_1196876,CASMI_MOL_454130,454130,CC1=COc2cnccc2C1,0.8043327071311014,binned_cosine_1Da,86,False,predicted_spectrum,2560
CASMI2022,massformer,completed,87,87,226,CASMI_MOL_1196876,CASMI_MOL_455069,455069,Cc1cc2occ(C)c2cn1,0.8043069312119464,binned_cosine_1Da,87,False,predicted_spectrum,2560
CASMI2022,massformer,completed,87,87,226,CASMI_MOL_1196876,CASMI_MOL_453513,453513,Cc1ccc2cc(N)oc2c1,0.8041856959711452,binned_cosine_1Da,88,False,predicted_spectrum,2560
CASMI2022,massformer,completed,87,87,226,CASMI_MOL_1196876,CASMI_MOL_454235,454235,CCc1occ2ccncc12,0.8041267030884726,binned_cosine_1Da,89,False,predicted_spectrum,2560
CASMI2022,massformer,completed,87,87,226,CASMI_MOL_1196876,CASMI_MOL_455454,455454,COc1ccc2c(n1)C=CC2,0.8039924752159114,binned_cosine_1Da,90,False,predicted_spectrum,2560
CASMI2022,massformer,completed,87,87,226,CASMI_MOL_1196876,CASMI_MOL_455223,455223,Cc1cc2coccc-2c1N,0.8039160129454428,binned_cosine_1Da,91,False,predicted_spectrum,2560
CASMI2022,massformer,completed,87,87,226,CASMI_MOL_1196876,CASMI_MOL_454732,454732,C#Cc1cc(C)c(OC)cn1,0.8039092726649386,binned_cosine_1Da,92,False,predicted_spectrum,2560
CASMI2022,massformer,completed,87,87,226,CASMI_MOL_1196876,CASMI_MOL_454724,454724,C#Cc1cc(C)ncc1OC,0.8039075606570945,binned_cosine_1Da,93,False,predicted_spectrum,2560
CASMI2022,massformer,completed,87,87,226,CASMI_MOL_1196876,CASMI_MOL_454741,454741,C#Cc1nccc(OC)c1C,0.8038830823621577,binned_cosine_1Da,94,False,predicted_spectrum,2560
CASMI2022,massformer,completed,87,87,226,CASMI_MOL_1196876,CASMI_MOL_455607,455607,Cc1oc(C)c2cnccc12,0.8038432890530335,binned_cosine_1Da,95,False,predicted_spectrum,2560
CASMI2022,massformer,completed,87,87,226,CASMI_MOL_1196876,CASMI_MOL_453446,453446,C#CCc1cncc(OC)c1,0.8037613340211353,binned_cosine_1Da,96,False,predicted_spectrum,2560
CASMI2022,massformer,completed,87,87,226,CASMI_MOL_1196876,CASMI_MOL_453851,453851,COc1ccccc1C#CN,0.8037325643122198,binned_cosine_1Da,97,False,predicted_spectrum,2560
CASMI2022,massformer,completed,87,87,226,CASMI_MOL_1196876,CASMI_MOL_455576,455576,CCc1coc2ccncc12,0.8035827567158482,binned_cosine_1Da,98,False,predicted_spectrum,2560
CASMI2022,massformer,completed,87,87,226,CASMI_MOL_1196876,CASMI_MOL_455148,455148,Cc1cc(-c2ccco2)c[nH]1,0.8035391724019992,binned_cosine_1Da,99,False,predicted_spectrum,2560
CASMI2022,massformer,completed,87,87,226,CASMI_MOL_1196876,CASMI_MOL_454916,454916,Cc1cnc(C)c2occc12,0.8034647536802932,binned_cosine_1Da,100,False,predicted_spectrum,2560
CASMI2022,massformer,completed,88,88,227,CASMI_MOL_1196877,CASMI_MOL_460566,460566,C=CC(=O)OCC1CSC(CC2CCC(CC3SCC(COC(=O)C=C)S3)CC2)S1,0.1706215815197558,binned_cosine_1Da,1,False,predicted_spectrum,6054
CASMI2022,massformer,completed,88,88,227,CASMI_MOL_1196877,CASMI_MOL_459089,459089,CC1(C(F)(C(F)(F)F)C(F)(F)F)C2CCCCC2CCC1C(F)(C(F)(F)F)C(F)(F)F,0.11211991595681153,binned_cosine_1Da,2,False,predicted_spectrum,6054
CASMI2022,massformer,completed,88,88,227,CASMI_MOL_1196877,CASMI_MOL_458059,458059,O=S(=O)(c1ccccc1Cl)N1CCC2(CCN(Cc3ccc(OC(F)(F)F)cc3)C2)CC1,0.09310415755168562,binned_cosine_1Da,3,False,predicted_spectrum,6054
CASMI2022,massformer,completed,88,88,227,CASMI_MOL_1196877,CASMI_MOL_458755,458755,C=C1CSCC(OC(=O)C2CCCCC2C(=O)OC2CSCC(=C)CSC2)CSC1,0.09051536560511993,binned_cosine_1Da,4,False,predicted_spectrum,6054
CASMI2022,massformer,completed,88,88,227,CASMI_MOL_1196877,CASMI_MOL_458207,458207,c1ccc(P2CCCCP(c3ccccc3)P(c3ccccc3)P2c2ccccc2)cc1,0.08774645625396119,binned_cosine_1Da,5,False,predicted_spectrum,6054
CASMI2022,massformer,completed,88,88,227,CASMI_MOL_1196877,CASMI_MOL_457477,457477,O=C(O)CC(S)CC(CC(S)CC(=O)O)(CC(S)CC(=O)O)CC(CO)(CO)CO,0.08631799970037314,binned_cosine_1Da,6,False,predicted_spectrum,6054
CASMI2022,massformer,completed,88,88,227,CASMI_MOL_1196877,CASMI_MOL_456842,456842,CC1CCC2(C=CC(=O)OC(C)CCC3(C=CC(=O)O1)SCCCS3)SCCCS2,0.0799460196971924,binned_cosine_1Da,7,False,predicted_spectrum,6054
CASMI2022,massformer,completed,88,88,227,CASMI_MOL_1196877,CASMI_MOL_459104,459104,O=C(O)CCC(S)C(C(S)CCC(=O)O)(C(S)CCC(=O)O)C(CO)(CO)CCO,0.07968699751988997,binned_cosine_1Da,8,False,predicted_spectrum,6054
CASMI2022,massformer,completed,88,88,227,CASMI_MOL_1196877,CASMI_MOL_458254,458254,O=C(O)CC(S)CC(CC(S)CC(=O)O)(CC(S)CC(=O)O)C(CO)(CO)CCO,0.07926863736129176,binned_cosine_1Da,9,False,predicted_spectrum,6054
CASMI2022,massformer,completed,88,88,227,CASMI_MOL_1196877,CASMI_MOL_461548,461548,O=C(c1ccc(S(=O)(=O)N2CCCCC2)cc1)N1CCN=C1SCc1cccc([N+](=O)[O-])c1,0.0750991247744091,binned_cosine_1Da,10,False,predicted_spectrum,6054
CASMI2022,massformer,completed,88,88,227,CASMI_MOL_1196877,CASMI_MOL_456605,456605,Oc1cc(O)c(Cc2cc(C3CCCCC3)cc(Cc3cc(Cl)c(O)cc3O)c2O)cc1Cl,0.07404519118712899,binned_cosine_1Da,11,False,predicted_spectrum,6054
CASMI2022,massformer,completed,88,88,227,CASMI_MOL_1196877,CASMI_MOL_461559,461559,O=C(c1ccc(S(=O)(=O)N2CCCCC2)cc1)N1CCN=C1SCc1ccc([N+](=O)[O-])cc1,0.06796061292374138,binned_cosine_1Da,12,False,predicted_spectrum,6054
CASMI2022,massformer,completed,88,88,227,CASMI_MOL_1196877,CASMI_MOL_460646,460646,O=C(O)c1ccc(CNC(=O)C2CCC(CNS(=O)(=O)c3cccc4nsnc34)CC2)cc1,0.06715168786600996,binned_cosine_1Da,13,False,predicted_spectrum,6054
CASMI2022,massformer,completed,88,88,227,CASMI_MOL_1196877,CASMI_MOL_456604,456604,Oc1cc(O)c(Cc2cc(Cc3cc(Cl)c(O)cc3O)c(O)c(C3CCCCC3)c2)cc1Cl,0.0661493875313823,binned_cosine_1Da,14,False,predicted_spectrum,6054
CASMI2022,massformer,completed,88,88,227,CASMI_MOL_1196877,CASMI_MOL_456853,456853,CCSc1ccc(Cl)cc1CNC(=O)c1cc(OC(F)(F)F)cc(N2CCC(O)CC2)c1,0.0638089067438079,binned_cosine_1Da,15,False,predicted_spectrum,6054
CASMI2022,massformer,completed,88,88,227,CASMI_MOL_1196877,CASMI_MOL_455981,455981,CC1=C2CC(C1)C(C(=O)OCOC(=O)CC(=O)OCO)C2C(=O)OCOC(=O)CC(=O)OCO,0.0631868870878606,binned_cosine_1Da,16,False,predicted_spectrum,6054
CASMI2022,massformer,completed,88,88,227,CASMI_MOL_1196877,CASMI_MOL_458117,458117,C=C(COCCCCC(F)(F)C(F)(F)S(=O)(=O)O)C(=O)OC1C2CC3CC(=O)OC1C3C2,0.06279902114487601,binned_cosine_1Da,17,False,predicted_spectrum,6054
CASMI2022,massformer,completed,88,88,227,CASMI_MOL_1196877,CASMI_MOL_458572,458572,NC(=O)Cc1ccc(Cl)cc1-n1c(C2CCCCC2)nc(C(N)=O)c1-c1ccc(F)c(Cl)c1,0.06236933581087948,binned_cosine_1Da,18,False,predicted_spectrum,6054
CASMI2022,massformer,completed,88,88,227,CASMI_MOL_1196877,CASMI_MOL_458528,458528,Cc1cc(Cl)cc(-n2c(C3CCCCC3)nc(C(N)=O)c2-c2ccc(F)c(Cl)c2)c1C(N)=O,0.06167439515644153,binned_cosine_1Da,19,False,predicted_spectrum,6054
CASMI2022,massformer,completed,88,88,227,CASMI_MOL_1196877,CASMI_MOL_458643,458643,NC(=O)c1sc2nc3c(c(-c4cccs4)c2c1N)CN(C(=S)NCCN1CCOCC1)C3,0.05917454475736858,binned_cosine_1Da,20,False,predicted_spectrum,6054
CASMI2022,massformer,completed,88,88,227,CASMI_MOL_1196877,CASMI_MOL_461848,461848,CCn1c(=NC(=O)c2ccc(S(=O)(=O)N3CCC(C)CC3)cc2)sc2cc([N+](=O)[O-])ccc21,0.058201309175086854,binned_cosine_1Da,21,False,predicted_spectrum,6054
CASMI2022,massformer,completed,88,88,227,CASMI_MOL_1196877,CASMI_MOL_461630,461630,O=C(O)C1(Cc2ccc(O)cc2)NC(c2ccc(Cl)s2)c2c1c(O)n(C1CCCCC1)c2O,0.05812036496735891,binned_cosine_1Da,22,False,predicted_spectrum,6054
CASMI2022,massformer,completed,88,88,227,CASMI_MOL_1196877,CASMI_MOL_460909,460909,CCn1c(=NC(=O)c2ccc(S(=O)(=O)N3CCC(C)CC3)cc2)sc2ccc([N+](=O)[O-])cc21,0.05755670292312287,binned_cosine_1Da,23,False,predicted_spectrum,6054
CASMI2022,massformer,completed,88,88,227,CASMI_MOL_1196877,CASMI_MOL_458116,458116,C=C(COCCCCC(F)(F)C(F)(F)S(=O)(=O)O)C(=O)OC1C2CCC3C(C2)C(=O)OC31,0.05702699742946124,binned_cosine_1Da,24,False,predicted_spectrum,6054
CASMI2022,massformer,completed,88,88,227,CASMI_MOL_1196877,CASMI_MOL_459484,459484,COc1ccc(Cc2nnc(C3CCN(S(=O)(=O)c4cc([N+](=O)[O-])ccc4C)CC3)s2)cc1,0.05628049796676387,binned_cosine_1Da,25,False,predicted_spectrum,6054
CASMI2022,massformer,completed,88,88,227,CASMI_MOL_1196877,CASMI_MOL_458330,458330,O=C1C(=O)N(CN2CCN(S(=O)(=O)C=Cc3ccccc3)CC2)C(=O)N1CCc1cccs1,0.055552296537259176,binned_cosine_1Da,26,False,predicted_spectrum,6054
CASMI2022,massformer,completed,88,88,227,CASMI_MOL_1196877,CASMI_MOL_461035,461035,O=C1C(=O)N(CN2CCN(S(=O)(=O)C=Cc3ccccc3)CC2)C(=O)N1CCc1cccs1,0.055552296537259176,binned_cosine_1Da,27,False,predicted_spectrum,6054
CASMI2022,massformer,completed,88,88,227,CASMI_MOL_1196877,CASMI_MOL_456034,456034,CC(C(=O)OC1CC(C(C)(C)O)C2CC1OC2=O)C(C)C(=O)OC(O)C(F)(F)S(=O)(=O)O,0.055241717675212805,binned_cosine_1Da,28,False,predicted_spectrum,6054
CASMI2022,massformer,completed,88,88,227,CASMI_MOL_1196877,CASMI_MOL_456957,456957,[H]C1(S(=O)(=O)c2c(Cl)ccc(NC(=O)NC3CCC=C3Cl)c2O)CCN(C2CCC2)CC1,0.05473949857569542,binned_cosine_1Da,29,False,predicted_spectrum,6054
CASMI2022,massformer,completed,88,88,227,CASMI_MOL_1196877,CASMI_MOL_456975,456975,[H]N(C(=O)NC1CCC=C1Cl)c1ccc(Cl)c(S(=O)(=O)C2CCN(C3CCC3)CC2)c1O,0.05473947293102986,binned_cosine_1Da,30,False,predicted_spectrum,6054
CASMI2022,massformer,completed,88,88,227,CASMI_MOL_1196877,CASMI_MOL_456480,456480,COc1ccc(C(=O)c2ccc(Oc3ccc(P(C)[S+]([O-])c4ccc(C)cc4)cc3)cc2)cc1,0.05470489150469868,binned_cosine_1Da,31,False,predicted_spectrum,6054
CASMI2022,massformer,completed,88,88,227,CASMI_MOL_1196877,CASMI_MOL_456455,456455,C=C(COCCC(F)(F)C(F)(F)S(=O)(=O)O)C(=O)OC1CC2CCC1CC21COC(=O)C1,0.053985814680135656,binned_cosine_1Da,32,False,predicted_spectrum,6054
CASMI2022,massformer,completed,88,88,227,CASMI_MOL_1196877,CASMI_MOL_456116,456116,[C-]#[N+]c1cnc2c(ccn2S(=O)(=O)c2ccccc2)c1N(C)C1CCC(CS(=O)(=O)O)CC1,0.053981585182646896,binned_cosine_1Da,33,False,predicted_spectrum,6054
CASMI2022,massformer,completed,88,88,227,CASMI_MOL_1196877,CASMI_MOL_460703,460703,COc1ccc(C=CC(=O)c2ccc(-n3cccc3)cc2)cc1COc1ccc([N+](=O)[O-])cc1Cl,0.053411889754782296,binned_cosine_1Da,34,False,predicted_spectrum,6054
CASMI2022,massformer,completed,88,88,227,CASMI_MOL_1196877,CASMI_MOL_458653,458653,CN1C(=O)C(NC(=S)NCC2CCCCC2)N=C(c2ccccc2Cl)c2cc(Cl)ccc21,0.0533631024364396,binned_cosine_1Da,35,False,predicted_spectrum,6054
CASMI2022,massformer,completed,88,88,227,CASMI_MOL_1196877,CASMI_MOL_460906,460906,CCn1c(=NC(=O)C2CCN(S(=O)(=O)c3ccc(C)cc3)CC2)sc2ccc([N+](=O)[O-])cc21,0.053164908205946056,binned_cosine_1Da,36,False,predicted_spectrum,6054
CASMI2022,massformer,completed,88,88,227,CASMI_MOL_1196877,CASMI_MOL_458651,458651,CC1CCCCC1NC(=S)NC1N=C(c2ccccc2Cl)c2cc(Cl)ccc2N(C)C1=O,0.052973407842691514,binned_cosine_1Da,37,False,predicted_spectrum,6054
CASMI2022,massformer,completed,88,88,227,CASMI_MOL_1196877,CASMI_MOL_459649,459649,CCn1c(=NC(=O)C2CCN(S(=O)(=O)c3ccc(C)cc3)CC2)sc2cc([N+](=O)[O-])ccc21,0.052540659875740206,binned_cosine_1Da,38,False,predicted_spectrum,6054
CASMI2022,massformer,completed,88,88,227,CASMI_MOL_1196877,CASMI_MOL_456456,456456,C=C(COCCC(F)(F)C(F)(F)S(=O)(=O)O)C(=O)OCC1CC2CC1C1(CCOC1=O)C2,0.05190064731979442,binned_cosine_1Da,39,False,predicted_spectrum,6054
CASMI2022,massformer,completed,88,88,227,CASMI_MOL_1196877,CASMI_MOL_461038,461038,O=C1C(=O)N(CN2CCN(S(=O)(=O)c3ccc4c(c3)CCC4)CC2)C(=O)N1Cc1cccs1,0.05155017773150676,binned_cosine_1Da,40,False,predicted_spectrum,6054
CASMI2022,massformer,completed,88,88,227,CASMI_MOL_1196877,CASMI_MOL_458233,458233,c1ccc(-c2ccc(P3CCCCPP(c4ccccc4)P3c3ccccc3)cc2)cc1,0.05111160531935992,binned_cosine_1Da,41,False,predicted_spectrum,6054
CASMI2022,massformer,completed,88,88,227,CASMI_MOL_1196877,CASMI_MOL_460702,460702,COc1ccc(C=CC(=O)c2cccc(-n3cccc3)c2)cc1COc1ccc([N+](=O)[O-])cc1Cl,0.05089783381510191,binned_cosine_1Da,42,False,predicted_spectrum,6054
CASMI2022,massformer,completed,88,88,227,CASMI_MOL_1196877,CASMI_MOL_458354,458354,CS(=O)(=O)c1cc(N2CCCC2=O)ccc1C(=O)N1CCC(C(=O)c2ccc(Cl)cc2)CC1,0.050734730933264666,binned_cosine_1Da,43,False,predicted_spectrum,6054
CASMI2022,massformer,completed,88,88,227,CASMI_MOL_1196877,CASMI_MOL_456599,456599,CNS(=O)(=O)c1c(C(F)(F)F)cccc1C1(C(=O)Nc2nncs2)CC1C1CCCCC1,0.0507322403637147,binned_cosine_1Da,44,False,predicted_spectrum,6054
CASMI2022,massformer,completed,88,88,227,CASMI_MOL_1196877,CASMI_MOL_460550,460550,CC1(C)OC2CC3C4CC(Cl)=C5C(Cl)C(=O)C=CC5(C)C4(F)C(O)CC3(C)C2(C(=O)O)O1,0.050492515464858286,binned_cosine_1Da,45,False,predicted_spectrum,6054
CASMI2022,massformer,completed,88,88,227,CASMI_MOL_1196877,CASMI_MOL_458279,458279,CC(C)(C)c1ccc(OC2=COC3CC(OC(=O)c4ccc(Cl)cc4Cl)CCC3C2=O)cc1,0.04993385880481853,binned_cosine_1Da,46,False,predicted_spectrum,6054
CASMI2022,massformer,completed,88,88,227,CASMI_MOL_1196877,CASMI_MOL_459835,459835,O=C(C1CCCN1C1=NS(=O)(=O)c2ccccc21)N1CCN(S(=O)(=O)c2ccccc2)CC1,0.04991968687308921,binned_cosine_1Da,47,False,predicted_spectrum,6054
CASMI2022,massformer,completed,88,88,227,CASMI_MOL_1196877,CASMI_MOL_456027,456027,Cc1cc(OCCCn2c(C)c(Sc3ccc([N+](=O)[O-])cc3)c(C)c2C(=O)O)cc(C)c1Cl,0.049844608784680465,binned_cosine_1Da,48,False,predicted_spectrum,6054
CASMI2022,massformer,completed,88,88,227,CASMI_MOL_1196877,CASMI_MOL_459744,459744,CC1CC(C)CN(S(=O)(=O)c2ccc(C(=O)N=c3sc4cc([N+](=O)[O-])ccc4n3C)cc2)C1,0.04983714858369119,binned_cosine_1Da,49,False,predicted_spectrum,6054
CASMI2022,massformer,completed,88,88,227,CASMI_MOL_1196877,CASMI_MOL_459745,459745,CC1CC(C)CN(S(=O)(=O)c2ccc(C(=O)N=c3sc4cc([N+](=O)[O-])ccc4n3C)cc2)C1,0.04983714858369119,binned_cosine_1Da,50,False,predicted_spectrum,6054
CASMI2022,massformer,completed,88,88,227,CASMI_MOL_1196877,CASMI_MOL_460138,460138,CC1CC(C)CN(S(=O)(=O)c2ccc(C(=O)N=c3sc4cc([N+](=O)[O-])ccc4n3C)cc2)C1,0.04983714858369119,binned_cosine_1Da,51,False,predicted_spectrum,6054
CASMI2022,massformer,completed,88,88,227,CASMI_MOL_1196877,CASMI_MOL_461685,461685,CC1CC(C)CN(S(=O)(=O)c2ccc(C(=O)N=c3sc4cc([N+](=O)[O-])ccc4n3C)cc2)C1,0.04983714858369119,binned_cosine_1Da,52,False,predicted_spectrum,6054
CASMI2022,massformer,completed,88,88,227,CASMI_MOL_1196877,CASMI_MOL_456327,456327,CC(CC(=O)OC1CCN(S(=O)(=O)c2ccc([N+](=O)[O-])cc2[N+](=O)[O-])CC1)CC(N)C(=O)O,0.04976879994645805,binned_cosine_1Da,53,False,predicted_spectrum,6054
CASMI2022,massformer,completed,88,88,227,CASMI_MOL_1196877,CASMI_MOL_458383,458383,CC1(C)OC2CC3C4CC(F)=C5C(Cl)C(=O)C=CC5(C)C4(Cl)C(O)CC3(C)C2(C(=O)O)O1,0.049724589255265655,binned_cosine_1Da,54,False,predicted_spectrum,6054
CASMI2022,massformer,completed,88,88,227,CASMI_MOL_1196877,CASMI_MOL_458568,458568,CNS(=O)(=O)c1ccc(C2(C(=O)Nc3nncs3)CC2C2CCCCC2)cc1C(F)(F)F,0.049681647325480374,binned_cosine_1Da,55,False,predicted_spectrum,6054
CASMI2022,massformer,completed,88,88,227,CASMI_MOL_1196877,CASMI_MOL_461117,461117,CNS(=O)(=O)c1ccc(C2(C(=O)Nc3nncs3)CC2C2CCCCC2)cc1C(F)(F)F,0.049681647325480374,binned_cosine_1Da,56,False,predicted_spectrum,6054
CASMI2022,massformer,completed,88,88,227,CASMI_MOL_1196877,CASMI_MOL_456579,456579,CS(=O)(=O)c1cc(C2CCNC2=O)ccc1C(=O)N1CCC(C(=O)c2ccc(Cl)cc2)CC1,0.04961477155803261,binned_cosine_1Da,57,False,predicted_spectrum,6054
CASMI2022,massformer,completed,88,88,227,CASMI_MOL_1196877,CASMI_MOL_460902,460902,CCn1c(=NC(=O)C2CCCN(S(=O)(=O)c3ccc(C)cc3)C2)sc2cc([N+](=O)[O-])ccc21,0.04931488562125804,binned_cosine_1Da,58,False,predicted_spectrum,6054
CASMI2022,massformer,completed,88,88,227,CASMI_MOL_1196877,CASMI_MOL_458944,458944,O=C(NCC(F)(F)F)C1CCCN1C(=O)CSCc1nc(=O)c2c3c(sc2[nH]1)CCCC3,0.048784670931916546,binned_cosine_1Da,59,False,predicted_spectrum,6054
CASMI2022,massformer,completed,88,88,227,CASMI_MOL_1196877,CASMI_MOL_460913,460913,CC1CC(C)CN(S(=O)(=O)c2ccc(C(=O)N=c3sc4ccc([N+](=O)[O-])cc4n3C)cc2)C1,0.04851696286307903,binned_cosine_1Da,60,False,predicted_spectrum,6054
CASMI2022,massformer,completed,88,88,227,CASMI_MOL_1196877,CASMI_MOL_457344,457344,COc1cccc(-n2sc(=O)n(CC3=CC=C(n4sc(=O)n(C(C)C)c4=O)C(C)C3)c2=O)c1,0.048379246198874896,binned_cosine_1Da,61,False,predicted_spectrum,6054
CASMI2022,massformer,completed,88,88,227,CASMI_MOL_1196877,CASMI_MOL_460872,460872,CC1CCN(S(=O)(=O)c2ccc(NC(=S)NC(=O)C=Cc3cccc([N+](=O)[O-])c3)cc2)CC1,0.04828850841672165,binned_cosine_1Da,62,False,predicted_spectrum,6054
CASMI2022,massformer,completed,88,88,227,CASMI_MOL_1196877,CASMI_MOL_460554,460554,COc1cc(Cl)c(C)cc1NC(=O)CSc1ccc(NC(=O)C2=C(C(=O)O)CCCC2)cc1,0.048107769800118466,binned_cosine_1Da,63,False,predicted_spectrum,6054
CASMI2022,massformer,completed,88,88,227,CASMI_MOL_1196877,CASMI_MOL_460555,460555,COc1ccc(Cl)cc1NC(=O)C(C)Sc1ccc(NC(=O)C2=C(C(=O)O)CCCC2)cc1,0.047811167751482794,binned_cosine_1Da,64,False,predicted_spectrum,6054
CASMI2022,massformer,completed,88,88,227,CASMI_MOL_1196877,CASMI_MOL_457343,457343,O=S(=O)(c1ccccc1Cl)N1CCC2(CCN(c3ccc(OCC(F)(F)F)cc3)C2)CC1,0.04771484960883681,binned_cosine_1Da,65,False,predicted_spectrum,6054
CASMI2022,massformer,completed,88,88,227,CASMI_MOL_1196877,CASMI_MOL_458103,458103,CC#CC1CN(S(=O)(=O)c2ccc(NC(=O)O)nc2)CCN1c1ccc([S+]([O-])C2CC2)cc1,0.0476885270725224,binned_cosine_1Da,66,False,predicted_spectrum,6054
CASMI2022,massformer,completed,88,88,227,CASMI_MOL_1196877,CASMI_MOL_456052,456052,Cc1cc(-c2cn(-c3ccsc3C(=O)O)nn2)ccc1C(=O)N1CCCCC(S(C)(=O)=O)C1,0.04717954215821334,binned_cosine_1Da,67,False,predicted_spectrum,6054
CASMI2022,massformer,completed,88,88,227,CASMI_MOL_1196877,CASMI_MOL_456033,456033,CCC(O)(CC)C1CC(OC(=O)CCC(=O)OC(O)C(F)(F)S(=O)(=O)O)C2CC1C(=O)O2,0.047136736124966265,binned_cosine_1Da,68,False,predicted_spectrum,6054
CASMI2022,massformer,completed,88,88,227,CASMI_MOL_1196877,CASMI_MOL_458784,458784,CC(C)Oc1ccc(S(=O)(=O)N2CC=C(c3cn(CC(=O)O)c4ccc(Cl)cc34)CC2)cc1,0.04694794727684673,binned_cosine_1Da,69,False,predicted_spectrum,6054
CASMI2022,massformer,completed,88,88,227,CASMI_MOL_1196877,CASMI_MOL_458650,458650,CC1CCC(NC(=S)NC2N=C(c3ccccc3Cl)c3cc(Cl)ccc3N(C)C2=O)CC1,0.0467897547286031,binned_cosine_1Da,70,False,predicted_spectrum,6054
CASMI2022,massformer,completed,88,88,227,CASMI_MOL_1196877,CASMI_MOL_458205,458205,O=POc1cccc(C2(OCCOc3ccccc3)OOC23C2CC4CC3CC(Cl)(C4)C2)c1,0.04676936704708648,binned_cosine_1Da,71,False,predicted_spectrum,6054
CASMI2022,massformer,completed,88,88,227,CASMI_MOL_1196877,CASMI_MOL_460809,460809,CC12C=CC(=O)CC1=CCC1C2C(O)CC2(C)C1CCC2(OC(=O)C(Cl)Cl)C(=O)OCF,0.04650415164101501,binned_cosine_1Da,72,False,predicted_spectrum,6054
CASMI2022,massformer,completed,88,88,227,CASMI_MOL_1196877,CASMI_MOL_456029,456029,Cc1c(Cl)cccc1S(=O)(=O)Nc1ccc2c(c1)C(=O)CC(CCC1CCC(=O)NC1=O)C2,0.04647574401355414,binned_cosine_1Da,73,False,predicted_spectrum,6054
CASMI2022,massformer,completed,88,88,227,CASMI_MOL_1196877,CASMI_MOL_460869,460869,CC1CCN(S(=O)(=O)c2ccc(NC(=S)NC(=O)C=Cc3ccc([N+](=O)[O-])cc3)cc2)CC1,0.04645879993261709,binned_cosine_1Da,74,False,predicted_spectrum,6054
CASMI2022,massformer,completed,88,88,227,CASMI_MOL_1196877,CASMI_MOL_461571,461571,Cc1ccc(CNC(=O)CSc2nnc(-c3cccc(S(=O)(=O)N4CCOCC4)c3)o2)cc1,0.04613630677384307,binned_cosine_1Da,75,False,predicted_spectrum,6054
CASMI2022,massformer,completed,88,88,227,CASMI_MOL_1196877,CASMI_MOL_458971,458971,COc1ccc(-n2ncc(C(=O)NNC(=O)c3nn(-c4ccccc4)cc3O)c2C(F)(F)F)nn1,0.04565138392450396,binned_cosine_1Da,76,False,predicted_spectrum,6054
CASMI2022,massformer,completed,88,88,227,CASMI_MOL_1196877,CASMI_MOL_460908,460908,CCn1c(=NC(=O)c2ccc(S(=O)(=O)N3CCCC(C)C3)cc2)sc2ccc([N+](=O)[O-])cc21,0.045603690706842975,binned_cosine_1Da,77,False,predicted_spectrum,6054
CASMI2022,massformer,completed,88,88,227,CASMI_MOL_1196877,CASMI_MOL_459742,459742,CCn1c(=NC(=O)c2ccc(S(=O)(=O)N3CCCC(C)C3)cc2)sc2cc([N+](=O)[O-])ccc21,0.04559386694654623,binned_cosine_1Da,78,False,predicted_spectrum,6054
CASMI2022,massformer,completed,88,88,227,CASMI_MOL_1196877,CASMI_MOL_461539,461539,CCn1c(=NC(=O)c2ccc(S(=O)(=O)N3CCCC(C)C3)cc2)sc2cc([N+](=O)[O-])ccc21,0.04559386694654623,binned_cosine_1Da,79,False,predicted_spectrum,6054
CASMI2022,massformer,completed,88,88,227,CASMI_MOL_1196877,CASMI_MOL_461831,461831,CCn1c(=NC(=O)c2ccc(S(=O)(=O)N3CCCC(C)C3)cc2)sc2cc([N+](=O)[O-])ccc21,0.04559386694654623,binned_cosine_1Da,80,False,predicted_spectrum,6054
CASMI2022,massformer,completed,88,88,227,CASMI_MOL_1196877,CASMI_MOL_460556,460556,COc1ccc(NC(=O)C(C)Sc2ccc(NC(=O)C3=C(C(=O)O)CCCC3)cc2)cc1Cl,0.0455144011833203,binned_cosine_1Da,81,False,predicted_spectrum,6054
CASMI2022,massformer,completed,88,88,227,CASMI_MOL_1196877,CASMI_MOL_460598,460598,O=S(=O)(NC12CC3CC(CC(C3)C1)C2)c1ccc(NS(=O)(=O)c2cccc3nonc23)cc1,0.04537149469081968,binned_cosine_1Da,82,False,predicted_spectrum,6054
CASMI2022,massformer,completed,88,88,227,CASMI_MOL_1196877,CASMI_MOL_457455,457455,CC1CN(Cc2cc(C(CC(=O)O)c3ccncc3)ccc2Cl)S(O)(O)c2ccccc2O1,0.045082093003348755,binned_cosine_1Da,83,False,predicted_spectrum,6054
CASMI2022,massformer,completed,88,88,227,CASMI_MOL_1196877,CASMI_MOL_457456,457456,CC1CN(Cc2cc(C(CC(=O)O)c3ccncc3)ccc2Cl)S(O)(O)c2ccccc2O1,0.045082093003348755,binned_cosine_1Da,84,False,predicted_spectrum,6054
CASMI2022,massformer,completed,88,88,227,CASMI_MOL_1196877,CASMI_MOL_461572,461572,CCCCn1c(=O)[nH]c(=O)c2c1nc(CSc1nn(-c3ccccc3)c(=S)s1)n2CCC,0.045081267892680583,binned_cosine_1Da,85,False,predicted_spectrum,6054
CASMI2022,massformer,completed,88,88,227,CASMI_MOL_1196877,CASMI_MOL_456692,456692,CC(C)(C)c1ccc(S(=O)(=O)Nc2cccc(C=NNc3nc(O)c(CC(=O)O)s3)c2)cc1,0.044779751005896776,binned_cosine_1Da,86,False,predicted_spectrum,6054
CASMI2022,massformer,completed,88,88,227,CASMI_MOL_1196877,CASMI_MOL_460762,460762,COc1cc(Cl)c(C)cc1NC(=O)CSc1cccc(NC(=O)C2=C(C(=O)O)CCCC2)c1,0.044773546023796226,binned_cosine_1Da,87,False,predicted_spectrum,6054
CASMI2022,massformer,completed,88,88,227,CASMI_MOL_1196877,CASMI_MOL_456546,456546,CC1CCCC(NC(=S)NC2N=C(c3ccccc3Cl)c3cc(Cl)ccc3N(C)C2=O)C1,0.0447174551697239,binned_cosine_1Da,88,False,predicted_spectrum,6054
CASMI2022,massformer,completed,88,88,227,CASMI_MOL_1196877,CASMI_MOL_458654,458654,CC1CCCC(NC(=S)NC2N=C(c3ccccc3Cl)c3cc(Cl)ccc3N(C)C2=O)C1,0.0447174551697239,binned_cosine_1Da,89,False,predicted_spectrum,6054
CASMI2022,massformer,completed,88,88,227,CASMI_MOL_1196877,CASMI_MOL_460701,460701,COc1ccc(C=CC(=O)c2ccc(Cc3ccccc3)s2)cc1COc1ccc(Cl)cc1C,0.04443626602156107,binned_cosine_1Da,90,False,predicted_spectrum,6054
CASMI2022,massformer,completed,88,88,227,CASMI_MOL_1196877,CASMI_MOL_460947,460947,O=C(COC(=O)c1ccc2c(c1)C(=O)N(C1CCCCC1)C2=O)Nc1ccccc1SC(F)F,0.044415091220543663,binned_cosine_1Da,91,False,predicted_spectrum,6054
CASMI2022,massformer,completed,88,88,227,CASMI_MOL_1196877,CASMI_MOL_456547,456547,CN1C(=O)C(NC(=S)N2CCCCCCC2)N=C(c2ccccc2Cl)c2cc(Cl)ccc21,0.0444003765978561,binned_cosine_1Da,92,False,predicted_spectrum,6054
CASMI2022,massformer,completed,88,88,227,CASMI_MOL_1196877,CASMI_MOL_459300,459300,O=C(CSc1ccc(S(=O)(=O)N2CCN(Cc3ccccc3)CC2)cn1)NCC(F)(F)F,0.04434632623183555,binned_cosine_1Da,93,False,predicted_spectrum,6054
CASMI2022,massformer,completed,88,88,227,CASMI_MOL_1196877,CASMI_MOL_456353,456353,CN(c1c(C#N)cnc2c1ccn2S(=O)(=O)c1ccccc1)C1CCC(CS(=O)(=O)O)CC1,0.04428897201620819,binned_cosine_1Da,94,False,predicted_spectrum,6054
CASMI2022,massformer,completed,88,88,227,CASMI_MOL_1196877,CASMI_MOL_458229,458229,CCN(C(=S)N1Cc2nc3sc(C(N)=O)c(N)c3c(-c3cccs3)c2C1)N1CCOCC1,0.04412584793558369,binned_cosine_1Da,95,False,predicted_spectrum,6054
CASMI2022,massformer,completed,88,88,227,CASMI_MOL_1196877,CASMI_MOL_460763,460763,COc1ccc(Cl)cc1NC(=O)C(C)Sc1cccc(NC(=O)C2=C(C(=O)O)CCCC2)c1,0.04410865245404347,binned_cosine_1Da,96,False,predicted_spectrum,6054
CASMI2022,massformer,completed,88,88,227,CASMI_MOL_1196877,CASMI_MOL_460534,460534,O=C(Nc1ccc(OC(F)(F)F)cc1)c1cccnc1SCc1ccnc(N2CCCC2=O)c1,0.044063519280736,binned_cosine_1Da,97,False,predicted_spectrum,6054
CASMI2022,massformer,completed,88,88,227,CASMI_MOL_1196877,CASMI_MOL_459741,459741,CCn1c(=NC(=O)c2ccc(S(=O)(=O)N3CCCCC3C)cc2)sc2cc([N+](=O)[O-])ccc21,0.04334057226247005,binned_cosine_1Da,98,False,predicted_spectrum,6054
CASMI2022,massformer,completed,88,88,227,CASMI_MOL_1196877,CASMI_MOL_461518,461518,CCn1c(=NC(=O)c2ccc(S(=O)(=O)N3CCCCC3C)cc2)sc2cc([N+](=O)[O-])ccc21,0.04334057226247005,binned_cosine_1Da,99,False,predicted_spectrum,6054
CASMI2022,massformer,completed,88,88,227,CASMI_MOL_1196877,CASMI_MOL_461830,461830,CCn1c(=NC(=O)c2ccc(S(=O)(=O)N3CCCCC3C)cc2)sc2cc([N+](=O)[O-])ccc21,0.04334057226247005,binned_cosine_1Da,100,False,predicted_spectrum,6054
CASMI2022,massformer,completed,88,88,227,CASMI_MOL_1196877,CASMI_MOL_1196877,1196877,Cn1cncc1C(N)(c1ccc(Cl)cc1)c1ccc2c(c1)c(-c1cccc(Cl)c1)cc(=O)n2C,0.03397011832278548,binned_cosine_1Da,763,True,predicted_spectrum,6054
CASMI2022,massformer,completed,89,89,228,CASMI_MOL_1196805,CASMI_MOL_76080,76080,CC(=CCC1(O)C(C)=CC(=O)CC1(C)C)CC=O,0.7607333426545647,binned_cosine_1Da,1,False,predicted_spectrum,9564
CASMI2022,massformer,completed,89,89,228,CASMI_MOL_1196805,CASMI_MOL_81009,81009,CC(=CCC1(O)C(C)=CC(=O)CC1(C)C)CC=O,0.7607333426545647,binned_cosine_1Da,2,False,predicted_spectrum,9564
CASMI2022,massformer,completed,89,89,228,CASMI_MOL_1196805,CASMI_MOL_80997,80997,CC(=CC=CC1(O)C(C)=CC(=O)CC1(C)C)CO,0.7596590205871038,binned_cosine_1Da,3,False,predicted_spectrum,9564
CASMI2022,massformer,completed,89,89,228,CASMI_MOL_1196805,CASMI_MOL_74547,74547,CC(C=CC1(O)C(C)=CC(=O)CC1(C)C)=CCO,0.7527293086415926,binned_cosine_1Da,4,False,predicted_spectrum,9564
CASMI2022,massformer,completed,89,89,228,CASMI_MOL_1196805,CASMI_MOL_79960,79960,CC(C=CC1(O)C(C)=CC(=O)CC1(C)C)=CCO,0.7527293086415926,binned_cosine_1Da,5,False,predicted_spectrum,9564
CASMI2022,massformer,completed,89,89,228,CASMI_MOL_1196805,CASMI_MOL_81072,81072,CC(C=CC1(O)C(C)=CC(=O)CC1(C)C)=CCO,0.7527293086415926,binned_cosine_1Da,6,False,predicted_spectrum,9564
CASMI2022,massformer,completed,89,89,228,CASMI_MOL_1196805,CASMI_MOL_80371,80371,CC(=O)OC1C=C(C(C)(C)O)C1=C1CCCCC1,0.7477321251254981,binned_cosine_1Da,7,False,predicted_spectrum,9564
CASMI2022,massformer,completed,89,89,228,CASMI_MOL_1196805,CASMI_MOL_75608,75608,CC(=O)C1=C2C(C)CCC(C(C)C)C2(O)CC1=O,0.7430563758596872,binned_cosine_1Da,8,False,predicted_spectrum,9564
CASMI2022,massformer,completed,89,89,228,CASMI_MOL_1196805,CASMI_MOL_80310,80310,COC1=C2OCCCC2C(O)(C2=CCCCC2)C1,0.7428008484325377,binned_cosine_1Da,9,False,predicted_spectrum,9564
CASMI2022,massformer,completed,89,89,228,CASMI_MOL_1196805,CASMI_MOL_80311,80311,COC1=C2OCCCC2C(O)(C2=CCCCC2)C1,0.7428008484325377,binned_cosine_1Da,10,False,predicted_spectrum,9564
CASMI2022,massformer,completed,89,89,228,CASMI_MOL_1196805,CASMI_MOL_75491,75491,CC1(C)C=C2C(C1)C(=O)C(C)(O)C1(CC1)C2(C)O,0.7399631986432958,binned_cosine_1Da,11,False,predicted_spectrum,9564
CASMI2022,massformer,completed,89,89,228,CASMI_MOL_1196805,CASMI_MOL_75642,75642,CC1(C)C=C2C(C1)C(=O)C(C)(O)C1(CC1)C2(C)O,0.7399631986432958,binned_cosine_1Da,12,False,predicted_spectrum,9564
CASMI2022,massformer,completed,89,89,228,CASMI_MOL_1196805,CASMI_MOL_77190,77190,CC1(C)C=C2C(C1)C(=O)C(C)(O)C1(CC1)C2(C)O,0.7399631986432958,binned_cosine_1Da,13,False,predicted_spectrum,9564
CASMI2022,massformer,completed,89,89,228,CASMI_MOL_1196805,CASMI_MOL_80807,80807,COC(=O)C1=CC(C)C(=O)C2CC(C)(C)CCC12,0.7370210598395259,binned_cosine_1Da,14,False,predicted_spectrum,9564
CASMI2022,massformer,completed,89,89,228,CASMI_MOL_1196805,CASMI_MOL_75375,75375,CC1C(O)CC2C(=O)C3=C(CC(C)(C)C3O)C21C,0.7368182349503656,binned_cosine_1Da,15,False,predicted_spectrum,9564
CASMI2022,massformer,completed,89,89,228,CASMI_MOL_1196805,CASMI_MOL_76709,76709,CC1C(O)CC2C(=O)C3=C(CC(C)(C)C3O)C21C,0.7368182349503656,binned_cosine_1Da,16,False,predicted_spectrum,9564
CASMI2022,massformer,completed,89,89,228,CASMI_MOL_1196805,CASMI_MOL_76710,76710,CC1C(O)CC2C(=O)C3=C(CC(C)(C)C3O)C21C,0.7368182349503656,binned_cosine_1Da,17,False,predicted_spectrum,9564
CASMI2022,massformer,completed,89,89,228,CASMI_MOL_1196805,CASMI_MOL_76209,76209,CC1=C2C(=O)C(O)(C(C)C)CCC2(C)CCC1=O,0.7361663752187151,binned_cosine_1Da,18,False,predicted_spectrum,9564
CASMI2022,massformer,completed,89,89,228,CASMI_MOL_1196805,CASMI_MOL_79928,79928,CC(C)=C1CC2(O)C(=C(C)CC1=O)CCC2(C)O,0.7360050726206654,binned_cosine_1Da,19,False,predicted_spectrum,9564
CASMI2022,massformer,completed,89,89,228,CASMI_MOL_1196805,CASMI_MOL_75459,75459,CC(=O)C1=C2C(C(C)C)CCC(C)C2(O)CC1=O,0.7357222558158154,binned_cosine_1Da,20,False,predicted_spectrum,9564
CASMI2022,massformer,completed,89,89,228,CASMI_MOL_1196805,CASMI_MOL_80425,80425,COC1(C)C(=O)CC2CC(=O)C3C(C)(C)CCC231,0.7351800803454747,binned_cosine_1Da,21,False,predicted_spectrum,9564
CASMI2022,massformer,completed,89,89,228,CASMI_MOL_1196805,CASMI_MOL_74802,74802,CC1(C)C=C2C3C(=O)OCC3CCC(C)(O)C2C1,0.7349720455483238,binned_cosine_1Da,22,False,predicted_spectrum,9564
CASMI2022,massformer,completed,89,89,228,CASMI_MOL_1196805,CASMI_MOL_82265,82265,CC1(C)C=C2C3C(=O)OCC3CCC(C)(O)C2C1,0.7349720455483238,binned_cosine_1Da,23,False,predicted_spectrum,9564
CASMI2022,massformer,completed,89,89,228,CASMI_MOL_1196805,CASMI_MOL_79810,79810,COC(=O)C1=CC2CC(C)(C)CC2C1(C)C(C)=O,0.7334933159814646,binned_cosine_1Da,24,False,predicted_spectrum,9564
CASMI2022,massformer,completed,89,89,228,CASMI_MOL_1196805,CASMI_MOL_77710,77710,CC(C)c1c(C(C)(C)O)ccc2c1OCCCO2,0.7332368589714593,binned_cosine_1Da,25,False,predicted_spectrum,9564
CASMI2022,massformer,completed,89,89,228,CASMI_MOL_1196805,CASMI_MOL_83774,83774,C=C(C)C1CC(=O)C2=CCCC(CO)C2(CO)C1,0.7316391094132015,binned_cosine_1Da,26,False,predicted_spectrum,9564
CASMI2022,massformer,completed,89,89,228,CASMI_MOL_1196805,CASMI_MOL_75603,75603,C=C(C)C1C=C2C(C(=O)CC2(C)O)C(C)(O)CC1,0.7315343603064308,binned_cosine_1Da,27,False,predicted_spectrum,9564
CASMI2022,massformer,completed,89,89,228,CASMI_MOL_1196805,CASMI_MOL_75163,75163,CC1=C2C3C(C(=O)C1)C2(C)C(O)CC(O)C3(C)C,0.7312656175700216,binned_cosine_1Da,28,False,predicted_spectrum,9564
CASMI2022,massformer,completed,89,89,228,CASMI_MOL_1196805,CASMI_MOL_75164,75164,CC1=C2C3C(C(=O)C1)C2(C)C(O)CC(O)C3(C)C,0.7312656175700216,binned_cosine_1Da,29,False,predicted_spectrum,9564
CASMI2022,massformer,completed,89,89,228,CASMI_MOL_1196805,CASMI_MOL_75527,75527,CC1=C2C3C(C(=O)C1)C2(C)C(O)CC(O)C3(C)C,0.7312656175700216,binned_cosine_1Da,30,False,predicted_spectrum,9564
CASMI2022,massformer,completed,89,89,228,CASMI_MOL_1196805,CASMI_MOL_80342,80342,CC1=C2C3C(C(=O)C1)C2(C)C(O)CC(O)C3(C)C,0.7312656175700216,binned_cosine_1Da,31,False,predicted_spectrum,9564
CASMI2022,massformer,completed,89,89,228,CASMI_MOL_1196805,CASMI_MOL_80343,80343,CC1=C2C3C(C(=O)C1)C2(C)C(O)CC(O)C3(C)C,0.7312656175700216,binned_cosine_1Da,32,False,predicted_spectrum,9564
CASMI2022,massformer,completed,89,89,228,CASMI_MOL_1196805,CASMI_MOL_76993,76993,CCOC(=O)C12CC=CCC(C)(O)C1=CCCC2,0.7312036331326836,binned_cosine_1Da,33,False,predicted_spectrum,9564
CASMI2022,massformer,completed,89,89,228,CASMI_MOL_1196805,CASMI_MOL_75374,75374,C=C1CCC2(O)CC1(O)C(C)C(=O)C2=CC(C)C,0.7311698887542967,binned_cosine_1Da,34,False,predicted_spectrum,9564
CASMI2022,massformer,completed,89,89,228,CASMI_MOL_1196805,CASMI_MOL_76711,76711,C=C1CCC2(O)CC1(O)C(C)C(=O)C2=CC(C)C,0.7311698887542967,binned_cosine_1Da,35,False,predicted_spectrum,9564
CASMI2022,massformer,completed,89,89,228,CASMI_MOL_1196805,CASMI_MOL_75422,75422,CC1C(=O)C2=C(CC(C)(CO)C2)C(C)(O)C12CC2,0.7310282493751438,binned_cosine_1Da,36,False,predicted_spectrum,9564
CASMI2022,massformer,completed,89,89,228,CASMI_MOL_1196805,CASMI_MOL_76733,76733,CC1C(=O)C2=C(CC(C)(CO)C2)C(C)(O)C12CC2,0.7310282493751438,binned_cosine_1Da,37,False,predicted_spectrum,9564
CASMI2022,massformer,completed,89,89,228,CASMI_MOL_1196805,CASMI_MOL_76734,76734,CC1C(=O)C2=C(CC(C)(CO)C2)C(C)(O)C12CC2,0.7310282493751438,binned_cosine_1Da,38,False,predicted_spectrum,9564
CASMI2022,massformer,completed,89,89,228,CASMI_MOL_1196805,CASMI_MOL_76738,76738,CC1C(=O)C2=C(CC(C)(CO)C2)C(C)(O)C12CC2,0.7310282493751438,binned_cosine_1Da,39,False,predicted_spectrum,9564
CASMI2022,massformer,completed,89,89,228,CASMI_MOL_1196805,CASMI_MOL_76752,76752,CC1C(=O)C2=C(CC(C)(CO)C2)C(C)(O)C12CC2,0.7310282493751438,binned_cosine_1Da,40,False,predicted_spectrum,9564
CASMI2022,massformer,completed,89,89,228,CASMI_MOL_1196805,CASMI_MOL_81189,81189,CCC(O)(C(=O)O)c1ccc(C(C)(C)C)cc1C,0.7308626561061622,binned_cosine_1Da,41,False,predicted_spectrum,9564
CASMI2022,massformer,completed,89,89,228,CASMI_MOL_1196805,CASMI_MOL_75559,75559,CC1=C(C(=O)CO)C(=O)CC2(C)C(C)CCC12C,0.7308369107974708,binned_cosine_1Da,42,False,predicted_spectrum,9564
CASMI2022,massformer,completed,89,89,228,CASMI_MOL_1196805,CASMI_MOL_81154,81154,COC(=O)C(C)C1CCC(=O)C2CCC(C)=CC21,0.7308328471558987,binned_cosine_1Da,43,False,predicted_spectrum,9564
CASMI2022,massformer,completed,89,89,228,CASMI_MOL_1196805,CASMI_MOL_80426,80426,C=C1CC2(O)C(C)C3CC1C2C(C)C3C(=O)OC,0.729890983585424,binned_cosine_1Da,44,False,predicted_spectrum,9564
CASMI2022,massformer,completed,89,89,228,CASMI_MOL_1196805,CASMI_MOL_76418,76418,CC1=CC(=O)CC(C)(C)C1(O)C#CC(C)CCO,0.7291427816870723,binned_cosine_1Da,45,False,predicted_spectrum,9564
CASMI2022,massformer,completed,89,89,228,CASMI_MOL_1196805,CASMI_MOL_75780,75780,COc1cc(C2CCCCC2)c(O)c(OC)c1C,0.7279652135128789,binned_cosine_1Da,46,False,predicted_spectrum,9564
CASMI2022,massformer,completed,89,89,228,CASMI_MOL_1196805,CASMI_MOL_74882,74882,C=C(CO)C1CC2(C)C(=CC(=O)CC2C)CC1O,0.7271812324074469,binned_cosine_1Da,47,False,predicted_spectrum,9564
CASMI2022,massformer,completed,89,89,228,CASMI_MOL_1196805,CASMI_MOL_77091,77091,C=C(CO)C1CC2(C)C(=CC(=O)CC2C)CC1O,0.7271812324074469,binned_cosine_1Da,48,False,predicted_spectrum,9564
CASMI2022,massformer,completed,89,89,228,CASMI_MOL_1196805,CASMI_MOL_75287,75287,CC1=CC(=O)CC2C(=O)CC(C(C)(C)O)CC12C,0.7271259447095895,binned_cosine_1Da,49,False,predicted_spectrum,9564
CASMI2022,massformer,completed,89,89,228,CASMI_MOL_1196805,CASMI_MOL_75288,75288,CC1=CC(=O)CC2C(=O)CC(C(C)(C)O)CC12C,0.7271259447095895,binned_cosine_1Da,50,False,predicted_spectrum,9564
CASMI2022,massformer,completed,89,89,228,CASMI_MOL_1196805,CASMI_MOL_75799,75799,CC1=CC(=O)CC2C(=O)CC(C(C)(C)O)CC12C,0.7271259447095895,binned_cosine_1Da,51,False,predicted_spectrum,9564
CASMI2022,massformer,completed,89,89,228,CASMI_MOL_1196805,CASMI_MOL_80039,80039,CCOC(=O)C(C)=C1CC(O)(C2=CCCCC2)C1,0.7268220371052085,binned_cosine_1Da,52,False,predicted_spectrum,9564
CASMI2022,massformer,completed,89,89,228,CASMI_MOL_1196805,CASMI_MOL_75552,75552,CC(C)C1=CC2C(C)CC(=O)C2C(C)(O)CC1=O,0.7267678320628125,binned_cosine_1Da,53,False,predicted_spectrum,9564
CASMI2022,massformer,completed,89,89,228,CASMI_MOL_1196805,CASMI_MOL_75619,75619,CC1=CC(=O)C2C(C)(CCC2(O)C(C)C)CC1=O,0.7267495638051562,binned_cosine_1Da,54,False,predicted_spectrum,9564
CASMI2022,massformer,completed,89,89,228,CASMI_MOL_1196805,CASMI_MOL_80094,80094,COC(=O)C1C2CCCC3CC1C(C)(C)C(=O)C32,0.7264655444950869,binned_cosine_1Da,55,False,predicted_spectrum,9564
CASMI2022,massformer,completed,89,89,228,CASMI_MOL_1196805,CASMI_MOL_80095,80095,COC(=O)C1C2CCCC3CC1C(C)(C)C(=O)C32,0.7264655444950869,binned_cosine_1Da,56,False,predicted_spectrum,9564
CASMI2022,massformer,completed,89,89,228,CASMI_MOL_1196805,CASMI_MOL_81026,81026,Cc1cc(C(C)(C)C(=O)O)cc(C(C)(C)C)c1O,0.7263533487531024,binned_cosine_1Da,57,False,predicted_spectrum,9564
CASMI2022,massformer,completed,89,89,228,CASMI_MOL_1196805,CASMI_MOL_75367,75367,CC1(C)CC2=C3C(CO)C(=O)CC3(C)C(O)C2C1,0.7262896982676057,binned_cosine_1Da,58,False,predicted_spectrum,9564
CASMI2022,massformer,completed,89,89,228,CASMI_MOL_1196805,CASMI_MOL_76724,76724,CC1(C)CC2=C3C(CO)C(=O)CC3(C)C(O)C2C1,0.7262896982676057,binned_cosine_1Da,59,False,predicted_spectrum,9564
CASMI2022,massformer,completed,89,89,228,CASMI_MOL_1196805,CASMI_MOL_74613,74613,C=C(C)C1CC2(C)C(C)C(=O)C1CC2C(=O)OC,0.7262205821382319,binned_cosine_1Da,60,False,predicted_spectrum,9564
CASMI2022,massformer,completed,89,89,228,CASMI_MOL_1196805,CASMI_MOL_74616,74616,C=C(C)C1CC2(C)C(C)C(=O)C1CC2C(=O)OC,0.7262205821382319,binned_cosine_1Da,61,False,predicted_spectrum,9564
CASMI2022,massformer,completed,89,89,228,CASMI_MOL_1196805,CASMI_MOL_74640,74640,C=C(C)C1CC2(C)C(C)C(=O)C1CC2C(=O)OC,0.7262205821382319,binned_cosine_1Da,62,False,predicted_spectrum,9564
CASMI2022,massformer,completed,89,89,228,CASMI_MOL_1196805,CASMI_MOL_74684,74684,C=C(C)C1CC2(C)C(C)C(=O)C1CC2C(=O)OC,0.7262205821382319,binned_cosine_1Da,63,False,predicted_spectrum,9564
CASMI2022,massformer,completed,89,89,228,CASMI_MOL_1196805,CASMI_MOL_74872,74872,CC(C)=C1C(=O)CC(C)C2(O)CCC(C)C(=O)C12,0.7261404680097129,binned_cosine_1Da,64,False,predicted_spectrum,9564
CASMI2022,massformer,completed,89,89,228,CASMI_MOL_1196805,CASMI_MOL_75621,75621,CC(C)=C1C(=O)CC(C)C2(O)CCC(C)C(=O)C12,0.7261404680097129,binned_cosine_1Da,65,False,predicted_spectrum,9564
CASMI2022,massformer,completed,89,89,228,CASMI_MOL_1196805,CASMI_MOL_83633,83633,CC(C)=C1C(=O)CC(C)C2(O)CCC(C)C(=O)C12,0.7261404680097129,binned_cosine_1Da,66,False,predicted_spectrum,9564
CASMI2022,massformer,completed,89,89,228,CASMI_MOL_1196805,CASMI_MOL_74850,74850,CC(C)=C1CC2(C)C(C)CCC(=O)C2(O)CC1=O,0.7258128110943003,binned_cosine_1Da,67,False,predicted_spectrum,9564
CASMI2022,massformer,completed,89,89,228,CASMI_MOL_1196805,CASMI_MOL_75806,75806,CC(C)=C1CC2(C)C(C)CCC(=O)C2(O)CC1=O,0.7258128110943003,binned_cosine_1Da,68,False,predicted_spectrum,9564
CASMI2022,massformer,completed,89,89,228,CASMI_MOL_1196805,CASMI_MOL_74860,74860,CC1=C2C3C(C(=O)C1)C2(C)CCC(O)C3(C)CO,0.7254773908699602,binned_cosine_1Da,69,False,predicted_spectrum,9564
CASMI2022,massformer,completed,89,89,228,CASMI_MOL_1196805,CASMI_MOL_74861,74861,CC1=C2C3C(C(=O)C1)C2(C)CCC(O)C3(C)CO,0.7254773908699602,binned_cosine_1Da,70,False,predicted_spectrum,9564
CASMI2022,massformer,completed,89,89,228,CASMI_MOL_1196805,CASMI_MOL_77744,77744,CC(C)(C)c1cccc(C(C)(C)CC(=O)O)c1O,0.7246862156304386,binned_cosine_1Da,71,False,predicted_spectrum,9564
CASMI2022,massformer,completed,89,89,228,CASMI_MOL_1196805,CASMI_MOL_75426,75426,CC1C(=O)C2(O)CC(C)(C)CC2C2(C)CC(=O)C12,0.7246362254262096,binned_cosine_1Da,72,False,predicted_spectrum,9564
CASMI2022,massformer,completed,89,89,228,CASMI_MOL_1196805,CASMI_MOL_82331,82331,CC1C(=O)C2(O)CC(C)(C)CC2C2(C)CC(=O)C12,0.7246362254262096,binned_cosine_1Da,73,False,predicted_spectrum,9564
CASMI2022,massformer,completed,89,89,228,CASMI_MOL_1196805,CASMI_MOL_76937,76937,COC(=O)C12CC=C(C)C1(C(C)C)CC(=O)CC2,0.724614416044814,binned_cosine_1Da,74,False,predicted_spectrum,9564
CASMI2022,massformer,completed,89,89,228,CASMI_MOL_1196805,CASMI_MOL_80204,80204,CCOC(=O)C1CC2C(=O)CC3(CCCCC23)C1,0.7244790257020233,binned_cosine_1Da,75,False,predicted_spectrum,9564
CASMI2022,massformer,completed,89,89,228,CASMI_MOL_1196805,CASMI_MOL_79788,79788,CCOC(=O)C12CCC3CC(C)CC31CC(=O)C2,0.7242170907213753,binned_cosine_1Da,76,False,predicted_spectrum,9564
CASMI2022,massformer,completed,89,89,228,CASMI_MOL_1196805,CASMI_MOL_77347,77347,CC(C#CC1(O)C(C)CC(=O)CC1(C)C)=CCO,0.7241251332942584,binned_cosine_1Da,77,False,predicted_spectrum,9564
CASMI2022,massformer,completed,89,89,228,CASMI_MOL_1196805,CASMI_MOL_79967,79967,CC(C#CC1(O)C(C)CC(=O)CC1(C)C)=CCO,0.7241251332942584,binned_cosine_1Da,78,False,predicted_spectrum,9564
CASMI2022,massformer,completed,89,89,228,CASMI_MOL_1196805,CASMI_MOL_80815,80815,CC(C#CC1(O)C(C)CC(=O)CC1(C)C)=CCO,0.7241251332942584,binned_cosine_1Da,79,False,predicted_spectrum,9564
CASMI2022,massformer,completed,89,89,228,CASMI_MOL_1196805,CASMI_MOL_81080,81080,CC(C#CC1(O)C(C)CC(=O)CC1(C)C)=CCO,0.7241251332942584,binned_cosine_1Da,80,False,predicted_spectrum,9564
CASMI2022,massformer,completed,89,89,228,CASMI_MOL_1196805,CASMI_MOL_83720,83720,CC(C#CC1(O)C(C)CC(=O)CC1(C)C)=CCO,0.7241251332942584,binned_cosine_1Da,81,False,predicted_spectrum,9564
CASMI2022,massformer,completed,89,89,228,CASMI_MOL_1196805,CASMI_MOL_84094,84094,CC(C#CC1(O)C(C)CC(=O)CC1(C)C)=CCO,0.7241251332942584,binned_cosine_1Da,82,False,predicted_spectrum,9564
CASMI2022,massformer,completed,89,89,228,CASMI_MOL_1196805,CASMI_MOL_84095,84095,CC(C#CC1(O)C(C)CC(=O)CC1(C)C)=CCO,0.7241251332942584,binned_cosine_1Da,83,False,predicted_spectrum,9564
CASMI2022,massformer,completed,89,89,228,CASMI_MOL_1196805,CASMI_MOL_84096,84096,CC(C#CC1(O)C(C)CC(=O)CC1(C)C)=CCO,0.7241251332942584,binned_cosine_1Da,84,False,predicted_spectrum,9564
CASMI2022,massformer,completed,89,89,228,CASMI_MOL_1196805,CASMI_MOL_74948,74948,CC1=C2CCC2(C)C2(O)CC(C)(CO)CC2C1=O,0.7240753705646029,binned_cosine_1Da,85,False,predicted_spectrum,9564
CASMI2022,massformer,completed,89,89,228,CASMI_MOL_1196805,CASMI_MOL_75798,75798,CC1=C2CCC2(C)C2(O)CC(C)(CO)CC2C1=O,0.7240753705646029,binned_cosine_1Da,86,False,predicted_spectrum,9564
CASMI2022,massformer,completed,89,89,228,CASMI_MOL_1196805,CASMI_MOL_80073,80073,CC1=C2CCC2(C)C2(O)CC(C)(CO)CC2C1=O,0.7240753705646029,binned_cosine_1Da,87,False,predicted_spectrum,9564
CASMI2022,massformer,completed,89,89,228,CASMI_MOL_1196805,CASMI_MOL_80465,80465,CC1=C2CCC2(C)C2(O)CC(C)(CO)CC2C1=O,0.7240753705646029,binned_cosine_1Da,88,False,predicted_spectrum,9564
CASMI2022,massformer,completed,89,89,228,CASMI_MOL_1196805,CASMI_MOL_81190,81190,CCC(O)(C(=O)O)c1cc(C(C)(C)C)ccc1C,0.7238156860307937,binned_cosine_1Da,89,False,predicted_spectrum,9564
CASMI2022,massformer,completed,89,89,228,CASMI_MOL_1196805,CASMI_MOL_76783,76783,CC(C)=C1C(=O)CC2(C)C(O)CCC(C)C(=O)C12,0.7236655872580795,binned_cosine_1Da,90,False,predicted_spectrum,9564
CASMI2022,massformer,completed,89,89,228,CASMI_MOL_1196805,CASMI_MOL_77466,77466,CC(C)=C1C(=O)CC2(C)C(O)CCC(C)C(=O)C12,0.7236655872580795,binned_cosine_1Da,91,False,predicted_spectrum,9564
CASMI2022,massformer,completed,89,89,228,CASMI_MOL_1196805,CASMI_MOL_77745,77745,CC(C)(C)c1ccc(O)c(C(C)(C)CC(=O)O)c1,0.7236622368358582,binned_cosine_1Da,92,False,predicted_spectrum,9564
CASMI2022,massformer,completed,89,89,228,CASMI_MOL_1196805,CASMI_MOL_76207,76207,CC1C(=O)C2=CC(C)(C)CC2(O)C2(C)CC(O)C12,0.723544538087147,binned_cosine_1Da,93,False,predicted_spectrum,9564
CASMI2022,massformer,completed,89,89,228,CASMI_MOL_1196805,CASMI_MOL_78723,78723,COc1cccc(OC)c1C1(O)CCCC1(C)C,0.7232014896146253,binned_cosine_1Da,94,False,predicted_spectrum,9564
CASMI2022,massformer,completed,89,89,228,CASMI_MOL_1196805,CASMI_MOL_80249,80249,CC1(C)CC2C(=O)C(CO)C3C(=O)CC3(C)C2C1,0.7226966781529284,binned_cosine_1Da,95,False,predicted_spectrum,9564
CASMI2022,massformer,completed,89,89,228,CASMI_MOL_1196805,CASMI_MOL_77405,77405,CC(=CCO)CC=C1C(C)C(=O)C(=O)CC1(C)C,0.7219120599463292,binned_cosine_1Da,96,False,predicted_spectrum,9564
CASMI2022,massformer,completed,89,89,228,CASMI_MOL_1196805,CASMI_MOL_83939,83939,CC(=CCO)CC=C1C(C)C(=O)C(=O)CC1(C)C,0.7219120599463292,binned_cosine_1Da,97,False,predicted_spectrum,9564
CASMI2022,massformer,completed,89,89,228,CASMI_MOL_1196805,CASMI_MOL_75466,75466,CC1(C)CC2C(C(=O)C(=O)C2(C)O)C2(C)CC2C1,0.7218554932635701,binned_cosine_1Da,98,False,predicted_spectrum,9564
CASMI2022,massformer,completed,89,89,228,CASMI_MOL_1196805,CASMI_MOL_82457,82457,CC(=O)OC(C)(C)C12C=C3CC(CC(O)(C3)C1)C2,0.7206671347455157,binned_cosine_1Da,99,False,predicted_spectrum,9564
CASMI2022,massformer,completed,89,89,228,CASMI_MOL_1196805,CASMI_MOL_74676,74676,COC(=O)CC12CCC(=O)C1=C(C)C(C)C(C)C2,0.7188938298781039,binned_cosine_1Da,100,False,predicted_spectrum,9564
CASMI2022,massformer,completed,89,89,228,CASMI_MOL_1196805,CASMI_MOL_1196805,1196805,CC1C=CC2=C(OC(C(C)CO)C2(C)C)C1C=O,0.553132279226222,binned_cosine_1Da,2826,True,predicted_spectrum,9564
CASMI2022,massformer,completed,90,90,229,CASMI_MOL_1196878,CASMI_MOL_462228,462228,CCCCC(C)(CC=CC1CCC(=O)C1)C(CCC)CCC(=O)O,0.8087205849735172,binned_cosine_1Da,1,False,predicted_spectrum,1959
CASMI2022,massformer,completed,90,90,229,CASMI_MOL_1196878,CASMI_MOL_462069,462069,C=CCCCCCCCCCCCCC=CC1CC(CO)OC1=O,0.8085146710676243,binned_cosine_1Da,2,False,predicted_spectrum,1959
CASMI2022,massformer,completed,90,90,229,CASMI_MOL_1196878,CASMI_MOL_462486,462486,C=C1OC(=O)C(CCCCCCCCCCC=CCCCC)C1O,0.8073934308494948,binned_cosine_1Da,3,False,predicted_spectrum,1959
CASMI2022,massformer,completed,90,90,229,CASMI_MOL_1196878,CASMI_MOL_462222,462222,CCCCCC=CCC=CCCCCCCC(CC(C)=O)C(=O)O,0.8068415445674432,binned_cosine_1Da,4,False,predicted_spectrum,1959
CASMI2022,massformer,completed,90,90,229,CASMI_MOL_1196878,CASMI_MOL_462369,462369,CCCCCCCCCCC=CC1(CCCCC)CC(=O)OC1=O,0.8068382944127425,binned_cosine_1Da,5,False,predicted_spectrum,1959
CASMI2022,massformer,completed,90,90,229,CASMI_MOL_1196878,CASMI_MOL_462152,462152,C=C1OC(=O)C(=CCCCCCCCCCCCCCCC)C1O,0.80610773019066,binned_cosine_1Da,6,False,predicted_spectrum,1959
CASMI2022,massformer,completed,90,90,229,CASMI_MOL_1196878,CASMI_MOL_463292,463292,C=C1OC(=O)C(=CCCCCCCCCCCCCCCC)C1O,0.80610773019066,binned_cosine_1Da,7,False,predicted_spectrum,1959
CASMI2022,massformer,completed,90,90,229,CASMI_MOL_1196878,CASMI_MOL_463637,463637,C=C1OC(=O)C(=CCCCCCCCCCCCCCCC)C1O,0.80610773019066,binned_cosine_1Da,8,False,predicted_spectrum,1959
CASMI2022,massformer,completed,90,90,229,CASMI_MOL_1196878,CASMI_MOL_463638,463638,C=C1OC(=O)C(=CCCCCCCCCCCCCCCC)C1O,0.80610773019066,binned_cosine_1Da,9,False,predicted_spectrum,1959
CASMI2022,massformer,completed,90,90,229,CASMI_MOL_1196878,CASMI_MOL_463649,463649,C=C1OC(=O)C(=CCCCCCCCCCCCCCCC)C1O,0.80610773019066,binned_cosine_1Da,10,False,predicted_spectrum,1959
CASMI2022,massformer,completed,90,90,229,CASMI_MOL_1196878,CASMI_MOL_463796,463796,C=C1OC(=O)C(=CCCCCCCCCCCCCCCC)C1O,0.80610773019066,binned_cosine_1Da,11,False,predicted_spectrum,1959
CASMI2022,massformer,completed,90,90,229,CASMI_MOL_1196878,CASMI_MOL_462140,462140,C=CCCCCCCCCCCCCC=CC1C(=O)OC(C)C1O,0.8060760168167059,binned_cosine_1Da,12,False,predicted_spectrum,1959
CASMI2022,massformer,completed,90,90,229,CASMI_MOL_1196878,CASMI_MOL_462141,462141,C=CCCCCCCCCCCCCC=CC1C(=O)OC(C)C1O,0.8060760168167059,binned_cosine_1Da,13,False,predicted_spectrum,1959
CASMI2022,massformer,completed,90,90,229,CASMI_MOL_1196878,CASMI_MOL_462175,462175,C=CCCCCCCCCCCCCC=CC1C(=O)OC(C)C1O,0.8060760168167059,binned_cosine_1Da,14,False,predicted_spectrum,1959
CASMI2022,massformer,completed,90,90,229,CASMI_MOL_1196878,CASMI_MOL_463042,463042,C=CCCCCCCCCCCCCC=CC1C(=O)OC(C)C1O,0.8060760168167059,binned_cosine_1Da,15,False,predicted_spectrum,1959
CASMI2022,massformer,completed,90,90,229,CASMI_MOL_1196878,CASMI_MOL_463142,463142,C=CCCCCCCCCCCCCC=CC1C(=O)OC(C)C1O,0.8060760168167059,binned_cosine_1Da,16,False,predicted_spectrum,1959
CASMI2022,massformer,completed,90,90,229,CASMI_MOL_1196878,CASMI_MOL_463933,463933,C=CCCCCCCCCCCCCC=CC1C(=O)OC(C)C1O,0.8060760168167059,binned_cosine_1Da,17,False,predicted_spectrum,1959
CASMI2022,massformer,completed,90,90,229,CASMI_MOL_1196878,CASMI_MOL_463932,463932,CCCCC=CC=CCC(=O)CCCCCCCCCCC(=O)O,0.8055695149868609,binned_cosine_1Da,18,False,predicted_spectrum,1959
CASMI2022,massformer,completed,90,90,229,CASMI_MOL_1196878,CASMI_MOL_462624,462624,CC(=CCCC(C)C)CC(C)CCC=CC(O)C1(C)CCC(=O)O1,0.8040009892553183,binned_cosine_1Da,19,False,predicted_spectrum,1959
CASMI2022,massformer,completed,90,90,229,CASMI_MOL_1196878,CASMI_MOL_463028,463028,CCCCCCC=CCC1C(C=CCCCCCC)OC(=O)C1O,0.802716252163959,binned_cosine_1Da,20,False,predicted_spectrum,1959
CASMI2022,massformer,completed,90,90,229,CASMI_MOL_1196878,CASMI_MOL_463029,463029,CCCCCCC=CCC1C(C=CCCCCCC)OC(=O)C1O,0.802716252163959,binned_cosine_1Da,21,False,predicted_spectrum,1959
CASMI2022,massformer,completed,90,90,229,CASMI_MOL_1196878,CASMI_MOL_462573,462573,COC(=O)C1CCCCCCC2CC(=O)CC(CC(C)(C)C)CC21,0.8026052594495606,binned_cosine_1Da,22,False,predicted_spectrum,1959
CASMI2022,massformer,completed,90,90,229,CASMI_MOL_1196878,CASMI_MOL_463803,463803,C=C(CC=CCCCCCCCC(=O)OC)CC1(O)CCCCC1,0.8025746793310246,binned_cosine_1Da,23,False,predicted_spectrum,1959
CASMI2022,massformer,completed,90,90,229,CASMI_MOL_1196878,CASMI_MOL_463708,463708,CCCCCCC1CCCCCCCC=CCC(=O)CCC(=O)O1,0.8023214356943025,binned_cosine_1Da,24,False,predicted_spectrum,1959
CASMI2022,massformer,completed,90,90,229,CASMI_MOL_1196878,CASMI_MOL_463057,463057,CCCCC(CC)CC(C)=CC1(CC)CC2(CC)OC(=O)CC2O1,0.8020214994651373,binned_cosine_1Da,25,False,predicted_spectrum,1959
CASMI2022,massformer,completed,90,90,229,CASMI_MOL_1196878,CASMI_MOL_463058,463058,CCCCC(CC)CC(C)=CC1(CC)CC2(CC)OC(=O)CC2O1,0.8020214994651373,binned_cosine_1Da,26,False,predicted_spectrum,1959
CASMI2022,massformer,completed,90,90,229,CASMI_MOL_1196878,CASMI_MOL_463229,463229,CCCCC(C)(O)CC=CC=CCCCCC=CCCCC(=O)O,0.8017178702133524,binned_cosine_1Da,27,False,predicted_spectrum,1959
CASMI2022,massformer,completed,90,90,229,CASMI_MOL_1196878,CASMI_MOL_463289,463289,CCCCC(C)(O)CC=CC=CCCCCC=CCCCC(=O)O,0.8017178702133524,binned_cosine_1Da,28,False,predicted_spectrum,1959
CASMI2022,massformer,completed,90,90,229,CASMI_MOL_1196878,CASMI_MOL_463772,463772,CCCCC(C)(O)CC=CC=CCCCCC=CCCCC(=O)O,0.8017178702133524,binned_cosine_1Da,29,False,predicted_spectrum,1959
CASMI2022,massformer,completed,90,90,229,CASMI_MOL_1196878,CASMI_MOL_463905,463905,CCCCC(C)(O)CC=CC=CCCCCC=CCCCC(=O)O,0.8017178702133524,binned_cosine_1Da,30,False,predicted_spectrum,1959
CASMI2022,massformer,completed,90,90,229,CASMI_MOL_1196878,CASMI_MOL_463692,463692,CCCCCCC=CC1CCC(=O)C1CCCCCC(C)C(=O)O,0.8015615101879554,binned_cosine_1Da,31,False,predicted_spectrum,1959
CASMI2022,massformer,completed,90,90,229,CASMI_MOL_1196878,CASMI_MOL_462466,462466,CCCCCC(O)C=CC=CCC=CCCCCCCCC(=O)O,0.8013629208225157,binned_cosine_1Da,32,False,predicted_spectrum,1959
CASMI2022,massformer,completed,90,90,229,CASMI_MOL_1196878,CASMI_MOL_463927,463927,CCCCCC(O)C=CC=CCC=CCCCCCCCC(=O)O,0.8013629208225157,binned_cosine_1Da,33,False,predicted_spectrum,1959
CASMI2022,massformer,completed,90,90,229,CASMI_MOL_1196878,CASMI_MOL_463308,463308,CCC1(O)CC2CCCC(OC(=O)C(=CC(C)C)C(C)(C)C)(C2)C1,0.8010085130324035,binned_cosine_1Da,34,False,predicted_spectrum,1959
CASMI2022,massformer,completed,90,90,229,CASMI_MOL_1196878,CASMI_MOL_463578,463578,CCCCCC(O)CCCCCCCCC=CC=CC=CC(=O)O,0.8008685512229399,binned_cosine_1Da,35,False,predicted_spectrum,1959
CASMI2022,massformer,completed,90,90,229,CASMI_MOL_1196878,CASMI_MOL_463739,463739,CCCCCC(O)CCCCCCCCC=CC=CC=CC(=O)O,0.8008685512229399,binned_cosine_1Da,36,False,predicted_spectrum,1959
CASMI2022,massformer,completed,90,90,229,CASMI_MOL_1196878,CASMI_MOL_463622,463622,CCCCCCCC=CC1CCC(=O)C1CCCCCCC(=O)O,0.8008447510537589,binned_cosine_1Da,37,False,predicted_spectrum,1959
CASMI2022,massformer,completed,90,90,229,CASMI_MOL_1196878,CASMI_MOL_463170,463170,CCCCCCC=CC1CCC(=O)C1CC(C)CCCCC(=O)O,0.8005263792119283,binned_cosine_1Da,38,False,predicted_spectrum,1959
CASMI2022,massformer,completed,90,90,229,CASMI_MOL_1196878,CASMI_MOL_463324,463324,CCC(C)(C)CC(C(=O)OC12CC3CC(CC(O)(C3)C1)C2)C(C)C,0.8004579245985467,binned_cosine_1Da,39,False,predicted_spectrum,1959
CASMI2022,massformer,completed,90,90,229,CASMI_MOL_1196878,CASMI_MOL_463586,463586,CCCCCCCCCCCCCCC=CC1CCC(=O)OC1=O,0.8004474421227898,binned_cosine_1Da,40,False,predicted_spectrum,1959
CASMI2022,massformer,completed,90,90,229,CASMI_MOL_1196878,CASMI_MOL_463168,463168,CCC(C)(CC(C)(C)C)C(=O)OC12CC3CC(C)(CC(O)(C3)C1)C2,0.800433432152342,binned_cosine_1Da,41,False,predicted_spectrum,1959
CASMI2022,massformer,completed,90,90,229,CASMI_MOL_1196878,CASMI_MOL_462207,462207,CCCCCCCCCCCCCCCC=CCC1C(=O)OC1=O,0.8003110987447447,binned_cosine_1Da,42,False,predicted_spectrum,1959
CASMI2022,massformer,completed,90,90,229,CASMI_MOL_1196878,CASMI_MOL_462209,462209,CCCCCCCCCCCCCCCC=CCC1C(=O)OC1=O,0.8003110987447447,binned_cosine_1Da,43,False,predicted_spectrum,1959
CASMI2022,massformer,completed,90,90,229,CASMI_MOL_1196878,CASMI_MOL_462366,462366,CCCCCC=CCC(=CCCCCCCCCC(=O)O)C(C)=O,0.7996638386895256,binned_cosine_1Da,44,False,predicted_spectrum,1959
CASMI2022,massformer,completed,90,90,229,CASMI_MOL_1196878,CASMI_MOL_463826,463826,CCCCCCC(O)C=CC#CCCCCCCCCCC(=O)O,0.799637413296559,binned_cosine_1Da,45,False,predicted_spectrum,1959
CASMI2022,massformer,completed,90,90,229,CASMI_MOL_1196878,CASMI_MOL_463584,463584,CCCCCOC(=O)C1CCC(C2CCC(CCC)CC2)CC1=O,0.7995349810732496,binned_cosine_1Da,46,False,predicted_spectrum,1959
CASMI2022,massformer,completed,90,90,229,CASMI_MOL_1196878,CASMI_MOL_463685,463685,CCCCCOC(=O)C1CCC(C2CCC(CCC)CC2)CC1=O,0.7995349810732496,binned_cosine_1Da,47,False,predicted_spectrum,1959
CASMI2022,massformer,completed,90,90,229,CASMI_MOL_1196878,CASMI_MOL_462077,462077,CCCC(C)(CC(C)(C)C)C(=O)OC12CC3CC3(CC(C)(O)C1)C2,0.7995058971934935,binned_cosine_1Da,48,False,predicted_spectrum,1959
CASMI2022,massformer,completed,90,90,229,CASMI_MOL_1196878,CASMI_MOL_463827,463827,CCCCCC(O)C=CC#CCCCCCCCCCCC(=O)O,0.7994817265700219,binned_cosine_1Da,49,False,predicted_spectrum,1959
CASMI2022,massformer,completed,90,90,229,CASMI_MOL_1196878,CASMI_MOL_463420,463420,CC(C)CC(C)(C(=O)OC12CC(O)CC3CC(C1)C3C2)C(C)(C)C,0.799327394511461,binned_cosine_1Da,50,False,predicted_spectrum,1959
CASMI2022,massformer,completed,90,90,229,CASMI_MOL_1196878,CASMI_MOL_463582,463582,CCCCCC1CCC(C2CCC(C(=O)OCCC)C(=O)C2)CC1,0.7992954088045324,binned_cosine_1Da,51,False,predicted_spectrum,1959
CASMI2022,massformer,completed,90,90,229,CASMI_MOL_1196878,CASMI_MOL_463684,463684,CCCCCC1CCC(C2CCC(C(=O)OCCC)C(=O)C2)CC1,0.7992954088045324,binned_cosine_1Da,52,False,predicted_spectrum,1959
CASMI2022,massformer,completed,90,90,229,CASMI_MOL_1196878,CASMI_MOL_462470,462470,CC(=O)CCCCC=CCCCCCCCC=CCCCC(=O)O,0.7991801771876177,binned_cosine_1Da,53,False,predicted_spectrum,1959
CASMI2022,massformer,completed,90,90,229,CASMI_MOL_1196878,CASMI_MOL_463510,463510,CCC(C)C(=O)OC(C)(C)C12CC3CC(CC(C(C)(C)O)(C3)C1)C2,0.7991125050837568,binned_cosine_1Da,54,False,predicted_spectrum,1959
CASMI2022,massformer,completed,90,90,229,CASMI_MOL_1196878,CASMI_MOL_463154,463154,C=C1C(O)CC(C(=O)C=CCCCC(C)CCCC(C)C)CC1O,0.7990911013012996,binned_cosine_1Da,55,False,predicted_spectrum,1959
CASMI2022,massformer,completed,90,90,229,CASMI_MOL_1196878,CASMI_MOL_463239,463239,C=C1C(O)CC(C(=O)C=CCCCC(C)CCCC(C)C)CC1O,0.7990911013012996,binned_cosine_1Da,56,False,predicted_spectrum,1959
CASMI2022,massformer,completed,90,90,229,CASMI_MOL_1196878,CASMI_MOL_462595,462595,CC(C)CC(=O)OC(C)(C)C12CC3CC(CC(C(C)(C)O)(C3)C1)C2,0.7989824376128587,binned_cosine_1Da,57,False,predicted_spectrum,1959
CASMI2022,massformer,completed,90,90,229,CASMI_MOL_1196878,CASMI_MOL_463332,463332,CC(C)C(C)(CC(C)(C)C)C(=O)OC12CC3CC(CC(O)(C3)C1)C2,0.798775997963954,binned_cosine_1Da,58,False,predicted_spectrum,1959
CASMI2022,massformer,completed,90,90,229,CASMI_MOL_1196878,CASMI_MOL_463471,463471,CCCCC=CCC1C(=O)CC(O)C1CCC(=O)CC(C)CCC,0.7982776764581025,binned_cosine_1Da,59,False,predicted_spectrum,1959
CASMI2022,massformer,completed,90,90,229,CASMI_MOL_1196878,CASMI_MOL_463743,463743,CCCCC=CCC1C(=O)CC(O)C1CCC(=O)CC(C)CCC,0.7982776764581025,binned_cosine_1Da,60,False,predicted_spectrum,1959
CASMI2022,massformer,completed,90,90,229,CASMI_MOL_1196878,CASMI_MOL_463562,463562,CCCCOC(=O)C1CCC(C2CCC(CCCC)CC2)CC1=O,0.7980508495927989,binned_cosine_1Da,61,False,predicted_spectrum,1959
CASMI2022,massformer,completed,90,90,229,CASMI_MOL_1196878,CASMI_MOL_463686,463686,CCCCOC(=O)C1CCC(C2CCC(CCCC)CC2)CC1=O,0.7980508495927989,binned_cosine_1Da,62,False,predicted_spectrum,1959
CASMI2022,massformer,completed,90,90,229,CASMI_MOL_1196878,CASMI_MOL_462092,462092,CCC(CC=CCCC(=O)O)CCCCCCC1C=C(CO)CC1,0.7976673606179023,binned_cosine_1Da,63,False,predicted_spectrum,1959
CASMI2022,massformer,completed,90,90,229,CASMI_MOL_1196878,CASMI_MOL_462093,462093,CCC(CC=CCCC(=O)O)CCCCCCC1C=C(CO)CC1,0.7976673606179023,binned_cosine_1Da,64,False,predicted_spectrum,1959
CASMI2022,massformer,completed,90,90,229,CASMI_MOL_1196878,CASMI_MOL_463470,463470,CCCCCC(=O)CCC1C(O)CC(=O)C1CC=CCC(C)CC,0.7976121048365986,binned_cosine_1Da,65,False,predicted_spectrum,1959
CASMI2022,massformer,completed,90,90,229,CASMI_MOL_1196878,CASMI_MOL_463742,463742,CCCCCC(=O)CCC1C(O)CC(=O)C1CC=CCC(C)CC,0.7976121048365986,binned_cosine_1Da,66,False,predicted_spectrum,1959
CASMI2022,massformer,completed,90,90,229,CASMI_MOL_1196878,CASMI_MOL_463240,463240,CCC=CCC=CCCCCCCCCCC=CC(OC)C(=O)O,0.797477760581486,binned_cosine_1Da,67,False,predicted_spectrum,1959
CASMI2022,massformer,completed,90,90,229,CASMI_MOL_1196878,CASMI_MOL_463760,463760,C=C(C(=O)O)C(=O)CCCCCCCC=CCCCCCCCC,0.7974658465986098,binned_cosine_1Da,68,False,predicted_spectrum,1959
CASMI2022,massformer,completed,90,90,229,CASMI_MOL_1196878,CASMI_MOL_463495,463495,CC(C)(C)CC(C(=O)OC12CC3CC(CC(O)(C3)C1)C2)C(C)(C)C,0.7971345323061451,binned_cosine_1Da,69,False,predicted_spectrum,1959
CASMI2022,massformer,completed,90,90,229,CASMI_MOL_1196878,CASMI_MOL_463469,463469,CC(C)(O)C=CCC(C)(C)CCCC=CC=C1CC(O)CC(O)C1,0.7971221399524402,binned_cosine_1Da,70,False,predicted_spectrum,1959
CASMI2022,massformer,completed,90,90,229,CASMI_MOL_1196878,CASMI_MOL_463475,463475,CC(C)(O)C=CCC(C)(C)CCCC=CC=C1CC(O)CC(O)C1,0.7971221399524402,binned_cosine_1Da,71,False,predicted_spectrum,1959
CASMI2022,massformer,completed,90,90,229,CASMI_MOL_1196878,CASMI_MOL_463585,463585,CC(C)(O)C=CCC(C)(C)CCCC=CC=C1CC(O)CC(O)C1,0.7971221399524402,binned_cosine_1Da,72,False,predicted_spectrum,1959
CASMI2022,massformer,completed,90,90,229,CASMI_MOL_1196878,CASMI_MOL_463733,463733,CC(C)(O)C=CCC(C)(C)CCCC=CC=C1CC(O)CC(O)C1,0.7971221399524402,binned_cosine_1Da,73,False,predicted_spectrum,1959
CASMI2022,massformer,completed,90,90,229,CASMI_MOL_1196878,CASMI_MOL_463744,463744,CC(C)(O)C=CCC(C)(C)CCCC=CC=C1CC(O)CC(O)C1,0.7971221399524402,binned_cosine_1Da,74,False,predicted_spectrum,1959
CASMI2022,massformer,completed,90,90,229,CASMI_MOL_1196878,CASMI_MOL_463188,463188,CCC(C)(C)C(=O)OCCC(O)(CC)C12CC3CC(CC(C3)C1)C2,0.7971132836882375,binned_cosine_1Da,75,False,predicted_spectrum,1959
CASMI2022,massformer,completed,90,90,229,CASMI_MOL_1196878,CASMI_MOL_462403,462403,CC=CCC=CC=CC(O)CCCCCCCCCCC(=O)OC,0.7970798103492385,binned_cosine_1Da,76,False,predicted_spectrum,1959
CASMI2022,massformer,completed,90,90,229,CASMI_MOL_1196878,CASMI_MOL_463329,463329,CCC(C)C(C)(CC(C)C)C(=O)OC12CC3CC(CC(O)(C3)C1)C2,0.7969897991757333,binned_cosine_1Da,77,False,predicted_spectrum,1959
CASMI2022,massformer,completed,90,90,229,CASMI_MOL_1196878,CASMI_MOL_462320,462320,CCCCCCC=CC1CCCC1CC(=O)CCCCC(=O)OC,0.7964285601817511,binned_cosine_1Da,78,False,predicted_spectrum,1959
CASMI2022,massformer,completed,90,90,229,CASMI_MOL_1196878,CASMI_MOL_463538,463538,CCCCC(C)C(=O)C=CC1CCC(=O)C1CCCCCCCO,0.7958798579181494,binned_cosine_1Da,79,False,predicted_spectrum,1959
CASMI2022,massformer,completed,90,90,229,CASMI_MOL_1196878,CASMI_MOL_463746,463746,CCCCC(C)C(=O)C=CC1CCC(=O)C1CCCCCCCO,0.7958798579181494,binned_cosine_1Da,80,False,predicted_spectrum,1959
CASMI2022,massformer,completed,90,90,229,CASMI_MOL_1196878,CASMI_MOL_463421,463421,CC(C)CC(C)(C(=O)OC12CC3CC(CC(O)(C3)C1)C2)C(C)(C)C,0.7957959545973909,binned_cosine_1Da,81,False,predicted_spectrum,1959
CASMI2022,massformer,completed,90,90,229,CASMI_MOL_1196878,CASMI_MOL_462334,462334,CCCCCCC=CC1C(C)CC(=O)C1CCCCCCC(=O)O,0.7956612925216489,binned_cosine_1Da,82,False,predicted_spectrum,1959
CASMI2022,massformer,completed,90,90,229,CASMI_MOL_1196878,CASMI_MOL_463207,463207,CCCCCCC(=O)OC(C)(C=CC1CCC(=O)C1)CCCCC,0.7955765038390691,binned_cosine_1Da,83,False,predicted_spectrum,1959
CASMI2022,massformer,completed,90,90,229,CASMI_MOL_1196878,CASMI_MOL_463531,463531,CCCCCCC(=O)OC(C)(C=CC1CCC(=O)C1)CCCCC,0.7955765038390691,binned_cosine_1Da,84,False,predicted_spectrum,1959
CASMI2022,massformer,completed,90,90,229,CASMI_MOL_1196878,CASMI_MOL_462385,462385,CCCCCCC=CC1CCCC1CCCCCC(=O)C(=O)OC,0.7955620511822896,binned_cosine_1Da,85,False,predicted_spectrum,1959
CASMI2022,massformer,completed,90,90,229,CASMI_MOL_1196878,CASMI_MOL_462040,462040,CCCCCCC=CC1CC(CC(C)=CCCCC(=O)O)CC1O,0.7952920987603821,binned_cosine_1Da,86,False,predicted_spectrum,1959
CASMI2022,massformer,completed,90,90,229,CASMI_MOL_1196878,CASMI_MOL_463597,463597,CCCCCCCCC1CCC(=O)C1CCCC=CCC(=O)OC,0.7951495275557503,binned_cosine_1Da,87,False,predicted_spectrum,1959
CASMI2022,massformer,completed,90,90,229,CASMI_MOL_1196878,CASMI_MOL_463509,463509,CCC(C)C(=O)OCC12CC3CC(C1)CC(C(O)(CC)CC)(C3)C2,0.794579096945342,binned_cosine_1Da,88,False,predicted_spectrum,1959
CASMI2022,massformer,completed,90,90,229,CASMI_MOL_1196878,CASMI_MOL_462361,462361,CCCCCC=CC=CC(CCCCCCCCC(=O)O)C(C)=O,0.7944798642749217,binned_cosine_1Da,89,False,predicted_spectrum,1959
CASMI2022,massformer,completed,90,90,229,CASMI_MOL_1196878,CASMI_MOL_463186,463186,CC(=O)C1(CCCCCC(O)CCCCCC2(C(C)=O)CC2)CC1,0.7944381572229905,binned_cosine_1Da,90,False,predicted_spectrum,1959
CASMI2022,massformer,completed,90,90,229,CASMI_MOL_1196878,CASMI_MOL_462331,462331,CCCCCC1CCC(C(=O)OCCCCCC(=O)C2CC2)CC1,0.7942617140713092,binned_cosine_1Da,91,False,predicted_spectrum,1959
CASMI2022,massformer,completed,90,90,229,CASMI_MOL_1196878,CASMI_MOL_463331,463331,CC(C)=CC(C)(C(=O)OC12CC(C)CC(CC(O)C1)C2)C(C)(C)C,0.7941743790921885,binned_cosine_1Da,92,False,predicted_spectrum,1959
CASMI2022,massformer,completed,90,90,229,CASMI_MOL_1196878,CASMI_MOL_463435,463435,CCCCCCCCCCCC(O)C=C1OC(=O)C1CC=C(C)C,0.7940157586460226,binned_cosine_1Da,93,False,predicted_spectrum,1959
CASMI2022,massformer,completed,90,90,229,CASMI_MOL_1196878,CASMI_MOL_463910,463910,C=C1C(=CC=CCCCC(C)(C)CCCC(C)O)CC(O)CC1O,0.7931715590481139,binned_cosine_1Da,94,False,predicted_spectrum,1959
CASMI2022,massformer,completed,90,90,229,CASMI_MOL_1196878,CASMI_MOL_463322,463322,CCC(C)(C)C(C)(CC(C)C)C(=O)OC12CC3CC(C1)C(O)(C3)C2,0.7931659070380939,binned_cosine_1Da,95,False,predicted_spectrum,1959
CASMI2022,massformer,completed,90,90,229,CASMI_MOL_1196878,CASMI_MOL_462402,462402,CC=CCC=CC=CC(CCCCCCCCCCC(=O)O)OC,0.7931233244816295,binned_cosine_1Da,96,False,predicted_spectrum,1959
CASMI2022,massformer,completed,90,90,229,CASMI_MOL_1196878,CASMI_MOL_462367,462367,CCCCCCC=CCC=CC(CCCCCCC(=O)O)C(C)=O,0.7930980373385241,binned_cosine_1Da,97,False,predicted_spectrum,1959
CASMI2022,massformer,completed,90,90,229,CASMI_MOL_1196878,CASMI_MOL_463234,463234,C=CC(=O)C(CCCCCCC=CCCCCCCCC)C(=O)O,0.7929361059955307,binned_cosine_1Da,98,False,predicted_spectrum,1959
CASMI2022,massformer,completed,90,90,229,CASMI_MOL_1196878,CASMI_MOL_463593,463593,C=CC(=O)C(CCCCCCC=CCCCCCCCC)C(=O)O,0.7929361059955307,binned_cosine_1Da,99,False,predicted_spectrum,1959
CASMI2022,massformer,completed,90,90,229,CASMI_MOL_1196878,CASMI_MOL_462399,462399,CCC=CCC=CC=CC(O)CCCCCCCCCC(=O)OC,0.7928823869938844,binned_cosine_1Da,100,False,predicted_spectrum,1959
CASMI2022,massformer,completed,90,90,229,CASMI_MOL_1196878,CASMI_MOL_1196878,1196878,CCC(C)C1C(CO)=CC2CC(C)CC(C)C2C1(C)C(=O)CCO,0.6907083040312694,binned_cosine_1Da,1140,True,predicted_spectrum,1959
CASMI2022,massformer,completed,93,93,237,CASMI_MOL_1196881,CASMI_MOL_467024,467024,N=C(N)NNC(=O)c1cnn(-c2ccc(F)cc2)c1N,0.7612266019820838,binned_cosine_1Da,1,False,predicted_spectrum,9460
CASMI2022,massformer,completed,93,93,237,CASMI_MOL_1196881,CASMI_MOL_467023,467023,N=C(N)NNC(=O)c1cnn(-c2ccccc2F)c1N,0.715045379031436,binned_cosine_1Da,2,False,predicted_spectrum,9460
CASMI2022,massformer,completed,93,93,237,CASMI_MOL_1196881,CASMI_MOL_471413,471413,Cc1cc(C)n2cc(CSC(N)=NC(=N)N)nc2n1,0.5064779500920051,binned_cosine_1Da,3,False,predicted_spectrum,9460
CASMI2022,massformer,completed,93,93,237,CASMI_MOL_1196881,CASMI_MOL_470487,470487,CCNc1cnc(CSc2nc(N)cc(N)n2)cn1,0.48156734653482836,binned_cosine_1Da,4,False,predicted_spectrum,9460
CASMI2022,massformer,completed,93,93,237,CASMI_MOL_1196881,CASMI_MOL_467860,467860,Cn1c(CN=C(N)NC2CC2)nc2cccc(Cl)c21,0.4665254117767974,binned_cosine_1Da,5,False,predicted_spectrum,9460
CASMI2022,massformer,completed,93,93,237,CASMI_MOL_1196881,CASMI_MOL_467576,467576,CSNc1nc(N=C(N)CC(C)=N)nc2[nH]ccc12,0.46229856895061266,binned_cosine_1Da,6,False,predicted_spectrum,9460
CASMI2022,massformer,completed,93,93,237,CASMI_MOL_1196881,CASMI_MOL_468930,468930,CC(C)(C)Nc1nncc(Nc2ccc(Cl)cc2)n1,0.4224972990168585,binned_cosine_1Da,7,False,predicted_spectrum,9460
CASMI2022,massformer,completed,93,93,237,CASMI_MOL_1196881,CASMI_MOL_467859,467859,Cn1c(CN=C(N)NC2CC2)nc2cc(Cl)ccc21,0.40932680053554954,binned_cosine_1Da,8,False,predicted_spectrum,9460
CASMI2022,massformer,completed,93,93,237,CASMI_MOL_1196881,CASMI_MOL_468933,468933,CC(C)(C)Nc1cnnc(Nc2ccc(Cl)cc2)n1,0.4072700410297796,binned_cosine_1Da,9,False,predicted_spectrum,9460
CASMI2022,massformer,completed,93,93,237,CASMI_MOL_1196881,CASMI_MOL_474875,474875,COc1ccc(C(C)NC(=O)c2ccc(C)o2)cc1F,0.38389974676074917,binned_cosine_1Da,10,False,predicted_spectrum,9460
CASMI2022,massformer,completed,93,93,237,CASMI_MOL_1196881,CASMI_MOL_467346,467346,COc1ccc(F)cc1C(=O)NC(C)c1ccc(C)o1,0.3831301293976242,binned_cosine_1Da,11,False,predicted_spectrum,9460
CASMI2022,massformer,completed,93,93,237,CASMI_MOL_1196881,CASMI_MOL_469788,469788,CSC1(CNc2nc(N)nc(-n3cccn3)n2)CC1,0.37345722651010743,binned_cosine_1Da,12,False,predicted_spectrum,9460
CASMI2022,massformer,completed,93,93,237,CASMI_MOL_1196881,CASMI_MOL_470004,470004,Cc1cc(C(C)NC(=O)c2c(O)cccc2F)c(C)o1,0.3654973366117833,binned_cosine_1Da,13,False,predicted_spectrum,9460
CASMI2022,massformer,completed,93,93,237,CASMI_MOL_1196881,CASMI_MOL_472173,472173,CNc1cc(C)nc(CSc2nc(N)cc(N)n2)n1,0.35713787906820893,binned_cosine_1Da,14,False,predicted_spectrum,9460
CASMI2022,massformer,completed,93,93,237,CASMI_MOL_1196881,CASMI_MOL_466061,466061,C=CCSC(=N)NNc1ccc(N=NC(=N)N)cc1,0.3551012448697931,binned_cosine_1Da,15,False,predicted_spectrum,9460
CASMI2022,massformer,completed,93,93,237,CASMI_MOL_1196881,CASMI_MOL_468740,468740,CC(C)C(C)SCc1ccc(N)cc1C(F)(F)F,0.3470514694911791,binned_cosine_1Da,16,False,predicted_spectrum,9460
CASMI2022,massformer,completed,93,93,237,CASMI_MOL_1196881,CASMI_MOL_468931,468931,CC(C)(C)Nc1nncc(Nc2cccc(Cl)c2)n1,0.3469337189291416,binned_cosine_1Da,17,False,predicted_spectrum,9460
CASMI2022,massformer,completed,93,93,237,CASMI_MOL_1196881,CASMI_MOL_470308,470308,COc1ccc(C(=O)NC(C)c2ccc(C)o2)c(F)c1,0.33831364235411043,binned_cosine_1Da,18,False,predicted_spectrum,9460
CASMI2022,massformer,completed,93,93,237,CASMI_MOL_1196881,CASMI_MOL_469797,469797,CC(C)(C1CC1)n1nnnc1-c1ccc(N)c(Cl)c1,0.33762498256079493,binned_cosine_1Da,19,False,predicted_spectrum,9460
CASMI2022,massformer,completed,93,93,237,CASMI_MOL_1196881,CASMI_MOL_466239,466239,CC(SC(C)(C)C)c1cc(N)cc(C(F)(F)F)c1,0.33333760039419935,binned_cosine_1Da,20,False,predicted_spectrum,9460
CASMI2022,massformer,completed,93,93,237,CASMI_MOL_1196881,CASMI_MOL_469792,469792,CC(C)(C1CC1)n1nnnc1-c1ccc(Cl)c(N)c1,0.33102311342289176,binned_cosine_1Da,21,False,predicted_spectrum,9460
CASMI2022,massformer,completed,93,93,237,CASMI_MOL_1196881,CASMI_MOL_469791,469791,CC(C)(C1CC1)n1nnnc1-c1cc(N)ccc1Cl,0.3257740121859571,binned_cosine_1Da,22,False,predicted_spectrum,9460
CASMI2022,massformer,completed,93,93,237,CASMI_MOL_1196881,CASMI_MOL_469432,469432,Cc1cc(C(N)=S)nc(NCCCn2ccnn2)n1,0.325067173293505,binned_cosine_1Da,23,False,predicted_spectrum,9460
CASMI2022,massformer,completed,93,93,237,CASMI_MOL_1196881,CASMI_MOL_468934,468934,CC(C)(C)Nc1cnnc(Nc2cccc(Cl)c2)n1,0.32465374129285846,binned_cosine_1Da,24,False,predicted_spectrum,9460
CASMI2022,massformer,completed,93,93,237,CASMI_MOL_1196881,CASMI_MOL_469490,469490,NC1CCCC(Oc2ccc(C(F)(F)F)cc2F)C1,0.3238856070508517,binned_cosine_1Da,25,False,predicted_spectrum,9460
CASMI2022,massformer,completed,93,93,237,CASMI_MOL_1196881,CASMI_MOL_469796,469796,CC(C)(C1CC1)n1nnnc1-c1cc(Cl)ccc1N,0.31949460557001735,binned_cosine_1Da,26,False,predicted_spectrum,9460
CASMI2022,massformer,completed,93,93,237,CASMI_MOL_1196881,CASMI_MOL_467862,467862,CN=C(NCc1cn2cc(Cl)ccc2n1)NC1CC1,0.3183830345182222,binned_cosine_1Da,27,False,predicted_spectrum,9460
CASMI2022,massformer,completed,93,93,237,CASMI_MOL_1196881,CASMI_MOL_470254,470254,Cc1cc(C(C)NC(=O)c2ccc(F)cc2O)c(C)o1,0.31734853429154936,binned_cosine_1Da,28,False,predicted_spectrum,9460
CASMI2022,massformer,completed,93,93,237,CASMI_MOL_1196881,CASMI_MOL_469793,469793,CC(C)(C1CC1)n1nnnc1-c1cccc(N)c1Cl,0.3126971050276707,binned_cosine_1Da,29,False,predicted_spectrum,9460
CASMI2022,massformer,completed,93,93,237,CASMI_MOL_1196881,CASMI_MOL_472368,472368,Cc1cc(C(C)NC(=O)c2cc(F)ccc2O)c(C)o1,0.3111922225089411,binned_cosine_1Da,30,False,predicted_spectrum,9460
CASMI2022,massformer,completed,93,93,237,CASMI_MOL_1196881,CASMI_MOL_469494,469494,NC1CCC(Oc2ccc(C(F)(F)F)cc2F)CC1,0.3080391523177488,binned_cosine_1Da,31,False,predicted_spectrum,9460
CASMI2022,massformer,completed,93,93,237,CASMI_MOL_1196881,CASMI_MOL_469789,469789,CSC1(CNc2nc(N)nc(-n3ccnc3)n2)CC1,0.3054484566248778,binned_cosine_1Da,32,False,predicted_spectrum,9460
CASMI2022,massformer,completed,93,93,237,CASMI_MOL_1196881,CASMI_MOL_469798,469798,CC(C)(C1CC1)n1nnnc1-c1ccc(N)cc1Cl,0.30286306452168477,binned_cosine_1Da,33,False,predicted_spectrum,9460
CASMI2022,massformer,completed,93,93,237,CASMI_MOL_1196881,CASMI_MOL_466442,466442,COC(N)N=S(N)(=O)c1cc(C(C)(C)O)c(C)o1,0.29891258986587255,binned_cosine_1Da,34,False,predicted_spectrum,9460
CASMI2022,massformer,completed,93,93,237,CASMI_MOL_1196881,CASMI_MOL_474856,474856,CC(Sc1ncccn1)c1nc(N)nc(N(C)C)n1,0.2958449584160071,binned_cosine_1Da,35,False,predicted_spectrum,9460
CASMI2022,massformer,completed,93,93,237,CASMI_MOL_1196881,CASMI_MOL_471304,471304,CC1(C)CC(=O)C(C(=O)Nc2ccccc2F)C(=O)C1,0.2946402407839392,binned_cosine_1Da,36,False,predicted_spectrum,9460
CASMI2022,massformer,completed,93,93,237,CASMI_MOL_1196881,CASMI_MOL_469799,469799,CC(C)(C1CC1)n1nnnc1-c1c(N)cccc1Cl,0.2921020530620937,binned_cosine_1Da,37,False,predicted_spectrum,9460
CASMI2022,massformer,completed,93,93,237,CASMI_MOL_1196881,CASMI_MOL_470596,470596,NC1CCC(Oc2ccc(F)c(C(F)(F)F)c2)CC1,0.2909917232477583,binned_cosine_1Da,38,False,predicted_spectrum,9460
CASMI2022,massformer,completed,93,93,237,CASMI_MOL_1196881,CASMI_MOL_469790,469790,CC(C)(C1CC1)n1nnnc1-c1ccc(Cl)cc1N,0.29006983046116985,binned_cosine_1Da,39,False,predicted_spectrum,9460
CASMI2022,massformer,completed,93,93,237,CASMI_MOL_1196881,CASMI_MOL_474892,474892,COc1ccc(C(C)NC(=O)c2ccoc2C)cc1F,0.2842934487432562,binned_cosine_1Da,40,False,predicted_spectrum,9460
CASMI2022,massformer,completed,93,93,237,CASMI_MOL_1196881,CASMI_MOL_475117,475117,CN(C)c1nc(N)nc(CSc2ccc(N)cn2)n1,0.27883916341978915,binned_cosine_1Da,41,False,predicted_spectrum,9460
CASMI2022,massformer,completed,93,93,237,CASMI_MOL_1196881,CASMI_MOL_468205,468205,CC(C1CCC1)n1nnnc1-c1cc(N)ccc1Cl,0.277634664983055,binned_cosine_1Da,42,False,predicted_spectrum,9460
CASMI2022,massformer,completed,93,93,237,CASMI_MOL_1196881,CASMI_MOL_468200,468200,CC(C1CCC1)n1nnnc1-c1ccc(Cl)c(N)c1,0.2753877566410575,binned_cosine_1Da,43,False,predicted_spectrum,9460
CASMI2022,massformer,completed,93,93,237,CASMI_MOL_1196881,CASMI_MOL_468202,468202,CC(C1CCC1)n1nnnc1-c1ccc(N)c(Cl)c1,0.27195641858574615,binned_cosine_1Da,44,False,predicted_spectrum,9460
CASMI2022,massformer,completed,93,93,237,CASMI_MOL_1196881,CASMI_MOL_470903,470903,C#Cc1cccc(NC(=O)C=Cc2ccc(OC)cc2)c1,0.2701202985324611,binned_cosine_1Da,45,False,predicted_spectrum,9460
CASMI2022,massformer,completed,93,93,237,CASMI_MOL_1196881,CASMI_MOL_474268,474268,C#Cc1cccc(NC(=O)C=Cc2ccc(OC)cc2)c1,0.2701202985324611,binned_cosine_1Da,46,False,predicted_spectrum,9460
CASMI2022,massformer,completed,93,93,237,CASMI_MOL_1196881,CASMI_MOL_470235,470235,Cc1cc(C(C)NC(=O)c2ccc(O)cc2F)c(C)o1,0.26690417428530605,binned_cosine_1Da,47,False,predicted_spectrum,9460
CASMI2022,massformer,completed,93,93,237,CASMI_MOL_1196881,CASMI_MOL_468198,468198,CC(C1CCC1)n1nnnc1-c1ccc(N)cc1Cl,0.26271201521257265,binned_cosine_1Da,48,False,predicted_spectrum,9460
CASMI2022,massformer,completed,93,93,237,CASMI_MOL_1196881,CASMI_MOL_473309,473309,COc1ccc(OCCOc2ccc(N)c(F)c2)cc1,0.26218857714675253,binned_cosine_1Da,49,False,predicted_spectrum,9460
CASMI2022,massformer,completed,93,93,237,CASMI_MOL_1196881,CASMI_MOL_468935,468935,CC(C)(C)Nc1cnnc(Nc2ccccc2Cl)n1,0.26197190769912676,binned_cosine_1Da,50,False,predicted_spectrum,9460
CASMI2022,massformer,completed,93,93,237,CASMI_MOL_1196881,CASMI_MOL_472033,472033,CCNc1nc(C)cc(Sc2nc(N)cc(N)n2)n1,0.2609587215689836,binned_cosine_1Da,51,False,predicted_spectrum,9460
CASMI2022,massformer,completed,93,93,237,CASMI_MOL_1196881,CASMI_MOL_468203,468203,CC(C1CCC1)n1nnnc1-c1c(N)cccc1Cl,0.25965054438035995,binned_cosine_1Da,52,False,predicted_spectrum,9460
CASMI2022,massformer,completed,93,93,237,CASMI_MOL_1196881,CASMI_MOL_469795,469795,CC(C)(C1CC1)n1nnnc1-c1cc(N)cc(Cl)c1,0.25625131890735975,binned_cosine_1Da,53,False,predicted_spectrum,9460
CASMI2022,massformer,completed,93,93,237,CASMI_MOL_1196881,CASMI_MOL_468942,468942,CCC(C)Nc1nncc(Nc2ccc(Cl)cc2)n1,0.2552749309352886,binned_cosine_1Da,54,False,predicted_spectrum,9460
CASMI2022,massformer,completed,93,93,237,CASMI_MOL_1196881,CASMI_MOL_472043,472043,CCNc1cc(Sc2nc(N)cc(N)n2)nc(C)n1,0.2527446077862029,binned_cosine_1Da,55,False,predicted_spectrum,9460
CASMI2022,massformer,completed,93,93,237,CASMI_MOL_1196881,CASMI_MOL_468204,468204,CC(C1CCC1)n1nnnc1-c1cc(Cl)ccc1N,0.2520903132455936,binned_cosine_1Da,56,False,predicted_spectrum,9460
CASMI2022,massformer,completed,93,93,237,CASMI_MOL_1196881,CASMI_MOL_473455,473455,CC1(n2nnnc2-c2ccc(Cl)c(N)c2)CCCC1,0.24994603668276957,binned_cosine_1Da,57,False,predicted_spectrum,9460
CASMI2022,massformer,completed,93,93,237,CASMI_MOL_1196881,CASMI_MOL_468932,468932,CC(C)(C)Nc1nncc(Nc2ccccc2Cl)n1,0.2492594787202585,binned_cosine_1Da,58,False,predicted_spectrum,9460
CASMI2022,massformer,completed,93,93,237,CASMI_MOL_1196881,CASMI_MOL_469435,469435,Cc1cc(C(N)=S)nc(NC(C)c2nncn2C)n1,0.2478550559260911,binned_cosine_1Da,59,False,predicted_spectrum,9460
CASMI2022,massformer,completed,93,93,237,CASMI_MOL_1196881,CASMI_MOL_471453,471453,CC1(n2nnnc2-c2ccc(N)c(Cl)c2)CCCC1,0.2477881277049366,binned_cosine_1Da,60,False,predicted_spectrum,9460
CASMI2022,massformer,completed,93,93,237,CASMI_MOL_1196881,CASMI_MOL_469433,469433,Cc1cc(C(N)=S)nc(NCCc2ncn(C)n2)n1,0.2476745127533473,binned_cosine_1Da,61,False,predicted_spectrum,9460
CASMI2022,massformer,completed,93,93,237,CASMI_MOL_1196881,CASMI_MOL_468197,468197,CC(C1CCC1)n1nnnc1-c1ccc(Cl)cc1N,0.24206968840677315,binned_cosine_1Da,62,False,predicted_spectrum,9460
CASMI2022,massformer,completed,93,93,237,CASMI_MOL_1196881,CASMI_MOL_465913,465913,NC1(c2cccc(OC(F)F)c2)CCC(F)(F)CC1,0.24201532409863064,binned_cosine_1Da,63,False,predicted_spectrum,9460
CASMI2022,massformer,completed,93,93,237,CASMI_MOL_1196881,CASMI_MOL_469434,469434,Cc1cc(C(N)=S)nc(NCCc2nncn2C)n1,0.2419707538615328,binned_cosine_1Da,64,False,predicted_spectrum,9460
CASMI2022,massformer,completed,93,93,237,CASMI_MOL_1196881,CASMI_MOL_472339,472339,Nc1ccc(Sc2nnnn2C2CCCC2)nc1N,0.24138154957187155,binned_cosine_1Da,65,False,predicted_spectrum,9460
CASMI2022,massformer,completed,93,93,237,CASMI_MOL_1196881,CASMI_MOL_467390,467390,CCN(c1cc(Cl)nc(N)n1)C(C)c1cccnc1,0.240048478665399,binned_cosine_1Da,66,False,predicted_spectrum,9460
CASMI2022,massformer,completed,93,93,237,CASMI_MOL_1196881,CASMI_MOL_470138,470138,Cc1nnc(NCCn2ccnn2)c(C(N)=S)c1C,0.23975719341511786,binned_cosine_1Da,67,False,predicted_spectrum,9460
CASMI2022,massformer,completed,93,93,237,CASMI_MOL_1196881,CASMI_MOL_468201,468201,CC(C1CCC1)n1nnnc1-c1cccc(N)c1Cl,0.23667743404640057,binned_cosine_1Da,68,False,predicted_spectrum,9460
CASMI2022,massformer,completed,93,93,237,CASMI_MOL_1196881,CASMI_MOL_473452,473452,CC1(n2nnnc2-c2cc(N)ccc2Cl)CCCC1,0.23444205261009826,binned_cosine_1Da,69,False,predicted_spectrum,9460
CASMI2022,massformer,completed,93,93,237,CASMI_MOL_1196881,CASMI_MOL_469489,469489,NC1CCCCC1Oc1ccc(C(F)(F)F)cc1F,0.23396202005269182,binned_cosine_1Da,70,False,predicted_spectrum,9460
CASMI2022,massformer,completed,93,93,237,CASMI_MOL_1196881,CASMI_MOL_472031,472031,CCN(CC)c1nc(N)nc(Sc2ncccn2)n1,0.23336852794105328,binned_cosine_1Da,71,False,predicted_spectrum,9460
CASMI2022,massformer,completed,93,93,237,CASMI_MOL_1196881,CASMI_MOL_472050,472050,Cc1nc(N)cc(Sc2nnnn2C2CCCC2)n1,0.23285264976809772,binned_cosine_1Da,72,False,predicted_spectrum,9460
CASMI2022,massformer,completed,93,93,237,CASMI_MOL_1196881,CASMI_MOL_466133,466133,NC1(c2ccc(OC(F)F)cc2)CCC(F)(F)CC1,0.2325843493221155,binned_cosine_1Da,73,False,predicted_spectrum,9460
CASMI2022,massformer,completed,93,93,237,CASMI_MOL_1196881,CASMI_MOL_469024,469024,NC1CCC(F)(c2cccc(OC(F)(F)F)c2)CC1,0.22939162849938083,binned_cosine_1Da,74,False,predicted_spectrum,9460
CASMI2022,massformer,completed,93,93,237,CASMI_MOL_1196881,CASMI_MOL_468196,468196,CC(C1CCC1)n1nnnc1-c1cc(N)cc(Cl)c1,0.228808757864483,binned_cosine_1Da,75,False,predicted_spectrum,9460
CASMI2022,massformer,completed,93,93,237,CASMI_MOL_1196881,CASMI_MOL_471451,471451,CC(CC1CC1)n1nnnc1-c1ccc(N)c(Cl)c1,0.22816808751895146,binned_cosine_1Da,76,False,predicted_spectrum,9460
CASMI2022,massformer,completed,93,93,237,CASMI_MOL_1196881,CASMI_MOL_466350,466350,CN(c1ccc(F)cc1)c1nc(N)nc(C(N)=NO)n1,0.22808318219745558,binned_cosine_1Da,77,False,predicted_spectrum,9460
CASMI2022,massformer,completed,93,93,237,CASMI_MOL_1196881,CASMI_MOL_467167,467167,CN(c1ccc(F)cc1)c1nc(N)nc(C(N)=NO)n1,0.22808318219745558,binned_cosine_1Da,78,False,predicted_spectrum,9460
CASMI2022,massformer,completed,93,93,237,CASMI_MOL_1196881,CASMI_MOL_473450,473450,CC1(n2nnnc2-c2cc(Cl)ccc2N)CCCC1,0.2264759526735051,binned_cosine_1Da,79,False,predicted_spectrum,9460
CASMI2022,massformer,completed,93,93,237,CASMI_MOL_1196881,CASMI_MOL_474851,474851,CCOc1cc(F)ccc1NC(=O)c1ccc(CC)o1,0.22488980028376798,binned_cosine_1Da,80,False,predicted_spectrum,9460
CASMI2022,massformer,completed,93,93,237,CASMI_MOL_1196881,CASMI_MOL_473352,473352,COC(=O)C1CCN(S(=O)(=O)N2CC(N)C2)CC1,0.22189787762945995,binned_cosine_1Da,81,False,predicted_spectrum,9460
CASMI2022,massformer,completed,93,93,237,CASMI_MOL_1196881,CASMI_MOL_472049,472049,Cc1cc(Sc2nnnn2C2CCCC2)nc(N)n1,0.2214017116331441,binned_cosine_1Da,82,False,predicted_spectrum,9460
CASMI2022,massformer,completed,93,93,237,CASMI_MOL_1196881,CASMI_MOL_469010,469010,CC(CC1CC1)n1nnnc1-c1cccc(N)c1Cl,0.22120792223939764,binned_cosine_1Da,83,False,predicted_spectrum,9460
CASMI2022,massformer,completed,93,93,237,CASMI_MOL_1196881,CASMI_MOL_473599,473599,CC(CC1CC1)n1nnnc1-c1ccc(Cl)c(N)c1,0.22020485114052837,binned_cosine_1Da,84,False,predicted_spectrum,9460
CASMI2022,massformer,completed,93,93,237,CASMI_MOL_1196881,CASMI_MOL_472092,472092,CNc1cc(NC(C)c2ccccc2Cl)nc(N)n1,0.2187749013226495,binned_cosine_1Da,85,False,predicted_spectrum,9460
CASMI2022,massformer,completed,93,93,237,CASMI_MOL_1196881,CASMI_MOL_472611,472611,CCN(C(=O)c1ccc(C=CC(=O)O)c(F)c1)C1CC1,0.2187410487445073,binned_cosine_1Da,86,False,predicted_spectrum,9460
CASMI2022,massformer,completed,93,93,237,CASMI_MOL_1196881,CASMI_MOL_473353,473353,CCOC(=O)C1CCCN1S(=O)(=O)N1CC(N)C1,0.2186974168520992,binned_cosine_1Da,87,False,predicted_spectrum,9460
CASMI2022,massformer,completed,93,93,237,CASMI_MOL_1196881,CASMI_MOL_473598,473598,CC(CC1CC1)n1nnnc1-c1cc(N)ccc1Cl,0.21702316220004256,binned_cosine_1Da,88,False,predicted_spectrum,9460
CASMI2022,massformer,completed,93,93,237,CASMI_MOL_1196881,CASMI_MOL_469794,469794,CC(C)(C1CC1)n1nnnc1-c1cccc(Cl)c1N,0.2166714169365999,binned_cosine_1Da,89,False,predicted_spectrum,9460
CASMI2022,massformer,completed,93,93,237,CASMI_MOL_1196881,CASMI_MOL_468209,468209,Nc1nc(NC2CCSCC2)nc(-n2cccn2)n1,0.21636518343035757,binned_cosine_1Da,90,False,predicted_spectrum,9460
CASMI2022,massformer,completed,93,93,237,CASMI_MOL_1196881,CASMI_MOL_470485,470485,CNc1nc(NC2CCSC2)nc(-n2cccn2)n1,0.2159158027519039,binned_cosine_1Da,91,False,predicted_spectrum,9460
CASMI2022,massformer,completed,93,93,237,CASMI_MOL_1196881,CASMI_MOL_473971,473971,COc1ccc(OCCOc2ccc(N)cc2F)cc1,0.21462375395398264,binned_cosine_1Da,92,False,predicted_spectrum,9460
CASMI2022,massformer,completed,93,93,237,CASMI_MOL_1196881,CASMI_MOL_473735,473735,CC1CCCC1n1nnnc1-c1cc(Cl)ccc1N,0.21452181944405746,binned_cosine_1Da,93,False,predicted_spectrum,9460
CASMI2022,massformer,completed,93,93,237,CASMI_MOL_1196881,CASMI_MOL_475040,475040,CCOC(=O)C1CCCN1S(=O)(=O)NC1CC1N,0.21430156641492665,binned_cosine_1Da,94,False,predicted_spectrum,9460
CASMI2022,massformer,completed,93,93,237,CASMI_MOL_1196881,CASMI_MOL_473594,473594,CC(CC1CC1)n1nnnc1-c1c(N)cccc1Cl,0.2131631096403189,binned_cosine_1Da,95,False,predicted_spectrum,9460
CASMI2022,massformer,completed,93,93,237,CASMI_MOL_1196881,CASMI_MOL_472075,472075,CC(c1ccccc1Cl)N(C)c1cc(N)nc(N)n1,0.21283568006320058,binned_cosine_1Da,96,False,predicted_spectrum,9460
CASMI2022,massformer,completed,93,93,237,CASMI_MOL_1196881,CASMI_MOL_468274,468274,CC(Cn1nnnc1-c1cc(N)ccc1Cl)C1CC1,0.2122057449443648,binned_cosine_1Da,97,False,predicted_spectrum,9460
CASMI2022,massformer,completed,93,93,237,CASMI_MOL_1196881,CASMI_MOL_466280,466280,Nc1ccc(C(=O)C=CC2=Cc3ccccc3OC2)cc1,0.21204665020581348,binned_cosine_1Da,98,False,predicted_spectrum,9460
CASMI2022,massformer,completed,93,93,237,CASMI_MOL_1196881,CASMI_MOL_471744,471744,CC1(n2nnnc2-c2cc(N)cc(Cl)c2)CCCC1,0.2118759326087207,binned_cosine_1Da,99,False,predicted_spectrum,9460
CASMI2022,massformer,completed,93,93,237,CASMI_MOL_1196881,CASMI_MOL_468267,468267,CC(Cn1nnnc1-c1ccc(N)c(Cl)c1)C1CC1,0.21133989994786792,binned_cosine_1Da,100,False,predicted_spectrum,9460
CASMI2022,massformer,completed,93,93,237,CASMI_MOL_1196881,CASMI_MOL_1196881,1196881,Cc1ccccc1NC(=O)c1cc2ccccc2cc1O,0.008975041864170296,binned_cosine_1Da,5722,True,predicted_spectrum,9460
CASMI2022,massformer,completed,94,94,238,CASMI_MOL_1196882,CASMI_MOL_475516,475516,CCCCCCCCCCCCCOC(=O)c1ccccc1C(=O)OCCCCCCCCCCCCC,0.5106880822636398,binned_cosine_1Da,1,False,predicted_spectrum,347
CASMI2022,massformer,completed,94,94,238,CASMI_MOL_1196882,CASMI_MOL_1196882,1196882,CCCCCCCCCCCCCOC(=O)c1ccccc1C(=O)OCCCCCCCCCCCCC,0.5106880822636398,binned_cosine_1Da,2,True,predicted_spectrum,347
CASMI2022,massformer,completed,94,94,238,CASMI_MOL_1196882,CASMI_MOL_475367,475367,CCCCCCCCCCCCCCCCCCOC(=O)c1ccccc1C(=O)OCC(CCC)CCC,0.49378533700369226,binned_cosine_1Da,3,False,predicted_spectrum,347
CASMI2022,massformer,completed,94,94,238,CASMI_MOL_1196882,CASMI_MOL_475475,475475,CCCCCCCCCCCCCOC(=O)c1cccc(C(=O)OCCCCCCCCCCCCC)c1,0.48982637853174327,binned_cosine_1Da,4,False,predicted_spectrum,347
CASMI2022,massformer,completed,94,94,238,CASMI_MOL_1196882,CASMI_MOL_475468,475468,CCCCCCCCCCCCCCCCCCOC(=O)c1ccccc1C(=O)OCC(CC)CCCC,0.4862369374439536,binned_cosine_1Da,5,False,predicted_spectrum,347
CASMI2022,massformer,completed,94,94,238,CASMI_MOL_1196882,CASMI_MOL_475195,475195,CCCCCCCCCC(CC)COC(=O)c1ccccc1C(=O)OCC(CC)CCCCCCCCC,0.4831843522390621,binned_cosine_1Da,6,False,predicted_spectrum,347
CASMI2022,massformer,completed,94,94,238,CASMI_MOL_1196882,CASMI_MOL_475372,475372,CCCCCCCCCC(CC)COC(=O)c1ccccc1C(=O)OCC(CC)CCCCCCCCC,0.4831843522390621,binned_cosine_1Da,7,False,predicted_spectrum,347
CASMI2022,massformer,completed,94,94,238,CASMI_MOL_1196882,CASMI_MOL_475419,475419,CCCCCCCC(CCCCC)OC(=O)c1ccccc1C(=O)OC(CCCCC)CCCCCCC,0.4811607531570222,binned_cosine_1Da,8,False,predicted_spectrum,347
CASMI2022,massformer,completed,94,94,238,CASMI_MOL_1196882,CASMI_MOL_475246,475246,CCCCCCCCCCCCCCCCCCCCCCCCCCOC(=O)c1ccccc1C(=O)O,0.48093571762934795,binned_cosine_1Da,9,False,predicted_spectrum,347
CASMI2022,massformer,completed,94,94,238,CASMI_MOL_1196882,CASMI_MOL_475420,475420,CCCCCCCCC(CCCC)OC(=O)c1ccccc1C(=O)OC(CCCC)CCCCCCCC,0.47988735654872244,binned_cosine_1Da,10,False,predicted_spectrum,347
CASMI2022,massformer,completed,94,94,238,CASMI_MOL_1196882,CASMI_MOL_475514,475514,CCCCCCCCCCc1cccc(C(=O)OCCCCCCCC)c1C(=O)OCCCCCCCC,0.47816333332691885,binned_cosine_1Da,11,False,predicted_spectrum,347
CASMI2022,massformer,completed,94,94,238,CASMI_MOL_1196882,CASMI_MOL_475259,475259,CCCCCCCCCCCCCCCCCC(CCCCCCCC)OC(=O)c1ccccc1C(=O)O,0.47583610608522864,binned_cosine_1Da,12,False,predicted_spectrum,347
CASMI2022,massformer,completed,94,94,238,CASMI_MOL_1196882,CASMI_MOL_475406,475406,CCCCCCCCCCC(CC)OC(=O)c1ccccc1C(=O)OC(CC)CCCCCCCCCC,0.47380423834778035,binned_cosine_1Da,13,False,predicted_spectrum,347
CASMI2022,massformer,completed,94,94,238,CASMI_MOL_1196882,CASMI_MOL_475369,475369,CCCCCCCCCCCCCCCCCCOC(=O)c1ccccc1C(=O)OC(CC)C(C)CCC,0.47264430474385155,binned_cosine_1Da,14,False,predicted_spectrum,347
CASMI2022,massformer,completed,94,94,238,CASMI_MOL_1196882,CASMI_MOL_475476,475476,CCCCCCCCCCCCCOC(=O)c1ccc(C(=O)OCCCCCCCCCCCCC)cc1,0.47215807710085045,binned_cosine_1Da,15,False,predicted_spectrum,347
CASMI2022,massformer,completed,94,94,238,CASMI_MOL_1196882,CASMI_MOL_475482,475482,CCCCCCCCCC(CCCCCCCC)(CCCCCCCC)OC(=O)c1ccccc1C(=O)O,0.47060826825925406,binned_cosine_1Da,16,False,predicted_spectrum,347
CASMI2022,massformer,completed,94,94,238,CASMI_MOL_1196882,CASMI_MOL_475421,475421,CCCCCCCCCCCCCC(CCCCCCCCCCCC)OC(=O)c1ccccc1C(=O)O,0.4702399323343316,binned_cosine_1Da,17,False,predicted_spectrum,347
CASMI2022,massformer,completed,94,94,238,CASMI_MOL_1196882,CASMI_MOL_475458,475458,CCCCCCCCCCCCCCCCCCCCCCOC(=O)c1ccc(C(=O)OCCCC)cc1,0.46861373598918743,binned_cosine_1Da,18,False,predicted_spectrum,347
CASMI2022,massformer,completed,94,94,238,CASMI_MOL_1196882,CASMI_MOL_475264,475264,CCCCCCCCCCc1cc(C(=O)OCCCCCCCC)ccc1C(=O)OCCCCCCCC,0.46454747235953026,binned_cosine_1Da,19,False,predicted_spectrum,347
CASMI2022,massformer,completed,94,94,238,CASMI_MOL_1196882,CASMI_MOL_475413,475413,CCCCCCCCCC(CCC)OC(=O)c1cccc(C(=O)OC(CCC)CCCCCCCCC)c1,0.4527756948439299,binned_cosine_1Da,20,False,predicted_spectrum,347
CASMI2022,massformer,completed,94,94,238,CASMI_MOL_1196882,CASMI_MOL_475445,475445,CCCCCCC(CCC)(CCC)OC(=O)c1ccccc1C(=O)OC(CCC)(CCC)CCCCCC,0.4463878401150726,binned_cosine_1Da,21,False,predicted_spectrum,347
CASMI2022,massformer,completed,94,94,238,CASMI_MOL_1196882,CASMI_MOL_475368,475368,CCCCCCCCCCCCCCCCCCOC(=O)c1ccccc1C(=O)OC(C)CCCC(C)C,0.4424609036331951,binned_cosine_1Da,22,False,predicted_spectrum,347
CASMI2022,massformer,completed,94,94,238,CASMI_MOL_1196882,CASMI_MOL_475513,475513,CC(C)CCCCCCCCCCOC(=O)c1ccccc1C(=O)OCCCCCCCCCCC(C)C,0.43756412246558246,binned_cosine_1Da,23,False,predicted_spectrum,347
CASMI2022,massformer,completed,94,94,238,CASMI_MOL_1196882,CASMI_MOL_475417,475417,CCCCCCCCCCCCCC(CCCCCCCCCCCC)OC(=O)c1cccc(C(=O)O)c1,0.42765261829509765,binned_cosine_1Da,24,False,predicted_spectrum,347
CASMI2022,massformer,completed,94,94,238,CASMI_MOL_1196882,CASMI_MOL_475411,475411,CCCCCCCC(C)C(C)(C)COC(=O)c1cccc(C(=O)OCC(C)(C)C(C)CCCCCCC)c1,0.4158976843736922,binned_cosine_1Da,25,False,predicted_spectrum,347
CASMI2022,massformer,completed,94,94,238,CASMI_MOL_1196882,CASMI_MOL_475366,475366,CCCCCCCCCCCCCCCCCCOC(=O)c1ccccc1C(=O)OCC(C)CC(C)(C)C,0.41571683950994515,binned_cosine_1Da,26,False,predicted_spectrum,347
CASMI2022,massformer,completed,94,94,238,CASMI_MOL_1196882,CASMI_MOL_475492,475492,CCCCCCCCCc1ccc(C(=O)OCCCC)c(C(=O)OCCCC)c1CCCCCCCCC,0.3995502022609498,binned_cosine_1Da,27,False,predicted_spectrum,347
CASMI2022,massformer,completed,94,94,238,CASMI_MOL_1196882,CASMI_MOL_475216,475216,CCCCCCCCCCCCCCCCC(Cc1ccccc1)(C(=O)OCCCC)C(=O)OCCCC,0.39862713090967794,binned_cosine_1Da,28,False,predicted_spectrum,347
CASMI2022,massformer,completed,94,94,238,CASMI_MOL_1196882,CASMI_MOL_475335,475335,CCCCCCC(CCC)(CCC)OC(=O)c1ccc(C(=O)OC(CCC)(CCC)CCCCCC)cc1,0.3906956814132201,binned_cosine_1Da,29,False,predicted_spectrum,347
CASMI2022,massformer,completed,94,94,238,CASMI_MOL_1196882,CASMI_MOL_475339,475339,CC(C)CCCCCCCCCCOC(=O)c1cccc(C(=O)OCCCCCCCCCCC(C)C)c1,0.3901434281814286,binned_cosine_1Da,30,False,predicted_spectrum,347
CASMI2022,massformer,completed,94,94,238,CASMI_MOL_1196882,CASMI_MOL_475415,475415,CCCCC(CCCC(CC)CC)OC(=O)c1cccc(C(=O)OC(CCCC)CCCC(CC)CC)c1,0.38812676386947426,binned_cosine_1Da,31,False,predicted_spectrum,347
CASMI2022,massformer,completed,94,94,238,CASMI_MOL_1196882,CASMI_MOL_475479,475479,CCCCCCCCCOC(=O)c1ccc(CCCC)c(CCCC)c1C(=O)OCCCCCCCCC,0.3871886101756926,binned_cosine_1Da,32,False,predicted_spectrum,347
CASMI2022,massformer,completed,94,94,238,CASMI_MOL_1196882,CASMI_MOL_475214,475214,CCCCCC(C)(C)CC(C)CCOC(=O)c1ccccc1C(=O)OCCC(C)CC(C)(C)CCCCC,0.38085071771500995,binned_cosine_1Da,33,False,predicted_spectrum,347
CASMI2022,massformer,completed,94,94,238,CASMI_MOL_1196882,CASMI_MOL_475418,475418,CCCCCCCCCCCCCC(CCCCCCCCCCCC)OC(=O)c1ccc(C(=O)O)cc1,0.37279147468489354,binned_cosine_1Da,34,False,predicted_spectrum,347
CASMI2022,massformer,completed,94,94,238,CASMI_MOL_1196882,CASMI_MOL_475344,475344,CCCCCCCCCCCCCCC(=O)Oc1ccc(OCCCCCCCCCCCC)c(=O)cc1,0.3641969109108176,binned_cosine_1Da,35,False,predicted_spectrum,347
CASMI2022,massformer,completed,94,94,238,CASMI_MOL_1196882,CASMI_MOL_475446,475446,CC(C)CCCCCCCCCCOC(=O)c1ccc(C(=O)OCCCCCCCCCCC(C)C)cc1,0.36186018038824375,binned_cosine_1Da,36,False,predicted_spectrum,347
CASMI2022,massformer,completed,94,94,238,CASMI_MOL_1196882,CASMI_MOL_475491,475491,CCCCCCCCCCOC(=O)c1ccc(C(=O)O)c(CCCCCCCC)c1CCCCCCCC,0.3527928496668496,binned_cosine_1Da,37,False,predicted_spectrum,347
CASMI2022,massformer,completed,94,94,238,CASMI_MOL_1196882,CASMI_MOL_475204,475204,CCCCCCCCCCCCOC(=O)Cc1ccc(CC(=O)OCCCCCCCCCCCC)cc1,0.35278948199673604,binned_cosine_1Da,38,False,predicted_spectrum,347
CASMI2022,massformer,completed,94,94,238,CASMI_MOL_1196882,CASMI_MOL_475499,475499,CCCCCCCCCCCCCCCOc1ccc(OC(=O)CCCCCCCCCCC)c(=O)cc1,0.34716216233816555,binned_cosine_1Da,39,False,predicted_spectrum,347
CASMI2022,massformer,completed,94,94,238,CASMI_MOL_1196882,CASMI_MOL_475414,475414,CCCCC(CCC(CC)CCC)OC(=O)c1cccc(C(=O)OC(CCCC)CCC(CC)CCC)c1,0.34083792972839744,binned_cosine_1Da,40,False,predicted_spectrum,347
CASMI2022,massformer,completed,94,94,238,CASMI_MOL_1196882,CASMI_MOL_475198,475198,CCCCCCCCCCCCCCCCCCCCCCCCCOC(=O)C=Cc1ccc(O)c(O)c1,0.3379577331619651,binned_cosine_1Da,41,False,predicted_spectrum,347
CASMI2022,massformer,completed,94,94,238,CASMI_MOL_1196882,CASMI_MOL_475343,475343,CCCCCCCCCCCCCCCCCCCCCCCCCOC(=O)C=Cc1ccc(O)c(O)c1,0.3379577331619651,binned_cosine_1Da,42,False,predicted_spectrum,347
CASMI2022,massformer,completed,94,94,238,CASMI_MOL_1196882,CASMI_MOL_475469,475469,CCCCCCCCCCOC(=O)c1ccc(CCCCCCCC)c(CCCCCCCC)c1C(=O)O,0.3302085014547705,binned_cosine_1Da,43,False,predicted_spectrum,347
CASMI2022,massformer,completed,94,94,238,CASMI_MOL_1196882,CASMI_MOL_475422,475422,CCCCCCCCCCOC(=O)c1ccc(CCCCCCCC)c(C(=O)O)c1CCCCCCCC,0.31941514844585855,binned_cosine_1Da,44,False,predicted_spectrum,347
CASMI2022,massformer,completed,94,94,238,CASMI_MOL_1196882,CASMI_MOL_475199,475199,CCCCCCCCCCCCCCCCCCCCCCCCOC(=O)C=Cc1ccc(OC)c(O)c1,0.3147629295461054,binned_cosine_1Da,45,False,predicted_spectrum,347
CASMI2022,massformer,completed,94,94,238,CASMI_MOL_1196882,CASMI_MOL_475208,475208,CCCCCCCCCCCCCCCCCCCCCCCCOC(=O)C=Cc1ccc(O)c(OC)c1,0.31028185749207965,binned_cosine_1Da,46,False,predicted_spectrum,347
CASMI2022,massformer,completed,94,94,238,CASMI_MOL_1196882,CASMI_MOL_475460,475460,CCCCCCCCCCCCCCCCCCCCCCCCOC(=O)C=Cc1ccc(O)c(OC)c1,0.31028185749207965,binned_cosine_1Da,47,False,predicted_spectrum,347
CASMI2022,massformer,completed,94,94,238,CASMI_MOL_1196882,CASMI_MOL_475500,475500,CCCCCCCCCCCCCCCCCCCCCCCCOC(=O)C=Cc1ccc(O)c(OC)c1,0.31028185749207965,binned_cosine_1Da,48,False,predicted_spectrum,347
CASMI2022,massformer,completed,94,94,238,CASMI_MOL_1196882,CASMI_MOL_475363,475363,CCCCCCCCCCCCOc1cc(C(C)=O)c(OCCCCCCCCCCCC)cc1C(C)=O,0.3099888743414615,binned_cosine_1Da,49,False,predicted_spectrum,347
CASMI2022,massformer,completed,94,94,238,CASMI_MOL_1196882,CASMI_MOL_475383,475383,CCCCCCCCCCCCCc1c(C(=O)O)ccc(C(=O)O)c1CCCCCCCCCCCCC,0.30781087497388254,binned_cosine_1Da,50,False,predicted_spectrum,347
CASMI2022,massformer,completed,94,94,238,CASMI_MOL_1196882,CASMI_MOL_475478,475478,CCCCCCCCCCCCCc1ccc(C(=O)O)c(C(=O)O)c1CCCCCCCCCCCCC,0.2993223290161471,binned_cosine_1Da,51,False,predicted_spectrum,347
CASMI2022,massformer,completed,94,94,238,CASMI_MOL_1196882,CASMI_MOL_475474,475474,CCCCCCCCCC(CCCCCCCC)(CCCCCCCC)c1cc(C(=O)O)ccc1C(=O)O,0.29263239729985296,binned_cosine_1Da,52,False,predicted_spectrum,347
CASMI2022,massformer,completed,94,94,238,CASMI_MOL_1196882,CASMI_MOL_475410,475410,CCCCC(CCCCCC(C)C)OC(=O)c1cccc(C(=O)OC(CCCC)CCCCCC(C)C)c1,0.2893876198309927,binned_cosine_1Da,53,False,predicted_spectrum,347
CASMI2022,massformer,completed,94,94,238,CASMI_MOL_1196882,CASMI_MOL_475347,475347,CCCCCCCCCCCCOC(=O)CC(C(=O)OCCCCCCCCCCCC)c1ccccc1,0.2887700920215051,binned_cosine_1Da,54,False,predicted_spectrum,347
CASMI2022,massformer,completed,94,94,238,CASMI_MOL_1196882,CASMI_MOL_475409,475409,CCCCCCC(C(C)C)C(C)COC(=O)c1cccc(C(=O)OCC(C)C(CCCCCC)C(C)C)c1,0.28875238161481465,binned_cosine_1Da,55,False,predicted_spectrum,347
CASMI2022,massformer,completed,94,94,238,CASMI_MOL_1196882,CASMI_MOL_475384,475384,CC(C)CCCCCCCCCCc1c(C(=O)O)ccc(C(=O)O)c1CCCCCCCCCCC(C)C,0.27766822001893116,binned_cosine_1Da,56,False,predicted_spectrum,347
CASMI2022,massformer,completed,94,94,238,CASMI_MOL_1196882,CASMI_MOL_475444,475444,CCCCCCCCCCCCOC(CCCCCCCCCCC)CC(=O)OCC(=O)c1ccccc1,0.27515411860371153,binned_cosine_1Da,57,False,predicted_spectrum,347
CASMI2022,massformer,completed,94,94,238,CASMI_MOL_1196882,CASMI_MOL_475490,475490,CC(C)CCCCCCCCCCc1ccc(C(=O)O)c(C(=O)O)c1CCCCCCCCCCC(C)C,0.27288467152227797,binned_cosine_1Da,58,False,predicted_spectrum,347
CASMI2022,massformer,completed,94,94,238,CASMI_MOL_1196882,CASMI_MOL_475495,475495,CCCCCCCCCC(CCCCCCCC)(CCCCCCCC)c1cccc(C(=O)O)c1C(=O)O,0.2718540557009647,binned_cosine_1Da,59,False,predicted_spectrum,347
CASMI2022,massformer,completed,94,94,238,CASMI_MOL_1196882,CASMI_MOL_475256,475256,CCCCCCCCCCCCOc1cc(C=CC(=O)OC)cc(OCCCCCCCCCCCC)c1,0.2700032385662471,binned_cosine_1Da,60,False,predicted_spectrum,347
CASMI2022,massformer,completed,94,94,238,CASMI_MOL_1196882,CASMI_MOL_475394,475394,CCCCCCCCCCc1c(CCCCCCCC)c(CCCCCCCC)cc(C(=O)O)c1C(=O)O,0.2681709214531228,binned_cosine_1Da,61,False,predicted_spectrum,347
CASMI2022,massformer,completed,94,94,238,CASMI_MOL_1196882,CASMI_MOL_475255,475255,CCCCCCCCCCCCOc1ccc(C=CC(=O)OC)c(OCCCCCCCCCCCC)c1,0.26470853863662885,binned_cosine_1Da,62,False,predicted_spectrum,347
CASMI2022,massformer,completed,94,94,238,CASMI_MOL_1196882,CASMI_MOL_475257,475257,CCCCCCCCCCCCOc1ccc(OCCCCCCCCCCCC)c(C=CC(=O)OC)c1,0.26397042886502875,binned_cosine_1Da,63,False,predicted_spectrum,347
CASMI2022,massformer,completed,94,94,238,CASMI_MOL_1196882,CASMI_MOL_475463,475463,CCCCCCCCCCc1c(C(=O)O)cc(CCCCCCCC)c(C(=O)O)c1CCCCCCCC,0.26262541059508904,binned_cosine_1Da,64,False,predicted_spectrum,347
CASMI2022,massformer,completed,94,94,238,CASMI_MOL_1196882,CASMI_MOL_475327,475327,CCCCCCCCCC(CC)Cc1ccc(C(=O)O)c(C(=O)O)c1CC(CC)CCCCCCCCC,0.2602439554522862,binned_cosine_1Da,65,False,predicted_spectrum,347
CASMI2022,massformer,completed,94,94,238,CASMI_MOL_1196882,CASMI_MOL_475376,475376,CCCCCCCCCCCCc1cccc(OC(=O)CCCCCCC)c1OC(=O)CCCCCCC,0.2572158405029463,binned_cosine_1Da,66,False,predicted_spectrum,347
CASMI2022,massformer,completed,94,94,238,CASMI_MOL_1196882,CASMI_MOL_475250,475250,CCCCCCCCCC(=O)Oc1cccc(CCCCCCCC)c1OC(=O)CCCCCCCCC,0.2559736004239916,binned_cosine_1Da,67,False,predicted_spectrum,347
CASMI2022,massformer,completed,94,94,238,CASMI_MOL_1196882,CASMI_MOL_475212,475212,O=C(O)CCCCCCCCCCCCCCCCCCCCCCCCCC(=O)OCc1ccccc1,0.2551236996322098,binned_cosine_1Da,68,False,predicted_spectrum,347
CASMI2022,massformer,completed,94,94,238,CASMI_MOL_1196882,CASMI_MOL_475253,475253,CCCCCCCCCCCCOc1ccc(C=CC(=O)OC)cc1OCCCCCCCCCCCC,0.2533783119639557,binned_cosine_1Da,69,False,predicted_spectrum,347
CASMI2022,massformer,completed,94,94,238,CASMI_MOL_1196882,CASMI_MOL_475254,475254,CCCCCCCCCCCCOc1cccc(OCCCCCCCCCCCC)c1C=CC(=O)OC,0.25266889014418287,binned_cosine_1Da,70,False,predicted_spectrum,347
CASMI2022,massformer,completed,94,94,238,CASMI_MOL_1196882,CASMI_MOL_475258,475258,CCCCCCCCCCCCOc1cccc(C=CC(=O)OC)c1OCCCCCCCCCCCC,0.25241689142175977,binned_cosine_1Da,71,False,predicted_spectrum,347
CASMI2022,massformer,completed,94,94,238,CASMI_MOL_1196882,CASMI_MOL_475249,475249,CCCCCCCCCCc1cccc(OC(=O)CCCCCCCC)c1OC(=O)CCCCCCCC,0.25171922422818993,binned_cosine_1Da,72,False,predicted_spectrum,347
CASMI2022,massformer,completed,94,94,238,CASMI_MOL_1196882,CASMI_MOL_475461,475461,CCCCCCCCCCCCCC(=O)Oc1ccccc1OC(=O)CCCCCCCCCCCCC,0.24492787715813052,binned_cosine_1Da,73,False,predicted_spectrum,347
CASMI2022,massformer,completed,94,94,238,CASMI_MOL_1196882,CASMI_MOL_475412,475412,CCCCC(CCC(CC)C(C)C)OC(=O)c1cccc(C(=O)OC(CCCC)CCC(CC)C(C)C)c1,0.24138701115350764,binned_cosine_1Da,74,False,predicted_spectrum,347
CASMI2022,massformer,completed,94,94,238,CASMI_MOL_1196882,CASMI_MOL_475329,475329,C=CC(=O)OCCC(CCCCCCCCCCCCCCCCCCCCC)c1ccc(O)c(OC)c1,0.24085617067376383,binned_cosine_1Da,75,False,predicted_spectrum,347
CASMI2022,massformer,completed,94,94,238,CASMI_MOL_1196882,CASMI_MOL_475251,475251,CCCCCCCCCC(=O)Oc1ccc(CCCCCCCC)cc1OC(=O)CCCCCCCCC,0.23923701554740884,binned_cosine_1Da,76,False,predicted_spectrum,347
CASMI2022,massformer,completed,94,94,238,CASMI_MOL_1196882,CASMI_MOL_475215,475215,CCCCCCCCCCCCCCCCCCOC(=O)CCC(=O)c1cc(C(C)C)c(O)c(C(C)C)c1,0.23882467678132913,binned_cosine_1Da,77,False,predicted_spectrum,347
CASMI2022,massformer,completed,94,94,238,CASMI_MOL_1196882,CASMI_MOL_475378,475378,CCCCCCCCCCCCc1ccc(OC(=O)CCCCCCC)c(OC(=O)CCCCCCC)c1,0.23762152908729742,binned_cosine_1Da,78,False,predicted_spectrum,347
CASMI2022,massformer,completed,94,94,238,CASMI_MOL_1196882,CASMI_MOL_475223,475223,CCCCOC(=O)Oc1c(C)c(C)c2c(c1C)CCC(C)(CCCC(C)CCCC(C)CCCC(C)C)O2,0.23563526567179377,binned_cosine_1Da,79,False,predicted_spectrum,347
CASMI2022,massformer,completed,94,94,238,CASMI_MOL_1196882,CASMI_MOL_475243,475243,C=C(C)C(N=C(C)C1(CCCCC)CCN(Cc2c(C)nn(-c3ccccc3)c2C)CC1)C(C)C1CCCC1,0.2349883667914406,binned_cosine_1Da,80,False,predicted_spectrum,347
CASMI2022,massformer,completed,94,94,238,CASMI_MOL_1196882,CASMI_MOL_475248,475248,CCCCCCCCCCc1ccc(OC(=O)CCCCCCCC)c(OC(=O)CCCCCCCC)c1,0.23236854128685552,binned_cosine_1Da,81,False,predicted_spectrum,347
CASMI2022,massformer,completed,94,94,238,CASMI_MOL_1196882,CASMI_MOL_475261,475261,CCCCCCCCCCCCc1cc(C(=O)CCC(=O)O)cc(CCCCCCCCCCCC)c1O,0.23155833722772165,binned_cosine_1Da,82,False,predicted_spectrum,347
CASMI2022,massformer,completed,94,94,238,CASMI_MOL_1196882,CASMI_MOL_475392,475392,CCCCCCCCCCCCCCCCCCCCCCCCC(=Cc1ccc(O)c(OC)c1)C(=O)O,0.22395149878109583,binned_cosine_1Da,83,False,predicted_spectrum,347
CASMI2022,massformer,completed,94,94,238,CASMI_MOL_1196882,CASMI_MOL_475405,475405,CCCCCCCCCCCCCCCCCCCCCCCCC(=Cc1ccc(O)c(OC)c1)C(=O)O,0.22395149878109583,binned_cosine_1Da,84,False,predicted_spectrum,347
CASMI2022,massformer,completed,94,94,238,CASMI_MOL_1196882,CASMI_MOL_475370,475370,CCCCCCCCCCCCCCCCCCOC(=O)C(CC)(CC)C(=O)Oc1ccccc1C(C)C,0.21519411110031803,binned_cosine_1Da,85,False,predicted_spectrum,347
CASMI2022,massformer,completed,94,94,238,CASMI_MOL_1196882,CASMI_MOL_475222,475222,CC(=O)OC1(C)c2c(C)c(O)c(C)c(C)c2OC(C)(CCCC(C)CCCC(C)CCCC(C)C)C1(C)C,0.2139330652902086,binned_cosine_1Da,86,False,predicted_spectrum,347
CASMI2022,massformer,completed,94,94,238,CASMI_MOL_1196882,CASMI_MOL_475177,475177,CCCCCCC(C)(CCCCCC)C(C(C)(C)CC(C)(C)O[N+](=O)[O-])C(C)(C)CC(C)(C)O[N+](=O)[O-],0.2135337464577608,binned_cosine_1Da,87,False,predicted_spectrum,347
CASMI2022,massformer,completed,94,94,238,CASMI_MOL_1196882,CASMI_MOL_475400,475400,CCCCCCCCCC(C)C1OC(C(=O)c2ccc(OCCC)cc2)OCC1CCCCCCCCC,0.21158482371111162,binned_cosine_1Da,88,False,predicted_spectrum,347
CASMI2022,massformer,completed,94,94,238,CASMI_MOL_1196882,CASMI_MOL_475473,475473,CCCCCCCCCCC(C)c1cc(OC(C)=O)c(C(C)CCCCCCCCCC)cc1OC(C)=O,0.2087623166527984,binned_cosine_1Da,89,False,predicted_spectrum,347
CASMI2022,massformer,completed,94,94,238,CASMI_MOL_1196882,CASMI_MOL_475262,475262,CCCCCCCC1CCC(CCC2CCC3CC(c4ccc(OCCCC)c(F)c4F)CCC3C2)CC1,0.20613286323882646,binned_cosine_1Da,90,False,predicted_spectrum,347
CASMI2022,massformer,completed,94,94,238,CASMI_MOL_1196882,CASMI_MOL_475447,475447,CC(C)CC(C)CC(C)CC(C)COC(=O)c1ccccc1C(=O)OCC(C)CC(C)CC(C)CC(C)C,0.20606657174796492,binned_cosine_1Da,91,False,predicted_spectrum,347
CASMI2022,massformer,completed,94,94,238,CASMI_MOL_1196882,CASMI_MOL_475213,475213,CCCCCC1CCC(C2CCC(CCCCC3CCC(c4ccc(OCC)c(F)c4F)CC3)CC2)CC1,0.20464367084710705,binned_cosine_1Da,92,False,predicted_spectrum,347
CASMI2022,massformer,completed,94,94,238,CASMI_MOL_1196882,CASMI_MOL_475503,475503,COC(=O)CCCCCCCCCCCC=CC=CC=CC=CCCCCCCCCCCCC(=O)OC,0.20262641642883872,binned_cosine_1Da,93,False,predicted_spectrum,347
CASMI2022,massformer,completed,94,94,238,CASMI_MOL_1196882,CASMI_MOL_475507,475507,COC(=O)CCCCCCCCCCCC=CC=CC=CC=CCCCCCCCCCCCC(=O)OC,0.20262641642883872,binned_cosine_1Da,94,False,predicted_spectrum,347
CASMI2022,massformer,completed,94,94,238,CASMI_MOL_1196882,CASMI_MOL_475398,475398,CCCCCCCCc1cc(C2OCC(C)(C)CO2)c(CCCCCCCC)cc1C1OCC(C)(C)CO1,0.19840667261619488,binned_cosine_1Da,95,False,predicted_spectrum,347
CASMI2022,massformer,completed,94,94,238,CASMI_MOL_1196882,CASMI_MOL_475510,475510,CCCCCCCCCCCCCC(=O)Oc1ccc(OC(=O)CCCCCCCCCCCCC)cc1,0.19700823083445473,binned_cosine_1Da,96,False,predicted_spectrum,347
CASMI2022,massformer,completed,94,94,238,CASMI_MOL_1196882,CASMI_MOL_475396,475396,CCCCCCCCCCCCOCc1cc(C=O)c(COCCCCCCCCCCCC)cc1C=O,0.19259787030277853,binned_cosine_1Da,97,False,predicted_spectrum,347
CASMI2022,massformer,completed,94,94,238,CASMI_MOL_1196882,CASMI_MOL_475375,475375,CCOC(=O)COc1c(C)c(C)c2c(c1C)CCC(C)(CCCC(C)CCCC(C)CCCC(C)CC)O2,0.18460515880139142,binned_cosine_1Da,98,False,predicted_spectrum,347
CASMI2022,massformer,completed,94,94,238,CASMI_MOL_1196882,CASMI_MOL_475265,475265,O=C(O)CCCCCCCCCCCCCCCCCCCCCCCCCCC(=O)Oc1ccccc1,0.18008358521844628,binned_cosine_1Da,99,False,predicted_spectrum,347
CASMI2022,massformer,completed,94,94,238,CASMI_MOL_1196882,CASMI_MOL_475488,475488,COC(=O)CCCC(C)(C)c1cc2c(cc1O)CCC(C)(CCCC(C)CCCC(C)CCCC(C)C)O2,0.17827847183405446,binned_cosine_1Da,100,False,predicted_spectrum,347
