dataset,model,status,query_id,spectrum_id,casmi_id,true_candidate_id,candidate_id,candidate_mol_id,candidate_smiles,score,score_name,rank,is_correct,prediction_status,candidate_count
CASMI2022,massformer,completed,176,176,390,CASMI_MOL_1196972,CASMI_MOL_952572,952572,C#COc1ccc(C(=O)NCc2ccc(CCONc3ccc(OCCOc4ccccc4)cc3C(=O)O)cc2)c(C(=O)O)c1,0.3076193502033889,binned_cosine_1Da,1,False,predicted_spectrum,2390
CASMI2022,massformer,completed,176,176,390,CASMI_MOL_1196972,CASMI_MOL_952571,952571,C#COc1ccc(C(=O)O)c(C(=O)NCc2ccc(CNOCc3cc(OCCOc4ccccc4)ccc3C(=O)O)cc2)c1,0.3042543659860508,binned_cosine_1Da,2,False,predicted_spectrum,2390
CASMI2022,massformer,completed,176,176,390,CASMI_MOL_1196972,CASMI_MOL_951807,951807,CC(=O)c1ccccc1OC1OC(CO)C(OC(=O)c2ccccc2)C(OC(=O)c2ccccc2)C1OC(=O)c1ccccc1,0.30100170355021255,binned_cosine_1Da,3,False,predicted_spectrum,2390
CASMI2022,massformer,completed,176,176,390,CASMI_MOL_1196972,CASMI_MOL_952717,952717,CC(=O)c1ccccc1OC1OC(CO)C(OC(=O)c2ccccc2)C(OC(=O)c2ccccc2)C1OC(=O)c1ccccc1,0.30100170355021255,binned_cosine_1Da,4,False,predicted_spectrum,2390
CASMI2022,massformer,completed,176,176,390,CASMI_MOL_1196972,CASMI_MOL_952433,952433,C=C(CCC12OC(C(=O)O)C(O)(C(=O)O)C(C(=O)O)(O1)C(OC(=O)OCC)C2O)C(OC(C)=O)C(C)Cc1ccccc1,0.2898492185182774,binned_cosine_1Da,5,False,predicted_spectrum,2390
CASMI2022,massformer,completed,176,176,390,CASMI_MOL_1196972,CASMI_MOL_952726,952726,C=C(CCC12OC(C(=O)O)C(O)(C(=O)O)C(C(=O)O)(O1)C(OC(=O)OCC)C2O)C(OC(C)=O)C(C)Cc1ccccc1,0.2898492185182774,binned_cosine_1Da,6,False,predicted_spectrum,2390
CASMI2022,massformer,completed,176,176,390,CASMI_MOL_1196972,CASMI_MOL_951750,951750,COC(=O)Oc1ccc(CCC(=O)Oc2ccc3c(c2)C(C)c2cc(OC(=O)CCc4ccc(OC(=O)O)cc4)ccc2-3)cc1,0.2799120155735392,binned_cosine_1Da,7,False,predicted_spectrum,2390
CASMI2022,massformer,completed,176,176,390,CASMI_MOL_1196972,CASMI_MOL_952218,952218,O=C(OCCCCCCCl)C(Cc1ccc([N+](=O)[O-])cc1)(Cc1ccc([N+](=O)[O-])cc1)C(=O)OCCCCCCCl,0.275635526859291,binned_cosine_1Da,8,False,predicted_spectrum,2390
CASMI2022,massformer,completed,176,176,390,CASMI_MOL_1196972,CASMI_MOL_952064,952064,CC(C#Cc1cccc(C#CC(C)=CCSc2ccc(OCC(=O)O)c(C)c2)c1)=CCSc1ccc(CC(=O)O)c(C)c1,0.2704820797393813,binned_cosine_1Da,9,False,predicted_spectrum,2390
CASMI2022,massformer,completed,176,176,390,CASMI_MOL_1196972,CASMI_MOL_952561,952561,CC(C#Cc1cccc(C#CC(C)=CCSc2ccc(OCC(=O)O)c(C)c2)c1)=CCSc1ccc(CC(=O)O)c(C)c1,0.2704820797393813,binned_cosine_1Da,10,False,predicted_spectrum,2390
CASMI2022,massformer,completed,176,176,390,CASMI_MOL_1196972,CASMI_MOL_950639,950639,COC(=O)C1OC(OC(=O)c2ccccc2)C(OC(=O)c2ccccc2)C(OCc2ccccc2)C1OC(=O)c1ccccc1,0.26917839238231944,binned_cosine_1Da,11,False,predicted_spectrum,2390
CASMI2022,massformer,completed,176,176,390,CASMI_MOL_1196972,CASMI_MOL_951565,951565,CCOc1cc(C=C2C(=O)NC(=O)N(c3ccc(OCc4ccccc4)cc3)C2=O)cc(Cl)c1OCc1cc(C)cc(C)c1,0.2690321581717656,binned_cosine_1Da,12,False,predicted_spectrum,2390
CASMI2022,massformer,completed,176,176,390,CASMI_MOL_1196972,CASMI_MOL_951574,951574,CCOc1cc(C=C2C(=O)NC(=O)N(c3ccc(OCc4ccc(C)cc4)cc3)C2=O)cc(Cl)c1OCc1cccc(C)c1,0.2641289226444397,binned_cosine_1Da,13,False,predicted_spectrum,2390
CASMI2022,massformer,completed,176,176,390,CASMI_MOL_1196972,CASMI_MOL_951575,951575,CCOc1cc(C=C2C(=O)NC(=O)N(c3ccc(OCc4ccc(C)cc4)cc3)C2=O)cc(Cl)c1OCc1ccc(C)cc1,0.26347535716137716,binned_cosine_1Da,14,False,predicted_spectrum,2390
CASMI2022,massformer,completed,176,176,390,CASMI_MOL_1196972,CASMI_MOL_951077,951077,O=C(COc1ccc(C2CCC(c3ccc(OCC(=O)c4ccc5c(c4)OCO5)c(O)c3)C2)cc1O)c1ccc2c(c1)OCO2,0.2611877186792346,binned_cosine_1Da,15,False,predicted_spectrum,2390
CASMI2022,massformer,completed,176,176,390,CASMI_MOL_1196972,CASMI_MOL_951578,951578,CCOc1cc(C=C2C(=O)NC(=O)N(c3ccc(OCc4ccccc4)cc3)C2=O)cc(Cl)c1OCc1ccc(C)c(C)c1,0.25745123203459713,binned_cosine_1Da,16,False,predicted_spectrum,2390
CASMI2022,massformer,completed,176,176,390,CASMI_MOL_1196972,CASMI_MOL_952520,952520,CCOc1ccc(CC(=NC(=O)c2ccccc2)C(=O)Nc2ccc(SCC(=O)Nc3ccc([N+](=O)[O-])cc3C)cc2)cc1,0.2558955458657742,binned_cosine_1Da,17,False,predicted_spectrum,2390
CASMI2022,massformer,completed,176,176,390,CASMI_MOL_1196972,CASMI_MOL_951721,951721,Cc1c(COc2cc(OCc3cccc(C#N)c3)c(CNC3(C(=O)O)CC3)cc2Cl)cccc1-c1ccc2c(c1)OCCO2,0.2510420755956105,binned_cosine_1Da,18,False,predicted_spectrum,2390
CASMI2022,massformer,completed,176,176,390,CASMI_MOL_1196972,CASMI_MOL_952519,952519,CCOc1ccc(CC(=NC(=O)c2ccccc2)C(=O)Nc2ccc(SCC(=O)Nc3cc([N+](=O)[O-])ccc3C)cc2)cc1,0.24755072930987787,binned_cosine_1Da,19,False,predicted_spectrum,2390
CASMI2022,massformer,completed,176,176,390,CASMI_MOL_1196972,CASMI_MOL_952589,952589,CCOc1ccc(CC(=NC(=O)c2ccccc2)C(=O)Nc2cccc(SCC(=O)Nc3ccc([N+](=O)[O-])cc3C)c2)cc1,0.2449665576772599,binned_cosine_1Da,20,False,predicted_spectrum,2390
CASMI2022,massformer,completed,176,176,390,CASMI_MOL_1196972,CASMI_MOL_952063,952063,CC(C#Cc1ccc(C#CC(C)=CCSc2ccc(OCC(=O)O)c(C)c2)cc1)=CCSc1ccc(CC(=O)O)c(C)c1,0.23987081610700958,binned_cosine_1Da,21,False,predicted_spectrum,2390
CASMI2022,massformer,completed,176,176,390,CASMI_MOL_1196972,CASMI_MOL_952560,952560,CC(C#Cc1ccc(C#CC(C)=CCSc2ccc(OCC(=O)O)c(C)c2)cc1)=CCSc1ccc(CC(=O)O)c(C)c1,0.23987081610700958,binned_cosine_1Da,22,False,predicted_spectrum,2390
CASMI2022,massformer,completed,176,176,390,CASMI_MOL_1196972,CASMI_MOL_952523,952523,CCOc1ccccc1CC(=NC(=O)c1ccccc1)C(=O)Nc1ccc(SCC(=O)Nc2ccc([N+](=O)[O-])cc2C)cc1,0.23745848169167572,binned_cosine_1Da,23,False,predicted_spectrum,2390
CASMI2022,massformer,completed,176,176,390,CASMI_MOL_1196972,CASMI_MOL_952588,952588,CCOc1ccc(CC(=NC(=O)c2ccccc2)C(=O)Nc2cccc(SCC(=O)Nc3cc([N+](=O)[O-])ccc3C)c2)cc1,0.23717262860135457,binned_cosine_1Da,24,False,predicted_spectrum,2390
CASMI2022,massformer,completed,176,176,390,CASMI_MOL_1196972,CASMI_MOL_952547,952547,CCOc1ccc(NC(=O)C(C)Sc2ccc(NC(=O)C(Cc3ccccc3[N+](=O)[O-])=NC(=O)c3ccccc3)cc2)cc1,0.2341598114702433,binned_cosine_1Da,25,False,predicted_spectrum,2390
CASMI2022,massformer,completed,176,176,390,CASMI_MOL_1196972,CASMI_MOL_951561,951561,CCOc1cc(C=C2C(=O)NC(=O)N(c3ccc(OCc4ccc(Cl)cc4)cc3)C2=O)ccc1OCc1cc(C)cc(C)c1,0.23411040973507422,binned_cosine_1Da,26,False,predicted_spectrum,2390
CASMI2022,massformer,completed,176,176,390,CASMI_MOL_1196972,CASMI_MOL_952486,952486,COc1ccc(C2C(C(=O)c3ccccc3)C(c3ccc([N+](=O)[O-])cc3)C(C(=O)O)N2C(=O)c2ccc(OC)c(OC)c2)cc1,0.2330909097152366,binned_cosine_1Da,27,False,predicted_spectrum,2390
CASMI2022,massformer,completed,176,176,390,CASMI_MOL_1196972,CASMI_MOL_951858,951858,O=C(NN=Cc1ccc(OC(=O)c2ccccc2C(=O)Oc2ccc(C=NNC(=O)c3ccccc3)cc2)cc1)c1ccccc1,0.23211423441106885,binned_cosine_1Da,28,False,predicted_spectrum,2390
CASMI2022,massformer,completed,176,176,390,CASMI_MOL_1196972,CASMI_MOL_952079,952079,O=C(NN=Cc1ccc(OC(=O)c2ccccc2C(=O)Oc2ccc(C=NNC(=O)c3ccccc3)cc2)cc1)c1ccccc1,0.23211423441106885,binned_cosine_1Da,29,False,predicted_spectrum,2390
CASMI2022,massformer,completed,176,176,390,CASMI_MOL_1196972,CASMI_MOL_952377,952377,O=C(NN=Cc1ccc(OC(=O)c2ccccc2C(=O)Oc2ccc(C=NNC(=O)c3ccccc3)cc2)cc1)c1ccccc1,0.23211423441106885,binned_cosine_1Da,30,False,predicted_spectrum,2390
CASMI2022,massformer,completed,176,176,390,CASMI_MOL_1196972,CASMI_MOL_951941,951941,CC1(OC(=O)c2ccccc2)OC(CO)C(OC(=O)c2ccccc2)C(OC(=O)c2ccccc2)C1OC(=O)c1ccccc1,0.2316692274005054,binned_cosine_1Da,31,False,predicted_spectrum,2390
CASMI2022,massformer,completed,176,176,390,CASMI_MOL_1196972,CASMI_MOL_951572,951572,COc1cc(C=C2C(=O)NC(=O)N(c3ccc(OCc4ccc(C)cc4)cc3)C2=O)cc(Cl)c1OCc1ccc(C)c(C)c1,0.2302988890675572,binned_cosine_1Da,32,False,predicted_spectrum,2390
CASMI2022,massformer,completed,176,176,390,CASMI_MOL_1196972,CASMI_MOL_951084,951084,COc1ccc(Cc2c(C(F)(F)F)n[nH]c2OC2CC(OC(=O)c3ccccc3)CC(COC(=O)c3ccccc3)O2)cc1,0.2279509029799589,binned_cosine_1Da,33,False,predicted_spectrum,2390
CASMI2022,massformer,completed,176,176,390,CASMI_MOL_1196972,CASMI_MOL_952548,952548,CCOc1ccccc1NC(=O)C(C)Sc1ccc(NC(=O)C(Cc2ccccc2[N+](=O)[O-])=NC(=O)c2ccccc2)cc1,0.22685162425969407,binned_cosine_1Da,34,False,predicted_spectrum,2390
CASMI2022,massformer,completed,176,176,390,CASMI_MOL_1196972,CASMI_MOL_952522,952522,CCOc1ccccc1CC(=NC(=O)c1ccccc1)C(=O)Nc1ccc(SCC(=O)Nc2cc([N+](=O)[O-])ccc2C)cc1,0.22635051592248498,binned_cosine_1Da,35,False,predicted_spectrum,2390
CASMI2022,massformer,completed,176,176,390,CASMI_MOL_1196972,CASMI_MOL_951562,951562,CCOc1cc(C=C2C(=O)NC(=O)N(c3ccc(OCc4ccccc4Cl)cc3)C2=O)ccc1OCc1cc(C)cc(C)c1,0.22380477373702967,binned_cosine_1Da,36,False,predicted_spectrum,2390
CASMI2022,massformer,completed,176,176,390,CASMI_MOL_1196972,CASMI_MOL_952615,952615,CCOc1ccc(NC(=O)C(C)Sc2cccc(NC(=O)C(Cc3ccccc3[N+](=O)[O-])=NC(=O)c3ccccc3)c2)cc1,0.22310567372752702,binned_cosine_1Da,37,False,predicted_spectrum,2390
CASMI2022,massformer,completed,176,176,390,CASMI_MOL_1196972,CASMI_MOL_951824,951824,COC1C(OC(=O)c2ccccc2)C(O)C(OC(=O)c2ccccc2)C(OC(=O)c2ccccc2)C1OC(=O)c1ccccc1,0.2225342195786074,binned_cosine_1Da,38,False,predicted_spectrum,2390
CASMI2022,massformer,completed,176,176,390,CASMI_MOL_1196972,CASMI_MOL_952686,952686,COC1C(O)C(OC(=O)c2ccccc2)C(OC(=O)c2ccccc2)C(OC(=O)c2ccccc2)C1OC(=O)c1ccccc1,0.22253074565636127,binned_cosine_1Da,39,False,predicted_spectrum,2390
CASMI2022,massformer,completed,176,176,390,CASMI_MOL_1196972,CASMI_MOL_951921,951921,CC1(COC(=O)c2ccccc2)OC(O)C(OC(=O)c2ccccc2)C(OC(=O)c2ccccc2)C1OC(=O)c1ccccc1,0.22237865826335684,binned_cosine_1Da,40,False,predicted_spectrum,2390
CASMI2022,massformer,completed,176,176,390,CASMI_MOL_1196972,CASMI_MOL_952136,952136,CC1(COC(=O)c2ccccc2)OC(O)C(OC(=O)c2ccccc2)C(OC(=O)c2ccccc2)C1OC(=O)c1ccccc1,0.22237865826335684,binned_cosine_1Da,41,False,predicted_spectrum,2390
CASMI2022,massformer,completed,176,176,390,CASMI_MOL_1196972,CASMI_MOL_952592,952592,CCOc1ccccc1CC(=NC(=O)c1ccccc1)C(=O)Nc1cccc(SCC(=O)Nc2ccc([N+](=O)[O-])cc2C)c1,0.2212743247515394,binned_cosine_1Da,42,False,predicted_spectrum,2390
CASMI2022,massformer,completed,176,176,390,CASMI_MOL_1196972,CASMI_MOL_951799,951799,COC1(c2ccccc2)OC2OC(COC(=O)c3ccccc3)C(OC(=O)c3ccccc3)C(OC(=O)c3ccccc3)C2O1,0.22115025257188678,binned_cosine_1Da,43,False,predicted_spectrum,2390
CASMI2022,massformer,completed,176,176,390,CASMI_MOL_1196972,CASMI_MOL_951812,951812,COC1(c2ccccc2)OC2OC(COC(=O)c3ccccc3)C(OC(=O)c3ccccc3)C(OC(=O)c3ccccc3)C2O1,0.22115025257188678,binned_cosine_1Da,44,False,predicted_spectrum,2390
CASMI2022,massformer,completed,176,176,390,CASMI_MOL_1196972,CASMI_MOL_951135,951135,COC1=C(C2CCN(C(=O)OCc3ccc([N+](=O)[O-])cc3)C2)C(C(=O)OCc2ccc([N+](=O)[O-])cc2)N2C(=O)C(C(C)O)C12,0.21936745093868243,binned_cosine_1Da,45,False,predicted_spectrum,2390
CASMI2022,massformer,completed,176,176,390,CASMI_MOL_1196972,CASMI_MOL_951136,951136,COC1=C(C2CCN(C(=O)OCc3ccc([N+](=O)[O-])cc3)C2)C(C(=O)OCc2ccc([N+](=O)[O-])cc2)N2C(=O)C(C(C)O)C12,0.21936745093868243,binned_cosine_1Da,46,False,predicted_spectrum,2390
CASMI2022,massformer,completed,176,176,390,CASMI_MOL_1196972,CASMI_MOL_951030,951030,O=C(OCC1C(O)C(O)C(OC(=O)c2ccccc2)C(OC(=O)c2ccccc2)C1OC(=O)c1ccccc1)c1ccccc1,0.218907518637184,binned_cosine_1Da,47,False,predicted_spectrum,2390
CASMI2022,massformer,completed,176,176,390,CASMI_MOL_1196972,CASMI_MOL_950704,950704,O=C(O)C1=COC(OC2OC(COC3OCC(O)C(O)C3O)C(O)C(O)C2O)C2C(COC(=O)c3ccccc3)=CCC12,0.2173022356743335,binned_cosine_1Da,48,False,predicted_spectrum,2390
CASMI2022,massformer,completed,176,176,390,CASMI_MOL_1196972,CASMI_MOL_950768,950768,O=C(O)C1=COC(OC2OC(COC3OCC(O)C(O)C3O)C(O)C(O)C2O)C2C(COC(=O)c3ccccc3)=CCC12,0.2173022356743335,binned_cosine_1Da,49,False,predicted_spectrum,2390
CASMI2022,massformer,completed,176,176,390,CASMI_MOL_1196972,CASMI_MOL_952369,952369,O=C(O)C1=COC(OC2OC(COC3OCC(O)C(O)C3O)C(O)C(O)C2O)C2C(COC(=O)c3ccccc3)=CCC12,0.2173022356743335,binned_cosine_1Da,50,False,predicted_spectrum,2390
CASMI2022,massformer,completed,176,176,390,CASMI_MOL_1196972,CASMI_MOL_952616,952616,CCOc1ccccc1NC(=O)C(C)Sc1cccc(NC(=O)C(Cc2ccccc2[N+](=O)[O-])=NC(=O)c2ccccc2)c1,0.21593303797482566,binned_cosine_1Da,51,False,predicted_spectrum,2390
CASMI2022,massformer,completed,176,176,390,CASMI_MOL_1196972,CASMI_MOL_951571,951571,CCOc1cc(C=C2C(=O)NC(=O)N(c3ccc(OCc4ccc(Cl)cc4)cc3)C2=O)ccc1OCc1ccc(C)c(C)c1,0.21564835730158982,binned_cosine_1Da,52,False,predicted_spectrum,2390
CASMI2022,massformer,completed,176,176,390,CASMI_MOL_1196972,CASMI_MOL_951917,951917,O=C(OCC1OC(OC(=O)c2ccccc2)C(COC(=O)c2ccccc2)C(OC(=O)c2ccccc2)C1O)c1ccccc1,0.214824174403137,binned_cosine_1Da,53,False,predicted_spectrum,2390
CASMI2022,massformer,completed,176,176,390,CASMI_MOL_1196972,CASMI_MOL_952612,952612,CCC(Sc1cccc(NC(=O)C(Cc2ccccc2[N+](=O)[O-])=NC(=O)c2ccccc2)c1)C(=O)Nc1ccc(OC)cc1,0.213642080767124,binned_cosine_1Da,54,False,predicted_spectrum,2390
CASMI2022,massformer,completed,176,176,390,CASMI_MOL_1196972,CASMI_MOL_952591,952591,CCOc1ccccc1CC(=NC(=O)c1ccccc1)C(=O)Nc1cccc(SCC(=O)Nc2cc([N+](=O)[O-])ccc2C)c1,0.20831362553072888,binned_cosine_1Da,55,False,predicted_spectrum,2390
CASMI2022,massformer,completed,176,176,390,CASMI_MOL_1196972,CASMI_MOL_950740,950740,COC1OC(COC(=O)c2ccccc2)C(OC(=O)c2ccccc2)C(OC(=O)c2ccccc2)C1OC(=O)c1ccccc1,0.2080777354314282,binned_cosine_1Da,56,False,predicted_spectrum,2390
CASMI2022,massformer,completed,176,176,390,CASMI_MOL_1196972,CASMI_MOL_951659,951659,COC1OC(COC(=O)c2ccccc2)C(OC(=O)c2ccccc2)C(OC(=O)c2ccccc2)C1OC(=O)c1ccccc1,0.2080777354314282,binned_cosine_1Da,57,False,predicted_spectrum,2390
CASMI2022,massformer,completed,176,176,390,CASMI_MOL_1196972,CASMI_MOL_951674,951674,COC1OC(COC(=O)c2ccccc2)C(OC(=O)c2ccccc2)C(OC(=O)c2ccccc2)C1OC(=O)c1ccccc1,0.2080777354314282,binned_cosine_1Da,58,False,predicted_spectrum,2390
CASMI2022,massformer,completed,176,176,390,CASMI_MOL_1196972,CASMI_MOL_951826,951826,COC1OC(COC(=O)c2ccccc2)C(OC(=O)c2ccccc2)C(OC(=O)c2ccccc2)C1OC(=O)c1ccccc1,0.2080777354314282,binned_cosine_1Da,59,False,predicted_spectrum,2390
CASMI2022,massformer,completed,176,176,390,CASMI_MOL_1196972,CASMI_MOL_951831,951831,COC1OC(COC(=O)c2ccccc2)C(OC(=O)c2ccccc2)C(OC(=O)c2ccccc2)C1OC(=O)c1ccccc1,0.2080777354314282,binned_cosine_1Da,60,False,predicted_spectrum,2390
CASMI2022,massformer,completed,176,176,390,CASMI_MOL_1196972,CASMI_MOL_951894,951894,COC1OC(COC(=O)c2ccccc2)C(OC(=O)c2ccccc2)C(OC(=O)c2ccccc2)C1OC(=O)c1ccccc1,0.2080777354314282,binned_cosine_1Da,61,False,predicted_spectrum,2390
CASMI2022,massformer,completed,176,176,390,CASMI_MOL_1196972,CASMI_MOL_951895,951895,COC1OC(COC(=O)c2ccccc2)C(OC(=O)c2ccccc2)C(OC(=O)c2ccccc2)C1OC(=O)c1ccccc1,0.2080777354314282,binned_cosine_1Da,62,False,predicted_spectrum,2390
CASMI2022,massformer,completed,176,176,390,CASMI_MOL_1196972,CASMI_MOL_951896,951896,COC1OC(COC(=O)c2ccccc2)C(OC(=O)c2ccccc2)C(OC(=O)c2ccccc2)C1OC(=O)c1ccccc1,0.2080777354314282,binned_cosine_1Da,63,False,predicted_spectrum,2390
CASMI2022,massformer,completed,176,176,390,CASMI_MOL_1196972,CASMI_MOL_951897,951897,COC1OC(COC(=O)c2ccccc2)C(OC(=O)c2ccccc2)C(OC(=O)c2ccccc2)C1OC(=O)c1ccccc1,0.2080777354314282,binned_cosine_1Da,64,False,predicted_spectrum,2390
CASMI2022,massformer,completed,176,176,390,CASMI_MOL_1196972,CASMI_MOL_951904,951904,COC1OC(COC(=O)c2ccccc2)C(OC(=O)c2ccccc2)C(OC(=O)c2ccccc2)C1OC(=O)c1ccccc1,0.2080777354314282,binned_cosine_1Da,65,False,predicted_spectrum,2390
CASMI2022,massformer,completed,176,176,390,CASMI_MOL_1196972,CASMI_MOL_951905,951905,COC1OC(COC(=O)c2ccccc2)C(OC(=O)c2ccccc2)C(OC(=O)c2ccccc2)C1OC(=O)c1ccccc1,0.2080777354314282,binned_cosine_1Da,66,False,predicted_spectrum,2390
CASMI2022,massformer,completed,176,176,390,CASMI_MOL_1196972,CASMI_MOL_951906,951906,COC1OC(COC(=O)c2ccccc2)C(OC(=O)c2ccccc2)C(OC(=O)c2ccccc2)C1OC(=O)c1ccccc1,0.2080777354314282,binned_cosine_1Da,67,False,predicted_spectrum,2390
CASMI2022,massformer,completed,176,176,390,CASMI_MOL_1196972,CASMI_MOL_952092,952092,COC1OC(COC(=O)c2ccccc2)C(OC(=O)c2ccccc2)C(OC(=O)c2ccccc2)C1OC(=O)c1ccccc1,0.2080777354314282,binned_cosine_1Da,68,False,predicted_spectrum,2390
CASMI2022,massformer,completed,176,176,390,CASMI_MOL_1196972,CASMI_MOL_952099,952099,COC1OC(COC(=O)c2ccccc2)C(OC(=O)c2ccccc2)C(OC(=O)c2ccccc2)C1OC(=O)c1ccccc1,0.2080777354314282,binned_cosine_1Da,69,False,predicted_spectrum,2390
CASMI2022,massformer,completed,176,176,390,CASMI_MOL_1196972,CASMI_MOL_952100,952100,COC1OC(COC(=O)c2ccccc2)C(OC(=O)c2ccccc2)C(OC(=O)c2ccccc2)C1OC(=O)c1ccccc1,0.2080777354314282,binned_cosine_1Da,70,False,predicted_spectrum,2390
CASMI2022,massformer,completed,176,176,390,CASMI_MOL_1196972,CASMI_MOL_952214,952214,COC1OC(COC(=O)c2ccccc2)C(OC(=O)c2ccccc2)C(OC(=O)c2ccccc2)C1OC(=O)c1ccccc1,0.2080777354314282,binned_cosine_1Da,71,False,predicted_spectrum,2390
CASMI2022,massformer,completed,176,176,390,CASMI_MOL_1196972,CASMI_MOL_952557,952557,COC1OC(COC(=O)c2ccccc2)C(OC(=O)c2ccccc2)C(OC(=O)c2ccccc2)C1OC(=O)c1ccccc1,0.2080777354314282,binned_cosine_1Da,72,False,predicted_spectrum,2390
CASMI2022,massformer,completed,176,176,390,CASMI_MOL_1196972,CASMI_MOL_952689,952689,COC1OC(COC(=O)c2ccccc2)C(OC(=O)c2ccccc2)C(OC(=O)c2ccccc2)C1OC(=O)c1ccccc1,0.2080777354314282,binned_cosine_1Da,73,False,predicted_spectrum,2390
CASMI2022,massformer,completed,176,176,390,CASMI_MOL_1196972,CASMI_MOL_952690,952690,COC1OC(COC(=O)c2ccccc2)C(OC(=O)c2ccccc2)C(OC(=O)c2ccccc2)C1OC(=O)c1ccccc1,0.2080777354314282,binned_cosine_1Da,74,False,predicted_spectrum,2390
CASMI2022,massformer,completed,176,176,390,CASMI_MOL_1196972,CASMI_MOL_952691,952691,COC1OC(COC(=O)c2ccccc2)C(OC(=O)c2ccccc2)C(OC(=O)c2ccccc2)C1OC(=O)c1ccccc1,0.2080777354314282,binned_cosine_1Da,75,False,predicted_spectrum,2390
CASMI2022,massformer,completed,176,176,390,CASMI_MOL_1196972,CASMI_MOL_952692,952692,COC1OC(COC(=O)c2ccccc2)C(OC(=O)c2ccccc2)C(OC(=O)c2ccccc2)C1OC(=O)c1ccccc1,0.2080777354314282,binned_cosine_1Da,76,False,predicted_spectrum,2390
CASMI2022,massformer,completed,176,176,390,CASMI_MOL_1196972,CASMI_MOL_952876,952876,COC1OC(COC(=O)c2ccccc2)C(OC(=O)c2ccccc2)C(OC(=O)c2ccccc2)C1OC(=O)c1ccccc1,0.2080777354314282,binned_cosine_1Da,77,False,predicted_spectrum,2390
CASMI2022,massformer,completed,176,176,390,CASMI_MOL_1196972,CASMI_MOL_951914,951914,COc1ccc(Cc2c(C(F)F)n[nH]c2OC2CC(OC(=O)c3ccccc3)C(F)C(COC(=O)c3ccccc3)O2)cc1,0.20580044502868677,binned_cosine_1Da,78,False,predicted_spectrum,2390
CASMI2022,massformer,completed,176,176,390,CASMI_MOL_1196972,CASMI_MOL_952614,952614,CCC(Sc1cccc(NC(=O)C(Cc2ccccc2[N+](=O)[O-])=NC(=O)c2ccccc2)c1)C(=O)Nc1ccccc1OC,0.2037092199945303,binned_cosine_1Da,79,False,predicted_spectrum,2390
CASMI2022,massformer,completed,176,176,390,CASMI_MOL_1196972,CASMI_MOL_951573,951573,CCOc1cc(C=C2C(=O)NC(=O)N(c3ccc(OCc4ccccc4Cl)cc3)C2=O)ccc1OCc1ccc(C)c(C)c1,0.2010099178803465,binned_cosine_1Da,80,False,predicted_spectrum,2390
CASMI2022,massformer,completed,176,176,390,CASMI_MOL_1196972,CASMI_MOL_951581,951581,CCOc1cc(COc2ccc(Cl)cc2C=C2C(=O)NC(=O)N(c3ccc(C)c(C)c3)C2=O)ccc1OCc1ccccc1,0.2005516210696853,binned_cosine_1Da,81,False,predicted_spectrum,2390
CASMI2022,massformer,completed,176,176,390,CASMI_MOL_1196972,CASMI_MOL_951890,951890,O=C(OCC1OCOC(COC(=O)c2ccccc2)C(OC(=O)c2ccccc2)C1OC(=O)c1ccccc1)c1ccccc1,0.19869500587755334,binned_cosine_1Da,82,False,predicted_spectrum,2390
CASMI2022,massformer,completed,176,176,390,CASMI_MOL_1196972,CASMI_MOL_951891,951891,O=C(OCC1OCOC(COC(=O)c2ccccc2)C(OC(=O)c2ccccc2)C1OC(=O)c1ccccc1)c1ccccc1,0.19869500587755334,binned_cosine_1Da,83,False,predicted_spectrum,2390
CASMI2022,massformer,completed,176,176,390,CASMI_MOL_1196972,CASMI_MOL_951892,951892,O=C(OCC1OCOC(COC(=O)c2ccccc2)C(OC(=O)c2ccccc2)C1OC(=O)c1ccccc1)c1ccccc1,0.19869500587755334,binned_cosine_1Da,84,False,predicted_spectrum,2390
CASMI2022,massformer,completed,176,176,390,CASMI_MOL_1196972,CASMI_MOL_951893,951893,O=C(OCC1OCOC(COC(=O)c2ccccc2)C(OC(=O)c2ccccc2)C1OC(=O)c1ccccc1)c1ccccc1,0.19869500587755334,binned_cosine_1Da,85,False,predicted_spectrum,2390
CASMI2022,massformer,completed,176,176,390,CASMI_MOL_1196972,CASMI_MOL_952874,952874,O=C(OCC1OCOC(COC(=O)c2ccccc2)C(OC(=O)c2ccccc2)C1OC(=O)c1ccccc1)c1ccccc1,0.19869500587755334,binned_cosine_1Da,86,False,predicted_spectrum,2390
CASMI2022,massformer,completed,176,176,390,CASMI_MOL_1196972,CASMI_MOL_951825,951825,COC1C(OC(=O)c2ccccc2)C(COC(=O)c2ccccc2)OC(OC(=O)c2ccccc2)C1OC(=O)c1ccccc1,0.19844517295393863,binned_cosine_1Da,87,False,predicted_spectrum,2390
CASMI2022,massformer,completed,176,176,390,CASMI_MOL_1196972,CASMI_MOL_952338,952338,COC1C(OC(=O)c2ccccc2)C(COC(=O)c2ccccc2)OC(OC(=O)c2ccccc2)C1OC(=O)c1ccccc1,0.19844517295393863,binned_cosine_1Da,88,False,predicted_spectrum,2390
CASMI2022,massformer,completed,176,176,390,CASMI_MOL_1196972,CASMI_MOL_951307,951307,CCC(=O)Cc1nc(=O)ccn1C1OC(COC(=O)c2ccccc2)C(OC(=O)c2ccccc2)C1OC(=O)c1ccccc1,0.19767025464546892,binned_cosine_1Da,89,False,predicted_spectrum,2390
CASMI2022,massformer,completed,176,176,390,CASMI_MOL_1196972,CASMI_MOL_951308,951308,CCC(=O)Cc1nc(=O)ccn1C1OC(COC(=O)c2ccccc2)C(OC(=O)c2ccccc2)C1OC(=O)c1ccccc1,0.19767025464546892,binned_cosine_1Da,90,False,predicted_spectrum,2390
CASMI2022,massformer,completed,176,176,390,CASMI_MOL_1196972,CASMI_MOL_952180,952180,CCOc1nnc(C(Cc2ccccc2)=NC(=O)CCc2cc(Cl)ccc2-n2cnnn2)cc1-c1ccc(NC(=O)O)cc1,0.19209688242032644,binned_cosine_1Da,91,False,predicted_spectrum,2390
CASMI2022,massformer,completed,176,176,390,CASMI_MOL_1196972,CASMI_MOL_952792,952792,CCOC(=O)C(CC(=NNc1ccc([N+](=O)[O-])cc1[N+](=O)[O-])c1ccc2c(c1)OCO2)Cc1cc(OC)c(OC)c(OC)c1,0.192088100243619,binned_cosine_1Da,92,False,predicted_spectrum,2390
CASMI2022,massformer,completed,176,176,390,CASMI_MOL_1196972,CASMI_MOL_952875,952875,CCOC(=O)C(CC(=NNc1ccc([N+](=O)[O-])cc1[N+](=O)[O-])c1ccc2c(c1)OCO2)Cc1cc(OC)c(OC)c(OC)c1,0.192088100243619,binned_cosine_1Da,93,False,predicted_spectrum,2390
CASMI2022,massformer,completed,176,176,390,CASMI_MOL_1196972,CASMI_MOL_952613,952613,CCC(Sc1cccc(NC(=O)C(Cc2ccccc2[N+](=O)[O-])=NC(=O)c2ccccc2)c1)C(=O)Nc1cccc(OC)c1,0.19091098688940855,binned_cosine_1Da,94,False,predicted_spectrum,2390
CASMI2022,massformer,completed,176,176,390,CASMI_MOL_1196972,CASMI_MOL_951673,951673,O=C(O)CC1C=CC2C(COc3ccc(NC(=O)c4ccc(C(F)(F)F)cc4)cc3C(=O)N2CCOCc2ccccc2)O1,0.19055776648685507,binned_cosine_1Da,95,False,predicted_spectrum,2390
CASMI2022,massformer,completed,176,176,390,CASMI_MOL_1196972,CASMI_MOL_952517,952517,CCOc1ccc(NC(=O)C(C)Sc2ccc(NC(=O)C(Cc3ccc([N+](=O)[O-])cc3)=NC(=O)c3ccccc3)cc2)cc1,0.1890462125759474,binned_cosine_1Da,96,False,predicted_spectrum,2390
CASMI2022,massformer,completed,176,176,390,CASMI_MOL_1196972,CASMI_MOL_951924,951924,COC1(COC(=O)c2ccccc2)OCC(OC(=O)c2ccccc2)C(OC(=O)c2ccccc2)C1OC(=O)c1ccccc1,0.18891876961233045,binned_cosine_1Da,97,False,predicted_spectrum,2390
CASMI2022,massformer,completed,176,176,390,CASMI_MOL_1196972,CASMI_MOL_952124,952124,COC1(COC(=O)c2ccccc2)OCC(OC(=O)c2ccccc2)C(OC(=O)c2ccccc2)C1OC(=O)c1ccccc1,0.18891876961233045,binned_cosine_1Da,98,False,predicted_spectrum,2390
CASMI2022,massformer,completed,176,176,390,CASMI_MOL_1196972,CASMI_MOL_952125,952125,COC1(COC(=O)c2ccccc2)OCC(OC(=O)c2ccccc2)C(OC(=O)c2ccccc2)C1OC(=O)c1ccccc1,0.18891876961233045,binned_cosine_1Da,99,False,predicted_spectrum,2390
CASMI2022,massformer,completed,176,176,390,CASMI_MOL_1196972,CASMI_MOL_952871,952871,COC1(COC(=O)c2ccccc2)OCC(OC(=O)c2ccccc2)C(OC(=O)c2ccccc2)C1OC(=O)c1ccccc1,0.18891876961233045,binned_cosine_1Da,100,False,predicted_spectrum,2390
CASMI2022,massformer,completed,176,176,390,CASMI_MOL_1196972,CASMI_MOL_1196972,1196972,COc1ccc(C2CC(=O)c3c(O)cc(OC4OC(COC5OC(C)C(O)C(O)C5O)C(O)C(O)C4O)cc3O2)cc1O,0.0035051057901236316,binned_cosine_1Da,2197,True,predicted_spectrum,2390
CASMI2022,massformer,completed,177,177,391,CASMI_MOL_1196973,CASMI_MOL_953202,953202,N=C(N)NCCCC(NC(=O)OCC1c2ccccc2-c2ccccc21)C(=O)NC1CSSCC(C(=O)O)NC(=O)C2CCCN2C(=O)C(CC(=O)O)NC1=O,0.25708361195566637,binned_cosine_1Da,1,False,predicted_spectrum,336
CASMI2022,massformer,completed,177,177,391,CASMI_MOL_1196973,CASMI_MOL_953092,953092,CCCCCCCCCCCCOc1ccc(CCCSCCC(F)(F)C(F)(F)C(F)(F)C(F)(F)C(F)(F)C(F)(F)C(F)(F)C(F)(F)F)cc1CO,0.24898126205462834,binned_cosine_1Da,2,False,predicted_spectrum,336
CASMI2022,massformer,completed,177,177,391,CASMI_MOL_1196973,CASMI_MOL_953065,953065,CCCc1cc(C(O)(C(F)(F)F)C(F)(F)F)ccc1Oc1ccc(C(=O)CN2C(=O)NC(C)(C3=COC=C(CC4=CC=CCC4)O3)C2=O)c(OCc2ccccc2)c1,0.211179439403688,binned_cosine_1Da,3,False,predicted_spectrum,336
CASMI2022,massformer,completed,177,177,391,CASMI_MOL_1196973,CASMI_MOL_953200,953200,c1ccc(C2OCC(OCc3cccc4ccccc34)C(C3OC(c4ccccc4)OCC3Op3oc4ccc5ccccc5c4c4c(ccc5ccccc54)o3)O2)cc1,0.1951183168135329,binned_cosine_1Da,4,False,predicted_spectrum,336
CASMI2022,massformer,completed,177,177,391,CASMI_MOL_1196973,CASMI_MOL_953147,953147,CCCCCCCCCCCCOc1ccc(CCCSCCC(F)(F)C(F)(F)C(F)(F)C(F)(F)C(F)(F)C(F)(F)C(F)(F)C(F)(F)F)cc1OC,0.17849759059523432,binned_cosine_1Da,5,False,predicted_spectrum,336
CASMI2022,massformer,completed,177,177,391,CASMI_MOL_1196973,CASMI_MOL_953090,953090,O=C1COc2ccc(cc2)CC(C(=O)O)NC(=O)C(CCc2ccccc2)NC(=O)C(Cc2ccc(C(F)(F)F)cc2)NC(=O)C(Cc2ccc(C(F)(F)F)cc2)N1,0.1782597353130142,binned_cosine_1Da,6,False,predicted_spectrum,336
CASMI2022,massformer,completed,177,177,391,CASMI_MOL_1196973,CASMI_MOL_953174,953174,O=C1COc2ccc(cc2)CC(C(=O)O)NC(=O)C(CCc2ccccc2)NC(=O)C(Cc2ccc(C(F)(F)F)cc2)NC(=O)C(Cc2ccc(C(F)(F)F)cc2)N1,0.1782597353130142,binned_cosine_1Da,7,False,predicted_spectrum,336
CASMI2022,massformer,completed,177,177,391,CASMI_MOL_1196973,CASMI_MOL_953033,953033,CC(=O)NC(CC(=O)OCC(=O)C1(OC(=O)CCCO[N+](=O)[O-])CCC2C3CC=C4CC(=O)C=CC4(C)C3C(O)CC21C)C(=O)OCC(CO[N+](=O)[O-])O[N+](=O)[O-],0.17195113018867236,binned_cosine_1Da,8,False,predicted_spectrum,336
CASMI2022,massformer,completed,177,177,391,CASMI_MOL_1196973,CASMI_MOL_953176,953176,CC(=O)NC(CC(=O)OCC(=O)C1(OC(=O)CCCO[N+](=O)[O-])CCC2C3CC=C4CC(=O)C=CC4(C)C3C(O)CC21C)C(=O)OCC(CO[N+](=O)[O-])O[N+](=O)[O-],0.17195113018867236,binned_cosine_1Da,9,False,predicted_spectrum,336
CASMI2022,massformer,completed,177,177,391,CASMI_MOL_1196973,CASMI_MOL_952904,952904,CC(OCC1(c2ccccc2)CCC2(CCC(=O)N2C(=O)OCC(=O)OCc2ccccc2)CN1OC(=O)c1ccccc1)c1cc(C(F)(F)F)cc(C(F)(F)F)c1,0.16930413695952223,binned_cosine_1Da,10,False,predicted_spectrum,336
CASMI2022,massformer,completed,177,177,391,CASMI_MOL_1196973,CASMI_MOL_953124,953124,Cc1nc(C(=O)N2Cc3cc4c(cc3CC2C(=O)NC(Cc2ccc(-c3ccnc(C)c3C)cc2)C(=O)O)OCC(c2ccc(Oc3cccc(Cl)c3)cc2)O4)c(C)o1,0.15526825457153548,binned_cosine_1Da,11,False,predicted_spectrum,336
CASMI2022,massformer,completed,177,177,391,CASMI_MOL_1196973,CASMI_MOL_953171,953171,Cc1nc(C(=O)N2Cc3cc4c(cc3CC2C(=O)NC(Cc2ccc(-c3ccnc(C)c3C)cc2)C(=O)O)OCC(c2ccc(Oc3cccc(Cl)c3)cc2)O4)c(C)o1,0.15526825457153548,binned_cosine_1Da,12,False,predicted_spectrum,336
CASMI2022,massformer,completed,177,177,391,CASMI_MOL_1196973,CASMI_MOL_952936,952936,O=C(OCc1ccccc1)c1cc2c(cc1C(=O)OCc1ccccc1)C1(CCC2=O)CCC(=O)c2cc(C(=O)OCc3ccccc3)c(C(=O)OCc3ccccc3)cc21,0.14525898035278131,binned_cosine_1Da,13,False,predicted_spectrum,336
CASMI2022,massformer,completed,177,177,391,CASMI_MOL_1196973,CASMI_MOL_953204,953204,O=C(Nc1cc(O)n(Cc2cccc(-c3cccc(C4OC(CSc5nnnn5-c5ccc(O)cc5)CC(c5ccc(CO)cc5)O4)c3)c2)c1O)OCc1ccccc1,0.14386345016820742,binned_cosine_1Da,14,False,predicted_spectrum,336
CASMI2022,massformer,completed,177,177,391,CASMI_MOL_1196973,CASMI_MOL_953207,953207,O=C(Nc1cc(O)n(Cc2cccc(-c3cccc(C4OC(CSc5nnnn5-c5ccc(O)cc5)CC(c5ccc(CO)cc5)O4)c3)c2)c1O)OCc1ccccc1,0.14386345016820742,binned_cosine_1Da,15,False,predicted_spectrum,336
CASMI2022,massformer,completed,177,177,391,CASMI_MOL_1196973,CASMI_MOL_953218,953218,O=C(Nc1cc(O)n(Cc2cccc(-c3cccc(C4OC(CSc5nnnn5-c5ccc(O)cc5)CC(c5ccc(CO)cc5)O4)c3)c2)c1O)OCc1ccccc1,0.14386345016820742,binned_cosine_1Da,16,False,predicted_spectrum,336
CASMI2022,massformer,completed,177,177,391,CASMI_MOL_1196973,CASMI_MOL_953205,953205,O=C(Nc1cc(O)n(Cc2ccccc2-c2ccc(C3OC(CSc4nnnn4-c4ccc(O)cc4)CC(c4ccc(CO)cc4)O3)cc2)c1O)OCc1ccccc1,0.14379354153923768,binned_cosine_1Da,17,False,predicted_spectrum,336
CASMI2022,massformer,completed,177,177,391,CASMI_MOL_1196973,CASMI_MOL_953208,953208,O=C(Nc1cc(O)n(Cc2ccccc2-c2ccc(C3OC(CSc4nnnn4-c4ccc(O)cc4)CC(c4ccc(CO)cc4)O3)cc2)c1O)OCc1ccccc1,0.14379354153923768,binned_cosine_1Da,18,False,predicted_spectrum,336
CASMI2022,massformer,completed,177,177,391,CASMI_MOL_1196973,CASMI_MOL_953212,953212,O=C(Nc1cc(O)n(Cc2ccccc2-c2ccc(C3OC(CSc4nnnn4-c4ccc(O)cc4)CC(c4ccc(CO)cc4)O3)cc2)c1O)OCc1ccccc1,0.14379354153923768,binned_cosine_1Da,19,False,predicted_spectrum,336
CASMI2022,massformer,completed,177,177,391,CASMI_MOL_1196973,CASMI_MOL_953194,953194,C=c1c(O)c2c(c(O)c1NCC1CCC(CNc3c(C)c(O)c4c(c3O)C(=COC(N)=O)C3(OC)C5NC5CN43)SS1)=C(COC(N)=O)C1(OC)C3NC3CN21,0.13972530614142253,binned_cosine_1Da,20,False,predicted_spectrum,336
CASMI2022,massformer,completed,177,177,391,CASMI_MOL_1196973,CASMI_MOL_953206,953206,O=C(Nc1cc(O)n(Cc2cccc(-c3ccc(C4OC(CSc5nnnn5-c5ccc(O)cc5)CC(c5ccc(CO)cc5)O4)cc3)c2)c1O)OCc1ccccc1,0.13947000668771892,binned_cosine_1Da,21,False,predicted_spectrum,336
CASMI2022,massformer,completed,177,177,391,CASMI_MOL_1196973,CASMI_MOL_953209,953209,O=C(Nc1cc(O)n(Cc2cccc(-c3ccc(C4OC(CSc5nnnn5-c5ccc(O)cc5)CC(c5ccc(CO)cc5)O4)cc3)c2)c1O)OCc1ccccc1,0.13947000668771892,binned_cosine_1Da,22,False,predicted_spectrum,336
CASMI2022,massformer,completed,177,177,391,CASMI_MOL_1196973,CASMI_MOL_953215,953215,O=C(Nc1cc(O)n(Cc2cccc(-c3ccc(C4OC(CSc5nnnn5-c5ccc(O)cc5)CC(c5ccc(CO)cc5)O4)cc3)c2)c1O)OCc1ccccc1,0.13947000668771892,binned_cosine_1Da,23,False,predicted_spectrum,336
CASMI2022,massformer,completed,177,177,391,CASMI_MOL_1196973,CASMI_MOL_953120,953120,CC1(C)OC2CC3C4CC=C5CC(=O)C=CC5(C)C4(F)C(O)CC3(C)C2(C(=O)COC(=O)Oc2cc(C(=O)OCCC(CON(O)O)ON(O)O)cc(O)c2O)O1,0.138800217295079,binned_cosine_1Da,24,False,predicted_spectrum,336
CASMI2022,massformer,completed,177,177,391,CASMI_MOL_1196973,CASMI_MOL_953009,953009,CCCn1c(O)cc(SCC(NC(=O)CCC(NC(=O)CCC(NC(=O)c2ccc(NCc3cnc4[nH]c(N)nc(=O)c4n3)cc2)C(=O)O)C(=O)O)C(=O)O)c1O,0.13506784947012368,binned_cosine_1Da,25,False,predicted_spectrum,336
CASMI2022,massformer,completed,177,177,391,CASMI_MOL_1196973,CASMI_MOL_953010,953010,CCCn1c(O)cc(SCC(NC(=O)CCC(NC(=O)CCC(NC(=O)c2ccc(NCc3cnc4nc(N)[nH]c(=O)c4n3)cc2)C(=O)O)C(=O)O)C(=O)O)c1O,0.13506784947012368,binned_cosine_1Da,26,False,predicted_spectrum,336
CASMI2022,massformer,completed,177,177,391,CASMI_MOL_1196973,CASMI_MOL_953070,953070,CCOC(=O)CCCOc1cnc(C2c3cc(C(F)(F)F)ccc3N(C(=O)OCc3ccccc3)C(CC)C2N)nc1Cc1cc(C(F)(F)F)cc(C(F)(F)F)c1,0.1343415571373612,binned_cosine_1Da,27,False,predicted_spectrum,336
CASMI2022,massformer,completed,177,177,391,CASMI_MOL_1196973,CASMI_MOL_952939,952939,CCCOc1c(NC(=O)c2ccc(NC(=O)C(CC(N)=O)NC(=O)c3ccc(NC(=O)c4ccc(C#N)nc4)cc3)cc2)ccc(C(=O)Nc2ccc(C(=O)O)cc2)c1O,0.1302252549577415,binned_cosine_1Da,28,False,predicted_spectrum,336
CASMI2022,massformer,completed,177,177,391,CASMI_MOL_1196973,CASMI_MOL_952940,952940,CCCOc1c(NC(=O)c2ccc(NC(=O)C(CC(N)=O)NC(=O)c3ccc(NC(=O)c4ccc(C#N)cn4)cc3)cc2)ccc(C(=O)Nc2ccc(C(=O)O)cc2)c1O,0.12866234855493874,binned_cosine_1Da,29,False,predicted_spectrum,336
CASMI2022,massformer,completed,177,177,391,CASMI_MOL_1196973,CASMI_MOL_953054,953054,COC1=CC2C(c3ccc(OC4OC(CO)C(O)C(O)C4O)cc3)C(c3cc(OC)cc(=O)o3)C2(C=Cc2ccc(OC3OC(CO)C(O)C(O)C3O)cc2)OC1=O,0.12836633703011507,binned_cosine_1Da,30,False,predicted_spectrum,336
CASMI2022,massformer,completed,177,177,391,CASMI_MOL_1196973,CASMI_MOL_953052,953052,Cc1ccc(S(=O)(=O)N2C(c3ccc4ccccc4c3-c3c(P(c4ccccc4)c4ccccc4)ccc4ccccc34)=NC(c3ccccc3)C2c2ccccc2)cc1,0.12769201161311824,binned_cosine_1Da,31,False,predicted_spectrum,336
CASMI2022,massformer,completed,177,177,391,CASMI_MOL_1196973,CASMI_MOL_953058,953058,Cc1ccc(S(=O)(=O)N2C(c3ccc4ccccc4c3-c3c(P(c4ccccc4)c4ccccc4)ccc4ccccc34)=NC(c3ccccc3)C2c2ccccc2)cc1,0.12769201161311824,binned_cosine_1Da,32,False,predicted_spectrum,336
CASMI2022,massformer,completed,177,177,391,CASMI_MOL_1196973,CASMI_MOL_953165,953165,Cc1ccc(S(=O)(=O)N2C(c3ccc4ccccc4c3-c3c(P(c4ccccc4)c4ccccc4)ccc4ccccc34)=NC(c3ccccc3)C2c2ccccc2)cc1,0.12769201161311824,binned_cosine_1Da,33,False,predicted_spectrum,336
CASMI2022,massformer,completed,177,177,391,CASMI_MOL_1196973,CASMI_MOL_953063,953063,CCOC(=O)CCCOc1nc(NC2CC(CC)N(C(=O)OCc3ccccc3)c3ccc(C(F)(F)F)cc32)ncc1Cc1cc(C(F)(F)F)cc(C(F)(F)F)c1,0.12595552505187682,binned_cosine_1Da,34,False,predicted_spectrum,336
CASMI2022,massformer,completed,177,177,391,CASMI_MOL_1196973,CASMI_MOL_953099,953099,CCOC(=O)CCCOc1cnc(NC2CC(CC)N(C(=O)OCc3ccccc3)c3ccc(C(F)(F)F)cc32)nc1Cc1cc(C(F)(F)F)cc(C(F)(F)F)c1,0.12567548760674255,binned_cosine_1Da,35,False,predicted_spectrum,336
CASMI2022,massformer,completed,177,177,391,CASMI_MOL_1196973,CASMI_MOL_953028,953028,COC(=O)CCNC(=O)C1CCC(=O)N(c2ccc3c([N+](=O)[O-])cccc3c2)CC(=O)N2CC(NC(=O)c3cccc(Cl)c3)CC2COc2ccc(cc2)C(=O)N1C,0.1236127427819183,binned_cosine_1Da,36,False,predicted_spectrum,336
CASMI2022,massformer,completed,177,177,391,CASMI_MOL_1196973,CASMI_MOL_952910,952910,COC1=C2C(c3ccc(OC4OC(CO)C(O)C(O)C4O)cc3)C(c3cc(OC)cc(=O)o3)C2(C=Cc2ccc(OC3OC(CO)C(O)C(O)C3O)cc2)OC(=O)C1,0.1229217468415826,binned_cosine_1Da,37,False,predicted_spectrum,336
CASMI2022,massformer,completed,177,177,391,CASMI_MOL_1196973,CASMI_MOL_952911,952911,COC1=C2C(c3ccc(OC4OC(CO)C(O)C(O)C4O)cc3)C(c3cc(OC)cc(=O)o3)C2(C=Cc2ccc(OC3OC(CO)C(O)C(O)C3O)cc2)OC(=O)C1,0.1229217468415826,binned_cosine_1Da,38,False,predicted_spectrum,336
CASMI2022,massformer,completed,177,177,391,CASMI_MOL_1196973,CASMI_MOL_952913,952913,COC1=C2C(c3ccc(OC4OC(CO)C(O)C(O)C4O)cc3)C(c3cc(OC)cc(=O)o3)C2(C=Cc2ccc(OC3OC(CO)C(O)C(O)C3O)cc2)OC(=O)C1,0.1229217468415826,binned_cosine_1Da,39,False,predicted_spectrum,336
CASMI2022,massformer,completed,177,177,391,CASMI_MOL_1196973,CASMI_MOL_953197,953197,COC1=C2C(c3ccc(OC4OC(CO)C(O)C(O)C4O)cc3)C(c3cc(OC)cc(=O)o3)C2(C=Cc2ccc(OC3OC(CO)C(O)C(O)C3O)cc2)OC(=O)C1,0.1229217468415826,binned_cosine_1Da,40,False,predicted_spectrum,336
CASMI2022,massformer,completed,177,177,391,CASMI_MOL_1196973,CASMI_MOL_953079,953079,C=CC(=O)OCCCCOC(=O)Oc1ccc(C(=O)OC2(OC(=O)OCCCCOC(=O)C=C)C(OC)=C(c3ccccc3OC)C(C(=O)O)=CC2OC)cc1OC,0.1223944806207589,binned_cosine_1Da,41,False,predicted_spectrum,336
CASMI2022,massformer,completed,177,177,391,CASMI_MOL_1196973,CASMI_MOL_953146,953146,Cc1ccc(NC(=O)Nc2ccc(S(=O)(=O)c3ccc(NC(=O)Nc4ccc(C)c(NC(=O)OCc5ccccc5)c4)cc3)cc2)cc1NC(=O)OCc1ccccc1,0.12162248293244433,binned_cosine_1Da,42,False,predicted_spectrum,336
CASMI2022,massformer,completed,177,177,391,CASMI_MOL_1196973,CASMI_MOL_953029,953029,COC12C(=COC(N)=O)c3c(O)c(NCC4CCC(CNc5c(C)c(O)c6c(c5O)C(=COC(N)=O)C5(OC)C7NC7CN65)SS4)c(C)c(O)c3N1CC1NC12,0.12143808750044191,binned_cosine_1Da,43,False,predicted_spectrum,336
CASMI2022,massformer,completed,177,177,391,CASMI_MOL_1196973,CASMI_MOL_953145,953145,Cc1ccc(NC(=O)OCc2ccccc2)cc1NC(=O)Nc1ccc(S(=O)(=O)c2ccc(NC(=O)Nc3cc(NC(=O)OCc4ccccc4)ccc3C)cc2)cc1,0.12071108866334442,binned_cosine_1Da,44,False,predicted_spectrum,336
CASMI2022,massformer,completed,177,177,391,CASMI_MOL_1196973,CASMI_MOL_953040,953040,COC(=O)C1Cc2ccccc2N1C(=O)c1cc(OC)c(OCCCCCOc2cc([N+](=O)[O-])c(C(=O)N3c4ccccc4CC3C(=O)OC)cc2OC)cc1[N+](=O)[O-],0.12069366691980965,binned_cosine_1Da,45,False,predicted_spectrum,336
CASMI2022,massformer,completed,177,177,391,CASMI_MOL_1196973,CASMI_MOL_953196,953196,CC(=O)OC1C2OC(c3ccccc3)OCC2OC(SC(C)C)C1OC1OCC(OC(=O)c2ccccc2)C(OC(=O)c2ccccc2)C1OC(=O)c1ccccc1,0.11688229754306412,binned_cosine_1Da,46,False,predicted_spectrum,336
CASMI2022,massformer,completed,177,177,391,CASMI_MOL_1196973,CASMI_MOL_953001,953001,CC(C)Oc1c(NC(=O)c2ccc(NC(=O)C(CC(N)=O)NC(=O)c3ccc(NC(=O)c4ccc(C#N)cn4)cc3)cc2)ccc(C(=O)Nc2ccc(C(=O)O)cc2)c1O,0.11640250976813336,binned_cosine_1Da,47,False,predicted_spectrum,336
CASMI2022,massformer,completed,177,177,391,CASMI_MOL_1196973,CASMI_MOL_953002,953002,CC(C)Oc1c(NC(=O)c2ccc(NC(=O)C(CC(N)=O)NC(=O)c3ccc(NC(=O)c4ccc(C#N)cn4)cc3)cc2)ccc(C(=O)Nc2ccc(C(=O)O)cc2)c1O,0.11640250976813336,binned_cosine_1Da,48,False,predicted_spectrum,336
CASMI2022,massformer,completed,177,177,391,CASMI_MOL_1196973,CASMI_MOL_953126,953126,COc1cccc(Nc2c(C(N)=O)cnc3c(C)cc(S(=O)(=O)c4cccc(C(=O)Nc5ccc(CCNCC(O)c6ccc(O)c7[nH]c(=O)ccc67)cc5)c4)cc23)c1,0.11625497339836549,binned_cosine_1Da,49,False,predicted_spectrum,336
CASMI2022,massformer,completed,177,177,391,CASMI_MOL_1196973,CASMI_MOL_953167,953167,COc1cccc(Nc2c(C(N)=O)cnc3c(C)cc(S(=O)(=O)c4cccc(C(=O)Nc5ccc(CCNCC(O)c6ccc(O)c7[nH]c(=O)ccc67)cc5)c4)cc23)c1,0.11625497339836549,binned_cosine_1Da,50,False,predicted_spectrum,336
CASMI2022,massformer,completed,177,177,391,CASMI_MOL_1196973,CASMI_MOL_952927,952927,CC(=O)NC(Cc1ccc(O)cc1)C(=O)NC(Cc1ccc(N=C(NC(=O)OCc2ccccc2)NC(=O)OCc2ccccc2)cc1)C(=O)c1nc2ccccc2s1,0.1161668028492444,binned_cosine_1Da,51,False,predicted_spectrum,336
CASMI2022,massformer,completed,177,177,391,CASMI_MOL_1196973,CASMI_MOL_952928,952928,CC(=O)NC(Cc1ccc(O)cc1)C(=O)NC(Cc1ccc(N=C(NC(=O)OCc2ccccc2)NC(=O)OCc2ccccc2)cc1)C(=O)c1nc2ccccc2s1,0.1161668028492444,binned_cosine_1Da,52,False,predicted_spectrum,336
CASMI2022,massformer,completed,177,177,391,CASMI_MOL_1196973,CASMI_MOL_952923,952923,O=C(Nc1ccccc1)C1CN(S(=O)(=O)c2ccc([N+](=O)[O-])cc2)CCN1C(=O)c1cc(OCc2ccccc2)c(OCc2ccccc2)c(OCc2ccccc2)c1,0.11340281581683025,binned_cosine_1Da,53,False,predicted_spectrum,336
CASMI2022,massformer,completed,177,177,391,CASMI_MOL_1196973,CASMI_MOL_953111,953111,CCCCN(C(=O)c1nn(-c2ccc(C(=O)NS(=O)(=O)c3ccc4ccccc4c3)cc2C(=O)N2CCc3ccccc3C2)c(C)c1Cl)c1cc2ccccc2n1C,0.11159939895660755,binned_cosine_1Da,54,False,predicted_spectrum,336
CASMI2022,massformer,completed,177,177,391,CASMI_MOL_1196973,CASMI_MOL_953003,953003,CC(C)Oc1c(NC(=O)c2ccc(NC(=O)C(CC(N)=O)NC(=O)c3ccc(NC(=O)c4ccc(C#N)nc4)cc3)cc2)ccc(C(=O)Nc2ccc(C(=O)O)cc2)c1O,0.11098766191944048,binned_cosine_1Da,55,False,predicted_spectrum,336
CASMI2022,massformer,completed,177,177,391,CASMI_MOL_1196973,CASMI_MOL_953004,953004,CC(C)Oc1c(NC(=O)c2ccc(NC(=O)C(CC(N)=O)NC(=O)c3ccc(NC(=O)c4ccc(C#N)nc4)cc3)cc2)ccc(C(=O)Nc2ccc(C(=O)O)cc2)c1O,0.11098764656657242,binned_cosine_1Da,56,False,predicted_spectrum,336
CASMI2022,massformer,completed,177,177,391,CASMI_MOL_1196973,CASMI_MOL_953095,953095,CN1CCN(C(=O)c2cc(C(=O)NCCNCCCN3C(=O)c4cccc5cc([N+](=O)[O-])cc(c45)C3=O)cc(N3C(=O)c4cccc5cc([N+](=O)[O-])cc(c45)C3=O)c2)CC1,0.10954140457913975,binned_cosine_1Da,57,False,predicted_spectrum,336
CASMI2022,massformer,completed,177,177,391,CASMI_MOL_1196973,CASMI_MOL_952896,952896,CN(CCO)CCC(CSc1ccccc1)Nc1ccc([S+]([O-])NC(=O)c2ccc(N3CCC(Cc4ccccc4-c4ccc(Cl)cc4)CC3)cc2)cc1S,0.10858657157013182,binned_cosine_1Da,58,False,predicted_spectrum,336
CASMI2022,massformer,completed,177,177,391,CASMI_MOL_1196973,CASMI_MOL_953128,953128,CN1CCC(N(C)c2ccc(C(=O)Nc3nn(C(c4ccccc4)(c4ccccc4)c4ccccc4)c4ccc(S(=O)(=O)c5cc(F)cc(F)c5)cc34)c([N+](=O)[O-])c2)C1,0.10634519767722977,binned_cosine_1Da,59,False,predicted_spectrum,336
CASMI2022,massformer,completed,177,177,391,CASMI_MOL_1196973,CASMI_MOL_953093,953093,CN1CCN(C(=O)c2cc(C(=O)NCCCNCCN3C(=O)c4cccc5cc([N+](=O)[O-])cc(c45)C3=O)cc(N3C(=O)c4cccc5cc([N+](=O)[O-])cc(c45)C3=O)c2)CC1,0.10569509665223978,binned_cosine_1Da,60,False,predicted_spectrum,336
CASMI2022,massformer,completed,177,177,391,CASMI_MOL_1196973,CASMI_MOL_953129,953129,CN1CCCN(c2ccc(C(=O)Nc3nn(C(c4ccccc4)(c4ccccc4)c4ccccc4)c4ccc(S(=O)(=O)c5cc(F)cc(F)c5)cc34)c([N+](=O)[O-])c2)CC1,0.1035678626365195,binned_cosine_1Da,61,False,predicted_spectrum,336
CASMI2022,massformer,completed,177,177,391,CASMI_MOL_1196973,CASMI_MOL_952914,952914,COc1cc(C2C(c3ccc(OC4OC(CO)C(O)C(O)C4O)cc3)C(c3cc(OC)cc(=O)o3)C2c2ccc(OC3OC(CO)C(O)C(O)C3O)cc2)oc(=O)c1,0.10175713925090495,binned_cosine_1Da,62,False,predicted_spectrum,336
CASMI2022,massformer,completed,177,177,391,CASMI_MOL_1196973,CASMI_MOL_953198,953198,COc1cc(C2C(c3ccc(OC4OC(CO)C(O)C(O)C4O)cc3)C(c3cc(OC)cc(=O)o3)C2c2ccc(OC3OC(CO)C(O)C(O)C3O)cc2)oc(=O)c1,0.10175713925090495,binned_cosine_1Da,63,False,predicted_spectrum,336
CASMI2022,massformer,completed,177,177,391,CASMI_MOL_1196973,CASMI_MOL_952894,952894,Cc1c(COc2cc(OCc3cncc(C#N)c3)c(CNC(C)C(=O)O)cc2Cl)cccc1-c1cccc(-c2ccc(OCCNCCO)c(S(C)(=O)=O)c2)c1C,0.09631851178323432,binned_cosine_1Da,64,False,predicted_spectrum,336
CASMI2022,massformer,completed,177,177,391,CASMI_MOL_1196973,CASMI_MOL_953030,953030,CCn1c(SC(CC=Cc2ccc(C(F)(F)n3c(SCC(=O)Nc4ccccc4)nnc3-c3ccccc3)cc2)C(=O)Nc2ccccc2)nnc1-c1ccccc1,0.09595969244441378,binned_cosine_1Da,65,False,predicted_spectrum,336
CASMI2022,massformer,completed,177,177,391,CASMI_MOL_1196973,CASMI_MOL_952957,952957,COC(=O)NC(C(=O)CC(c1ccc(C(CO)N(CCC(C)(C)C)S(=O)(=O)c2ccc(-n3cnnn3)cc2)s1)C(F)(F)F)C(c1ccccc1)c1ccccc1,0.09542365315782039,binned_cosine_1Da,66,False,predicted_spectrum,336
CASMI2022,massformer,completed,177,177,391,CASMI_MOL_1196973,CASMI_MOL_953102,953102,COC(=O)NC(C(=O)NC(c1ccc(C(CO)N(CCC(C)(C)C)S(=O)(=O)c2ccc(-n3ccnn3)cc2)s1)C(F)(F)F)C(c1ccccc1)c1ccccc1,0.09412484222116914,binned_cosine_1Da,67,False,predicted_spectrum,336
CASMI2022,massformer,completed,177,177,391,CASMI_MOL_1196973,CASMI_MOL_952922,952922,COC(=O)NC(C(=O)CC(c1ccc(C(CO)N(CCC(C)(C)C)S(=O)(=O)c2ccc(-n3ncnn3)cc2)s1)C(F)(F)F)C(c1ccccc1)c1ccccc1,0.09400935530706343,binned_cosine_1Da,68,False,predicted_spectrum,336
CASMI2022,massformer,completed,177,177,391,CASMI_MOL_1196973,CASMI_MOL_953100,953100,COC(=O)NC(C(=O)NC(c1ccc(C(CO)N(CCC(C)(C)C)S(=O)(=O)c2ccc(-n3nccn3)cc2)s1)C(F)(F)F)C(c1ccccc1)c1ccccc1,0.09289638484947686,binned_cosine_1Da,69,False,predicted_spectrum,336
CASMI2022,massformer,completed,177,177,391,CASMI_MOL_1196973,CASMI_MOL_953045,953045,NS(=O)(=O)c1ccc(C(=O)NCCOC(=O)C(CCCCNC(=O)CCCCC2SCC3NC(=O)NC32)NC(=O)c2ccc(C3(C(F)(F)F)NN3)cc2)cc1,0.0921799057861447,binned_cosine_1Da,70,False,predicted_spectrum,336
CASMI2022,massformer,completed,177,177,391,CASMI_MOL_1196973,CASMI_MOL_953051,953051,COC(=O)N(C(=O)C(N)C(c1ccccc1)c1ccccc1)C(c1ccc(C(CO)N(CCC(C)(C)C)S(=O)(=O)c2ccc(-c3ccno3)cc2)s1)C(F)(F)F,0.09215504179917017,binned_cosine_1Da,71,False,predicted_spectrum,336
CASMI2022,massformer,completed,177,177,391,CASMI_MOL_1196973,CASMI_MOL_953117,953117,CN(C)CCC(CSc1ccccc1)N(C(=O)c1ccc(N2CCN(Cc3ccccc3-c3ccc(Cl)cc3)CC2)cc1)c1ccc(S(N)(=O)=O)cc1[N+](=O)[O-],0.09060019531003762,binned_cosine_1Da,72,False,predicted_spectrum,336
CASMI2022,massformer,completed,177,177,391,CASMI_MOL_1196973,CASMI_MOL_952892,952892,COC(=O)OCC12CCC(CC1)C(Nc1nc(-c3cn(C(c4ccccc4)(c4ccccc4)c4ccccc4)c4ncc(F)nc34)nc(-c3cccs3)c1F)C2C(=O)O,0.08958261309018416,binned_cosine_1Da,73,False,predicted_spectrum,336
CASMI2022,massformer,completed,177,177,391,CASMI_MOL_1196973,CASMI_MOL_953116,953116,CN(C)CCC(CSc1ccccc1)Nc1ccc(S(N)(=O)=O)c(C(=O)c2ccc(N3CCN(Cc4ccccc4-c4ccc(Cl)cc4)CC3)cc2)c1[N+](=O)[O-],0.08824495872030089,binned_cosine_1Da,74,False,predicted_spectrum,336
CASMI2022,massformer,completed,177,177,391,CASMI_MOL_1196973,CASMI_MOL_953091,953091,CCOC(=O)C(CSSCC(NC(=O)C(CCC(=O)O)NC(=O)CCC(N)C(=O)O)C(=O)OCC)NC(=O)C(CCC(=O)O)NC(=O)CCC(N)C(=O)O,0.08625765685235162,binned_cosine_1Da,75,False,predicted_spectrum,336
CASMI2022,massformer,completed,177,177,391,CASMI_MOL_1196973,CASMI_MOL_952931,952931,COC(=O)c1c2c3ccc(Cl)c(c3n1C)-c1c(nn3c1CN(C(=O)OC(C)(C)C)CC3)CSCc1cc(n(C)n1)CSc1cc(c3ccccc3c1)OCCC2,0.0856830901286089,binned_cosine_1Da,76,False,predicted_spectrum,336
CASMI2022,massformer,completed,177,177,391,CASMI_MOL_1196973,CASMI_MOL_953203,953203,COc1cc(C=CC=Cc2ccc(N(CCCCS(=O)(=O)O)CC(=O)O)cc2)c(OC)cc1C=CC=Cc1ccc(N(CCCCS(=O)(=O)O)CC(=O)O)cc1,0.08285859650116785,binned_cosine_1Da,77,False,predicted_spectrum,336
CASMI2022,massformer,completed,177,177,391,CASMI_MOL_1196973,CASMI_MOL_953016,953016,CC1OC(O)C2OC(C)(C)OC2C1OCC1OC2COC(c3ccccc3)OC2C(OCc2ccccc2)C1OCC(=O)c1ccc(C(F)(F)F)cc1C(F)(F)F,0.08248126425166402,binned_cosine_1Da,78,False,predicted_spectrum,336
CASMI2022,massformer,completed,177,177,391,CASMI_MOL_1196973,CASMI_MOL_953032,953032,CCC(C)C(NC(=O)C(CC(=O)O)NC(=O)NCCCCC(NC(=O)NC(CCC(=O)O)C(=O)O)C(=O)O)C(=O)NC(CSSCCOC(C)=O)C(=O)O,0.08163814641239027,binned_cosine_1Da,79,False,predicted_spectrum,336
CASMI2022,massformer,completed,177,177,391,CASMI_MOL_1196973,CASMI_MOL_952967,952967,COc1cc(NS(=O)(=O)c2ccc(Cl)nc2)c2cc1Oc1ccc(cc1)CC1c3cc(c(OC)cc3CCN1C)Oc1c(OC)c(OC)cc3c1C(C2)N(C)CC3,0.08140929005105191,binned_cosine_1Da,80,False,predicted_spectrum,336
CASMI2022,massformer,completed,177,177,391,CASMI_MOL_1196973,CASMI_MOL_953142,953142,COC(=O)C1CC(c2ccc(F)cc2)=CN1C(=O)c1cc(C)c(OCCCOc2cc([N+](=O)[O-])c(C(=O)N3C=C(c4ccc(F)cc4)CC3C)cc2OC)cc1[N+](=O)[O-],0.08076889402554713,binned_cosine_1Da,81,False,predicted_spectrum,336
CASMI2022,massformer,completed,177,177,391,CASMI_MOL_1196973,CASMI_MOL_952985,952985,CC(NCC1CCC(CC(=O)O)CC1)c1ccc(C(F)(F)F)cc1CNc1ncc(OCCS(C)(=O)=O)c(C(C)c2cc(C(F)(F)F)cc(C(F)(F)F)c2)n1,0.07914453803669044,binned_cosine_1Da,82,False,predicted_spectrum,336
CASMI2022,massformer,completed,177,177,391,CASMI_MOL_1196973,CASMI_MOL_952988,952988,CC(NCC1CCC(CC(=O)O)CC1)c1ccc(C(F)(F)F)cc1CNc1ncc(OCCS(C)(=O)=O)c(C(C)c2cc(C(F)(F)F)cc(C(F)(F)F)c2)n1,0.07914453803669044,binned_cosine_1Da,83,False,predicted_spectrum,336
CASMI2022,massformer,completed,177,177,391,CASMI_MOL_1196973,CASMI_MOL_953182,953182,COc1c(-c2cccc3ccccc23)cnn(C2CC3C(=O)NC4(C(=O)NS(=O)(=O)C5CC5)CC4C=CCCCCCC(NC(=O)c4cccs4)C(=O)N3C2)c1=O,0.07837818165167794,binned_cosine_1Da,84,False,predicted_spectrum,336
CASMI2022,massformer,completed,177,177,391,CASMI_MOL_1196973,CASMI_MOL_953027,953027,CN(C)C(S)CC(Cc1ccccc1)Nc1ccc(S(=O)(=O)NC(=O)c2ccc(N3CCN(Cc4ccccc4-c4ccc(Cl)cc4)CC3)cc2)cc1[N+](=O)[O-],0.07629206139438714,binned_cosine_1Da,85,False,predicted_spectrum,336
CASMI2022,massformer,completed,177,177,391,CASMI_MOL_1196973,CASMI_MOL_953132,953132,COc1ccc(C(=O)Oc2ccc(C(=O)Nc3ccc(-c4ccc(NC(=O)c5ccc(OC(=O)c6ccccc6OC)c(OC)c5)c(OC)c4)cc3OC)cc2)c(OC)c1,0.07403001108905753,binned_cosine_1Da,86,False,predicted_spectrum,336
CASMI2022,massformer,completed,177,177,391,CASMI_MOL_1196973,CASMI_MOL_953041,953041,CN(C)CCC(CSc1ccccc1)Nc1ccc(S(=O)(=O)NC(=O)c2ccccc2N2CCN(Cc3cc(Cl)ccc3-c3ccccc3)CC2)cc1[N+](=O)[O-],0.07359426292507022,binned_cosine_1Da,87,False,predicted_spectrum,336
CASMI2022,massformer,completed,177,177,391,CASMI_MOL_1196973,CASMI_MOL_953118,953118,CN(C)CCC(CSc1ccccc1)Nc1ccc(S(=O)(=O)NC(=O)c2ccc(N3CCN(Cc4c(Cl)cccc4-c4ccccc4)CC3)cc2)cc1[N+](=O)[O-],0.0733427227728302,binned_cosine_1Da,88,False,predicted_spectrum,336
CASMI2022,massformer,completed,177,177,391,CASMI_MOL_1196973,CASMI_MOL_953050,953050,COC(=O)N(C(=O)C(N)C(c1ccccc1)c1ccccc1)C(c1ccc(C(CO)N(CCC(C)(C)C)S(=O)(=O)c2ccc(-c3cnco3)cc2)s1)C(F)(F)F,0.0730901564324021,binned_cosine_1Da,89,False,predicted_spectrum,336
CASMI2022,massformer,completed,177,177,391,CASMI_MOL_1196973,CASMI_MOL_952978,952978,CCCc1ccc(OP2(Oc3ccc(N)cc3)(Oc3ccc(N)cc3)NPN=P(Oc3ccc(N)cc3)(Oc3ccc(N)cc3)N2Oc2ccc(N)cc2)cc1,0.0715703550306723,binned_cosine_1Da,90,False,predicted_spectrum,336
CASMI2022,massformer,completed,177,177,391,CASMI_MOL_1196973,CASMI_MOL_953094,953094,O=C(NCCNCCN1C(=O)c2cccc3cc([N+](=O)[O-])cc(c23)C1=O)c1cc(C(=O)NCCN2CCCC2)cc(N2C(=O)c3cccc4cc([N+](=O)[O-])cc(c34)C2=O)c1,0.07055765892239833,binned_cosine_1Da,91,False,predicted_spectrum,336
CASMI2022,massformer,completed,177,177,391,CASMI_MOL_1196973,CASMI_MOL_952921,952921,Cc1ccccc1C(=O)N=C1N=C(Cc2[nH]c(NC(=O)c3ccccc3C)c(-c3nc4ccccc4o3)c2-c2ccccc2)C(c2ccccc2)=C1c1nc2ccccc2s1,0.0699478727355027,binned_cosine_1Da,92,False,predicted_spectrum,336
CASMI2022,massformer,completed,177,177,391,CASMI_MOL_1196973,CASMI_MOL_953181,953181,COc1cnn(C2CC3C(=O)NC4(C(=O)NS(=O)(=O)C5CC5)CC4C=CCCCCCC(NC(=O)c4cccs4)C(=O)N3C2)c(=O)c1-c1cccc2ccccc12,0.06946347189903253,binned_cosine_1Da,93,False,predicted_spectrum,336
CASMI2022,massformer,completed,177,177,391,CASMI_MOL_1196973,CASMI_MOL_953133,953133,COc1cc(OC)c(C(=O)Nc2ccc(C(=O)Oc3ccc(-c4ccc(OC(=O)c5ccc(NC(=O)c6cc(OC)c(OC)cc6OC)cc5)cc4)cc3)cc2)cc1OC,0.06870448150372292,binned_cosine_1Da,94,False,predicted_spectrum,336
CASMI2022,massformer,completed,177,177,391,CASMI_MOL_1196973,CASMI_MOL_953201,953201,COC1C(=N)Cn2c1c(COC(N)=O)c1c(O)c(NCC3CCC(CNc4c(C)c(O)c5c(c4O)c(COC(N)=O)c4n5CC(=N)C4OC)SS3)c(C)c(O)c12,0.0684197267743449,binned_cosine_1Da,95,False,predicted_spectrum,336
CASMI2022,massformer,completed,177,177,391,CASMI_MOL_1196973,CASMI_MOL_953193,953193,COC1C(=N)Cn2c1c(COC(N)=O)c1c(O)c(NCC3CCC(CNc4c(C)c(O)c5c(c4O)C(=COC(N)=O)C4(OC)C6NC6CN54)SS3)c(C)c(O)c12,0.06689081040166764,binned_cosine_1Da,96,False,predicted_spectrum,336
CASMI2022,massformer,completed,177,177,391,CASMI_MOL_1196973,CASMI_MOL_952915,952915,COc1cc2cc(c1Cl)N(C)C(=O)CC(OC(=O)Nc1ccc(C(F)(F)F)cc1[N+](=O)[O-])C(C)(O)C(C)C(C)C1CC(O)(NC(=O)O1)C(OC)C=CC=C(C)C2,0.0650572470069576,binned_cosine_1Da,97,False,predicted_spectrum,336
CASMI2022,massformer,completed,177,177,391,CASMI_MOL_1196973,CASMI_MOL_953161,953161,COC(=O)CCSCCOC1OC(CO)C(O)C(O)C1(O)C1(O)C(CO)OCC(O)(C(O)C2OCC(O)(C3(O)C(CO)OCC(O)C3O)C(O)C2O)C1O,0.0647375798868351,binned_cosine_1Da,98,False,predicted_spectrum,336
CASMI2022,massformer,completed,177,177,391,CASMI_MOL_1196973,CASMI_MOL_953169,953169,CN(C)CCC(CSc1ccccc1)Nc1ccc(S(=O)(=O)NC(=O)c2ccc(N3CCN(Cc4ccccc4-c4cccc(Cl)c4)CC3)cc2)cc1[N+](=O)[O-],0.06470568365295554,binned_cosine_1Da,99,False,predicted_spectrum,336
CASMI2022,massformer,completed,177,177,391,CASMI_MOL_1196973,CASMI_MOL_953190,953190,CN(C)CCC(CSc1ccccc1)Nc1ccc(S(=O)(=O)NC(=O)c2ccc(N3CCN(Cc4ccccc4-c4cccc(Cl)c4)CC3)cc2)cc1[N+](=O)[O-],0.06470568365295554,binned_cosine_1Da,100,False,predicted_spectrum,336
CASMI2022,massformer,completed,177,177,391,CASMI_MOL_1196973,CASMI_MOL_1196973,1196973,CN(C)CCC(CSc1ccccc1)Nc1ccc(S(=O)(=O)NC(=O)c2ccc(N3CCN(Cc4ccccc4-c4ccc(Cl)cc4)CC3)cc2)cc1[N+](=O)[O-],0.04643203916109477,binned_cosine_1Da,151,True,predicted_spectrum,336
CASMI2022,massformer,completed,178,178,395,CASMI_MOL_1196974,CASMI_MOL_953790,953790,CC(C)(C)OC(=O)N1CC(CCCCn2cc(SN)cn2)CC1(C)C,0.27854576472493,binned_cosine_1Da,1,False,predicted_spectrum,2608
CASMI2022,massformer,completed,178,178,395,CASMI_MOL_1196974,CASMI_MOL_953789,953789,Cc1cc(SN)nn1CCCC1CN(C(=O)OC(C)(C)C)C(C)(C)C1,0.274208698515857,binned_cosine_1Da,2,False,predicted_spectrum,2608
CASMI2022,massformer,completed,178,178,395,CASMI_MOL_1196974,CASMI_MOL_953438,953438,CCOc1c(F)cc(F)cc1C1CCC(OCC2NCCCC2N)CC1,0.2730636186933796,binned_cosine_1Da,3,False,predicted_spectrum,2608
CASMI2022,massformer,completed,178,178,395,CASMI_MOL_1196974,CASMI_MOL_953441,953441,CCOc1c(F)cc(F)cc1C1CCC(OCC2NCCCC2N)CC1,0.2730636186933796,binned_cosine_1Da,4,False,predicted_spectrum,2608
CASMI2022,massformer,completed,178,178,395,CASMI_MOL_1196974,CASMI_MOL_953791,953791,Cc1c(SN)cnn1CCCC1CN(C(=O)OC(C)(C)C)C(C)(C)C1,0.27105922224607254,binned_cosine_1Da,5,False,predicted_spectrum,2608
CASMI2022,massformer,completed,178,178,395,CASMI_MOL_1196974,CASMI_MOL_953680,953680,CCCC(C)OC1CCCC2=Cc3c(cnn3-c3ccc(F)cc3)CC21C,0.2708051395542035,binned_cosine_1Da,6,False,predicted_spectrum,2608
CASMI2022,massformer,completed,178,178,395,CASMI_MOL_1196974,CASMI_MOL_953681,953681,CCCC(C)OC1CCCC2=Cc3c(cnn3-c3ccc(F)cc3)CC21C,0.2708051395542035,binned_cosine_1Da,7,False,predicted_spectrum,2608
CASMI2022,massformer,completed,178,178,395,CASMI_MOL_1196974,CASMI_MOL_953841,953841,CC1C(CC2C(N)CCN2C(=O)C2(C)CC2)=CC=CC1c1cccc(F)c1,0.269388179274643,binned_cosine_1Da,8,False,predicted_spectrum,2608
CASMI2022,massformer,completed,178,178,395,CASMI_MOL_1196974,CASMI_MOL_955704,955704,CC(C)(C)CCC1(O)CCC2=Cc3c(cnn3-c3ccc(F)cc3)CC21C,0.26839241162358707,binned_cosine_1Da,9,False,predicted_spectrum,2608
CASMI2022,massformer,completed,178,178,395,CASMI_MOL_1196974,CASMI_MOL_954889,954889,Cc1ccc2[nH]cc(C(C)CC(=O)N3C4CC5CC3CC(F)(C5)C4)c2c1C,0.26630869036194754,binned_cosine_1Da,10,False,predicted_spectrum,2608
CASMI2022,massformer,completed,178,178,395,CASMI_MOL_1196974,CASMI_MOL_953287,953287,C=C(C=C1N=C(C(=O)CCCCCC)C=C(CC)N1C)c1ccccc1F,0.2631908383423749,binned_cosine_1Da,11,False,predicted_spectrum,2608
CASMI2022,massformer,completed,178,178,395,CASMI_MOL_1196974,CASMI_MOL_954906,954906,CC=CC1=C(C=N)C(=NC2CCCCC2)CC(C)(c2ccc(O)c(F)c2)C1,0.2607017144376509,binned_cosine_1Da,12,False,predicted_spectrum,2608
CASMI2022,massformer,completed,178,178,395,CASMI_MOL_1196974,CASMI_MOL_955679,955679,CC(C)(C)C(O)C1CCCC2=Cc3c(cnn3-c3ccc(F)cc3)CC21C,0.257958210143462,binned_cosine_1Da,13,False,predicted_spectrum,2608
CASMI2022,massformer,completed,178,178,395,CASMI_MOL_1196974,CASMI_MOL_955055,955055,CC1(F)C=CC=CC1C(C)(C)CC(O)(Cc1cc2ccncc2[nH]1)C1CC1,0.2571273561866703,binned_cosine_1Da,14,False,predicted_spectrum,2608
CASMI2022,massformer,completed,178,178,395,CASMI_MOL_1196974,CASMI_MOL_953532,953532,Cc1nn(CCCC2CN(C(=O)OC(C)(C)C)C(C)(C)C2)cc1SN,0.25699367217368824,binned_cosine_1Da,15,False,predicted_spectrum,2608
CASMI2022,massformer,completed,178,178,395,CASMI_MOL_1196974,CASMI_MOL_953792,953792,CC(C)(C)OC(=O)N1CC(CCCCn2ccc(SN)n2)CC1(C)C,0.25464887258831753,binned_cosine_1Da,16,False,predicted_spectrum,2608
CASMI2022,massformer,completed,178,178,395,CASMI_MOL_1196974,CASMI_MOL_953485,953485,C=C(C)C1=C(C)C2(CCC2)N(C)N(Cc2ccc(C3CC3)c(F)c2C)C1=O,0.24741584587644966,binned_cosine_1Da,17,False,predicted_spectrum,2608
CASMI2022,massformer,completed,178,178,395,CASMI_MOL_1196974,CASMI_MOL_953285,953285,CC(=O)N1CCCC(N)C1COC1CCC(C2=C(F)C(F)CC=C2)CC1,0.24424376920040095,binned_cosine_1Da,18,False,predicted_spectrum,2608
CASMI2022,massformer,completed,178,178,395,CASMI_MOL_1196974,CASMI_MOL_953623,953623,CSc1nc(C)c(C)c(NC2CC(OC(C)(C)O)C(C(C)(C)N)C2)n1,0.23625453954730546,binned_cosine_1Da,19,False,predicted_spectrum,2608
CASMI2022,massformer,completed,178,178,395,CASMI_MOL_1196974,CASMI_MOL_953952,953952,C=C(C1C=CC(CC)=CN1C)N1CCC2(CCc3cc(F)ccc3O2)CC1,0.2361855683554129,binned_cosine_1Da,20,False,predicted_spectrum,2608
CASMI2022,massformer,completed,178,178,395,CASMI_MOL_1196974,CASMI_MOL_955001,955001,CC(C)C(O)CC1(C)CCC2=Cc3c(cnn3-c3ccc(F)cc3)CC21C,0.23571492500954486,binned_cosine_1Da,21,False,predicted_spectrum,2608
CASMI2022,massformer,completed,178,178,395,CASMI_MOL_1196974,CASMI_MOL_954064,954064,CC1CC2CC(C)CC(C(O)CC3c4c(F)cccc4-c4cncn43)(C1)C2,0.23545771890536027,binned_cosine_1Da,22,False,predicted_spectrum,2608
CASMI2022,massformer,completed,178,178,395,CASMI_MOL_1196974,CASMI_MOL_953949,953949,C=C1N=C(CC2(c3ccc(F)c(CC)c3)CCCC2)N2CCC(C)C2C1=O,0.23460080895568247,binned_cosine_1Da,23,False,predicted_spectrum,2608
CASMI2022,massformer,completed,178,178,395,CASMI_MOL_1196974,CASMI_MOL_953346,953346,CCC1=NC(C)C2=C(CCCC2)C1=CC1=CC(N2CCCC2=O)C(F)=CC1,0.23362287932919013,binned_cosine_1Da,24,False,predicted_spectrum,2608
CASMI2022,massformer,completed,178,178,395,CASMI_MOL_1196974,CASMI_MOL_955213,955213,OCCC1(CCCCCCC2(Cc3ccc(F)cc3)C=CC=N2)C=CC=N1,0.2307730856975662,binned_cosine_1Da,25,False,predicted_spectrum,2608
CASMI2022,massformer,completed,178,178,395,CASMI_MOL_1196974,CASMI_MOL_955506,955506,CCCCCCCCCC(=O)N1CCN(c2cc(F)c(O)cc2F)CC1,0.22959670556711723,binned_cosine_1Da,26,False,predicted_spectrum,2608
CASMI2022,massformer,completed,178,178,395,CASMI_MOL_1196974,CASMI_MOL_955167,955167,CCOC1CCC(C)(N2CCC(Nc3cc(F)cc(F)c3O)CC2)CC1,0.22861085962521077,binned_cosine_1Da,27,False,predicted_spectrum,2608
CASMI2022,massformer,completed,178,178,395,CASMI_MOL_1196974,CASMI_MOL_954065,954065,CCC1(C(O)CC2c3c(F)cccc3-c3cncn32)CC2CCCC(C2)C1,0.22783296487574276,binned_cosine_1Da,28,False,predicted_spectrum,2608
CASMI2022,massformer,completed,178,178,395,CASMI_MOL_1196974,CASMI_MOL_953374,953374,C=CC=C(C=CC)C=NN=CCCCC(CC1=CC(F)C(=C)C=C1)C(C)=O,0.2266760621185262,binned_cosine_1Da,29,False,predicted_spectrum,2608
CASMI2022,massformer,completed,178,178,395,CASMI_MOL_1196974,CASMI_MOL_953884,953884,C=NC=C1c2cccc(F)c2C(CC(O)C23CC4CC(CC(C4)C2)C3)N1C,0.22565986077652073,binned_cosine_1Da,30,False,predicted_spectrum,2608
CASMI2022,massformer,completed,178,178,395,CASMI_MOL_1196974,CASMI_MOL_953528,953528,C=CC(=CC=CC)CN1CC2CN(C(=O)OC(C)(C)C)CC(C1)C2(F)F,0.2253267613587806,binned_cosine_1Da,31,False,predicted_spectrum,2608
CASMI2022,massformer,completed,178,178,395,CASMI_MOL_1196974,CASMI_MOL_955166,955166,CCOC1CCC(C)(N2CCC(Nc3cc(F)c(F)cc3O)CC2)CC1,0.22523642521159773,binned_cosine_1Da,32,False,predicted_spectrum,2608
CASMI2022,massformer,completed,178,178,395,CASMI_MOL_1196974,CASMI_MOL_953676,953676,C=CC1=C(C=CC)CN(C(=O)CC(N)Cc2ccccc2F)C(C(=C)C)C1,0.2240453334532279,binned_cosine_1Da,33,False,predicted_spectrum,2608
CASMI2022,massformer,completed,178,178,395,CASMI_MOL_1196974,CASMI_MOL_955711,955711,CCCCCC1(O)CCCC2=Cc3c(cnn3-c3ccc(F)cc3)CC21C,0.22368537223106905,binned_cosine_1Da,34,False,predicted_spectrum,2608
CASMI2022,massformer,completed,178,178,395,CASMI_MOL_1196974,CASMI_MOL_954066,954066,CC1CCC2CC1CC(C)(C(O)CC1c3c(F)cccc3-c3cncn31)C2,0.22358840209186523,binned_cosine_1Da,35,False,predicted_spectrum,2608
CASMI2022,massformer,completed,178,178,395,CASMI_MOL_1196974,CASMI_MOL_955118,955118,CN(CCCCNC(=O)C1(c2cccc(F)c2)CCCC1)c1ccccc1,0.22325950819554446,binned_cosine_1Da,36,False,predicted_spectrum,2608
CASMI2022,massformer,completed,178,178,395,CASMI_MOL_1196974,CASMI_MOL_953421,953421,CC12CCC(CC1=Nc1ccccc1Nc1ccc3ccccc3c1)C2(C)C,0.22324815413954477,binned_cosine_1Da,37,False,predicted_spectrum,2608
CASMI2022,massformer,completed,178,178,395,CASMI_MOL_1196974,CASMI_MOL_954972,954972,COCC1(O)CCN(C2CCN(c3ccc(F)c(F)c3)CC2)CC1(C)C,0.2221657900782054,binned_cosine_1Da,38,False,predicted_spectrum,2608
CASMI2022,massformer,completed,178,178,395,CASMI_MOL_1196974,CASMI_MOL_953809,953809,CCCCCCCCC(C(=O)O)N(CCC(C)C)c1ccc(Cl)nc1,0.22041380338711705,binned_cosine_1Da,39,False,predicted_spectrum,2608
CASMI2022,massformer,completed,178,178,395,CASMI_MOL_1196974,CASMI_MOL_953621,953621,C=C(C)C1CCN(c2ncc(-c3cccc(CCC(C)CC)c3)s2)CC1,0.2202286621092335,binned_cosine_1Da,40,False,predicted_spectrum,2608
CASMI2022,massformer,completed,178,178,395,CASMI_MOL_1196974,CASMI_MOL_955715,955715,CC(C)CCC1(O)CCCC2=Cc3c(cnn3-c3ccc(F)cc3)CC21C,0.21963073215665413,binned_cosine_1Da,41,False,predicted_spectrum,2608
CASMI2022,massformer,completed,178,178,395,CASMI_MOL_1196974,CASMI_MOL_955407,955407,CCCCC(O)C1CCCC2=Cc3c(cnn3-c3ccc(F)cc3)CC21C,0.21906099181649372,binned_cosine_1Da,42,False,predicted_spectrum,2608
CASMI2022,massformer,completed,178,178,395,CASMI_MOL_1196974,CASMI_MOL_953788,953788,Cc1cn(CCCC2CN(C(=O)OC(C)(C)C)C(C)(C)C2)nc1SN,0.21817512230832523,binned_cosine_1Da,43,False,predicted_spectrum,2608
CASMI2022,massformer,completed,178,178,395,CASMI_MOL_1196974,CASMI_MOL_953844,953844,CC12CC3CC(C(=O)N=C4CCNCC4F)(C1)CC(c1ccccc1)(C3)C2,0.21587741194299948,binned_cosine_1Da,44,False,predicted_spectrum,2608
CASMI2022,massformer,completed,178,178,395,CASMI_MOL_1196974,CASMI_MOL_955109,955109,CC1=Cc2c(cnn2-c2ccc(F)cc2)CC1(C)CC(O)C1CCCCC1,0.21410677638032408,binned_cosine_1Da,45,False,predicted_spectrum,2608
CASMI2022,massformer,completed,178,178,395,CASMI_MOL_1196974,CASMI_MOL_955110,955110,CC1=Cc2c(cnn2-c2ccc(F)cc2)CC1(C)CC(O)C1CCCCC1,0.21410677638032408,binned_cosine_1Da,46,False,predicted_spectrum,2608
CASMI2022,massformer,completed,178,178,395,CASMI_MOL_1196974,CASMI_MOL_955636,955636,CC1=Cc2c(cnn2-c2ccc(F)cc2)CC1(C)CC(O)C1CCCCC1,0.21410677638032408,binned_cosine_1Da,47,False,predicted_spectrum,2608
CASMI2022,massformer,completed,178,178,395,CASMI_MOL_1196974,CASMI_MOL_955658,955658,CC1(C)C2Cc3nc4c(ccc5cc6c(nc54)CC4CC6C4(C)C)cc3C1C2,0.20944336186129994,binned_cosine_1Da,48,False,predicted_spectrum,2608
CASMI2022,massformer,completed,178,178,395,CASMI_MOL_1196974,CASMI_MOL_953885,953885,C=C1CC(CCC(O)CC2c3c(F)cccc3-c3cncn32)CC(C)C1C,0.20929479321668992,binned_cosine_1Da,49,False,predicted_spectrum,2608
CASMI2022,massformer,completed,178,178,395,CASMI_MOL_1196974,CASMI_MOL_953539,953539,CCCCOc1cccc(C(F)(F)CCCC(=O)N2CCN(C)CC2)c1,0.20823077733824244,binned_cosine_1Da,50,False,predicted_spectrum,2608
CASMI2022,massformer,completed,178,178,395,CASMI_MOL_1196974,CASMI_MOL_955271,955271,CC(C)(C)c1ccc(CCC(=O)N2CCN(c3ccc(F)cc3)CC2)cc1,0.20645166279096094,binned_cosine_1Da,51,False,predicted_spectrum,2608
CASMI2022,massformer,completed,178,178,395,CASMI_MOL_1196974,CASMI_MOL_955047,955047,CC(=O)NC(C)C(O)C(NC1(CCC(C)C)CC1)c1cc(F)cc(F)c1,0.20617219731980155,binned_cosine_1Da,52,False,predicted_spectrum,2608
CASMI2022,massformer,completed,178,178,395,CASMI_MOL_1196974,CASMI_MOL_953534,953534,C=CC(=NC(C)=NCCC1CN(C(=O)OC(C)(C)C)C(C)(C)C1)SN,0.20553343748708222,binned_cosine_1Da,53,False,predicted_spectrum,2608
CASMI2022,massformer,completed,178,178,395,CASMI_MOL_1196974,CASMI_MOL_953533,953533,C=CC(=NC(C)=NCCC1CCN(C(=O)OC(C)(C)C)C1(C)C)SN,0.2049773570112845,binned_cosine_1Da,54,False,predicted_spectrum,2608
CASMI2022,massformer,completed,178,178,395,CASMI_MOL_1196974,CASMI_MOL_953554,953554,C=C(CC)c1c(NC)sc2c1CC(N=C(C)CCC1=CCCC=C1)CC2,0.20434970399155844,binned_cosine_1Da,55,False,predicted_spectrum,2608
CASMI2022,massformer,completed,178,178,395,CASMI_MOL_1196974,CASMI_MOL_954983,954983,CC(C)C(CC(=O)N1C2CC3CC1CC(F)(C3)C2)c1c[nH]c2ccccc12,0.2040645238498721,binned_cosine_1Da,56,False,predicted_spectrum,2608
CASMI2022,massformer,completed,178,178,395,CASMI_MOL_1196974,CASMI_MOL_953412,953412,Cc1cc(N)nc(CC2CCCC2OCCCC=Cc2cccc(F)c2)c1,0.20147219106181435,binned_cosine_1Da,57,False,predicted_spectrum,2608
CASMI2022,massformer,completed,178,178,395,CASMI_MOL_1196974,CASMI_MOL_953304,953304,CC(C)(C)c1ccc(C2(CNC(=O)CCc3cncc(F)c3)CCC2)cc1,0.20076045355727917,binned_cosine_1Da,58,False,predicted_spectrum,2608
CASMI2022,massformer,completed,178,178,395,CASMI_MOL_1196974,CASMI_MOL_953503,953503,CCCC1(N)N=C(NC)c2nc(N3CCC(F)(F)CC3)nc(NC)c2N1,0.20075671840711817,binned_cosine_1Da,59,False,predicted_spectrum,2608
CASMI2022,massformer,completed,178,178,395,CASMI_MOL_1196974,CASMI_MOL_955505,955505,CN=c1sc(CN(C)C)c(C2CCN(C(=O)OC(C)(C)C)CC2)n1C,0.20054177840860404,binned_cosine_1Da,60,False,predicted_spectrum,2608
CASMI2022,massformer,completed,178,178,395,CASMI_MOL_1196974,CASMI_MOL_953535,953535,CC(C)(C)OC(=O)N1CC(CCN=C2CCCC(SN)=N2)CC1(C)C,0.19910758628879952,binned_cosine_1Da,61,False,predicted_spectrum,2608
CASMI2022,massformer,completed,178,178,395,CASMI_MOL_1196974,CASMI_MOL_953391,953391,CCCC1(CO)CN(C2CCN(c3ccc(F)c(F)c3)CC2)CCC1O,0.19778870606604912,binned_cosine_1Da,62,False,predicted_spectrum,2608
CASMI2022,massformer,completed,178,178,395,CASMI_MOL_1196974,CASMI_MOL_955134,955134,C=CCCC(O)CC1CCC2=CC3C(C=NN3c3ccc(F)cc3)CC21C,0.19606181821828714,binned_cosine_1Da,63,False,predicted_spectrum,2608
CASMI2022,massformer,completed,178,178,395,CASMI_MOL_1196974,CASMI_MOL_955135,955135,C=CCCC(O)CC1CCC2=CC3C(C=NN3c3ccc(F)cc3)CC21C,0.19606181821828714,binned_cosine_1Da,64,False,predicted_spectrum,2608
CASMI2022,massformer,completed,178,178,395,CASMI_MOL_1196974,CASMI_MOL_954055,954055,CC1(C)C2Cc3cc4ccc5cc6c(nc5c4nc3C1C2)C1CC(C6)C1(C)C,0.19528585309279214,binned_cosine_1Da,65,False,predicted_spectrum,2608
CASMI2022,massformer,completed,178,178,395,CASMI_MOL_1196974,CASMI_MOL_955659,955659,CC1(C)C2Cc3cc4ccc5cc6c(nc5c4nc3C1C2)C1CC(C6)C1(C)C,0.19528585309279214,binned_cosine_1Da,66,False,predicted_spectrum,2608
CASMI2022,massformer,completed,178,178,395,CASMI_MOL_1196974,CASMI_MOL_953356,953356,CC1CCCC2(CCCC3=Cc4c(cnn4C4=CC=C(F)CC4)CC32C)O1,0.19512983461666808,binned_cosine_1Da,67,False,predicted_spectrum,2608
CASMI2022,massformer,completed,178,178,395,CASMI_MOL_1196974,CASMI_MOL_955627,955627,CC(=O)NC(Cc1cc(F)cc(F)c1)C(O)CNC1(CCC(C)C)CC1,0.19460659529832983,binned_cosine_1Da,68,False,predicted_spectrum,2608
CASMI2022,massformer,completed,178,178,395,CASMI_MOL_1196974,CASMI_MOL_953446,953446,CC(CC(C)(C)C)=Nc1c(C)cc(N2CCCCc3sccc32)cc1C,0.19368768081398083,binned_cosine_1Da,69,False,predicted_spectrum,2608
CASMI2022,massformer,completed,178,178,395,CASMI_MOL_1196974,CASMI_MOL_955194,955194,Cc1ccc(CCC(=O)C(C)c2cccc(F)c2)c(N2CCC(C)CC2)n1,0.1920619336201745,binned_cosine_1Da,70,False,predicted_spectrum,2608
CASMI2022,massformer,completed,178,178,395,CASMI_MOL_1196974,CASMI_MOL_953937,953937,CC(=CC1CCC(C)(C)CC1)c1cnc2c3ccccc3c3ccccc3n12,0.19139145790012976,binned_cosine_1Da,71,False,predicted_spectrum,2608
CASMI2022,massformer,completed,178,178,395,CASMI_MOL_1196974,CASMI_MOL_955737,955737,Cc1[nH]c2ccc(F)cc2c1CC(=O)NC(C)C12CC3CC(CC(C3)C1)C2,0.1907331436880029,binned_cosine_1Da,72,False,predicted_spectrum,2608
CASMI2022,massformer,completed,178,178,395,CASMI_MOL_1196974,CASMI_MOL_955738,955738,Cc1[nH]c2ccc(F)cc2c1CC(=O)NC(C)C12CC3CC(CC(C3)C1)C2,0.1907331436880029,binned_cosine_1Da,73,False,predicted_spectrum,2608
CASMI2022,massformer,completed,178,178,395,CASMI_MOL_1196974,CASMI_MOL_955788,955788,Cc1[nH]c2ccc(F)cc2c1CC(=O)NC(C)C12CC3CC(CC(C3)C1)C2,0.1907331436880029,binned_cosine_1Da,74,False,predicted_spectrum,2608
CASMI2022,massformer,completed,178,178,395,CASMI_MOL_1196974,CASMI_MOL_953537,953537,CCCC1(N)N=C(NC)c2nc(C3CC(F)(F)CCN3)nc(NC)c2N1,0.1899396272596404,binned_cosine_1Da,75,False,predicted_spectrum,2608
CASMI2022,massformer,completed,178,178,395,CASMI_MOL_1196974,CASMI_MOL_953659,953659,CC=CC(=CCC)CCn1c(-c2cccc(F)c2CC)nc(C)c(C)c1=O,0.18983659061010547,binned_cosine_1Da,76,False,predicted_spectrum,2608
CASMI2022,massformer,completed,178,178,395,CASMI_MOL_1196974,CASMI_MOL_955536,955536,O=C(NCCCCCCCCCCCCCCO)c1ccc(Cl)nc1,0.18940015590423867,binned_cosine_1Da,77,False,predicted_spectrum,2608
CASMI2022,massformer,completed,178,178,395,CASMI_MOL_1196974,CASMI_MOL_953842,953842,Cc1ccccc1N1CCN(C(=O)C2CC2(C)C2(C)C=CC(F)=CC2)CC1,0.1890178552413369,binned_cosine_1Da,78,False,predicted_spectrum,2608
CASMI2022,massformer,completed,178,178,395,CASMI_MOL_1196974,CASMI_MOL_953785,953785,CCCC(=O)CCCCCOc1cc(F)c(N2CCN(C)CC2)c(F)c1,0.18694304179715115,binned_cosine_1Da,79,False,predicted_spectrum,2608
CASMI2022,massformer,completed,178,178,395,CASMI_MOL_1196974,CASMI_MOL_953551,953551,C=C(C)c1ccc(N(CC)c2sc3c(c2C)C(C)(C)CCC3(C)C)nc1,0.18561545065504453,binned_cosine_1Da,80,False,predicted_spectrum,2608
CASMI2022,massformer,completed,178,178,395,CASMI_MOL_1196974,CASMI_MOL_953625,953625,CC1CCN(c2nc(-c3ccc4c(c3)C(C)(C)CCC4(C)C)cs2)CC1,0.18539354986030404,binned_cosine_1Da,81,False,predicted_spectrum,2608
CASMI2022,massformer,completed,178,178,395,CASMI_MOL_1196974,CASMI_MOL_953641,953641,C#CC1CC(F)(F)CN1C(=O)CNC1(CO)CCC2(CCCCC2)CC1,0.18429903303048017,binned_cosine_1Da,82,False,predicted_spectrum,2608
CASMI2022,massformer,completed,178,178,395,CASMI_MOL_1196974,CASMI_MOL_955193,955193,Cc1ccc(CCC(=O)C(C)c2ccc(F)cc2)c(N2CCC(C)CC2)n1,0.18383610766599798,binned_cosine_1Da,83,False,predicted_spectrum,2608
CASMI2022,massformer,completed,178,178,395,CASMI_MOL_1196974,CASMI_MOL_955084,955084,CCCCCCCCCCCC=Nc1csc2ccc3c(c12)=NCCC=3,0.18232363248486283,binned_cosine_1Da,84,False,predicted_spectrum,2608
CASMI2022,massformer,completed,178,178,395,CASMI_MOL_1196974,CASMI_MOL_953982,953982,COc1ccc2c(c1)NC(O)C(C(F)(F)CCCCC1CCCC1C)N2,0.18226802703482933,binned_cosine_1Da,85,False,predicted_spectrum,2608
CASMI2022,massformer,completed,178,178,395,CASMI_MOL_1196974,CASMI_MOL_953987,953987,CC(=CCCCCCCN=C(C)c1ccccc1S)N=C1C=CCCC1,0.1795862690871613,binned_cosine_1Da,86,False,predicted_spectrum,2608
CASMI2022,massformer,completed,178,178,395,CASMI_MOL_1196974,CASMI_MOL_955288,955288,CCCCCCCCCCCCSc1ccc(C(C)=C(C#N)C#N)cc1,0.17912771819510337,binned_cosine_1Da,87,False,predicted_spectrum,2608
CASMI2022,massformer,completed,178,178,395,CASMI_MOL_1196974,CASMI_MOL_953817,953817,Cc1ccc(CC(C)(C(=O)OC(C)(C)C)N2CCNC(C)C2)c(F)c1F,0.17866699863622784,binned_cosine_1Da,88,False,predicted_spectrum,2608
CASMI2022,massformer,completed,178,178,395,CASMI_MOL_1196974,CASMI_MOL_953579,953579,CC=CC(C)(CC)C1CC=CC=C1c1nc2ccccc2n1-c1ccccc1,0.17782143324696448,binned_cosine_1Da,89,False,predicted_spectrum,2608
CASMI2022,massformer,completed,178,178,395,CASMI_MOL_1196974,CASMI_MOL_953821,953821,CCCCCCCCC(C(=O)O)N(CCC(C)C)c1ccc(Cl)cn1,0.17779178081820407,binned_cosine_1Da,90,False,predicted_spectrum,2608
CASMI2022,massformer,completed,178,178,395,CASMI_MOL_1196974,CASMI_MOL_955098,955098,CCC(=O)NC(CCCCOC)(c1cccc(F)c1F)C1CCCNC1,0.17745740225573908,binned_cosine_1Da,91,False,predicted_spectrum,2608
CASMI2022,massformer,completed,178,178,395,CASMI_MOL_1196974,CASMI_MOL_955099,955099,CCC(=O)NC(CCCCOC)(c1cccc(F)c1F)C1CCCNC1,0.17745740225573908,binned_cosine_1Da,92,False,predicted_spectrum,2608
CASMI2022,massformer,completed,178,178,395,CASMI_MOL_1196974,CASMI_MOL_953902,953902,CC(C)(C)c1cc(N2CCCN(S(C)(=O)=O)CC2)nc(C(C)(C)C)n1,0.17719236607870423,binned_cosine_1Da,93,False,predicted_spectrum,2608
CASMI2022,massformer,completed,178,178,395,CASMI_MOL_1196974,CASMI_MOL_955184,955184,CC(=O)NC1CC2(CCN(CC3CC45CC4CCC35)C2)c2ccc(F)cc21,0.1767710312021218,binned_cosine_1Da,94,False,predicted_spectrum,2608
CASMI2022,massformer,completed,178,178,395,CASMI_MOL_1196974,CASMI_MOL_954062,954062,O=C(CCC1CCn2c(cc3cc(F)ccc32)C1)C1(N2CCCCC2)CC1,0.17659661994351594,binned_cosine_1Da,95,False,predicted_spectrum,2608
CASMI2022,massformer,completed,178,178,395,CASMI_MOL_1196974,CASMI_MOL_954147,954147,Cc1nc(C(C)NCCN2CCN(C(=O)OC(C)(C)C)CC2)c(C)s1,0.17563387128588928,binned_cosine_1Da,96,False,predicted_spectrum,2608
CASMI2022,massformer,completed,178,178,395,CASMI_MOL_1196974,CASMI_MOL_953482,953482,C=CC12CC(CC(O)NC)CC1(C)CC(c1ccnc3ccc(F)cc13)C2,0.17492766148625072,binned_cosine_1Da,97,False,predicted_spectrum,2608
CASMI2022,massformer,completed,178,178,395,CASMI_MOL_1196974,CASMI_MOL_955750,955750,CSc1nc(-c2cc(C(C)(C)C)cc(C(C)(C)C)c2)nc2c1CCCC2,0.1747336029422985,binned_cosine_1Da,98,False,predicted_spectrum,2608
CASMI2022,massformer,completed,178,178,395,CASMI_MOL_1196974,CASMI_MOL_953607,953607,CC=CC=CC=C(C)c1cc(CC2=CCCC=C2)nc(-c2ccc(C)cc2)n1,0.17411438923937764,binned_cosine_1Da,99,False,predicted_spectrum,2608
CASMI2022,massformer,completed,178,178,395,CASMI_MOL_1196974,CASMI_MOL_955586,955586,CCCCCCCCCCCC=Nc1c2c(nc3ccccc13)CCS2,0.1733738416626221,binned_cosine_1Da,100,False,predicted_spectrum,2608
CASMI2022,massformer,completed,178,178,395,CASMI_MOL_1196974,CASMI_MOL_1196974,1196974,CC(C)=CCc1ccc2c(C(C=C(C)C)c3ccc4cc[nH]c4c3)c[nH]c2c1,0.07241720610272978,binned_cosine_1Da,769,True,predicted_spectrum,2608
CASMI2022,massformer,completed,179,179,396,CASMI_MOL_1196975,CASMI_MOL_956449,956449,CN(C)CCOc1cc(C(=O)Cc2cc3cc(-c4cnn(C)c4)ccc3nn2)ccn1,0.4742945797496902,binned_cosine_1Da,1,False,predicted_spectrum,8960
CASMI2022,massformer,completed,179,179,396,CASMI_MOL_1196975,CASMI_MOL_956412,956412,CN(C)CCOc1cc(C(=O)Cc2ncc3ccc(-c4cnn(C)c4)cc3n2)ccn1,0.47315211115871453,binned_cosine_1Da,2,False,predicted_spectrum,8960
CASMI2022,massformer,completed,179,179,396,CASMI_MOL_1196975,CASMI_MOL_956533,956533,CN(C)CCOc1cc(C(=O)Cc2cc3cc(-c4cnn(C)c4)cnc3cn2)ccn1,0.4677805605153851,binned_cosine_1Da,3,False,predicted_spectrum,8960
CASMI2022,massformer,completed,179,179,396,CASMI_MOL_1196975,CASMI_MOL_958514,958514,CN(C)CCOc1cc(C(=O)Nc2cc3cc(-c4cnn(C)c4)ccc3cn2)ccn1,0.4594953562197511,binned_cosine_1Da,4,False,predicted_spectrum,8960
CASMI2022,massformer,completed,179,179,396,CASMI_MOL_1196975,CASMI_MOL_958530,958530,COc1ccc(C2C(CN(C)C)C(=O)N2c2cc(OC)c(OC)c(OC)c2)cc1O,0.45777389548237646,binned_cosine_1Da,5,False,predicted_spectrum,8960
CASMI2022,massformer,completed,179,179,396,CASMI_MOL_1196975,CASMI_MOL_955842,955842,C=C(c1cc(OC)c(OC)c(OC)c1)c1ccc(OC)c(O)c1NC(=O)CN(C)C,0.44851259915342606,binned_cosine_1Da,6,False,predicted_spectrum,8960
CASMI2022,massformer,completed,179,179,396,CASMI_MOL_1196975,CASMI_MOL_957705,957705,CN(C)CCOc1ccc(Nc2nccc(-n3cc(C(N)=O)c4ccccc43)n2)cc1,0.44844239300729805,binned_cosine_1Da,7,False,predicted_spectrum,8960
CASMI2022,massformer,completed,179,179,396,CASMI_MOL_1196975,CASMI_MOL_958062,958062,Cc1ccc(-c2nn(C)c(-c3nc4cc5c(cc4[nH]3)CNC5)c2OC(=O)N(C)C)cc1,0.4482512458588483,binned_cosine_1Da,8,False,predicted_spectrum,8960
CASMI2022,massformer,completed,179,179,396,CASMI_MOL_1196975,CASMI_MOL_957704,957704,CN(C)CCOc1cccc(Nc2nccc(-n3cc(C(N)=O)c4ccccc43)n2)c1,0.44784188805721775,binned_cosine_1Da,9,False,predicted_spectrum,8960
CASMI2022,massformer,completed,179,179,396,CASMI_MOL_1196975,CASMI_MOL_961560,961560,Cc1ncc(-c2ccc(OCCCN(C)C)nc2)nc1-c1nnc(-c2ccccc2)o1,0.44552299411353413,binned_cosine_1Da,10,False,predicted_spectrum,8960
CASMI2022,massformer,completed,179,179,396,CASMI_MOL_1196975,CASMI_MOL_962315,962315,CN(C)CCOc1ccc(Nc2ncc3nc(-c4ccccc4)c(=O)n(C)c3n2)cc1,0.4425567449518922,binned_cosine_1Da,11,False,predicted_spectrum,8960
CASMI2022,massformer,completed,179,179,396,CASMI_MOL_1196975,CASMI_MOL_961453,961453,C=CC(=O)N(C)CCN1NC(c2ccc(Oc3ccccc3)cc2)c2c(N)ncnc21,0.437550803487504,binned_cosine_1Da,12,False,predicted_spectrum,8960
CASMI2022,massformer,completed,179,179,396,CASMI_MOL_1196975,CASMI_MOL_960386,960386,Cc1nc(-c2cc(C(=O)NCC(=O)N(C)C)c3ccccn23)cn1Cc1cccnc1,0.43754604307333406,binned_cosine_1Da,13,False,predicted_spectrum,8960
CASMI2022,massformer,completed,179,179,396,CASMI_MOL_1196975,CASMI_MOL_956531,956531,CN(C)CCOc1cc(C(=O)Cc2cc3nc(-c4cnn(C)c4)ccc3cn2)ccn1,0.43623798527688273,binned_cosine_1Da,14,False,predicted_spectrum,8960
CASMI2022,massformer,completed,179,179,396,CASMI_MOL_1196975,CASMI_MOL_956907,956907,COc1ccc(-c2cnc3c(Nc4ccc(C(=O)N(C)CCN)cc4)nccn23)cc1,0.43530912272865396,binned_cosine_1Da,15,False,predicted_spectrum,8960
CASMI2022,massformer,completed,179,179,396,CASMI_MOL_1196975,CASMI_MOL_958875,958875,Cc1ccc(C(F)(F)F)cc1Nc1cc(-c2cccnc2)nc(NCCN(C)C)n1,0.43171011731411524,binned_cosine_1Da,16,False,predicted_spectrum,8960
CASMI2022,massformer,completed,179,179,396,CASMI_MOL_1196975,CASMI_MOL_958870,958870,Cc1ccc(C(F)(F)F)cc1Nc1cc(-c2ccncc2)nc(NCCN(C)C)n1,0.4309203932342645,binned_cosine_1Da,17,False,predicted_spectrum,8960
CASMI2022,massformer,completed,179,179,396,CASMI_MOL_1196975,CASMI_MOL_960876,960876,CN(C)CCOc1cccc(Nc2nccc(Oc3ccc(N)c4ccccc34)n2)n1,0.42997401965884247,binned_cosine_1Da,18,False,predicted_spectrum,8960
CASMI2022,massformer,completed,179,179,396,CASMI_MOL_1196975,CASMI_MOL_958674,958674,CCN(CC)Cc1onc(-c2ccc(C)cc2)c1Cc1ccc(-c2cccs2)cc1,0.4297365150178926,binned_cosine_1Da,19,False,predicted_spectrum,8960
CASMI2022,massformer,completed,179,179,396,CASMI_MOL_1196975,CASMI_MOL_958881,958881,Cc1ccc(C(F)(F)F)cc1Nc1cc(-c2ccccn2)nc(NCCN(C)C)n1,0.42958131301858116,binned_cosine_1Da,20,False,predicted_spectrum,8960
CASMI2022,massformer,completed,179,179,396,CASMI_MOL_1196975,CASMI_MOL_961543,961543,CN(C)CCNC(=O)c1ccc(Nc2cc(N)c(C#N)c(Oc3ccccc3)n2)cc1,0.429194230019383,binned_cosine_1Da,21,False,predicted_spectrum,8960
CASMI2022,massformer,completed,179,179,396,CASMI_MOL_1196975,CASMI_MOL_962484,962484,CN(C)C1(c2cc3ccccc3s2)CC=C(c2[nH]c3ccccc3c2CCO)CC1,0.4291359348254851,binned_cosine_1Da,22,False,predicted_spectrum,8960
CASMI2022,massformer,completed,179,179,396,CASMI_MOL_1196975,CASMI_MOL_961789,961789,CC(C)CNc1nc2ccccc2n2c(-c3ccc(C(=O)NCC(N)=O)cc3)cnc12,0.42674973548217926,binned_cosine_1Da,23,False,predicted_spectrum,8960
CASMI2022,massformer,completed,179,179,396,CASMI_MOL_1196975,CASMI_MOL_961559,961559,CN(C)CCNc1nc(C2COc3ccccc3O2)nc2ccc(-c3cn[nH]c3)cc12,0.4261701234470274,binned_cosine_1Da,24,False,predicted_spectrum,8960
CASMI2022,massformer,completed,179,179,396,CASMI_MOL_1196975,CASMI_MOL_959203,959203,COc1cnc2c(-c3cccc(C)n3)c(-c3ccnc(NC(=O)CN(C)C)c3)[nH]c2c1,0.4258804465642919,binned_cosine_1Da,25,False,predicted_spectrum,8960
CASMI2022,massformer,completed,179,179,396,CASMI_MOL_1196975,CASMI_MOL_960835,960835,COc1cccc(C(=O)N(C)N(c2nc(-c3ccccc3)c3cc[nH]c3n2)N(C)C)c1,0.42501756615099107,binned_cosine_1Da,26,False,predicted_spectrum,8960
CASMI2022,massformer,completed,179,179,396,CASMI_MOL_1196975,CASMI_MOL_960877,960877,CN(C)CCOc1ccnc(Nc2nccc(Oc3ccc(N)c4ccccc34)n2)c1,0.4239896745071921,binned_cosine_1Da,27,False,predicted_spectrum,8960
CASMI2022,massformer,completed,179,179,396,CASMI_MOL_1196975,CASMI_MOL_962219,962219,COc1ccccc1-c1[nH]nc2ncc(-c3cncc(C(=O)NCCN(C)C)c3)cc12,0.42160928533872516,binned_cosine_1Da,28,False,predicted_spectrum,8960
CASMI2022,massformer,completed,179,179,396,CASMI_MOL_1196975,CASMI_MOL_961765,961765,CN(C)CCNC(=O)c1cccc(-c2cnn3ccc(Nc4ccc(O)cc4)nc23)c1,0.4204740723382495,binned_cosine_1Da,29,False,predicted_spectrum,8960
CASMI2022,massformer,completed,179,179,396,CASMI_MOL_1196975,CASMI_MOL_958877,958877,CN(C)CCCNc1nc(Nc2ccccc2C(F)(F)F)cc(-c2cccnc2)n1,0.42011538377656676,binned_cosine_1Da,30,False,predicted_spectrum,8960
CASMI2022,massformer,completed,179,179,396,CASMI_MOL_1196975,CASMI_MOL_960000,960000,CNC(=O)NCCNC(=O)c1cccc(CNc2cc3c(cn2)[nH]c2ccccc23)c1,0.42004328818722925,binned_cosine_1Da,31,False,predicted_spectrum,8960
CASMI2022,massformer,completed,179,179,396,CASMI_MOL_1196975,CASMI_MOL_957329,957329,C=CCNC(=O)c1ncccc1NC(=O)c1ccc(CN(N)CC=N)c2ccccc12,0.4175691200325686,binned_cosine_1Da,32,False,predicted_spectrum,8960
CASMI2022,massformer,completed,179,179,396,CASMI_MOL_1196975,CASMI_MOL_958866,958866,CN(C)CCCNc1nc(Nc2ccccc2C(F)(F)F)cc(-c2ccccn2)n1,0.4171156397484413,binned_cosine_1Da,33,False,predicted_spectrum,8960
CASMI2022,massformer,completed,179,179,396,CASMI_MOL_1196975,CASMI_MOL_962010,962010,CN(C)CCCNC(=O)c1ccc(-c2cnc(N)c(-c3nc4cccnc4o3)c2)cc1,0.4155686988453388,binned_cosine_1Da,34,False,predicted_spectrum,8960
CASMI2022,massformer,completed,179,179,396,CASMI_MOL_1196975,CASMI_MOL_960940,960940,C=CC(=O)N(C)CCNc1ncnc(N)c1C(=N)c1ccc(Oc2ccccc2)cc1,0.41527238097400715,binned_cosine_1Da,35,False,predicted_spectrum,8960
CASMI2022,massformer,completed,179,179,396,CASMI_MOL_1196975,CASMI_MOL_959978,959978,CNC(=O)NCCNC(=O)c1ccc(CNc2cc3c(cn2)[nH]c2ccccc23)cc1,0.4131987201880871,binned_cosine_1Da,36,False,predicted_spectrum,8960
CASMI2022,massformer,completed,179,179,396,CASMI_MOL_1196975,CASMI_MOL_962218,962218,CN(C)CCNC(=O)c1ccc(NC2=NCc3cc(=O)nc4ccccc4c3N2)cc1,0.4130319596837906,binned_cosine_1Da,37,False,predicted_spectrum,8960
CASMI2022,massformer,completed,179,179,396,CASMI_MOL_1196975,CASMI_MOL_962011,962011,CN(C)CCCNC(=O)c1ccc(-c2cnc(N)c(-c3nc4ncccc4o3)c2)cc1,0.41235938107726133,binned_cosine_1Da,38,False,predicted_spectrum,8960
CASMI2022,massformer,completed,179,179,396,CASMI_MOL_1196975,CASMI_MOL_960379,960379,CN(C)C(=O)CNC(=O)c1cc2c(c3ccccc3n2CC2CC2)n1-c1ncccn1,0.4107065471522245,binned_cosine_1Da,39,False,predicted_spectrum,8960
CASMI2022,massformer,completed,179,179,396,CASMI_MOL_1196975,CASMI_MOL_958865,958865,Cc1c(Nc2cc(-c3cccnc3)nc(NCCN(C)C)n2)cccc1C(F)(F)F,0.41039995064714124,binned_cosine_1Da,40,False,predicted_spectrum,8960
CASMI2022,massformer,completed,179,179,396,CASMI_MOL_1196975,CASMI_MOL_958545,958545,CN(C)C(=O)CN1c2cccnc2-n2cccc2C12CCN(C(=O)c1ccccn1)C2,0.41031772077334616,binned_cosine_1Da,41,False,predicted_spectrum,8960
CASMI2022,massformer,completed,179,179,396,CASMI_MOL_1196975,CASMI_MOL_958627,958627,CN(C)C(=O)CN1c2cccnc2-n2cccc2C12CCN(C(=O)c1ccccn1)C2,0.41031772077334616,binned_cosine_1Da,42,False,predicted_spectrum,8960
CASMI2022,massformer,completed,179,179,396,CASMI_MOL_1196975,CASMI_MOL_958628,958628,CN(C)C(=O)CN1c2cccnc2-n2cccc2C12CCN(C(=O)c1ccccn1)C2,0.41031772077334616,binned_cosine_1Da,43,False,predicted_spectrum,8960
CASMI2022,massformer,completed,179,179,396,CASMI_MOL_1196975,CASMI_MOL_958868,958868,CN(C)CCCNc1nc(Nc2ccccc2C(F)(F)F)cc(-c2ccncc2)n1,0.40964223393006344,binned_cosine_1Da,44,False,predicted_spectrum,8960
CASMI2022,massformer,completed,179,179,396,CASMI_MOL_1196975,CASMI_MOL_960838,960838,Cc1cc(OC(=O)c2cc(C)c(C)c(C)c2)ccc1OC(=O)c1cc(C)c(C)c(C)c1,0.4092222195847683,binned_cosine_1Da,45,False,predicted_spectrum,8960
CASMI2022,massformer,completed,179,179,396,CASMI_MOL_1196975,CASMI_MOL_963810,963810,CC(C)CN(CC(=O)N1CCn2cccc2C1c1ccccc1Cl)C(=O)N(C)C,0.4091863667290885,binned_cosine_1Da,46,False,predicted_spectrum,8960
CASMI2022,massformer,completed,179,179,396,CASMI_MOL_1196975,CASMI_MOL_962009,962009,CN(C)CCCNC(=O)c1ccc(-c2cnc(N)c(-c3nc4cnccc4o3)c2)cc1,0.40898672797783553,binned_cosine_1Da,47,False,predicted_spectrum,8960
CASMI2022,massformer,completed,179,179,396,CASMI_MOL_1196975,CASMI_MOL_963575,963575,CC(C)CN(CC(=O)N1CCn2cccc2C1c1cccc(Cl)c1)C(=O)N(C)C,0.4080456239052052,binned_cosine_1Da,48,False,predicted_spectrum,8960
CASMI2022,massformer,completed,179,179,396,CASMI_MOL_1196975,CASMI_MOL_958878,958878,Cc1c(Nc2cc(-c3ccccn3)nc(NCCN(C)C)n2)cccc1C(F)(F)F,0.40788189683988196,binned_cosine_1Da,49,False,predicted_spectrum,8960
CASMI2022,massformer,completed,179,179,396,CASMI_MOL_1196975,CASMI_MOL_958876,958876,Cc1ccc(Nc2cc(-c3cccnc3)nc(NCCN(C)C)n2)cc1C(F)(F)F,0.4077444298844797,binned_cosine_1Da,50,False,predicted_spectrum,8960
CASMI2022,massformer,completed,179,179,396,CASMI_MOL_1196975,CASMI_MOL_958880,958880,CN(C)CCCNc1nc(Nc2ccc(C(F)(F)F)cc2)cc(-c2ccccn2)n1,0.40757812525888876,binned_cosine_1Da,51,False,predicted_spectrum,8960
CASMI2022,massformer,completed,179,179,396,CASMI_MOL_1196975,CASMI_MOL_963813,963813,CC(C)CN(CC(=O)N1CCn2cccc2C1c1ccc(Cl)cc1)C(=O)N(C)C,0.40709789218313064,binned_cosine_1Da,52,False,predicted_spectrum,8960
CASMI2022,massformer,completed,179,179,396,CASMI_MOL_1196975,CASMI_MOL_958867,958867,Cc1ccc(Nc2cc(-c3ccncc3)nc(NCCN(C)C)n2)cc1C(F)(F)F,0.40646353744137487,binned_cosine_1Da,53,False,predicted_spectrum,8960
CASMI2022,massformer,completed,179,179,396,CASMI_MOL_1196975,CASMI_MOL_958873,958873,Cc1ccc(Nc2cc(-c3ccccn3)nc(NCCN(C)C)n2)cc1C(F)(F)F,0.4059503776966933,binned_cosine_1Da,54,False,predicted_spectrum,8960
CASMI2022,massformer,completed,179,179,396,CASMI_MOL_1196975,CASMI_MOL_958869,958869,Cc1c(Nc2cc(-c3ccncc3)nc(NCCN(C)C)n2)cccc1C(F)(F)F,0.40532256008760337,binned_cosine_1Da,55,False,predicted_spectrum,8960
CASMI2022,massformer,completed,179,179,396,CASMI_MOL_1196975,CASMI_MOL_958871,958871,CN(C)CCCNc1nc(Nc2ccc(C(F)(F)F)cc2)cc(-c2cccnc2)n1,0.4051950098433499,binned_cosine_1Da,56,False,predicted_spectrum,8960
CASMI2022,massformer,completed,179,179,396,CASMI_MOL_1196975,CASMI_MOL_964753,964753,CCN(CC)CCN1C(=O)C(c2ccccc2)(c2ccccc2)Sc2ccccc21,0.4049531357096939,binned_cosine_1Da,57,False,predicted_spectrum,8960
CASMI2022,massformer,completed,179,179,396,CASMI_MOL_1196975,CASMI_MOL_958874,958874,CN(C)CCCNc1nc(Nc2ccc(C(F)(F)F)cc2)cc(-c2ccncc2)n1,0.404856873634286,binned_cosine_1Da,58,False,predicted_spectrum,8960
CASMI2022,massformer,completed,179,179,396,CASMI_MOL_1196975,CASMI_MOL_959794,959794,CN=C(NCCN1C(=O)c2ccccc2C1=O)N(C)Cc1nc(-c2ccccc2)c[nH]1,0.39294607383707925,binned_cosine_1Da,59,False,predicted_spectrum,8960
CASMI2022,massformer,completed,179,179,396,CASMI_MOL_1196975,CASMI_MOL_958872,958872,CN(C)CCCNc1nc(Nc2cccc(C(F)(F)F)c2)cc(-c2ccccn2)n1,0.3927394893286764,binned_cosine_1Da,60,False,predicted_spectrum,8960
CASMI2022,massformer,completed,179,179,396,CASMI_MOL_1196975,CASMI_MOL_964260,964260,Cc1ccc2c(c1)SC(C(=O)NCc1ccccc1-c1ccc(CN(C)C)cc1)C2,0.3910946084235688,binned_cosine_1Da,61,False,predicted_spectrum,8960
CASMI2022,massformer,completed,179,179,396,CASMI_MOL_1196975,CASMI_MOL_956547,956547,CCN(CC)CCSc1ccc2c(c1)C(C)(C)C1=C(C2=O)c2ccc(C#N)cc2C1,0.3902114673034181,binned_cosine_1Da,62,False,predicted_spectrum,8960
CASMI2022,massformer,completed,179,179,396,CASMI_MOL_1196975,CASMI_MOL_958879,958879,CN(C)CCCNc1nc(Nc2cccc(C(F)(F)F)c2)cc(-c2cccnc2)n1,0.38688877517000714,binned_cosine_1Da,63,False,predicted_spectrum,8960
CASMI2022,massformer,completed,179,179,396,CASMI_MOL_1196975,CASMI_MOL_963055,963055,COc1ccc(C(C)(C)c2ccc(OC(=O)c3cc(C)c(C(C)=O)cc3C)cc2)cc1,0.3852286313731759,binned_cosine_1Da,64,False,predicted_spectrum,8960
CASMI2022,massformer,completed,179,179,396,CASMI_MOL_1196975,CASMI_MOL_957271,957271,Cc1ncc(-c2ccc(C(=O)N(C)C)cc2)nc1C(=N)OC(=N)c1ccc(CN)cc1,0.38257431037904477,binned_cosine_1Da,65,False,predicted_spectrum,8960
CASMI2022,massformer,completed,179,179,396,CASMI_MOL_1196975,CASMI_MOL_959483,959483,CC(=O)N(C)CCN(C)c1cncc(Oc2ccc(-c3cncc4[nH]ccc34)cc2)n1,0.38241411503294376,binned_cosine_1Da,66,False,predicted_spectrum,8960
CASMI2022,massformer,completed,179,179,396,CASMI_MOL_1196975,CASMI_MOL_958578,958578,CC(=N)N1C(=N)COCc2c1ccc(-c1cnn(CC(N)=O)c1)c2Cc1ccccc1,0.3818537129858422,binned_cosine_1Da,67,False,predicted_spectrum,8960
CASMI2022,massformer,completed,179,179,396,CASMI_MOL_1196975,CASMI_MOL_962492,962492,Cc1cc(-c2cccn2CCN(C)Cc2ccc3c(c2)OCO3)nc(-n2ccnc2)n1,0.37970090134028134,binned_cosine_1Da,68,False,predicted_spectrum,8960
CASMI2022,massformer,completed,179,179,396,CASMI_MOL_1196975,CASMI_MOL_955932,955932,CC1=NC2(CCCCC2)c2c(c(Cl)cc3cc(C(=O)N(C)CCN(C)C)oc23)N1,0.3791230408102108,binned_cosine_1Da,69,False,predicted_spectrum,8960
CASMI2022,massformer,completed,179,179,396,CASMI_MOL_1196975,CASMI_MOL_962314,962314,CC(C)C(Nc1nc(CNC(=O)c2c[nH]c3ccccc23)nc2ccccc12)C(N)=O,0.3771507375465334,binned_cosine_1Da,70,False,predicted_spectrum,8960
CASMI2022,massformer,completed,179,179,396,CASMI_MOL_1196975,CASMI_MOL_956875,956875,CN(C)CCCN1C(=O)C(C(c2ccccc2)c2ccccc2)Sc2ccccc21,0.37625334189941273,binned_cosine_1Da,71,False,predicted_spectrum,8960
CASMI2022,massformer,completed,179,179,396,CASMI_MOL_1196975,CASMI_MOL_960014,960014,COc1ccc(C=CC2CC(C)(c3ccc(OC)cc3)Oc3cc(OC)ccc32)cc1,0.37591670134291033,binned_cosine_1Da,72,False,predicted_spectrum,8960
CASMI2022,massformer,completed,179,179,396,CASMI_MOL_1196975,CASMI_MOL_960764,960764,CNCc1ccc(-c2nc3c(o2)-c2nc(N4CC5C(C4)C5C(=O)N(C)C)cnc2-3)cc1,0.372455392575844,binned_cosine_1Da,73,False,predicted_spectrum,8960
CASMI2022,massformer,completed,179,179,396,CASMI_MOL_1196975,CASMI_MOL_961953,961953,C=C1C(c2ccc(-c3ccc(Cl)cc3)o2)N(CCC)C(=O)N1C(N)CCN(C)C,0.36929668913667013,binned_cosine_1Da,74,False,predicted_spectrum,8960
CASMI2022,massformer,completed,179,179,396,CASMI_MOL_1196975,CASMI_MOL_955992,955992,C=C(C#N)Cn1cc2c(-c3ccc(C=N)c(NCC(=O)N(C)C)c3)ccc(N)c2c1O,0.3669903375906141,binned_cosine_1Da,75,False,predicted_spectrum,8960
CASMI2022,massformer,completed,179,179,396,CASMI_MOL_1196975,CASMI_MOL_962313,962313,CC(C)C(Nc1nc(CNC(=O)c2ccc3[nH]ccc3c2)nc2ccccc12)C(N)=O,0.366588278864715,binned_cosine_1Da,76,False,predicted_spectrum,8960
CASMI2022,massformer,completed,179,179,396,CASMI_MOL_1196975,CASMI_MOL_955946,955946,CN(C)C(=O)C(N)c1ccc(-c2ccc(C#N)cc2Oc2cc(C3CC3)nn2C)nc1,0.3649524617140373,binned_cosine_1Da,77,False,predicted_spectrum,8960
CASMI2022,massformer,completed,179,179,396,CASMI_MOL_1196975,CASMI_MOL_963032,963032,COc1ccc(C(C)(C)c2ccc(OC(=O)c3ccc(C(C)=O)cc3)c(C)c2)cc1C,0.3633704777222472,binned_cosine_1Da,78,False,predicted_spectrum,8960
CASMI2022,massformer,completed,179,179,396,CASMI_MOL_1196975,CASMI_MOL_962273,962273,COc1ccc(C(C)(C)c2ccc(OC(=O)c3cccc(C(C)=O)c3)c(C)c2)cc1C,0.3630850133765967,binned_cosine_1Da,79,False,predicted_spectrum,8960
CASMI2022,massformer,completed,179,179,396,CASMI_MOL_1196975,CASMI_MOL_960923,960923,COc1ccc(C(C)(C)c2ccc(OC(=O)c3ccccc3C(C)=O)c(C)c2)cc1C,0.35986795153132517,binned_cosine_1Da,80,False,predicted_spectrum,8960
CASMI2022,massformer,completed,179,179,396,CASMI_MOL_1196975,CASMI_MOL_959306,959306,CN=C(N)CC(=O)Nc1cc(-c2[nH]c3c(c2Nc2ccccc2)C(=O)CCC3)ccn1,0.35830200009634705,binned_cosine_1Da,81,False,predicted_spectrum,8960
CASMI2022,massformer,completed,179,179,396,CASMI_MOL_1196975,CASMI_MOL_963546,963546,CCNC(=O)N(CC(=O)N1CCn2cccc2C1c1ccc(Cl)cc1)CC(C)C,0.35817985045211775,binned_cosine_1Da,82,False,predicted_spectrum,8960
CASMI2022,massformer,completed,179,179,396,CASMI_MOL_1196975,CASMI_MOL_963574,963574,CCNC(=O)N(CC(=O)N1CCn2cccc2C1c1cccc(Cl)c1)CC(C)C,0.35720534528538667,binned_cosine_1Da,83,False,predicted_spectrum,8960
CASMI2022,massformer,completed,179,179,396,CASMI_MOL_1196975,CASMI_MOL_963573,963573,CCNC(=O)N(CC(=O)N1CCn2cccc2C1c1ccccc1Cl)CC(C)C,0.35535732129676634,binned_cosine_1Da,84,False,predicted_spectrum,8960
CASMI2022,massformer,completed,179,179,396,CASMI_MOL_1196975,CASMI_MOL_964404,964404,COC(=O)c1ccc(C(=O)Oc2ccc(C(C)(C)c3ccc(C)c(C)c3)cc2C)cc1,0.3552131195794179,binned_cosine_1Da,85,False,predicted_spectrum,8960
CASMI2022,massformer,completed,179,179,396,CASMI_MOL_1196975,CASMI_MOL_960765,960765,CN(C)CCn1ccc2cc(NC(=O)Nc3ccc(Oc4ncccn4)cc3)ccc21,0.3550646760102305,binned_cosine_1Da,86,False,predicted_spectrum,8960
CASMI2022,massformer,completed,179,179,396,CASMI_MOL_1196975,CASMI_MOL_957960,957960,CC(N)C(=O)Nc1cc(-c2cc(-c3ccccc3O)nc(N)c2C#N)ccc1N(C)C,0.35461766378871257,binned_cosine_1Da,87,False,predicted_spectrum,8960
CASMI2022,massformer,completed,179,179,396,CASMI_MOL_1196975,CASMI_MOL_963286,963286,CC(C)N1CC=C2C(C#N)C(=N)C(C#N)(C#N)C(c3ccc(OCC(N)=O)cc3)C2C1,0.35426709700759557,binned_cosine_1Da,88,False,predicted_spectrum,8960
CASMI2022,massformer,completed,179,179,396,CASMI_MOL_1196975,CASMI_MOL_964213,964213,CN(C)CCCSc1ccccc1NC(=O)C(=Cc1ccccc1)c1ccccc1,0.353420045288501,binned_cosine_1Da,89,False,predicted_spectrum,8960
CASMI2022,massformer,completed,179,179,396,CASMI_MOL_1196975,CASMI_MOL_959986,959986,CCOc1ccc(C2=CC(=O)C3(CC2)CCC(c2ccc(OCC)cc2)=CC3=O)cc1,0.3482438432398145,binned_cosine_1Da,90,False,predicted_spectrum,8960
CASMI2022,massformer,completed,179,179,396,CASMI_MOL_1196975,CASMI_MOL_956541,956541,CCC(=O)N(C)CCn1nc(-c2ccc(Oc3ccccc3)cc2)c2c(N)ncnc21,0.34736095478015694,binned_cosine_1Da,91,False,predicted_spectrum,8960
CASMI2022,massformer,completed,179,179,396,CASMI_MOL_1196975,CASMI_MOL_961527,961527,COc1ccc(C2=CC3OC2C2(C)C(=O)C(c4c(C)cc(C)cc4C)C(=O)C32C)cc1,0.34705252264133746,binned_cosine_1Da,92,False,predicted_spectrum,8960
CASMI2022,massformer,completed,179,179,396,CASMI_MOL_1196975,CASMI_MOL_956576,956576,CNC(=O)COc1cccc(C(C)Nc2cc(-c3ccc4[nH]cnc4c3)nc(C)n2)c1,0.344242045560911,binned_cosine_1Da,93,False,predicted_spectrum,8960
CASMI2022,massformer,completed,179,179,396,CASMI_MOL_1196975,CASMI_MOL_956577,956577,CNC(=O)COc1cccc(C(C)Nc2cc(-c3ccc4[nH]cnc4c3)nc(C)n2)c1,0.344242045560911,binned_cosine_1Da,94,False,predicted_spectrum,8960
CASMI2022,massformer,completed,179,179,396,CASMI_MOL_1196975,CASMI_MOL_962180,962180,CN(C)CCN(Cc1ccc(C#N)cc1)C(=O)c1cc(C(N)=O)n(-c2ccccc2)n1,0.34394023204327046,binned_cosine_1Da,95,False,predicted_spectrum,8960
CASMI2022,massformer,completed,179,179,396,CASMI_MOL_1196975,CASMI_MOL_960385,960385,NC(Cc1c[nH]cn1)C(=O)N1CCC2(CC1)C(=O)Nc1ccc(-c3ccncc3)cc12,0.34361062607996223,binned_cosine_1Da,96,False,predicted_spectrum,8960
CASMI2022,massformer,completed,179,179,396,CASMI_MOL_1196975,CASMI_MOL_956911,956911,COc1ccc(C23CCC(CC2c2ccccc2)c2c(OC)cc(OC)cc2O3)cc1,0.34088436127766886,binned_cosine_1Da,97,False,predicted_spectrum,8960
CASMI2022,massformer,completed,179,179,396,CASMI_MOL_1196975,CASMI_MOL_964405,964405,COC(=O)c1cccc(C(=O)Oc2ccc(C(C)(C)c3ccc(C)c(C)c3)cc2C)c1,0.3391695858474348,binned_cosine_1Da,98,False,predicted_spectrum,8960
CASMI2022,massformer,completed,179,179,396,CASMI_MOL_1196975,CASMI_MOL_962440,962440,COc1c(C)cc(Cc2cc(C)c(OC(=O)c3ccc(C(C)=O)cc3)c(C)c2)cc1C,0.33536556588318434,binned_cosine_1Da,99,False,predicted_spectrum,8960
CASMI2022,massformer,completed,179,179,396,CASMI_MOL_1196975,CASMI_MOL_962272,962272,COc1c(C)cc(Cc2cc(C)c(OC(=O)c3cccc(C(C)=O)c3)c(C)c2)cc1C,0.33486209670794875,binned_cosine_1Da,100,False,predicted_spectrum,8960
CASMI2022,massformer,completed,179,179,396,CASMI_MOL_1196975,CASMI_MOL_1196975,1196975,CC1C=CC2CCCCC2C1c1cc(NC(CCC(N)=O)C(=O)O)c(C=O)c(=O)o1,0.12457615649962342,binned_cosine_1Da,6746,True,predicted_spectrum,8960
CASMI2022,massformer,completed,180,180,397,CASMI_MOL_1196976,CASMI_MOL_968060,968060,CCCCCCCSc1ccc(-c2ccc(C(=O)OC(C)C(=O)OCc3ccccc3)cc2)cc1,0.589941039125348,binned_cosine_1Da,1,False,predicted_spectrum,6387
CASMI2022,massformer,completed,180,180,397,CASMI_MOL_1196976,CASMI_MOL_968561,968561,CC(C)(C)C(=O)OCn1cnc(-c2cccc(-c3cc(F)c(CNCc4ccccc4)c(F)c3)c2)n1,0.5567528313815256,binned_cosine_1Da,2,False,predicted_spectrum,6387
CASMI2022,massformer,completed,180,180,397,CASMI_MOL_1196976,CASMI_MOL_966974,966974,COC(=O)CC(c1ccc2c(c1)CC(c1ccc(-c3cc(OC)ccc3F)cc1)C(OC)O2)C1CC1,0.5434724409674331,binned_cosine_1Da,3,False,predicted_spectrum,6387
CASMI2022,massformer,completed,180,180,397,CASMI_MOL_1196976,CASMI_MOL_968061,968061,CCCCCCCCCCSc1ccc(-c2ccc(C(=O)Oc3ccc(C(=O)O)cc3)cc2)cc1,0.5223627984433028,binned_cosine_1Da,4,False,predicted_spectrum,6387
CASMI2022,massformer,completed,180,180,397,CASMI_MOL_1196976,CASMI_MOL_967642,967642,CC(C)(C)C(=O)OCn1cnc(-c2cc(F)cc(-c3ccc(CNCc4ccccc4)c(F)c3)c2)n1,0.5058079225680343,binned_cosine_1Da,5,False,predicted_spectrum,6387
CASMI2022,massformer,completed,180,180,397,CASMI_MOL_1196976,CASMI_MOL_968734,968734,Cc1ccc(C2(O)c3ccccc3Sc3cc(OCCCCCC(=O)OC(C)(C)C)ccc32)cc1,0.5034428227262838,binned_cosine_1Da,6,False,predicted_spectrum,6387
CASMI2022,massformer,completed,180,180,397,CASMI_MOL_1196976,CASMI_MOL_969918,969918,Cc1cc(COc2cc(-c3ccc(C4CCC(CC(=O)O)CC4)cc3)nn2Cc2cc(C)on2)no1,0.5032959365735599,binned_cosine_1Da,7,False,predicted_spectrum,6387
CASMI2022,massformer,completed,180,180,397,CASMI_MOL_1196976,CASMI_MOL_968251,968251,COC(=O)C1C2CC(C1C(=O)OC)C1(CCCC3(CC4CC3C(C(=O)OC)C4C(=O)OC)C1=O)C2,0.5029942029443482,binned_cosine_1Da,8,False,predicted_spectrum,6387
CASMI2022,massformer,completed,180,180,397,CASMI_MOL_1196976,CASMI_MOL_964998,964998,Cc1ccc(CCC(C)(CO)C(=O)O)cc1C=Cc1cccc(-c2ccc3c(c2F)OCCO3)c1C,0.49677550291393296,binned_cosine_1Da,9,False,predicted_spectrum,6387
CASMI2022,massformer,completed,180,180,397,CASMI_MOL_1196976,CASMI_MOL_965340,965340,Cc1ccc(CCC(C)(CO)C(=O)O)cc1C=Cc1cccc(-c2ccc3c(c2F)OCCO3)c1C,0.49677550291393296,binned_cosine_1Da,10,False,predicted_spectrum,6387
CASMI2022,massformer,completed,180,180,397,CASMI_MOL_1196976,CASMI_MOL_965341,965341,Cc1ccc(CCC(C)(CO)C(=O)O)cc1C=Cc1cccc(-c2ccc3c(c2F)OCCO3)c1C,0.49677550291393296,binned_cosine_1Da,11,False,predicted_spectrum,6387
CASMI2022,massformer,completed,180,180,397,CASMI_MOL_1196976,CASMI_MOL_966478,966478,COC(=O)c1ccc2cc(C(OC(=O)CSC)c3ccc4c(c3)C(C)(C)CCC4(C)C)ccc2c1,0.49412269532273667,binned_cosine_1Da,12,False,predicted_spectrum,6387
CASMI2022,massformer,completed,180,180,397,CASMI_MOL_1196976,CASMI_MOL_965411,965411,CC(C)(C)OC(=O)N1CC(C2CCNn3c2nc(-c2ccc(Oc4ccccc4)cc2)c3C(=O)O)C1,0.49409206638418834,binned_cosine_1Da,13,False,predicted_spectrum,6387
CASMI2022,massformer,completed,180,180,397,CASMI_MOL_1196976,CASMI_MOL_968702,968702,COC(=O)c1nnc(C(=O)N2CCN(C(=O)OC(C)(C)C)CC2)cc1Cc1cccc2ccccc12,0.49046904458318885,binned_cosine_1Da,14,False,predicted_spectrum,6387
CASMI2022,massformer,completed,180,180,397,CASMI_MOL_1196976,CASMI_MOL_967185,967185,C=C1COCCOCCOCCOc2cc3ccccc3cc2OCCOCCOCCOC1=O,0.4887331458791728,binned_cosine_1Da,15,False,predicted_spectrum,6387
CASMI2022,massformer,completed,180,180,397,CASMI_MOL_1196976,CASMI_MOL_967641,967641,CC(C)(CCn1cnc(-c2cc(F)cc(-c3ccc(CNCc4ccccc4)c(F)c3)c2)n1)C(=O)O,0.4874868968601909,binned_cosine_1Da,16,False,predicted_spectrum,6387
CASMI2022,massformer,completed,180,180,397,CASMI_MOL_1196976,CASMI_MOL_965505,965505,COc1ccc(Cn2nnc(C(=O)O)c2OC2CCC(c3ccc(N4CCCC4=O)cc3)CC2)cc1,0.4871255274688932,binned_cosine_1Da,17,False,predicted_spectrum,6387
CASMI2022,massformer,completed,180,180,397,CASMI_MOL_1196976,CASMI_MOL_965234,965234,CC1C(C=Cc2ccc(-c3ccccc3C#N)cn2)C2(C)C(C)OC(=O)C2(C(=N)CC=N)CC1(F)F,0.4868744802645174,binned_cosine_1Da,18,False,predicted_spectrum,6387
CASMI2022,massformer,completed,180,180,397,CASMI_MOL_1196976,CASMI_MOL_966364,966364,CC1CN(C(=O)OC(C)(C)C)CCN1Cc1c(O)ccc2c(O)c(C=C3N=Nc4ccccc43)oc12,0.4843549776205737,binned_cosine_1Da,19,False,predicted_spectrum,6387
CASMI2022,massformer,completed,180,180,397,CASMI_MOL_1196976,CASMI_MOL_965030,965030,CCCCCCC1=C(C(=O)C(=O)C(O)CCC)CC2C3(C)Cc4c(O)oc(O)c4C1C2(O)OC3=O,0.4830316607146828,binned_cosine_1Da,20,False,predicted_spectrum,6387
CASMI2022,massformer,completed,180,180,397,CASMI_MOL_1196976,CASMI_MOL_965458,965458,CCCCCCC1=C(C(=O)C(=O)C(O)CCC)CC2C3(C)Cc4c(O)oc(O)c4C1C2(O)OC3=O,0.4830316607146828,binned_cosine_1Da,21,False,predicted_spectrum,6387
CASMI2022,massformer,completed,180,180,397,CASMI_MOL_1196976,CASMI_MOL_965549,965549,COC(=O)C1CCCC(Oc2ccc(-c3nnn(C)c3C3CN(Cc4ccccc4)C(=O)O3)cc2)C1,0.478860339821662,binned_cosine_1Da,22,False,predicted_spectrum,6387
CASMI2022,massformer,completed,180,180,397,CASMI_MOL_1196976,CASMI_MOL_965045,965045,CC12CCC3(F)C(CC=C4CC(=O)C=CC43C)C1CCC2C(=O)COC(=O)c1cc2ccccc2o1,0.47852769673520096,binned_cosine_1Da,23,False,predicted_spectrum,6387
CASMI2022,massformer,completed,180,180,397,CASMI_MOL_1196976,CASMI_MOL_968696,968696,CCC(C)(C)C(=O)OC1CC2CC1CC2C(=O)OC(C)c1ccc2c(ccc3cccc(S)c32)c1,0.47800470812343365,binned_cosine_1Da,24,False,predicted_spectrum,6387
CASMI2022,massformer,completed,180,180,397,CASMI_MOL_1196976,CASMI_MOL_965924,965924,CCOCC1=CCC(=Nc2nnc(C3CCC=CCC3=NCc3ccc4c(c3)OCO4)o2)CC(=O)C1,0.4766437916463379,binned_cosine_1Da,25,False,predicted_spectrum,6387
CASMI2022,massformer,completed,180,180,397,CASMI_MOL_1196976,CASMI_MOL_965720,965720,CCOC(=O)OC(=O)C1(OC(=O)OCC)CCC2C3CC=C4CC(=O)C=CC4(C)C3C(O)CC21C,0.4730012679250632,binned_cosine_1Da,26,False,predicted_spectrum,6387
CASMI2022,massformer,completed,180,180,397,CASMI_MOL_1196976,CASMI_MOL_970113,970113,CCOC(=O)OCC(=O)C1(OC(=O)OC)CCC2C3CC=C4CC(=O)CCC4(C)C3C(=O)CC21C,0.4683589435263264,binned_cosine_1Da,27,False,predicted_spectrum,6387
CASMI2022,massformer,completed,180,180,397,CASMI_MOL_1196976,CASMI_MOL_970114,970114,CCOC(=O)OC1(C(=O)COC(=O)OC)CCC2C3CC=C4CC(=O)CCC4(C)C3C(=O)CC21C,0.4676220075051685,binned_cosine_1Da,28,False,predicted_spectrum,6387
CASMI2022,massformer,completed,180,180,397,CASMI_MOL_1196976,CASMI_MOL_965815,965815,C=C(C)C1CCC(COC(C)=O)=CC1c1c(O)cc(C2(CCCCCC)SCCS2)cc1O,0.46536740498795304,binned_cosine_1Da,29,False,predicted_spectrum,6387
CASMI2022,massformer,completed,180,180,397,CASMI_MOL_1196976,CASMI_MOL_967901,967901,C=C(C)C1CCC(COC(C)=O)=CC1c1c(O)cc(C2(CCCCCC)SCCS2)cc1O,0.46536740498795304,binned_cosine_1Da,30,False,predicted_spectrum,6387
CASMI2022,massformer,completed,180,180,397,CASMI_MOL_1196976,CASMI_MOL_970111,970111,CCOC(=O)OCC(=O)C1(OC(=O)OC)CCC2C3CC=C4CC(=O)C=CC4(C)C3C(O)CC21C,0.4650969016210293,binned_cosine_1Da,31,False,predicted_spectrum,6387
CASMI2022,massformer,completed,180,180,397,CASMI_MOL_1196976,CASMI_MOL_965973,965973,CC(C)c1ccc2c(c1)C1(OCC(C(=O)OC3(C)C4CC5CC(C4)CC3C5)O1)c1ccccc1S2,0.46412707464587405,binned_cosine_1Da,32,False,predicted_spectrum,6387
CASMI2022,massformer,completed,180,180,397,CASMI_MOL_1196976,CASMI_MOL_966793,966793,CC(C)c1ccc2c(c1)C1(OCC(C(=O)OC3(C)C4CC5CC(C4)CC3C5)O1)c1ccccc1S2,0.46412707464587405,binned_cosine_1Da,33,False,predicted_spectrum,6387
CASMI2022,massformer,completed,180,180,397,CASMI_MOL_1196976,CASMI_MOL_970963,970963,CCCCCCOc1ccc(C2OC34CCC5(CC3C(C#N)(C(=N)O4)C2(C#N)C#N)OCCO5)cc1,0.46368690497749704,binned_cosine_1Da,34,False,predicted_spectrum,6387
CASMI2022,massformer,completed,180,180,397,CASMI_MOL_1196976,CASMI_MOL_970112,970112,CCOC(=O)OC1(C(=O)COC(=O)OC)CCC2C3CC=C4CC(=O)C=CC4(C)C3C(O)CC21C,0.46282884190376117,binned_cosine_1Da,35,False,predicted_spectrum,6387
CASMI2022,massformer,completed,180,180,397,CASMI_MOL_1196976,CASMI_MOL_968049,968049,COC(=O)OCC(=O)C1(OC(=O)OC)C(C)CC2C3CC=C4CC(=O)C=CC4(C)C3C(O)CC21C,0.4625835659066598,binned_cosine_1Da,36,False,predicted_spectrum,6387
CASMI2022,massformer,completed,180,180,397,CASMI_MOL_1196976,CASMI_MOL_965153,965153,C=C(C(=O)OC)C1CC(OC(C)=O)C2=C(CCC3C2(C)CCC(=O)C3(C)C(=O)OC)C1OC(C)=O,0.4622849570497682,binned_cosine_1Da,37,False,predicted_spectrum,6387
CASMI2022,massformer,completed,180,180,397,CASMI_MOL_1196976,CASMI_MOL_965176,965176,C=C(C(=O)OC)C1CC(OC(C)=O)C2=C(CCC3C2(C)CCC(=O)C3(C)C(=O)OC)C1OC(C)=O,0.4622849570497682,binned_cosine_1Da,38,False,predicted_spectrum,6387
CASMI2022,massformer,completed,180,180,397,CASMI_MOL_1196976,CASMI_MOL_967127,967127,C=C(C(=O)OC)C1CC(OC(C)=O)C2=C(CCC3C2(C)CCC(=O)C3(C)C(=O)OC)C1OC(C)=O,0.4622849570497682,binned_cosine_1Da,39,False,predicted_spectrum,6387
CASMI2022,massformer,completed,180,180,397,CASMI_MOL_1196976,CASMI_MOL_969502,969502,C=C(C(=O)OC)C1CC(OC(C)=O)C2=C(CCC3C2(C)CCC(=O)C3(C)C(=O)OC)C1OC(C)=O,0.4622849570497682,binned_cosine_1Da,40,False,predicted_spectrum,6387
CASMI2022,massformer,completed,180,180,397,CASMI_MOL_1196976,CASMI_MOL_968311,968311,COc1ccc2cc(C(C)C(=O)OCCC3(C)CC4=C(C)SC(C)=C(C)C4=C3C(C)=O)ccc2c1,0.4600582100598983,binned_cosine_1Da,41,False,predicted_spectrum,6387
CASMI2022,massformer,completed,180,180,397,CASMI_MOL_1196976,CASMI_MOL_965183,965183,C=C1C(=O)C23CC1CC(OC(C)=O)C2C1(C)C(O)CC(OC(C)=O)C(C)(C)C1C(=O)C3OC(C)=O,0.4599098792729227,binned_cosine_1Da,42,False,predicted_spectrum,6387
CASMI2022,massformer,completed,180,180,397,CASMI_MOL_1196976,CASMI_MOL_967151,967151,C=C1C(=O)C23CC1CC(OC(C)=O)C2C1(C)C(O)CC(OC(C)=O)C(C)(C)C1C(=O)C3OC(C)=O,0.4599098792729227,binned_cosine_1Da,43,False,predicted_spectrum,6387
CASMI2022,massformer,completed,180,180,397,CASMI_MOL_1196976,CASMI_MOL_968563,968563,C=C1C(=O)C23CC1CC(OC(C)=O)C2C1(C)C(O)CC(OC(C)=O)C(C)(C)C1C(=O)C3OC(C)=O,0.4599098792729227,binned_cosine_1Da,44,False,predicted_spectrum,6387
CASMI2022,massformer,completed,180,180,397,CASMI_MOL_1196976,CASMI_MOL_968661,968661,COc1cc2cccc(Oc3ccc(CC(=O)CC(=O)CC4C5CCC4CC5)c(F)c3)c2cc1OC,0.4573066215589902,binned_cosine_1Da,45,False,predicted_spectrum,6387
CASMI2022,massformer,completed,180,180,397,CASMI_MOL_1196976,CASMI_MOL_965461,965461,COC(=O)C1OC2(CCC3(C)CC(C)Cc4ccccc43)CCC(O)(C(=O)OC)C1(C(=O)OC)O2,0.45705372253388904,binned_cosine_1Da,46,False,predicted_spectrum,6387
CASMI2022,massformer,completed,180,180,397,CASMI_MOL_1196976,CASMI_MOL_965172,965172,CC(=O)OC1C(=O)C2C(=O)C3(CC3C)C(OC(C)=O)C(=O)C2C2(C)CCC(OC(C)=O)C(C)(C)C12,0.45685828529598316,binned_cosine_1Da,47,False,predicted_spectrum,6387
CASMI2022,massformer,completed,180,180,397,CASMI_MOL_1196976,CASMI_MOL_967959,967959,CC(=O)OC1C(=O)C2C(=O)C3(CC3C)C(OC(C)=O)C(=O)C2C2(C)CCC(OC(C)=O)C(C)(C)C12,0.45685828529598316,binned_cosine_1Da,48,False,predicted_spectrum,6387
CASMI2022,massformer,completed,180,180,397,CASMI_MOL_1196976,CASMI_MOL_969527,969527,COc1ccc(F)c(-c2ccc(COc3ccc4c(c3)C(CC(=O)O)CC4)cc2OC2CCCC2)c1,0.4558153422046155,binned_cosine_1Da,49,False,predicted_spectrum,6387
CASMI2022,massformer,completed,180,180,397,CASMI_MOL_1196976,CASMI_MOL_970826,970826,C=C1C(=O)C23CC1CCC2C1(COC3=O)C(OC(C)=O)CCC(C)(COC(C)=O)C1COC(C)=O,0.45564813462330117,binned_cosine_1Da,50,False,predicted_spectrum,6387
CASMI2022,massformer,completed,180,180,397,CASMI_MOL_1196976,CASMI_MOL_965124,965124,C=C1C(=O)C23CC1CC(OC(C)=O)C2C1(C)C(OC(C)=O)CC(O)C(C)(C)C1C(=O)C3OC(C)=O,0.45528016301607566,binned_cosine_1Da,51,False,predicted_spectrum,6387
CASMI2022,massformer,completed,180,180,397,CASMI_MOL_1196976,CASMI_MOL_965570,965570,C=C1C(=O)C23CC1CC(OC(C)=O)C2C1(C)C(OC(C)=O)CC(O)C(C)(C)C1C(=O)C3OC(C)=O,0.45528016301607566,binned_cosine_1Da,52,False,predicted_spectrum,6387
CASMI2022,massformer,completed,180,180,397,CASMI_MOL_1196976,CASMI_MOL_965692,965692,C=C1C(=O)C23CC1CC(OC(C)=O)C2C1(C)C(OC(C)=O)CC(O)C(C)(C)C1C(=O)C3OC(C)=O,0.45528016301607566,binned_cosine_1Da,53,False,predicted_spectrum,6387
CASMI2022,massformer,completed,180,180,397,CASMI_MOL_1196976,CASMI_MOL_966670,966670,C=C1C(=O)C23CC1CC(OC(C)=O)C2C1(C)C(OC(C)=O)CC(O)C(C)(C)C1C(=O)C3OC(C)=O,0.45528016301607566,binned_cosine_1Da,54,False,predicted_spectrum,6387
CASMI2022,massformer,completed,180,180,397,CASMI_MOL_1196976,CASMI_MOL_967487,967487,C=C1C(=O)C23CC1CC(OC(C)=O)C2C1(C)C(OC(C)=O)CC(O)C(C)(C)C1C(=O)C3OC(C)=O,0.45528016301607566,binned_cosine_1Da,55,False,predicted_spectrum,6387
CASMI2022,massformer,completed,180,180,397,CASMI_MOL_1196976,CASMI_MOL_967567,967567,C=C1C(=O)C23CC1CC(OC(C)=O)C2C1(C)C(OC(C)=O)CC(O)C(C)(C)C1C(=O)C3OC(C)=O,0.45528016301607566,binned_cosine_1Da,56,False,predicted_spectrum,6387
CASMI2022,massformer,completed,180,180,397,CASMI_MOL_1196976,CASMI_MOL_967859,967859,C=C1C(=O)C23CC1CC(OC(C)=O)C2C1(C)C(OC(C)=O)CC(O)C(C)(C)C1C(=O)C3OC(C)=O,0.45528016301607566,binned_cosine_1Da,57,False,predicted_spectrum,6387
CASMI2022,massformer,completed,180,180,397,CASMI_MOL_1196976,CASMI_MOL_970657,970657,C=C1C(=O)C23CC1CC(OC(C)=O)C2C1(C)C(OC(C)=O)CC(O)C(C)(C)C1C(=O)C3OC(C)=O,0.45528016301607566,binned_cosine_1Da,58,False,predicted_spectrum,6387
CASMI2022,massformer,completed,180,180,397,CASMI_MOL_1196976,CASMI_MOL_970778,970778,C=C1C(=O)C23CC1CC(OC(C)=O)C2C1(C)C(OC(C)=O)CC(O)C(C)(C)C1C(=O)C3OC(C)=O,0.45528016301607566,binned_cosine_1Da,59,False,predicted_spectrum,6387
CASMI2022,massformer,completed,180,180,397,CASMI_MOL_1196976,CASMI_MOL_970967,970967,C=C1C(=O)C23CC1CC(OC(C)=O)C2C1(C)C(OC(C)=O)CC(O)C(C)(C)C1C(=O)C3OC(C)=O,0.45528016301607566,binned_cosine_1Da,60,False,predicted_spectrum,6387
CASMI2022,massformer,completed,180,180,397,CASMI_MOL_1196976,CASMI_MOL_971159,971159,C=C1C(=O)C23CC1CC(OC(C)=O)C2C1(C)C(OC(C)=O)CC(O)C(C)(C)C1C(=O)C3OC(C)=O,0.45528016301607566,binned_cosine_1Da,61,False,predicted_spectrum,6387
CASMI2022,massformer,completed,180,180,397,CASMI_MOL_1196976,CASMI_MOL_966184,966184,C=C1CC23CC1(OC(C)=O)CCC2(O)C1(C)C=CC(OC(C)=O)C(C)(C(=O)OC)C1C3C(=O)OC,0.4547885513466593,binned_cosine_1Da,62,False,predicted_spectrum,6387
CASMI2022,massformer,completed,180,180,397,CASMI_MOL_1196976,CASMI_MOL_965085,965085,CC(=O)OCC12CC3(O)C(=O)C1(C)C1C3C3(O)C(C)C(OC(C)=O)C4(OC(C)=O)C(C3C12)C4(C)C,0.454647722935838,binned_cosine_1Da,63,False,predicted_spectrum,6387
CASMI2022,massformer,completed,180,180,397,CASMI_MOL_1196976,CASMI_MOL_969271,969271,CC(=O)OCC12CC3(O)C(=O)C1(C)C1C3C3(O)C(C)C(OC(C)=O)C4(OC(C)=O)C(C3C12)C4(C)C,0.454647722935838,binned_cosine_1Da,64,False,predicted_spectrum,6387
CASMI2022,massformer,completed,180,180,397,CASMI_MOL_1196976,CASMI_MOL_971153,971153,CC(=O)OCC12CC3(O)C(=O)C1(C)C1C3C3(O)C(C)C(OC(C)=O)C4(OC(C)=O)C(C3C12)C4(C)C,0.454647722935838,binned_cosine_1Da,65,False,predicted_spectrum,6387
CASMI2022,massformer,completed,180,180,397,CASMI_MOL_1196976,CASMI_MOL_968264,968264,O=C(NC(Cc1ccc(-c2ccccc2)cc1)CC(CO)C(=O)O)c1cc(C(=O)N2CCCC2)[nH]n1,0.4545782036585048,binned_cosine_1Da,66,False,predicted_spectrum,6387
CASMI2022,massformer,completed,180,180,397,CASMI_MOL_1196976,CASMI_MOL_970196,970196,CC(=O)OC1=C2C(C)C(=O)CC(O)(C(OC(C)=O)C3C4(C=CCC3(C)C1OC(C)=O)CO4)C2(C)C,0.4545185604947833,binned_cosine_1Da,67,False,predicted_spectrum,6387
CASMI2022,massformer,completed,180,180,397,CASMI_MOL_1196976,CASMI_MOL_965143,965143,C=C1C(=O)C23CC1CC(OC(C)=O)C2C1(C)CC(O)C(OC(C)=O)C(C)(C)C1C(=O)C3OC(C)=O,0.4542769335208796,binned_cosine_1Da,68,False,predicted_spectrum,6387
CASMI2022,massformer,completed,180,180,397,CASMI_MOL_1196976,CASMI_MOL_965144,965144,C=C1C(=O)C23CC1CC(OC(C)=O)C2C1(C)CC(O)C(OC(C)=O)C(C)(C)C1C(=O)C3OC(C)=O,0.4542769335208796,binned_cosine_1Da,69,False,predicted_spectrum,6387
CASMI2022,massformer,completed,180,180,397,CASMI_MOL_1196976,CASMI_MOL_965193,965193,C=C1C(=O)C23CC(=O)C4C(C)(C)C(OC(C)=O)C(OC(C)=O)C(O)C4(C)C2C(OC(C)=O)CC1C3,0.454081713750851,binned_cosine_1Da,70,False,predicted_spectrum,6387
CASMI2022,massformer,completed,180,180,397,CASMI_MOL_1196976,CASMI_MOL_970787,970787,C=C1C(=O)C23CC(=O)C4C(C)(C)C(OC(C)=O)C(OC(C)=O)C(O)C4(C)C2C(OC(C)=O)CC1C3,0.454081713750851,binned_cosine_1Da,71,False,predicted_spectrum,6387
CASMI2022,massformer,completed,180,180,397,CASMI_MOL_1196976,CASMI_MOL_970928,970928,C=C1C(=O)C23CC(=O)C4C(C)(C)C(OC(C)=O)C(OC(C)=O)C(O)C4(C)C2C(OC(C)=O)CC1C3,0.454081713750851,binned_cosine_1Da,72,False,predicted_spectrum,6387
CASMI2022,massformer,completed,180,180,397,CASMI_MOL_1196976,CASMI_MOL_965093,965093,C=C1C(=O)C23CC(=O)C4C(C)(C)C(O)CC(OC(C)=O)C4(C)C2C(OC(C)=O)CC1C3OC(C)=O,0.453929389854326,binned_cosine_1Da,73,False,predicted_spectrum,6387
CASMI2022,massformer,completed,180,180,397,CASMI_MOL_1196976,CASMI_MOL_965106,965106,C=C1C(=O)C23CC(=O)C4C(C)(C)C(O)CC(OC(C)=O)C4(C)C2C(OC(C)=O)CC1C3OC(C)=O,0.453929389854326,binned_cosine_1Da,74,False,predicted_spectrum,6387
CASMI2022,massformer,completed,180,180,397,CASMI_MOL_1196976,CASMI_MOL_965184,965184,C=C1C(=O)C23CC(=O)C4C(C)(C)C(O)CC(OC(C)=O)C4(C)C2C(OC(C)=O)CC1C3OC(C)=O,0.453929389854326,binned_cosine_1Da,75,False,predicted_spectrum,6387
CASMI2022,massformer,completed,180,180,397,CASMI_MOL_1196976,CASMI_MOL_968564,968564,C=C1C(=O)C23CC(=O)C4C(C)(C)C(O)CC(OC(C)=O)C4(C)C2C(OC(C)=O)CC1C3OC(C)=O,0.453929389854326,binned_cosine_1Da,76,False,predicted_spectrum,6387
CASMI2022,massformer,completed,180,180,397,CASMI_MOL_1196976,CASMI_MOL_965120,965120,COc1c2c(c(C)c3c1C(=O)OC3)OC1(C)CC(O)C34OC(OC)(CC(O)C3(C)C1C2)OC4(C)C,0.4535670581364891,binned_cosine_1Da,77,False,predicted_spectrum,6387
CASMI2022,massformer,completed,180,180,397,CASMI_MOL_1196976,CASMI_MOL_965167,965167,COc1c2c(c(C)c3c1C(=O)OC3)OC1(C)CC(O)C34OC(OC)(CC(O)C3(C)C1C2)OC4(C)C,0.4535670581364891,binned_cosine_1Da,78,False,predicted_spectrum,6387
CASMI2022,massformer,completed,180,180,397,CASMI_MOL_1196976,CASMI_MOL_965168,965168,COc1c2c(c(C)c3c1C(=O)OC3)OC1(C)CC(O)C34OC(OC)(CC(O)C3(C)C1C2)OC4(C)C,0.4535670581364891,binned_cosine_1Da,79,False,predicted_spectrum,6387
CASMI2022,massformer,completed,180,180,397,CASMI_MOL_1196976,CASMI_MOL_965191,965191,COc1c2c(c(C)c3c1C(=O)OC3)OC1(C)CC(O)C34OC(OC)(CC(O)C3(C)C1C2)OC4(C)C,0.4535670581364891,binned_cosine_1Da,80,False,predicted_spectrum,6387
CASMI2022,massformer,completed,180,180,397,CASMI_MOL_1196976,CASMI_MOL_965192,965192,COc1c2c(c(C)c3c1C(=O)OC3)OC1(C)CC(O)C34OC(OC)(CC(O)C3(C)C1C2)OC4(C)C,0.4535670581364891,binned_cosine_1Da,81,False,predicted_spectrum,6387
CASMI2022,massformer,completed,180,180,397,CASMI_MOL_1196976,CASMI_MOL_967144,967144,COc1c2c(c(C)c3c1C(=O)OC3)OC1(C)CC(O)C34OC(OC)(CC(O)C3(C)C1C2)OC4(C)C,0.4535670581364891,binned_cosine_1Da,82,False,predicted_spectrum,6387
CASMI2022,massformer,completed,180,180,397,CASMI_MOL_1196976,CASMI_MOL_968736,968736,COc1c2c(c(C)c3c1C(=O)OC3)OC1(C)CC(O)C34OC(OC)(CC(O)C3(C)C1C2)OC4(C)C,0.4535670581364891,binned_cosine_1Da,83,False,predicted_spectrum,6387
CASMI2022,massformer,completed,180,180,397,CASMI_MOL_1196976,CASMI_MOL_967807,967807,CC1CC2C3=CCC4CC(=O)C(=O)CC4(C)C3CCC2(C)C1(OC(=O)C1(C)CC1)C(=O)SCF,0.4529816733697401,binned_cosine_1Da,84,False,predicted_spectrum,6387
CASMI2022,massformer,completed,180,180,397,CASMI_MOL_1196976,CASMI_MOL_965462,965462,COC(=O)C1OC2(CCC3(C)CC(C)Cc4ccccc43)CCC(C(=O)OC)(O2)C1(O)C(=O)OC,0.45277773983358927,binned_cosine_1Da,85,False,predicted_spectrum,6387
CASMI2022,massformer,completed,180,180,397,CASMI_MOL_1196976,CASMI_MOL_965152,965152,C=C1C2CC(=O)C3C45COC(O)(C(OC(C)=O)C4C(C)(C)CCC5OC(C)=O)C3(C2)C1OC(C)=O,0.45273662980294205,binned_cosine_1Da,86,False,predicted_spectrum,6387
CASMI2022,massformer,completed,180,180,397,CASMI_MOL_1196976,CASMI_MOL_967182,967182,C=C1C2CC(=O)C3C45COC(O)(C(OC(C)=O)C4C(C)(C)CCC5OC(C)=O)C3(C2)C1OC(C)=O,0.45273662980294205,binned_cosine_1Da,87,False,predicted_spectrum,6387
CASMI2022,massformer,completed,180,180,397,CASMI_MOL_1196976,CASMI_MOL_965195,965195,COc1c2c(c(C)c3c1C(O)C1C(C)(CC(O)C45OC(OC)(CCC14C)OC5(C)C)O3)COC2=O,0.45229094426614097,binned_cosine_1Da,88,False,predicted_spectrum,6387
CASMI2022,massformer,completed,180,180,397,CASMI_MOL_1196976,CASMI_MOL_968791,968791,COc1c2c(c(C)c3c1C(O)C1C(C)(CC(O)C45OC(OC)(CCC14C)OC5(C)C)O3)COC2=O,0.45229094426614097,binned_cosine_1Da,89,False,predicted_spectrum,6387
CASMI2022,massformer,completed,180,180,397,CASMI_MOL_1196976,CASMI_MOL_967123,967123,CCCCC(CC)CC1(CCCCCCCCC(=O)OC)C2=CC(=O)SC2=C2SC(=O)C=C21,0.45224075442578365,binned_cosine_1Da,90,False,predicted_spectrum,6387
CASMI2022,massformer,completed,180,180,397,CASMI_MOL_1196976,CASMI_MOL_966027,966027,CCCCSc1ccc(-c2cccc(COc3ccc(C4(C(CC)C(=O)O)OC4C)cc3)c2)cc1,0.45195135255024615,binned_cosine_1Da,91,False,predicted_spectrum,6387
CASMI2022,massformer,completed,180,180,397,CASMI_MOL_1196976,CASMI_MOL_965990,965990,COc1ccc(CC2CCCCC2=O)cc1C1OC(C)C(OC(C)=O)C(OC(C)=O)C1OC(C)=O,0.45144791932162687,binned_cosine_1Da,92,False,predicted_spectrum,6387
CASMI2022,massformer,completed,180,180,397,CASMI_MOL_1196976,CASMI_MOL_965123,965123,CC(=O)OC1=C2C(C)C(=O)CC(C(OC(C)=O)C=C3CC(C)(C1=O)C(OC(C)=O)CC3O)C2(C)C,0.4506243139563779,binned_cosine_1Da,93,False,predicted_spectrum,6387
CASMI2022,massformer,completed,180,180,397,CASMI_MOL_1196976,CASMI_MOL_965198,965198,CC(=O)OC1=C2C(C)C(=O)CC(C(OC(C)=O)C=C3CC(C)(C1=O)C(OC(C)=O)CC3O)C2(C)C,0.4506243139563779,binned_cosine_1Da,94,False,predicted_spectrum,6387
CASMI2022,massformer,completed,180,180,397,CASMI_MOL_1196976,CASMI_MOL_967147,967147,CC(=O)OC1=C2C(C)C(=O)CC(C(OC(C)=O)C=C3CC(C)(C1=O)C(OC(C)=O)CC3O)C2(C)C,0.4506243139563779,binned_cosine_1Da,95,False,predicted_spectrum,6387
CASMI2022,massformer,completed,180,180,397,CASMI_MOL_1196976,CASMI_MOL_969528,969528,CC(=O)OC1=C2C(C)C(=O)CC(C(OC(C)=O)C=C3CC(C)(C1=O)C(OC(C)=O)CC3O)C2(C)C,0.4506243139563779,binned_cosine_1Da,96,False,predicted_spectrum,6387
CASMI2022,massformer,completed,180,180,397,CASMI_MOL_1196976,CASMI_MOL_965145,965145,CC(=O)OC1C2C(Cc3occc3C2(C)O)C2(C)C(OC(C)=O)CC(C)C3(C)OC32C1OC(C)=O,0.4486417674779342,binned_cosine_1Da,97,False,predicted_spectrum,6387
CASMI2022,massformer,completed,180,180,397,CASMI_MOL_1196976,CASMI_MOL_965146,965146,CC(=O)OC1C2C(Cc3occc3C2(C)O)C2(C)C(OC(C)=O)CC(C)C3(C)OC32C1OC(C)=O,0.4486417674779342,binned_cosine_1Da,98,False,predicted_spectrum,6387
CASMI2022,massformer,completed,180,180,397,CASMI_MOL_1196976,CASMI_MOL_965206,965206,CC(=O)OC1C2C(Cc3occc3C2(C)O)C2(C)C(OC(C)=O)CC(C)C3(C)OC32C1OC(C)=O,0.4486417674779342,binned_cosine_1Da,99,False,predicted_spectrum,6387
CASMI2022,massformer,completed,180,180,397,CASMI_MOL_1196976,CASMI_MOL_970707,970707,CC(=O)OC1C2C(Cc3occc3C2(C)O)C2(C)C(OC(C)=O)CC(C)C3(C)OC32C1OC(C)=O,0.4486417674779342,binned_cosine_1Da,100,False,predicted_spectrum,6387
CASMI2022,massformer,completed,180,180,397,CASMI_MOL_1196976,CASMI_MOL_1196976,1196976,COc1c2c(c(C)c3c1C(=O)OC3)OC1(C)CC(O)C34OC(OC)(CCC3(C)C1C2)OC4(C)CO,0.43972771478385336,binned_cosine_1Da,175,True,predicted_spectrum,6387
CASMI2022,massformer,completed,181,181,398,CASMI_MOL_1196915,CASMI_MOL_629636,629636,O=CC1C2CCCCC2CC12OCCC1CC12,0.9326577437775502,binned_cosine_1Da,1,False,predicted_spectrum,9633
CASMI2022,massformer,completed,181,181,398,CASMI_MOL_1196915,CASMI_MOL_639046,639046,C1=CC(CC23CC4CC(CC(C4)C2)C3)OOC1,0.9220032406855112,binned_cosine_1Da,2,False,predicted_spectrum,9633
CASMI2022,massformer,completed,181,181,398,CASMI_MOL_1196915,CASMI_MOL_635174,635174,C1=CCC23CC(OC4CCCCO4)CC2(C1)C3,0.9219035819802358,binned_cosine_1Da,3,False,predicted_spectrum,9633
CASMI2022,massformer,completed,181,181,398,CASMI_MOL_1196915,CASMI_MOL_635175,635175,C1=CCC23CC(OC4CCCCO4)CC2(C1)C3,0.9219035819802358,binned_cosine_1Da,4,False,predicted_spectrum,9633
CASMI2022,massformer,completed,181,181,398,CASMI_MOL_1196915,CASMI_MOL_635321,635321,C1=CCC23CC(OC4CCCCO4)CC2(C1)C3,0.9219035819802358,binned_cosine_1Da,5,False,predicted_spectrum,9633
CASMI2022,massformer,completed,181,181,398,CASMI_MOL_1196915,CASMI_MOL_635340,635340,C1=CCC23CC(OC4CCCCO4)CC2(C1)C3,0.9219035819802358,binned_cosine_1Da,6,False,predicted_spectrum,9633
CASMI2022,massformer,completed,181,181,398,CASMI_MOL_1196915,CASMI_MOL_629661,629661,C=C1CC2C(C3CO3)CCCCC2C1C1CO1,0.9217661349115682,binned_cosine_1Da,7,False,predicted_spectrum,9633
CASMI2022,massformer,completed,181,181,398,CASMI_MOL_1196915,CASMI_MOL_630792,630792,C1=COC(CCC2=CCC3(CCCC3)CC2)O1,0.9212991390839783,binned_cosine_1Da,8,False,predicted_spectrum,9633
CASMI2022,massformer,completed,181,181,398,CASMI_MOL_1196915,CASMI_MOL_630427,630427,O=CCC1C(C=O)CC23CCCCC2CCC13,0.9202272771756641,binned_cosine_1Da,9,False,predicted_spectrum,9633
CASMI2022,massformer,completed,181,181,398,CASMI_MOL_1196915,CASMI_MOL_629596,629596,C1CC2OC3(OC2C1)C1CC2CC(C1)CC3C2,0.9176509467332347,binned_cosine_1Da,10,False,predicted_spectrum,9633
CASMI2022,massformer,completed,181,181,398,CASMI_MOL_1196915,CASMI_MOL_634636,634636,OC1CCC2OC1C1C3CC(C4CCCC43)C21,0.9076555028901133,binned_cosine_1Da,11,False,predicted_spectrum,9633
CASMI2022,massformer,completed,181,181,398,CASMI_MOL_1196915,CASMI_MOL_631797,631797,CC(=O)CC12CC3CC(CC(CC=O)(C3)C1)C2,0.904834941211252,binned_cosine_1Da,12,False,predicted_spectrum,9633
CASMI2022,massformer,completed,181,181,398,CASMI_MOL_1196915,CASMI_MOL_634977,634977,C=C1C=CC2CC(C3CCCCC3)OC1(C)O2,0.9032173039767035,binned_cosine_1Da,13,False,predicted_spectrum,9633
CASMI2022,massformer,completed,181,181,398,CASMI_MOL_1196915,CASMI_MOL_634868,634868,CC1(C)COC2(OC1)C1CC=CC3CCCC312,0.899683663251651,binned_cosine_1Da,14,False,predicted_spectrum,9633
CASMI2022,massformer,completed,181,181,398,CASMI_MOL_1196915,CASMI_MOL_630821,630821,CC1CC2CC1C1C3CC(C4COC(O)C43)C21,0.8992809760119133,binned_cosine_1Da,15,False,predicted_spectrum,9633
CASMI2022,massformer,completed,181,181,398,CASMI_MOL_1196915,CASMI_MOL_635560,635560,C1OC1COC1CC2CC1C1C3CCC(C3)C21,0.8979906113468177,binned_cosine_1Da,16,False,predicted_spectrum,9633
CASMI2022,massformer,completed,181,181,398,CASMI_MOL_1196915,CASMI_MOL_630851,630851,CC1CC2C3CCC(C4CC5OC5CC43)C2O1,0.8960844577489636,binned_cosine_1Da,17,False,predicted_spectrum,9633
CASMI2022,massformer,completed,181,181,398,CASMI_MOL_1196915,CASMI_MOL_629943,629943,CC1C2OC3CCC4(C=CCC(C)C4(C)C31)O2,0.8933989777637729,binned_cosine_1Da,18,False,predicted_spectrum,9633
CASMI2022,massformer,completed,181,181,398,CASMI_MOL_1196915,CASMI_MOL_629944,629944,CC1C2OC3CCC4(C=CCC(C)C4(C)C31)O2,0.8933989777637729,binned_cosine_1Da,19,False,predicted_spectrum,9633
CASMI2022,massformer,completed,181,181,398,CASMI_MOL_1196915,CASMI_MOL_630212,630212,CC1C2OC3CCC4(C=CCC(C)C4(C)C31)O2,0.8933989777637729,binned_cosine_1Da,20,False,predicted_spectrum,9633
CASMI2022,massformer,completed,181,181,398,CASMI_MOL_1196915,CASMI_MOL_634360,634360,CC1C2OC3CCC4(C=CCC(C)C4(C)C31)O2,0.8933989777637729,binned_cosine_1Da,21,False,predicted_spectrum,9633
CASMI2022,massformer,completed,181,181,398,CASMI_MOL_1196915,CASMI_MOL_638972,638972,CC1C2OC3CCC4(C=CCC(C)C4(C)C31)O2,0.8933989777637729,binned_cosine_1Da,22,False,predicted_spectrum,9633
CASMI2022,massformer,completed,181,181,398,CASMI_MOL_1196915,CASMI_MOL_630863,630863,CC12CCC3C4CCCC(C1C31CC1)C4(O)O2,0.8920192959387516,binned_cosine_1Da,23,False,predicted_spectrum,9633
CASMI2022,massformer,completed,181,181,398,CASMI_MOL_1196915,CASMI_MOL_634740,634740,CC12CCC3C4CCCC(C1C31CC1)C4(O)O2,0.8920192959387516,binned_cosine_1Da,24,False,predicted_spectrum,9633
CASMI2022,massformer,completed,181,181,398,CASMI_MOL_1196915,CASMI_MOL_634741,634741,CC12CCC3C4CCCC(C1C31CC1)C4(O)O2,0.8920192959387516,binned_cosine_1Da,25,False,predicted_spectrum,9633
CASMI2022,massformer,completed,181,181,398,CASMI_MOL_1196915,CASMI_MOL_631642,631642,CC=C1C=C2CCCC3(OCCO3)C2(C)CC1,0.8908996735545123,binned_cosine_1Da,26,False,predicted_spectrum,9633
CASMI2022,massformer,completed,181,181,398,CASMI_MOL_1196915,CASMI_MOL_637116,637116,OC1CC2CC1C1CC3C4CC(O)C(C4)C3C21,0.890503553047979,binned_cosine_1Da,27,False,predicted_spectrum,9633
CASMI2022,massformer,completed,181,181,398,CASMI_MOL_1196915,CASMI_MOL_632329,632329,C=CC(C1CCC2OC2C1)C1CCC2OC2C1,0.8881526118045915,binned_cosine_1Da,28,False,predicted_spectrum,9633
CASMI2022,massformer,completed,181,181,398,CASMI_MOL_1196915,CASMI_MOL_635707,635707,CC1(CC2(C)CCCCC2)C=CC23OC2(C1)O3,0.8865351994832764,binned_cosine_1Da,29,False,predicted_spectrum,9633
CASMI2022,massformer,completed,181,181,398,CASMI_MOL_1196915,CASMI_MOL_636348,636348,CC(C)(C)c1ccc(C2(C)OCCCO2)cc1,0.8850853698561558,binned_cosine_1Da,30,False,predicted_spectrum,9633
CASMI2022,massformer,completed,181,181,398,CASMI_MOL_1196915,CASMI_MOL_635684,635684,C=CCC1CC2CCCCC2C2(CO2)C12CO2,0.8840259412065983,binned_cosine_1Da,31,False,predicted_spectrum,9633
CASMI2022,massformer,completed,181,181,398,CASMI_MOL_1196915,CASMI_MOL_633001,633001,OC(c1ccco1)C1CCC2CCCCC2C1,0.881446963183799,binned_cosine_1Da,32,False,predicted_spectrum,9633
CASMI2022,massformer,completed,181,181,398,CASMI_MOL_1196915,CASMI_MOL_630800,630800,CCc1cc(C2OCCO2)cc(C(C)(C)C)c1,0.8805725000915465,binned_cosine_1Da,33,False,predicted_spectrum,9633
CASMI2022,massformer,completed,181,181,398,CASMI_MOL_1196915,CASMI_MOL_637220,637220,OC(O)(CCC1CCCCC1)c1ccccc1,0.8800915057125823,binned_cosine_1Da,34,False,predicted_spectrum,9633
CASMI2022,massformer,completed,181,181,398,CASMI_MOL_1196915,CASMI_MOL_633817,633817,CC(C)(c1ccccc1)C(O)C1CCCOC1,0.8748188467906532,binned_cosine_1Da,35,False,predicted_spectrum,9633
CASMI2022,massformer,completed,181,181,398,CASMI_MOL_1196915,CASMI_MOL_631864,631864,CC=CC1C2CCCCC2CC2C(=O)OCC21,0.8746720548537135,binned_cosine_1Da,36,False,predicted_spectrum,9633
CASMI2022,massformer,completed,181,181,398,CASMI_MOL_1196915,CASMI_MOL_630563,630563,OC1CC12OC(C1CC1)CC1(CC1)C2C1CC1,0.8740747327043736,binned_cosine_1Da,37,False,predicted_spectrum,9633
CASMI2022,massformer,completed,181,181,398,CASMI_MOL_1196915,CASMI_MOL_630928,630928,Cc1oc(C(C)C)c2c1CC1(CCOCC1)C2,0.8736889671470918,binned_cosine_1Da,38,False,predicted_spectrum,9633
CASMI2022,massformer,completed,181,181,398,CASMI_MOL_1196915,CASMI_MOL_637219,637219,CC(O)C(O)(c1ccccc1)C1CCCCC1,0.873402047277258,binned_cosine_1Da,39,False,predicted_spectrum,9633
CASMI2022,massformer,completed,181,181,398,CASMI_MOL_1196915,CASMI_MOL_635577,635577,CCC(O)(C=CC1CCCCC1)c1ccco1,0.8729314454183743,binned_cosine_1Da,40,False,predicted_spectrum,9633
CASMI2022,massformer,completed,181,181,398,CASMI_MOL_1196915,CASMI_MOL_633097,633097,CCc1ccc(CC(O)C2CCCCO2)cc1,0.8719453341343656,binned_cosine_1Da,41,False,predicted_spectrum,9633
CASMI2022,massformer,completed,181,181,398,CASMI_MOL_1196915,CASMI_MOL_633372,633372,Cc1ccc(C(O)C(O)C2CCCCC2)cc1,0.87120562734083,binned_cosine_1Da,42,False,predicted_spectrum,9633
CASMI2022,massformer,completed,181,181,398,CASMI_MOL_1196915,CASMI_MOL_633002,633002,OC(c1ccoc1)C1CCC2CCCCC2C1,0.8709035411851982,binned_cosine_1Da,43,False,predicted_spectrum,9633
CASMI2022,massformer,completed,181,181,398,CASMI_MOL_1196915,CASMI_MOL_633371,633371,Cc1ccccc1C(O)C(O)C1CCCCC1,0.8695865152051925,binned_cosine_1Da,44,False,predicted_spectrum,9633
CASMI2022,massformer,completed,181,181,398,CASMI_MOL_1196915,CASMI_MOL_638595,638595,CC(C)(C)c1cccc(CCC2OCCO2)c1,0.8677252353041509,binned_cosine_1Da,45,False,predicted_spectrum,9633
CASMI2022,massformer,completed,181,181,398,CASMI_MOL_1196915,CASMI_MOL_635906,635906,CCC1(c2ccc(C(C)(C)C)cc2)OCCO1,0.8643047678864275,binned_cosine_1Da,46,False,predicted_spectrum,9633
CASMI2022,massformer,completed,181,181,398,CASMI_MOL_1196915,CASMI_MOL_637998,637998,CCc1ccc(CC(O)C2CCCOC2)cc1,0.8586476024940821,binned_cosine_1Da,47,False,predicted_spectrum,9633
CASMI2022,massformer,completed,181,181,398,CASMI_MOL_1196915,CASMI_MOL_637984,637984,CC(C)(c1ccccc1)C(O)C1CCOCC1,0.8579048467064967,binned_cosine_1Da,48,False,predicted_spectrum,9633
CASMI2022,massformer,completed,181,181,398,CASMI_MOL_1196915,CASMI_MOL_631917,631917,OC1CC1(O)C1(C2(C3(C4CC4)CC3)CC2)CC1,0.8575988554602488,binned_cosine_1Da,49,False,predicted_spectrum,9633
CASMI2022,massformer,completed,181,181,398,CASMI_MOL_1196915,CASMI_MOL_635601,635601,CC(C)CC1(c2ccccc2)OCCCCO1,0.8571585199024219,binned_cosine_1Da,50,False,predicted_spectrum,9633
CASMI2022,massformer,completed,181,181,398,CASMI_MOL_1196915,CASMI_MOL_634182,634182,OC(CC1CCCCC1)C(O)c1ccccc1,0.8570277160850543,binned_cosine_1Da,51,False,predicted_spectrum,9633
CASMI2022,massformer,completed,181,181,398,CASMI_MOL_1196915,CASMI_MOL_634184,634184,OC(c1ccccc1)C(O)C1CCCCCC1,0.8560889319007449,binned_cosine_1Da,52,False,predicted_spectrum,9633
CASMI2022,massformer,completed,181,181,398,CASMI_MOL_1196915,CASMI_MOL_634185,634185,Cc1cccc(C(O)C(O)C2CCCCC2)c1,0.8550084288996921,binned_cosine_1Da,53,False,predicted_spectrum,9633
CASMI2022,massformer,completed,181,181,398,CASMI_MOL_1196915,CASMI_MOL_633317,633317,CCC(c1ccccc1)C(O)C1CCCOC1,0.8547740273386525,binned_cosine_1Da,54,False,predicted_spectrum,9633
CASMI2022,massformer,completed,181,181,398,CASMI_MOL_1196915,CASMI_MOL_630743,630743,O=C(O)C12C=CC(C3CCCCC3)(CC1)CC2,0.854528262804078,binned_cosine_1Da,55,False,predicted_spectrum,9633
CASMI2022,massformer,completed,181,181,398,CASMI_MOL_1196915,CASMI_MOL_637208,637208,OC12CC(C3CCCC31)C1C3CCC(C3)C12O,0.8525750709614702,binned_cosine_1Da,56,False,predicted_spectrum,9633
CASMI2022,massformer,completed,181,181,398,CASMI_MOL_1196915,CASMI_MOL_638987,638987,C=C1CC23CCC1CC2CC1(CC3)OCCO1,0.8520930529812052,binned_cosine_1Da,57,False,predicted_spectrum,9633
CASMI2022,massformer,completed,181,181,398,CASMI_MOL_1196915,CASMI_MOL_631776,631776,OC1CCCCCCC1OCc1ccccc1,0.8509818524045211,binned_cosine_1Da,58,False,predicted_spectrum,9633
CASMI2022,massformer,completed,181,181,398,CASMI_MOL_1196915,CASMI_MOL_638226,638226,OC1CCCCCCC1OCc1ccccc1,0.8509818524045211,binned_cosine_1Da,59,False,predicted_spectrum,9633
CASMI2022,massformer,completed,181,181,398,CASMI_MOL_1196915,CASMI_MOL_634907,634907,OC1CC2CC3C4CC5CC3C1(O)C(C5)C4C2,0.8499462410732168,binned_cosine_1Da,60,False,predicted_spectrum,9633
CASMI2022,massformer,completed,181,181,398,CASMI_MOL_1196915,CASMI_MOL_630835,630835,CC(CO)(OC1CCCCC1)c1ccccc1,0.8460814966795582,binned_cosine_1Da,61,False,predicted_spectrum,9633
CASMI2022,massformer,completed,181,181,398,CASMI_MOL_1196915,CASMI_MOL_637702,637702,CCC(O)(CCC1CCCO1)c1ccccc1,0.8459016104884918,binned_cosine_1Da,62,False,predicted_spectrum,9633
CASMI2022,massformer,completed,181,181,398,CASMI_MOL_1196915,CASMI_MOL_635102,635102,COC(c1ccccc1)C(O)C1CCCCC1,0.8457834263719914,binned_cosine_1Da,63,False,predicted_spectrum,9633
CASMI2022,massformer,completed,181,181,398,CASMI_MOL_1196915,CASMI_MOL_635103,635103,COC(c1ccccc1)C(O)C1CCCCC1,0.8457834263719914,binned_cosine_1Da,64,False,predicted_spectrum,9633
CASMI2022,massformer,completed,181,181,398,CASMI_MOL_1196915,CASMI_MOL_635807,635807,COC(c1ccccc1)C(O)C1CCCCC1,0.8457834263719914,binned_cosine_1Da,65,False,predicted_spectrum,9633
CASMI2022,massformer,completed,181,181,398,CASMI_MOL_1196915,CASMI_MOL_637734,637734,CC(c1ccccc1)C(O)CC1CCOCC1,0.8453391631856477,binned_cosine_1Da,66,False,predicted_spectrum,9633
CASMI2022,massformer,completed,181,181,398,CASMI_MOL_1196915,CASMI_MOL_632709,632709,COC(C1CCCCC1)C(O)c1ccccc1,0.8449994559605127,binned_cosine_1Da,67,False,predicted_spectrum,9633
CASMI2022,massformer,completed,181,181,398,CASMI_MOL_1196915,CASMI_MOL_631795,631795,CC(=O)CC12CC3CC(C1)C(CC(C)=O)(C3)C2,0.8446654089717538,binned_cosine_1Da,68,False,predicted_spectrum,9633
CASMI2022,massformer,completed,181,181,398,CASMI_MOL_1196915,CASMI_MOL_638569,638569,C=CC(=O)OC1(C2CCCC2)CC2CCC1C2,0.8416887410929175,binned_cosine_1Da,69,False,predicted_spectrum,9633
CASMI2022,massformer,completed,181,181,398,CASMI_MOL_1196915,CASMI_MOL_638198,638198,OC(COC1CCCCCC1)c1ccccc1,0.8410429580547558,binned_cosine_1Da,70,False,predicted_spectrum,9633
CASMI2022,massformer,completed,181,181,398,CASMI_MOL_1196915,CASMI_MOL_634083,634083,CC(CC1CCCCO1)C(O)c1ccccc1,0.8404698263235166,binned_cosine_1Da,71,False,predicted_spectrum,9633
CASMI2022,massformer,completed,181,181,398,CASMI_MOL_1196915,CASMI_MOL_631711,631711,C=CC(=O)OC(C)C1CCC2C3CCC(C3)C21,0.8399232468309754,binned_cosine_1Da,72,False,predicted_spectrum,9633
CASMI2022,massformer,completed,181,181,398,CASMI_MOL_1196915,CASMI_MOL_631054,631054,C=CC(=O)OC(C)(C)C12CCCC3(CC3C1)C2,0.8386357951175486,binned_cosine_1Da,73,False,predicted_spectrum,9633
CASMI2022,massformer,completed,181,181,398,CASMI_MOL_1196915,CASMI_MOL_638035,638035,CC(C)c1ccc(C(O)C2CCCOC2)cc1,0.838522645208533,binned_cosine_1Da,74,False,predicted_spectrum,9633
CASMI2022,massformer,completed,181,181,398,CASMI_MOL_1196915,CASMI_MOL_638785,638785,CC1CCC2(C)C(C1)OC1C=CC2(C)C12CO2,0.8379088504250294,binned_cosine_1Da,75,False,predicted_spectrum,9633
CASMI2022,massformer,completed,181,181,398,CASMI_MOL_1196915,CASMI_MOL_638420,638420,CC1(Cc2cccc(C(C)(C)C)c2)OCCO1,0.8367432581024346,binned_cosine_1Da,76,False,predicted_spectrum,9633
CASMI2022,massformer,completed,181,181,398,CASMI_MOL_1196915,CASMI_MOL_634186,634186,OC(Cc1ccccc1)C(O)C1CCCCC1,0.8347338736267084,binned_cosine_1Da,77,False,predicted_spectrum,9633
CASMI2022,massformer,completed,181,181,398,CASMI_MOL_1196915,CASMI_MOL_634913,634913,OC(Cc1ccccc1)C(O)C1CCCCC1,0.8347338736267084,binned_cosine_1Da,78,False,predicted_spectrum,9633
CASMI2022,massformer,completed,181,181,398,CASMI_MOL_1196915,CASMI_MOL_638629,638629,Cc1ccc(C(O)(CO)C2CCCCC2)cc1,0.8342800160721842,binned_cosine_1Da,79,False,predicted_spectrum,9633
CASMI2022,massformer,completed,181,181,398,CASMI_MOL_1196915,CASMI_MOL_633320,633320,Cc1cc(C)cc(C(C)(O)C2CCCOC2)c1,0.8341588187422084,binned_cosine_1Da,80,False,predicted_spectrum,9633
CASMI2022,massformer,completed,181,181,398,CASMI_MOL_1196915,CASMI_MOL_637348,637348,Cc1ccccc1C(C)(C)OC1CCCCO1,0.8328586286347134,binned_cosine_1Da,81,False,predicted_spectrum,9633
CASMI2022,massformer,completed,181,181,398,CASMI_MOL_1196915,CASMI_MOL_633071,633071,CC(O)(c1ccccc1O)C1CCCCCC1,0.8323828902131847,binned_cosine_1Da,82,False,predicted_spectrum,9633
CASMI2022,massformer,completed,181,181,398,CASMI_MOL_1196915,CASMI_MOL_634476,634476,C=CC(=O)OC1C2CCCC2C12CCCCC2,0.831600928332449,binned_cosine_1Da,83,False,predicted_spectrum,9633
CASMI2022,massformer,completed,181,181,398,CASMI_MOL_1196915,CASMI_MOL_637703,637703,CC(c1ccccc1)C(O)CCC1CCCO1,0.8313567819627841,binned_cosine_1Da,84,False,predicted_spectrum,9633
CASMI2022,massformer,completed,181,181,398,CASMI_MOL_1196915,CASMI_MOL_633323,633323,CCc1ccc(C(C)(O)C2CCCOC2)cc1,0.8310546689439451,binned_cosine_1Da,85,False,predicted_spectrum,9633
CASMI2022,massformer,completed,181,181,398,CASMI_MOL_1196915,CASMI_MOL_630738,630738,CCC(O)(Oc1ccccc1)C1CCCCC1,0.8310086954337192,binned_cosine_1Da,86,False,predicted_spectrum,9633
CASMI2022,massformer,completed,181,181,398,CASMI_MOL_1196915,CASMI_MOL_637149,637149,CCCC(C)C1OCC(C)(c2ccccc2)O1,0.8305755989946231,binned_cosine_1Da,87,False,predicted_spectrum,9633
CASMI2022,massformer,completed,181,181,398,CASMI_MOL_1196915,CASMI_MOL_635787,635787,CC(C)c1ccc(COC2CCCCO2)cc1,0.8302074635749548,binned_cosine_1Da,88,False,predicted_spectrum,9633
CASMI2022,massformer,completed,181,181,398,CASMI_MOL_1196915,CASMI_MOL_638256,638256,CC(C)(C)c1ccc(C(O)C2CCOC2)cc1,0.8295566919673308,binned_cosine_1Da,89,False,predicted_spectrum,9633
CASMI2022,massformer,completed,181,181,398,CASMI_MOL_1196915,CASMI_MOL_634231,634231,OC(Cc1ccccc1)C1(O)CCCCCC1,0.8294218977457521,binned_cosine_1Da,90,False,predicted_spectrum,9633
CASMI2022,massformer,completed,181,181,398,CASMI_MOL_1196915,CASMI_MOL_631053,631053,C=CCC1=CC2CCCC3(OCCO3)C2CC1,0.827454998517851,binned_cosine_1Da,91,False,predicted_spectrum,9633
CASMI2022,massformer,completed,181,181,398,CASMI_MOL_1196915,CASMI_MOL_632999,632999,CCC(c1ccccc1)C(O)C1CCOCC1,0.8267602673538186,binned_cosine_1Da,92,False,predicted_spectrum,9633
CASMI2022,massformer,completed,181,181,398,CASMI_MOL_1196915,CASMI_MOL_635507,635507,CC1(C23C=CC(C2)C(C(=O)O)C3)CCCCC1,0.8267064802677727,binned_cosine_1Da,93,False,predicted_spectrum,9633
CASMI2022,massformer,completed,181,181,398,CASMI_MOL_1196915,CASMI_MOL_630987,630987,CC1CCCC1C12C=CC(=O)OC1CCCC2,0.826127154694507,binned_cosine_1Da,94,False,predicted_spectrum,9633
CASMI2022,massformer,completed,181,181,398,CASMI_MOL_1196915,CASMI_MOL_638027,638027,CC(C)(c1ccccc1)C(O)CC1CCCO1,0.8256103404534384,binned_cosine_1Da,95,False,predicted_spectrum,9633
CASMI2022,massformer,completed,181,181,398,CASMI_MOL_1196915,CASMI_MOL_637031,637031,CN1CCN(P(=O)(N(C)C)N(C)C)CC1,0.8241367831812452,binned_cosine_1Da,96,False,predicted_spectrum,9633
CASMI2022,massformer,completed,181,181,398,CASMI_MOL_1196915,CASMI_MOL_635489,635489,CNC(N)C(N)SC(N)N1CCNCC1,0.821156838599664,binned_cosine_1Da,97,False,predicted_spectrum,9633
CASMI2022,massformer,completed,181,181,398,CASMI_MOL_1196915,CASMI_MOL_637746,637746,CCC(O)(CC1CCOCC1)c1ccccc1,0.8197268969694659,binned_cosine_1Da,98,False,predicted_spectrum,9633
CASMI2022,massformer,completed,181,181,398,CASMI_MOL_1196915,CASMI_MOL_633565,633565,CC(C)c1ccc(C(C)(O)C2CCOC2)cc1,0.8192297766814645,binned_cosine_1Da,99,False,predicted_spectrum,9633
CASMI2022,massformer,completed,181,181,398,CASMI_MOL_1196915,CASMI_MOL_634132,634132,CCc1cccc(C(O)CC2CCCCO2)c1,0.819198475936611,binned_cosine_1Da,100,False,predicted_spectrum,9633
CASMI2022,massformer,completed,181,181,398,CASMI_MOL_1196915,CASMI_MOL_1196915,1196915,CC1=C(C(=O)O)CC2(C)CCC3C(C)CCC132,0.521362963885213,binned_cosine_1Da,1396,True,predicted_spectrum,9633
CASMI2022,massformer,completed,185,185,407,CASMI_MOL_1196979,CASMI_MOL_978279,978279,C=CC=Cc1cc(O)c(OC)cc1O,0.8190403553873273,binned_cosine_1Da,1,False,predicted_spectrum,6320
CASMI2022,massformer,completed,185,185,407,CASMI_MOL_1196979,CASMI_MOL_977477,977477,COc1ccc(O)c(C=C(C)C=O)c1,0.8070001865360237,binned_cosine_1Da,2,False,predicted_spectrum,6320
CASMI2022,massformer,completed,185,185,407,CASMI_MOL_1196979,CASMI_MOL_972666,972666,CC1CC(=O)c2c(O)cc(O)cc2C1,0.8052643213729715,binned_cosine_1Da,3,False,predicted_spectrum,6320
CASMI2022,massformer,completed,185,185,407,CASMI_MOL_1196979,CASMI_MOL_974986,974986,CC(=O)C(C)c1ccc(C=O)c(O)c1,0.8018361613812368,binned_cosine_1Da,4,False,predicted_spectrum,6320
CASMI2022,massformer,completed,185,185,407,CASMI_MOL_1196979,CASMI_MOL_972716,972716,CC(C)C(=O)c1cccc(C=O)c1O,0.799650023826709,binned_cosine_1Da,5,False,predicted_spectrum,6320
CASMI2022,massformer,completed,185,185,407,CASMI_MOL_1196979,CASMI_MOL_974705,974705,CC=Cc1ccc(O)c(OC)c1C=O,0.7989035749087954,binned_cosine_1Da,6,False,predicted_spectrum,6320
CASMI2022,massformer,completed,185,185,407,CASMI_MOL_1196979,CASMI_MOL_973416,973416,CC1CC(=O)c2c(O)ccc(O)c2C1,0.7976049629225753,binned_cosine_1Da,7,False,predicted_spectrum,6320
CASMI2022,massformer,completed,185,185,407,CASMI_MOL_1196979,CASMI_MOL_977711,977711,CC1CC(=O)c2c(O)ccc(O)c2C1,0.7976049629225753,binned_cosine_1Da,8,False,predicted_spectrum,6320
CASMI2022,massformer,completed,185,185,407,CASMI_MOL_1196979,CASMI_MOL_977861,977861,CC1CC(=O)c2c(O)ccc(O)c2C1,0.7976049629225753,binned_cosine_1Da,9,False,predicted_spectrum,6320
CASMI2022,massformer,completed,185,185,407,CASMI_MOL_1196979,CASMI_MOL_978281,978281,CC1CC(=O)c2c(O)ccc(O)c2C1,0.7976049629225753,binned_cosine_1Da,10,False,predicted_spectrum,6320
CASMI2022,massformer,completed,185,185,407,CASMI_MOL_1196979,CASMI_MOL_973780,973780,C=CC=c1c(O)cc(O)c(O)c1=CC,0.7941528787313108,binned_cosine_1Da,11,False,predicted_spectrum,6320
CASMI2022,massformer,completed,185,185,407,CASMI_MOL_1196979,CASMI_MOL_973434,973434,O=C1CCCc2cc(O)cc(CO)c21,0.7938221826809723,binned_cosine_1Da,12,False,predicted_spectrum,6320
CASMI2022,massformer,completed,185,185,407,CASMI_MOL_1196979,CASMI_MOL_973134,973134,CC(C)c1cccc(C=O)c(=O)c1O,0.7926065220625231,binned_cosine_1Da,13,False,predicted_spectrum,6320
CASMI2022,massformer,completed,185,185,407,CASMI_MOL_1196979,CASMI_MOL_972497,972497,CC1CC(=O)c2cc(O)c(O)cc2C1,0.7924719038876966,binned_cosine_1Da,14,False,predicted_spectrum,6320
CASMI2022,massformer,completed,185,185,407,CASMI_MOL_1196979,CASMI_MOL_972501,972501,CC1CC(=O)c2cc(O)c(O)cc2C1,0.7924719038876966,binned_cosine_1Da,15,False,predicted_spectrum,6320
CASMI2022,massformer,completed,185,185,407,CASMI_MOL_1196979,CASMI_MOL_976692,976692,CC1CC(=O)c2cc(O)c(O)cc2C1,0.7924719038876966,binned_cosine_1Da,16,False,predicted_spectrum,6320
CASMI2022,massformer,completed,185,185,407,CASMI_MOL_1196979,CASMI_MOL_978365,978365,C=CCc1cc(C=O)c(O)c(OC)c1,0.7922944072286591,binned_cosine_1Da,17,False,predicted_spectrum,6320
CASMI2022,massformer,completed,185,185,407,CASMI_MOL_1196979,CASMI_MOL_972649,972649,O=C(O)c1cc2c(cc1O)CCCC2,0.7899529289916826,binned_cosine_1Da,18,False,predicted_spectrum,6320
CASMI2022,massformer,completed,185,185,407,CASMI_MOL_1196979,CASMI_MOL_976786,976786,O=C(O)c1cc2c(cc1O)CCCC2,0.7899529289916826,binned_cosine_1Da,19,False,predicted_spectrum,6320
CASMI2022,massformer,completed,185,185,407,CASMI_MOL_1196979,CASMI_MOL_973960,973960,O=Cc1ccc(O)cc1CC1(O)CC1,0.7864590432141698,binned_cosine_1Da,20,False,predicted_spectrum,6320
CASMI2022,massformer,completed,185,185,407,CASMI_MOL_1196979,CASMI_MOL_973135,973135,CC(C)c1cccc(=O)c(O)c1C=O,0.7863327526657873,binned_cosine_1Da,21,False,predicted_spectrum,6320
CASMI2022,massformer,completed,185,185,407,CASMI_MOL_1196979,CASMI_MOL_978417,978417,CC(=O)Cc1cccc(O)c1C(C)=O,0.7857324581395962,binned_cosine_1Da,22,False,predicted_spectrum,6320
CASMI2022,massformer,completed,185,185,407,CASMI_MOL_1196979,CASMI_MOL_972655,972655,CC1(O)CCC(=O)c2c(O)cccc21,0.7850829383221964,binned_cosine_1Da,23,False,predicted_spectrum,6320
CASMI2022,massformer,completed,185,185,407,CASMI_MOL_1196979,CASMI_MOL_976779,976779,O=C(O)c1ccc2c(c1O)CCCC2,0.7850182923632082,binned_cosine_1Da,24,False,predicted_spectrum,6320
CASMI2022,massformer,completed,185,185,407,CASMI_MOL_1196979,CASMI_MOL_973961,973961,O=Cc1cc(O)ccc1CC1(O)CC1,0.7846711538780752,binned_cosine_1Da,25,False,predicted_spectrum,6320
CASMI2022,massformer,completed,185,185,407,CASMI_MOL_1196979,CASMI_MOL_977613,977613,CC=Cc1c(O)ccc(O)c1C(C)=O,0.784444655479087,binned_cosine_1Da,26,False,predicted_spectrum,6320
CASMI2022,massformer,completed,185,185,407,CASMI_MOL_1196979,CASMI_MOL_978343,978343,CC=Cc1c(O)ccc(O)c1C(C)=O,0.784444655479087,binned_cosine_1Da,27,False,predicted_spectrum,6320
CASMI2022,massformer,completed,185,185,407,CASMI_MOL_1196979,CASMI_MOL_976768,976768,CC=Cc1c(C=O)ccc(O)c1OC,0.7842459082835989,binned_cosine_1Da,28,False,predicted_spectrum,6320
CASMI2022,massformer,completed,185,185,407,CASMI_MOL_1196979,CASMI_MOL_975625,975625,COc1ccc(C=CC(C)=O)c(O)c1,0.783498271106417,binned_cosine_1Da,29,False,predicted_spectrum,6320
CASMI2022,massformer,completed,185,185,407,CASMI_MOL_1196979,CASMI_MOL_977246,977246,COc1ccc(C=CC(C)=O)c(O)c1,0.783498271106417,binned_cosine_1Da,30,False,predicted_spectrum,6320
CASMI2022,massformer,completed,185,185,407,CASMI_MOL_1196979,CASMI_MOL_977908,977908,Cc1cc(O)c2c(c1O)CC(C)C2=O,0.782389698983307,binned_cosine_1Da,31,False,predicted_spectrum,6320
CASMI2022,massformer,completed,185,185,407,CASMI_MOL_1196979,CASMI_MOL_972648,972648,Cc1c(O)cc(O)c2c1CC(C)C2=O,0.782371696046485,binned_cosine_1Da,32,False,predicted_spectrum,6320
CASMI2022,massformer,completed,185,185,407,CASMI_MOL_1196979,CASMI_MOL_972410,972410,Cc1cc(O)c2c(c1)OC(C)CC2=O,0.7822586404031124,binned_cosine_1Da,33,False,predicted_spectrum,6320
CASMI2022,massformer,completed,185,185,407,CASMI_MOL_1196979,CASMI_MOL_974465,974465,CC(O)c1ccc(=O)c2c(c1)C(O)C2,0.7817910553051779,binned_cosine_1Da,34,False,predicted_spectrum,6320
CASMI2022,massformer,completed,185,185,407,CASMI_MOL_1196979,CASMI_MOL_972620,972620,CC=Cc1cc(O)c(OC)cc1C=O,0.781734254663921,binned_cosine_1Da,35,False,predicted_spectrum,6320
CASMI2022,massformer,completed,185,185,407,CASMI_MOL_1196979,CASMI_MOL_977547,977547,CC1CCc2cc(C=O)c(O)cc2O1,0.7806080145678999,binned_cosine_1Da,36,False,predicted_spectrum,6320
CASMI2022,massformer,completed,185,185,407,CASMI_MOL_1196979,CASMI_MOL_978392,978392,C=CCc1ccc(O)c(C(C)=O)c1O,0.7803287422913585,binned_cosine_1Da,37,False,predicted_spectrum,6320
CASMI2022,massformer,completed,185,185,407,CASMI_MOL_1196979,CASMI_MOL_972652,972652,COc1c(C=O)ccc(O)c1C1CC1,0.7802296413151422,binned_cosine_1Da,38,False,predicted_spectrum,6320
CASMI2022,massformer,completed,185,185,407,CASMI_MOL_1196979,CASMI_MOL_976333,976333,Cc1cc(C(=O)O)c(O)c2c1CCC2,0.7801685675471741,binned_cosine_1Da,39,False,predicted_spectrum,6320
CASMI2022,massformer,completed,185,185,407,CASMI_MOL_1196979,CASMI_MOL_974217,974217,C=C(C(=O)CC)c1cc(O)ccc1O,0.7799555349834795,binned_cosine_1Da,40,False,predicted_spectrum,6320
CASMI2022,massformer,completed,185,185,407,CASMI_MOL_1196979,CASMI_MOL_977248,977248,COc1cc(O)ccc1C=CC(C)=O,0.7795525948625406,binned_cosine_1Da,41,False,predicted_spectrum,6320
CASMI2022,massformer,completed,185,185,407,CASMI_MOL_1196979,CASMI_MOL_977037,977037,CC(=O)c1ccc2c(c1O)CC(C)O2,0.7793843087157317,binned_cosine_1Da,42,False,predicted_spectrum,6320
CASMI2022,massformer,completed,185,185,407,CASMI_MOL_1196979,CASMI_MOL_972542,972542,CC(=O)Cc1ccc(O)c(C(C)=O)c1,0.778465650152578,binned_cosine_1Da,43,False,predicted_spectrum,6320
CASMI2022,massformer,completed,185,185,407,CASMI_MOL_1196979,CASMI_MOL_976870,976870,C=CC=c1cc(O)c(=C)c(OC)c1O,0.7781872749053165,binned_cosine_1Da,44,False,predicted_spectrum,6320
CASMI2022,massformer,completed,185,185,407,CASMI_MOL_1196979,CASMI_MOL_976433,976433,O=C(O)c1ccc(O)c2c1CCCC2,0.778150149496496,binned_cosine_1Da,45,False,predicted_spectrum,6320
CASMI2022,massformer,completed,185,185,407,CASMI_MOL_1196979,CASMI_MOL_977064,977064,O=C(O)c1ccc(O)c2c1CCCC2,0.778150149496496,binned_cosine_1Da,46,False,predicted_spectrum,6320
CASMI2022,massformer,completed,185,185,407,CASMI_MOL_1196979,CASMI_MOL_975526,975526,COC1CCC(=O)c2cccc(O)c21,0.7775779601485685,binned_cosine_1Da,47,False,predicted_spectrum,6320
CASMI2022,massformer,completed,185,185,407,CASMI_MOL_1196979,CASMI_MOL_977806,977806,COC1CCC(=O)c2cccc(O)c21,0.7775779601485685,binned_cosine_1Da,48,False,predicted_spectrum,6320
CASMI2022,massformer,completed,185,185,407,CASMI_MOL_1196979,CASMI_MOL_977873,977873,COC1CCC(=O)c2cccc(O)c21,0.7775779601485685,binned_cosine_1Da,49,False,predicted_spectrum,6320
CASMI2022,massformer,completed,185,185,407,CASMI_MOL_1196979,CASMI_MOL_977744,977744,COc1ccc2c(c1O)C(=O)CCC2,0.7773258109292488,binned_cosine_1Da,50,False,predicted_spectrum,6320
CASMI2022,massformer,completed,185,185,407,CASMI_MOL_1196979,CASMI_MOL_972366,972366,CC1CC(=O)c2cccc(O)c2C1O,0.7765136938643689,binned_cosine_1Da,51,False,predicted_spectrum,6320
CASMI2022,massformer,completed,185,185,407,CASMI_MOL_1196979,CASMI_MOL_972494,972494,CC1CC(=O)c2cccc(O)c2C1O,0.7765136938643689,binned_cosine_1Da,52,False,predicted_spectrum,6320
CASMI2022,massformer,completed,185,185,407,CASMI_MOL_1196979,CASMI_MOL_976562,976562,CC1CC(=O)c2cccc(O)c2C1O,0.7765136938643689,binned_cosine_1Da,53,False,predicted_spectrum,6320
CASMI2022,massformer,completed,185,185,407,CASMI_MOL_1196979,CASMI_MOL_975929,975929,COc1ccc(O)c(C=CC(C)=O)c1,0.7764931986354512,binned_cosine_1Da,54,False,predicted_spectrum,6320
CASMI2022,massformer,completed,185,185,407,CASMI_MOL_1196979,CASMI_MOL_977409,977409,COc1ccc(O)c(C=CC(C)=O)c1,0.7764931986354512,binned_cosine_1Da,55,False,predicted_spectrum,6320
CASMI2022,massformer,completed,185,185,407,CASMI_MOL_1196979,CASMI_MOL_973108,973108,CC1(C)Cc2cc(O)c(C(=O)O)cc21,0.7762264620078276,binned_cosine_1Da,56,False,predicted_spectrum,6320
CASMI2022,massformer,completed,185,185,407,CASMI_MOL_1196979,CASMI_MOL_972532,972532,CC(=O)c1cc(CO)cc(C(C)=O)c1,0.7762005866828984,binned_cosine_1Da,57,False,predicted_spectrum,6320
CASMI2022,massformer,completed,185,185,407,CASMI_MOL_1196979,CASMI_MOL_973435,973435,O=C1CCCc2c1ccc(CO)c2O,0.7758712672768573,binned_cosine_1Da,58,False,predicted_spectrum,6320
CASMI2022,massformer,completed,185,185,407,CASMI_MOL_1196979,CASMI_MOL_972548,972548,CC(=O)CCc1cccc(O)c1C=O,0.7758075988957929,binned_cosine_1Da,59,False,predicted_spectrum,6320
CASMI2022,massformer,completed,185,185,407,CASMI_MOL_1196979,CASMI_MOL_975483,975483,CC(=O)C(C)=Cc1ccc(O)c(O)c1,0.7757846730778596,binned_cosine_1Da,60,False,predicted_spectrum,6320
CASMI2022,massformer,completed,185,185,407,CASMI_MOL_1196979,CASMI_MOL_975840,975840,CC(=O)C(C)=Cc1ccc(O)c(O)c1,0.7757846730778596,binned_cosine_1Da,61,False,predicted_spectrum,6320
CASMI2022,massformer,completed,185,185,407,CASMI_MOL_1196979,CASMI_MOL_973605,973605,CC=CC(=O)c1c(O)cc(C)cc1O,0.7757568387797507,binned_cosine_1Da,62,False,predicted_spectrum,6320
CASMI2022,massformer,completed,185,185,407,CASMI_MOL_1196979,CASMI_MOL_972646,972646,Cc1c(O)cc2c(c1O)C(=O)C(C)C2,0.775057242399309,binned_cosine_1Da,63,False,predicted_spectrum,6320
CASMI2022,massformer,completed,185,185,407,CASMI_MOL_1196979,CASMI_MOL_972492,972492,CC=CC(C=O)c1cc(O)ccc1O,0.7746359241308682,binned_cosine_1Da,64,False,predicted_spectrum,6320
CASMI2022,massformer,completed,185,185,407,CASMI_MOL_1196979,CASMI_MOL_974438,974438,CC=CC(C=O)c1cc(O)ccc1O,0.7746359241308682,binned_cosine_1Da,65,False,predicted_spectrum,6320
CASMI2022,massformer,completed,185,185,407,CASMI_MOL_1196979,CASMI_MOL_978124,978124,CC=CC(C=O)c1cc(O)ccc1O,0.7746359241308682,binned_cosine_1Da,66,False,predicted_spectrum,6320
CASMI2022,massformer,completed,185,185,407,CASMI_MOL_1196979,CASMI_MOL_974407,974407,COC1CCC(=O)c2c(O)cccc21,0.774445582836795,binned_cosine_1Da,67,False,predicted_spectrum,6320
CASMI2022,massformer,completed,185,185,407,CASMI_MOL_1196979,CASMI_MOL_974408,974408,COC1CCC(=O)c2c(O)cccc21,0.774445582836795,binned_cosine_1Da,68,False,predicted_spectrum,6320
CASMI2022,massformer,completed,185,185,407,CASMI_MOL_1196979,CASMI_MOL_977044,977044,CC(C)c1oc(O)c2c(O)cccc12,0.774272585771343,binned_cosine_1Da,69,False,predicted_spectrum,6320
CASMI2022,massformer,completed,185,185,407,CASMI_MOL_1196979,CASMI_MOL_977251,977251,CC=CC(=O)c1c(O)cccc1OC,0.7734022764260913,binned_cosine_1Da,70,False,predicted_spectrum,6320
CASMI2022,massformer,completed,185,185,407,CASMI_MOL_1196979,CASMI_MOL_976886,976886,C=C(C(C)=O)c1ccc(OC)cc1O,0.77265878264524,binned_cosine_1Da,71,False,predicted_spectrum,6320
CASMI2022,massformer,completed,185,185,407,CASMI_MOL_1196979,CASMI_MOL_977231,977231,C=C(C(C)=O)c1ccc(OC)cc1O,0.77265878264524,binned_cosine_1Da,72,False,predicted_spectrum,6320
CASMI2022,massformer,completed,185,185,407,CASMI_MOL_1196979,CASMI_MOL_973497,973497,CC(=O)c1ccc(O)c(C2CC2)c1O,0.7724589635077435,binned_cosine_1Da,73,False,predicted_spectrum,6320
CASMI2022,massformer,completed,185,185,407,CASMI_MOL_1196979,CASMI_MOL_977452,977452,O=C1CCCCc2cc(O)cc(O)c21,0.7722662944622501,binned_cosine_1Da,74,False,predicted_spectrum,6320
CASMI2022,massformer,completed,185,185,407,CASMI_MOL_1196979,CASMI_MOL_973448,973448,CCC1CC(=O)c2c(O)ccc(O)c21,0.7711561435412468,binned_cosine_1Da,75,False,predicted_spectrum,6320
CASMI2022,massformer,completed,185,185,407,CASMI_MOL_1196979,CASMI_MOL_975311,975311,CC(=O)c1cc2c(cc1O)OC(C)C2,0.7710452591921924,binned_cosine_1Da,76,False,predicted_spectrum,6320
CASMI2022,massformer,completed,185,185,407,CASMI_MOL_1196979,CASMI_MOL_972543,972543,CC1CC(=O)Cc2ccc(O)cc2O1,0.7691644589125638,binned_cosine_1Da,77,False,predicted_spectrum,6320
CASMI2022,massformer,completed,185,185,407,CASMI_MOL_1196979,CASMI_MOL_974893,974893,C=CCc1ccc(O)c(OC)c1C=O,0.7685474169486629,binned_cosine_1Da,78,False,predicted_spectrum,6320
CASMI2022,massformer,completed,185,185,407,CASMI_MOL_1196979,CASMI_MOL_973300,973300,O=C1CCCc2c1ccc(O)c2CO,0.7683614109949765,binned_cosine_1Da,79,False,predicted_spectrum,6320
CASMI2022,massformer,completed,185,185,407,CASMI_MOL_1196979,CASMI_MOL_973854,973854,C=CCc1cc(O)ccc1OC(C)=O,0.7683202631057726,binned_cosine_1Da,80,False,predicted_spectrum,6320
CASMI2022,massformer,completed,185,185,407,CASMI_MOL_1196979,CASMI_MOL_977176,977176,CC(C)c1cc(C=O)cc(C=O)c1O,0.7679427145411228,binned_cosine_1Da,81,False,predicted_spectrum,6320
CASMI2022,massformer,completed,185,185,407,CASMI_MOL_1196979,CASMI_MOL_972488,972488,CC1CCC(=O)c2c(O)ccc(O)c21,0.7678804989076413,binned_cosine_1Da,82,False,predicted_spectrum,6320
CASMI2022,massformer,completed,185,185,407,CASMI_MOL_1196979,CASMI_MOL_973407,973407,CC1CCC(=O)c2c(O)ccc(O)c21,0.7678804989076413,binned_cosine_1Da,83,False,predicted_spectrum,6320
CASMI2022,massformer,completed,185,185,407,CASMI_MOL_1196979,CASMI_MOL_973459,973459,CC1CCC(=O)c2c(O)ccc(O)c21,0.7678804989076413,binned_cosine_1Da,84,False,predicted_spectrum,6320
CASMI2022,massformer,completed,185,185,407,CASMI_MOL_1196979,CASMI_MOL_977237,977237,C=C(C(C)=O)c1cc(OC)ccc1O,0.7677895461529419,binned_cosine_1Da,85,False,predicted_spectrum,6320
CASMI2022,massformer,completed,185,185,407,CASMI_MOL_1196979,CASMI_MOL_976908,976908,COc1ccc(O)c2c1CC(C)C2=O,0.7675542293164493,binned_cosine_1Da,86,False,predicted_spectrum,6320
CASMI2022,massformer,completed,185,185,407,CASMI_MOL_1196979,CASMI_MOL_977597,977597,Cc1cc(O)cc2c1C(=O)CC(C)O2,0.7671125785266708,binned_cosine_1Da,87,False,predicted_spectrum,6320
CASMI2022,massformer,completed,185,185,407,CASMI_MOL_1196979,CASMI_MOL_972226,972226,CC(=O)Cc1ccc(O)cc1C1CO1,0.7670712927165206,binned_cosine_1Da,88,False,predicted_spectrum,6320
CASMI2022,massformer,completed,185,185,407,CASMI_MOL_1196979,CASMI_MOL_975147,975147,Cc1cc2c(cc1O)OC(C)CC2=O,0.7668972903398639,binned_cosine_1Da,89,False,predicted_spectrum,6320
CASMI2022,massformer,completed,185,185,407,CASMI_MOL_1196979,CASMI_MOL_977990,977990,COc1ccc(O)c2c1C(=O)CCC2,0.7667304009723314,binned_cosine_1Da,90,False,predicted_spectrum,6320
CASMI2022,massformer,completed,185,185,407,CASMI_MOL_1196979,CASMI_MOL_976983,976983,C=C(C=O)c1c(C)c(O)cc(C)c1O,0.7667288597580044,binned_cosine_1Da,91,False,predicted_spectrum,6320
CASMI2022,massformer,completed,185,185,407,CASMI_MOL_1196979,CASMI_MOL_975310,975310,CC(=O)Cc1cc2c(cc1O)OCC2,0.7666130765907322,binned_cosine_1Da,92,False,predicted_spectrum,6320
CASMI2022,massformer,completed,185,185,407,CASMI_MOL_1196979,CASMI_MOL_972974,972974,CC(C=O)Cc1cc(O)c2c(c1O)C2,0.7665243760888565,binned_cosine_1Da,93,False,predicted_spectrum,6320
CASMI2022,massformer,completed,185,185,407,CASMI_MOL_1196979,CASMI_MOL_972975,972975,CC(=O)c1c(O)ccc2c1OCCC2,0.7658690276284289,binned_cosine_1Da,94,False,predicted_spectrum,6320
CASMI2022,massformer,completed,185,185,407,CASMI_MOL_1196979,CASMI_MOL_973423,973423,O=C1CCCC1c1ccc(O)c(O)c1,0.7656944417269266,binned_cosine_1Da,95,False,predicted_spectrum,6320
CASMI2022,massformer,completed,185,185,407,CASMI_MOL_1196979,CASMI_MOL_977360,977360,CC(=O)c1ccc(C)c(C(C)=O)c1O,0.7656530623914263,binned_cosine_1Da,96,False,predicted_spectrum,6320
CASMI2022,massformer,completed,185,185,407,CASMI_MOL_1196979,CASMI_MOL_972262,972262,CC(=O)CCc1cccc(=O)c(O)c1,0.7652914909695326,binned_cosine_1Da,97,False,predicted_spectrum,6320
CASMI2022,massformer,completed,185,185,407,CASMI_MOL_1196979,CASMI_MOL_975176,975176,O=C1CCCOc2cc(CO)ccc21,0.7651708343621563,binned_cosine_1Da,98,False,predicted_spectrum,6320
CASMI2022,massformer,completed,185,185,407,CASMI_MOL_1196979,CASMI_MOL_976191,976191,CC=Cc1cc(O)cc(C(C)=O)c1O,0.7651425837828434,binned_cosine_1Da,99,False,predicted_spectrum,6320
CASMI2022,massformer,completed,185,185,407,CASMI_MOL_1196979,CASMI_MOL_974136,974136,O=CC1(O)CCCc2cc(O)ccc21,0.7649863793933612,binned_cosine_1Da,100,False,predicted_spectrum,6320
CASMI2022,massformer,completed,185,185,407,CASMI_MOL_1196979,CASMI_MOL_1196979,1196979,COc1cc(C=CC(C)=O)ccc1O,0.6983922428789191,binned_cosine_1Da,793,True,predicted_spectrum,6320
CASMI2022,massformer,completed,186,186,408,CASMI_MOL_1196980,CASMI_MOL_979864,979864,COC(=O)C(C)=Cc1cc(OC)c(OC)c(OC)c1,0.7002734357056167,binned_cosine_1Da,1,False,predicted_spectrum,9661
CASMI2022,massformer,completed,186,186,408,CASMI_MOL_1196980,CASMI_MOL_985828,985828,COC(=O)C(C)=Cc1ccc(OC)c(OC)c1OC,0.697646627396364,binned_cosine_1Da,2,False,predicted_spectrum,9661
CASMI2022,massformer,completed,186,186,408,CASMI_MOL_1196980,CASMI_MOL_979077,979077,COC(=O)C1CC1c1cc(OC)c(OC)c(OC)c1,0.6914630954788277,binned_cosine_1Da,3,False,predicted_spectrum,9661
CASMI2022,massformer,completed,186,186,408,CASMI_MOL_1196980,CASMI_MOL_983731,983731,COC(=O)C1CC1c1cc(OC)c(OC)c(OC)c1,0.6914630954788277,binned_cosine_1Da,4,False,predicted_spectrum,9661
CASMI2022,massformer,completed,186,186,408,CASMI_MOL_1196980,CASMI_MOL_983732,983732,COC(=O)C1CC1c1cc(OC)c(OC)c(OC)c1,0.6914630954788277,binned_cosine_1Da,5,False,predicted_spectrum,9661
CASMI2022,massformer,completed,186,186,408,CASMI_MOL_1196980,CASMI_MOL_983733,983733,COC(=O)C1CC1c1cc(OC)c(OC)c(OC)c1,0.6914630954788277,binned_cosine_1Da,6,False,predicted_spectrum,9661
CASMI2022,massformer,completed,186,186,408,CASMI_MOL_1196980,CASMI_MOL_983734,983734,COC(=O)C1CC1c1cc(OC)c(OC)c(OC)c1,0.6914630954788277,binned_cosine_1Da,7,False,predicted_spectrum,9661
CASMI2022,massformer,completed,186,186,408,CASMI_MOL_1196980,CASMI_MOL_983821,983821,CCc1c(C)cc(CC(=O)OC)c(C(=O)OC)c1O,0.6690738564434018,binned_cosine_1Da,8,False,predicted_spectrum,9661
CASMI2022,massformer,completed,186,186,408,CASMI_MOL_1196980,CASMI_MOL_985833,985833,COC(=O)C(C)=Cc1c(OC)cc(OC)cc1OC,0.6448241993984863,binned_cosine_1Da,9,False,predicted_spectrum,9661
CASMI2022,massformer,completed,186,186,408,CASMI_MOL_1196980,CASMI_MOL_981825,981825,COC(=O)C(C)(C)C(=O)c1cc(OC)ccc1OC,0.6438865134352787,binned_cosine_1Da,10,False,predicted_spectrum,9661
CASMI2022,massformer,completed,186,186,408,CASMI_MOL_1196980,CASMI_MOL_981169,981169,COCCC(=Cc1ccc(O)c(OC)c1)C(=O)OC,0.6285945311506094,binned_cosine_1Da,11,False,predicted_spectrum,9661
CASMI2022,massformer,completed,186,186,408,CASMI_MOL_1196980,CASMI_MOL_981824,981824,COC(=O)C(C)(C)C(=O)c1ccc(OC)cc1OC,0.6281064894697737,binned_cosine_1Da,12,False,predicted_spectrum,9661
CASMI2022,massformer,completed,186,186,408,CASMI_MOL_1196980,CASMI_MOL_980637,980637,COC(=O)Cc1c(C)c(C)c(C)c(O)c1C(=O)OC,0.6258830824915209,binned_cosine_1Da,13,False,predicted_spectrum,9661
CASMI2022,massformer,completed,186,186,408,CASMI_MOL_1196980,CASMI_MOL_983541,983541,CCC(C(=O)OC)C(=O)c1cc(OC)cc(OC)c1,0.5872631240328756,binned_cosine_1Da,14,False,predicted_spectrum,9661
CASMI2022,massformer,completed,186,186,408,CASMI_MOL_1196980,CASMI_MOL_980712,980712,COC(=O)c1ccc(C=CCC(OC)OC)cc1O,0.5796959224461005,binned_cosine_1Da,15,False,predicted_spectrum,9661
CASMI2022,massformer,completed,186,186,408,CASMI_MOL_1196980,CASMI_MOL_984769,984769,COc1cccc(N=C(NC#N)Nc2ccccc2)c1,0.5427317673303382,binned_cosine_1Da,16,False,predicted_spectrum,9661
CASMI2022,massformer,completed,186,186,408,CASMI_MOL_1196980,CASMI_MOL_985910,985910,C#CCOc1ccc2ccccc2c1C=NN=C(N)N,0.5379725774935429,binned_cosine_1Da,17,False,predicted_spectrum,9661
CASMI2022,massformer,completed,186,186,408,CASMI_MOL_1196980,CASMI_MOL_986305,986305,CCC=Cc1cc(OC)cc(OCOC)c1C(=O)O,0.5347015563459214,binned_cosine_1Da,18,False,predicted_spectrum,9661
CASMI2022,massformer,completed,186,186,408,CASMI_MOL_1196980,CASMI_MOL_984454,984454,COCOc1ccc(C=O)c(OCOC)c1C1CC1,0.5261322918776192,binned_cosine_1Da,19,False,predicted_spectrum,9661
CASMI2022,massformer,completed,186,186,408,CASMI_MOL_1196980,CASMI_MOL_980041,980041,CCOc1cc(OCC)cc(C(=O)CC(=O)OC)c1,0.5084166264073533,binned_cosine_1Da,20,False,predicted_spectrum,9661
CASMI2022,massformer,completed,186,186,408,CASMI_MOL_1196980,CASMI_MOL_981828,981828,COC(=O)CC(=O)c1cc(OC)c(C)c(C)c1OC,0.5030702419469896,binned_cosine_1Da,21,False,predicted_spectrum,9661
CASMI2022,massformer,completed,186,186,408,CASMI_MOL_1196980,CASMI_MOL_979815,979815,CCc1c(OC)cc(OC)c(C=CC(=O)OC)c1O,0.5019548547947146,binned_cosine_1Da,22,False,predicted_spectrum,9661
CASMI2022,massformer,completed,186,186,408,CASMI_MOL_1196980,CASMI_MOL_981809,981809,CCC(C(=O)OC)C(=O)c1cc(OC)ccc1OC,0.5010818368121293,binned_cosine_1Da,23,False,predicted_spectrum,9661
CASMI2022,massformer,completed,186,186,408,CASMI_MOL_1196980,CASMI_MOL_981808,981808,CCC(C(=O)OC)C(=O)c1ccc(OC)cc1OC,0.4813920063560889,binned_cosine_1Da,24,False,predicted_spectrum,9661
CASMI2022,massformer,completed,186,186,408,CASMI_MOL_1196980,CASMI_MOL_986537,986537,COC(=O)C1(C)OC1(C)c1ccc(OC)cc1OC,0.4776391259312483,binned_cosine_1Da,25,False,predicted_spectrum,9661
CASMI2022,massformer,completed,186,186,408,CASMI_MOL_1196980,CASMI_MOL_981792,981792,COC(=O)C1(c2cc(OC)c(OC)c(OC)c2)CC1,0.471535673324892,binned_cosine_1Da,26,False,predicted_spectrum,9661
CASMI2022,massformer,completed,186,186,408,CASMI_MOL_1196980,CASMI_MOL_988009,988009,C=CCc1c(OC)ccc(C(=O)OC)c1OCOC,0.4693617828693003,binned_cosine_1Da,27,False,predicted_spectrum,9661
CASMI2022,massformer,completed,186,186,408,CASMI_MOL_1196980,CASMI_MOL_986536,986536,COC(=O)C1(C)OC1(C)c1cc(OC)ccc1OC,0.468034648329746,binned_cosine_1Da,28,False,predicted_spectrum,9661
CASMI2022,massformer,completed,186,186,408,CASMI_MOL_1196980,CASMI_MOL_987861,987861,COC(=O)Cc1ccc2c(c1)C(OC)(OC)CCO2,0.4663243128102501,binned_cosine_1Da,29,False,predicted_spectrum,9661
CASMI2022,massformer,completed,186,186,408,CASMI_MOL_1196980,CASMI_MOL_984315,984315,CCc1cc(OC)c(CC(=O)OC)cc1OC(C)=O,0.45826108664745996,binned_cosine_1Da,30,False,predicted_spectrum,9661
CASMI2022,massformer,completed,186,186,408,CASMI_MOL_1196980,CASMI_MOL_987797,987797,C=Cc1cc(C)cc(C(=O)OCOC)c1OCOC,0.45571125985022976,binned_cosine_1Da,31,False,predicted_spectrum,9661
CASMI2022,massformer,completed,186,186,408,CASMI_MOL_1196980,CASMI_MOL_979385,979385,COC(=O)C1OC1(CC(OC)OC)c1ccccc1,0.45467261595561076,binned_cosine_1Da,32,False,predicted_spectrum,9661
CASMI2022,massformer,completed,186,186,408,CASMI_MOL_1196980,CASMI_MOL_980697,980697,CCOC(=O)c1cc(CO)cc(CCC(=O)OC)c1,0.4544808344670911,binned_cosine_1Da,33,False,predicted_spectrum,9661
CASMI2022,massformer,completed,186,186,408,CASMI_MOL_1196980,CASMI_MOL_983737,983737,CN1C(=O)C(C)(CN=[N+]=[N-])c2ccc3ccccc3c21,0.44898018377129845,binned_cosine_1Da,34,False,predicted_spectrum,9661
CASMI2022,massformer,completed,186,186,408,CASMI_MOL_1196980,CASMI_MOL_983780,983780,CCOc1ccccc1N=NNc1ccccc1C#N,0.4487788396179614,binned_cosine_1Da,35,False,predicted_spectrum,9661
CASMI2022,massformer,completed,186,186,408,CASMI_MOL_1196980,CASMI_MOL_984622,984622,COCc1ccc(COC)c2c1COC(OC=O)C2,0.4477462755363793,binned_cosine_1Da,36,False,predicted_spectrum,9661
CASMI2022,massformer,completed,186,186,408,CASMI_MOL_1196980,CASMI_MOL_979541,979541,CCOC(=O)C(=O)c1ccccc1C(C)(OC)OC,0.44545158701521614,binned_cosine_1Da,37,False,predicted_spectrum,9661
CASMI2022,massformer,completed,186,186,408,CASMI_MOL_1196980,CASMI_MOL_987328,987328,CCC(C(=O)OC)C(C)(O)c1ccc2c(c1)OCO2,0.44403820258846627,binned_cosine_1Da,38,False,predicted_spectrum,9661
CASMI2022,massformer,completed,186,186,408,CASMI_MOL_1196980,CASMI_MOL_979892,979892,COC(=O)c1c(CCC(O)OC)ccc2c1CCO2,0.44116339394934917,binned_cosine_1Da,39,False,predicted_spectrum,9661
CASMI2022,massformer,completed,186,186,408,CASMI_MOL_1196980,CASMI_MOL_984795,984795,COC(=O)C=CCc1cc(OC)c(OC)c(OC)c1,0.4404484153361057,binned_cosine_1Da,40,False,predicted_spectrum,9661
CASMI2022,massformer,completed,186,186,408,CASMI_MOL_1196980,CASMI_MOL_980690,980690,CCOC(=O)c1cc(CCC(=O)OC)ccc1CO,0.4352735586328256,binned_cosine_1Da,41,False,predicted_spectrum,9661
CASMI2022,massformer,completed,186,186,408,CASMI_MOL_1196980,CASMI_MOL_983865,983865,COC(=O)CC1CCOc2cc(OC)cc(OC)c21,0.4348041892620886,binned_cosine_1Da,42,False,predicted_spectrum,9661
CASMI2022,massformer,completed,186,186,408,CASMI_MOL_1196980,CASMI_MOL_980120,980120,COC(=O)c1cccc(CC(C)(C)O)c1C(=O)OC,0.43400227672096325,binned_cosine_1Da,43,False,predicted_spectrum,9661
CASMI2022,massformer,completed,186,186,408,CASMI_MOL_1196980,CASMI_MOL_986535,986535,COC(=O)C1(C)OC1(C)c1ccc(OC)c(OC)c1,0.43316729949209587,binned_cosine_1Da,44,False,predicted_spectrum,9661
CASMI2022,massformer,completed,186,186,408,CASMI_MOL_1196980,CASMI_MOL_978819,978819,COC(=O)C1(c2cc(C)ccc2OC)CC(O)CO1,0.4328772800018401,binned_cosine_1Da,45,False,predicted_spectrum,9661
CASMI2022,massformer,completed,186,186,408,CASMI_MOL_1196980,CASMI_MOL_978820,978820,COC(=O)C1(c2cc(C)ccc2OC)CC(O)CO1,0.4328772800018401,binned_cosine_1Da,46,False,predicted_spectrum,9661
CASMI2022,massformer,completed,186,186,408,CASMI_MOL_1196980,CASMI_MOL_983936,983936,C=C1CC2(COCOC)C=CC(=O)C1(C(=O)OC)C2,0.4319225496425161,binned_cosine_1Da,47,False,predicted_spectrum,9661
CASMI2022,massformer,completed,186,186,408,CASMI_MOL_1196980,CASMI_MOL_981628,981628,COC(=O)C(O)c1cc(C2CCOC2)ccc1OC,0.43170320640418147,binned_cosine_1Da,48,False,predicted_spectrum,9661
CASMI2022,massformer,completed,186,186,408,CASMI_MOL_1196980,CASMI_MOL_981793,981793,COC(=O)C1(c2cc(OC)c(OC)cc2OC)CC1,0.42783421512666087,binned_cosine_1Da,49,False,predicted_spectrum,9661
CASMI2022,massformer,completed,186,186,408,CASMI_MOL_1196980,CASMI_MOL_984025,984025,CCOC1CC2c3ccccc3C=NN2C1(C#N)C#N,0.4271574112398032,binned_cosine_1Da,50,False,predicted_spectrum,9661
CASMI2022,massformer,completed,186,186,408,CASMI_MOL_1196980,CASMI_MOL_980642,980642,C=CC1OC1c1c(OCOC)cccc1OCOC,0.4223825661596126,binned_cosine_1Da,51,False,predicted_spectrum,9661
CASMI2022,massformer,completed,186,186,408,CASMI_MOL_1196980,CASMI_MOL_980695,980695,CCOC(=O)c1ccc(CCC(=O)OC)cc1CO,0.4215238919230226,binned_cosine_1Da,52,False,predicted_spectrum,9661
CASMI2022,massformer,completed,186,186,408,CASMI_MOL_1196980,CASMI_MOL_983990,983990,C=CC1CC2C(C(=O)OC)=CC1C(=O)C2(OC)OC,0.41960771849969447,binned_cosine_1Da,53,False,predicted_spectrum,9661
CASMI2022,massformer,completed,186,186,408,CASMI_MOL_1196980,CASMI_MOL_983991,983991,C=CC1CC2C(C(=O)OC)=CC1C(=O)C2(OC)OC,0.41960771849969447,binned_cosine_1Da,54,False,predicted_spectrum,9661
CASMI2022,massformer,completed,186,186,408,CASMI_MOL_1196980,CASMI_MOL_981682,981682,CCOC(=O)C(=O)c1cc(CC)cc(OC)c1OC,0.41194806439841714,binned_cosine_1Da,55,False,predicted_spectrum,9661
CASMI2022,massformer,completed,186,186,408,CASMI_MOL_1196980,CASMI_MOL_987895,987895,COCOc1cccc2c1CC(CCCO)OC2=O,0.4100392847200654,binned_cosine_1Da,56,False,predicted_spectrum,9661
CASMI2022,massformer,completed,186,186,408,CASMI_MOL_1196980,CASMI_MOL_984320,984320,CCc1cc(OC(C)=O)c(CC(=O)OC)cc1OC,0.40889658729351097,binned_cosine_1Da,57,False,predicted_spectrum,9661
CASMI2022,massformer,completed,186,186,408,CASMI_MOL_1196980,CASMI_MOL_981430,981430,C=C(C)c1cc(-c2ccc(C)o2)ccc1N=CN=[N+]=[N-],0.40868676245218405,binned_cosine_1Da,58,False,predicted_spectrum,9661
CASMI2022,massformer,completed,186,186,408,CASMI_MOL_1196980,CASMI_MOL_987537,987537,CCC(C(=O)OC)C(=O)c1ccc(OC)c(OC)c1,0.4081208157640178,binned_cosine_1Da,59,False,predicted_spectrum,9661
CASMI2022,massformer,completed,186,186,408,CASMI_MOL_1196980,CASMI_MOL_978641,978641,C=C(OCC)c1cc(OC)c(OC)cc1C(=O)OC,0.40775178164938736,binned_cosine_1Da,60,False,predicted_spectrum,9661
CASMI2022,massformer,completed,186,186,408,CASMI_MOL_1196980,CASMI_MOL_979923,979923,CCOC(=O)C(=Cc1ccc(O)c(OC)c1)OCC,0.40708296969671365,binned_cosine_1Da,61,False,predicted_spectrum,9661
CASMI2022,massformer,completed,186,186,408,CASMI_MOL_1196980,CASMI_MOL_980031,980031,CCOc1ccc(OCC)c(C(=O)CC(=O)OC)c1,0.4063340375821627,binned_cosine_1Da,62,False,predicted_spectrum,9661
CASMI2022,massformer,completed,186,186,408,CASMI_MOL_1196980,CASMI_MOL_984638,984638,C=NN=C(NN)c1ccccc1-c1ccc(C=O)cc1,0.40597993423183254,binned_cosine_1Da,63,False,predicted_spectrum,9661
CASMI2022,massformer,completed,186,186,408,CASMI_MOL_1196980,CASMI_MOL_979358,979358,C1=NC=NC2=NC=NC12OCc1ccc2c(c1)CCC2,0.405211167803875,binned_cosine_1Da,64,False,predicted_spectrum,9661
CASMI2022,massformer,completed,186,186,408,CASMI_MOL_1196980,CASMI_MOL_984610,984610,CN=C(C[N+]1([O-])C=NC=N1)c1ccc2ccccc2c1,0.4049827435371879,binned_cosine_1Da,65,False,predicted_spectrum,9661
CASMI2022,massformer,completed,186,186,408,CASMI_MOL_1196980,CASMI_MOL_984708,984708,C=CCc1c(OC)cc(C(=O)OC)c(OC)c1OC,0.40466446833746916,binned_cosine_1Da,66,False,predicted_spectrum,9661
CASMI2022,massformer,completed,186,186,408,CASMI_MOL_1196980,CASMI_MOL_980899,980899,COc1cccc(C2(C(=O)O)CC(OC)(OC)C2)c1,0.4040020308903191,binned_cosine_1Da,67,False,predicted_spectrum,9661
CASMI2022,massformer,completed,186,186,408,CASMI_MOL_1196980,CASMI_MOL_980694,980694,CCOC(=O)c1ccc(CO)cc1CCC(=O)OC,0.4001592103769473,binned_cosine_1Da,68,False,predicted_spectrum,9661
CASMI2022,massformer,completed,186,186,408,CASMI_MOL_1196980,CASMI_MOL_979530,979530,CCOC(=O)c1ccc2c(c1COCOC)COC2,0.39905204700335767,binned_cosine_1Da,69,False,predicted_spectrum,9661
CASMI2022,massformer,completed,186,186,408,CASMI_MOL_1196980,CASMI_MOL_986581,986581,COC(=O)C1OC1(C)Cc1ccc(OC)c(OC)c1,0.3990182956262442,binned_cosine_1Da,70,False,predicted_spectrum,9661
CASMI2022,massformer,completed,186,186,408,CASMI_MOL_1196980,CASMI_MOL_979539,979539,c1ccc2c3c(ccc2c1)OC(Nn1cnnc1)CC3,0.39868937947372035,binned_cosine_1Da,71,False,predicted_spectrum,9661
CASMI2022,massformer,completed,186,186,408,CASMI_MOL_1196980,CASMI_MOL_987563,987563,COC(=O)CC(C)C(=O)c1cc(OC)cc(OC)c1,0.39856510902020625,binned_cosine_1Da,72,False,predicted_spectrum,9661
CASMI2022,massformer,completed,186,186,408,CASMI_MOL_1196980,CASMI_MOL_984282,984282,CCOc1cc(CC(C(C)=O)C(=O)OC)ccc1O,0.39669326900954005,binned_cosine_1Da,73,False,predicted_spectrum,9661
CASMI2022,massformer,completed,186,186,408,CASMI_MOL_1196980,CASMI_MOL_984283,984283,CCOc1cc(CC(C(C)=O)C(=O)OC)ccc1O,0.39669326900954005,binned_cosine_1Da,74,False,predicted_spectrum,9661
CASMI2022,massformer,completed,186,186,408,CASMI_MOL_1196980,CASMI_MOL_981465,981465,COC(=O)CC1(c2ccc(OC)cc2OC)COC1,0.3958916875160478,binned_cosine_1Da,75,False,predicted_spectrum,9661
CASMI2022,massformer,completed,186,186,408,CASMI_MOL_1196980,CASMI_MOL_981885,981885,COC(=O)C1(c2ccc(OC)c(C)c2OC)COC1,0.3950782000340032,binned_cosine_1Da,76,False,predicted_spectrum,9661
CASMI2022,massformer,completed,186,186,408,CASMI_MOL_1196980,CASMI_MOL_979545,979545,COc1ccc(OC)c(C(=O)C(C)(C)OC(C)=O)c1,0.39451394760030245,binned_cosine_1Da,77,False,predicted_spectrum,9661
CASMI2022,massformer,completed,186,186,408,CASMI_MOL_1196980,CASMI_MOL_984373,984373,COC(=O)C1c2ccc(OC)c(OC)c2CCC1O,0.39372213627087427,binned_cosine_1Da,78,False,predicted_spectrum,9661
CASMI2022,massformer,completed,186,186,408,CASMI_MOL_1196980,CASMI_MOL_981643,981643,CCc1c(C(O)C(=O)OC)ccc2c1OCCCO2,0.3913934707688564,binned_cosine_1Da,79,False,predicted_spectrum,9661
CASMI2022,massformer,completed,186,186,408,CASMI_MOL_1196980,CASMI_MOL_979275,979275,COc1cncc(NCc2cncc3ccccc23)n1,0.3909416393827043,binned_cosine_1Da,80,False,predicted_spectrum,9661
CASMI2022,massformer,completed,186,186,408,CASMI_MOL_1196980,CASMI_MOL_980696,980696,CCOC(=O)c1cc(CO)ccc1CCC(=O)OC,0.3903790835278943,binned_cosine_1Da,81,False,predicted_spectrum,9661
CASMI2022,massformer,completed,186,186,408,CASMI_MOL_1196980,CASMI_MOL_983940,983940,CC(=O)OCCC1(OO)c2ccccc2CCC1O,0.3897206690734183,binned_cosine_1Da,82,False,predicted_spectrum,9661
CASMI2022,massformer,completed,186,186,408,CASMI_MOL_1196980,CASMI_MOL_979739,979739,CCOC(=O)C(OC)=C(OC)c1ccccc1OC,0.38964932104278405,binned_cosine_1Da,83,False,predicted_spectrum,9661
CASMI2022,massformer,completed,186,186,408,CASMI_MOL_1196980,CASMI_MOL_983361,983361,COCCOc1ccccc1C1(O)CC(C(=O)O)C1,0.3881284505378835,binned_cosine_1Da,84,False,predicted_spectrum,9661
CASMI2022,massformer,completed,186,186,408,CASMI_MOL_1196980,CASMI_MOL_986407,986407,COC(OC)C1(C)CC(=O)c2cc(O)c(C)cc2O1,0.3878897127754953,binned_cosine_1Da,85,False,predicted_spectrum,9661
CASMI2022,massformer,completed,186,186,408,CASMI_MOL_1196980,CASMI_MOL_984591,984591,COOCC1(c2ccc(OC)cc2)CC1C(=O)OC,0.3875031420342877,binned_cosine_1Da,86,False,predicted_spectrum,9661
CASMI2022,massformer,completed,186,186,408,CASMI_MOL_1196980,CASMI_MOL_981672,981672,CCOC(=O)C(=O)c1cccc(OC)c1OC(C)C,0.38710189558995645,binned_cosine_1Da,87,False,predicted_spectrum,9661
CASMI2022,massformer,completed,186,186,408,CASMI_MOL_1196980,CASMI_MOL_980698,980698,CCOC(=O)c1c(CO)cccc1CCC(=O)OC,0.38660261647121963,binned_cosine_1Da,88,False,predicted_spectrum,9661
CASMI2022,massformer,completed,186,186,408,CASMI_MOL_1196980,CASMI_MOL_984934,984934,COCCC(C)(C(=O)O)c1cc2c(cc1C)OCO2,0.3863190935288964,binned_cosine_1Da,89,False,predicted_spectrum,9661
CASMI2022,massformer,completed,186,186,408,CASMI_MOL_1196980,CASMI_MOL_981631,981631,COC(=O)C(O)c1ccc2c(c1)OCC(C)(C)CO2,0.3861512264819468,binned_cosine_1Da,90,False,predicted_spectrum,9661
CASMI2022,massformer,completed,186,186,408,CASMI_MOL_1196980,CASMI_MOL_980052,980052,CON=C(c1cnc2ccccc2c1)c1ccnn1C,0.3859735017370598,binned_cosine_1Da,91,False,predicted_spectrum,9661
CASMI2022,massformer,completed,186,186,408,CASMI_MOL_1196980,CASMI_MOL_984074,984074,COC(=O)C1(C(=O)OC)CC2=CCCC(=O)CC2C1,0.3845333523995309,binned_cosine_1Da,92,False,predicted_spectrum,9661
CASMI2022,massformer,completed,186,186,408,CASMI_MOL_1196980,CASMI_MOL_981592,981592,COCc1c(CC(C)(C)C(=O)O)ccc2c1OCO2,0.384157513315128,binned_cosine_1Da,93,False,predicted_spectrum,9661
CASMI2022,massformer,completed,186,186,408,CASMI_MOL_1196980,CASMI_MOL_979314,979314,COC(=O)c1ccc(OCC(C)C)c2c1OCCO2,0.38215738682409817,binned_cosine_1Da,94,False,predicted_spectrum,9661
CASMI2022,massformer,completed,186,186,408,CASMI_MOL_1196980,CASMI_MOL_980612,980612,COC(=O)C=CCc1cc(OC)c(OC)cc1OC,0.38156539666187517,binned_cosine_1Da,95,False,predicted_spectrum,9661
CASMI2022,massformer,completed,186,186,408,CASMI_MOL_1196980,CASMI_MOL_981680,981680,CCOC(=O)C(=O)c1c(C(C)C)ccc(OC)c1O,0.38139146985558275,binned_cosine_1Da,96,False,predicted_spectrum,9661
CASMI2022,massformer,completed,186,186,408,CASMI_MOL_1196980,CASMI_MOL_981466,981466,COC(=O)CC1(c2cc(OC)ccc2OC)COC1,0.3811442401154808,binned_cosine_1Da,97,False,predicted_spectrum,9661
CASMI2022,massformer,completed,186,186,408,CASMI_MOL_1196980,CASMI_MOL_985028,985028,CCOC(=O)C(=O)c1ccc(OC(C)C)c(OC)c1,0.3799160154932567,binned_cosine_1Da,98,False,predicted_spectrum,9661
CASMI2022,massformer,completed,186,186,408,CASMI_MOL_1196980,CASMI_MOL_980038,980038,CCOc1ccc(C(=O)CC(=O)OC)c(OCC)c1,0.37988039635968096,binned_cosine_1Da,99,False,predicted_spectrum,9661
CASMI2022,massformer,completed,186,186,408,CASMI_MOL_1196980,CASMI_MOL_987853,987853,COCOc1ccc(CCCCO)c2c1C(=O)OC2,0.379737450653131,binned_cosine_1Da,100,False,predicted_spectrum,9661
CASMI2022,massformer,completed,186,186,408,CASMI_MOL_1196980,CASMI_MOL_1196980,1196980,COC(=O)c1c(O)cc(OC)c(C)c1C(C)C(C)=O,0.1555707915298086,binned_cosine_1Da,3266,True,predicted_spectrum,9661
CASMI2022,massformer,completed,187,187,409,CASMI_MOL_1196981,CASMI_MOL_988287,988287,CCOC(=O)C1CC=C(c2nc(N(C)PC)cc(C)c2C(F)(F)F)CC1=O,0.2964096270027946,binned_cosine_1Da,1,False,predicted_spectrum,8418
CASMI2022,massformer,completed,187,187,409,CASMI_MOL_1196981,CASMI_MOL_995742,995742,COc1c(C)c(OC)c2c(=O)c(OC)c(-c3cc(O)c(O)c(O)c3C)oc2c1C,0.2845063659453518,binned_cosine_1Da,2,False,predicted_spectrum,8418
CASMI2022,massformer,completed,187,187,409,CASMI_MOL_1196981,CASMI_MOL_992398,992398,CCOc1ccc2c(Nc3ccc4c(c3)C(=O)NC4=O)c(C#N)cnc2c1OCC,0.28363746083302704,binned_cosine_1Da,3,False,predicted_spectrum,8418
CASMI2022,massformer,completed,187,187,409,CASMI_MOL_1196981,CASMI_MOL_992868,992868,COc1cccc(-c2cc(C3C(=O)C(C)(C)C(=O)C(C)(C)C3=O)c(C)s2)c1F,0.2808320192268783,binned_cosine_1Da,4,False,predicted_spectrum,8418
CASMI2022,massformer,completed,187,187,409,CASMI_MOL_1196981,CASMI_MOL_995729,995729,COc1c(OC)c(O)c2c3c(c(COC(C)=O)cc2c1O)C1=C(C3)OC(C)(C)O1,0.2801747860531228,binned_cosine_1Da,5,False,predicted_spectrum,8418
CASMI2022,massformer,completed,187,187,409,CASMI_MOL_1196981,CASMI_MOL_989314,989314,CCC1COc2c(C)c(O)c(-c3c(O)c(C)c(O)c(C(C)=O)c3O)c(O)c2C1=O,0.275855028555553,binned_cosine_1Da,6,False,predicted_spectrum,8418
CASMI2022,massformer,completed,187,187,409,CASMI_MOL_1196981,CASMI_MOL_996294,996294,CCOc1cc2ncc(C#N)c(Nc3ccc4c(c3)C(=O)NC4=O)c2cc1OCC,0.27418228153113144,binned_cosine_1Da,7,False,predicted_spectrum,8418
CASMI2022,massformer,completed,187,187,409,CASMI_MOL_1196981,CASMI_MOL_995845,995845,COc1cc2ncc(C#N)c(Nc3ccc(CCC#N)c4c3OCO4)c2cc1OC,0.27141385766588777,binned_cosine_1Da,8,False,predicted_spectrum,8418
CASMI2022,massformer,completed,187,187,409,CASMI_MOL_1196981,CASMI_MOL_992201,992201,COc1c(O)ccc(C=C2CCCC(=Cc3ccc(O)c(OC)c3F)C2=O)c1F,0.27124533035539367,binned_cosine_1Da,9,False,predicted_spectrum,8418
CASMI2022,massformer,completed,187,187,409,CASMI_MOL_1196981,CASMI_MOL_992202,992202,COc1cc(C=C2CCCC(=Cc3cc(F)c(O)c(OC)c3)C2=O)cc(F)c1O,0.2664220077458051,binned_cosine_1Da,10,False,predicted_spectrum,8418
CASMI2022,massformer,completed,187,187,409,CASMI_MOL_1196981,CASMI_MOL_996127,996127,COC(=O)c1ccc(O)c(C(C=C(C)C)c2c(O)ccc(C(=O)OC)c2O)c1O,0.2662301108595588,binned_cosine_1Da,11,False,predicted_spectrum,8418
CASMI2022,massformer,completed,187,187,409,CASMI_MOL_1196981,CASMI_MOL_990583,990583,CC#CC1(O)C(=O)OCc2c1cc1n(c2=O)Cc2cc3c(N(C)C)nccc3nc2-1,0.26615681767147237,binned_cosine_1Da,12,False,predicted_spectrum,8418
CASMI2022,massformer,completed,187,187,409,CASMI_MOL_1196981,CASMI_MOL_988325,988325,CC(C)c1c(C(F)(F)CC(=O)O)c2nc3[nH]ncc3cc2n1-c1ccc(F)cc1,0.26360540494722307,binned_cosine_1Da,13,False,predicted_spectrum,8418
CASMI2022,massformer,completed,187,187,409,CASMI_MOL_1196981,CASMI_MOL_988326,988326,CC(C)c1c(CC(F)(F)C(=O)O)c2nc3[nH]ncc3cc2n1-c1ccc(F)cc1,0.26280599335139043,binned_cosine_1Da,14,False,predicted_spectrum,8418
CASMI2022,massformer,completed,187,187,409,CASMI_MOL_1196981,CASMI_MOL_996043,996043,CCC1(O)C(=O)OCc2c1cc1n(c2=O)Cc2c-1nc1cccc3c1c2N(C)C=N3,0.2626045972475091,binned_cosine_1Da,15,False,predicted_spectrum,8418
CASMI2022,massformer,completed,187,187,409,CASMI_MOL_1196981,CASMI_MOL_996265,996265,CCC1(O)C(=O)OCc2c1cc1n(c2=O)Cc2c-1nc1cccc3c1c2N(C)C=N3,0.2626045972475091,binned_cosine_1Da,16,False,predicted_spectrum,8418
CASMI2022,massformer,completed,187,187,409,CASMI_MOL_1196981,CASMI_MOL_989737,989737,COc1c(-c2ccc(-c3ccncc3)cc2)nc2c(OC)cncc2c1C(O)=NO,0.26200304479893566,binned_cosine_1Da,17,False,predicted_spectrum,8418
CASMI2022,massformer,completed,187,187,409,CASMI_MOL_1196981,CASMI_MOL_989068,989068,CON=Cc1ccc(-c2cc(F)cc(F)c2NC(=O)c2c(C)nn(C)c2F)cc1,0.2602357680934857,binned_cosine_1Da,18,False,predicted_spectrum,8418
CASMI2022,massformer,completed,187,187,409,CASMI_MOL_1196981,CASMI_MOL_992197,992197,CON=Cc1ccc(-c2cc(F)cc(F)c2NC(=O)c2c(C)nn(C)c2F)cc1,0.2602357680934857,binned_cosine_1Da,19,False,predicted_spectrum,8418
CASMI2022,massformer,completed,187,187,409,CASMI_MOL_1196981,CASMI_MOL_995501,995501,CON=Cc1ccc(-c2cc(F)cc(F)c2NC(=O)c2c(C)nn(C)c2F)cc1,0.2602357680934857,binned_cosine_1Da,20,False,predicted_spectrum,8418
CASMI2022,massformer,completed,187,187,409,CASMI_MOL_1196981,CASMI_MOL_992606,992606,CC(=O)COc1ccc2c(c1)C1(COC(=N)N1)c1cc(-c3cncnc3)ccc1O2,0.2597092871737443,binned_cosine_1Da,21,False,predicted_spectrum,8418
CASMI2022,massformer,completed,187,187,409,CASMI_MOL_1196981,CASMI_MOL_992609,992609,CC(=O)COc1ccc2c(c1)C1(COC(=N)N1)c1cc(-c3cncnc3)ccc1O2,0.2597092871737443,binned_cosine_1Da,22,False,predicted_spectrum,8418
CASMI2022,massformer,completed,187,187,409,CASMI_MOL_1196981,CASMI_MOL_988783,988783,CCOc1cc(-c2cccc(C=CC(=O)O)c2)ccc1-c1nc(=O)c2[nH]cnc2[nH]1,0.2595169449729203,binned_cosine_1Da,23,False,predicted_spectrum,8418
CASMI2022,massformer,completed,187,187,409,CASMI_MOL_1196981,CASMI_MOL_988328,988328,CC(C)c1c(CC(F)C(=O)O)c2nc3[nH]ncc3cc2n1-c1ccc(F)c(F)c1,0.2594119096564167,binned_cosine_1Da,24,False,predicted_spectrum,8418
CASMI2022,massformer,completed,187,187,409,CASMI_MOL_1196981,CASMI_MOL_988329,988329,CC(C)c1c(CC(F)C(=O)O)c2nc3[nH]ncc3cc2n1-c1ccc(F)c(F)c1,0.2594119096564167,binned_cosine_1Da,25,False,predicted_spectrum,8418
CASMI2022,massformer,completed,187,187,409,CASMI_MOL_1196981,CASMI_MOL_988596,988596,C=CC(C)(C)c1cc(C2(O)COc3cc(O)cc(O)c3C2=O)c(O)c(O)c1OC,0.2591442216302666,binned_cosine_1Da,26,False,predicted_spectrum,8418
CASMI2022,massformer,completed,187,187,409,CASMI_MOL_1196981,CASMI_MOL_996247,996247,C=CC(C)(C)c1cc(C2(O)COc3cc(O)cc(O)c3C2=O)c(O)c(O)c1OC,0.2591442216302666,binned_cosine_1Da,27,False,predicted_spectrum,8418
CASMI2022,massformer,completed,187,187,409,CASMI_MOL_1196981,CASMI_MOL_995606,995606,COc1ccc(C2=NCC(Cl)CN(C)c3cc4c(cc32)OCCO4)cc1OC,0.2566736632509661,binned_cosine_1Da,28,False,predicted_spectrum,8418
CASMI2022,massformer,completed,187,187,409,CASMI_MOL_1196981,CASMI_MOL_988960,988960,CCC1(C)C(=Cc2ccc([S+](C)[O-])cc2)c2ccc(F)cc2C1(O)OC(C)=O,0.25638542477782444,binned_cosine_1Da,29,False,predicted_spectrum,8418
CASMI2022,massformer,completed,187,187,409,CASMI_MOL_1196981,CASMI_MOL_996196,996196,COc1cc2c(c(OC)c1OC)C1CC3OC1(C=C(OC(C)=O)C3=O)C(=O)CC2,0.2558524711830611,binned_cosine_1Da,30,False,predicted_spectrum,8418
CASMI2022,massformer,completed,187,187,409,CASMI_MOL_1196981,CASMI_MOL_989066,989066,CON=Cc1ccc(-c2cc(F)c(F)cc2NC(=O)c2c(C)nn(C)c2F)cc1,0.25582012721015546,binned_cosine_1Da,31,False,predicted_spectrum,8418
CASMI2022,massformer,completed,187,187,409,CASMI_MOL_1196981,CASMI_MOL_992174,992174,CON=Cc1ccc(-c2cc(F)c(F)cc2NC(=O)c2c(C)nn(C)c2F)cc1,0.25582012721015546,binned_cosine_1Da,32,False,predicted_spectrum,8418
CASMI2022,massformer,completed,187,187,409,CASMI_MOL_1196981,CASMI_MOL_995377,995377,CON=Cc1ccc(-c2cc(F)c(F)cc2NC(=O)c2c(C)nn(C)c2F)cc1,0.25582012721015546,binned_cosine_1Da,33,False,predicted_spectrum,8418
CASMI2022,massformer,completed,187,187,409,CASMI_MOL_1196981,CASMI_MOL_989495,989495,COc1c(Cl)ccc2c(=O)c3cc(N(C)C)c(C(C)C)cc3n(CC(=O)O)c12,0.25570337659184517,binned_cosine_1Da,34,False,predicted_spectrum,8418
CASMI2022,massformer,completed,187,187,409,CASMI_MOL_1196981,CASMI_MOL_991759,991759,CC(=O)COc1ccc2c(c1)C1(COC(=N)N1)c1cc(-c3cccnc3)cnc1O2,0.25563262639072293,binned_cosine_1Da,35,False,predicted_spectrum,8418
CASMI2022,massformer,completed,187,187,409,CASMI_MOL_1196981,CASMI_MOL_991761,991761,CC(=O)COc1ccc2c(c1)C1(COC(=N)N1)c1cc(-c3cccnc3)cnc1O2,0.25563262639072293,binned_cosine_1Da,36,False,predicted_spectrum,8418
CASMI2022,massformer,completed,187,187,409,CASMI_MOL_1196981,CASMI_MOL_990094,990094,COc1ccc(-c2c(-c3cc[nH]n3)c3cc4c(cc3n2OC)C(=O)N(C)C4=O)cc1,0.25474175789305215,binned_cosine_1Da,37,False,predicted_spectrum,8418
CASMI2022,massformer,completed,187,187,409,CASMI_MOL_1196981,CASMI_MOL_989399,989399,COc1ccc(-c2ccc(-c3nc4ccncc4c(C(O)=NO)c3OC)cc2)cn1,0.254380097259315,binned_cosine_1Da,38,False,predicted_spectrum,8418
CASMI2022,massformer,completed,187,187,409,CASMI_MOL_1196981,CASMI_MOL_988327,988327,CC(C)c1c(C(F)CC(=O)O)c2nc3[nH]ncc3cc2n1-c1ccc(F)c(F)c1,0.25436480300316733,binned_cosine_1Da,39,False,predicted_spectrum,8418
CASMI2022,massformer,completed,187,187,409,CASMI_MOL_1196981,CASMI_MOL_988330,988330,CC(C)c1c(C(F)CC(=O)O)c2nc3[nH]ncc3cc2n1-c1ccc(F)c(F)c1,0.25436480300316733,binned_cosine_1Da,40,False,predicted_spectrum,8418
CASMI2022,massformer,completed,187,187,409,CASMI_MOL_1196981,CASMI_MOL_989369,989369,CCOC(=O)Cc1ccc(-c2cccc(Nc3nccc(C(F)(F)F)n3)c2)nc1,0.2541206826032406,binned_cosine_1Da,41,False,predicted_spectrum,8418
CASMI2022,massformer,completed,187,187,409,CASMI_MOL_1196981,CASMI_MOL_989393,989393,COc1cccc(F)c1Oc1cncc(-c2nc(C(C)(C)O)c(C(=O)O)n2C)n1,0.2536266665964806,binned_cosine_1Da,42,False,predicted_spectrum,8418
CASMI2022,massformer,completed,187,187,409,CASMI_MOL_1196981,CASMI_MOL_989707,989707,CCC1(O)CC(=O)OCc2c1cc1n(c2=O)Cc2cc3cc4[nH]cnc4cc3nc2-1,0.25352097676591556,binned_cosine_1Da,43,False,predicted_spectrum,8418
CASMI2022,massformer,completed,187,187,409,CASMI_MOL_1196981,CASMI_MOL_989410,989410,CCOc1c(Nc2ccc(-c3nc4cccc5c4n3CCNC5=O)cc2)c(=O)c1=O,0.25351723604063303,binned_cosine_1Da,44,False,predicted_spectrum,8418
CASMI2022,massformer,completed,187,187,409,CASMI_MOL_1196981,CASMI_MOL_989955,989955,CCC(C)=Cc1ccc(Oc2c(-c3ccc(O)cc3)sc3cc(O)ccc23)cc1,0.25313776626396667,binned_cosine_1Da,45,False,predicted_spectrum,8418
CASMI2022,massformer,completed,187,187,409,CASMI_MOL_1196981,CASMI_MOL_990161,990161,CCOC(=O)c1cncc(-c2cc(C)cc(Nc3nccc(C(F)(F)F)n3)c2)c1,0.25294493067082074,binned_cosine_1Da,46,False,predicted_spectrum,8418
CASMI2022,massformer,completed,187,187,409,CASMI_MOL_1196981,CASMI_MOL_988320,988320,CCc1ccc2cc(-c3nc4cc(C(=O)OC)c(F)cc4n3CC(F)F)[nH]c2n1,0.25282830066329987,binned_cosine_1Da,47,False,predicted_spectrum,8418
CASMI2022,massformer,completed,187,187,409,CASMI_MOL_1196981,CASMI_MOL_988230,988230,CC(F)(F)C1(C#CC2CC2)OC(=O)Nc2cc(Cc3ccnc(N)n3)c(F)cc21,0.25275342055061106,binned_cosine_1Da,48,False,predicted_spectrum,8418
CASMI2022,massformer,completed,187,187,409,CASMI_MOL_1196981,CASMI_MOL_989304,989304,COc1ccc(-c2cc(CO)c(-c3ccc(S(C)(C)C)cc3)s2)cc1OC,0.2524824795117565,binned_cosine_1Da,49,False,predicted_spectrum,8418
CASMI2022,massformer,completed,187,187,409,CASMI_MOL_1196981,CASMI_MOL_996240,996240,CCc1c2c(nc3cnc(C#N)cc13)-c1cc3c(c(=O)n1C2)COC(=O)C3(O)CC,0.2524359263451864,binned_cosine_1Da,50,False,predicted_spectrum,8418
CASMI2022,massformer,completed,187,187,409,CASMI_MOL_1196981,CASMI_MOL_988403,988403,CON(C)C(=O)c1ccc2c(c1)c1c(ncn1C)n2-c1ccc(C(F)(F)F)cc1,0.2519582461238422,binned_cosine_1Da,51,False,predicted_spectrum,8418
CASMI2022,massformer,completed,187,187,409,CASMI_MOL_1196981,CASMI_MOL_991184,991184,COc1cc(C2CC(=O)Oc3cc(OC)c(OC)c(OC)c32)cc2c1OCCO2,0.25176119935728036,binned_cosine_1Da,52,False,predicted_spectrum,8418
CASMI2022,massformer,completed,187,187,409,CASMI_MOL_1196981,CASMI_MOL_991371,991371,COc1cc(C2CC(=O)Oc3cc(OC)c(OC)c(OC)c32)cc2c1OCCO2,0.25176119935728036,binned_cosine_1Da,53,False,predicted_spectrum,8418
CASMI2022,massformer,completed,187,187,409,CASMI_MOL_1196981,CASMI_MOL_991372,991372,COc1cc(C2CC(=O)Oc3cc(OC)c(OC)c(OC)c32)cc2c1OCCO2,0.25176119935728036,binned_cosine_1Da,54,False,predicted_spectrum,8418
CASMI2022,massformer,completed,187,187,409,CASMI_MOL_1196981,CASMI_MOL_996213,996213,C#CCn1c(=O)c2c(nc(-c3ccc4cc(C(=O)OC)ccc4c3)n2C)n(C)c1=O,0.2516125041061792,binned_cosine_1Da,55,False,predicted_spectrum,8418
CASMI2022,massformer,completed,187,187,409,CASMI_MOL_1196981,CASMI_MOL_992559,992559,COc1cc(-c2ccc3c(n2)CN(c2cncc(C#CCO)c2)C3=O)cnc1OC,0.2512785725310004,binned_cosine_1Da,56,False,predicted_spectrum,8418
CASMI2022,massformer,completed,187,187,409,CASMI_MOL_1196981,CASMI_MOL_991651,991651,CCc1ccc(Oc2cc(Cl)ncn2)cc1C1C(=O)C(C)(C)OC(C)(C)C1=O,0.2503452565070852,binned_cosine_1Da,57,False,predicted_spectrum,8418
CASMI2022,massformer,completed,187,187,409,CASMI_MOL_1196981,CASMI_MOL_992959,992959,CCc1ccc(Oc2cc(Cl)ncn2)cc1C1C(=O)C(C)(C)OC(C)(C)C1=O,0.2503452565070852,binned_cosine_1Da,58,False,predicted_spectrum,8418
CASMI2022,massformer,completed,187,187,409,CASMI_MOL_1196981,CASMI_MOL_993734,993734,CCOC(=O)c1cccc(Nc2c(-c3ccc(C(=O)O)cc3)nc3cnccn23)c1,0.250065825622533,binned_cosine_1Da,59,False,predicted_spectrum,8418
CASMI2022,massformer,completed,187,187,409,CASMI_MOL_1196981,CASMI_MOL_988996,988996,Cc1cc(-c2c(CCC(=O)O)nc(N)nc2-c2ccccc2)cc(C(F)(F)F)n1,0.2496771253936677,binned_cosine_1Da,60,False,predicted_spectrum,8418
CASMI2022,massformer,completed,187,187,409,CASMI_MOL_1196981,CASMI_MOL_995543,995543,COc1ccc(C2=NCC(CCl)N(C)c3cc4c(cc32)OCCO4)cc1OC,0.24938340059641895,binned_cosine_1Da,61,False,predicted_spectrum,8418
CASMI2022,massformer,completed,187,187,409,CASMI_MOL_1196981,CASMI_MOL_991880,991880,COc1cc(C=C2C(C)=C(OC(C)=O)c3cc(F)c(F)cc32)cc(OC)c1OC,0.24879820021333238,binned_cosine_1Da,62,False,predicted_spectrum,8418
CASMI2022,massformer,completed,187,187,409,CASMI_MOL_1196981,CASMI_MOL_993036,993036,COc1cc(C=C2C(C)=C(OC(C)=O)c3cc(F)c(F)cc32)cc(OC)c1OC,0.24879820021333238,binned_cosine_1Da,63,False,predicted_spectrum,8418
CASMI2022,massformer,completed,187,187,409,CASMI_MOL_1196981,CASMI_MOL_996102,996102,Cc1nc(CCc2nc(C)nc3cc4c(cc23)OCO4)c2cc3c(cc2n1)OCO3,0.24867810501604887,binned_cosine_1Da,64,False,predicted_spectrum,8418
CASMI2022,massformer,completed,187,187,409,CASMI_MOL_1196981,CASMI_MOL_990821,990821,Cc1cc(Nc2nccc(C(F)(F)F)n2)cc(-c2cc(CCC(=O)O)ccn2)c1,0.24793318479332116,binned_cosine_1Da,65,False,predicted_spectrum,8418
CASMI2022,massformer,completed,187,187,409,CASMI_MOL_1196981,CASMI_MOL_988691,988691,C=NC=C(c1cc(C(=O)OC)c2cc(C=CC#N)c(C(F)(F)F)cc2n1)N(C)C,0.2479306110504586,binned_cosine_1Da,66,False,predicted_spectrum,8418
CASMI2022,massformer,completed,187,187,409,CASMI_MOL_1196981,CASMI_MOL_990547,990547,C=Cc1cc(F)c(-c2c(C)cccc2C2=CN3N=CC4=C(C4)C3=CC2C)cc1Cl,0.2478421523208998,binned_cosine_1Da,67,False,predicted_spectrum,8418
CASMI2022,massformer,completed,187,187,409,CASMI_MOL_1196981,CASMI_MOL_992399,992399,COc1cc(C=C2C(C)=C(OC(C)=O)c3cc(F)cc(F)c32)cc(OC)c1OC,0.2478172730631525,binned_cosine_1Da,68,False,predicted_spectrum,8418
CASMI2022,massformer,completed,187,187,409,CASMI_MOL_1196981,CASMI_MOL_993034,993034,COc1cc(C=C2C(C)=C(OC(C)=O)c3cc(F)cc(F)c32)cc(OC)c1OC,0.2478172730631525,binned_cosine_1Da,69,False,predicted_spectrum,8418
CASMI2022,massformer,completed,187,187,409,CASMI_MOL_1196981,CASMI_MOL_990578,990578,CCOC(=O)c1cc(C)c2c(Cl)c(NCC(F)(F)F)cc(C(C)(C)C)c2n1,0.247619703751709,binned_cosine_1Da,70,False,predicted_spectrum,8418
CASMI2022,massformer,completed,187,187,409,CASMI_MOL_1196981,CASMI_MOL_990823,990823,Cc1cc(Nc2nccc(C(F)(F)F)n2)cc(-c2cccc(CCC(=O)O)n2)c1,0.2471867925473518,binned_cosine_1Da,71,False,predicted_spectrum,8418
CASMI2022,massformer,completed,187,187,409,CASMI_MOL_1196981,CASMI_MOL_996065,996065,COC(=O)C1CC(C(C)=O)C2N(C(=O)CCCl)CCC23C1=Nc1ccccc13,0.24687275870929729,binned_cosine_1Da,72,False,predicted_spectrum,8418
CASMI2022,massformer,completed,187,187,409,CASMI_MOL_1196981,CASMI_MOL_990605,990605,COc1cc(NC2CCN(c3ccc(-c4cn[nH]c4)c(F)c3F)C2=O)ccc1F,0.246818159188395,binned_cosine_1Da,73,False,predicted_spectrum,8418
CASMI2022,massformer,completed,187,187,409,CASMI_MOL_1196981,CASMI_MOL_990820,990820,Cc1cc(Nc2nccc(C(F)(F)F)n2)cc(-c2ccc(CCC(=O)O)cn2)c1,0.24622710890014615,binned_cosine_1Da,74,False,predicted_spectrum,8418
CASMI2022,massformer,completed,187,187,409,CASMI_MOL_1196981,CASMI_MOL_990673,990673,CNc1nc2ccc(C(F)(F)F)cc2n2c(-c3ccc(OC)c(OC)c3)cnc12,0.245761410753954,binned_cosine_1Da,75,False,predicted_spectrum,8418
CASMI2022,massformer,completed,187,187,409,CASMI_MOL_1196981,CASMI_MOL_991649,991649,CCc1ccc(Oc2nccnc2Cl)cc1C1C(=O)C(C)(C)OC(C)(C)C1=O,0.24563884078592635,binned_cosine_1Da,76,False,predicted_spectrum,8418
CASMI2022,massformer,completed,187,187,409,CASMI_MOL_1196981,CASMI_MOL_992956,992956,CCc1ccc(Oc2nccnc2Cl)cc1C1C(=O)C(C)(C)OC(C)(C)C1=O,0.24563884078592635,binned_cosine_1Da,77,False,predicted_spectrum,8418
CASMI2022,massformer,completed,187,187,409,CASMI_MOL_1196981,CASMI_MOL_992351,992351,COC(=O)c1ccc2c(n1)c1nc(C(=O)OC)ccc1c1nc3c(nc21)CCCC3,0.24551040834891774,binned_cosine_1Da,78,False,predicted_spectrum,8418
CASMI2022,massformer,completed,187,187,409,CASMI_MOL_1196981,CASMI_MOL_990824,990824,Cc1cc(Nc2nccc(C(F)(F)F)n2)cc(-c2cncc(CCC(=O)O)c2)c1,0.24549910134214442,binned_cosine_1Da,79,False,predicted_spectrum,8418
CASMI2022,massformer,completed,187,187,409,CASMI_MOL_1196981,CASMI_MOL_995379,995379,CCN(C)c1ccc2c(C#N)c(-c3nc4cc(C(=O)O)ccc4n3C)c(=O)oc2c1,0.2452880044813029,binned_cosine_1Da,80,False,predicted_spectrum,8418
CASMI2022,massformer,completed,187,187,409,CASMI_MOL_1196981,CASMI_MOL_988424,988424,CC(=O)CC(=O)Cc1oc2c(C(C)=O)c(OC(C)=O)c(C)c(OC(C)=O)c2c1C,0.24520382044517616,binned_cosine_1Da,81,False,predicted_spectrum,8418
CASMI2022,massformer,completed,187,187,409,CASMI_MOL_1196981,CASMI_MOL_989606,989606,COc1cc(-c2ccc3c(O)n(-c4cncc(C#CCO)c4)cc3n2)cnc1OC,0.24509250739857663,binned_cosine_1Da,82,False,predicted_spectrum,8418
CASMI2022,massformer,completed,187,187,409,CASMI_MOL_1196981,CASMI_MOL_989901,989901,Cc1cc(Nc2nccc(C(F)(F)F)n2)cc(-c2ccnc(CCC(=O)O)c2)c1,0.24495868772172644,binned_cosine_1Da,83,False,predicted_spectrum,8418
CASMI2022,massformer,completed,187,187,409,CASMI_MOL_1196981,CASMI_MOL_990194,990194,CCOc1cc(-c2c3c(nc4c2ccc2ncccc24)C(O)NC(=O)N3)ccc1O,0.24489151211714502,binned_cosine_1Da,84,False,predicted_spectrum,8418
CASMI2022,massformer,completed,187,187,409,CASMI_MOL_1196981,CASMI_MOL_990597,990597,COc1cncc(Nc2cc(Oc3ccc(NC(=O)O)c4ccccc34)ccn2)c1,0.24484120544957622,binned_cosine_1Da,85,False,predicted_spectrum,8418
CASMI2022,massformer,completed,187,187,409,CASMI_MOL_1196981,CASMI_MOL_991757,991757,COc1cc(-c2sccc2C(C)(C)O)c(C)cc1-c1sccc1C(C)(C)O,0.2447821383987847,binned_cosine_1Da,86,False,predicted_spectrum,8418
CASMI2022,massformer,completed,187,187,409,CASMI_MOL_1196981,CASMI_MOL_988992,988992,COc1ccc(-c2cnc(N)nc2-c2ccc(OC)c3ccccc23)cc1[N+](=O)[O-],0.24473228433948746,binned_cosine_1Da,87,False,predicted_spectrum,8418
CASMI2022,massformer,completed,187,187,409,CASMI_MOL_1196981,CASMI_MOL_990562,990562,Cn1cc(-c2c(CC(=O)O)c(O)c(O)n2-c2ccc3[nH]cnc3c2)c2ccccc21,0.24402805945421127,binned_cosine_1Da,88,False,predicted_spectrum,8418
CASMI2022,massformer,completed,187,187,409,CASMI_MOL_1196981,CASMI_MOL_991639,991639,Cn1cc(-c2c(CC(=O)O)c(O)c(O)n2-c2ccc3[nH]cnc3c2)c2ccccc21,0.24402805945421127,binned_cosine_1Da,89,False,predicted_spectrum,8418
CASMI2022,massformer,completed,187,187,409,CASMI_MOL_1196981,CASMI_MOL_992967,992967,Cn1cc(-c2c(CC(=O)O)c(O)c(O)n2-c2ccc3[nH]cnc3c2)c2ccccc21,0.24402805945421127,binned_cosine_1Da,90,False,predicted_spectrum,8418
CASMI2022,massformer,completed,187,187,409,CASMI_MOL_1196981,CASMI_MOL_990292,990292,CCOc1ccnc2[nH]c(=O)n(-c3ccc4ncc(-c5ccoc5)c(OC)c4c3)c12,0.24391439334538334,binned_cosine_1Da,91,False,predicted_spectrum,8418
CASMI2022,massformer,completed,187,187,409,CASMI_MOL_1196981,CASMI_MOL_990674,990674,CNc1nc2cc(C(F)(F)F)ccc2n2c(-c3ccc(OC)c(OC)c3)cnc12,0.24361815479602156,binned_cosine_1Da,92,False,predicted_spectrum,8418
CASMI2022,massformer,completed,187,187,409,CASMI_MOL_1196981,CASMI_MOL_993726,993726,CCOC(=O)c1cccc(-c2cccc(Nc3nc(=O)n(O)c4ncccc34)c2)c1,0.243603755073925,binned_cosine_1Da,93,False,predicted_spectrum,8418
CASMI2022,massformer,completed,187,187,409,CASMI_MOL_1196981,CASMI_MOL_990604,990604,COc1cc(NC2CCN(c3cc(F)c(-c4cn[nH]c4)cc3F)C2=O)ccc1F,0.24332106572477288,binned_cosine_1Da,94,False,predicted_spectrum,8418
CASMI2022,massformer,completed,187,187,409,CASMI_MOL_1196981,CASMI_MOL_993668,993668,C=c1sc(=CC)c(CC)c1-c1c(O)oc(O)c1-c1c(C)sc(CC)c1CC,0.24315414316472406,binned_cosine_1Da,95,False,predicted_spectrum,8418
CASMI2022,massformer,completed,187,187,409,CASMI_MOL_1196981,CASMI_MOL_992213,992213,Cc1cc(Nc2nccc(C(F)(F)F)n2)cc(-c2ccc(CCC(=O)O)nc2)c1,0.2431530464471231,binned_cosine_1Da,96,False,predicted_spectrum,8418
CASMI2022,massformer,completed,187,187,409,CASMI_MOL_1196981,CASMI_MOL_992505,992505,CCOc1ncc(C)cc1Nc1[nH]ccn2cc3c(C(F)(F)F)cc(=O)cc3c12,0.24309649616883713,binned_cosine_1Da,97,False,predicted_spectrum,8418
CASMI2022,massformer,completed,187,187,409,CASMI_MOL_1196981,CASMI_MOL_988343,988343,COc1cc2c(NCc3cccc(C(F)F)c3F)nc3nccn3c2cc1OC,0.24293829755346974,binned_cosine_1Da,98,False,predicted_spectrum,8418
CASMI2022,massformer,completed,187,187,409,CASMI_MOL_1196981,CASMI_MOL_990837,990837,COc1cc(Nc2cc(C(F)(F)F)cn3cc(C)nc23)ccc1-c1ocnc1C,0.24262761598284943,binned_cosine_1Da,99,False,predicted_spectrum,8418
CASMI2022,massformer,completed,187,187,409,CASMI_MOL_1196981,CASMI_MOL_989626,989626,CCC(=O)Nc1cncc(-c2ncc3[nH]nc(-c4nc5ccncc5[nH]4)c3c2F)c1,0.24236516220234017,binned_cosine_1Da,100,False,predicted_spectrum,8418
CASMI2022,massformer,completed,187,187,409,CASMI_MOL_1196981,CASMI_MOL_1196981,1196981,COc1ccc(-c2oc3c(OC)c(OC)cc(OC)c3c(=O)c2OC)cc1OC,0.11696628671770631,binned_cosine_1Da,3627,True,predicted_spectrum,8418
