dataset,model,status,query_id,spectrum_id,casmi_id,true_candidate_id,candidate_id,candidate_mol_id,candidate_smiles,score,score_name,rank,is_correct,prediction_status,candidate_count
CASMI2022,massformer,completed,16,16,35,CASMI_MOL_1196803,CASMI_MOL_74488,74488,CCC(C)(C)CCCC(C)(C)CC(CC(C)(C)CCCC(C)(C)CC(C)C)C(C)(C)CCCC(C)(C)N,0.03195808252006988,binned_cosine_1Da,1,False,predicted_spectrum,103
CASMI2022,massformer,completed,16,16,35,CASMI_MOL_1196803,CASMI_MOL_74511,74511,CCCCCCCCCCCCCCCCCC(N)C(C)(C)CCCCCCCCCCCCCCC,0.021612601255149556,binned_cosine_1Da,2,False,predicted_spectrum,103
CASMI2022,massformer,completed,16,16,35,CASMI_MOL_1196803,CASMI_MOL_74439,74439,CCCCCCCCC(CCCCCCCC)(CCCCCCCC)CCCCCCCCCCCN,0.021304233823995468,binned_cosine_1Da,3,False,predicted_spectrum,103
CASMI2022,massformer,completed,16,16,35,CASMI_MOL_1196803,CASMI_MOL_74510,74510,CCCCCCC(CCCCCC)(CCCCCC)CCCCCCCCCCCCCCCCCN,0.02126009998142751,binned_cosine_1Da,4,False,predicted_spectrum,103
CASMI2022,massformer,completed,16,16,35,CASMI_MOL_1196803,CASMI_MOL_74532,74532,CCCCCCCCCCC(CCCCCCCC)C(N)(CCCCCCCC)CCCCCCCC,0.0180983965834053,binned_cosine_1Da,5,False,predicted_spectrum,103
CASMI2022,massformer,completed,16,16,35,CASMI_MOL_1196803,CASMI_MOL_74509,74509,CCCCCCCCCCCCCCCCC(CCCCCC)C(N)(CCCCCC)CCCCCC,0.01769399391158152,binned_cosine_1Da,6,False,predicted_spectrum,103
CASMI2022,massformer,completed,16,16,35,CASMI_MOL_1196803,CASMI_MOL_74524,74524,CCCCCCCCCCCC(C)C(N)(CCCCCCCCCCC)CCCCCCCCCCC,0.017541838378914872,binned_cosine_1Da,7,False,predicted_spectrum,103
CASMI2022,massformer,completed,16,16,35,CASMI_MOL_1196803,CASMI_MOL_74506,74506,CCCCCCCCCCCCCCCCC(CCCCCCCCCCCCCCCC)C(C)(C)N,0.01748184674746281,binned_cosine_1Da,8,False,predicted_spectrum,103
CASMI2022,massformer,completed,16,16,35,CASMI_MOL_1196803,CASMI_MOL_74487,74487,CCCCCCCCCCCCCCC(CCCCCCCCCCCCCC)C(C)C(C)(N)C(C)C,0.0161867649571291,binned_cosine_1Da,9,False,predicted_spectrum,103
CASMI2022,massformer,completed,16,16,35,CASMI_MOL_1196803,CASMI_MOL_74505,74505,CCCCCCCCCCCCC(N)(CCCCCCCCCCC)CCCCCCCCCCCC,0.016015766780509838,binned_cosine_1Da,10,False,predicted_spectrum,103
CASMI2022,massformer,completed,16,16,35,CASMI_MOL_1196803,CASMI_MOL_74497,74497,CCCCCCCCCCCCCCCCC(N)(CCC)CCCCCCCCCCCCCCCC,0.014984839183233019,binned_cosine_1Da,11,False,predicted_spectrum,103
CASMI2022,massformer,completed,16,16,35,CASMI_MOL_1196803,CASMI_MOL_74501,74501,CCCCCCCCCCCCCCCCCC(N)(CC)CCCCCCCCCCCCCCCC,0.014869320668692652,binned_cosine_1Da,12,False,predicted_spectrum,103
CASMI2022,massformer,completed,16,16,35,CASMI_MOL_1196803,CASMI_MOL_74518,74518,CCCCCCCCCCCCCCCCCCCCC(CN)CCCCCCCCCCCCCC,0.013604126139594473,binned_cosine_1Da,13,False,predicted_spectrum,103
CASMI2022,massformer,completed,16,16,35,CASMI_MOL_1196803,CASMI_MOL_74521,74521,CCCCCCCCCCCCCCCCCCC(CN)CCCCCCCCCCCCCCCC,0.01359690098511588,binned_cosine_1Da,14,False,predicted_spectrum,103
CASMI2022,massformer,completed,16,16,35,CASMI_MOL_1196803,CASMI_MOL_74498,74498,CCCCCCCCCCCCCCCCC(CCCN)CCCCCCCCCCCCCCCC,0.011602168389422166,binned_cosine_1Da,15,False,predicted_spectrum,103
CASMI2022,massformer,completed,16,16,35,CASMI_MOL_1196803,CASMI_MOL_74458,74458,CCCCCCCCCCCCCCN(CCCCCCCCCCCCCC)C(C)(C)CC(C)(C)C,0.010151996533565522,binned_cosine_1Da,16,False,predicted_spectrum,103
CASMI2022,massformer,completed,16,16,35,CASMI_MOL_1196803,CASMI_MOL_74496,74496,CCCCCCCCCCCCCCCCCCCCCCCCCCCCCCCCCCN(C)C,0.010070273148243993,binned_cosine_1Da,17,False,predicted_spectrum,103
CASMI2022,massformer,completed,16,16,35,CASMI_MOL_1196803,CASMI_MOL_74534,74534,CCCCCCCCCCCCCCCCCCCCCCCCCCCCCCCCCCCCN,0.009832910282459138,binned_cosine_1Da,18,False,predicted_spectrum,103
CASMI2022,massformer,completed,16,16,35,CASMI_MOL_1196803,CASMI_MOL_74440,74440,CCCCCCCCCC(CCCCCCCCCCC(CCCCC)CCCCC)CCCN(C)C,0.009423922964073397,binned_cosine_1Da,19,False,predicted_spectrum,103
CASMI2022,massformer,completed,16,16,35,CASMI_MOL_1196803,CASMI_MOL_74441,74441,CCCCCCCCCCCCCCCCCCCCCCCN(C)CCCCCCCCCCCC,0.009377404244904762,binned_cosine_1Da,20,False,predicted_spectrum,103
CASMI2022,massformer,completed,16,16,35,CASMI_MOL_1196803,CASMI_MOL_74517,74517,CCCCCCCCCCCCCCCCCCN(C)CCCCCCCCCCCCCCCCC,0.009249398721590833,binned_cosine_1Da,21,False,predicted_spectrum,103
CASMI2022,massformer,completed,16,16,35,CASMI_MOL_1196803,CASMI_MOL_74520,74520,CCCCCCCCCCCCCCCCCCCN(C)CCCCCCCCCCCCCCCC,0.009233627109273758,binned_cosine_1Da,22,False,predicted_spectrum,103
CASMI2022,massformer,completed,16,16,35,CASMI_MOL_1196803,CASMI_MOL_1196803,1196803,CCCCCCCCCCCCN(CCCCCCCCCCCC)CCCCCCCCCCCC,0.008777004337339259,binned_cosine_1Da,23,True,predicted_spectrum,103
CASMI2022,massformer,completed,16,16,35,CASMI_MOL_1196803,CASMI_MOL_74480,74480,CCCCCCCCCCCCCCN(CCCCCCCCCCC)CCCCCCCCCCC,0.008694381618879463,binned_cosine_1Da,24,False,predicted_spectrum,103
CASMI2022,massformer,completed,16,16,35,CASMI_MOL_1196803,CASMI_MOL_74483,74483,CCCCCCCCCCCCCN(CCCCCCCCCC)CCCCCCCCCCCCC,0.00865575264132868,binned_cosine_1Da,25,False,predicted_spectrum,103
CASMI2022,massformer,completed,16,16,35,CASMI_MOL_1196803,CASMI_MOL_74494,74494,CCCCCCCCCCCCCCCCCCC(CCCCCCCC)CCCCCCCCCN,0.00863734373143618,binned_cosine_1Da,26,False,predicted_spectrum,103
CASMI2022,massformer,completed,16,16,35,CASMI_MOL_1196803,CASMI_MOL_74474,74474,CCCCCCCCCCCCCCN(CCCCCCCC)CCCCCCCCCCCCCC,0.008525823862387764,binned_cosine_1Da,27,False,predicted_spectrum,103
CASMI2022,massformer,completed,16,16,35,CASMI_MOL_1196803,CASMI_MOL_74453,74453,CCCCCCCCCCCCCCCCN(CCCCCCCCCC)CCCCCCCCCC,0.008437396254444908,binned_cosine_1Da,28,False,predicted_spectrum,103
CASMI2022,massformer,completed,16,16,35,CASMI_MOL_1196803,CASMI_MOL_74513,74513,CCCCCCCCCCCCCCCCC(C)(CCCCCCCCCCCCCCCC)N(C)C,0.00834036339625017,binned_cosine_1Da,29,False,predicted_spectrum,103
CASMI2022,massformer,completed,16,16,35,CASMI_MOL_1196803,CASMI_MOL_74527,74527,CCCCCCCCCCCCCCCCCCN(CCCCCCCC)CCCCCCCCCC,0.008278866594226166,binned_cosine_1Da,30,False,predicted_spectrum,103
CASMI2022,massformer,completed,16,16,35,CASMI_MOL_1196803,CASMI_MOL_74493,74493,CCCCCCCCCCCCCCCCCCN(CCCCCCCCC)CCCCCCCCC,0.008275777254229589,binned_cosine_1Da,31,False,predicted_spectrum,103
CASMI2022,massformer,completed,16,16,35,CASMI_MOL_1196803,CASMI_MOL_74485,74485,CCCCCCCCCCCCCCCCN(CCCCCC)CCCCCCCCCCCCCC,0.008226345879140734,binned_cosine_1Da,32,False,predicted_spectrum,103
CASMI2022,massformer,completed,16,16,35,CASMI_MOL_1196803,CASMI_MOL_74455,74455,CCCCCCCCCCCCCCCN(CCCCCC)CCCCCCCCCCCCCCC,0.00818816939760077,binned_cosine_1Da,33,False,predicted_spectrum,103
CASMI2022,massformer,completed,16,16,35,CASMI_MOL_1196803,CASMI_MOL_74515,74515,CCCCCCCCCCCCCCCCN(CCCC)CCCCCCCCCCCCCCCC,0.008172144370634842,binned_cosine_1Da,34,False,predicted_spectrum,103
CASMI2022,massformer,completed,16,16,35,CASMI_MOL_1196803,CASMI_MOL_74491,74491,CC(C)CCCCCCCCCCCCCCCCCCCCCCCCCCCCCCCCCN,0.008019728370941472,binned_cosine_1Da,35,False,predicted_spectrum,103
CASMI2022,massformer,completed,16,16,35,CASMI_MOL_1196803,CASMI_MOL_74446,74446,CCCCCCCCCCCCCCCCCCCCCCN(CCCCCCC)CCCCCCC,0.007920652163995743,binned_cosine_1Da,36,False,predicted_spectrum,103
CASMI2022,massformer,completed,16,16,35,CASMI_MOL_1196803,CASMI_MOL_74444,74444,CCCCCCCCCCC(CCCCCC)CNCC(CCCCCC)CCCCCCCCCC,0.007750725877649942,binned_cosine_1Da,37,False,predicted_spectrum,103
CASMI2022,massformer,completed,16,16,35,CASMI_MOL_1196803,CASMI_MOL_74531,74531,CCCCCCCCCCCCCCCCCCCCCCNCCCCCCCCCCCCCC,0.007740621955700573,binned_cosine_1Da,38,False,predicted_spectrum,103
CASMI2022,massformer,completed,16,16,35,CASMI_MOL_1196803,CASMI_MOL_74537,74537,CCCCCCCCCCCCCCCCCCNCCCCCCCCCCCCCCCCCC,0.007645957845003694,binned_cosine_1Da,39,False,predicted_spectrum,103
CASMI2022,massformer,completed,16,16,35,CASMI_MOL_1196803,CASMI_MOL_74530,74530,CCCCCCCCCCCCCCCCCCCCNCCCCCCCCCCCCCCCC,0.007641946480919776,binned_cosine_1Da,40,False,predicted_spectrum,103
CASMI2022,massformer,completed,16,16,35,CASMI_MOL_1196803,CASMI_MOL_74529,74529,CCCCCCCCCCCCCCCCCCCCCCCCNCCCCCCCCCCCC,0.007589542020427262,binned_cosine_1Da,41,False,predicted_spectrum,103
CASMI2022,massformer,completed,16,16,35,CASMI_MOL_1196803,CASMI_MOL_74448,74448,CCCCCCCCCCCCCCCCCCCCCCCCCCCCNCCCCCCCC,0.007379934145763661,binned_cosine_1Da,42,False,predicted_spectrum,103
CASMI2022,massformer,completed,16,16,35,CASMI_MOL_1196803,CASMI_MOL_74443,74443,CCCCCCCCC(CCCCCCCC)CNCC(CCCCCCCC)CCCCCCCC,0.007340120359476449,binned_cosine_1Da,43,False,predicted_spectrum,103
CASMI2022,massformer,completed,16,16,35,CASMI_MOL_1196803,CASMI_MOL_74476,74476,CCCCCCCCCCCN(CCCCCCCCCCC)CCCCCCCCCCCC(C)C,0.0066391492908261344,binned_cosine_1Da,44,False,predicted_spectrum,103
CASMI2022,massformer,completed,16,16,35,CASMI_MOL_1196803,CASMI_MOL_74447,74447,CCCCCCCCCCCCCCCCCCCCCCN(CC)CCCCCCCCCCCC,0.006493059034377611,binned_cosine_1Da,45,False,predicted_spectrum,103
CASMI2022,massformer,completed,16,16,35,CASMI_MOL_1196803,CASMI_MOL_74504,74504,CCCCCCCCCCCCN(CCCCCCCCCCCC)CCCCCCCCCC(C)C,0.006487926002069792,binned_cosine_1Da,46,False,predicted_spectrum,103
CASMI2022,massformer,completed,16,16,35,CASMI_MOL_1196803,CASMI_MOL_74528,74528,CCCCCCCCCCCCCCCCCCCCN(CC)CCCCCCCCCCCCCC,0.006479007647851358,binned_cosine_1Da,47,False,predicted_spectrum,103
CASMI2022,massformer,completed,16,16,35,CASMI_MOL_1196803,CASMI_MOL_74500,74500,CCCCCCCCCCCCCCCCCCN(CC)CCCCCCCCCCCCCCCC,0.0063516968377686,binned_cosine_1Da,48,False,predicted_spectrum,103
CASMI2022,massformer,completed,16,16,35,CASMI_MOL_1196803,CASMI_MOL_74470,74470,CCCCCCCCCCCCCCCCCN(CC)CCCCCCCCCCCCCCCCC,0.006346575969385468,binned_cosine_1Da,49,False,predicted_spectrum,103
CASMI2022,massformer,completed,16,16,35,CASMI_MOL_1196803,CASMI_MOL_74460,74460,CCCCCCCCCCCCCN(CCCCCCCCCCCCC)CCCCCCCC(C)C,0.0060931995535576655,binned_cosine_1Da,50,False,predicted_spectrum,103
CASMI2022,massformer,completed,16,16,35,CASMI_MOL_1196803,CASMI_MOL_74522,74522,CCCCCCCCCCCCCCCCCCC(N)CCCCCCCCCCCCCCCCC,0.0060195867671008615,binned_cosine_1Da,51,False,predicted_spectrum,103
CASMI2022,massformer,completed,16,16,35,CASMI_MOL_1196803,CASMI_MOL_74514,74514,CCCCCCCCCCCCCCCCCCCC(N)CCCCCCCCCCCCCCCC,0.005999934625649531,binned_cosine_1Da,52,False,predicted_spectrum,103
CASMI2022,massformer,completed,16,16,35,CASMI_MOL_1196803,CASMI_MOL_74489,74489,CCCCCCCCCCCCCCCCCCCCCCCCCCCCCCCCCCC(C)N,0.005916071633527749,binned_cosine_1Da,53,False,predicted_spectrum,103
CASMI2022,massformer,completed,16,16,35,CASMI_MOL_1196803,CASMI_MOL_74512,74512,CCCCCCCCCCCCCCCCC(CCCCCCCCCCCCCCCC)CN(C)C,0.005892568681609418,binned_cosine_1Da,54,False,predicted_spectrum,103
CASMI2022,massformer,completed,16,16,35,CASMI_MOL_1196803,CASMI_MOL_74492,74492,CCCCCCCCCCCCCCCCCCNC(C)(C)CCCCCCCCCCCCCCC,0.00584375459967927,binned_cosine_1Da,55,False,predicted_spectrum,103
CASMI2022,massformer,completed,16,16,35,CASMI_MOL_1196803,CASMI_MOL_74467,74467,CCCCCCCCCCCCCCN(CCCCCCCCCCCCCC)CCCCCC(C)C,0.005763313298929956,binned_cosine_1Da,56,False,predicted_spectrum,103
CASMI2022,massformer,completed,16,16,35,CASMI_MOL_1196803,CASMI_MOL_74516,74516,CCCCCCCCCCCCCCCC(C)(C)NC(C)(C)CCCCCCCCCCCCCCC,0.0057433565567877294,binned_cosine_1Da,57,False,predicted_spectrum,103
CASMI2022,massformer,completed,16,16,35,CASMI_MOL_1196803,CASMI_MOL_74454,74454,CCCCCCCCCCN(CCCCCCCCCC)CCCCCCCCCCCCCC(C)C,0.005706170869825541,binned_cosine_1Da,58,False,predicted_spectrum,103
CASMI2022,massformer,completed,16,16,35,CASMI_MOL_1196803,CASMI_MOL_74473,74473,CCCCCCCCCCCCCN(CCCCCCCCCCCCC)C(C)(C)CCCCCCC,0.005623089968095782,binned_cosine_1Da,59,False,predicted_spectrum,103
CASMI2022,massformer,completed,16,16,35,CASMI_MOL_1196803,CASMI_MOL_74481,74481,CCCCCCCCCCCN(CCCCCCCCCCC)C(C)(C)CCCCCCCCCCC,0.005573815411665529,binned_cosine_1Da,60,False,predicted_spectrum,103
CASMI2022,massformer,completed,16,16,35,CASMI_MOL_1196803,CASMI_MOL_74465,74465,CCCCCCCCCCCCCC(C)(C)N(CCCCCCCCCC)CCCCCCCCCC,0.005538241943948382,binned_cosine_1Da,61,False,predicted_spectrum,103
CASMI2022,massformer,completed,16,16,35,CASMI_MOL_1196803,CASMI_MOL_74461,74461,CCCCCCCCCCCCCCCN(CCCCCCCCCCCCCCC)CCCC(C)C,0.005335767920427035,binned_cosine_1Da,62,False,predicted_spectrum,103
CASMI2022,massformer,completed,16,16,35,CASMI_MOL_1196803,CASMI_MOL_74436,74436,CCCCCCCCCCCCCCCCNCCCCCCCCCCCCCCCCCC(C)C,0.005334699981085084,binned_cosine_1Da,63,False,predicted_spectrum,103
CASMI2022,massformer,completed,16,16,35,CASMI_MOL_1196803,CASMI_MOL_74464,74464,CCCCCCCCCN(CCCCCCCCC)CCCCCCCCCCCCCCCC(C)C,0.005279372842338445,binned_cosine_1Da,64,False,predicted_spectrum,103
CASMI2022,massformer,completed,16,16,35,CASMI_MOL_1196803,CASMI_MOL_74507,74507,CCCCCCCCCCCCCCCCN(CCCCCCCCCCCCCCCC)C(C)(C)C,0.005179366972102268,binned_cosine_1Da,65,False,predicted_spectrum,103
CASMI2022,massformer,completed,16,16,35,CASMI_MOL_1196803,CASMI_MOL_74450,74450,CCCCCCCCCCCCCCCC(C)(C)N(CCCCCCCCC)CCCCCCCCC,0.005104040726941249,binned_cosine_1Da,66,False,predicted_spectrum,103
CASMI2022,massformer,completed,16,16,35,CASMI_MOL_1196803,CASMI_MOL_74526,74526,CC(C)CCCCCCCCCCCCCCCNCCCCCCCCCCCCCCCC(C)C,0.005050798467280015,binned_cosine_1Da,67,False,predicted_spectrum,103
CASMI2022,massformer,completed,16,16,35,CASMI_MOL_1196803,CASMI_MOL_74469,74469,CCCCCCCCCCN(CCCCCCCCCCC(C)C)CCCCCCCCCCC(C)C,0.004483826987357959,binned_cosine_1Da,68,False,predicted_spectrum,103
CASMI2022,massformer,completed,16,16,35,CASMI_MOL_1196803,CASMI_MOL_74456,74456,CCCCCCCCCCCCCCCN(CCCCCCCCCCCCCCC)C(C)(C)CCC,0.004388963682677552,binned_cosine_1Da,69,False,predicted_spectrum,103
CASMI2022,massformer,completed,16,16,35,CASMI_MOL_1196803,CASMI_MOL_74452,74452,CCCCCCCCCCCCCCN(CCCCCCCCC(C)C)CCCCCCCCC(C)C,0.004209415904645193,binned_cosine_1Da,70,False,predicted_spectrum,103
CASMI2022,massformer,completed,16,16,35,CASMI_MOL_1196803,CASMI_MOL_74535,74535,CC(C)CCCCCCCCCN(CCCCCCCCCC(C)C)CCCCCCCCCC(C)C,0.004155688136596426,binned_cosine_1Da,71,False,predicted_spectrum,103
CASMI2022,massformer,completed,16,16,35,CASMI_MOL_1196803,CASMI_MOL_74463,74463,CCCCCCCCN(CCCCCCCCCCCC(C)C)CCCCCCCCCCCC(C)C,0.004122119533763187,binned_cosine_1Da,72,False,predicted_spectrum,103
CASMI2022,massformer,completed,16,16,35,CASMI_MOL_1196803,CASMI_MOL_74472,74472,CCCCCCN(CCCCCCCCCCCCC(C)C)CCCCCCCCCCCCC(C)C,0.00408162881117079,binned_cosine_1Da,73,False,predicted_spectrum,103
CASMI2022,massformer,completed,16,16,35,CASMI_MOL_1196803,CASMI_MOL_74451,74451,CCCCCCCCCCCCCCCCN(CCCCCCCC(C)C)CCCCCCCC(C)C,0.0039358411004742095,binned_cosine_1Da,74,False,predicted_spectrum,103
CASMI2022,massformer,completed,16,16,35,CASMI_MOL_1196803,CASMI_MOL_74459,74459,CCCCN(CCCCCCCCCCCCCC(C)C)CCCCCCCCCCCCCC(C)C,0.0038904734944309243,binned_cosine_1Da,75,False,predicted_spectrum,103
CASMI2022,massformer,completed,16,16,35,CASMI_MOL_1196803,CASMI_MOL_74471,74471,CCCCCCCCCCCCCCCCCCN(CCCCCCC(C)C)CCCCCCC(C)C,0.0038558813113494152,binned_cosine_1Da,76,False,predicted_spectrum,103
CASMI2022,massformer,completed,16,16,35,CASMI_MOL_1196803,CASMI_MOL_74490,74490,CCCCCCCCCCCCCCCCCC(CCCCCCCCCCCCCCCCC)NC,0.003739646521864273,binned_cosine_1Da,77,False,predicted_spectrum,103
CASMI2022,massformer,completed,16,16,35,CASMI_MOL_1196803,CASMI_MOL_74533,74533,CCCCCCCCCCCCCCCCCC(CCCCCCCCCCCCCCCC)N(C)C,0.0031661925000454707,binned_cosine_1Da,78,False,predicted_spectrum,103
CASMI2022,massformer,completed,16,16,35,CASMI_MOL_1196803,CASMI_MOL_74525,74525,CCCCCCCCCCCCCCCCCCC(CCCCCCCCCCCCCCC)N(C)C,0.0031498067683304936,binned_cosine_1Da,79,False,predicted_spectrum,103
CASMI2022,massformer,completed,16,16,35,CASMI_MOL_1196803,CASMI_MOL_74468,74468,CCN(CCCCCCCCCCCCCCC(C)C)CCCCCCCCCCCCCCC(C)C,0.0031370764713755444,binned_cosine_1Da,80,False,predicted_spectrum,103
CASMI2022,massformer,completed,16,16,35,CASMI_MOL_1196803,CASMI_MOL_74438,74438,CCCCCCCCCC(CCCCCCCCCCC(CCCCC)CCCCC)CN(CC)CC,0.0030363931106375296,binned_cosine_1Da,81,False,predicted_spectrum,103
CASMI2022,massformer,completed,16,16,35,CASMI_MOL_1196803,CASMI_MOL_74479,74479,CCCCCCCCCCCCCC(C)(C)N(CCCC)C(C)(C)CCCCCCCCCCCCC,0.0027124385933660093,binned_cosine_1Da,82,False,predicted_spectrum,103
CASMI2022,massformer,completed,16,16,35,CASMI_MOL_1196803,CASMI_MOL_74486,74486,CCCCCCCCCCCCCCCCN(CCCCCCCCCCCCCCCC)CC(C)C,0.0026860020550710808,binned_cosine_1Da,83,False,predicted_spectrum,103
CASMI2022,massformer,completed,16,16,35,CASMI_MOL_1196803,CASMI_MOL_74519,74519,CCCCCCCCCCCCNC(CCCCCCCCCCC)CCCCCCCCCCCC,0.0024392030962741167,binned_cosine_1Da,84,False,predicted_spectrum,103
CASMI2022,massformer,completed,16,16,35,CASMI_MOL_1196803,CASMI_MOL_74503,74503,CCCCC(CCC)(CCCC)N(C(CCC)(CCCC)CCCC)C(CCC)(CCCC)CCCC,0.002371789076565641,binned_cosine_1Da,85,False,predicted_spectrum,103
CASMI2022,massformer,completed,16,16,35,CASMI_MOL_1196803,CASMI_MOL_74449,74449,CCCCCCCCCCC(C)N(C(C)CCCCCCCCCC)C(C)CCCCCCCCCC,0.002308217070402526,binned_cosine_1Da,86,False,predicted_spectrum,103
CASMI2022,massformer,completed,16,16,35,CASMI_MOL_1196803,CASMI_MOL_74499,74499,CCCCCCCCCCCCCCCCCCC(CCCCCCCCC)NCCCCCCCC,0.002257454008034039,binned_cosine_1Da,87,False,predicted_spectrum,103
CASMI2022,massformer,completed,16,16,35,CASMI_MOL_1196803,CASMI_MOL_74482,74482,CCCCCCCCCCN(C(C)(C)CCCCCCCCCC)C(C)(C)CCCCCCCCCC,0.0020905784220119376,binned_cosine_1Da,88,False,predicted_spectrum,103
CASMI2022,massformer,completed,16,16,35,CASMI_MOL_1196803,CASMI_MOL_74502,74502,CCCCCCCCCCCCCCCCCCNC(CC)CCCCCCCCCCCCCCC,0.00203656277758008,binned_cosine_1Da,89,False,predicted_spectrum,103
CASMI2022,massformer,completed,16,16,35,CASMI_MOL_1196803,CASMI_MOL_74462,74462,CCCCCCCCCCCCCCN(C(C)(C)CCCCCCCC)C(C)(C)CCCCCCCC,0.001921922536784313,binned_cosine_1Da,90,False,predicted_spectrum,103
CASMI2022,massformer,completed,16,16,35,CASMI_MOL_1196803,CASMI_MOL_74477,74477,CCCCCCCCCCCCC(C)(C)N(CCCCCC)C(C)(C)CCCCCCCCCCCC,0.0019013670974116956,binned_cosine_1Da,91,False,predicted_spectrum,103
CASMI2022,massformer,completed,16,16,35,CASMI_MOL_1196803,CASMI_MOL_74475,74475,CCCCCCCCCCCC(C)(C)N(CCCCCCCC)C(C)(C)CCCCCCCCCCC,0.0018937277978187197,binned_cosine_1Da,92,False,predicted_spectrum,103
CASMI2022,massformer,completed,16,16,35,CASMI_MOL_1196803,CASMI_MOL_74457,74457,CCCCCCCCCCCCCCCCN(C(C)(C)CCCCCCC)C(C)(C)CCCCCCC,0.0018851065910400664,binned_cosine_1Da,93,False,predicted_spectrum,103
CASMI2022,massformer,completed,16,16,35,CASMI_MOL_1196803,CASMI_MOL_74466,74466,CCCCCCCCCCCCCCC(C)(C)N(CC)C(C)(C)CCCCCCCCCCCCCC,0.0018587710327764115,binned_cosine_1Da,94,False,predicted_spectrum,103
CASMI2022,massformer,completed,16,16,35,CASMI_MOL_1196803,CASMI_MOL_74478,74478,CCCCCCCCCCCCCCCCCCN(C(C)(C)CCCCCC)C(C)(C)CCCCCC,0.0018150423616550896,binned_cosine_1Da,95,False,predicted_spectrum,103
CASMI2022,massformer,completed,16,16,35,CASMI_MOL_1196803,CASMI_MOL_74445,74445,CCCCCCC(CCCC)C(CCCCCC)(CCCCCC)N(CCCCCC)CCCCCC,0.0015522437970703494,binned_cosine_1Da,96,False,predicted_spectrum,103
CASMI2022,massformer,completed,16,16,35,CASMI_MOL_1196803,CASMI_MOL_74484,74484,CCCCCCCCCC(C)(C)N(C(C)(C)CCCCCCCCC)C(C)(C)CCCCCCCCC,0.001437406737565617,binned_cosine_1Da,97,False,predicted_spectrum,103
CASMI2022,massformer,completed,16,16,35,CASMI_MOL_1196803,CASMI_MOL_74442,74442,CCCCCCCCC(CCCCCCC(C)C)N(CCCCCCCC)CCCCCCCC(C)C,0.001418593545483902,binned_cosine_1Da,98,False,predicted_spectrum,103
CASMI2022,massformer,completed,16,16,35,CASMI_MOL_1196803,CASMI_MOL_74536,74536,CCCCCCCCC(CC)CN(CC(CC)CCCCCCCC)CC(CC)CCCCCCCC,0.0010881311940350634,binned_cosine_1Da,99,False,predicted_spectrum,103
CASMI2022,massformer,completed,16,16,35,CASMI_MOL_1196803,CASMI_MOL_74437,74437,CCCCCCC(CCCC)CN(CC(CCCC)CCCCCC)CC(CCCC)CCCCCC,0.000981616293899038,binned_cosine_1Da,100,False,predicted_spectrum,103
CASMI2022,massformer,completed,17,17,41,CASMI_MOL_1196804,CASMI_MOL_80351,80351,C[n+]1cccc(C2N([O])C(C)(C)C(C)(C)N2[O-])c1,0.8866673403094314,binned_cosine_1Da,1,False,predicted_spectrum,9564
CASMI2022,massformer,completed,17,17,41,CASMI_MOL_1196804,CASMI_MOL_82765,82765,ClC1CNCCNCCNCCNCCO1,0.8740615903257062,binned_cosine_1Da,2,False,predicted_spectrum,9564
CASMI2022,massformer,completed,17,17,41,CASMI_MOL_1196804,CASMI_MOL_81012,81012,CC(C)(C)c1cc(C=O)c(OO)c(C(C)(C)C)c1,0.8714149978835408,binned_cosine_1Da,3,False,predicted_spectrum,9564
CASMI2022,massformer,completed,17,17,41,CASMI_MOL_1196804,CASMI_MOL_83796,83796,[CH]N1CCN([CH]CCC(=O)O)CC(C)(N([CH])[CH])C1,0.8694896011537405,binned_cosine_1Da,4,False,predicted_spectrum,9564
CASMI2022,massformer,completed,17,17,41,CASMI_MOL_1196804,CASMI_MOL_79318,79318,NNC(c1ccc(F)cc1)C1CN2CCN1CC2,0.8660602074619258,binned_cosine_1Da,5,False,predicted_spectrum,9564
CASMI2022,massformer,completed,17,17,41,CASMI_MOL_1196804,CASMI_MOL_79319,79319,NNC(c1ccccc1F)C1CN2CCN1CC2,0.8656992115778808,binned_cosine_1Da,6,False,predicted_spectrum,9564
CASMI2022,massformer,completed,17,17,41,CASMI_MOL_1196804,CASMI_MOL_79317,79317,NNC(c1cccc(F)c1)C1CN2CCN1CC2,0.8633197516464685,binned_cosine_1Da,7,False,predicted_spectrum,9564
CASMI2022,massformer,completed,17,17,41,CASMI_MOL_1196804,CASMI_MOL_76298,76298,CN1c2ccc(F)cc2NC1(C)N1CCNCC1,0.8581256981699024,binned_cosine_1Da,8,False,predicted_spectrum,9564
CASMI2022,massformer,completed,17,17,41,CASMI_MOL_1196804,CASMI_MOL_80624,80624,COC(=O)C1CC23CCCCC2(CCCC3)C1=O,0.853836744895779,binned_cosine_1Da,9,False,predicted_spectrum,9564
CASMI2022,massformer,completed,17,17,41,CASMI_MOL_1196804,CASMI_MOL_80623,80623,COC(=O)C1CC23CCCCC2(CCCC3)C1=O,0.8538367437042923,binned_cosine_1Da,10,False,predicted_spectrum,9564
CASMI2022,massformer,completed,17,17,41,CASMI_MOL_1196804,CASMI_MOL_80245,80245,CN1C=C[C](C2=[N+](O)C(C)(C)C(C)(C)N2[O-])C=C1,0.8469457957680574,binned_cosine_1Da,11,False,predicted_spectrum,9564
CASMI2022,massformer,completed,17,17,41,CASMI_MOL_1196804,CASMI_MOL_77173,77173,CC(C)(C)c1cc(C(C)(C)C)c(C=O)c(O)c1O,0.8465343166817897,binned_cosine_1Da,12,False,predicted_spectrum,9564
CASMI2022,massformer,completed,17,17,41,CASMI_MOL_1196804,CASMI_MOL_79632,79632,CCN(CC)CCNc1nc2cc(F)ccc2[nH]1,0.8459704958472003,binned_cosine_1Da,13,False,predicted_spectrum,9564
CASMI2022,massformer,completed,17,17,41,CASMI_MOL_1196804,CASMI_MOL_78582,78582,CCC(N)(CC)CNc1nc2cc(F)ccc2[nH]1,0.8430298539834645,binned_cosine_1Da,14,False,predicted_spectrum,9564
CASMI2022,massformer,completed,17,17,41,CASMI_MOL_1196804,CASMI_MOL_79624,79624,CCCCN(CCN)c1nc2cc(F)ccc2[nH]1,0.8413072722373717,binned_cosine_1Da,15,False,predicted_spectrum,9564
CASMI2022,massformer,completed,17,17,41,CASMI_MOL_1196804,CASMI_MOL_74620,74620,CNCC(C=N)C1CNc2ccc(F)cc2N1C,0.8405077146329404,binned_cosine_1Da,16,False,predicted_spectrum,9564
CASMI2022,massformer,completed,17,17,41,CASMI_MOL_1196804,CASMI_MOL_81587,81587,CN(C)CCCn1c(CN)nc2cc(F)ccc21,0.8385616333293234,binned_cosine_1Da,17,False,predicted_spectrum,9564
CASMI2022,massformer,completed,17,17,41,CASMI_MOL_1196804,CASMI_MOL_79628,79628,CC(C)N(C)CCNc1nc2cc(F)ccc2[nH]1,0.8376408620744233,binned_cosine_1Da,18,False,predicted_spectrum,9564
CASMI2022,massformer,completed,17,17,41,CASMI_MOL_1196804,CASMI_MOL_79626,79626,CN(CC(C)(C)CN)c1nc2cc(F)ccc2[nH]1,0.8369755593171242,binned_cosine_1Da,19,False,predicted_spectrum,9564
CASMI2022,massformer,completed,17,17,41,CASMI_MOL_1196804,CASMI_MOL_79629,79629,CN(C)CCCCNc1nc2cc(F)ccc2[nH]1,0.8364295784498073,binned_cosine_1Da,20,False,predicted_spectrum,9564
CASMI2022,massformer,completed,17,17,41,CASMI_MOL_1196804,CASMI_MOL_76552,76552,COC(=O)C(C)=CC12CC3CC(CC(O)(C3)C1)C2,0.836090592624483,binned_cosine_1Da,21,False,predicted_spectrum,9564
CASMI2022,massformer,completed,17,17,41,CASMI_MOL_1196804,CASMI_MOL_82865,82865,COC(=O)C(C)=CC12CC3CC(CC(O)(C3)C1)C2,0.836090592624483,binned_cosine_1Da,22,False,predicted_spectrum,9564
CASMI2022,massformer,completed,17,17,41,CASMI_MOL_1196804,CASMI_MOL_82421,82421,CC1NN(C)c2cc(F)c(N3CCNCC3)cc21,0.8356637221509599,binned_cosine_1Da,23,False,predicted_spectrum,9564
CASMI2022,massformer,completed,17,17,41,CASMI_MOL_1196804,CASMI_MOL_83477,83477,CN(C)CCCCn1c(N)nc2c(F)cccc21,0.8349739900441217,binned_cosine_1Da,24,False,predicted_spectrum,9564
CASMI2022,massformer,completed,17,17,41,CASMI_MOL_1196804,CASMI_MOL_79089,79089,Fc1cccc(NCCCNC2=NCCCN2)c1,0.8347148007964211,binned_cosine_1Da,25,False,predicted_spectrum,9564
CASMI2022,massformer,completed,17,17,41,CASMI_MOL_1196804,CASMI_MOL_81585,81585,CN(C)CCNCCc1nc2cc(F)ccc2[nH]1,0.8344574643682117,binned_cosine_1Da,26,False,predicted_spectrum,9564
CASMI2022,massformer,completed,17,17,41,CASMI_MOL_1196804,CASMI_MOL_83547,83547,CC(C(=N)N)N1CCN(c2ccc(F)cc2)CC1,0.8342817336075027,binned_cosine_1Da,27,False,predicted_spectrum,9564
CASMI2022,massformer,completed,17,17,41,CASMI_MOL_1196804,CASMI_MOL_79621,79621,CCCN(CCNC)c1nc2cc(F)ccc2[nH]1,0.8335085680731766,binned_cosine_1Da,28,False,predicted_spectrum,9564
CASMI2022,massformer,completed,17,17,41,CASMI_MOL_1196804,CASMI_MOL_74670,74670,CC(C)C1=NCCN(c2ccc(CN)cc2F)N1,0.8329782116665706,binned_cosine_1Da,29,False,predicted_spectrum,9564
CASMI2022,massformer,completed,17,17,41,CASMI_MOL_1196804,CASMI_MOL_78583,78583,CCC(CC)(CN)Nc1nc2cc(F)ccc2[nH]1,0.8317370101010073,binned_cosine_1Da,30,False,predicted_spectrum,9564
CASMI2022,massformer,completed,17,17,41,CASMI_MOL_1196804,CASMI_MOL_81117,81117,CC(C)(C)c1cc(C(C)(C)C)c(O)c(C=O)c1O,0.8297322027173579,binned_cosine_1Da,31,False,predicted_spectrum,9564
CASMI2022,massformer,completed,17,17,41,CASMI_MOL_1196804,CASMI_MOL_79172,79172,CN1CCN(Cc2cccc(C(=N)N)c2F)CC1,0.8294208189208663,binned_cosine_1Da,32,False,predicted_spectrum,9564
CASMI2022,massformer,completed,17,17,41,CASMI_MOL_1196804,CASMI_MOL_78579,78579,CCNCCN(CC)c1nc2cc(F)ccc2[nH]1,0.8293834361376139,binned_cosine_1Da,33,False,predicted_spectrum,9564
CASMI2022,massformer,completed,17,17,41,CASMI_MOL_1196804,CASMI_MOL_81636,81636,CN(C)CCNc1cccc(F)c1C1=NCCN1,0.829044701103847,binned_cosine_1Da,34,False,predicted_spectrum,9564
CASMI2022,massformer,completed,17,17,41,CASMI_MOL_1196804,CASMI_MOL_79623,79623,CC(C)CN(CCN)c1nc2cc(F)ccc2[nH]1,0.8286820353482094,binned_cosine_1Da,35,False,predicted_spectrum,9564
CASMI2022,massformer,completed,17,17,41,CASMI_MOL_1196804,CASMI_MOL_77016,77016,NC1CCN(C2CC(c3ccc(F)cc3)NN2)C1,0.8281121047962929,binned_cosine_1Da,36,False,predicted_spectrum,9564
CASMI2022,massformer,completed,17,17,41,CASMI_MOL_1196804,CASMI_MOL_79622,79622,CC(C)NCCN(C)c1nc2cc(F)ccc2[nH]1,0.8278519383432243,binned_cosine_1Da,37,False,predicted_spectrum,9564
CASMI2022,massformer,completed,17,17,41,CASMI_MOL_1196804,CASMI_MOL_83307,83307,CN(C)C1CCN(c2ccc(C(=N)N)cc2F)C1,0.8265814509650711,binned_cosine_1Da,38,False,predicted_spectrum,9564
CASMI2022,massformer,completed,17,17,41,CASMI_MOL_1196804,CASMI_MOL_79085,79085,CN=C(NC)N1CCN(c2ccc(F)cc2)CC1,0.825844716683955,binned_cosine_1Da,39,False,predicted_spectrum,9564
CASMI2022,massformer,completed,17,17,41,CASMI_MOL_1196804,CASMI_MOL_84004,84004,CN(C)CCCCn1c(N)nc2ccc(F)cc21,0.8258195623136771,binned_cosine_1Da,40,False,predicted_spectrum,9564
CASMI2022,massformer,completed,17,17,41,CASMI_MOL_1196804,CASMI_MOL_77780,77780,COc1cc(C(C)(C)C)cc(C2(O)CC2)c1OC,0.8252941679437494,binned_cosine_1Da,41,False,predicted_spectrum,9564
CASMI2022,massformer,completed,17,17,41,CASMI_MOL_1196804,CASMI_MOL_83546,83546,CC(C(=N)N)N1CCN(c2ccccc2F)CC1,0.8246537104614229,binned_cosine_1Da,42,False,predicted_spectrum,9564
CASMI2022,massformer,completed,17,17,41,CASMI_MOL_1196804,CASMI_MOL_78827,78827,CNC(c1ccncc1F)C1CN2CCN1CC2,0.8228642542518307,binned_cosine_1Da,43,False,predicted_spectrum,9564
CASMI2022,massformer,completed,17,17,41,CASMI_MOL_1196804,CASMI_MOL_77779,77779,COc1cc(C2(O)CC2)c(OC)cc1C(C)(C)C,0.822822063218267,binned_cosine_1Da,44,False,predicted_spectrum,9564
CASMI2022,massformer,completed,17,17,41,CASMI_MOL_1196804,CASMI_MOL_78580,78580,CCCNCCN(C)c1nc2cc(F)ccc2[nH]1,0.82199737143811,binned_cosine_1Da,45,False,predicted_spectrum,9564
CASMI2022,massformer,completed,17,17,41,CASMI_MOL_1196804,CASMI_MOL_83478,83478,CN(C)CCCCn1c(N)nc2cc(F)ccc21,0.8203315633733337,binned_cosine_1Da,46,False,predicted_spectrum,9564
CASMI2022,massformer,completed,17,17,41,CASMI_MOL_1196804,CASMI_MOL_79086,79086,CN=C(NC)N1CCN(c2ccccc2F)CC1,0.8200561807068192,binned_cosine_1Da,47,False,predicted_spectrum,9564
CASMI2022,massformer,completed,17,17,41,CASMI_MOL_1196804,CASMI_MOL_83368,83368,CC(C)N(C)CCn1c(N)nc2c(F)cccc21,0.8175846839137,binned_cosine_1Da,48,False,predicted_spectrum,9564
CASMI2022,massformer,completed,17,17,41,CASMI_MOL_1196804,CASMI_MOL_81969,81969,CNC(c1cncc(F)c1)C1CN2CCN1CC2,0.816249544323079,binned_cosine_1Da,49,False,predicted_spectrum,9564
CASMI2022,massformer,completed,17,17,41,CASMI_MOL_1196804,CASMI_MOL_79630,79630,CN(C)C(C)(C)CNc1nc2cc(F)ccc2[nH]1,0.815088627503596,binned_cosine_1Da,50,False,predicted_spectrum,9564
CASMI2022,massformer,completed,17,17,41,CASMI_MOL_1196804,CASMI_MOL_76306,76306,CC1CC(F)c2ncnc(N3CCN(C)CC3)c21,0.814765835493661,binned_cosine_1Da,51,False,predicted_spectrum,9564
CASMI2022,massformer,completed,17,17,41,CASMI_MOL_1196804,CASMI_MOL_79751,79751,COC(=O)C(C(C)=O)C12CC3CC(CC(C3)C1)C2,0.8144851830702302,binned_cosine_1Da,52,False,predicted_spectrum,9564
CASMI2022,massformer,completed,17,17,41,CASMI_MOL_1196804,CASMI_MOL_83446,83446,CCN=C(N)N1CCN(c2ccc(F)cc2)CC1,0.8127459270046525,binned_cosine_1Da,53,False,predicted_spectrum,9564
CASMI2022,massformer,completed,17,17,41,CASMI_MOL_1196804,CASMI_MOL_84052,84052,CCN(CC)CCn1c(N)nc2c(F)cccc21,0.8116471778304284,binned_cosine_1Da,54,False,predicted_spectrum,9564
CASMI2022,massformer,completed,17,17,41,CASMI_MOL_1196804,CASMI_MOL_77778,77778,COc1cc(C(C)(C)C)c(OC)c(C2(O)CC2)c1,0.8111503199263437,binned_cosine_1Da,55,False,predicted_spectrum,9564
CASMI2022,massformer,completed,17,17,41,CASMI_MOL_1196804,CASMI_MOL_77212,77212,CC1=NCC(C)C(N(N)c2ccc(F)cc2)C1N,0.8109771042131826,binned_cosine_1Da,56,False,predicted_spectrum,9564
CASMI2022,massformer,completed,17,17,41,CASMI_MOL_1196804,CASMI_MOL_79308,79308,Fc1cncc(CN2CCN(C3CNC3)CC2)c1,0.8105771763249926,binned_cosine_1Da,57,False,predicted_spectrum,9564
CASMI2022,massformer,completed,17,17,41,CASMI_MOL_1196804,CASMI_MOL_79109,79109,Cc1ncnc(N2CC3CNCC3C2(C)C)c1F,0.8101541456784291,binned_cosine_1Da,58,False,predicted_spectrum,9564
CASMI2022,massformer,completed,17,17,41,CASMI_MOL_1196804,CASMI_MOL_74726,74726,CN(C)C1=CC(N2CCNCC2)C(F)C=C1C#N,0.8092257876820393,binned_cosine_1Da,59,False,predicted_spectrum,9564
CASMI2022,massformer,completed,17,17,41,CASMI_MOL_1196804,CASMI_MOL_79307,79307,Fc1cncc(CN2CC(N3CCNCC3)C2)c1,0.8088027222597076,binned_cosine_1Da,60,False,predicted_spectrum,9564
CASMI2022,massformer,completed,17,17,41,CASMI_MOL_1196804,CASMI_MOL_84008,84008,CCN=C(N)N1CCN(c2ccccc2F)CC1,0.8086096636233111,binned_cosine_1Da,61,False,predicted_spectrum,9564
CASMI2022,massformer,completed,17,17,41,CASMI_MOL_1196804,CASMI_MOL_81586,81586,CC(N)c1nc2cc(F)ccc2n1CCN(C)C,0.808037445579567,binned_cosine_1Da,62,False,predicted_spectrum,9564
CASMI2022,massformer,completed,17,17,41,CASMI_MOL_1196804,CASMI_MOL_83278,83278,CN(C)C1CCN(c2ccc(F)cc2C(=N)N)C1,0.807165332974247,binned_cosine_1Da,63,False,predicted_spectrum,9564
CASMI2022,massformer,completed,17,17,41,CASMI_MOL_1196804,CASMI_MOL_83306,83306,CN1CCN(Cc2ccc(F)cc2C(=N)N)CC1,0.8054900515218804,binned_cosine_1Da,64,False,predicted_spectrum,9564
CASMI2022,massformer,completed,17,17,41,CASMI_MOL_1196804,CASMI_MOL_79631,79631,CC(CCN(C)C)Nc1nc2cc(F)ccc2[nH]1,0.8051544519979774,binned_cosine_1Da,65,False,predicted_spectrum,9564
CASMI2022,massformer,completed,17,17,41,CASMI_MOL_1196804,CASMI_MOL_83287,83287,CC1CN(c2ccc(C(=N)N)cc2F)CCN1C,0.8051301114457615,binned_cosine_1Da,66,False,predicted_spectrum,9564
CASMI2022,massformer,completed,17,17,41,CASMI_MOL_1196804,CASMI_MOL_82025,82025,CN(C)C1CCN(c2cccc(F)c2C(=N)N)C1,0.8051254097531678,binned_cosine_1Da,67,False,predicted_spectrum,9564
CASMI2022,massformer,completed,17,17,41,CASMI_MOL_1196804,CASMI_MOL_78537,78537,CCN(C)CCn1c(N)nc2cc(F)c(C)cc21,0.8048915174143596,binned_cosine_1Da,68,False,predicted_spectrum,9564
CASMI2022,massformer,completed,17,17,41,CASMI_MOL_1196804,CASMI_MOL_82871,82871,CCC(=O)c1cc(C(C)(C)O)cc(C(C)(C)O)c1,0.8043267854262741,binned_cosine_1Da,69,False,predicted_spectrum,9564
CASMI2022,massformer,completed,17,17,41,CASMI_MOL_1196804,CASMI_MOL_77625,77625,CC(C)CNc1nc2cc(F)ccc2n1CCN,0.8041484225519417,binned_cosine_1Da,70,False,predicted_spectrum,9564
CASMI2022,massformer,completed,17,17,41,CASMI_MOL_1196804,CASMI_MOL_84044,84044,N=C(N)CCN1CCN(c2ccccc2F)CC1,0.8039875399938547,binned_cosine_1Da,71,False,predicted_spectrum,9564
CASMI2022,massformer,completed,17,17,41,CASMI_MOL_1196804,CASMI_MOL_76989,76989,Cc1ccc(F)c(NC2C3CC2CN(CN)C3)n1,0.8039647889872119,binned_cosine_1Da,72,False,predicted_spectrum,9564
CASMI2022,massformer,completed,17,17,41,CASMI_MOL_1196804,CASMI_MOL_80802,80802,CCN(CCNC)c1nc2cc(F)ccc2n1C,0.8025368311582685,binned_cosine_1Da,73,False,predicted_spectrum,9564
CASMI2022,massformer,completed,17,17,41,CASMI_MOL_1196804,CASMI_MOL_76363,76363,FCC1Cc2ncnc(C3CCNCC3)c2CN1,0.8019121701017474,binned_cosine_1Da,74,False,predicted_spectrum,9564
CASMI2022,massformer,completed,17,17,41,CASMI_MOL_1196804,CASMI_MOL_79306,79306,CC1CN(C)CCN1c1ccc(C(=N)N)cc1F,0.8011655649522621,binned_cosine_1Da,75,False,predicted_spectrum,9564
CASMI2022,massformer,completed,17,17,41,CASMI_MOL_1196804,CASMI_MOL_74636,74636,Cc1cc(F)cc2c1C(N(C)N)C(=N)C(C)(C)N2,0.8009955445183551,binned_cosine_1Da,76,False,predicted_spectrum,9564
CASMI2022,massformer,completed,17,17,41,CASMI_MOL_1196804,CASMI_MOL_77531,77531,CC=C(c1cc(N=NN)ccc1F)N(CC)CC,0.8005283787703361,binned_cosine_1Da,77,False,predicted_spectrum,9564
CASMI2022,massformer,completed,17,17,41,CASMI_MOL_1196804,CASMI_MOL_76307,76307,CC(=N)CN1CCN(c2ncc(F)cc2C)CC1,0.798757636952667,binned_cosine_1Da,78,False,predicted_spectrum,9564
CASMI2022,massformer,completed,17,17,41,CASMI_MOL_1196804,CASMI_MOL_79895,79895,C=C1CC23CCCCC2(C(=O)OC)CCC1(O)C3,0.7975249802890074,binned_cosine_1Da,79,False,predicted_spectrum,9564
CASMI2022,massformer,completed,17,17,41,CASMI_MOL_1196804,CASMI_MOL_81591,81591,CC(c1nc2cc(F)ccc2n1CCN)N(C)C,0.7966895803560432,binned_cosine_1Da,80,False,predicted_spectrum,9564
CASMI2022,massformer,completed,17,17,41,CASMI_MOL_1196804,CASMI_MOL_74577,74577,CNC1CN(c2ncnc(C3CCCC3)c2F)C1,0.7958861871787914,binned_cosine_1Da,81,False,predicted_spectrum,9564
CASMI2022,massformer,completed,17,17,41,CASMI_MOL_1196804,CASMI_MOL_83366,83366,CC(C)N(C)CCn1c(N)nc2cc(F)ccc21,0.7954732939508861,binned_cosine_1Da,82,False,predicted_spectrum,9564
CASMI2022,massformer,completed,17,17,41,CASMI_MOL_1196804,CASMI_MOL_83367,83367,CC(C)N(C)CCn1c(N)nc2ccc(F)cc21,0.7943872621270661,binned_cosine_1Da,83,False,predicted_spectrum,9564
CASMI2022,massformer,completed,17,17,41,CASMI_MOL_1196804,CASMI_MOL_78538,78538,Cc1cc2c(cc1F)nc(N)n2CCCN(C)C,0.7931746998139094,binned_cosine_1Da,84,False,predicted_spectrum,9564
CASMI2022,massformer,completed,17,17,41,CASMI_MOL_1196804,CASMI_MOL_75794,75794,COc1cc2c(cc1OC)C(CC(C)C)OCC2,0.7927154692952374,binned_cosine_1Da,85,False,predicted_spectrum,9564
CASMI2022,massformer,completed,17,17,41,CASMI_MOL_1196804,CASMI_MOL_83276,83276,CN1CCCN(c2ccc(F)cc2C(=N)N)CC1,0.7912711413252057,binned_cosine_1Da,86,False,predicted_spectrum,9564
CASMI2022,massformer,completed,17,17,41,CASMI_MOL_1196804,CASMI_MOL_77112,77112,CC(C)(C)N1Cc2cnc(N3CC(F)C3)nc2C1,0.790155591610975,binned_cosine_1Da,87,False,predicted_spectrum,9564
CASMI2022,massformer,completed,17,17,41,CASMI_MOL_1196804,CASMI_MOL_83443,83443,CCN(CC)CCn1c(N)nc2ccc(F)cc21,0.7889702644118969,binned_cosine_1Da,88,False,predicted_spectrum,9564
CASMI2022,massformer,completed,17,17,41,CASMI_MOL_1196804,CASMI_MOL_79539,79539,CCCCN=C(NN)N1CCc2ccc(F)cc21,0.7888144083513507,binned_cosine_1Da,89,False,predicted_spectrum,9564
CASMI2022,massformer,completed,17,17,41,CASMI_MOL_1196804,CASMI_MOL_82023,82023,CN1CCCN(c2cccc(F)c2C(=N)N)CC1,0.7884661728492584,binned_cosine_1Da,90,False,predicted_spectrum,9564
CASMI2022,massformer,completed,17,17,41,CASMI_MOL_1196804,CASMI_MOL_82309,82309,C=C1CC23C=CCCC2C(O)C(OC)(OC)C1C3,0.7883057371291229,binned_cosine_1Da,91,False,predicted_spectrum,9564
CASMI2022,massformer,completed,17,17,41,CASMI_MOL_1196804,CASMI_MOL_81590,81590,CN(C)Cc1nc2cc(F)ccc2n1CCCN,0.7882514536049323,binned_cosine_1Da,92,False,predicted_spectrum,9564
CASMI2022,massformer,completed,17,17,41,CASMI_MOL_1196804,CASMI_MOL_79540,79540,CC(C)CN=C(NN)N1CCc2ccc(F)cc21,0.7875195427847405,binned_cosine_1Da,93,False,predicted_spectrum,9564
CASMI2022,massformer,completed,17,17,41,CASMI_MOL_1196804,CASMI_MOL_81250,81250,N=C(N)CCN1CCN(c2cccc(F)c2)CC1,0.786632671135134,binned_cosine_1Da,94,False,predicted_spectrum,9564
CASMI2022,massformer,completed,17,17,41,CASMI_MOL_1196804,CASMI_MOL_79520,79520,COc1cccc(OC)c1C1(O)CC(C(C)C)C1,0.785984540946155,binned_cosine_1Da,95,False,predicted_spectrum,9564
CASMI2022,massformer,completed,17,17,41,CASMI_MOL_1196804,CASMI_MOL_77626,77626,CCCCNc1nc2cc(F)ccc2n1CCN,0.785641465259337,binned_cosine_1Da,96,False,predicted_spectrum,9564
CASMI2022,massformer,completed,17,17,41,CASMI_MOL_1196804,CASMI_MOL_80205,80205,COC(=O)C1(C)CC23CCCCC2(CC(=O)C3)C1,0.7852078934143985,binned_cosine_1Da,97,False,predicted_spectrum,9564
CASMI2022,massformer,completed,17,17,41,CASMI_MOL_1196804,CASMI_MOL_81800,81800,CN1CCN(Cc2cc(F)cc(C(=N)N)c2)CC1,0.784441229871542,binned_cosine_1Da,98,False,predicted_spectrum,9564
CASMI2022,massformer,completed,17,17,41,CASMI_MOL_1196804,CASMI_MOL_77485,77485,Fc1ccc(N2CCC(N3CCNCC3)C2)nc1,0.7843840386170694,binned_cosine_1Da,99,False,predicted_spectrum,9564
CASMI2022,massformer,completed,17,17,41,CASMI_MOL_1196804,CASMI_MOL_79304,79304,CC1CN(C)CCN1c1cccc(F)c1C(=N)N,0.783109598935976,binned_cosine_1Da,100,False,predicted_spectrum,9564
CASMI2022,massformer,completed,17,17,41,CASMI_MOL_1196804,CASMI_MOL_1196804,1196804,CC1=C(C(=O)O)CC2(C)CCC3C(C)(O)CCC132,0.44071580374593977,binned_cosine_1Da,1855,True,predicted_spectrum,9564
CASMI2022,massformer,completed,18,18,42,CASMI_MOL_1196806,CASMI_MOL_89686,89686,CC1(OO)C(=O)C2CCCC(C2)C1=O,0.8985214506677708,binned_cosine_1Da,1,False,predicted_spectrum,6548
CASMI2022,massformer,completed,18,18,42,CASMI_MOL_1196806,CASMI_MOL_86704,86704,COC1([O-])OC(=[OH+])C2C3CCC(C3)C21,0.892375854973263,binned_cosine_1Da,2,False,predicted_spectrum,6548
CASMI2022,massformer,completed,18,18,42,CASMI_MOL_1196806,CASMI_MOL_87223,87223,O=C1C=CC2COCOCOCC2C1,0.8921267301478778,binned_cosine_1Da,3,False,predicted_spectrum,6548
CASMI2022,massformer,completed,18,18,42,CASMI_MOL_1196806,CASMI_MOL_88979,88979,O=C1OCCC12CCC(CO)=CC2O,0.8896246089325933,binned_cosine_1Da,4,False,predicted_spectrum,6548
CASMI2022,massformer,completed,18,18,42,CASMI_MOL_1196806,CASMI_MOL_88980,88980,O=C1OCCC12CCC(CO)=CC2O,0.8896246089325933,binned_cosine_1Da,5,False,predicted_spectrum,6548
CASMI2022,massformer,completed,18,18,42,CASMI_MOL_1196806,CASMI_MOL_88982,88982,O=C1OCCC12CCC(CO)=CC2O,0.8896246089325933,binned_cosine_1Da,6,False,predicted_spectrum,6548
CASMI2022,massformer,completed,18,18,42,CASMI_MOL_1196806,CASMI_MOL_88981,88981,O=C1OCCC12CCC(CO)=CC2O,0.8896245829700815,binned_cosine_1Da,7,False,predicted_spectrum,6548
CASMI2022,massformer,completed,18,18,42,CASMI_MOL_1196806,CASMI_MOL_84360,84360,O=C1C(=O)C(O)C2(CCCCC2)C1O,0.8888322045500252,binned_cosine_1Da,8,False,predicted_spectrum,6548
CASMI2022,massformer,completed,18,18,42,CASMI_MOL_1196806,CASMI_MOL_84561,84561,O=C1CC(O)(C2CCCCC2)C(=O)O1,0.8873579584049882,binned_cosine_1Da,9,False,predicted_spectrum,6548
CASMI2022,massformer,completed,18,18,42,CASMI_MOL_1196806,CASMI_MOL_85819,85819,CC1(O)CCC2C(C=O)=COC(O)C21,0.8861343534247297,binned_cosine_1Da,10,False,predicted_spectrum,6548
CASMI2022,massformer,completed,18,18,42,CASMI_MOL_1196806,CASMI_MOL_89525,89525,CC1(O)CCC2C(C=O)=COC(O)C21,0.8861343534247297,binned_cosine_1Da,11,False,predicted_spectrum,6548
CASMI2022,massformer,completed,18,18,42,CASMI_MOL_1196806,CASMI_MOL_84926,84926,O=C(O)C1C2CCC(C2)C1C1(O)CO1,0.8849852459478011,binned_cosine_1Da,12,False,predicted_spectrum,6548
CASMI2022,massformer,completed,18,18,42,CASMI_MOL_1196806,CASMI_MOL_85730,85730,CC1CCC2(C1)C(C(=O)O)C2C(=O)O,0.8837364453004044,binned_cosine_1Da,13,False,predicted_spectrum,6548
CASMI2022,massformer,completed,18,18,42,CASMI_MOL_1196806,CASMI_MOL_85851,85851,CC1CCC2(C1)C(C(=O)O)C2C(=O)O,0.8837364453004044,binned_cosine_1Da,14,False,predicted_spectrum,6548
CASMI2022,massformer,completed,18,18,42,CASMI_MOL_1196806,CASMI_MOL_84237,84237,O=C(O)C(O)C1(C2=COCCC2)CC1,0.8836708339460807,binned_cosine_1Da,15,False,predicted_spectrum,6548
CASMI2022,massformer,completed,18,18,42,CASMI_MOL_1196806,CASMI_MOL_84375,84375,CC1(O)OC2(CC3CCC2C3)OC1=O,0.8814088259799452,binned_cosine_1Da,16,False,predicted_spectrum,6548
CASMI2022,massformer,completed,18,18,42,CASMI_MOL_1196806,CASMI_MOL_89565,89565,COC1C(=O)C(=O)OC12CCCCC2,0.8809132921404905,binned_cosine_1Da,17,False,predicted_spectrum,6548
CASMI2022,massformer,completed,18,18,42,CASMI_MOL_1196806,CASMI_MOL_85840,85840,CC1(CC(=O)O)CC=CCC1C(=O)O,0.8797384543629114,binned_cosine_1Da,18,False,predicted_spectrum,6548
CASMI2022,massformer,completed,18,18,42,CASMI_MOL_1196806,CASMI_MOL_85592,85592,O=C1C2CC(CC3(C2)OCCO3)C1O,0.8787338620145664,binned_cosine_1Da,19,False,predicted_spectrum,6548
CASMI2022,massformer,completed,18,18,42,CASMI_MOL_1196806,CASMI_MOL_85685,85685,O=C1C2CC(CC3(C2)OCCO3)C1O,0.8787338620145664,binned_cosine_1Da,20,False,predicted_spectrum,6548
CASMI2022,massformer,completed,18,18,42,CASMI_MOL_1196806,CASMI_MOL_86571,86571,O=C1CCC=CCCC(=O)OCCO1,0.87862514342895,binned_cosine_1Da,21,False,predicted_spectrum,6548
CASMI2022,massformer,completed,18,18,42,CASMI_MOL_1196806,CASMI_MOL_84747,84747,O=C(O)CC12CCC(CC1C(=O)O)C2,0.8784659544629221,binned_cosine_1Da,22,False,predicted_spectrum,6548
CASMI2022,massformer,completed,18,18,42,CASMI_MOL_1196806,CASMI_MOL_85022,85022,O=C(O)CC1(CC(=O)O)C=CCCC1,0.875948617343093,binned_cosine_1Da,23,False,predicted_spectrum,6548
CASMI2022,massformer,completed,18,18,42,CASMI_MOL_1196806,CASMI_MOL_89341,89341,CC12CCC(C1)C(C(=O)O)C2C(=O)O,0.8753110293140087,binned_cosine_1Da,24,False,predicted_spectrum,6548
CASMI2022,massformer,completed,18,18,42,CASMI_MOL_1196806,CASMI_MOL_88052,88052,O=C(O)C1CCC2(CC2)CC1C(=O)O,0.8745635765121346,binned_cosine_1Da,25,False,predicted_spectrum,6548
CASMI2022,massformer,completed,18,18,42,CASMI_MOL_1196806,CASMI_MOL_88053,88053,O=C(O)C1CCC2(CC2)CC1C(=O)O,0.874563569175848,binned_cosine_1Da,26,False,predicted_spectrum,6548
CASMI2022,massformer,completed,18,18,42,CASMI_MOL_1196806,CASMI_MOL_85660,85660,COC1C(=O)OC2(CCCCC2)C1=O,0.8736332044353352,binned_cosine_1Da,27,False,predicted_spectrum,6548
CASMI2022,massformer,completed,18,18,42,CASMI_MOL_1196806,CASMI_MOL_88405,88405,O=CC1CC(C=O)CC2(C1)OCCO2,0.873536749329405,binned_cosine_1Da,28,False,predicted_spectrum,6548
CASMI2022,massformer,completed,18,18,42,CASMI_MOL_1196806,CASMI_MOL_88404,88404,O=CC1CC(C=O)CC2(C1)OCCO2,0.873536740447604,binned_cosine_1Da,29,False,predicted_spectrum,6548
CASMI2022,massformer,completed,18,18,42,CASMI_MOL_1196806,CASMI_MOL_84822,84822,O=C(O)C1C(C(=O)O)C12CCCCC2,0.8733206861107248,binned_cosine_1Da,30,False,predicted_spectrum,6548
CASMI2022,massformer,completed,18,18,42,CASMI_MOL_1196806,CASMI_MOL_89768,89768,O=C(O)C1C(C(=O)O)C12CCCCC2,0.8733206861107248,binned_cosine_1Da,31,False,predicted_spectrum,6548
CASMI2022,massformer,completed,18,18,42,CASMI_MOL_1196806,CASMI_MOL_87499,87499,O=C1CC2(CCCCC2CO)C(=O)O1,0.8728704378181901,binned_cosine_1Da,32,False,predicted_spectrum,6548
CASMI2022,massformer,completed,18,18,42,CASMI_MOL_1196806,CASMI_MOL_88661,88661,O=C1OCCOC(=O)C2CCC1CC2,0.8728639184465441,binned_cosine_1Da,33,False,predicted_spectrum,6548
CASMI2022,massformer,completed,18,18,42,CASMI_MOL_1196806,CASMI_MOL_85458,85458,COC(=O)CC12CC(CC(=O)O)(C1)C2,0.8726815725485046,binned_cosine_1Da,34,False,predicted_spectrum,6548
CASMI2022,massformer,completed,18,18,42,CASMI_MOL_1196806,CASMI_MOL_89963,89963,C=C1C(=O)OCC2(C)CC(O)CC12O,0.8723964511807178,binned_cosine_1Da,35,False,predicted_spectrum,6548
CASMI2022,massformer,completed,18,18,42,CASMI_MOL_1196806,CASMI_MOL_84535,84535,CC1(C(=O)O)C(C(=O)O)C12CCCC2,0.872312023732515,binned_cosine_1Da,36,False,predicted_spectrum,6548
CASMI2022,massformer,completed,18,18,42,CASMI_MOL_1196806,CASMI_MOL_84933,84933,O=C(O)C1CCC2CCC1C2C(=O)O,0.8720388904842111,binned_cosine_1Da,37,False,predicted_spectrum,6548
CASMI2022,massformer,completed,18,18,42,CASMI_MOL_1196806,CASMI_MOL_90570,90570,O=C(O)C1CCCC2C(=O)OCCC12,0.8707035342827818,binned_cosine_1Da,38,False,predicted_spectrum,6548
CASMI2022,massformer,completed,18,18,42,CASMI_MOL_1196806,CASMI_MOL_85369,85369,O=C1CC(C2CCOCC2)CC(=O)O1,0.8697376136502755,binned_cosine_1Da,39,False,predicted_spectrum,6548
CASMI2022,massformer,completed,18,18,42,CASMI_MOL_1196806,CASMI_MOL_88108,88108,O=C(O)C1CC=CCCC(C(=O)O)C1,0.8695729410002029,binned_cosine_1Da,40,False,predicted_spectrum,6548
CASMI2022,massformer,completed,18,18,42,CASMI_MOL_1196806,CASMI_MOL_88109,88109,O=C(O)C1CC=CCCC(C(=O)O)C1,0.8695729410002029,binned_cosine_1Da,41,False,predicted_spectrum,6548
CASMI2022,massformer,completed,18,18,42,CASMI_MOL_1196806,CASMI_MOL_86969,86969,O=C(O)C1CCC2CCC(C(=O)O)C21,0.8694568616804759,binned_cosine_1Da,42,False,predicted_spectrum,6548
CASMI2022,massformer,completed,18,18,42,CASMI_MOL_1196806,CASMI_MOL_87134,87134,O=C(O)C1CCC2CCC(C(=O)O)C21,0.8694568616804759,binned_cosine_1Da,43,False,predicted_spectrum,6548
CASMI2022,massformer,completed,18,18,42,CASMI_MOL_1196806,CASMI_MOL_86968,86968,O=C(O)C1CCC2CCC(C(=O)O)C21,0.8694568360914852,binned_cosine_1Da,44,False,predicted_spectrum,6548
CASMI2022,massformer,completed,18,18,42,CASMI_MOL_1196806,CASMI_MOL_86970,86970,O=C(O)C1CCC2CCC(C(=O)O)C21,0.8694568360914852,binned_cosine_1Da,45,False,predicted_spectrum,6548
CASMI2022,massformer,completed,18,18,42,CASMI_MOL_1196806,CASMI_MOL_85867,85867,O=C1CC2(CCCCC2)C(C(=O)O)O1,0.8694207369606778,binned_cosine_1Da,46,False,predicted_spectrum,6548
CASMI2022,massformer,completed,18,18,42,CASMI_MOL_1196806,CASMI_MOL_85589,85589,C=CCC1(O)C(=O)OC2CC(O)CC21,0.8690031545537019,binned_cosine_1Da,47,False,predicted_spectrum,6548
CASMI2022,massformer,completed,18,18,42,CASMI_MOL_1196806,CASMI_MOL_85727,85727,C=CCC1(O)C(=O)OC2CC(O)CC21,0.8690031545537019,binned_cosine_1Da,48,False,predicted_spectrum,6548
CASMI2022,massformer,completed,18,18,42,CASMI_MOL_1196806,CASMI_MOL_85859,85859,CC1CCCC2(C1)C(=O)OC2C(=O)O,0.868854228556774,binned_cosine_1Da,49,False,predicted_spectrum,6548
CASMI2022,massformer,completed,18,18,42,CASMI_MOL_1196806,CASMI_MOL_85689,85689,COC12CCCC1C(O)C(C=O)=CO2,0.8685775953490043,binned_cosine_1Da,50,False,predicted_spectrum,6548
CASMI2022,massformer,completed,18,18,42,CASMI_MOL_1196806,CASMI_MOL_89757,89757,COC12CCCC1C(O)C(C=O)=CO2,0.8685775953490043,binned_cosine_1Da,51,False,predicted_spectrum,6548
CASMI2022,massformer,completed,18,18,42,CASMI_MOL_1196806,CASMI_MOL_90360,90360,COC12CCCC1C(O)C(C=O)=CO2,0.8685775851624562,binned_cosine_1Da,52,False,predicted_spectrum,6548
CASMI2022,massformer,completed,18,18,42,CASMI_MOL_1196806,CASMI_MOL_86093,86093,O=C(O)C1CCCCC2C(=O)OCC12,0.868406564909307,binned_cosine_1Da,53,False,predicted_spectrum,6548
CASMI2022,massformer,completed,18,18,42,CASMI_MOL_1196806,CASMI_MOL_87555,87555,O=C1OCCOC(=O)C2CCCCC12,0.8683400900672582,binned_cosine_1Da,54,False,predicted_spectrum,6548
CASMI2022,massformer,completed,18,18,42,CASMI_MOL_1196806,CASMI_MOL_86703,86703,COC1(O)OC(=O)C2C3CCC(C3)C21,0.8683110210610752,binned_cosine_1Da,55,False,predicted_spectrum,6548
CASMI2022,massformer,completed,18,18,42,CASMI_MOL_1196806,CASMI_MOL_84850,84850,C=C1CC2(CC(O)CC(O)C2)OC1=O,0.8682730434002481,binned_cosine_1Da,56,False,predicted_spectrum,6548
CASMI2022,massformer,completed,18,18,42,CASMI_MOL_1196806,CASMI_MOL_85503,85503,O=C(O)C1CC2CCC1CC2C(=O)O,0.868262677321482,binned_cosine_1Da,57,False,predicted_spectrum,6548
CASMI2022,massformer,completed,18,18,42,CASMI_MOL_1196806,CASMI_MOL_85598,85598,O=C(O)C1CC2CCC1CC2C(=O)O,0.868262677321482,binned_cosine_1Da,58,False,predicted_spectrum,6548
CASMI2022,massformer,completed,18,18,42,CASMI_MOL_1196806,CASMI_MOL_89841,89841,O=C(O)C1CC2CCC1CC2C(=O)O,0.868262677321482,binned_cosine_1Da,59,False,predicted_spectrum,6548
CASMI2022,massformer,completed,18,18,42,CASMI_MOL_1196806,CASMI_MOL_89842,89842,O=C(O)C1CC2CCC1CC2C(=O)O,0.868262677321482,binned_cosine_1Da,60,False,predicted_spectrum,6548
CASMI2022,massformer,completed,18,18,42,CASMI_MOL_1196806,CASMI_MOL_85690,85690,O=C(O)C1CC2CCC1CC2C(=O)O,0.868262667350345,binned_cosine_1Da,61,False,predicted_spectrum,6548
CASMI2022,massformer,completed,18,18,42,CASMI_MOL_1196806,CASMI_MOL_88018,88018,O=C1OCC2CCCCC2COC1=O,0.8682258588096203,binned_cosine_1Da,62,False,predicted_spectrum,6548
CASMI2022,massformer,completed,18,18,42,CASMI_MOL_1196806,CASMI_MOL_89662,89662,O=C(O)C1CC2CC(C(=O)O)CC2C1,0.8682117097951936,binned_cosine_1Da,63,False,predicted_spectrum,6548
CASMI2022,massformer,completed,18,18,42,CASMI_MOL_1196806,CASMI_MOL_84530,84530,CC1CC2(C1)CC(C(=O)O)(C(=O)O)C2,0.8675521273174245,binned_cosine_1Da,64,False,predicted_spectrum,6548
CASMI2022,massformer,completed,18,18,42,CASMI_MOL_1196806,CASMI_MOL_89025,89025,O=C(O)C1(C(=O)O)CC(C2CCC2)C1,0.8674257577471363,binned_cosine_1Da,65,False,predicted_spectrum,6548
CASMI2022,massformer,completed,18,18,42,CASMI_MOL_1196806,CASMI_MOL_85698,85698,O=C(O)CC1(C(=O)O)CC2CCC1C2,0.8662105869438368,binned_cosine_1Da,66,False,predicted_spectrum,6548
CASMI2022,massformer,completed,18,18,42,CASMI_MOL_1196806,CASMI_MOL_86916,86916,O=C(O)CC1(C(=O)O)CC2CCC1C2,0.8662105869438368,binned_cosine_1Da,67,False,predicted_spectrum,6548
CASMI2022,massformer,completed,18,18,42,CASMI_MOL_1196806,CASMI_MOL_86917,86917,O=C(O)CC1(C(=O)O)CC2CCC1C2,0.8662105869438368,binned_cosine_1Da,68,False,predicted_spectrum,6548
CASMI2022,massformer,completed,18,18,42,CASMI_MOL_1196806,CASMI_MOL_87015,87015,O=C(O)CC1(C(=O)O)CC2CCC1C2,0.8662105869438368,binned_cosine_1Da,69,False,predicted_spectrum,6548
CASMI2022,massformer,completed,18,18,42,CASMI_MOL_1196806,CASMI_MOL_88132,88132,O=C(O)CC1(C(=O)O)CC2CCC1C2,0.8662105869438368,binned_cosine_1Da,70,False,predicted_spectrum,6548
CASMI2022,massformer,completed,18,18,42,CASMI_MOL_1196806,CASMI_MOL_90547,90547,O=C(O)CC1(C(=O)O)CC2CCC1C2,0.8662105869438368,binned_cosine_1Da,71,False,predicted_spectrum,6548
CASMI2022,massformer,completed,18,18,42,CASMI_MOL_1196806,CASMI_MOL_85714,85714,CC12CCCCC1(C(=O)O)C2C(=O)O,0.8661162095610855,binned_cosine_1Da,72,False,predicted_spectrum,6548
CASMI2022,massformer,completed,18,18,42,CASMI_MOL_1196806,CASMI_MOL_85842,85842,CC12CCCCC1(C(=O)O)C2C(=O)O,0.866116193684094,binned_cosine_1Da,73,False,predicted_spectrum,6548
CASMI2022,massformer,completed,18,18,42,CASMI_MOL_1196806,CASMI_MOL_85865,85865,O=C(O)C1CCC2C(C(=O)O)CCC12,0.8659242792965531,binned_cosine_1Da,74,False,predicted_spectrum,6548
CASMI2022,massformer,completed,18,18,42,CASMI_MOL_1196806,CASMI_MOL_86495,86495,COC1CCCCC12CC(=O)OC2=O,0.8659112726843661,binned_cosine_1Da,75,False,predicted_spectrum,6548
CASMI2022,massformer,completed,18,18,42,CASMI_MOL_1196806,CASMI_MOL_84399,84399,O=C(O)CC1C=CC=CC1(CO)CO,0.8658423257581781,binned_cosine_1Da,76,False,predicted_spectrum,6548
CASMI2022,massformer,completed,18,18,42,CASMI_MOL_1196806,CASMI_MOL_84280,84280,CC1(c2cc(O)oc2O)CCOCC1,0.8657013918518768,binned_cosine_1Da,77,False,predicted_spectrum,6548
CASMI2022,massformer,completed,18,18,42,CASMI_MOL_1196806,CASMI_MOL_89356,89356,COC(=O)C1(C(=O)O)C2CCCCC21,0.8656321967230926,binned_cosine_1Da,78,False,predicted_spectrum,6548
CASMI2022,massformer,completed,18,18,42,CASMI_MOL_1196806,CASMI_MOL_85582,85582,O=C(O)C1CC2CC1CC21OCCO1,0.8653256354672396,binned_cosine_1Da,79,False,predicted_spectrum,6548
CASMI2022,massformer,completed,18,18,42,CASMI_MOL_1196806,CASMI_MOL_85830,85830,O=C(O)C1CC2CC1CC21OCCO1,0.8653256279903192,binned_cosine_1Da,80,False,predicted_spectrum,6548
CASMI2022,massformer,completed,18,18,42,CASMI_MOL_1196806,CASMI_MOL_87733,87733,O=C(O)C1CC2CC1CC21OCCO1,0.8653256279903192,binned_cosine_1Da,81,False,predicted_spectrum,6548
CASMI2022,massformer,completed,18,18,42,CASMI_MOL_1196806,CASMI_MOL_84528,84528,CC=C1CCCCCC(=O)OOC1=O,0.865314479570354,binned_cosine_1Da,82,False,predicted_spectrum,6548
CASMI2022,massformer,completed,18,18,42,CASMI_MOL_1196806,CASMI_MOL_87297,87297,O=CC=CC1CCC(O)C1CC(=O)O,0.8652601232357,binned_cosine_1Da,83,False,predicted_spectrum,6548
CASMI2022,massformer,completed,18,18,42,CASMI_MOL_1196806,CASMI_MOL_87296,87296,O=CC=CC1CCC(O)C1CC(=O)O,0.8652600382597648,binned_cosine_1Da,84,False,predicted_spectrum,6548
CASMI2022,massformer,completed,18,18,42,CASMI_MOL_1196806,CASMI_MOL_89018,89018,O=CC=CC1CCC(O)C1CC(=O)O,0.8652600382597648,binned_cosine_1Da,85,False,predicted_spectrum,6548
CASMI2022,massformer,completed,18,18,42,CASMI_MOL_1196806,CASMI_MOL_84468,84468,C=C1C(=O)OC2C1CCC(C)(O)C2O,0.8649999018466872,binned_cosine_1Da,86,False,predicted_spectrum,6548
CASMI2022,massformer,completed,18,18,42,CASMI_MOL_1196806,CASMI_MOL_87885,87885,C=C1C(=O)OC2C1CCC(C)(O)C2O,0.8649999018466872,binned_cosine_1Da,87,False,predicted_spectrum,6548
CASMI2022,massformer,completed,18,18,42,CASMI_MOL_1196806,CASMI_MOL_86412,86412,O=C(O)C1CC2CCC(C1)C2C(=O)O,0.8647708128087237,binned_cosine_1Da,88,False,predicted_spectrum,6548
CASMI2022,massformer,completed,18,18,42,CASMI_MOL_1196806,CASMI_MOL_85696,85696,O=C(O)CC1C2CCC(C2)C1C(=O)O,0.8647650528527429,binned_cosine_1Da,89,False,predicted_spectrum,6548
CASMI2022,massformer,completed,18,18,42,CASMI_MOL_1196806,CASMI_MOL_85744,85744,O=C(O)CC1C2CCC(C2)C1C(=O)O,0.8647650528527429,binned_cosine_1Da,90,False,predicted_spectrum,6548
CASMI2022,massformer,completed,18,18,42,CASMI_MOL_1196806,CASMI_MOL_89579,89579,O=C(O)CC1C2CCC(C2)C1C(=O)O,0.8647650528527429,binned_cosine_1Da,91,False,predicted_spectrum,6548
CASMI2022,massformer,completed,18,18,42,CASMI_MOL_1196806,CASMI_MOL_89385,89385,O=C(O)CC1C2CCC(C2)C1C(=O)O,0.8647650420776531,binned_cosine_1Da,92,False,predicted_spectrum,6548
CASMI2022,massformer,completed,18,18,42,CASMI_MOL_1196806,CASMI_MOL_89822,89822,CC12CCCCC1C(C(=O)O)C(=O)O2,0.8646063555115581,binned_cosine_1Da,93,False,predicted_spectrum,6548
CASMI2022,massformer,completed,18,18,42,CASMI_MOL_1196806,CASMI_MOL_85864,85864,CC1CCC2(CC(=O)OC2C(=O)O)C1,0.8644386278477368,binned_cosine_1Da,94,False,predicted_spectrum,6548
CASMI2022,massformer,completed,18,18,42,CASMI_MOL_1196806,CASMI_MOL_86415,86415,O=C(O)C1(C(=O)O)CC2(CCCC2)C1,0.8643090900003136,binned_cosine_1Da,95,False,predicted_spectrum,6548
CASMI2022,massformer,completed,18,18,42,CASMI_MOL_1196806,CASMI_MOL_88995,88995,O=C(O)C1(C(=O)O)CC2CCC1CC2,0.8642013667575911,binned_cosine_1Da,96,False,predicted_spectrum,6548
CASMI2022,massformer,completed,18,18,42,CASMI_MOL_1196806,CASMI_MOL_84685,84685,O=C(O)CC1CC2CC(C(=O)O)C1C2,0.8641490700553569,binned_cosine_1Da,97,False,predicted_spectrum,6548
CASMI2022,massformer,completed,18,18,42,CASMI_MOL_1196806,CASMI_MOL_85677,85677,Cc1c(O)oc2c1CCC(C)(O)C2O,0.864096935041446,binned_cosine_1Da,98,False,predicted_spectrum,6548
CASMI2022,massformer,completed,18,18,42,CASMI_MOL_1196806,CASMI_MOL_86242,86242,Cc1c(O)oc2c1CCC(C)(O)C2O,0.864096935041446,binned_cosine_1Da,99,False,predicted_spectrum,6548
CASMI2022,massformer,completed,18,18,42,CASMI_MOL_1196806,CASMI_MOL_90399,90399,Cc1c(O)oc2c1CCC(C)(O)C2O,0.8640968964797184,binned_cosine_1Da,100,False,predicted_spectrum,6548
CASMI2022,massformer,completed,18,18,42,CASMI_MOL_1196806,CASMI_MOL_1196806,1196806,CCCc1oc(=O)ccc1C(O)CO,0.7370064520963324,binned_cosine_1Da,1284,True,predicted_spectrum,6548
CASMI2022,massformer,completed,21,21,48,CASMI_MOL_1196809,CASMI_MOL_99183,99183,CC(=O)Oc1cc(OC(C)=O)cc(Oc2c(OC(C)=O)cc(O)cc2OC(C)=O)c1,0.4565133925624063,binned_cosine_1Da,1,False,predicted_spectrum,5615
CASMI2022,massformer,completed,21,21,48,CASMI_MOL_1196809,CASMI_MOL_99982,99982,COc1cc(C(=O)O)cc(-c2cc(C(=O)O)cc(OC)c2OC(C)=O)c1OC(C)=O,0.33038086199280786,binned_cosine_1Da,2,False,predicted_spectrum,5615
CASMI2022,massformer,completed,21,21,48,CASMI_MOL_1196809,CASMI_MOL_102944,102944,COc1c2cc(C)c3c1OCOc1c(c(C)c(C(=O)OC(=O)O)c-2c1OC)OCO3,0.3050639586716306,binned_cosine_1Da,3,False,predicted_spectrum,5615
CASMI2022,massformer,completed,21,21,48,CASMI_MOL_1196809,CASMI_MOL_99854,99854,COc1cc(NC(=O)NC(=O)c2c(F)c(F)cc(F)c2F)ccc1-c1ccccc1,0.2674379067877162,binned_cosine_1Da,4,False,predicted_spectrum,5615
CASMI2022,massformer,completed,21,21,48,CASMI_MOL_1196809,CASMI_MOL_99499,99499,COC(=O)c1cc(CO)c(=O)c2c(OC(C)=O)c(OC(C)=O)c(OC(C)=O)cc2c1,0.26048878495954003,binned_cosine_1Da,5,False,predicted_spectrum,5615
CASMI2022,massformer,completed,21,21,48,CASMI_MOL_1196809,CASMI_MOL_99744,99744,COC(=O)Cc1cc(O)c(=O)c2c(OC(C)=O)c(OC(C)=O)c(OC(C)=O)cc2c1,0.248289615820468,binned_cosine_1Da,6,False,predicted_spectrum,5615
CASMI2022,massformer,completed,21,21,48,CASMI_MOL_1196809,CASMI_MOL_100233,100233,CC(=O)OCc1c(O)c(C(=O)O)c(C)c2c1OC(=O)c1c(C)cc(O)c(CO)c1O2,0.234749276244385,binned_cosine_1Da,7,False,predicted_spectrum,5615
CASMI2022,massformer,completed,21,21,48,CASMI_MOL_1196809,CASMI_MOL_103340,103340,COC(=O)C1(O)C(OC)=C(OC)C(=O)C12OC(c1ccc(OC(C)=O)cc1)=CC2=O,0.2196832384429978,binned_cosine_1Da,8,False,predicted_spectrum,5615
CASMI2022,massformer,completed,21,21,48,CASMI_MOL_1196809,CASMI_MOL_99000,99000,COc1cc2c(c3c1OC1(OC)Cc4coc(C)c4C(=O)C1(O)O3)C(C)(O)OC2=O,0.20745969968401012,binned_cosine_1Da,9,False,predicted_spectrum,5615
CASMI2022,massformer,completed,21,21,48,CASMI_MOL_1196809,CASMI_MOL_99001,99001,COc1cc2c(c3c1OC1(OC)Cc4coc(C)c4C(=O)C1(O)O3)C(C)(O)OC2=O,0.20745967600632023,binned_cosine_1Da,10,False,predicted_spectrum,5615
CASMI2022,massformer,completed,21,21,48,CASMI_MOL_1196809,CASMI_MOL_99367,99367,COC(=O)c1c(C)cc(O)c(C=O)c1Oc1c(O)c(C)c2c(OC)oc(O)c2c1O,0.2064461612724242,binned_cosine_1Da,11,False,predicted_spectrum,5615
CASMI2022,massformer,completed,21,21,48,CASMI_MOL_1196809,CASMI_MOL_101604,101604,COc1ccc(NC(=O)C=Cc2cc(Cl)c3c(c2)OCCO3)cc1OCC(N)=O,0.20105673606806512,binned_cosine_1Da,12,False,predicted_spectrum,5615
CASMI2022,massformer,completed,21,21,48,CASMI_MOL_1196809,CASMI_MOL_101966,101966,COc1cc(C=CC(=O)Nc2cc3c(cc2Cl)OCCO3)ccc1OCC(N)=O,0.20003316908885616,binned_cosine_1Da,13,False,predicted_spectrum,5615
CASMI2022,massformer,completed,21,21,48,CASMI_MOL_1196809,CASMI_MOL_99401,99401,COc1cc(C=O)c(C(=O)OC(=O)c2c(OC)cc(OC)cc2C(=O)O)c(OC)c1,0.18662594546501377,binned_cosine_1Da,14,False,predicted_spectrum,5615
CASMI2022,massformer,completed,21,21,48,CASMI_MOL_1196809,CASMI_MOL_102847,102847,COc1c(C)c(C(=O)O)c(-c2c3c(c(OC)c(C)c2C(=O)O)OCO3)c2c1OCO2,0.1838992684734908,binned_cosine_1Da,15,False,predicted_spectrum,5615
CASMI2022,massformer,completed,21,21,48,CASMI_MOL_1196809,CASMI_MOL_99855,99855,O=C(NC(=O)c1c(F)cccc1F)Nc1ccc(OC(F)F)c(-c2ccccc2)c1,0.18331441362965528,binned_cosine_1Da,16,False,predicted_spectrum,5615
CASMI2022,massformer,completed,21,21,48,CASMI_MOL_1196809,CASMI_MOL_100232,100232,COC(=O)C1(c2ccc(O)o2)CC(=O)c2c(OC(C)=O)cc(COC(C)=O)cc2O1,0.1830261010563619,binned_cosine_1Da,17,False,predicted_spectrum,5615
CASMI2022,massformer,completed,21,21,48,CASMI_MOL_1196809,CASMI_MOL_100484,100484,CCOC(=O)c1cc(OC)c2c(c1-c1c(C(=O)O)cc(OC)c3c1OCO3)OCO2,0.17439764440302954,binned_cosine_1Da,18,False,predicted_spectrum,5615
CASMI2022,massformer,completed,21,21,48,CASMI_MOL_1196809,CASMI_MOL_102938,102938,COC(=O)c1cc2c3c(OC)c1-c1c(C(=O)OC)cc(c(c1OC)OCO3)OCO2,0.1726653490700371,binned_cosine_1Da,19,False,predicted_spectrum,5615
CASMI2022,massformer,completed,21,21,48,CASMI_MOL_1196809,CASMI_MOL_102943,102943,COC(=O)c1cc2c3c(OC)c1-c1c(C(=O)OC)cc(c(c1OC)OOC3)OOC2,0.17108830458075097,binned_cosine_1Da,20,False,predicted_spectrum,5615
CASMI2022,massformer,completed,21,21,48,CASMI_MOL_1196809,CASMI_MOL_100367,100367,COC(=O)C1C(c2ccc(OC)cc2)=NC(=O)NC1c1cc(Cl)cc(OC)c1O,0.16999152600469697,binned_cosine_1Da,21,False,predicted_spectrum,5615
CASMI2022,massformer,completed,21,21,48,CASMI_MOL_1196809,CASMI_MOL_104603,104603,COC(=O)c1c(-c2cc(OC)c3c(c2C(=O)OC)OCO3)cc(OC)c2c1OCO2,0.16609579910831487,binned_cosine_1Da,22,False,predicted_spectrum,5615
CASMI2022,massformer,completed,21,21,48,CASMI_MOL_1196809,CASMI_MOL_100837,100837,COC(=O)C=Cc1ccc(Oc2c(-c3ccc(O)cc3)sc3cc(O)ccc23)cc1,0.16600057150409792,binned_cosine_1Da,23,False,predicted_spectrum,5615
CASMI2022,massformer,completed,21,21,48,CASMI_MOL_1196809,CASMI_MOL_103413,103413,COc1cc(C=NN2C(=O)c3ccccc3C2=O)ccc1Oc1ccc([N+](=O)[O-])cn1,0.1655880429915359,binned_cosine_1Da,24,False,predicted_spectrum,5615
CASMI2022,massformer,completed,21,21,48,CASMI_MOL_1196809,CASMI_MOL_104075,104075,COc1cc(C=NN2C(=O)c3ccccc3C2=O)ccc1Oc1ccc([N+](=O)[O-])cn1,0.1655878227385775,binned_cosine_1Da,25,False,predicted_spectrum,5615
CASMI2022,massformer,completed,21,21,48,CASMI_MOL_1196809,CASMI_MOL_104277,104277,COc1cc(C=NN2C(=O)c3ccccc3C2=O)ccc1Oc1ccc([N+](=O)[O-])cn1,0.1655878227385775,binned_cosine_1Da,26,False,predicted_spectrum,5615
CASMI2022,massformer,completed,21,21,48,CASMI_MOL_1196809,CASMI_MOL_99747,99747,O=C(OCc1cccc2c1C(=O)NC2=O)c1ccccc1N=Nc1ccc(O)c(=O)[nH]1,0.16349049340077543,binned_cosine_1Da,27,False,predicted_spectrum,5615
CASMI2022,massformer,completed,21,21,48,CASMI_MOL_1196809,CASMI_MOL_103322,103322,COC(=O)c1cc(-c2c(C(=O)OC)cc(OC)c3c2OCO3)c2c(c1OC)OCO2,0.162162521893577,binned_cosine_1Da,28,False,predicted_spectrum,5615
CASMI2022,massformer,completed,21,21,48,CASMI_MOL_1196809,CASMI_MOL_104602,104602,COC(=O)c1cc(-c2cc(C(=O)OC)c3c(c2OC)OCO3)c(OC)c2c1OCO2,0.1621077927996397,binned_cosine_1Da,29,False,predicted_spectrum,5615
CASMI2022,massformer,completed,21,21,48,CASMI_MOL_1196809,CASMI_MOL_104605,104605,COC(=O)c1cc2c(c(OC)c1-c1c(C(=O)OC)cc3c(c1OC)OCO3)OCO2,0.1620814311430156,binned_cosine_1Da,30,False,predicted_spectrum,5615
CASMI2022,massformer,completed,21,21,48,CASMI_MOL_1196809,CASMI_MOL_99687,99687,COC(=O)c1cc([N+](=O)[O-])ccc1Oc1ccccc1C1C(C#N)=COC(=N)C1C#N,0.16177195875027592,binned_cosine_1Da,31,False,predicted_spectrum,5615
CASMI2022,massformer,completed,21,21,48,CASMI_MOL_1196809,CASMI_MOL_99433,99433,NC(=O)C1C(=O)C(N)C2CC3C(C(=O)c4c(O)cccc4C3P)C(=O)C2(O)C1=O,0.16078203498824034,binned_cosine_1Da,32,False,predicted_spectrum,5615
CASMI2022,massformer,completed,21,21,48,CASMI_MOL_1196809,CASMI_MOL_101954,101954,COc1cc(OC)c2[nH]c(C(=O)OCC(=O)Nc3cc(Cl)ccc3OC)cc2c1,0.1588076318418454,binned_cosine_1Da,33,False,predicted_spectrum,5615
CASMI2022,massformer,completed,21,21,48,CASMI_MOL_1196809,CASMI_MOL_100676,100676,N=C(N=C(N=NN)NN)N(N)c1cc(Cl)c(-c2cccc3[nH]ccc23)c(Cl)c1,0.15860134753988578,binned_cosine_1Da,34,False,predicted_spectrum,5615
CASMI2022,massformer,completed,21,21,48,CASMI_MOL_1196809,CASMI_MOL_101186,101186,O=C(O)Cc1cc2c(CC(=O)O)cc(CC(=O)O)c(CC(=O)O)c2cc1CC(=O)O,0.15844950473652838,binned_cosine_1Da,35,False,predicted_spectrum,5615
CASMI2022,massformer,completed,21,21,48,CASMI_MOL_1196809,CASMI_MOL_99966,99966,Cc1c(-c2c(O)cc(O)c3c(O)c(O)cc(O)c23)c(O)cc(O)c1C(O)C(=O)CO,0.15744015138921733,binned_cosine_1Da,36,False,predicted_spectrum,5615
CASMI2022,massformer,completed,21,21,48,CASMI_MOL_1196809,CASMI_MOL_100366,100366,COC(=O)C1C(c2ccc(OC)cc2)=NC(=O)NC1c1ccc(OC)c(O)c1Cl,0.15695973822529358,binned_cosine_1Da,37,False,predicted_spectrum,5615
CASMI2022,massformer,completed,21,21,48,CASMI_MOL_1196809,CASMI_MOL_100682,100682,C=CC(=O)Oc1c(C)cccc1Oc1c(-c2ccc(O)cc2)sc2cc(O)ccc12,0.15683641842726448,binned_cosine_1Da,38,False,predicted_spectrum,5615
CASMI2022,massformer,completed,21,21,48,CASMI_MOL_1196809,CASMI_MOL_104604,104604,COC(=O)c1cc2c(c(OC)c1-c1c(C(=O)OC)cc(OC)c3c1OCO3)OCO2,0.1561641986235873,binned_cosine_1Da,39,False,predicted_spectrum,5615
CASMI2022,massformer,completed,21,21,48,CASMI_MOL_1196809,CASMI_MOL_100189,100189,CC(=CC(=O)O)c1ccc(Oc2c(-c3ccc(O)cc3)sc3cc(O)ccc23)cc1,0.1554905756912517,binned_cosine_1Da,40,False,predicted_spectrum,5615
CASMI2022,massformer,completed,21,21,48,CASMI_MOL_1196809,CASMI_MOL_100681,100681,CC(=CC(=O)O)c1ccc(Oc2c(-c3ccc(O)cc3)sc3cc(O)ccc23)cc1,0.1554905756912517,binned_cosine_1Da,41,False,predicted_spectrum,5615
CASMI2022,massformer,completed,21,21,48,CASMI_MOL_1196809,CASMI_MOL_100930,100930,CC(=CC(=O)O)c1ccc(Oc2c(-c3ccc(O)cc3)sc3cc(O)ccc23)cc1,0.1554905756912517,binned_cosine_1Da,42,False,predicted_spectrum,5615
CASMI2022,massformer,completed,21,21,48,CASMI_MOL_1196809,CASMI_MOL_101262,101262,O=C(COc1ccccc1C(=O)Nc1cc(F)c(F)cc1F)Nc1ccccc1F,0.15546240388475044,binned_cosine_1Da,43,False,predicted_spectrum,5615
CASMI2022,massformer,completed,21,21,48,CASMI_MOL_1196809,CASMI_MOL_99981,99981,O=C(O)Cc1ccc2c(CC(=O)O)c(CC(=O)O)c(CC(=O)O)c(CC(=O)O)c2c1,0.1554205802686712,binned_cosine_1Da,44,False,predicted_spectrum,5615
CASMI2022,massformer,completed,21,21,48,CASMI_MOL_1196809,CASMI_MOL_101659,101659,COc1cc(Cl)c(C)cc1NC(=O)C(C)OC(=O)c1ccc2c(c1)OCC(=O)N2,0.1550782622908865,binned_cosine_1Da,45,False,predicted_spectrum,5615
CASMI2022,massformer,completed,21,21,48,CASMI_MOL_1196809,CASMI_MOL_100928,100928,CC(=Cc1ccc(Oc2c(-c3ccc(O)cc3)sc3cc(O)ccc23)cc1)C(=O)O,0.1549145914018394,binned_cosine_1Da,46,False,predicted_spectrum,5615
CASMI2022,massformer,completed,21,21,48,CASMI_MOL_1196809,CASMI_MOL_100185,100185,CC(=Cc1ccc(Oc2c(-c3ccc(O)cc3)sc3cc(O)ccc23)cc1)C(=O)O,0.15491457491548308,binned_cosine_1Da,47,False,predicted_spectrum,5615
CASMI2022,massformer,completed,21,21,48,CASMI_MOL_1196809,CASMI_MOL_102794,102794,CC(=O)OC1=C(OC(C)=O)c2cccc(CC(CC(=O)O)OC(C)=O)c2C(=O)C1=O,0.15370171894759999,binned_cosine_1Da,48,False,predicted_spectrum,5615
CASMI2022,massformer,completed,21,21,48,CASMI_MOL_1196809,CASMI_MOL_104282,104282,CC(C)COC(=O)c1cc([N+](=O)[O-])cc2c1-c1ccc([N+](=O)[O-])cc1C2=C(C#N)C#N,0.15328690224377817,binned_cosine_1Da,49,False,predicted_spectrum,5615
CASMI2022,massformer,completed,21,21,48,CASMI_MOL_1196809,CASMI_MOL_100177,100177,COc1ccc(-c2sc3cc(O)ccc3c2Oc2ccc(C=CC(=O)O)cc2)cc1,0.1531095721445808,binned_cosine_1Da,50,False,predicted_spectrum,5615
CASMI2022,massformer,completed,21,21,48,CASMI_MOL_1196809,CASMI_MOL_100929,100929,COc1ccc(-c2sc3cc(O)ccc3c2Oc2ccc(C=CC(=O)O)cc2)cc1,0.1531095721445808,binned_cosine_1Da,51,False,predicted_spectrum,5615
CASMI2022,massformer,completed,21,21,48,CASMI_MOL_1196809,CASMI_MOL_100191,100191,Cc1cc(Oc2c(-c3ccc(O)cc3)sc3cc(O)ccc23)ccc1C=CC(=O)O,0.15243146027102006,binned_cosine_1Da,52,False,predicted_spectrum,5615
CASMI2022,massformer,completed,21,21,48,CASMI_MOL_1196809,CASMI_MOL_100926,100926,Cc1cc(Oc2c(-c3ccc(O)cc3)sc3cc(O)ccc23)ccc1C=CC(=O)O,0.15243146027102006,binned_cosine_1Da,53,False,predicted_spectrum,5615
CASMI2022,massformer,completed,21,21,48,CASMI_MOL_1196809,CASMI_MOL_104609,104609,COC(=O)c1cc(OC)c2c(c1-c1c(C(=O)OC)cc(OC)c3c1OCO3)OCO2,0.15140092799744992,binned_cosine_1Da,54,False,predicted_spectrum,5615
CASMI2022,massformer,completed,21,21,48,CASMI_MOL_1196809,CASMI_MOL_1196809,1196809,COC(=O)c1cc(OC)c2c(c1-c1c(C(=O)OC)cc(OC)c3c1OCO3)OCO2,0.15140092799744992,binned_cosine_1Da,55,True,predicted_spectrum,5615
CASMI2022,massformer,completed,21,21,48,CASMI_MOL_1196809,CASMI_MOL_100368,100368,COC(=O)C1C(c2ccc(OC)cc2)=NC(=O)NC1c1cc(Cl)c(O)c(OC)c1,0.15017946309645563,binned_cosine_1Da,56,False,predicted_spectrum,5615
CASMI2022,massformer,completed,21,21,48,CASMI_MOL_1196809,CASMI_MOL_100174,100174,Cc1c(O)cccc1-c1sc2cc(O)ccc2c1Oc1ccc(C=CC(=O)O)cc1,0.1499253117676774,binned_cosine_1Da,57,False,predicted_spectrum,5615
CASMI2022,massformer,completed,21,21,48,CASMI_MOL_1196809,CASMI_MOL_100683,100683,Cc1c(O)cccc1-c1sc2cc(O)ccc2c1Oc1ccc(C=CC(=O)O)cc1,0.1499253117676774,binned_cosine_1Da,58,False,predicted_spectrum,5615
CASMI2022,massformer,completed,21,21,48,CASMI_MOL_1196809,CASMI_MOL_99686,99686,COC(=O)c1cc([N+](=O)[O-])ccc1Oc1cccc(C2C(C#N)=COC(=N)C2C#N)c1,0.14844565576936658,binned_cosine_1Da,59,False,predicted_spectrum,5615
CASMI2022,massformer,completed,21,21,48,CASMI_MOL_1196809,CASMI_MOL_99056,99056,O=C(O)C=CCc1ccc(-c2c(Oc3ccc(O)cc3)sc3cc(O)ccc23)cc1,0.14745765606582953,binned_cosine_1Da,60,False,predicted_spectrum,5615
CASMI2022,massformer,completed,21,21,48,CASMI_MOL_1196809,CASMI_MOL_100082,100082,COc1ccc(Cl)cc1C1C(C(=O)OC(C)C)=C(C)N=C2SC(C#N)C(=N)N21,0.147186140188821,binned_cosine_1Da,61,False,predicted_spectrum,5615
CASMI2022,massformer,completed,21,21,48,CASMI_MOL_1196809,CASMI_MOL_100083,100083,COc1ccc(Cl)cc1C1C(C(=O)OC(C)C)=C(C)N=C2SC(C#N)C(=N)N21,0.14718608506060524,binned_cosine_1Da,62,False,predicted_spectrum,5615
CASMI2022,massformer,completed,21,21,48,CASMI_MOL_1196809,CASMI_MOL_99930,99930,COC(=O)Oc1cc(C=O)c(-c2cc(OC)c(OC(=O)OC)cc2C=O)cc1OC,0.14602484810513633,binned_cosine_1Da,63,False,predicted_spectrum,5615
CASMI2022,massformer,completed,21,21,48,CASMI_MOL_1196809,CASMI_MOL_101965,101965,COc1cc(NC(=O)COC(=O)c2[nH]c3ccccc3c2Cl)cc(OC)c1OC,0.1452210183907235,binned_cosine_1Da,64,False,predicted_spectrum,5615
CASMI2022,massformer,completed,21,21,48,CASMI_MOL_1196809,CASMI_MOL_100746,100746,Cc1c2c(c(C)c3c1CC1OC(=O)OC(=O)OC1C3)CC1OC(=O)OC(=O)OC1C2,0.14466419244760073,binned_cosine_1Da,65,False,predicted_spectrum,5615
CASMI2022,massformer,completed,21,21,48,CASMI_MOL_1196809,CASMI_MOL_100190,100190,Cc1cc(-c2sc3cc(O)ccc3c2Oc2ccc(C=CC(=O)O)cc2)ccc1O,0.1434659835796786,binned_cosine_1Da,66,False,predicted_spectrum,5615
CASMI2022,massformer,completed,21,21,48,CASMI_MOL_1196809,CASMI_MOL_100931,100931,Cc1cc(-c2sc3cc(O)ccc3c2Oc2ccc(C=CC(=O)O)cc2)ccc1O,0.1434659835796786,binned_cosine_1Da,67,False,predicted_spectrum,5615
CASMI2022,massformer,completed,21,21,48,CASMI_MOL_1196809,CASMI_MOL_100925,100925,Cc1cc(O)ccc1-c1sc2cc(O)ccc2c1Oc1ccc(C=CC(=O)O)cc1,0.14292040002066272,binned_cosine_1Da,68,False,predicted_spectrum,5615
CASMI2022,massformer,completed,21,21,48,CASMI_MOL_1196809,CASMI_MOL_99550,99550,COC(=O)C1Cc2c([nH]c3ccccc23)C(c2cc(F)ccc2F)N1C(=O)CCl,0.14267347331210625,binned_cosine_1Da,69,False,predicted_spectrum,5615
CASMI2022,massformer,completed,21,21,48,CASMI_MOL_1196809,CASMI_MOL_100935,100935,Nc1ccc(C2(c3ccc(N)c([N+](=O)[O-])c3)C(=O)c3ccccc3C2=O)cc1[N+](=O)[O-],0.14192865883341238,binned_cosine_1Da,70,False,predicted_spectrum,5615
CASMI2022,massformer,completed,21,21,48,CASMI_MOL_1196809,CASMI_MOL_101273,101273,COC(=O)c1ccc(Cl)c(NC(=O)C2Cc3cc(OC)c(OC)cc3NC2=O)c1,0.14098894798887365,binned_cosine_1Da,71,False,predicted_spectrum,5615
CASMI2022,massformer,completed,21,21,48,CASMI_MOL_1196809,CASMI_MOL_99678,99678,COc1cccc(C2NC(=S)N=C(N)C2C(N)=O)c1OCc1cccc(Cl)c1,0.139843526432471,binned_cosine_1Da,72,False,predicted_spectrum,5615
CASMI2022,massformer,completed,21,21,48,CASMI_MOL_1196809,CASMI_MOL_99540,99540,CC(=O)OC1(c2c[nH]c(=O)[nH]c2=O)OC(CO)C(O)(OC(C)=O)C1(O)OC(C)=O,0.1397799315228092,binned_cosine_1Da,73,False,predicted_spectrum,5615
CASMI2022,massformer,completed,21,21,48,CASMI_MOL_1196809,CASMI_MOL_102425,102425,COc1ccc2cc(C(=O)OCC(=O)Nc3cc(Cl)c(OC)cc3OC)[nH]c2c1,0.13954704593789463,binned_cosine_1Da,74,False,predicted_spectrum,5615
CASMI2022,massformer,completed,21,21,48,CASMI_MOL_1196809,CASMI_MOL_101958,101958,COc1ccc(NC(=O)COC(=O)COc2ccc3c(c2)CCC(=O)N3)cc1Cl,0.13920467282163523,binned_cosine_1Da,75,False,predicted_spectrum,5615
CASMI2022,massformer,completed,21,21,48,CASMI_MOL_1196809,CASMI_MOL_104524,104524,COc1ccc(N=C2C(=O)N(c3ccc(OC)cc3OC)C(=O)C2Cl)c(OC)c1,0.13878142813997005,binned_cosine_1Da,76,False,predicted_spectrum,5615
CASMI2022,massformer,completed,21,21,48,CASMI_MOL_1196809,CASMI_MOL_100186,100186,Cc1cc(C=CC(=O)O)ccc1Oc1c(-c2ccc(O)cc2)sc2cc(O)ccc12,0.13873753336837935,binned_cosine_1Da,77,False,predicted_spectrum,5615
CASMI2022,massformer,completed,21,21,48,CASMI_MOL_1196809,CASMI_MOL_100927,100927,Cc1cc(C=CC(=O)O)ccc1Oc1c(-c2ccc(O)cc2)sc2cc(O)ccc12,0.13873753336837935,binned_cosine_1Da,78,False,predicted_spectrum,5615
CASMI2022,massformer,completed,21,21,48,CASMI_MOL_1196809,CASMI_MOL_101079,101079,CN1CCc2c(sc(NC(=O)C=CC(=O)Nc3ccc(Cl)cc3)c2C(N)=O)C1,0.13854814832398277,binned_cosine_1Da,79,False,predicted_spectrum,5615
CASMI2022,massformer,completed,21,21,48,CASMI_MOL_1196809,CASMI_MOL_101080,101080,CN1CCc2c(sc(NC(=O)C=CC(=O)Nc3ccc(Cl)cc3)c2C(N)=O)C1,0.13854814355089856,binned_cosine_1Da,80,False,predicted_spectrum,5615
CASMI2022,massformer,completed,21,21,48,CASMI_MOL_1196809,CASMI_MOL_100951,100951,CN1CCc2c(sc(NC(=O)C=CC(=O)Nc3ccc(Cl)cc3)c2C(N)=O)C1,0.1385480884388665,binned_cosine_1Da,81,False,predicted_spectrum,5615
CASMI2022,massformer,completed,21,21,48,CASMI_MOL_1196809,CASMI_MOL_99547,99547,COC(=O)C1Cc2c([nH]c3ccccc23)C(c2cc(F)cc(F)c2)N1C(=O)CCl,0.13811895441938435,binned_cosine_1Da,82,False,predicted_spectrum,5615
CASMI2022,massformer,completed,21,21,48,CASMI_MOL_1196809,CASMI_MOL_99548,99548,COC(=O)C1Cc2c([nH]c3ccccc23)C(c2cc(F)cc(F)c2)N1C(=O)CCl,0.13811895441938435,binned_cosine_1Da,83,False,predicted_spectrum,5615
CASMI2022,massformer,completed,21,21,48,CASMI_MOL_1196809,CASMI_MOL_99549,99549,COC(=O)C1Cc2c([nH]c3ccccc23)C(c2cc(F)cc(F)c2)N1C(=O)CCl,0.138118939628359,binned_cosine_1Da,84,False,predicted_spectrum,5615
CASMI2022,massformer,completed,21,21,48,CASMI_MOL_1196809,CASMI_MOL_104080,104080,COc1cc(OC)c(-c2c(C(=O)O)oc3cc(O)c(OC)c(O)c3c2=O)cc1OC,0.13805812908118542,binned_cosine_1Da,85,False,predicted_spectrum,5615
CASMI2022,massformer,completed,21,21,48,CASMI_MOL_1196809,CASMI_MOL_101279,101279,[C-]#[N+]C(C#N)=C1c2cc([N+](=O)[O-])ccc2-c2c(C(=O)OCCCC)cc([N+](=O)[O-])cc21,0.1376918029016662,binned_cosine_1Da,86,False,predicted_spectrum,5615
CASMI2022,massformer,completed,21,21,48,CASMI_MOL_1196809,CASMI_MOL_100961,100961,[C-]#[N+]C(C#N)=C1c2cc([N+](=O)[O-])ccc2-c2c(C(=O)OCCCC)cc([N+](=O)[O-])cc21,0.13769179375182503,binned_cosine_1Da,87,False,predicted_spectrum,5615
CASMI2022,massformer,completed,21,21,48,CASMI_MOL_1196809,CASMI_MOL_104504,104504,CCCCOC(=O)c1cc([N+](=O)[O-])cc2c1-c1ccc([N+](=O)[O-])cc1C2=C(C#N)C#N,0.13733683477525324,binned_cosine_1Da,88,False,predicted_spectrum,5615
CASMI2022,massformer,completed,21,21,48,CASMI_MOL_1196809,CASMI_MOL_99614,99614,Cc1cccc(C)c1N=C1C2=Cc3cc([N+](=O)[O-])ccc3C2=C([N+](=O)[O-])C=C1[N+](=O)[O-],0.13636859940839194,binned_cosine_1Da,89,False,predicted_spectrum,5615
CASMI2022,massformer,completed,21,21,48,CASMI_MOL_1196809,CASMI_MOL_100276,100276,CCOC(=O)C1(F)C(=O)c2c(c(-c3cccc([N+](=O)[O-])c3)nn(C)c2=O)N(C)C1=O,0.1352248381961768,binned_cosine_1Da,90,False,predicted_spectrum,5615
CASMI2022,massformer,completed,21,21,48,CASMI_MOL_1196809,CASMI_MOL_101054,101054,COC(=O)C=C1C(Cl)=C(Oc2ccc(OC)c(C(C)C)c2)C(Cl)C(F)N1N,0.13509401780179267,binned_cosine_1Da,91,False,predicted_spectrum,5615
CASMI2022,massformer,completed,21,21,48,CASMI_MOL_1196809,CASMI_MOL_104523,104523,COc1ccc(OC)c(N=C2C(=O)N(c3ccc(OC)cc3OC)C(=O)C2Cl)c1,0.13449812408175998,binned_cosine_1Da,92,False,predicted_spectrum,5615
CASMI2022,massformer,completed,21,21,48,CASMI_MOL_1196809,CASMI_MOL_99677,99677,COc1cccc(COc2ccc(Cl)cc2C2NC(=S)N=C(N)C2C(N)=O)c1,0.13383826238328098,binned_cosine_1Da,93,False,predicted_spectrum,5615
CASMI2022,massformer,completed,21,21,48,CASMI_MOL_1196809,CASMI_MOL_99801,99801,O=C(OCN1C(=O)c2ccccc2C1=O)c1ccccc1N=Nc1ccc(O)c(=O)[nH]1,0.13317054885865381,binned_cosine_1Da,94,False,predicted_spectrum,5615
CASMI2022,massformer,completed,21,21,48,CASMI_MOL_1196809,CASMI_MOL_99613,99613,CCc1ccccc1N=C1C2=Cc3cc([N+](=O)[O-])ccc3C2=C([N+](=O)[O-])C=C1[N+](=O)[O-],0.131582722837346,binned_cosine_1Da,95,False,predicted_spectrum,5615
CASMI2022,massformer,completed,21,21,48,CASMI_MOL_1196809,CASMI_MOL_101053,101053,COC(=O)C1=C(Cl)C(Oc2ccc(OC)c(C(C)C)c2)=C(Cl)C(C)(F)N1N,0.12970533086925046,binned_cosine_1Da,96,False,predicted_spectrum,5615
CASMI2022,massformer,completed,21,21,48,CASMI_MOL_1196809,CASMI_MOL_102205,102205,Cc1ccc(Cl)cc1Nc1nc(C(=O)NC(C)C(=O)NCc2ccco2)cs1,0.1294068930674672,binned_cosine_1Da,97,False,predicted_spectrum,5615
CASMI2022,massformer,completed,21,21,48,CASMI_MOL_1196809,CASMI_MOL_99672,99672,COc1cc(C2NC(=S)N=C(N)C2C(N)=O)cc(Cl)c1OCc1ccccc1,0.12878256231472215,binned_cosine_1Da,98,False,predicted_spectrum,5615
CASMI2022,massformer,completed,21,21,48,CASMI_MOL_1196809,CASMI_MOL_102296,102296,COc1cccc2cc(-c3nnc(NC(=O)CN4C(=O)c5ccccc5C4=O)o3)oc12,0.12778860955525595,binned_cosine_1Da,99,False,predicted_spectrum,5615
CASMI2022,massformer,completed,21,21,48,CASMI_MOL_1196809,CASMI_MOL_103799,103799,CC1=C(C(=O)OC(C)C)C(c2c(F)cccc2Cl)NC(=S)N1c1ccccc1,0.12685313533368425,binned_cosine_1Da,100,False,predicted_spectrum,5615
CASMI2022,massformer,completed,22,22,54,CASMI_MOL_1196810,CASMI_MOL_112309,112309,CC(C)(O)C(=O)C=Cc1ccc2c(c1)OCO2,0.7312913537893203,binned_cosine_1Da,1,False,predicted_spectrum,6294
CASMI2022,massformer,completed,22,22,54,CASMI_MOL_1196810,CASMI_MOL_112247,112247,CC(C)(O)C(=O)C=Cc1ccc2c(c1)OCO2,0.7312913036975329,binned_cosine_1Da,2,False,predicted_spectrum,6294
CASMI2022,massformer,completed,22,22,54,CASMI_MOL_1196810,CASMI_MOL_106940,106940,COC(=O)C1=C=CC(C)=CCC(C(=O)OC)=C1,0.7152831491636007,binned_cosine_1Da,3,False,predicted_spectrum,6294
CASMI2022,massformer,completed,22,22,54,CASMI_MOL_1196810,CASMI_MOL_111553,111553,COC(=O)C1=CC2C3CC1C=CC23C(=O)OC,0.7140132614925554,binned_cosine_1Da,4,False,predicted_spectrum,6294
CASMI2022,massformer,completed,22,22,54,CASMI_MOL_1196810,CASMI_MOL_110641,110641,CCOc1ccccc1C(O)C#CC(=O)OC,0.7135481122365508,binned_cosine_1Da,5,False,predicted_spectrum,6294
CASMI2022,massformer,completed,22,22,54,CASMI_MOL_1196810,CASMI_MOL_107965,107965,COc1ccccc1C1(C=CC(=O)O)COC1,0.7095350168813276,binned_cosine_1Da,6,False,predicted_spectrum,6294
CASMI2022,massformer,completed,22,22,54,CASMI_MOL_1196810,CASMI_MOL_111911,111911,COc1cccc(C=CC=CC(=O)O)c1OC,0.7065169537912247,binned_cosine_1Da,7,False,predicted_spectrum,6294
CASMI2022,massformer,completed,22,22,54,CASMI_MOL_1196810,CASMI_MOL_106935,106935,O=COCC1CCc2cc3c(cc2C1)OCO3,0.7048347165717394,binned_cosine_1Da,8,False,predicted_spectrum,6294
CASMI2022,massformer,completed,22,22,54,CASMI_MOL_1196810,CASMI_MOL_106989,106989,O=COCC1CCc2cc3c(cc2C1)OCO3,0.7048347165717394,binned_cosine_1Da,9,False,predicted_spectrum,6294
CASMI2022,massformer,completed,22,22,54,CASMI_MOL_1196810,CASMI_MOL_110836,110836,COC(=O)C1=CC(=O)C(C)(C2=CCCC=C2)O1,0.7030589164260858,binned_cosine_1Da,10,False,predicted_spectrum,6294
CASMI2022,massformer,completed,22,22,54,CASMI_MOL_1196810,CASMI_MOL_107580,107580,COC(=O)C1=CCC(CO)C12C=CC=CC2=O,0.7005686470837301,binned_cosine_1Da,11,False,predicted_spectrum,6294
CASMI2022,massformer,completed,22,22,54,CASMI_MOL_1196810,CASMI_MOL_112406,112406,CC(=O)OC1CC2OC(Cc3ccccc32)O1,0.6928808509558804,binned_cosine_1Da,12,False,predicted_spectrum,6294
CASMI2022,massformer,completed,22,22,54,CASMI_MOL_1196810,CASMI_MOL_109751,109751,CC(C)OC(=O)C=Cc1ccc2c(c1)OCO2,0.6894741722159708,binned_cosine_1Da,13,False,predicted_spectrum,6294
CASMI2022,massformer,completed,22,22,54,CASMI_MOL_1196810,CASMI_MOL_111216,111216,O=CC(=O)Oc1cccc2c1CCCC2CO,0.6887450253020981,binned_cosine_1Da,14,False,predicted_spectrum,6294
CASMI2022,massformer,completed,22,22,54,CASMI_MOL_1196810,CASMI_MOL_107075,107075,COC(=O)C1=CC=CC2=C3CCOC3COC12,0.6869661508295974,binned_cosine_1Da,15,False,predicted_spectrum,6294
CASMI2022,massformer,completed,22,22,54,CASMI_MOL_1196810,CASMI_MOL_110015,110015,CCOC(=O)C1=COC(C2=CC=CCC2)=CO1,0.6868977500328877,binned_cosine_1Da,16,False,predicted_spectrum,6294
CASMI2022,massformer,completed,22,22,54,CASMI_MOL_1196810,CASMI_MOL_107928,107928,CCOC=C(C(=O)O)C(=O)c1ccc(C)cc1,0.6858570054397042,binned_cosine_1Da,17,False,predicted_spectrum,6294
CASMI2022,massformer,completed,22,22,54,CASMI_MOL_1196810,CASMI_MOL_107929,107929,CCOC=C(C(=O)O)C(=O)c1ccc(C)cc1,0.6858570054397042,binned_cosine_1Da,18,False,predicted_spectrum,6294
CASMI2022,massformer,completed,22,22,54,CASMI_MOL_1196810,CASMI_MOL_111038,111038,C(=Cc1ccc2c(c1)OCO2)COCC1CO1,0.6805592531433136,binned_cosine_1Da,19,False,predicted_spectrum,6294
CASMI2022,massformer,completed,22,22,54,CASMI_MOL_1196810,CASMI_MOL_108779,108779,C=CC(COC(C)=O)c1ccc2c(c1)OCO2,0.67978607411501,binned_cosine_1Da,20,False,predicted_spectrum,6294
CASMI2022,massformer,completed,22,22,54,CASMI_MOL_1196810,CASMI_MOL_109540,109540,CCCOc1ccccc1C=CC(=O)C(=O)O,0.6794560197724546,binned_cosine_1Da,21,False,predicted_spectrum,6294
CASMI2022,massformer,completed,22,22,54,CASMI_MOL_1196810,CASMI_MOL_111961,111961,CCOC(=O)C12C3C=CC(C3)C1C(=O)C1OC12,0.679386036115654,binned_cosine_1Da,22,False,predicted_spectrum,6294
CASMI2022,massformer,completed,22,22,54,CASMI_MOL_1196810,CASMI_MOL_112400,112400,CCOC(=O)C12C3C=CC(C3)C1C(=O)C1OC12,0.679386036115654,binned_cosine_1Da,23,False,predicted_spectrum,6294
CASMI2022,massformer,completed,22,22,54,CASMI_MOL_1196810,CASMI_MOL_112409,112409,CCOC(=O)C12C3C=CC(C3)C1C(=O)C1OC12,0.679386036115654,binned_cosine_1Da,24,False,predicted_spectrum,6294
CASMI2022,massformer,completed,22,22,54,CASMI_MOL_1196810,CASMI_MOL_112144,112144,CCOC(=O)C12C=CC=CC=C1C(C)OC2=O,0.6788674489438941,binned_cosine_1Da,25,False,predicted_spectrum,6294
CASMI2022,massformer,completed,22,22,54,CASMI_MOL_1196810,CASMI_MOL_112150,112150,CCOC(=O)C12C=CC=CC=C1C(C)OC2=O,0.6788674489438941,binned_cosine_1Da,26,False,predicted_spectrum,6294
CASMI2022,massformer,completed,22,22,54,CASMI_MOL_1196810,CASMI_MOL_110790,110790,COc1cccc(OC)c1C=CC=CC(=O)O,0.6788597800452002,binned_cosine_1Da,27,False,predicted_spectrum,6294
CASMI2022,massformer,completed,22,22,54,CASMI_MOL_1196810,CASMI_MOL_111146,111146,COc1cccc(OC)c1C=CC=CC(=O)O,0.6788597800452002,binned_cosine_1Da,28,False,predicted_spectrum,6294
CASMI2022,massformer,completed,22,22,54,CASMI_MOL_1196810,CASMI_MOL_108667,108667,COC(=O)C=CC1Oc2ccc(C)cc2C1O,0.6783226652506773,binned_cosine_1Da,29,False,predicted_spectrum,6294
CASMI2022,massformer,completed,22,22,54,CASMI_MOL_1196810,CASMI_MOL_108666,108666,COC(=O)C=CC1Oc2ccc(C)cc2C1O,0.6783226570385401,binned_cosine_1Da,30,False,predicted_spectrum,6294
CASMI2022,massformer,completed,22,22,54,CASMI_MOL_1196810,CASMI_MOL_108557,108557,COC(=O)C12C(=O)CC3CC1C=CCC2C3=O,0.6767523777555454,binned_cosine_1Da,31,False,predicted_spectrum,6294
CASMI2022,massformer,completed,22,22,54,CASMI_MOL_1196810,CASMI_MOL_111217,111217,O=CC(=O)Oc1cccc2c1CCC2CCO,0.6759889444262632,binned_cosine_1Da,32,False,predicted_spectrum,6294
CASMI2022,massformer,completed,22,22,54,CASMI_MOL_1196810,CASMI_MOL_107964,107964,COc1cccc(C2(C=CC(=O)O)COC2)c1,0.6752983838288665,binned_cosine_1Da,33,False,predicted_spectrum,6294
CASMI2022,massformer,completed,22,22,54,CASMI_MOL_1196810,CASMI_MOL_110841,110841,COC(=O)C(=O)CC(=O)c1ccc(C)cc1C,0.6751429723539726,binned_cosine_1Da,34,False,predicted_spectrum,6294
CASMI2022,massformer,completed,22,22,54,CASMI_MOL_1196810,CASMI_MOL_112221,112221,COC(=O)C(=O)CC(=O)c1ccc(C)cc1C,0.6751429723539726,binned_cosine_1Da,35,False,predicted_spectrum,6294
CASMI2022,massformer,completed,22,22,54,CASMI_MOL_1196810,CASMI_MOL_112284,112284,COC(=O)C(=O)CC(=O)c1ccc(C)cc1C,0.6751429723539726,binned_cosine_1Da,36,False,predicted_spectrum,6294
CASMI2022,massformer,completed,22,22,54,CASMI_MOL_1196810,CASMI_MOL_108674,108674,CCOC(=O)C(O)C#Cc1ccccc1OC,0.6749008176094492,binned_cosine_1Da,37,False,predicted_spectrum,6294
CASMI2022,massformer,completed,22,22,54,CASMI_MOL_1196810,CASMI_MOL_109241,109241,O=CC(=O)Oc1cccc2c1CCC(CO)C2,0.6720259396655103,binned_cosine_1Da,38,False,predicted_spectrum,6294
CASMI2022,massformer,completed,22,22,54,CASMI_MOL_1196810,CASMI_MOL_110977,110977,C=CCOc1c(C=CC(=O)O)cccc1OC,0.6719367809400485,binned_cosine_1Da,39,False,predicted_spectrum,6294
CASMI2022,massformer,completed,22,22,54,CASMI_MOL_1196810,CASMI_MOL_112008,112008,CCOC(=O)C=CCc1ccc2c(c1)OCO2,0.6717042332944854,binned_cosine_1Da,40,False,predicted_spectrum,6294
CASMI2022,massformer,completed,22,22,54,CASMI_MOL_1196810,CASMI_MOL_111982,111982,COC(=O)C12CC3OC3C(=O)C1C1C=CC2C1,0.6716899458854994,binned_cosine_1Da,41,False,predicted_spectrum,6294
CASMI2022,massformer,completed,22,22,54,CASMI_MOL_1196810,CASMI_MOL_111932,111932,COC(=O)C12CC3OC3C(=O)C1C1C=CC2C1,0.671689873227996,binned_cosine_1Da,42,False,predicted_spectrum,6294
CASMI2022,massformer,completed,22,22,54,CASMI_MOL_1196810,CASMI_MOL_110395,110395,O=C(O)COCC(=O)c1ccc2c(c1)CCC2,0.6714732479669383,binned_cosine_1Da,43,False,predicted_spectrum,6294
CASMI2022,massformer,completed,22,22,54,CASMI_MOL_1196810,CASMI_MOL_111408,111408,COc1ccccc1C1(CC(=O)C(=O)O)CC1,0.6699676306050351,binned_cosine_1Da,44,False,predicted_spectrum,6294
CASMI2022,massformer,completed,22,22,54,CASMI_MOL_1196810,CASMI_MOL_110215,110215,CCOC(=O)C1=COC=C(C2=CC=CCC2)O1,0.6686074470662967,binned_cosine_1Da,45,False,predicted_spectrum,6294
CASMI2022,massformer,completed,22,22,54,CASMI_MOL_1196810,CASMI_MOL_111111,111111,COC(=O)C12C3C4C1C1(C)C2C3C41C(=O)OC,0.6685678474008078,binned_cosine_1Da,46,False,predicted_spectrum,6294
CASMI2022,massformer,completed,22,22,54,CASMI_MOL_1196810,CASMI_MOL_111505,111505,COC(=O)C12C3C4C1C1(C)C2C3C41C(=O)OC,0.6685678474008078,binned_cosine_1Da,47,False,predicted_spectrum,6294
CASMI2022,massformer,completed,22,22,54,CASMI_MOL_1196810,CASMI_MOL_112084,112084,COC(=O)C12C3C4C1C1(C)C2C3C41C(=O)OC,0.6685678474008078,binned_cosine_1Da,48,False,predicted_spectrum,6294
CASMI2022,massformer,completed,22,22,54,CASMI_MOL_1196810,CASMI_MOL_106232,106232,COC(=O)CCC1COc2ccccc2C1=O,0.6684489807020837,binned_cosine_1Da,49,False,predicted_spectrum,6294
CASMI2022,massformer,completed,22,22,54,CASMI_MOL_1196810,CASMI_MOL_110843,110843,COC(=O)C(=O)CC(=O)c1cc(C)ccc1C,0.6683223781528523,binned_cosine_1Da,50,False,predicted_spectrum,6294
CASMI2022,massformer,completed,22,22,54,CASMI_MOL_1196810,CASMI_MOL_111448,111448,COC(=O)C(=O)CC(=O)c1cc(C)ccc1C,0.6683223781528523,binned_cosine_1Da,51,False,predicted_spectrum,6294
CASMI2022,massformer,completed,22,22,54,CASMI_MOL_1196810,CASMI_MOL_111818,111818,COC(=O)C(=O)CC(=O)c1cc(C)ccc1C,0.6683223309515283,binned_cosine_1Da,52,False,predicted_spectrum,6294
CASMI2022,massformer,completed,22,22,54,CASMI_MOL_1196810,CASMI_MOL_107297,107297,COc1ccccc1C1(C(=O)C(=O)O)CCC1,0.6679318824759818,binned_cosine_1Da,53,False,predicted_spectrum,6294
CASMI2022,massformer,completed,22,22,54,CASMI_MOL_1196810,CASMI_MOL_108371,108371,CCOC(=O)C1OC12COCc1ccccc12,0.667678395363391,binned_cosine_1Da,54,False,predicted_spectrum,6294
CASMI2022,massformer,completed,22,22,54,CASMI_MOL_1196810,CASMI_MOL_109327,109327,C#Cc1ccc(C(=O)O)cc1OCCCOC,0.6672046828950651,binned_cosine_1Da,55,False,predicted_spectrum,6294
CASMI2022,massformer,completed,22,22,54,CASMI_MOL_1196810,CASMI_MOL_111867,111867,COC(=O)C12C(=O)C=CC(=O)C1CC=CC2C,0.6663591343845803,binned_cosine_1Da,56,False,predicted_spectrum,6294
CASMI2022,massformer,completed,22,22,54,CASMI_MOL_1196810,CASMI_MOL_108710,108710,COC(=O)C1=C2C(C1)C1C(=O)C(C)(C)C(=O)C21,0.6652693707962616,binned_cosine_1Da,57,False,predicted_spectrum,6294
CASMI2022,massformer,completed,22,22,54,CASMI_MOL_1196810,CASMI_MOL_110545,110545,CC(=O)OCCOc1cccc2c1C(=O)CC2,0.6647332431346619,binned_cosine_1Da,58,False,predicted_spectrum,6294
CASMI2022,massformer,completed,22,22,54,CASMI_MOL_1196810,CASMI_MOL_108512,108512,C=C1CCC23CC=CC2OC(=O)C13C(=O)OC,0.6642325578384957,binned_cosine_1Da,59,False,predicted_spectrum,6294
CASMI2022,massformer,completed,22,22,54,CASMI_MOL_1196810,CASMI_MOL_111032,111032,C=C1CCC23CC=CC2OC(=O)C13C(=O)OC,0.6642325578384957,binned_cosine_1Da,60,False,predicted_spectrum,6294
CASMI2022,massformer,completed,22,22,54,CASMI_MOL_1196810,CASMI_MOL_109269,109269,CC(=O)OC=C(C)Cc1ccc2c(c1)OOC2,0.6640955047904956,binned_cosine_1Da,61,False,predicted_spectrum,6294
CASMI2022,massformer,completed,22,22,54,CASMI_MOL_1196810,CASMI_MOL_109453,109453,COC(=O)c1ccccc1C(C)=CCC(=O)O,0.6638163507954669,binned_cosine_1Da,62,False,predicted_spectrum,6294
CASMI2022,massformer,completed,22,22,54,CASMI_MOL_1196810,CASMI_MOL_106737,106737,COC(=O)C1Oc2ccc(C)cc2CCC1=O,0.6631163490916291,binned_cosine_1Da,63,False,predicted_spectrum,6294
CASMI2022,massformer,completed,22,22,54,CASMI_MOL_1196810,CASMI_MOL_108363,108363,COC(=O)CCOc1ccc2c(c1)CCC2=O,0.6608459820897543,binned_cosine_1Da,64,False,predicted_spectrum,6294
CASMI2022,massformer,completed,22,22,54,CASMI_MOL_1196810,CASMI_MOL_112168,112168,O=COC1C=CC(OC=O)C2C3C=CC(C3)C12,0.6596411179456279,binned_cosine_1Da,65,False,predicted_spectrum,6294
CASMI2022,massformer,completed,22,22,54,CASMI_MOL_1196810,CASMI_MOL_109428,109428,COc1cc(CC#CC(=O)O)c(OC)cc1C,0.6595660636092218,binned_cosine_1Da,66,False,predicted_spectrum,6294
CASMI2022,massformer,completed,22,22,54,CASMI_MOL_1196810,CASMI_MOL_106343,106343,COC(=O)CC(=O)C1COc2ccccc2C1,0.6585823519197821,binned_cosine_1Da,67,False,predicted_spectrum,6294
CASMI2022,massformer,completed,22,22,54,CASMI_MOL_1196810,CASMI_MOL_106863,106863,CCOC(=O)C(C=O)C1COc2ccccc21,0.6583572268030559,binned_cosine_1Da,68,False,predicted_spectrum,6294
CASMI2022,massformer,completed,22,22,54,CASMI_MOL_1196810,CASMI_MOL_110183,110183,COC(=O)C12CC3C4C5C(C1CC35C(=O)O)C42,0.6570703413258534,binned_cosine_1Da,69,False,predicted_spectrum,6294
CASMI2022,massformer,completed,22,22,54,CASMI_MOL_1196810,CASMI_MOL_108711,108711,COC(=O)C12C=CC1C1C(=O)C(C)(C)C(=O)C12,0.6567122358221205,binned_cosine_1Da,70,False,predicted_spectrum,6294
CASMI2022,massformer,completed,22,22,54,CASMI_MOL_1196810,CASMI_MOL_107843,107843,CC(=O)CCc1cccc(C)c1C(=O)OC=O,0.6565172760978604,binned_cosine_1Da,71,False,predicted_spectrum,6294
CASMI2022,massformer,completed,22,22,54,CASMI_MOL_1196810,CASMI_MOL_111967,111967,COC(=O)C12C=CC(=O)C(=O)C1=CC(C)CC2,0.6558357221821,binned_cosine_1Da,72,False,predicted_spectrum,6294
CASMI2022,massformer,completed,22,22,54,CASMI_MOL_1196810,CASMI_MOL_109505,109505,O=C(O)CC1(c2ccc3c(c2)COCO3)CC1,0.6549174377202452,binned_cosine_1Da,73,False,predicted_spectrum,6294
CASMI2022,massformer,completed,22,22,54,CASMI_MOL_1196810,CASMI_MOL_106797,106797,C=CC(=O)OCc1cc2c(cc1OC)CCO2,0.6542609855555566,binned_cosine_1Da,74,False,predicted_spectrum,6294
CASMI2022,massformer,completed,22,22,54,CASMI_MOL_1196810,CASMI_MOL_107413,107413,CCOC(=O)C1Cc2ccc(C)cc2C(=O)O1,0.652703758388183,binned_cosine_1Da,75,False,predicted_spectrum,6294
CASMI2022,massformer,completed,22,22,54,CASMI_MOL_1196810,CASMI_MOL_106240,106240,COC(=O)C12CC3C4C3C3(C(=O)O)C(C1)C2C43,0.6526370043055407,binned_cosine_1Da,76,False,predicted_spectrum,6294
CASMI2022,massformer,completed,22,22,54,CASMI_MOL_1196810,CASMI_MOL_111965,111965,COCOc1ccc(C=CC=CC(=O)O)cc1,0.6520783614865454,binned_cosine_1Da,77,False,predicted_spectrum,6294
CASMI2022,massformer,completed,22,22,54,CASMI_MOL_1196810,CASMI_MOL_110603,110603,COCOc1ccc(C=CC=CC(=O)O)cc1,0.6520782741923979,binned_cosine_1Da,78,False,predicted_spectrum,6294
CASMI2022,massformer,completed,22,22,54,CASMI_MOL_1196810,CASMI_MOL_107082,107082,CCOC(=O)C1(CO)C=Cc2ccccc2O1,0.65194415969658,binned_cosine_1Da,79,False,predicted_spectrum,6294
CASMI2022,massformer,completed,22,22,54,CASMI_MOL_1196810,CASMI_MOL_106376,106376,CCOC(=O)C1Cc2cccc(C)c2C(=O)O1,0.6513422999117666,binned_cosine_1Da,80,False,predicted_spectrum,6294
CASMI2022,massformer,completed,22,22,54,CASMI_MOL_1196810,CASMI_MOL_108665,108665,COC(=O)C=C(C)C1Oc2ccccc2C1O,0.6509501016846214,binned_cosine_1Da,81,False,predicted_spectrum,6294
CASMI2022,massformer,completed,22,22,54,CASMI_MOL_1196810,CASMI_MOL_111915,111915,COC(=O)C12C=C(C)C=CC1C(=O)C(=O)CC2,0.6508138688896269,binned_cosine_1Da,82,False,predicted_spectrum,6294
CASMI2022,massformer,completed,22,22,54,CASMI_MOL_1196810,CASMI_MOL_109711,109711,CCCOC(=O)C=Cc1ccc2c(c1)OCO2,0.6502174021858259,binned_cosine_1Da,83,False,predicted_spectrum,6294
CASMI2022,massformer,completed,22,22,54,CASMI_MOL_1196810,CASMI_MOL_108457,108457,COC(=O)C1OC12c1ccccc1OCC2C,0.6491138623885018,binned_cosine_1Da,84,False,predicted_spectrum,6294
CASMI2022,massformer,completed,22,22,54,CASMI_MOL_1196810,CASMI_MOL_109934,109934,COC(=O)CCC1=CC2=CC=CCC2OC1=O,0.6490682014048967,binned_cosine_1Da,85,False,predicted_spectrum,6294
CASMI2022,massformer,completed,22,22,54,CASMI_MOL_1196810,CASMI_MOL_110254,110254,COC(=O)C1(C)OC12CCOc1ccccc12,0.6488496840953653,binned_cosine_1Da,86,False,predicted_spectrum,6294
CASMI2022,massformer,completed,22,22,54,CASMI_MOL_1196810,CASMI_MOL_108714,108714,CC(=O)OCC#CCOC1(C)C=CC(=O)C=C1,0.648706320820698,binned_cosine_1Da,87,False,predicted_spectrum,6294
CASMI2022,massformer,completed,22,22,54,CASMI_MOL_1196810,CASMI_MOL_107216,107216,CC(=O)OC1Cc2ccccc2C(C(=O)O)C1,0.6481789994438983,binned_cosine_1Da,88,False,predicted_spectrum,6294
CASMI2022,massformer,completed,22,22,54,CASMI_MOL_1196810,CASMI_MOL_111538,111538,CCOC(=O)C=Cc1cccc2c1OCCO2,0.6478121605648428,binned_cosine_1Da,89,False,predicted_spectrum,6294
CASMI2022,massformer,completed,22,22,54,CASMI_MOL_1196810,CASMI_MOL_111397,111397,O=C(O)COc1cccc2c1OC1CCCC21,0.6469173941571486,binned_cosine_1Da,90,False,predicted_spectrum,6294
CASMI2022,massformer,completed,22,22,54,CASMI_MOL_1196810,CASMI_MOL_108720,108720,CC1(C)OC(=O)C(=C2C3=CCC2CC3)C(=O)O1,0.6460508600899478,binned_cosine_1Da,91,False,predicted_spectrum,6294
CASMI2022,massformer,completed,22,22,54,CASMI_MOL_1196810,CASMI_MOL_107013,107013,C=C(Cc1ccc2c(c1)OCO2)C(=O)OCC,0.6450729440154314,binned_cosine_1Da,92,False,predicted_spectrum,6294
CASMI2022,massformer,completed,22,22,54,CASMI_MOL_1196810,CASMI_MOL_109386,109386,O=C(O)CC1(c2cccc3c2OCCO3)CC1,0.6447772585031732,binned_cosine_1Da,93,False,predicted_spectrum,6294
CASMI2022,massformer,completed,22,22,54,CASMI_MOL_1196810,CASMI_MOL_110744,110744,C=CCOC(=O)C=Cc1ccc(O)c(OC)c1,0.6438991150722825,binned_cosine_1Da,94,False,predicted_spectrum,6294
CASMI2022,massformer,completed,22,22,54,CASMI_MOL_1196810,CASMI_MOL_111160,111160,C=CCOC(=O)C=Cc1ccc(O)c(OC)c1,0.643899083690554,binned_cosine_1Da,95,False,predicted_spectrum,6294
CASMI2022,massformer,completed,22,22,54,CASMI_MOL_1196810,CASMI_MOL_110782,110782,COc1ccc(C=CC=CC(=O)O)c(OC)c1,0.6432012270600042,binned_cosine_1Da,96,False,predicted_spectrum,6294
CASMI2022,massformer,completed,22,22,54,CASMI_MOL_1196810,CASMI_MOL_111147,111147,COc1ccc(C=CC=CC(=O)O)c(OC)c1,0.6432011949614427,binned_cosine_1Da,97,False,predicted_spectrum,6294
CASMI2022,massformer,completed,22,22,54,CASMI_MOL_1196810,CASMI_MOL_109768,109768,CCOC(=O)COc1ccccc1C#CCO,0.6429260537346524,binned_cosine_1Da,98,False,predicted_spectrum,6294
CASMI2022,massformer,completed,22,22,54,CASMI_MOL_1196810,CASMI_MOL_110314,110314,COC(=O)CCOc1cccc2c1CCC2=O,0.6423217233807975,binned_cosine_1Da,99,False,predicted_spectrum,6294
CASMI2022,massformer,completed,22,22,54,CASMI_MOL_1196810,CASMI_MOL_106619,106619,C=C(C)C(=O)OC=c1c(O)c(O)ccc1=CC,0.6423183203271604,binned_cosine_1Da,100,False,predicted_spectrum,6294
CASMI2022,massformer,completed,22,22,54,CASMI_MOL_1196810,CASMI_MOL_1196810,1196810,COc1cc(O)c2c(=O)oc(C)c(C)c2c1C,0.1703066752586664,binned_cosine_1Da,5111,True,predicted_spectrum,6294
CASMI2022,massformer,completed,23,23,55,CASMI_MOL_1196811,CASMI_MOL_115715,115715,CCCCCC=Cc1c(O)c(C)c(C(C)C)c(O)c1C(C)C,0.7817500472335802,binned_cosine_1Da,1,False,predicted_spectrum,5745
CASMI2022,massformer,completed,23,23,55,CASMI_MOL_1196811,CASMI_MOL_117420,117420,CCCC=CCCc1c(O)c(C)c(C(C)C)c(O)c1C(C)C,0.7817500472335802,binned_cosine_1Da,2,False,predicted_spectrum,5745
CASMI2022,massformer,completed,23,23,55,CASMI_MOL_1196811,CASMI_MOL_114855,114855,CCCCCc1cc(CCCCC)cc(C(C)(C)C(=O)O)c1,0.7738195676004019,binned_cosine_1Da,3,False,predicted_spectrum,5745
CASMI2022,massformer,completed,23,23,55,CASMI_MOL_1196811,CASMI_MOL_113877,113877,CC1=C(C)C(C)=C(C)CCCC(=O)CCCC(=O)CCCC1,0.7684629796243178,binned_cosine_1Da,4,False,predicted_spectrum,5745
CASMI2022,massformer,completed,23,23,55,CASMI_MOL_1196811,CASMI_MOL_114016,114016,C=C1C(=O)C2C(=O)CC(C(C)C)C(CCCC)C2CC1CC,0.7640944494937196,binned_cosine_1Da,5,False,predicted_spectrum,5745
CASMI2022,massformer,completed,23,23,55,CASMI_MOL_1196811,CASMI_MOL_115930,115930,CCCCCCc1cc(CCCCCC)cc(CC(=O)O)c1,0.7498118460040801,binned_cosine_1Da,6,False,predicted_spectrum,5745
CASMI2022,massformer,completed,23,23,55,CASMI_MOL_1196811,CASMI_MOL_117877,117877,CCCC=CCCc1c(O)ccc(O)c1CCCCCCC,0.7436312384366793,binned_cosine_1Da,7,False,predicted_spectrum,5745
CASMI2022,massformer,completed,23,23,55,CASMI_MOL_1196811,CASMI_MOL_116501,116501,CCCCCCCC=CCCc1c(C)c(O)c(C)c(C)c1O,0.7433698303669461,binned_cosine_1Da,8,False,predicted_spectrum,5745
CASMI2022,massformer,completed,23,23,55,CASMI_MOL_1196811,CASMI_MOL_114086,114086,C=CC(C)(C(C)=O)C1=CC(C(C)(C)C)C(=O)C(C(C)(C)C)C1,0.7432985006997863,binned_cosine_1Da,9,False,predicted_spectrum,5745
CASMI2022,massformer,completed,23,23,55,CASMI_MOL_1196811,CASMI_MOL_112935,112935,C=C1CCC(C(C)C)=CC(=C(C)C)C(=O)CC(C)CCC1O,0.7429647220643266,binned_cosine_1Da,10,False,predicted_spectrum,5745
CASMI2022,massformer,completed,23,23,55,CASMI_MOL_1196811,CASMI_MOL_112936,112936,C=C1CCC(C(C)C)=CC(=C(C)C)C(=O)CC(C)CCC1O,0.7429647220643266,binned_cosine_1Da,11,False,predicted_spectrum,5745
CASMI2022,massformer,completed,23,23,55,CASMI_MOL_1196811,CASMI_MOL_112937,112937,C=C1CCC(C(C)C)=CC(=C(C)C)C(=O)CC(C)CCC1O,0.7429647155730741,binned_cosine_1Da,12,False,predicted_spectrum,5745
CASMI2022,massformer,completed,23,23,55,CASMI_MOL_1196811,CASMI_MOL_114064,114064,CCCCCc1cc(O)c(C2CC(C)CCC2CC)c(O)c1,0.742928194964782,binned_cosine_1Da,13,False,predicted_spectrum,5745
CASMI2022,massformer,completed,23,23,55,CASMI_MOL_1196811,CASMI_MOL_114251,114251,C=C(C)C(=O)OC1=C(C)CCC(CC)(C(=C)C)C1(CC)CC,0.7416169545119182,binned_cosine_1Da,14,False,predicted_spectrum,5745
CASMI2022,massformer,completed,23,23,55,CASMI_MOL_1196811,CASMI_MOL_117278,117278,CCCCCCCCOC(=O)C12CCCC3=C1CCC(C3)C2,0.7409678407679718,binned_cosine_1Da,15,False,predicted_spectrum,5745
CASMI2022,massformer,completed,23,23,55,CASMI_MOL_1196811,CASMI_MOL_116799,116799,CCOC1=CC(=O)CC(C)(CCC=C(C)CCC=C(C)C)C1,0.7382946314361308,binned_cosine_1Da,16,False,predicted_spectrum,5745
CASMI2022,massformer,completed,23,23,55,CASMI_MOL_1196811,CASMI_MOL_115462,115462,C=C1C(O)C(C)(CC)CCC2(C)C(C)CCC13CCC(=O)C32,0.7366700906978142,binned_cosine_1Da,17,False,predicted_spectrum,5745
CASMI2022,massformer,completed,23,23,55,CASMI_MOL_1196811,CASMI_MOL_117410,117410,CCCCc1cc(C2CCCCC2)c(CCCC)c(O)c1O,0.7365765784524617,binned_cosine_1Da,18,False,predicted_spectrum,5745
CASMI2022,massformer,completed,23,23,55,CASMI_MOL_1196811,CASMI_MOL_116180,116180,CCCC1CCC2(CC1)C(=O)C1(CCC(CCC)CC1)C2=O,0.7349499110389924,binned_cosine_1Da,19,False,predicted_spectrum,5745
CASMI2022,massformer,completed,23,23,55,CASMI_MOL_1196811,CASMI_MOL_116193,116193,CCCCCC=CC1=C(CCC(=O)CCCCC)CCC1=O,0.734248452753232,binned_cosine_1Da,20,False,predicted_spectrum,5745
CASMI2022,massformer,completed,23,23,55,CASMI_MOL_1196811,CASMI_MOL_116192,116192,CCCCCC=CC1=C(CCC(=O)CCCCC)CCC1=O,0.7342484258589008,binned_cosine_1Da,21,False,predicted_spectrum,5745
CASMI2022,massformer,completed,23,23,55,CASMI_MOL_1196811,CASMI_MOL_116438,116438,CCCCC=CCCCCCCCCc1cc(O)cc(O)c1,0.7338363979200093,binned_cosine_1Da,22,False,predicted_spectrum,5745
CASMI2022,massformer,completed,23,23,55,CASMI_MOL_1196811,CASMI_MOL_114976,114976,CCCCCCCc1c(C(=O)O)ccc(C(C)C)c1C(C)C,0.733261489365411,binned_cosine_1Da,23,False,predicted_spectrum,5745
CASMI2022,massformer,completed,23,23,55,CASMI_MOL_1196811,CASMI_MOL_116399,116399,C=CCC1(CC=CCCCCCCCC)C(=O)CCCC1=O,0.7326606534799142,binned_cosine_1Da,24,False,predicted_spectrum,5745
CASMI2022,massformer,completed,23,23,55,CASMI_MOL_1196811,CASMI_MOL_116398,116398,C=CCC1(CC=CCCCCCCCC)C(=O)CCCC1=O,0.7326606258731467,binned_cosine_1Da,25,False,predicted_spectrum,5745
CASMI2022,massformer,completed,23,23,55,CASMI_MOL_1196811,CASMI_MOL_114422,114422,CCC1(C)CC(=O)C2C(C1)C(=O)CC1C(C)(C)CCCC21C,0.7318063853961748,binned_cosine_1Da,26,False,predicted_spectrum,5745
CASMI2022,massformer,completed,23,23,55,CASMI_MOL_1196811,CASMI_MOL_114247,114247,CCCCC(=O)C12CC3CC(C1)CC(C(=O)CCCC)(C3)C2,0.7310881470562788,binned_cosine_1Da,27,False,predicted_spectrum,5745
CASMI2022,massformer,completed,23,23,55,CASMI_MOL_1196811,CASMI_MOL_114957,114957,CC1(C)C2CC(C3C2C2CC3C(C)(C(=O)O)C2(C)C)C1(C)C,0.7302900062033327,binned_cosine_1Da,28,False,predicted_spectrum,5745
CASMI2022,massformer,completed,23,23,55,CASMI_MOL_1196811,CASMI_MOL_115615,115615,CC(=O)CCCC1(C)CCC2C(C)(C)CC3(C)CC(=O)CC213,0.7283948718769084,binned_cosine_1Da,29,False,predicted_spectrum,5745
CASMI2022,massformer,completed,23,23,55,CASMI_MOL_1196811,CASMI_MOL_115709,115709,CCCCCCCCC1CCC2CCCC3C(=O)C(=O)C1C23,0.7280320201820528,binned_cosine_1Da,30,False,predicted_spectrum,5745
CASMI2022,massformer,completed,23,23,55,CASMI_MOL_1196811,CASMI_MOL_118119,118119,CC(=O)CCC1=C(C(C)C)CCC1(C)CC1C(=O)CCC1C,0.7276072655331657,binned_cosine_1Da,31,False,predicted_spectrum,5745
CASMI2022,massformer,completed,23,23,55,CASMI_MOL_1196811,CASMI_MOL_112891,112891,CC(=CCO)CCC1(C)C2=C(CCC1C)C(C)(C)CC(=O)C2,0.7268059911164568,binned_cosine_1Da,32,False,predicted_spectrum,5745
CASMI2022,massformer,completed,23,23,55,CASMI_MOL_1196811,CASMI_MOL_113383,113383,CC(=CCO)CCC1(C)C2=C(CCC1C)C(C)(C)CC(=O)C2,0.7268059911164568,binned_cosine_1Da,33,False,predicted_spectrum,5745
CASMI2022,massformer,completed,23,23,55,CASMI_MOL_1196811,CASMI_MOL_116954,116954,CC(=CCO)CCC1(C)C2=C(CCC1C)C(C)(C)CC(=O)C2,0.7268059911164568,binned_cosine_1Da,34,False,predicted_spectrum,5745
CASMI2022,massformer,completed,23,23,55,CASMI_MOL_1196811,CASMI_MOL_117998,117998,CCCCC=CCCCCCCCc1cc(O)c(C)c(O)c1,0.7265264979499637,binned_cosine_1Da,35,False,predicted_spectrum,5745
CASMI2022,massformer,completed,23,23,55,CASMI_MOL_1196811,CASMI_MOL_113474,113474,CCCCC=CCCCCCCCc1cc(O)c(C)c(O)c1,0.7265264780567101,binned_cosine_1Da,36,False,predicted_spectrum,5745
CASMI2022,massformer,completed,23,23,55,CASMI_MOL_1196811,CASMI_MOL_118033,118033,CCCCC=CCCCCCCCc1cc(O)c(C)c(O)c1,0.7265264780567101,binned_cosine_1Da,37,False,predicted_spectrum,5745
CASMI2022,massformer,completed,23,23,55,CASMI_MOL_1196811,CASMI_MOL_112514,112514,C=C(C)C(O)CCc1cc(C(C)(C)C)c(O)c(C(C)(C)C)c1,0.7263524090868078,binned_cosine_1Da,38,False,predicted_spectrum,5745
CASMI2022,massformer,completed,23,23,55,CASMI_MOL_1196811,CASMI_MOL_112487,112487,CCCC=CCCC1=C(CCC(=O)CCCCC)CCC1=O,0.7252302546677194,binned_cosine_1Da,39,False,predicted_spectrum,5745
CASMI2022,massformer,completed,23,23,55,CASMI_MOL_1196811,CASMI_MOL_116322,116322,CCCC=CCCC1=C(CCC(=O)CCCCC)CCC1=O,0.7252302464015435,binned_cosine_1Da,40,False,predicted_spectrum,5745
CASMI2022,massformer,completed,23,23,55,CASMI_MOL_1196811,CASMI_MOL_114193,114193,CC12CCC(C(C3(O)CC4CCC3(C)C4(C)C)C1=O)C2(C)C,0.723983473387205,binned_cosine_1Da,41,False,predicted_spectrum,5745
CASMI2022,massformer,completed,23,23,55,CASMI_MOL_1196811,CASMI_MOL_116919,116919,CC(C)C1CC2=C(CC1=O)C1(C)CC(O)CC(C)(C)C1CC2,0.7237823838314066,binned_cosine_1Da,42,False,predicted_spectrum,5745
CASMI2022,massformer,completed,23,23,55,CASMI_MOL_1196811,CASMI_MOL_115944,115944,CC(C)(C)c1cc(CCCCCC=O)cc(C(C)(C)C)c1O,0.7235445498323962,binned_cosine_1Da,43,False,predicted_spectrum,5745
CASMI2022,massformer,completed,23,23,55,CASMI_MOL_1196811,CASMI_MOL_115817,115817,C=C(C)CCC(CCC)C1(O)c2cc(C)oc2CCC1(C)C,0.7235418951064869,binned_cosine_1Da,44,False,predicted_spectrum,5745
CASMI2022,massformer,completed,23,23,55,CASMI_MOL_1196811,CASMI_MOL_115884,115884,CCCCCCCc1c(C)c(C)c(O)c(C2CCCC2)c1O,0.7229867494424119,binned_cosine_1Da,45,False,predicted_spectrum,5745
CASMI2022,massformer,completed,23,23,55,CASMI_MOL_1196811,CASMI_MOL_115761,115761,CC1(C2CC(=O)C(C3(C)CCCCC3)CC2=O)CCCCC1,0.722859743220817,binned_cosine_1Da,46,False,predicted_spectrum,5745
CASMI2022,massformer,completed,23,23,55,CASMI_MOL_1196811,CASMI_MOL_113833,113833,CCCCCCCCCC=CCCc1cc(O)cc(C)c1O,0.7225544108563152,binned_cosine_1Da,47,False,predicted_spectrum,5745
CASMI2022,massformer,completed,23,23,55,CASMI_MOL_1196811,CASMI_MOL_112932,112932,CC(=CCO)CCC1=C(C)CC(=O)C2C(C)(C)CCCC12C,0.7224201557447828,binned_cosine_1Da,48,False,predicted_spectrum,5745
CASMI2022,massformer,completed,23,23,55,CASMI_MOL_1196811,CASMI_MOL_112933,112933,CC(=CCO)CCC1=C(C)CC(=O)C2C(C)(C)CCCC12C,0.7224201557447828,binned_cosine_1Da,49,False,predicted_spectrum,5745
CASMI2022,massformer,completed,23,23,55,CASMI_MOL_1196811,CASMI_MOL_112934,112934,CC(=CCO)CCC1=C(C)CC(=O)C2C(C)(C)CCCC12C,0.7224201546171208,binned_cosine_1Da,50,False,predicted_spectrum,5745
CASMI2022,massformer,completed,23,23,55,CASMI_MOL_1196811,CASMI_MOL_113888,113888,CCCCCC=CC=C1CCC(=O)C1CCC(=O)CCCC,0.7208334180081516,binned_cosine_1Da,51,False,predicted_spectrum,5745
CASMI2022,massformer,completed,23,23,55,CASMI_MOL_1196811,CASMI_MOL_116920,116920,CC(C)C1CC2=C(CC1=O)C1(C)CCCC(C)(C)C1CC2O,0.7196466085748237,binned_cosine_1Da,52,False,predicted_spectrum,5745
CASMI2022,massformer,completed,23,23,55,CASMI_MOL_1196811,CASMI_MOL_116804,116804,C=CCC1(CCC(=C)C)C(=O)C=C(OCC(C)C)CC1(C)C,0.7196274587975948,binned_cosine_1Da,53,False,predicted_spectrum,5745
CASMI2022,massformer,completed,23,23,55,CASMI_MOL_1196811,CASMI_MOL_113632,113632,CC(=O)CCC1C(=O)CCC2C1(C)CC1(C)C(C)C(C)C21C,0.71818258593509,binned_cosine_1Da,54,False,predicted_spectrum,5745
CASMI2022,massformer,completed,23,23,55,CASMI_MOL_1196811,CASMI_MOL_115736,115736,CCCCCCCCC1CCC2C(=O)C(=O)C3CCCC1C32,0.7175173373729332,binned_cosine_1Da,55,False,predicted_spectrum,5745
CASMI2022,massformer,completed,23,23,55,CASMI_MOL_1196811,CASMI_MOL_115883,115883,CC(C)(C)c1cc(C2CCCCC2)c(C(C)(C)C)c(O)c1O,0.7167509626896765,binned_cosine_1Da,56,False,predicted_spectrum,5745
CASMI2022,massformer,completed,23,23,55,CASMI_MOL_1196811,CASMI_MOL_113858,113858,CCCCCC(CCC)(C(=O)O)c1cccc(C(C)(C)C)c1,0.7166540264610651,binned_cosine_1Da,57,False,predicted_spectrum,5745
CASMI2022,massformer,completed,23,23,55,CASMI_MOL_1196811,CASMI_MOL_114135,114135,CCCC1(C)C(=O)CC(C)C2C3CC(=O)CC(C)(CCC21)C3,0.7163041854481317,binned_cosine_1Da,58,False,predicted_spectrum,5745
CASMI2022,massformer,completed,23,23,55,CASMI_MOL_1196811,CASMI_MOL_112544,112544,CCCCCc1cc(O)c2c(c1)OC(C)CC2C(C)(C)CC,0.7160840454796841,binned_cosine_1Da,59,False,predicted_spectrum,5745
CASMI2022,massformer,completed,23,23,55,CASMI_MOL_1196811,CASMI_MOL_112612,112612,CCCCCCCCCCCCC#CCCC#CCC(=O)O,0.7157935904710955,binned_cosine_1Da,60,False,predicted_spectrum,5745
CASMI2022,massformer,completed,23,23,55,CASMI_MOL_1196811,CASMI_MOL_112534,112534,CC(C)=Cc1cc(C(C)(C)C)cc(C(C)(C)C)c1OC(C)O,0.7156073901630665,binned_cosine_1Da,61,False,predicted_spectrum,5745
CASMI2022,massformer,completed,23,23,55,CASMI_MOL_1196811,CASMI_MOL_116627,116627,CCOC(=O)C1CCC2CCC3CC4CCCCC4CC3C21,0.7153627858956956,binned_cosine_1Da,62,False,predicted_spectrum,5745
CASMI2022,massformer,completed,23,23,55,CASMI_MOL_1196811,CASMI_MOL_113222,113222,CC(C)=CCCC1(C)C(C(=O)O)CC2=CCCC(C)(C)C21C,0.7147656081834838,binned_cosine_1Da,63,False,predicted_spectrum,5745
CASMI2022,massformer,completed,23,23,55,CASMI_MOL_1196811,CASMI_MOL_113554,113554,CC(C)=CCCC1(C)C(C(=O)O)CC2=CCCC(C)(C)C21C,0.7147656072373612,binned_cosine_1Da,64,False,predicted_spectrum,5745
CASMI2022,massformer,completed,23,23,55,CASMI_MOL_1196811,CASMI_MOL_117475,117475,CC(C)=CCCC1(C)C(C(=O)O)CC2=CCCC(C)(C)C21C,0.7147656072373612,binned_cosine_1Da,65,False,predicted_spectrum,5745
CASMI2022,massformer,completed,23,23,55,CASMI_MOL_1196811,CASMI_MOL_116692,116692,CCCCCCCCCCCCCCCC#CC#CC(=O)O,0.7147507421211983,binned_cosine_1Da,66,False,predicted_spectrum,5745
CASMI2022,massformer,completed,23,23,55,CASMI_MOL_1196811,CASMI_MOL_112549,112549,C=C1C(=C(C)C(C)C)CCC2C1(C)CCCC2(C)C(=O)OC,0.7146397384853552,binned_cosine_1Da,67,False,predicted_spectrum,5745
CASMI2022,massformer,completed,23,23,55,CASMI_MOL_1196811,CASMI_MOL_112864,112864,C=C1CCC(=O)C(C)CCC2C1CC2(C)CCC(=O)C(C)C,0.7146140986205609,binned_cosine_1Da,68,False,predicted_spectrum,5745
CASMI2022,massformer,completed,23,23,55,CASMI_MOL_1196811,CASMI_MOL_113510,113510,C=C1CCC(=O)C(C)CCC2C1CC2(C)CCC(=O)C(C)C,0.7146140986205609,binned_cosine_1Da,69,False,predicted_spectrum,5745
CASMI2022,massformer,completed,23,23,55,CASMI_MOL_1196811,CASMI_MOL_116893,116893,C=C1CCC(=O)C(C)CCC2C1CC2(C)CCC(=O)C(C)C,0.7146140986205609,binned_cosine_1Da,70,False,predicted_spectrum,5745
CASMI2022,massformer,completed,23,23,55,CASMI_MOL_1196811,CASMI_MOL_116439,116439,CC(C)(C)c1cc(C2CCC(O)CC2)cc(C(C)(C)C)c1O,0.7142269152346447,binned_cosine_1Da,71,False,predicted_spectrum,5745
CASMI2022,massformer,completed,23,23,55,CASMI_MOL_1196811,CASMI_MOL_115156,115156,C=C(CCC=O)C1CC(C)(C)C1CCC(C)=CCCC(C)=O,0.71420545267001,binned_cosine_1Da,72,False,predicted_spectrum,5745
CASMI2022,massformer,completed,23,23,55,CASMI_MOL_1196811,CASMI_MOL_117613,117613,C=C(CCC=O)C1CC(C)(C)C1CCC(C)=CCCC(C)=O,0.71420545267001,binned_cosine_1Da,73,False,predicted_spectrum,5745
CASMI2022,massformer,completed,23,23,55,CASMI_MOL_1196811,CASMI_MOL_113033,113033,CC1=C2CC(C(C)CC(=O)CC(C)C)CCC2(C)CC(=O)C1,0.714145743363017,binned_cosine_1Da,74,False,predicted_spectrum,5745
CASMI2022,massformer,completed,23,23,55,CASMI_MOL_1196811,CASMI_MOL_115225,115225,CC1=C2CC(C(C)CC(=O)CC(C)C)CCC2(C)CC(=O)C1,0.714145743363017,binned_cosine_1Da,75,False,predicted_spectrum,5745
CASMI2022,massformer,completed,23,23,55,CASMI_MOL_1196811,CASMI_MOL_113032,113032,CC1=C2CC(C(C)CC(=O)CC(C)C)CCC2(C)CC(=O)C1,0.7141457106834606,binned_cosine_1Da,76,False,predicted_spectrum,5745
CASMI2022,massformer,completed,23,23,55,CASMI_MOL_1196811,CASMI_MOL_115220,115220,CC1=C2CC(C(C)CC(=O)CC(C)C)CCC2(C)CC(=O)C1,0.7141457106834606,binned_cosine_1Da,77,False,predicted_spectrum,5745
CASMI2022,massformer,completed,23,23,55,CASMI_MOL_1196811,CASMI_MOL_117918,117918,CC1=C2CC(C(C)CC(=O)CC(C)C)CCC2(C)CC(=O)C1,0.7141457106834606,binned_cosine_1Da,78,False,predicted_spectrum,5745
CASMI2022,massformer,completed,23,23,55,CASMI_MOL_1196811,CASMI_MOL_118157,118157,CC1=C2CC(C(C)CC(=O)CC(C)C)CCC2(C)CC(=O)C1,0.7141457106834606,binned_cosine_1Da,79,False,predicted_spectrum,5745
CASMI2022,massformer,completed,23,23,55,CASMI_MOL_1196811,CASMI_MOL_114952,114952,CCCC1C(O)CCc2cc(C(C)(C)C)c(O)c(c2)C1(C)C,0.7139970545717218,binned_cosine_1Da,80,False,predicted_spectrum,5745
CASMI2022,massformer,completed,23,23,55,CASMI_MOL_1196811,CASMI_MOL_114478,114478,CCCCCCCCCCCCCCC#CCC#CC(=O)O,0.7138398543450629,binned_cosine_1Da,81,False,predicted_spectrum,5745
CASMI2022,massformer,completed,23,23,55,CASMI_MOL_1196811,CASMI_MOL_114151,114151,CC1=C2C(=O)C3CCC(C)C(CO)C3CC(C)(CC1)C2(C)C,0.7136774669964984,binned_cosine_1Da,82,False,predicted_spectrum,5745
CASMI2022,massformer,completed,23,23,55,CASMI_MOL_1196811,CASMI_MOL_115788,115788,C=C(CC1(CCCCCC)C2CC3CC(C2)CC1C3)C(=O)O,0.713509903675079,binned_cosine_1Da,83,False,predicted_spectrum,5745
CASMI2022,massformer,completed,23,23,55,CASMI_MOL_1196811,CASMI_MOL_113304,113304,C=CC(C)(O)CCC1(C)C2=C(C(=O)CC1C)C(C)(C)CCC2,0.7134568590569718,binned_cosine_1Da,84,False,predicted_spectrum,5745
CASMI2022,massformer,completed,23,23,55,CASMI_MOL_1196811,CASMI_MOL_115226,115226,C=CC(C)(O)CCC1(C)C2=C(C(=O)CC1C)C(C)(C)CCC2,0.7134568590569718,binned_cosine_1Da,85,False,predicted_spectrum,5745
CASMI2022,massformer,completed,23,23,55,CASMI_MOL_1196811,CASMI_MOL_113303,113303,C=CC(C)(O)CCC1(C)C2=C(C(=O)CC1C)C(C)(C)CCC2,0.7134568486519988,binned_cosine_1Da,86,False,predicted_spectrum,5745
CASMI2022,massformer,completed,23,23,55,CASMI_MOL_1196811,CASMI_MOL_116082,116082,CC1=CC(=O)CC(C)CCCC(C)C(=O)C=CC(C)(C)CC1,0.713252992617671,binned_cosine_1Da,87,False,predicted_spectrum,5745
CASMI2022,massformer,completed,23,23,55,CASMI_MOL_1196811,CASMI_MOL_114736,114736,CC1=CC(=O)CC(C)CCCC(C)C(=O)C=CC(C)(C)CC1,0.7132529868437307,binned_cosine_1Da,88,False,predicted_spectrum,5745
CASMI2022,massformer,completed,23,23,55,CASMI_MOL_1196811,CASMI_MOL_112843,112843,C=C1CCC2C(C)(C)CC(=O)CC2(C)C1CCC(C)=CCO,0.7130046893654073,binned_cosine_1Da,89,False,predicted_spectrum,5745
CASMI2022,massformer,completed,23,23,55,CASMI_MOL_1196811,CASMI_MOL_115374,115374,C=C1CCC2C(C)(C)CC(=O)CC2(C)C1CCC(C)=CCO,0.7130046893654073,binned_cosine_1Da,90,False,predicted_spectrum,5745
CASMI2022,massformer,completed,23,23,55,CASMI_MOL_1196811,CASMI_MOL_112844,112844,C=C1CCC2C(C)(C)CC(=O)CC2(C)C1CCC(C)=CCO,0.7130046556686415,binned_cosine_1Da,91,False,predicted_spectrum,5745
CASMI2022,massformer,completed,23,23,55,CASMI_MOL_1196811,CASMI_MOL_116507,116507,CC(C)(C)C1CC2C(=O)C3CC(C(C)(C)C)CC3C(=O)C2C1,0.7127316201753743,binned_cosine_1Da,92,False,predicted_spectrum,5745
CASMI2022,massformer,completed,23,23,55,CASMI_MOL_1196811,CASMI_MOL_117090,117090,CCCC1(CO)CCC2C3=C(CCC2C1CC)CC(=O)CC3,0.7124253049480809,binned_cosine_1Da,93,False,predicted_spectrum,5745
CASMI2022,massformer,completed,23,23,55,CASMI_MOL_1196811,CASMI_MOL_117100,117100,CCCCCC(=O)c1cc(C(C)(C)C)cc(C(C)(C)C)c1O,0.7120273565130206,binned_cosine_1Da,94,False,predicted_spectrum,5745
CASMI2022,massformer,completed,23,23,55,CASMI_MOL_1196811,CASMI_MOL_115175,115175,CC1(C)CC(=O)CC2(C)C1CCC1CC3(C)CCC12CC3O,0.7117016621587788,binned_cosine_1Da,95,False,predicted_spectrum,5745
CASMI2022,massformer,completed,23,23,55,CASMI_MOL_1196811,CASMI_MOL_115529,115529,CC1C2CC(CC2(O)C2C(=O)C3CC2C(C)(C)C3C)C1(C)C,0.711601121211594,binned_cosine_1Da,96,False,predicted_spectrum,5745
CASMI2022,massformer,completed,23,23,55,CASMI_MOL_1196811,CASMI_MOL_117778,117778,CC1C2CC(CC2(O)C2C(=O)C3CC2C(C)(C)C3C)C1(C)C,0.7116010715183204,binned_cosine_1Da,97,False,predicted_spectrum,5745
CASMI2022,massformer,completed,23,23,55,CASMI_MOL_1196811,CASMI_MOL_114311,114311,CCC(=O)C1CC2(C)CCC3C(C)(C)CC4(C)CCC1(O)C324,0.711524456512877,binned_cosine_1Da,98,False,predicted_spectrum,5745
CASMI2022,massformer,completed,23,23,55,CASMI_MOL_1196811,CASMI_MOL_114367,114367,CCC(=O)C1CC2(C)CCC3C(C)(C)CC4(C)CCC1(O)C324,0.711524456512877,binned_cosine_1Da,99,False,predicted_spectrum,5745
CASMI2022,massformer,completed,23,23,55,CASMI_MOL_1196811,CASMI_MOL_114413,114413,CCC(=O)C1CC2(C)CCC3C(C)(C)CC4(C)CCC1(O)C324,0.711524456512877,binned_cosine_1Da,100,False,predicted_spectrum,5745
CASMI2022,massformer,completed,23,23,55,CASMI_MOL_1196811,CASMI_MOL_1196811,1196811,CC(=CC(=O)O)CCC1(C)C(C)CCC2(C)C(C)=CCCC21,0.6696061449485484,binned_cosine_1Da,1110,True,predicted_spectrum,5745
CASMI2022,massformer,completed,24,24,56,CASMI_MOL_1196813,CASMI_MOL_118693,118693,N#CCN1C(C(F)(F)F)=CC=Cc2ccccc21,0.4244638391792496,binned_cosine_1Da,1,False,predicted_spectrum,5015
CASMI2022,massformer,completed,24,24,56,CASMI_MOL_1196813,CASMI_MOL_122595,122595,C=C1CC(N=C=O)=CC=C1c1ccc(N=C=O)cc1,0.41881741620497726,binned_cosine_1Da,2,False,predicted_spectrum,5015
CASMI2022,massformer,completed,24,24,56,CASMI_MOL_1196813,CASMI_MOL_118381,118381,O=C1NC(=O)C2(C=CC=C3C2=Cc2ccccc23)N1,0.4000736937876688,binned_cosine_1Da,3,False,predicted_spectrum,5015
CASMI2022,massformer,completed,24,24,56,CASMI_MOL_1196813,CASMI_MOL_122739,122739,FC(F)(F)c1cccc2c1CN1C=CC=CC1=N2,0.39536645057084174,binned_cosine_1Da,4,False,predicted_spectrum,5015
CASMI2022,massformer,completed,24,24,56,CASMI_MOL_1196813,CASMI_MOL_118798,118798,C#CC(=Nc1ccccc1)c1ccccc1[N+](=O)[O-],0.3927383365821031,binned_cosine_1Da,5,False,predicted_spectrum,5015
CASMI2022,massformer,completed,24,24,56,CASMI_MOL_1196813,CASMI_MOL_122738,122738,FC(F)(F)c1cccc2c1N=C1C=CC=CN1C2,0.38836252064429055,binned_cosine_1Da,6,False,predicted_spectrum,5015
CASMI2022,massformer,completed,24,24,56,CASMI_MOL_1196813,CASMI_MOL_122927,122927,Nc1ccc2[nH]c3cc(C(F)(F)F)ccc3c2c1,0.38446036607317696,binned_cosine_1Da,7,False,predicted_spectrum,5015
CASMI2022,massformer,completed,24,24,56,CASMI_MOL_1196813,CASMI_MOL_122741,122741,FC(F)(F)c1ccc2c(c1)N=C1C=CC=CN1C2,0.3833508774456559,binned_cosine_1Da,8,False,predicted_spectrum,5015
CASMI2022,massformer,completed,24,24,56,CASMI_MOL_1196813,CASMI_MOL_122180,122180,[C-]#[N+]c1ccc(NCC(F)(F)F)c2ccccc12,0.38283689169512986,binned_cosine_1Da,9,False,predicted_spectrum,5015
CASMI2022,massformer,completed,24,24,56,CASMI_MOL_1196813,CASMI_MOL_122740,122740,FC(F)(F)c1ccc2c(c1)CN1C=CC=CC1=N2,0.3820471692269851,binned_cosine_1Da,10,False,predicted_spectrum,5015
CASMI2022,massformer,completed,24,24,56,CASMI_MOL_1196813,CASMI_MOL_118973,118973,FC(F)(F)C1C=Cc2ccc3cccnc3c2N1,0.3799923825295123,binned_cosine_1Da,11,False,predicted_spectrum,5015
CASMI2022,massformer,completed,24,24,56,CASMI_MOL_1196813,CASMI_MOL_121659,121659,N#CC1=C(C(F)(F)F)C=CN(c2ccccc2)C1,0.37935751614429863,binned_cosine_1Da,12,False,predicted_spectrum,5015
CASMI2022,massformer,completed,24,24,56,CASMI_MOL_1196813,CASMI_MOL_122929,122929,Nc1ccc2c(c1)[nH]c1cc(C(F)(F)F)ccc12,0.3770847394881314,binned_cosine_1Da,13,False,predicted_spectrum,5015
CASMI2022,massformer,completed,24,24,56,CASMI_MOL_1196813,CASMI_MOL_121587,121587,N#Cc1cccc(C(F)(F)F)c1N1C=CC=CC1,0.37653664741803633,binned_cosine_1Da,14,False,predicted_spectrum,5015
CASMI2022,massformer,completed,24,24,56,CASMI_MOL_1196813,CASMI_MOL_118520,118520,N#CC1=C(C(F)(F)F)CC(c2ccccc2)=NC1,0.37317242814065504,binned_cosine_1Da,15,False,predicted_spectrum,5015
CASMI2022,massformer,completed,24,24,56,CASMI_MOL_1196813,CASMI_MOL_120836,120836,N#CC1=C(C(F)(F)F)CC(c2ccccc2)=NC1,0.37317237387107255,binned_cosine_1Da,16,False,predicted_spectrum,5015
CASMI2022,massformer,completed,24,24,56,CASMI_MOL_1196813,CASMI_MOL_122919,122919,Nc1ccc2[nH]c3ccc(C(F)(F)F)cc3c2c1,0.3720128397646207,binned_cosine_1Da,17,False,predicted_spectrum,5015
CASMI2022,massformer,completed,24,24,56,CASMI_MOL_1196813,CASMI_MOL_122330,122330,C=C1CC=CC(c2ccccc2N=C=O)=C1N=C=O,0.37147025809299705,binned_cosine_1Da,18,False,predicted_spectrum,5015
CASMI2022,massformer,completed,24,24,56,CASMI_MOL_1196813,CASMI_MOL_122237,122237,C=C1C=CC=C(N=C=O)C1c1ccccc1N=C=O,0.37072562203616466,binned_cosine_1Da,19,False,predicted_spectrum,5015
CASMI2022,massformer,completed,24,24,56,CASMI_MOL_1196813,CASMI_MOL_122920,122920,Nc1ccc2c(c1)[nH]c1ccc(C(F)(F)F)cc12,0.3705197088596886,binned_cosine_1Da,20,False,predicted_spectrum,5015
CASMI2022,massformer,completed,24,24,56,CASMI_MOL_1196813,CASMI_MOL_118527,118527,C#CC1=NN(c2cccc(C(F)(F)F)c2)C=CC1,0.36912022392765986,binned_cosine_1Da,21,False,predicted_spectrum,5015
CASMI2022,massformer,completed,24,24,56,CASMI_MOL_1196813,CASMI_MOL_122205,122205,[C-]#[N+]c1ccc2[nH]c(C3CC3)cc2c1C(F)(F)F,0.3647600614453367,binned_cosine_1Da,22,False,predicted_spectrum,5015
CASMI2022,massformer,completed,24,24,56,CASMI_MOL_1196813,CASMI_MOL_119112,119112,Cc1cc2c(cn1)[nH]c1ccc(C(F)(F)F)cc12,0.3646277538018762,binned_cosine_1Da,23,False,predicted_spectrum,5015
CASMI2022,massformer,completed,24,24,56,CASMI_MOL_1196813,CASMI_MOL_118740,118740,Cn1cnc(Nc2nc(Cl)nc3c2CNC3)c1,0.363872440847261,binned_cosine_1Da,24,False,predicted_spectrum,5015
CASMI2022,massformer,completed,24,24,56,CASMI_MOL_1196813,CASMI_MOL_118625,118625,C=Cc1nc2ccc(C(F)(F)F)cc2nc1C=C,0.36317547894668323,binned_cosine_1Da,25,False,predicted_spectrum,5015
CASMI2022,massformer,completed,24,24,56,CASMI_MOL_1196813,CASMI_MOL_121653,121653,N#Cc1ccc2[nH]c(C3CC3)cc2c1C(F)(F)F,0.3601749836394037,binned_cosine_1Da,26,False,predicted_spectrum,5015
CASMI2022,massformer,completed,24,24,56,CASMI_MOL_1196813,CASMI_MOL_118746,118746,FC(F)(F)c1ccc(C#CC2=CCN=CC2)cn1,0.3600596401553148,binned_cosine_1Da,27,False,predicted_spectrum,5015
CASMI2022,massformer,completed,24,24,56,CASMI_MOL_1196813,CASMI_MOL_122932,122932,N#Cc1ccc(NCC(F)(F)F)c2ccccc12,0.35969387910156114,binned_cosine_1Da,28,False,predicted_spectrum,5015
CASMI2022,massformer,completed,24,24,56,CASMI_MOL_1196813,CASMI_MOL_118280,118280,O=[N+]([O-])c1ccc(C=C2C=Nc3ccccc32)cc1,0.35841359880190843,binned_cosine_1Da,29,False,predicted_spectrum,5015
CASMI2022,massformer,completed,24,24,56,CASMI_MOL_1196813,CASMI_MOL_120839,120839,O=[N+]([O-])C1=c2ccccc2=NC=c2ccccc2=C1,0.3574156985210031,binned_cosine_1Da,30,False,predicted_spectrum,5015
CASMI2022,massformer,completed,24,24,56,CASMI_MOL_1196813,CASMI_MOL_120924,120924,O=[N+]([O-])C1=c2ccccc2=NC=c2ccccc2=C1,0.3574156985210031,binned_cosine_1Da,31,False,predicted_spectrum,5015
CASMI2022,massformer,completed,24,24,56,CASMI_MOL_1196813,CASMI_MOL_121609,121609,Nc1cccc2c1[nH]c1ccc(C(F)(F)F)cc12,0.3549973580871476,binned_cosine_1Da,32,False,predicted_spectrum,5015
CASMI2022,massformer,completed,24,24,56,CASMI_MOL_1196813,CASMI_MOL_119259,119259,O=c1[nH]c2ccc(CCC[N+](=O)[O-])cc2cc1F,0.3529453789967962,binned_cosine_1Da,33,False,predicted_spectrum,5015
CASMI2022,massformer,completed,24,24,56,CASMI_MOL_1196813,CASMI_MOL_119111,119111,Cc1ccc2[nH]c3ccc(C(F)(F)F)nc3c2c1,0.3511890753169254,binned_cosine_1Da,34,False,predicted_spectrum,5015
CASMI2022,massformer,completed,24,24,56,CASMI_MOL_1196813,CASMI_MOL_120976,120976,N#Cc1c(C(F)(F)F)n2c3c(cccc13)CCC2,0.3486409693583451,binned_cosine_1Da,35,False,predicted_spectrum,5015
CASMI2022,massformer,completed,24,24,56,CASMI_MOL_1196813,CASMI_MOL_118549,118549,N#CC1C=C(c2ccccc2C(F)(F)F)CC=N1,0.34804387268502057,binned_cosine_1Da,36,False,predicted_spectrum,5015
CASMI2022,massformer,completed,24,24,56,CASMI_MOL_1196813,CASMI_MOL_118324,118324,N#CC1=CC=CN(c2ccc(C(F)(F)F)cc2)C1,0.34591914704129867,binned_cosine_1Da,37,False,predicted_spectrum,5015
CASMI2022,massformer,completed,24,24,56,CASMI_MOL_1196813,CASMI_MOL_118938,118938,O=Cc1cccc(N=C2C(=O)Nc3ccccc32)c1,0.3455434610858653,binned_cosine_1Da,38,False,predicted_spectrum,5015
CASMI2022,massformer,completed,24,24,56,CASMI_MOL_1196813,CASMI_MOL_118545,118545,N#CCN1C=CC=Cc2c1cccc2C(F)(F)F,0.34526282975556155,binned_cosine_1Da,39,False,predicted_spectrum,5015
CASMI2022,massformer,completed,24,24,56,CASMI_MOL_1196813,CASMI_MOL_120937,120937,C=C1C=CC=C(c2ccccc2N=C=O)C1N=C=O,0.34389053241568146,binned_cosine_1Da,40,False,predicted_spectrum,5015
CASMI2022,massformer,completed,24,24,56,CASMI_MOL_1196813,CASMI_MOL_118572,118572,O=[N+]([O-])c1cccc2c1=CC=c1ccccc1=CN=2,0.34363390801477145,binned_cosine_1Da,41,False,predicted_spectrum,5015
CASMI2022,massformer,completed,24,24,56,CASMI_MOL_1196813,CASMI_MOL_120925,120925,O=[N+]([O-])c1cccc2c1=CC=c1ccccc1=CN=2,0.3436338297809237,binned_cosine_1Da,42,False,predicted_spectrum,5015
CASMI2022,massformer,completed,24,24,56,CASMI_MOL_1196813,CASMI_MOL_118729,118729,O=C(O)C1CC2(CN1F)C(=O)Nc1ccccc12,0.343219684337713,binned_cosine_1Da,43,False,predicted_spectrum,5015
CASMI2022,massformer,completed,24,24,56,CASMI_MOL_1196813,CASMI_MOL_122170,122170,C=Cc1cncc(-c2ccc(C(F)(F)F)cc2)n1,0.34283590822101706,binned_cosine_1Da,44,False,predicted_spectrum,5015
CASMI2022,massformer,completed,24,24,56,CASMI_MOL_1196813,CASMI_MOL_120826,120826,N#CC1=C(C(F)(F)F)CC=NC1c1ccccc1,0.3426995236692393,binned_cosine_1Da,45,False,predicted_spectrum,5015
CASMI2022,massformer,completed,24,24,56,CASMI_MOL_1196813,CASMI_MOL_121660,121660,N#CC1=C(C(F)(F)F)CC=NC1c1ccccc1,0.34269946111937777,binned_cosine_1Da,46,False,predicted_spectrum,5015
CASMI2022,massformer,completed,24,24,56,CASMI_MOL_1196813,CASMI_MOL_118795,118795,N#Cc1ccc2cc(C(N)C(F)(F)F)ccc2c1,0.34253976641966316,binned_cosine_1Da,47,False,predicted_spectrum,5015
CASMI2022,massformer,completed,24,24,56,CASMI_MOL_1196813,CASMI_MOL_118741,118741,CC1=CCC2(C#N)C(=C=O)C=CC(=C=O)C2(C#N)C1,0.3412512463806574,binned_cosine_1Da,48,False,predicted_spectrum,5015
CASMI2022,massformer,completed,24,24,56,CASMI_MOL_1196813,CASMI_MOL_122734,122734,CNc1ncnc(Nc2ccc(Cl)cn2)c1N,0.34056746230335255,binned_cosine_1Da,49,False,predicted_spectrum,5015
CASMI2022,massformer,completed,24,24,56,CASMI_MOL_1196813,CASMI_MOL_122908,122908,Cc1c(Cl)cccc1N=C1C(=N)N(N)N=C1N,0.3399737608528559,binned_cosine_1Da,50,False,predicted_spectrum,5015
CASMI2022,massformer,completed,24,24,56,CASMI_MOL_1196813,CASMI_MOL_118794,118794,N#Cc1ccc2ccc(C(N)C(F)(F)F)cc2c1,0.33967256312967065,binned_cosine_1Da,51,False,predicted_spectrum,5015
CASMI2022,massformer,completed,24,24,56,CASMI_MOL_1196813,CASMI_MOL_119096,119096,N#CC=Cc1ccccc1-c1ccc([N+](=O)[O-])cc1,0.338750035386462,binned_cosine_1Da,52,False,predicted_spectrum,5015
CASMI2022,massformer,completed,24,24,56,CASMI_MOL_1196813,CASMI_MOL_122724,122724,O=[N+]([O-])c1cccc2cc(-c3ccccc3)cnc12,0.33753934223955995,binned_cosine_1Da,53,False,predicted_spectrum,5015
CASMI2022,massformer,completed,24,24,56,CASMI_MOL_1196813,CASMI_MOL_122151,122151,Cc1[nH]c(-c2cccc(C(F)(F)F)c2)cc1C#N,0.336683729002478,binned_cosine_1Da,54,False,predicted_spectrum,5015
CASMI2022,massformer,completed,24,24,56,CASMI_MOL_1196813,CASMI_MOL_122751,122751,O=c1ccc2cc3c(cc2[nH]1)OC=C1C=CC=CN13,0.33665813689297486,binned_cosine_1Da,55,False,predicted_spectrum,5015
CASMI2022,massformer,completed,24,24,56,CASMI_MOL_1196813,CASMI_MOL_121531,121531,NC1N=C(c2c[nH]c3ncc(Cl)cc23)NCN1,0.3363200952325337,binned_cosine_1Da,56,False,predicted_spectrum,5015
CASMI2022,massformer,completed,24,24,56,CASMI_MOL_1196813,CASMI_MOL_122773,122773,C=C(C)c1cc2cc(C#N)c(C(F)(F)F)cc2[nH]1,0.3357192086945974,binned_cosine_1Da,57,False,predicted_spectrum,5015
CASMI2022,massformer,completed,24,24,56,CASMI_MOL_1196813,CASMI_MOL_119262,119262,Cc1cnc2[nH]c3ccc(C(F)(F)F)cc3c2c1,0.33543434704309294,binned_cosine_1Da,58,False,predicted_spectrum,5015
CASMI2022,massformer,completed,24,24,56,CASMI_MOL_1196813,CASMI_MOL_123201,123201,O=C1NC(=O)C2(N1)c1ccccc1-c1ccccc12,0.3346678187557045,binned_cosine_1Da,59,False,predicted_spectrum,5015
CASMI2022,massformer,completed,24,24,56,CASMI_MOL_1196813,CASMI_MOL_118933,118933,O=C1N=c2ccc(C=Cc3ccccc3)c(O)c2=N1,0.3336055045720983,binned_cosine_1Da,60,False,predicted_spectrum,5015
CASMI2022,massformer,completed,24,24,56,CASMI_MOL_1196813,CASMI_MOL_118992,118992,C#CCNc1ccc2c3c(cccc13)C(=O)NC2=O,0.33216165984953905,binned_cosine_1Da,61,False,predicted_spectrum,5015
CASMI2022,massformer,completed,24,24,56,CASMI_MOL_1196813,CASMI_MOL_118410,118410,Nn1c2ccccc2c2ccc(C(F)(F)F)cc21,0.3321333056492709,binned_cosine_1Da,62,False,predicted_spectrum,5015
CASMI2022,massformer,completed,24,24,56,CASMI_MOL_1196813,CASMI_MOL_122733,122733,CNc1ncnc(Nc2cccnc2Cl)c1N,0.33071197290768545,binned_cosine_1Da,63,False,predicted_spectrum,5015
CASMI2022,massformer,completed,24,24,56,CASMI_MOL_1196813,CASMI_MOL_118667,118667,C#Cc1ccccc1N=Cc1cc(N=O)ccc1O,0.3299325934667578,binned_cosine_1Da,64,False,predicted_spectrum,5015
CASMI2022,massformer,completed,24,24,56,CASMI_MOL_1196813,CASMI_MOL_118272,118272,N=C1C(=O)N(c2ccccc2)C(=O)c2ccccc21,0.32989008018508825,binned_cosine_1Da,65,False,predicted_spectrum,5015
CASMI2022,massformer,completed,24,24,56,CASMI_MOL_1196813,CASMI_MOL_118782,118782,N#Cc1cccc2cc(C(N)C(F)(F)F)ccc12,0.3297977730056405,binned_cosine_1Da,66,False,predicted_spectrum,5015
CASMI2022,massformer,completed,24,24,56,CASMI_MOL_1196813,CASMI_MOL_122870,122870,CN1C(C(F)(F)F)=Nc2cccc3cccc1c23,0.32916733093576533,binned_cosine_1Da,67,False,predicted_spectrum,5015
CASMI2022,massformer,completed,24,24,56,CASMI_MOL_1196813,CASMI_MOL_118268,118268,C=Cc1ccc(C(F)(F)F)c(-c2cncnc2)c1,0.32819552322201856,binned_cosine_1Da,68,False,predicted_spectrum,5015
CASMI2022,massformer,completed,24,24,56,CASMI_MOL_1196813,CASMI_MOL_120977,120977,N#CCc1c(C(F)(F)F)n2c3c(cccc13)CC2,0.3276212549097035,binned_cosine_1Da,69,False,predicted_spectrum,5015
CASMI2022,massformer,completed,24,24,56,CASMI_MOL_1196813,CASMI_MOL_118783,118783,N#Cc1ccc2c(C(N)C(F)(F)F)cccc2c1,0.32746194739138695,binned_cosine_1Da,70,False,predicted_spectrum,5015
CASMI2022,massformer,completed,24,24,56,CASMI_MOL_1196813,CASMI_MOL_119379,119379,Nc1oncc1-c1c(F)ccc2c1OCCCO2,0.3273912286679759,binned_cosine_1Da,71,False,predicted_spectrum,5015
CASMI2022,massformer,completed,24,24,56,CASMI_MOL_1196813,CASMI_MOL_122937,122937,N#Cc1ccc2c(c1)C(O)N(c1ccccc1)C2=O,0.3272339290871299,binned_cosine_1Da,72,False,predicted_spectrum,5015
CASMI2022,massformer,completed,24,24,56,CASMI_MOL_1196813,CASMI_MOL_119376,119376,Nc1oncc1-c1cc2c(cc1F)OCCCO2,0.327114523911047,binned_cosine_1Da,73,False,predicted_spectrum,5015
CASMI2022,massformer,completed,24,24,56,CASMI_MOL_1196813,CASMI_MOL_118666,118666,C#Cc1cccc(N=Cc2cc(N=O)ccc2O)c1,0.32676998187412676,binned_cosine_1Da,74,False,predicted_spectrum,5015
CASMI2022,massformer,completed,24,24,56,CASMI_MOL_1196813,CASMI_MOL_120845,120845,Cc1nc2cc(C(F)(F)F)ccc2n2cccc12,0.3266580653630499,binned_cosine_1Da,75,False,predicted_spectrum,5015
CASMI2022,massformer,completed,24,24,56,CASMI_MOL_1196813,CASMI_MOL_118668,118668,C#Cc1cccc(N=Cc2ccc(N=O)cc2O)c1,0.3266058773770659,binned_cosine_1Da,76,False,predicted_spectrum,5015
CASMI2022,massformer,completed,24,24,56,CASMI_MOL_1196813,CASMI_MOL_122156,122156,Cc1cc(-c2ccc(C#N)cc2)c(C(F)(F)F)[nH]1,0.32628255747773793,binned_cosine_1Da,77,False,predicted_spectrum,5015
CASMI2022,massformer,completed,24,24,56,CASMI_MOL_1196813,CASMI_MOL_118245,118245,C=C1Oc2cc3[nH]ncc3cc2-c2ccc(O)cc21,0.32620232163758683,binned_cosine_1Da,78,False,predicted_spectrum,5015
CASMI2022,massformer,completed,24,24,56,CASMI_MOL_1196813,CASMI_MOL_118516,118516,N#Cc1cccc(C23C=CC=CC2C(=O)NC3=O)c1,0.3261061103233833,binned_cosine_1Da,79,False,predicted_spectrum,5015
CASMI2022,massformer,completed,24,24,56,CASMI_MOL_1196813,CASMI_MOL_118791,118791,N#Cc1cccc2ccc(C(N)C(F)(F)F)cc12,0.3257688835467768,binned_cosine_1Da,80,False,predicted_spectrum,5015
CASMI2022,massformer,completed,24,24,56,CASMI_MOL_1196813,CASMI_MOL_118512,118512,N#Cc1cccc(N2C(=O)c3ccccc3C2O)c1,0.32544731991347486,binned_cosine_1Da,81,False,predicted_spectrum,5015
CASMI2022,massformer,completed,24,24,56,CASMI_MOL_1196813,CASMI_MOL_122631,122631,O=C1c2ccccc2C2=NCc3cc(O)ccc3N12,0.32511044021567825,binned_cosine_1Da,82,False,predicted_spectrum,5015
CASMI2022,massformer,completed,24,24,56,CASMI_MOL_1196813,CASMI_MOL_118398,118398,N#CC(=Nc1ccc(C(=O)O)cc1)c1ccccc1,0.3245598940214658,binned_cosine_1Da,83,False,predicted_spectrum,5015
CASMI2022,massformer,completed,24,24,56,CASMI_MOL_1196813,CASMI_MOL_121603,121603,N#CC1=CCC(c2cc(=O)c3ccccc3o2)C=N1,0.32440523493597145,binned_cosine_1Da,84,False,predicted_spectrum,5015
CASMI2022,massformer,completed,24,24,56,CASMI_MOL_1196813,CASMI_MOL_118570,118570,FC(F)(F)C1C=CC=C2N=C3C=CC=CN3C=C21,0.3241084957931123,binned_cosine_1Da,85,False,predicted_spectrum,5015
CASMI2022,massformer,completed,24,24,56,CASMI_MOL_1196813,CASMI_MOL_118967,118967,Nc1cnc(N(N)c2ccncc2N)c(Cl)c1,0.3238979245659146,binned_cosine_1Da,86,False,predicted_spectrum,5015
CASMI2022,massformer,completed,24,24,56,CASMI_MOL_1196813,CASMI_MOL_119206,119206,Cc1nc2cccc(C(F)(F)F)c2n2cccc12,0.32333539222719504,binned_cosine_1Da,87,False,predicted_spectrum,5015
CASMI2022,massformer,completed,24,24,56,CASMI_MOL_1196813,CASMI_MOL_118513,118513,N#CCc1cc[nH]c1-c1cccc(C(F)(F)F)c1,0.3231982571706956,binned_cosine_1Da,88,False,predicted_spectrum,5015
CASMI2022,massformer,completed,24,24,56,CASMI_MOL_1196813,CASMI_MOL_120202,120202,Fc1cc(F)c(N2CCc3ccccc32)nc1F,0.32300036956099265,binned_cosine_1Da,89,False,predicted_spectrum,5015
CASMI2022,massformer,completed,24,24,56,CASMI_MOL_1196813,CASMI_MOL_119084,119084,O=c1cc(O)[nH]c2cc(N3CCCO3)c(F)cc12,0.32248510026371896,binned_cosine_1Da,90,False,predicted_spectrum,5015
CASMI2022,massformer,completed,24,24,56,CASMI_MOL_1196813,CASMI_MOL_119110,119110,O=C1NC2(CCCC2)c2ccc(F)c([N+](=O)[O-])c21,0.32243265700435053,binned_cosine_1Da,91,False,predicted_spectrum,5015
CASMI2022,massformer,completed,24,24,56,CASMI_MOL_1196813,CASMI_MOL_120828,120828,N#CC1=C(c2cc(=O)c3ccccc3o2)CCC=N1,0.3219252826361957,binned_cosine_1Da,92,False,predicted_spectrum,5015
CASMI2022,massformer,completed,24,24,56,CASMI_MOL_1196813,CASMI_MOL_121675,121675,N#CC1=C(c2cc(=O)c3ccccc3o2)CCC=N1,0.3219252826361957,binned_cosine_1Da,93,False,predicted_spectrum,5015
CASMI2022,massformer,completed,24,24,56,CASMI_MOL_1196813,CASMI_MOL_118640,118640,N=Cc1cncc(-c2cccc(C(F)(F)F)c2)c1,0.32191670442577036,binned_cosine_1Da,94,False,predicted_spectrum,5015
CASMI2022,massformer,completed,24,24,56,CASMI_MOL_1196813,CASMI_MOL_122993,122993,O=C1c2ccccc2C2=Nc3ccc(O)cc3CN12,0.32183600196012097,binned_cosine_1Da,95,False,predicted_spectrum,5015
CASMI2022,massformer,completed,24,24,56,CASMI_MOL_1196813,CASMI_MOL_118619,118619,N#Cc1ccc(-c2ccc(C(=O)C(N)=O)cc2)cc1,0.3215716893881004,binned_cosine_1Da,96,False,predicted_spectrum,5015
CASMI2022,massformer,completed,24,24,56,CASMI_MOL_1196813,CASMI_MOL_119388,119388,Nc1cc(-c2c(F)ccc3c2OCCCO3)no1,0.32128952151256585,binned_cosine_1Da,97,False,predicted_spectrum,5015
CASMI2022,massformer,completed,24,24,56,CASMI_MOL_1196813,CASMI_MOL_119375,119375,Nc1oncc1-c1cc(F)c2c(c1)OCCCO2,0.32121210426446045,binned_cosine_1Da,98,False,predicted_spectrum,5015
CASMI2022,massformer,completed,24,24,56,CASMI_MOL_1196813,CASMI_MOL_122597,122597,Cc1cc(C(F)(F)F)c2c(n1)[nH]c1ccccc12,0.32112182150152707,binned_cosine_1Da,99,False,predicted_spectrum,5015
CASMI2022,massformer,completed,24,24,56,CASMI_MOL_1196813,CASMI_MOL_119380,119380,Nc1oncc1-c1ccc2c(c1F)OCCCO2,0.3209386173360598,binned_cosine_1Da,100,False,predicted_spectrum,5015
CASMI2022,massformer,completed,24,24,56,CASMI_MOL_1196813,CASMI_MOL_1196813,1196813,COc1cc2nccc3c4ccccc4n(c1=O)c23,0.23519936623802995,binned_cosine_1Da,1001,True,predicted_spectrum,5015
CASMI2022,massformer,completed,25,25,57,CASMI_MOL_1196814,CASMI_MOL_125019,125019,CC=CC1CCN(C(=O)OC(C)(C)C)CC(O)C1,0.6674824843414632,binned_cosine_1Da,1,False,predicted_spectrum,9778
CASMI2022,massformer,completed,25,25,57,CASMI_MOL_1196814,CASMI_MOL_123342,123342,CC1CN(C(=O)OC(C)(C)C)CCC1C=CCO,0.6490705786704796,binned_cosine_1Da,2,False,predicted_spectrum,9778
CASMI2022,massformer,completed,25,25,57,CASMI_MOL_1196814,CASMI_MOL_124145,124145,CC(=CC1CCN(C(=O)OC(C)(C)C)CC1)CO,0.6474324398759392,binned_cosine_1Da,3,False,predicted_spectrum,9778
CASMI2022,massformer,completed,25,25,57,CASMI_MOL_1196814,CASMI_MOL_124637,124637,CC(=CC1CCN(C(=O)OC(C)(C)C)CC1)CO,0.6474323623379284,binned_cosine_1Da,4,False,predicted_spectrum,9778
CASMI2022,massformer,completed,25,25,57,CASMI_MOL_1196814,CASMI_MOL_126310,126310,CCC(=NCC1(O)CCC(CC)CC1)C(=O)OC,0.6467258395613031,binned_cosine_1Da,5,False,predicted_spectrum,9778
CASMI2022,massformer,completed,25,25,57,CASMI_MOL_1196814,CASMI_MOL_130909,130909,C=CC1CN(C(=O)OC(C)(C)C)CCC1CCO,0.6439062770459559,binned_cosine_1Da,6,False,predicted_spectrum,9778
CASMI2022,massformer,completed,25,25,57,CASMI_MOL_1196814,CASMI_MOL_130975,130975,CC(C)(C)OC(=O)N1CCC(C2CC2CO)CC1,0.638315022578422,binned_cosine_1Da,7,False,predicted_spectrum,9778
CASMI2022,massformer,completed,25,25,57,CASMI_MOL_1196814,CASMI_MOL_132673,132673,CC(C)(C)OC(=O)N1CCC(C2CC2CO)CC1,0.6383150050469995,binned_cosine_1Da,8,False,predicted_spectrum,9778
CASMI2022,massformer,completed,25,25,57,CASMI_MOL_1196814,CASMI_MOL_124208,124208,CC(C)(C)OC(=O)N1CCC(C2CC2CO)CC1,0.6383149997382209,binned_cosine_1Da,9,False,predicted_spectrum,9778
CASMI2022,massformer,completed,25,25,57,CASMI_MOL_1196814,CASMI_MOL_132716,132716,CC(C)(C)OC(=O)N1CCC(C2CC2CO)CC1,0.6383149997382209,binned_cosine_1Da,10,False,predicted_spectrum,9778
CASMI2022,massformer,completed,25,25,57,CASMI_MOL_1196814,CASMI_MOL_126202,126202,CC=CCC1CN(C(=O)OC(C)(C)C)CCC1O,0.6303176865599766,binned_cosine_1Da,11,False,predicted_spectrum,9778
CASMI2022,massformer,completed,25,25,57,CASMI_MOL_1196814,CASMI_MOL_123558,123558,C=CC(O)C1CCN(C(=O)OC(C)(C)C)CC1C,0.629919621318952,binned_cosine_1Da,12,False,predicted_spectrum,9778
CASMI2022,massformer,completed,25,25,57,CASMI_MOL_1196814,CASMI_MOL_124302,124302,CC=C(C=CC(C)CC(N)C(O)O)CCC(C)=O,0.629461715850475,binned_cosine_1Da,13,False,predicted_spectrum,9778
CASMI2022,massformer,completed,25,25,57,CASMI_MOL_1196814,CASMI_MOL_130974,130974,CC(C)(C)OC(=O)N1CCC(CC=CCO)CC1,0.6245074692637531,binned_cosine_1Da,14,False,predicted_spectrum,9778
CASMI2022,massformer,completed,25,25,57,CASMI_MOL_1196814,CASMI_MOL_132674,132674,CC(C)(C)OC(=O)N1CCC(CC=CCO)CC1,0.6245074692637531,binned_cosine_1Da,15,False,predicted_spectrum,9778
CASMI2022,massformer,completed,25,25,57,CASMI_MOL_1196814,CASMI_MOL_126201,126201,C=CCCC1CN(C(=O)OC(C)(C)C)CCC1O,0.6239109758143389,binned_cosine_1Da,16,False,predicted_spectrum,9778
CASMI2022,massformer,completed,25,25,57,CASMI_MOL_1196814,CASMI_MOL_124074,124074,CC(C)(C)OC(=O)N1CC2(CCCC(O)CC2)C1,0.6193705977333244,binned_cosine_1Da,17,False,predicted_spectrum,9778
CASMI2022,massformer,completed,25,25,57,CASMI_MOL_1196814,CASMI_MOL_123916,123916,CC(C)(C)OC(=O)N1CCC(C2CC(O)C2)CC1,0.618510814764925,binned_cosine_1Da,18,False,predicted_spectrum,9778
CASMI2022,massformer,completed,25,25,57,CASMI_MOL_1196814,CASMI_MOL_126203,126203,C=CC(C)C1CN(C(=O)OC(C)(C)C)CCC1O,0.6159594632274641,binned_cosine_1Da,19,False,predicted_spectrum,9778
CASMI2022,massformer,completed,25,25,57,CASMI_MOL_1196814,CASMI_MOL_124990,124990,CC=C(C)C(O)C(C)C(N)C=CC(C)C(=O)OC,0.6150187945559703,binned_cosine_1Da,20,False,predicted_spectrum,9778
CASMI2022,massformer,completed,25,25,57,CASMI_MOL_1196814,CASMI_MOL_124006,124006,C=C(C)C(O)C1CCN(C(=O)OC(C)(C)C)CC1,0.6148434400191255,binned_cosine_1Da,21,False,predicted_spectrum,9778
CASMI2022,massformer,completed,25,25,57,CASMI_MOL_1196814,CASMI_MOL_129168,129168,CCCCC(=CCCCCCCCC=O)[N+](=O)[O-],0.6145689907277009,binned_cosine_1Da,22,False,predicted_spectrum,9778
CASMI2022,massformer,completed,25,25,57,CASMI_MOL_1196814,CASMI_MOL_126205,126205,C=C(C)CC1CN(C(=O)OC(C)(C)C)CCC1O,0.6094148879604655,binned_cosine_1Da,23,False,predicted_spectrum,9778
CASMI2022,massformer,completed,25,25,57,CASMI_MOL_1196814,CASMI_MOL_129170,129170,CCCCC(C=CCCCCCCC=O)[N+](=O)[O-],0.6081100063227906,binned_cosine_1Da,24,False,predicted_spectrum,9778
CASMI2022,massformer,completed,25,25,57,CASMI_MOL_1196814,CASMI_MOL_129171,129171,CCCCC=C(CCCCCCCC=O)[N+](=O)[O-],0.6058423659394875,binned_cosine_1Da,25,False,predicted_spectrum,9778
CASMI2022,massformer,completed,25,25,57,CASMI_MOL_1196814,CASMI_MOL_129390,129390,CC1CCN(C(=O)OC(C)(C)C)CC(CC=O)C1,0.6025792034466996,binned_cosine_1Da,26,False,predicted_spectrum,9778
CASMI2022,massformer,completed,25,25,57,CASMI_MOL_1196814,CASMI_MOL_126824,126824,CC1CC(C)CC(OC(=O)COC2(C)CNC2)C1,0.600527918960765,binned_cosine_1Da,27,False,predicted_spectrum,9778
CASMI2022,massformer,completed,25,25,57,CASMI_MOL_1196814,CASMI_MOL_123949,123949,NCCOCCCC(=O)OC1CCC=CCCC1,0.5996953218435275,binned_cosine_1Da,28,False,predicted_spectrum,9778
CASMI2022,massformer,completed,25,25,57,CASMI_MOL_1196814,CASMI_MOL_129057,129057,CC(C)(C)OC(=O)N1CC2CC(CCO)CC2C1,0.5996789365564191,binned_cosine_1Da,29,False,predicted_spectrum,9778
CASMI2022,massformer,completed,25,25,57,CASMI_MOL_1196814,CASMI_MOL_128713,128713,CC(=O)C(COC1CC(C)CCC1C(C)C)=NO,0.5996133206944197,binned_cosine_1Da,30,False,predicted_spectrum,9778
CASMI2022,massformer,completed,25,25,57,CASMI_MOL_1196814,CASMI_MOL_123973,123973,CC1CC2(CCC1O)CN(C(=O)OC(C)(C)C)C2,0.596942140532219,binned_cosine_1Da,31,False,predicted_spectrum,9778
CASMI2022,massformer,completed,25,25,57,CASMI_MOL_1196814,CASMI_MOL_123288,123288,CC1CC2(CCC1O)CN(C(=O)OC(C)(C)C)C2,0.5969418940735937,binned_cosine_1Da,32,False,predicted_spectrum,9778
CASMI2022,massformer,completed,25,25,57,CASMI_MOL_1196814,CASMI_MOL_123972,123972,CC1CC2(CCC1O)CN(C(=O)OC(C)(C)C)C2,0.5969418940735937,binned_cosine_1Da,33,False,predicted_spectrum,9778
CASMI2022,massformer,completed,25,25,57,CASMI_MOL_1196814,CASMI_MOL_123974,123974,CC1CC2(CCC1O)CN(C(=O)OC(C)(C)C)C2,0.5969418719275662,binned_cosine_1Da,34,False,predicted_spectrum,9778
CASMI2022,massformer,completed,25,25,57,CASMI_MOL_1196814,CASMI_MOL_124079,124079,CC=CC1C(O)C1C(O)C(C)C(=NO)C(C)CC,0.5959461404091198,binned_cosine_1Da,35,False,predicted_spectrum,9778
CASMI2022,massformer,completed,25,25,57,CASMI_MOL_1196814,CASMI_MOL_126204,126204,CC(C)(C)OC(=O)N1CCC(O)C(CC2CC2)C1,0.5950733690484116,binned_cosine_1Da,36,False,predicted_spectrum,9778
CASMI2022,massformer,completed,25,25,57,CASMI_MOL_1196814,CASMI_MOL_123608,123608,CC(C)(C)OC(=O)N1CC(O)C(CC2CCC2)C1,0.5947969716989356,binned_cosine_1Da,37,False,predicted_spectrum,9778
CASMI2022,massformer,completed,25,25,57,CASMI_MOL_1196814,CASMI_MOL_123604,123604,CC(C)(C)OC(=O)N1CC(O)C(CC2CCC2)C1,0.5947969195733634,binned_cosine_1Da,38,False,predicted_spectrum,9778
CASMI2022,massformer,completed,25,25,57,CASMI_MOL_1196814,CASMI_MOL_123624,123624,CCC(C)(C)C1CCC(=O)CC1C(CN)C(=O)O,0.5930436311838778,binned_cosine_1Da,39,False,predicted_spectrum,9778
CASMI2022,massformer,completed,25,25,57,CASMI_MOL_1196814,CASMI_MOL_124582,124582,CON=C1CCC(C(C)(C)C)CC1COC(C)=O,0.592411880240472,binned_cosine_1Da,40,False,predicted_spectrum,9778
CASMI2022,massformer,completed,25,25,57,CASMI_MOL_1196814,CASMI_MOL_124155,124155,C=C(CO)CC1CCN(C(=O)OC(C)(C)C)CC1,0.5917779215890272,binned_cosine_1Da,41,False,predicted_spectrum,9778
CASMI2022,massformer,completed,25,25,57,CASMI_MOL_1196814,CASMI_MOL_126107,126107,CC1CC2CN(C(=O)OC(C)(C)C)CC(C1)C2O,0.5915987660473537,binned_cosine_1Da,42,False,predicted_spectrum,9778
CASMI2022,massformer,completed,25,25,57,CASMI_MOL_1196814,CASMI_MOL_129023,129023,CC(C)=CCCC(C)(C)C1NCC(CC(=O)O)O1,0.5899607245461584,binned_cosine_1Da,43,False,predicted_spectrum,9778
CASMI2022,massformer,completed,25,25,57,CASMI_MOL_1196814,CASMI_MOL_128455,128455,CCC1CCC(O)(CN=CCC(C)C(=O)O)CC1,0.5894609164345219,binned_cosine_1Da,44,False,predicted_spectrum,9778
CASMI2022,massformer,completed,25,25,57,CASMI_MOL_1196814,CASMI_MOL_126823,126823,CC1CCC(OC(=O)COC2(C)CNC2)CC1C,0.5888822804087633,binned_cosine_1Da,45,False,predicted_spectrum,9778
CASMI2022,massformer,completed,25,25,57,CASMI_MOL_1196814,CASMI_MOL_126311,126311,COC(=O)C(CN)OC1CC2CCC1(C)C2(C)C,0.5886530075820631,binned_cosine_1Da,46,False,predicted_spectrum,9778
CASMI2022,massformer,completed,25,25,57,CASMI_MOL_1196814,CASMI_MOL_123300,123300,CC1=CC(OC(=O)NC(C)(C)C)CCCCC1O,0.5882311946604964,binned_cosine_1Da,47,False,predicted_spectrum,9778
CASMI2022,massformer,completed,25,25,57,CASMI_MOL_1196814,CASMI_MOL_124382,124382,CC1CC2(CCN(C(=O)OC(C)(C)C)CC2)C1O,0.5881103691586749,binned_cosine_1Da,48,False,predicted_spectrum,9778
CASMI2022,massformer,completed,25,25,57,CASMI_MOL_1196814,CASMI_MOL_124731,124731,COCCCCOC1=CCCC(C(O)CCN)=C1,0.5853827720820757,binned_cosine_1Da,49,False,predicted_spectrum,9778
CASMI2022,massformer,completed,25,25,57,CASMI_MOL_1196814,CASMI_MOL_126722,126722,CCC(CC=NCC1(O)CCC(C)CC1)C(=O)O,0.5850505576483073,binned_cosine_1Da,50,False,predicted_spectrum,9778
CASMI2022,massformer,completed,25,25,57,CASMI_MOL_1196814,CASMI_MOL_129169,129169,CCCC=CC(CCCCCCCC=O)[N+](=O)[O-],0.5844273375785142,binned_cosine_1Da,51,False,predicted_spectrum,9778
CASMI2022,massformer,completed,25,25,57,CASMI_MOL_1196814,CASMI_MOL_132555,132555,CCC(C)C(O)C(C)C(O)C=CC=CCC(N)=O,0.584121531359461,binned_cosine_1Da,52,False,predicted_spectrum,9778
CASMI2022,massformer,completed,25,25,57,CASMI_MOL_1196814,CASMI_MOL_129046,129046,CCC(C)C(O)C(C)C(O)C=CC=CCC(N)=O,0.5841214804556114,binned_cosine_1Da,53,False,predicted_spectrum,9778
CASMI2022,massformer,completed,25,25,57,CASMI_MOL_1196814,CASMI_MOL_129058,129058,CCC(C)C(O)C(C)C(O)C=CC=CCC(N)=O,0.5841214804556114,binned_cosine_1Da,54,False,predicted_spectrum,9778
CASMI2022,massformer,completed,25,25,57,CASMI_MOL_1196814,CASMI_MOL_129375,129375,CC(C)(C)OC(=O)N1CC(C(CCO)C2CC2)C1,0.5836054513929455,binned_cosine_1Da,55,False,predicted_spectrum,9778
CASMI2022,massformer,completed,25,25,57,CASMI_MOL_1196814,CASMI_MOL_123248,123248,CC(C)(C)OC(=O)N1CC(CO)C(C2CCC2)C1,0.5820358642658879,binned_cosine_1Da,56,False,predicted_spectrum,9778
CASMI2022,massformer,completed,25,25,57,CASMI_MOL_1196814,CASMI_MOL_129288,129288,C=CC(CCC)CC[N+]([O-])=CCCCOC(C)=O,0.5814886589110032,binned_cosine_1Da,57,False,predicted_spectrum,9778
CASMI2022,massformer,completed,25,25,57,CASMI_MOL_1196814,CASMI_MOL_123490,123490,CC(C=O)C1CCN(C(=O)OC(C)(C)C)CC1C,0.5810046689412037,binned_cosine_1Da,58,False,predicted_spectrum,9778
CASMI2022,massformer,completed,25,25,57,CASMI_MOL_1196814,CASMI_MOL_130063,130063,CC1(C)C2CCC1(C)C(OC(=O)COCCN)C2,0.5806766803514067,binned_cosine_1Da,59,False,predicted_spectrum,9778
CASMI2022,massformer,completed,25,25,57,CASMI_MOL_1196814,CASMI_MOL_123249,123249,CC(C)(C)OC(=O)N1CCCC2C(CO)CC2C1,0.5806448772431216,binned_cosine_1Da,60,False,predicted_spectrum,9778
CASMI2022,massformer,completed,25,25,57,CASMI_MOL_1196814,CASMI_MOL_125609,125609,CC(C)(C)OC(=O)N1CC2(CCC(CO)CC2)C1,0.5804906083904136,binned_cosine_1Da,61,False,predicted_spectrum,9778
CASMI2022,massformer,completed,25,25,57,CASMI_MOL_1196814,CASMI_MOL_128898,128898,CC(C)(C)OC(=O)N1CCC2(CCCC2O)CC1,0.5801699892640763,binned_cosine_1Da,62,False,predicted_spectrum,9778
CASMI2022,massformer,completed,25,25,57,CASMI_MOL_1196814,CASMI_MOL_130808,130808,CC(C)(C)OC(=O)N1CCC2(CCCC2O)CC1,0.5801699892640763,binned_cosine_1Da,63,False,predicted_spectrum,9778
CASMI2022,massformer,completed,25,25,57,CASMI_MOL_1196814,CASMI_MOL_128897,128897,CC(C)(C)OC(=O)N1CCC2(CCCC2O)CC1,0.5801699819145943,binned_cosine_1Da,64,False,predicted_spectrum,9778
CASMI2022,massformer,completed,25,25,57,CASMI_MOL_1196814,CASMI_MOL_130986,130986,CC1CC2CN(C(=O)OC(C)(C)C)C(CO)C2C1,0.57996590350059,binned_cosine_1Da,65,False,predicted_spectrum,9778
CASMI2022,massformer,completed,25,25,57,CASMI_MOL_1196814,CASMI_MOL_130202,130202,CC1CCC(OC(=O)C2CCC(CN)O2)CC1C,0.5796198403156149,binned_cosine_1Da,66,False,predicted_spectrum,9778
CASMI2022,massformer,completed,25,25,57,CASMI_MOL_1196814,CASMI_MOL_124265,124265,COC1CCC2C(C1)OC1C(N)C(OC)CCC21,0.5794017651786909,binned_cosine_1Da,67,False,predicted_spectrum,9778
CASMI2022,massformer,completed,25,25,57,CASMI_MOL_1196814,CASMI_MOL_127949,127949,COC(CN)C(=O)OC1CC2CCC1(C)C2(C)C,0.5790665073489536,binned_cosine_1Da,68,False,predicted_spectrum,9778
CASMI2022,massformer,completed,25,25,57,CASMI_MOL_1196814,CASMI_MOL_124714,124714,CC(C)(C)OC(=O)N1CCC2(C)CC(O)CCC12,0.5781684043890198,binned_cosine_1Da,69,False,predicted_spectrum,9778
CASMI2022,massformer,completed,25,25,57,CASMI_MOL_1196814,CASMI_MOL_130817,130817,CC(C)(C)OC(=O)N1CCC2(C)CC(O)CCC12,0.5781683682179459,binned_cosine_1Da,70,False,predicted_spectrum,9778
CASMI2022,massformer,completed,25,25,57,CASMI_MOL_1196814,CASMI_MOL_128448,128448,CCC(CC=NCC1(O)CCCC(C)C1)C(=O)O,0.5764829058829585,binned_cosine_1Da,71,False,predicted_spectrum,9778
CASMI2022,massformer,completed,25,25,57,CASMI_MOL_1196814,CASMI_MOL_123924,123924,COC1CCC(CC2CCC([N+](=O)[O-])CC2)CC1,0.576270040277917,binned_cosine_1Da,72,False,predicted_spectrum,9778
CASMI2022,massformer,completed,25,25,57,CASMI_MOL_1196814,CASMI_MOL_131814,131814,CCC1(C(=O)OC2CCCC(OC)C2)CCNC1,0.5760038450201979,binned_cosine_1Da,73,False,predicted_spectrum,9778
CASMI2022,massformer,completed,25,25,57,CASMI_MOL_1196814,CASMI_MOL_124133,124133,C=CCC1(C)CCCN(C(=O)OC(C)(C)C)C1O,0.5748315889315434,binned_cosine_1Da,74,False,predicted_spectrum,9778
CASMI2022,massformer,completed,25,25,57,CASMI_MOL_1196814,CASMI_MOL_123566,123566,CC(=O)CC1CCN(C(=O)OC(C)(C)C)CC1C,0.5746069287304667,binned_cosine_1Da,75,False,predicted_spectrum,9778
CASMI2022,massformer,completed,25,25,57,CASMI_MOL_1196814,CASMI_MOL_130564,130564,COC(CC(C)(O)C1(C#N)CCC(C)CC1)OC,0.5744204045161967,binned_cosine_1Da,76,False,predicted_spectrum,9778
CASMI2022,massformer,completed,25,25,57,CASMI_MOL_1196814,CASMI_MOL_130062,130062,CC1(C)C2CCC1(C)C(OC(CCN)C(=O)O)C2,0.5733237691070747,binned_cosine_1Da,77,False,predicted_spectrum,9778
CASMI2022,massformer,completed,25,25,57,CASMI_MOL_1196814,CASMI_MOL_128755,128755,CC=C(C)C(=O)NCC1(O)CC(OCC)C1(C)C,0.5731182001650635,binned_cosine_1Da,78,False,predicted_spectrum,9778
CASMI2022,massformer,completed,25,25,57,CASMI_MOL_1196814,CASMI_MOL_124775,124775,CC=C(C)C(=O)NCC1(O)CC(OCC)C1(C)C,0.5731181721567147,binned_cosine_1Da,79,False,predicted_spectrum,9778
CASMI2022,massformer,completed,25,25,57,CASMI_MOL_1196814,CASMI_MOL_124829,124829,CC=C(C)C(=O)NCC1(O)CC(OCC)C1(C)C,0.5731181721567147,binned_cosine_1Da,80,False,predicted_spectrum,9778
CASMI2022,massformer,completed,25,25,57,CASMI_MOL_1196814,CASMI_MOL_125283,125283,CC=C(C)C(=O)NCC1(O)CC(OCC)C1(C)C,0.5731181721567147,binned_cosine_1Da,81,False,predicted_spectrum,9778
CASMI2022,massformer,completed,25,25,57,CASMI_MOL_1196814,CASMI_MOL_128754,128754,CC=C(C)C(=O)NCC1(O)CC(OCC)C1(C)C,0.5731181721567147,binned_cosine_1Da,82,False,predicted_spectrum,9778
CASMI2022,massformer,completed,25,25,57,CASMI_MOL_1196814,CASMI_MOL_124774,124774,CC=C(C)C(=O)NCC1(O)CC(OCC)C1(C)C,0.5731181243432336,binned_cosine_1Da,83,False,predicted_spectrum,9778
CASMI2022,massformer,completed,25,25,57,CASMI_MOL_1196814,CASMI_MOL_128753,128753,CC=C(C)C(=O)NCC1(O)CC(OCC)C1(C)C,0.5731181243432336,binned_cosine_1Da,84,False,predicted_spectrum,9778
CASMI2022,massformer,completed,25,25,57,CASMI_MOL_1196814,CASMI_MOL_128756,128756,CC=C(C)C(=O)NCC1(O)CC(OCC)C1(C)C,0.5731181243432336,binned_cosine_1Da,85,False,predicted_spectrum,9778
CASMI2022,massformer,completed,25,25,57,CASMI_MOL_1196814,CASMI_MOL_123489,123489,CC1CN(C(=O)OC(C)(C)C)CCC1CCC=O,0.572798299709777,binned_cosine_1Da,86,False,predicted_spectrum,9778
CASMI2022,massformer,completed,25,25,57,CASMI_MOL_1196814,CASMI_MOL_130871,130871,CCCCCCC(C(=O)CN)C1(C(=O)O)CC1C,0.5727472507632113,binned_cosine_1Da,87,False,predicted_spectrum,9778
CASMI2022,massformer,completed,25,25,57,CASMI_MOL_1196814,CASMI_MOL_123896,123896,CC(C)(C)OC(=O)N1CCC2CC(CO)CC2C1,0.5723403618826002,binned_cosine_1Da,88,False,predicted_spectrum,9778
CASMI2022,massformer,completed,25,25,57,CASMI_MOL_1196814,CASMI_MOL_127877,127877,COC(=O)C(CN)(CC1CCC(C)(C)O1)C1CC1,0.5707980386710011,binned_cosine_1Da,89,False,predicted_spectrum,9778
CASMI2022,massformer,completed,25,25,57,CASMI_MOL_1196814,CASMI_MOL_130393,130393,COC(=O)C1(N)CCC(OC2CCCC(C)C2)C1,0.5695935336620191,binned_cosine_1Da,90,False,predicted_spectrum,9778
CASMI2022,massformer,completed,25,25,57,CASMI_MOL_1196814,CASMI_MOL_130840,130840,COCC(N)C(=O)OC1C2(C)CCC(C2)C1(C)C,0.5690027750124611,binned_cosine_1Da,91,False,predicted_spectrum,9778
CASMI2022,massformer,completed,25,25,57,CASMI_MOL_1196814,CASMI_MOL_126878,126878,CC1(C)CC(OC2CCC(=NO)CC2)C(C)(C)O1,0.5685311475832481,binned_cosine_1Da,92,False,predicted_spectrum,9778
CASMI2022,massformer,completed,25,25,57,CASMI_MOL_1196814,CASMI_MOL_123932,123932,CC(C)(C)OC(=O)N1CCC=CCC(CO)CC1,0.5684180134559,binned_cosine_1Da,93,False,predicted_spectrum,9778
CASMI2022,massformer,completed,25,25,57,CASMI_MOL_1196814,CASMI_MOL_124049,124049,CC(=O)C(N)C(O)C1CCCC1C(=O)C(C)(C)C,0.5683701810234736,binned_cosine_1Da,94,False,predicted_spectrum,9778
CASMI2022,massformer,completed,25,25,57,CASMI_MOL_1196814,CASMI_MOL_124434,124434,CCC1(C(O)CC=CC(N)CCC(=O)O)CCC1,0.5676068959750494,binned_cosine_1Da,95,False,predicted_spectrum,9778
CASMI2022,massformer,completed,25,25,57,CASMI_MOL_1196814,CASMI_MOL_124456,124456,CCC(O)C(O)CC=CCC=CCCCC(N)=O,0.5675632148775119,binned_cosine_1Da,96,False,predicted_spectrum,9778
CASMI2022,massformer,completed,25,25,57,CASMI_MOL_1196814,CASMI_MOL_123992,123992,CCC(O)C(O)CC=CCC=CCCCC(N)=O,0.5675632079753908,binned_cosine_1Da,97,False,predicted_spectrum,9778
CASMI2022,massformer,completed,25,25,57,CASMI_MOL_1196814,CASMI_MOL_1196814,1196814,CCC(O)C(O)CC=CCC=CCCCC(N)=O,0.5675631228740549,binned_cosine_1Da,98,True,predicted_spectrum,9778
CASMI2022,massformer,completed,25,25,57,CASMI_MOL_1196814,CASMI_MOL_129090,129090,C=CCCCC(CC)C(C)OC(C)=NCC(=O)O,0.567485976044287,binned_cosine_1Da,99,False,predicted_spectrum,9778
CASMI2022,massformer,completed,25,25,57,CASMI_MOL_1196814,CASMI_MOL_132721,132721,CCCCC1CC(=NOC)CCC1C(=O)OCC,0.5674700889114307,binned_cosine_1Da,100,False,predicted_spectrum,9778
CASMI2022,massformer,completed,26,26,63,CASMI_MOL_1196815,CASMI_MOL_134463,134463,CCOC(=O)C(C#N)=CC(=NNC(N)=O)c1ccccc1,0.41036414341162886,binned_cosine_1Da,1,False,predicted_spectrum,8521
CASMI2022,massformer,completed,26,26,63,CASMI_MOL_1196815,CASMI_MOL_141314,141314,CP1CCCC1P(c1ccccc1)c1ccccc1,0.37063427291414036,binned_cosine_1Da,2,False,predicted_spectrum,8521
CASMI2022,massformer,completed,26,26,63,CASMI_MOL_1196815,CASMI_MOL_133496,133496,CP1CCCC1P(c1ccccc1)c1ccccc1,0.37063427206777605,binned_cosine_1Da,3,False,predicted_spectrum,8521
CASMI2022,massformer,completed,26,26,63,CASMI_MOL_1196815,CASMI_MOL_138501,138501,CP1CCCC1P(c1ccccc1)c1ccccc1,0.37063427206777605,binned_cosine_1Da,4,False,predicted_spectrum,8521
CASMI2022,massformer,completed,26,26,63,CASMI_MOL_1196815,CASMI_MOL_133888,133888,OCc1ccccc1C1(O)OC(CO)C(O)C(O)C1O,0.34048262390168227,binned_cosine_1Da,5,False,predicted_spectrum,8521
CASMI2022,massformer,completed,26,26,63,CASMI_MOL_1196815,CASMI_MOL_139923,139923,OCc1ccccc1C1(O)C(O)OC(CO)C(O)C1O,0.33730785909571814,binned_cosine_1Da,6,False,predicted_spectrum,8521
CASMI2022,massformer,completed,26,26,63,CASMI_MOL_1196815,CASMI_MOL_138487,138487,COC1OC(Oc2ccccc2CO)C(O)C(O)C1O,0.32910284264700496,binned_cosine_1Da,7,False,predicted_spectrum,8521
CASMI2022,massformer,completed,26,26,63,CASMI_MOL_1196815,CASMI_MOL_139948,139948,COC1OC(Oc2ccccc2CO)C(O)C(O)C1O,0.32910284264700496,binned_cosine_1Da,8,False,predicted_spectrum,8521
CASMI2022,massformer,completed,26,26,63,CASMI_MOL_1196815,CASMI_MOL_133919,133919,OCc1ccc(C2(O)OC(CO)C(O)C(O)C2O)cc1,0.30590725447144035,binned_cosine_1Da,9,False,predicted_spectrum,8521
CASMI2022,massformer,completed,26,26,63,CASMI_MOL_1196815,CASMI_MOL_133828,133828,OCC1OC(OC(O)c2ccccc2)C(O)C(O)C1O,0.3024343149615072,binned_cosine_1Da,10,False,predicted_spectrum,8521
CASMI2022,massformer,completed,26,26,63,CASMI_MOL_1196815,CASMI_MOL_141396,141396,OCC1OC(OC(O)c2ccccc2)C(O)C(O)C1O,0.3024343149615072,binned_cosine_1Da,11,False,predicted_spectrum,8521
CASMI2022,massformer,completed,26,26,63,CASMI_MOL_1196815,CASMI_MOL_139922,139922,OCc1ccc(C2(O)C(O)OC(CO)C(O)C2O)cc1,0.30180650692624156,binned_cosine_1Da,12,False,predicted_spectrum,8521
CASMI2022,massformer,completed,26,26,63,CASMI_MOL_1196815,CASMI_MOL_133483,133483,OCc1ccccc1OC1OC(CO)C(O)C(O)C1O,0.301715414489423,binned_cosine_1Da,13,False,predicted_spectrum,8521
CASMI2022,massformer,completed,26,26,63,CASMI_MOL_1196815,CASMI_MOL_133642,133642,OCc1ccccc1OC1OC(CO)C(O)C(O)C1O,0.301715414489423,binned_cosine_1Da,14,False,predicted_spectrum,8521
CASMI2022,massformer,completed,26,26,63,CASMI_MOL_1196815,CASMI_MOL_139747,139747,OCc1ccccc1OC1OC(CO)C(O)C(O)C1O,0.301715414489423,binned_cosine_1Da,15,False,predicted_spectrum,8521
CASMI2022,massformer,completed,26,26,63,CASMI_MOL_1196815,CASMI_MOL_139871,139871,OCc1ccccc1OC1OC(CO)C(O)C(O)C1O,0.301715414489423,binned_cosine_1Da,16,False,predicted_spectrum,8521
CASMI2022,massformer,completed,26,26,63,CASMI_MOL_1196815,CASMI_MOL_139888,139888,OCc1ccccc1OC1OC(CO)C(O)C(O)C1O,0.301715414489423,binned_cosine_1Da,17,False,predicted_spectrum,8521
CASMI2022,massformer,completed,26,26,63,CASMI_MOL_1196815,CASMI_MOL_139889,139889,OCc1ccccc1OC1OC(CO)C(O)C(O)C1O,0.301715414489423,binned_cosine_1Da,18,False,predicted_spectrum,8521
CASMI2022,massformer,completed,26,26,63,CASMI_MOL_1196815,CASMI_MOL_141340,141340,OCc1ccccc1OC1OC(CO)C(O)C(O)C1O,0.301715414489423,binned_cosine_1Da,19,False,predicted_spectrum,8521
CASMI2022,massformer,completed,26,26,63,CASMI_MOL_1196815,CASMI_MOL_138586,138586,OCc1ccccc1OC1C(O)OC(CO)C(O)C1O,0.29728146404197814,binned_cosine_1Da,20,False,predicted_spectrum,8521
CASMI2022,massformer,completed,26,26,63,CASMI_MOL_1196815,CASMI_MOL_135214,135214,OCc1ccccc1OC1C(CO)OC(O)C(O)C1O,0.2969386092665671,binned_cosine_1Da,21,False,predicted_spectrum,8521
CASMI2022,massformer,completed,26,26,63,CASMI_MOL_1196815,CASMI_MOL_133678,133678,OCOC1(c2ccccc2)OC(CO)C(O)C(O)C1O,0.29505997508084875,binned_cosine_1Da,22,False,predicted_spectrum,8521
CASMI2022,massformer,completed,26,26,63,CASMI_MOL_1196815,CASMI_MOL_134815,134815,OCc1ccc(OC2OC(CO)C(O)C(O)C2O)cc1,0.27918763498840526,binned_cosine_1Da,23,False,predicted_spectrum,8521
CASMI2022,massformer,completed,26,26,63,CASMI_MOL_1196815,CASMI_MOL_138389,138389,OCc1ccc(OC2OC(CO)C(O)C(O)C2O)cc1,0.27918763498840526,binned_cosine_1Da,24,False,predicted_spectrum,8521
CASMI2022,massformer,completed,26,26,63,CASMI_MOL_1196815,CASMI_MOL_133013,133013,OCc1ccc(OC2OC(CO)C(O)C(O)C2O)cc1,0.2791876240162107,binned_cosine_1Da,25,False,predicted_spectrum,8521
CASMI2022,massformer,completed,26,26,63,CASMI_MOL_1196815,CASMI_MOL_133441,133441,OCc1ccc(OC2OC(CO)C(O)C(O)C2O)cc1,0.2791876240162107,binned_cosine_1Da,26,False,predicted_spectrum,8521
CASMI2022,massformer,completed,26,26,63,CASMI_MOL_1196815,CASMI_MOL_133643,133643,OCc1ccc(OC2OC(CO)C(O)C(O)C2O)cc1,0.2791876240162107,binned_cosine_1Da,27,False,predicted_spectrum,8521
CASMI2022,massformer,completed,26,26,63,CASMI_MOL_1196815,CASMI_MOL_133841,133841,OCc1ccc(OC2OC(CO)C(O)C(O)C2O)cc1,0.2791876240162107,binned_cosine_1Da,28,False,predicted_spectrum,8521
CASMI2022,massformer,completed,26,26,63,CASMI_MOL_1196815,CASMI_MOL_134472,134472,OCc1ccc(OC2OC(CO)C(O)C(O)C2O)cc1,0.2791876240162107,binned_cosine_1Da,29,False,predicted_spectrum,8521
CASMI2022,massformer,completed,26,26,63,CASMI_MOL_1196815,CASMI_MOL_134685,134685,OCc1ccc(OC2OC(CO)C(O)C(O)C2O)cc1,0.2791876240162107,binned_cosine_1Da,30,False,predicted_spectrum,8521
CASMI2022,massformer,completed,26,26,63,CASMI_MOL_1196815,CASMI_MOL_134736,134736,OCc1ccc(OC2OC(CO)C(O)C(O)C2O)cc1,0.2791876240162107,binned_cosine_1Da,31,False,predicted_spectrum,8521
CASMI2022,massformer,completed,26,26,63,CASMI_MOL_1196815,CASMI_MOL_140050,140050,OCc1ccc(OC2OC(CO)C(O)C(O)C2O)cc1,0.2791876240162107,binned_cosine_1Da,32,False,predicted_spectrum,8521
CASMI2022,massformer,completed,26,26,63,CASMI_MOL_1196815,CASMI_MOL_140051,140051,OCc1ccc(OC2C(O)OC(CO)C(O)C2O)cc1,0.2784377890590203,binned_cosine_1Da,33,False,predicted_spectrum,8521
CASMI2022,massformer,completed,26,26,63,CASMI_MOL_1196815,CASMI_MOL_138146,138146,OCC1OC(OCc2ccccc2O)C(O)C(O)C1O,0.2678654724286729,binned_cosine_1Da,34,False,predicted_spectrum,8521
CASMI2022,massformer,completed,26,26,63,CASMI_MOL_1196815,CASMI_MOL_138123,138123,OCC1OC(OCc2ccccc2O)C(O)C(O)C1O,0.2678654313497313,binned_cosine_1Da,35,False,predicted_spectrum,8521
CASMI2022,massformer,completed,26,26,63,CASMI_MOL_1196815,CASMI_MOL_138408,138408,OCC(O)C1OC(Oc2ccccc2)C(O)C(O)C1O,0.26579326145228027,binned_cosine_1Da,36,False,predicted_spectrum,8521
CASMI2022,massformer,completed,26,26,63,CASMI_MOL_1196815,CASMI_MOL_138409,138409,OCC(O)C1OC(Oc2ccccc2)C(O)C(O)C1O,0.26579326145228027,binned_cosine_1Da,37,False,predicted_spectrum,8521
CASMI2022,massformer,completed,26,26,63,CASMI_MOL_1196815,CASMI_MOL_138411,138411,OCC(O)C1OC(Oc2ccccc2)C(O)C(O)C1O,0.26579326145228027,binned_cosine_1Da,38,False,predicted_spectrum,8521
CASMI2022,massformer,completed,26,26,63,CASMI_MOL_1196815,CASMI_MOL_134650,134650,OCC(O)C1OC(Oc2ccccc2)C(O)C(O)C1O,0.26579324979864266,binned_cosine_1Da,39,False,predicted_spectrum,8521
CASMI2022,massformer,completed,26,26,63,CASMI_MOL_1196815,CASMI_MOL_138410,138410,OCC(O)C1OC(Oc2ccccc2)C(O)C(O)C1O,0.26579324979864266,binned_cosine_1Da,40,False,predicted_spectrum,8521
CASMI2022,massformer,completed,26,26,63,CASMI_MOL_1196815,CASMI_MOL_140044,140044,COc1ccccc1OC1OC(OC)C(O)C(O)C1O,0.2655523424975323,binned_cosine_1Da,41,False,predicted_spectrum,8521
CASMI2022,massformer,completed,26,26,63,CASMI_MOL_1196815,CASMI_MOL_138121,138121,OCC1OC(OCc2ccc(O)cc2)C(O)C(O)C1O,0.26323065368690163,binned_cosine_1Da,42,False,predicted_spectrum,8521
CASMI2022,massformer,completed,26,26,63,CASMI_MOL_1196815,CASMI_MOL_139734,139734,OCC1OC(OCc2ccc(O)cc2)C(O)C(O)C1O,0.26323065368690163,binned_cosine_1Da,43,False,predicted_spectrum,8521
CASMI2022,massformer,completed,26,26,63,CASMI_MOL_1196815,CASMI_MOL_140052,140052,OCC1OC(Oc2ccccc2)C(O)(CO)C(O)C1O,0.2619209628667808,binned_cosine_1Da,44,False,predicted_spectrum,8521
CASMI2022,massformer,completed,26,26,63,CASMI_MOL_1196815,CASMI_MOL_138585,138585,OCC1OC(Oc2ccccc2)C(O)(CO)C(O)C1O,0.2619209445702143,binned_cosine_1Da,45,False,predicted_spectrum,8521
CASMI2022,massformer,completed,26,26,63,CASMI_MOL_1196815,CASMI_MOL_140053,140053,OCc1cccc(OC2OC(CO)C(O)C(O)C2O)c1,0.2583136439605208,binned_cosine_1Da,46,False,predicted_spectrum,8521
CASMI2022,massformer,completed,26,26,63,CASMI_MOL_1196815,CASMI_MOL_140054,140054,OCc1cccc(OC2OC(CO)C(O)C(O)C2O)c1,0.2583136439605208,binned_cosine_1Da,47,False,predicted_spectrum,8521
CASMI2022,massformer,completed,26,26,63,CASMI_MOL_1196815,CASMI_MOL_133834,133834,OCC1OC(O)(OCc2ccccc2)C(O)C(O)C1O,0.2544442532594338,binned_cosine_1Da,48,False,predicted_spectrum,8521
CASMI2022,massformer,completed,26,26,63,CASMI_MOL_1196815,CASMI_MOL_136937,136937,Cc1cc(C(=O)O)ccc1NC(=O)NCc1cccnn1,0.2538372099075505,binned_cosine_1Da,49,False,predicted_spectrum,8521
CASMI2022,massformer,completed,26,26,63,CASMI_MOL_1196815,CASMI_MOL_134450,134450,OCC1OC(OOCc2ccccc2)C(O)C(O)C1O,0.2529410655083273,binned_cosine_1Da,50,False,predicted_spectrum,8521
CASMI2022,massformer,completed,26,26,63,CASMI_MOL_1196815,CASMI_MOL_133912,133912,OCC1OC(O)(O)C(O)(Cc2ccccc2)C(O)C1O,0.25253775403319206,binned_cosine_1Da,51,False,predicted_spectrum,8521
CASMI2022,massformer,completed,26,26,63,CASMI_MOL_1196815,CASMI_MOL_140055,140055,OCc1cccc(OC2C(O)OC(CO)C(O)C2O)c1,0.2525311419738391,binned_cosine_1Da,52,False,predicted_spectrum,8521
CASMI2022,massformer,completed,26,26,63,CASMI_MOL_1196815,CASMI_MOL_139972,139972,CN(C(=O)NCc1ccncc1)c1ccc([N+](=O)[O-])cc1,0.2515267365813029,binned_cosine_1Da,53,False,predicted_spectrum,8521
CASMI2022,massformer,completed,26,26,63,CASMI_MOL_1196815,CASMI_MOL_133360,133360,O=C(OCC(O)C(O)C(O)C(O)CO)c1ccccc1,0.24997799840455975,binned_cosine_1Da,54,False,predicted_spectrum,8521
CASMI2022,massformer,completed,26,26,63,CASMI_MOL_1196815,CASMI_MOL_133948,133948,O=C(OCC(O)C(O)C(O)C(O)CO)c1ccccc1,0.24997799840455975,binned_cosine_1Da,55,False,predicted_spectrum,8521
CASMI2022,massformer,completed,26,26,63,CASMI_MOL_1196815,CASMI_MOL_133381,133381,COc1ccccc1OC1OC(CO)C(O)C(O)C1O,0.2491006173495347,binned_cosine_1Da,56,False,predicted_spectrum,8521
CASMI2022,massformer,completed,26,26,63,CASMI_MOL_1196815,CASMI_MOL_133891,133891,COc1ccccc1OC1OC(CO)C(O)C(O)C1O,0.2491006173495347,binned_cosine_1Da,57,False,predicted_spectrum,8521
CASMI2022,massformer,completed,26,26,63,CASMI_MOL_1196815,CASMI_MOL_134811,134811,COc1ccccc1OC1OC(CO)C(O)C(O)C1O,0.2491006173495347,binned_cosine_1Da,58,False,predicted_spectrum,8521
CASMI2022,massformer,completed,26,26,63,CASMI_MOL_1196815,CASMI_MOL_138555,138555,COc1ccccc1OC1OC(CO)C(O)C(O)C1O,0.2491006173495347,binned_cosine_1Da,59,False,predicted_spectrum,8521
CASMI2022,massformer,completed,26,26,63,CASMI_MOL_1196815,CASMI_MOL_139925,139925,COc1ccccc1OC1OC(CO)C(O)C(O)C1O,0.2491006173495347,binned_cosine_1Da,60,False,predicted_spectrum,8521
CASMI2022,massformer,completed,26,26,63,CASMI_MOL_1196815,CASMI_MOL_133869,133869,OCC1OC(O)(c2ccccc2)C(O)(CO)C(O)C1O,0.24816222356355905,binned_cosine_1Da,61,False,predicted_spectrum,8521
CASMI2022,massformer,completed,26,26,63,CASMI_MOL_1196815,CASMI_MOL_139175,139175,CN(C(=O)NCc1ccc(C(=O)O)nc1)c1cccnc1,0.24684901951766303,binned_cosine_1Da,62,False,predicted_spectrum,8521
CASMI2022,massformer,completed,26,26,63,CASMI_MOL_1196815,CASMI_MOL_136930,136930,Cc1ccc(C(=O)O)cc1NC(=O)NCc1cccnn1,0.246247496291753,binned_cosine_1Da,63,False,predicted_spectrum,8521
CASMI2022,massformer,completed,26,26,63,CASMI_MOL_1196815,CASMI_MOL_133542,133542,CCCN(CCC)S(=O)(=O)c1ccc(C(=O)O)cc1,0.24524736520500817,binned_cosine_1Da,64,False,predicted_spectrum,8521
CASMI2022,massformer,completed,26,26,63,CASMI_MOL_1196815,CASMI_MOL_136307,136307,CCOc1ccc(C=NNc2ccccn2)cc1[N+](=O)[O-],0.24467669933409436,binned_cosine_1Da,65,False,predicted_spectrum,8521
CASMI2022,massformer,completed,26,26,63,CASMI_MOL_1196815,CASMI_MOL_133922,133922,OC1OC(C(O)OCc2ccccc2)C(O)C(O)C1O,0.24289292282960234,binned_cosine_1Da,66,False,predicted_spectrum,8521
CASMI2022,massformer,completed,26,26,63,CASMI_MOL_1196815,CASMI_MOL_133923,133923,OC1OC(C(O)OCc2ccccc2)C(O)C(O)C1O,0.2428929151073463,binned_cosine_1Da,67,False,predicted_spectrum,8521
CASMI2022,massformer,completed,26,26,63,CASMI_MOL_1196815,CASMI_MOL_140751,140751,CN(Cc1ccncc1)C(=O)c1ccc([N+](=O)[O-])c(N)c1,0.2425386763280722,binned_cosine_1Da,68,False,predicted_spectrum,8521
CASMI2022,massformer,completed,26,26,63,CASMI_MOL_1196815,CASMI_MOL_141368,141368,O=C(OC(CO)C(O)C(O)C(O)CO)c1ccccc1,0.24123370231004912,binned_cosine_1Da,69,False,predicted_spectrum,8521
CASMI2022,massformer,completed,26,26,63,CASMI_MOL_1196815,CASMI_MOL_140613,140613,O=C(NCCc1cccnc1)Nc1cncc(C(=O)O)c1,0.24097793346706406,binned_cosine_1Da,70,False,predicted_spectrum,8521
CASMI2022,massformer,completed,26,26,63,CASMI_MOL_1196815,CASMI_MOL_139041,139041,O=C(NCCc1cccnc1)Nc1ccc(C(=O)O)nc1,0.23974935461979496,binned_cosine_1Da,71,False,predicted_spectrum,8521
CASMI2022,massformer,completed,26,26,63,CASMI_MOL_1196815,CASMI_MOL_139781,139781,NC(=O)c1ccc(C(=O)OCCNc2ncccn2)cc1,0.2396278378765794,binned_cosine_1Da,72,False,predicted_spectrum,8521
CASMI2022,massformer,completed,26,26,63,CASMI_MOL_1196815,CASMI_MOL_135471,135471,CN(Cc1ccncc1)C(=O)c1cccc([N+](=O)[O-])c1N,0.2394038241349137,binned_cosine_1Da,73,False,predicted_spectrum,8521
CASMI2022,massformer,completed,26,26,63,CASMI_MOL_1196815,CASMI_MOL_138641,138641,O=CC(OOCc1ccccc1)C(O)C(O)C(O)CO,0.2382660975821371,binned_cosine_1Da,74,False,predicted_spectrum,8521
CASMI2022,massformer,completed,26,26,63,CASMI_MOL_1196815,CASMI_MOL_138624,138624,O=CC(OOCc1ccccc1)C(O)C(O)C(O)CO,0.23826607006170175,binned_cosine_1Da,75,False,predicted_spectrum,8521
CASMI2022,massformer,completed,26,26,63,CASMI_MOL_1196815,CASMI_MOL_140027,140027,O=C(OC(C(O)CO)C(O)C(O)CO)c1ccccc1,0.23699124352691764,binned_cosine_1Da,76,False,predicted_spectrum,8521
CASMI2022,massformer,completed,26,26,63,CASMI_MOL_1196815,CASMI_MOL_135831,135831,CN(C(=O)NCc1cc(C(=O)O)ccn1)c1cccnc1,0.23690810904319737,binned_cosine_1Da,77,False,predicted_spectrum,8521
CASMI2022,massformer,completed,26,26,63,CASMI_MOL_1196815,CASMI_MOL_139173,139173,O=C(NCc1cccnc1)NCc1ccc(C(=O)O)nc1,0.2363384943117934,binned_cosine_1Da,78,False,predicted_spectrum,8521
CASMI2022,massformer,completed,26,26,63,CASMI_MOL_1196815,CASMI_MOL_133394,133394,COc1ccccc1OC1C(CO)OC(O)C(O)C1O,0.23545968245882687,binned_cosine_1Da,79,False,predicted_spectrum,8521
CASMI2022,massformer,completed,26,26,63,CASMI_MOL_1196815,CASMI_MOL_133825,133825,c1ccc(P(CP2CCCC2)c2ccccc2)cc1,0.23488512632234554,binned_cosine_1Da,80,False,predicted_spectrum,8521
CASMI2022,massformer,completed,26,26,63,CASMI_MOL_1196815,CASMI_MOL_134439,134439,C=Nc1nc(CC(=O)OC)c(O)n1N=Cc1ccccc1,0.2340578918853975,binned_cosine_1Da,81,False,predicted_spectrum,8521
CASMI2022,massformer,completed,26,26,63,CASMI_MOL_1196815,CASMI_MOL_138364,138364,Oc1cc(C(O)O)cn1Cc1ccc(-n2cncn2)cc1,0.233681818323988,binned_cosine_1Da,82,False,predicted_spectrum,8521
CASMI2022,massformer,completed,26,26,63,CASMI_MOL_1196815,CASMI_MOL_138365,138365,Oc1cc(C(O)O)cn1Cc1ccc(-n2cncn2)cc1,0.2336816870258435,binned_cosine_1Da,83,False,predicted_spectrum,8521
CASMI2022,massformer,completed,26,26,63,CASMI_MOL_1196815,CASMI_MOL_138496,138496,CCOc1ccccc1N=NNc1ccc([N+](=O)[O-])cc1,0.23339525183370693,binned_cosine_1Da,84,False,predicted_spectrum,8521
CASMI2022,massformer,completed,26,26,63,CASMI_MOL_1196815,CASMI_MOL_140909,140909,CNc1ccc(C(=O)N(C)c2ccccn2)cc1[N+](=O)[O-],0.23241739260350436,binned_cosine_1Da,85,False,predicted_spectrum,8521
CASMI2022,massformer,completed,26,26,63,CASMI_MOL_1196815,CASMI_MOL_134323,134323,CCOC(=O)C(C=Nn1cnnc1)C(=O)c1ccccc1,0.2319498063404434,binned_cosine_1Da,86,False,predicted_spectrum,8521
CASMI2022,massformer,completed,26,26,63,CASMI_MOL_1196815,CASMI_MOL_134407,134407,CCOC(=O)C(C=Nn1cnnc1)C(=O)c1ccccc1,0.2319498063404434,binned_cosine_1Da,87,False,predicted_spectrum,8521
CASMI2022,massformer,completed,26,26,63,CASMI_MOL_1196815,CASMI_MOL_134428,134428,CCOC(=O)C(C=Nn1cnnc1)C(=O)c1ccccc1,0.2319498063404434,binned_cosine_1Da,88,False,predicted_spectrum,8521
CASMI2022,massformer,completed,26,26,63,CASMI_MOL_1196815,CASMI_MOL_134343,134343,CCOC(=O)C(C=Nn1cnnc1)C(=O)c1ccccc1,0.23194980367981088,binned_cosine_1Da,89,False,predicted_spectrum,8521
CASMI2022,massformer,completed,26,26,63,CASMI_MOL_1196815,CASMI_MOL_136301,136301,COc1ccc(-c2nnc(CNc3cc(C)on3)o2)cc1,0.23119206639514336,binned_cosine_1Da,90,False,predicted_spectrum,8521
CASMI2022,massformer,completed,26,26,63,CASMI_MOL_1196815,CASMI_MOL_135550,135550,CN(Cc1ccncc1)C(=O)c1cccc(N)c1[N+](=O)[O-],0.23068648814450143,binned_cosine_1Da,91,False,predicted_spectrum,8521
CASMI2022,massformer,completed,26,26,63,CASMI_MOL_1196815,CASMI_MOL_140737,140737,CNc1cc(C(=O)N(C)c2ccccn2)ccc1[N+](=O)[O-],0.23051012287889444,binned_cosine_1Da,92,False,predicted_spectrum,8521
CASMI2022,massformer,completed,26,26,63,CASMI_MOL_1196815,CASMI_MOL_140730,140730,CN(Cc1cccnc1)C(=O)c1ccc([N+](=O)[O-])c(N)c1,0.2304836591242072,binned_cosine_1Da,93,False,predicted_spectrum,8521
CASMI2022,massformer,completed,26,26,63,CASMI_MOL_1196815,CASMI_MOL_133614,133614,COc1ccc(OC2OC(CO)C(O)C(O)C2O)cc1,0.22985812793895902,binned_cosine_1Da,94,False,predicted_spectrum,8521
CASMI2022,massformer,completed,26,26,63,CASMI_MOL_1196815,CASMI_MOL_133950,133950,COc1ccc(OC2OC(CO)C(O)C(O)C2O)cc1,0.22985812793895902,binned_cosine_1Da,95,False,predicted_spectrum,8521
CASMI2022,massformer,completed,26,26,63,CASMI_MOL_1196815,CASMI_MOL_135170,135170,COc1ccc(OC2OC(CO)C(O)C(O)C2O)cc1,0.22985812793895902,binned_cosine_1Da,96,False,predicted_spectrum,8521
CASMI2022,massformer,completed,26,26,63,CASMI_MOL_1196815,CASMI_MOL_138479,138479,COc1ccc(OC2OC(CO)C(O)C(O)C2O)cc1,0.22985812793895902,binned_cosine_1Da,97,False,predicted_spectrum,8521
CASMI2022,massformer,completed,26,26,63,CASMI_MOL_1196815,CASMI_MOL_138500,138500,COc1ccc(OC2OC(CO)C(O)C(O)C2O)cc1,0.22985812793895902,binned_cosine_1Da,98,False,predicted_spectrum,8521
CASMI2022,massformer,completed,26,26,63,CASMI_MOL_1196815,CASMI_MOL_133024,133024,COc1ccc(OC2OC(CO)C(O)C(O)C2O)cc1,0.22985808757265497,binned_cosine_1Da,99,False,predicted_spectrum,8521
CASMI2022,massformer,completed,26,26,63,CASMI_MOL_1196815,CASMI_MOL_133715,133715,COc1ccc(OC2OC(CO)C(O)C(O)C2O)cc1,0.22985808757265497,binned_cosine_1Da,100,False,predicted_spectrum,8521
CASMI2022,massformer,completed,26,26,63,CASMI_MOL_1196815,CASMI_MOL_1196815,1196815,C=c1[nH]cc(CO)c(=CNNC(=O)c2ccncc2)c1=O,0.06386308386764904,binned_cosine_1Da,4114,True,predicted_spectrum,8521
CASMI2022,massformer,completed,27,27,64,CASMI_MOL_1196816,CASMI_MOL_141703,141703,Cc1c(-c2[nH]c3sc(C4CC5CC4CN5C4CC5(C4)CS(=O)(=O)C5)c(C)c3c2C(C)C)cn2ncnc2c1C,0.363348111539724,binned_cosine_1Da,1,False,predicted_spectrum,3327
CASMI2022,massformer,completed,27,27,64,CASMI_MOL_1196816,CASMI_MOL_141704,141704,Cc1c(-c2[nH]c3sc(C4CC5CC4CN5C4CC5(C4)CS(=O)(=O)C5)c(C)c3c2C(C)C)cn2ncnc2c1C,0.363348111539724,binned_cosine_1Da,2,False,predicted_spectrum,3327
CASMI2022,massformer,completed,27,27,64,CASMI_MOL_1196816,CASMI_MOL_143952,143952,COc1ccc(-c2ccc(N(c3ccc(-c4ccc(CO)cc4)cc3)c3ccc(-c4ccc(OC)cc4)cc3)cc2)cc1,0.3577763215082168,binned_cosine_1Da,3,False,predicted_spectrum,3327
CASMI2022,massformer,completed,27,27,64,CASMI_MOL_1196816,CASMI_MOL_141699,141699,Cc1c(-c2[nH]c3sc(C4CC5CC4CC5N4CC5(C4)CS(=O)(=O)C5)c(C)c3c2C(C)C)cn2ncnc2c1C,0.3537189941436851,binned_cosine_1Da,4,False,predicted_spectrum,3327
CASMI2022,massformer,completed,27,27,64,CASMI_MOL_1196816,CASMI_MOL_141702,141702,Cc1c(-c2[nH]c3sc(C4CC5CC4CC5N4CC5(C4)CS(=O)(=O)C5)c(C)c3c2C(C)C)cn2ncnc2c1C,0.3537189941436851,binned_cosine_1Da,5,False,predicted_spectrum,3327
CASMI2022,massformer,completed,27,27,64,CASMI_MOL_1196816,CASMI_MOL_143429,143429,C#CC1(O)c2ccccc2-c2c1c(C=CC(O)(c1ccccc1)c1ccc(N3CCOCC3)cc1)c(C)c1ccccc21,0.3471455422980601,binned_cosine_1Da,6,False,predicted_spectrum,3327
CASMI2022,massformer,completed,27,27,64,CASMI_MOL_1196816,CASMI_MOL_143111,143111,Cc1cc(C)c(-c2c3nc(cc4ccc(cc5nc(c(-c6c(C)cc(C)cc6C)c6ccc2s6)C=C5)[nH]4)C=C3)c(C)c1,0.33874880013540554,binned_cosine_1Da,7,False,predicted_spectrum,3327
CASMI2022,massformer,completed,27,27,64,CASMI_MOL_1196816,CASMI_MOL_143599,143599,COc1cc(C(=O)NC2CCCN(C)C2)ccc1Nc1ncc(Cl)c(NC2CCCCC2N(C)[S+](C)[O-])n1,0.3383818017528725,binned_cosine_1Da,8,False,predicted_spectrum,3327
CASMI2022,massformer,completed,27,27,64,CASMI_MOL_1196816,CASMI_MOL_142864,142864,C=c1c(=Cc2c(O)[nH]c(=O)n(-c3ccc(C45CC6CC(CC(C6)C4)C5)cc3)c2=O)cc(C)n1-c1cccc(C(=O)O)c1,0.33776135805241103,binned_cosine_1Da,9,False,predicted_spectrum,3327
CASMI2022,massformer,completed,27,27,64,CASMI_MOL_1196816,CASMI_MOL_141696,141696,Cc1cc(C)c(-c2ccc(N(c3cc(-c4ccccc4)cc(-c4ccccc4)c3)c3ccc(C)c(Cl)c3)cc2)c(C)c1,0.33444042647286576,binned_cosine_1Da,10,False,predicted_spectrum,3327
CASMI2022,massformer,completed,27,27,64,CASMI_MOL_1196816,CASMI_MOL_142764,142764,C=c1c(=Cc2c(O)[nH]c(=O)n(-c3ccc(C45CC6CC(CC(C6)C4)C5)cc3)c2=O)cc(C)n1-c1ccccc1C(=O)O,0.33370905653809574,binned_cosine_1Da,11,False,predicted_spectrum,3327
CASMI2022,massformer,completed,27,27,64,CASMI_MOL_1196816,CASMI_MOL_141579,141579,CC(=O)c1c(C)c2cnc(Nc3cc(Cl)c4c(c3)OCC3CN(C5CNC5)CCN43)nc2n(C2CCCC2)c1=O,0.3321679873862615,binned_cosine_1Da,12,False,predicted_spectrum,3327
CASMI2022,massformer,completed,27,27,64,CASMI_MOL_1196816,CASMI_MOL_141580,141580,CC(=O)c1c(C)c2cnc(Nc3cc(Cl)c4c(c3)OCC3CN(C5CNC5)CCN43)nc2n(C2CCCC2)c1=O,0.3321679674680026,binned_cosine_1Da,13,False,predicted_spectrum,3327
CASMI2022,massformer,completed,27,27,64,CASMI_MOL_1196816,CASMI_MOL_142007,142007,O=C(CN1CNC2CCC(N3CCN(C(=O)C4CCCCC4)CC3)CC2C1=O)NCc1ccc(Cl)c(Cl)c1,0.33037562042260504,binned_cosine_1Da,14,False,predicted_spectrum,3327
CASMI2022,massformer,completed,27,27,64,CASMI_MOL_1196816,CASMI_MOL_142256,142256,CC1=Cc2cc(C3(F)CCOCC3)cc(F)c2-c2nc(ccc2F)C(=O)Nc2cnccc2C2CC(O)C(C)C1C2,0.32776053321704546,binned_cosine_1Da,15,False,predicted_spectrum,3327
CASMI2022,massformer,completed,27,27,64,CASMI_MOL_1196816,CASMI_MOL_142910,142910,CC1=Cc2cc(C3(F)CCOCC3)cc(F)c2-c2nc(ccc2F)C(=O)Nc2cnccc2C2CC(O)C(C)C1C2,0.32776053321704546,binned_cosine_1Da,16,False,predicted_spectrum,3327
CASMI2022,massformer,completed,27,27,64,CASMI_MOL_1196816,CASMI_MOL_142414,142414,O=C(O)c1cc(C(F)(F)F)c2cc(N3CCC4(C=C(c5c(C(C6CC6)C6CC6)noc5C5CC5)C4)CC3)ccc2n1,0.32760974397939646,binned_cosine_1Da,17,False,predicted_spectrum,3327
CASMI2022,massformer,completed,27,27,64,CASMI_MOL_1196816,CASMI_MOL_141776,141776,CC(CO)S(=O)(=O)Nc1ccc(C(=O)Nc2cccc(N3CCC(F)(F)CC3)n2)c(N2CCC3(CC2)CC3)c1,0.3185472773328361,binned_cosine_1Da,18,False,predicted_spectrum,3327
CASMI2022,massformer,completed,27,27,64,CASMI_MOL_1196816,CASMI_MOL_141777,141777,CC(CO)S(=O)(=O)Nc1ccc(C(=O)Nc2cccc(N3CCC(F)(F)CC3)n2)c(N2CCC3(CC2)CC3)c1,0.31854718152093986,binned_cosine_1Da,19,False,predicted_spectrum,3327
CASMI2022,massformer,completed,27,27,64,CASMI_MOL_1196816,CASMI_MOL_142411,142411,CN1CCCc2c1[nH]c(N1CCC3(CC1)C(=O)N(C)c1cc(-c4nc(CN5CCCC5)co4)cc(Cl)c13)nc2=O,0.3176005041839713,binned_cosine_1Da,20,False,predicted_spectrum,3327
CASMI2022,massformer,completed,27,27,64,CASMI_MOL_1196816,CASMI_MOL_143511,143511,COc1cc(C(=O)NC2CCN(C)CC2)ccc1Nc1ncc(Cl)c(NC2CCCCC2N(C)[S+](C)[O-])n1,0.3173952367456576,binned_cosine_1Da,21,False,predicted_spectrum,3327
CASMI2022,massformer,completed,27,27,64,CASMI_MOL_1196816,CASMI_MOL_143600,143600,COc1cc(C(=O)NC2CCN(C)CC2)ccc1Nc1ncc(Cl)c(NC2CCCCC2N(C)[S+](C)[O-])n1,0.31739514793265206,binned_cosine_1Da,22,False,predicted_spectrum,3327
CASMI2022,massformer,completed,27,27,64,CASMI_MOL_1196816,CASMI_MOL_142343,142343,CC(C)(C)c1cc2c3cccc(c3)sc3ccc4ccc5ccc([nH]c5c4n3)c3cc(C(C)(C)C)cc4c(c1)c2nc34,0.31733782264582105,binned_cosine_1Da,23,False,predicted_spectrum,3327
CASMI2022,massformer,completed,27,27,64,CASMI_MOL_1196816,CASMI_MOL_141866,141866,CC(Oc1nc2c(s1)CCN(CCC1CCC(CC(=O)c3cccc4c3CN(C)C4=O)CC1)CC2)C(F)(F)F,0.31562752205107414,binned_cosine_1Da,24,False,predicted_spectrum,3327
CASMI2022,massformer,completed,27,27,64,CASMI_MOL_1196816,CASMI_MOL_142929,142929,Cc1cc(Nc2ccc(Nc3ccc(Nc4ccc(NNc5ccc(Cl)cc5)cc4C)cc3C)cc2C)ccc1O,0.31483665683567075,binned_cosine_1Da,25,False,predicted_spectrum,3327
CASMI2022,massformer,completed,27,27,64,CASMI_MOL_1196816,CASMI_MOL_142791,142791,C=c1c(=Cc2c(O)[nH]c(=O)n(-c3ccc4c(c3)OCO4)c2=O)cc(C)n1-c1ccc(C23CC4CC(CC(C4)C2)C3)cc1,0.31285900332593086,binned_cosine_1Da,26,False,predicted_spectrum,3327
CASMI2022,massformer,completed,27,27,64,CASMI_MOL_1196816,CASMI_MOL_142987,142987,N#Cc1cc(-c2ncnc(Nc3ccc(OC4CCN(C5COC5)CC4F)cc3)n2)ccc1OC1CCNCC1F,0.31232925271428197,binned_cosine_1Da,27,False,predicted_spectrum,3327
CASMI2022,massformer,completed,27,27,64,CASMI_MOL_1196816,CASMI_MOL_142988,142988,N#Cc1cc(-c2ncnc(Nc3ccc(OC4CCN(C5COC5)CC4F)cc3)n2)ccc1OC1CCNCC1F,0.3123292459097532,binned_cosine_1Da,28,False,predicted_spectrum,3327
CASMI2022,massformer,completed,27,27,64,CASMI_MOL_1196816,CASMI_MOL_141785,141785,Clc1ccc2c(c1)c1cc(-c3ccc(C45CC6CC(CC(C6)C4)C5)cc3)ccc1n2-c1ccc(-c2ccccc2)cc1,0.31154505055708287,binned_cosine_1Da,29,False,predicted_spectrum,3327
CASMI2022,massformer,completed,27,27,64,CASMI_MOL_1196816,CASMI_MOL_142778,142778,C=c1c(=Cc2c(O)[nH]c(=O)n(-c3ccc(C45CC6CC(CC(C6)C4)C5)cc3)c2=O)cc(C)n1-c1ccc2c(c1)OCO2,0.31113774738207856,binned_cosine_1Da,30,False,predicted_spectrum,3327
CASMI2022,massformer,completed,27,27,64,CASMI_MOL_1196816,CASMI_MOL_143895,143895,Cc1cccc(C)c1-c1cc(C(=O)O)nc(C(C)(C)c2cc(-c3c(C)cccc3C)cc(-c3ccc(F)nc3F)n2)c1,0.3043247683587666,binned_cosine_1Da,31,False,predicted_spectrum,3327
CASMI2022,massformer,completed,27,27,64,CASMI_MOL_1196816,CASMI_MOL_141630,141630,O=P(c1ccccc1)(c1ccccc1)c1cccc(-c2ccc3c(c2)-c2ccncc2C32C3CC4CC(C3)CC2C4)c1,0.3022543446050653,binned_cosine_1Da,32,False,predicted_spectrum,3327
CASMI2022,massformer,completed,27,27,64,CASMI_MOL_1196816,CASMI_MOL_142302,142302,O=c1c2cc(-c3ccc(O)cc3)ccc2nc(-c2ccc(OC(F)(F)F)cc2)n1CC1CCCN(C2CCCC2)C1,0.29943464474965004,binned_cosine_1Da,33,False,predicted_spectrum,3327
CASMI2022,massformer,completed,27,27,64,CASMI_MOL_1196816,CASMI_MOL_142101,142101,Cc1cc(NC(=O)c2ccc(S(=O)(=O)C(C)CO)cc2N2CCC3(CC2)CC3)nc(N2CCC(F)(F)CC2)n1,0.298946681506062,binned_cosine_1Da,34,False,predicted_spectrum,3327
CASMI2022,massformer,completed,27,27,64,CASMI_MOL_1196816,CASMI_MOL_142158,142158,Cc1cc(NC(=O)c2ccc(S(=O)(=O)C(C)CO)cc2N2CCC3(CC2)CC3)nc(N2CCC(F)(F)CC2)n1,0.298946681506062,binned_cosine_1Da,35,False,predicted_spectrum,3327
CASMI2022,massformer,completed,27,27,64,CASMI_MOL_1196816,CASMI_MOL_142157,142157,Cc1cc(NC(=O)c2ccc(S(=O)(=O)C(C)CO)cc2N2CCC3(CC2)CC3)nc(N2CCC(F)(F)CC2)n1,0.29894659883031754,binned_cosine_1Da,36,False,predicted_spectrum,3327
CASMI2022,massformer,completed,27,27,64,CASMI_MOL_1196816,CASMI_MOL_143396,143396,COc1cnc2c(Sc3ccc(Nc4nnc(N5CCC(N6CCCC6)CC5)c5ccccc45)cc3)ccnc2c1,0.2985429666059985,binned_cosine_1Da,37,False,predicted_spectrum,3327
CASMI2022,massformer,completed,27,27,64,CASMI_MOL_1196816,CASMI_MOL_141577,141577,Clc1cc2c(cc1N(c1ccccc1)c1ccc(-c3ccccc3)cc1)C1(c3ccccc3-2)C2CC3CC(C2)CC1C3,0.29402240329219437,binned_cosine_1Da,38,False,predicted_spectrum,3327
CASMI2022,massformer,completed,27,27,64,CASMI_MOL_1196816,CASMI_MOL_142392,142392,CC1CCCN1Cc1cc(NC(=O)c2ccc(C3=CCC(C(=O)O)CC3)cc2)ncc1-c1ccc(C(F)(F)F)cc1,0.2936769469236011,binned_cosine_1Da,39,False,predicted_spectrum,3327
CASMI2022,massformer,completed,27,27,64,CASMI_MOL_1196816,CASMI_MOL_142237,142237,C=c1c2c(C=CC)c(CC)sc2c2cccc3c(-c4nc(C5=CCCC=C5)nc(-c5ccccc5)n4)cc(CC)c1c32,0.2926456487803585,binned_cosine_1Da,40,False,predicted_spectrum,3327
CASMI2022,massformer,completed,27,27,64,CASMI_MOL_1196816,CASMI_MOL_141624,141624,CC(C)=C1CCN(c2cc(NS(=O)(=O)CCO)ccc2C(=O)Nc2cccc(N3CCC(F)(F)CC3)n2)CC1,0.2903478801977668,binned_cosine_1Da,41,False,predicted_spectrum,3327
CASMI2022,massformer,completed,27,27,64,CASMI_MOL_1196816,CASMI_MOL_141578,141578,Clc1c(N(c2ccccc2)c2ccc(-c3ccccc3)cc2)ccc2c1C1(c3ccccc3-2)C2CC3CC(C2)CC1C3,0.2886743472994011,binned_cosine_1Da,42,False,predicted_spectrum,3327
CASMI2022,massformer,completed,27,27,64,CASMI_MOL_1196816,CASMI_MOL_143395,143395,COc1cnc2c(Sc3ccc(Nc4nnc(N5CCN6CCCCCC6C5)c5ccccc45)cc3)ccnc2c1,0.2886081864952059,binned_cosine_1Da,43,False,predicted_spectrum,3327
CASMI2022,massformer,completed,27,27,64,CASMI_MOL_1196816,CASMI_MOL_144717,144717,CC(C)CC(NC(=O)CN)C(=O)NC(CS)C(=O)NC(C(=O)NC(CC(N)=O)C(=O)NCC(=O)O)C(C)O,0.2873291743907463,binned_cosine_1Da,44,False,predicted_spectrum,3327
CASMI2022,massformer,completed,27,27,64,CASMI_MOL_1196816,CASMI_MOL_144542,144542,CSCCC(NC(=O)C(CCCN=C(N)N)NC(=O)C(N)CCC(=O)O)C(=O)NC(CCC(=O)O)C(=O)O,0.2872096555916762,binned_cosine_1Da,45,False,predicted_spectrum,3327
CASMI2022,massformer,completed,27,27,64,CASMI_MOL_1196816,CASMI_MOL_144563,144563,CSCCC(NC(=O)C(CCC(=O)O)NC(=O)C(N)CCCN=C(N)N)C(=O)NC(CCC(=O)O)C(=O)O,0.28706364974179444,binned_cosine_1Da,46,False,predicted_spectrum,3327
CASMI2022,massformer,completed,27,27,64,CASMI_MOL_1196816,CASMI_MOL_144122,144122,CSCCC(NC(=O)CNC(=O)C(CCC(N)=O)NC(=O)C(C)NC(=O)C(C)N)C(=O)NC(CO)C(=O)O,0.2870097608275904,binned_cosine_1Da,47,False,predicted_spectrum,3327
CASMI2022,massformer,completed,27,27,64,CASMI_MOL_1196816,CASMI_MOL_144337,144337,CSCCC(NC(=O)C(N)CCC(=O)O)C(=O)NC(CCCN=C(N)N)C(=O)NC(CCC(=O)O)C(=O)O,0.2868826751295176,binned_cosine_1Da,48,False,predicted_spectrum,3327
CASMI2022,massformer,completed,27,27,64,CASMI_MOL_1196816,CASMI_MOL_144543,144543,CSCCC(NC(=O)C(CCC(=O)O)NC(=O)C(CCCN=C(N)N)NC(=O)C(N)CCC(=O)O)C(=O)O,0.2867948318498273,binned_cosine_1Da,49,False,predicted_spectrum,3327
CASMI2022,massformer,completed,27,27,64,CASMI_MOL_1196816,CASMI_MOL_144564,144564,CSCCC(NC(=O)C(CCC(=O)O)NC(=O)C(CCC(=O)O)NC(=O)C(N)CCCN=C(N)N)C(=O)O,0.28665621704372657,binned_cosine_1Da,50,False,predicted_spectrum,3327
CASMI2022,massformer,completed,27,27,64,CASMI_MOL_1196816,CASMI_MOL_144541,144541,CSCCC(NC(=O)C(CCCN=C(N)N)NC(=O)C(CCC(=O)O)NC(=O)C(N)CCC(=O)O)C(=O)O,0.28663441061042655,binned_cosine_1Da,51,False,predicted_spectrum,3327
CASMI2022,massformer,completed,27,27,64,CASMI_MOL_1196816,CASMI_MOL_144562,144562,CSCCC(NC(=O)C(N)CCCN=C(N)N)C(=O)NC(CCC(=O)O)C(=O)NC(CCC(=O)O)C(=O)O,0.28660106871808994,binned_cosine_1Da,52,False,predicted_spectrum,3327
CASMI2022,massformer,completed,27,27,64,CASMI_MOL_1196816,CASMI_MOL_144540,144540,CSCCC(NC(=O)C(CCC(=O)O)NC(=O)C(N)CCC(=O)O)C(=O)NC(CCCN=C(N)N)C(=O)O,0.28642782280173995,binned_cosine_1Da,53,False,predicted_spectrum,3327
CASMI2022,massformer,completed,27,27,64,CASMI_MOL_1196816,CASMI_MOL_144336,144336,CSCCC(NC(=O)C(N)CCC(=O)O)C(=O)NC(CCC(=O)O)C(=O)NC(CCCN=C(N)N)C(=O)O,0.28624406347426495,binned_cosine_1Da,54,False,predicted_spectrum,3327
CASMI2022,massformer,completed,27,27,64,CASMI_MOL_1196816,CASMI_MOL_144685,144685,CSc1sc(-c2ccnc(Nc3cccc(OCCCN4CCCC(O)C4)c3)n2)c(C2CCCCC2)c1C#N,0.2862240485393967,binned_cosine_1Da,55,False,predicted_spectrum,3327
CASMI2022,massformer,completed,27,27,64,CASMI_MOL_1196816,CASMI_MOL_144526,144526,CSCCC(N)C(=O)NC(CCC(=O)O)C(=O)NC(CCCN=C(N)N)C(=O)NC(CCC(=O)O)C(=O)O,0.28575607429517574,binned_cosine_1Da,56,False,predicted_spectrum,3327
CASMI2022,massformer,completed,27,27,64,CASMI_MOL_1196816,CASMI_MOL_144424,144424,CC(C)CC(NC(=O)CNC(=O)C(CO)NC(=O)C(N)CCC(N)=O)C(=O)NCC(=O)NC(CS)C(=O)O,0.28574486130461957,binned_cosine_1Da,57,False,predicted_spectrum,3327
CASMI2022,massformer,completed,27,27,64,CASMI_MOL_1196816,CASMI_MOL_144531,144531,CSCCC(N)C(=O)NC(CCCN=C(N)N)C(=O)NC(CCC(=O)O)C(=O)NC(CCC(=O)O)C(=O)O,0.2856241265465622,binned_cosine_1Da,58,False,predicted_spectrum,3327
CASMI2022,massformer,completed,27,27,64,CASMI_MOL_1196816,CASMI_MOL_144525,144525,CSCCC(N)C(=O)NC(CCC(=O)O)C(=O)NC(CCC(=O)O)C(=O)NC(CCCN=C(N)N)C(=O)O,0.2851850452461676,binned_cosine_1Da,59,False,predicted_spectrum,3327
CASMI2022,massformer,completed,27,27,64,CASMI_MOL_1196816,CASMI_MOL_144087,144087,CC(=O)C(NC(=O)C(C)C)C(OC(=O)NC(C)C(=O)NC(CCC(=O)N(C)C(=O)O)C(N)=O)C(O)C(O)CO,0.28408964646504914,binned_cosine_1Da,60,False,predicted_spectrum,3327
CASMI2022,massformer,completed,27,27,64,CASMI_MOL_1196816,CASMI_MOL_144093,144093,CCCC(=O)NC(C(C)=O)C(OC(=O)NC(C)C(=O)NC(CCC(=O)N(C)C(=O)O)C(N)=O)C(O)C(O)CO,0.28408912868398933,binned_cosine_1Da,61,False,predicted_spectrum,3327
CASMI2022,massformer,completed,27,27,64,CASMI_MOL_1196816,CASMI_MOL_144708,144708,CC(C)CC(NC(=O)C(N)C(C)O)C(=O)NC(CO)C(=O)NC(CC(=O)O)C(=O)NC(CCC(=O)O)C(=O)O,0.2840167070212547,binned_cosine_1Da,62,False,predicted_spectrum,3327
CASMI2022,massformer,completed,27,27,64,CASMI_MOL_1196816,CASMI_MOL_144678,144678,CC(C)CC(NC(=O)C(CO)NC(=O)C(N)CCC(=O)O)C(=O)NC(CO)C(=O)NC(CCC(=O)O)C(=O)O,0.2839739835413354,binned_cosine_1Da,63,False,predicted_spectrum,3327
CASMI2022,massformer,completed,27,27,64,CASMI_MOL_1196816,CASMI_MOL_142220,142220,C=c1c(=CC=CC)sc2c1ncc1c2c(C)c(C=CC)n1-c1ccc(-n2c3c(c4cccc(C)c42)C=CC=CC3)cc1,0.2838193353625502,binned_cosine_1Da,64,False,predicted_spectrum,3327
CASMI2022,massformer,completed,27,27,64,CASMI_MOL_1196816,CASMI_MOL_144084,144084,CCC(NC(=O)CCC(NC(=O)C(C)NC(=O)OC(C(NC(C)=O)C(C)=O)C(O)C(O)CO)C(N)=O)C(=O)O,0.28357519338514203,binned_cosine_1Da,65,False,predicted_spectrum,3327
CASMI2022,massformer,completed,27,27,64,CASMI_MOL_1196816,CASMI_MOL_144323,144323,CC(=O)NC(C=O)C(OC(C)C(=O)NC(C)C(=O)NC(CCC(=O)NC(C)C(=O)O)C(N)=O)C(O)C(O)CO,0.28319297135797916,binned_cosine_1Da,66,False,predicted_spectrum,3327
CASMI2022,massformer,completed,27,27,64,CASMI_MOL_1196816,CASMI_MOL_144071,144071,CCC(NC(=O)OC(C(NC(C)=O)C(C)=O)C(O)C(O)CO)C(=O)NC(CCC(=O)NC(C)C(=O)O)C(N)=O,0.2830145963309659,binned_cosine_1Da,67,False,predicted_spectrum,3327
CASMI2022,massformer,completed,27,27,64,CASMI_MOL_1196816,CASMI_MOL_144089,144089,CC(=O)NC(C(C)=O)C(OC(=O)NC(C(=O)NC(CCC(=O)N(C)C(=O)O)C(N)=O)C(C)C)C(O)C(O)CO,0.2827768969793303,binned_cosine_1Da,68,False,predicted_spectrum,3327
CASMI2022,massformer,completed,27,27,64,CASMI_MOL_1196816,CASMI_MOL_143443,143443,CCC(=O)NC(C(=O)C(C)C(=O)NC(C)C(=O)NC(CCC(=O)N(C)C(=O)O)C(N)=O)C(O)C(O)C(O)CO,0.28263433674189115,binned_cosine_1Da,69,False,predicted_spectrum,3327
CASMI2022,massformer,completed,27,27,64,CASMI_MOL_1196816,CASMI_MOL_141962,141962,CSN1CCC(Nc2ncc(C(F)(F)F)c(-c3cn(-c4ccc(CN5CC(C)(C)C5)cc4F)c(C)n3)n2)CC1,0.2825020211132594,binned_cosine_1Da,70,False,predicted_spectrum,3327
CASMI2022,massformer,completed,27,27,64,CASMI_MOL_1196816,CASMI_MOL_142742,142742,CC1COc2cc(N3CC4C(C3)C4N(Cc3ccccc3)Cc3ccccc3)ccc2-c2[nH]c(=O)c(C(=O)O)c(O)c21,0.28233713254495607,binned_cosine_1Da,71,False,predicted_spectrum,3327
CASMI2022,massformer,completed,27,27,64,CASMI_MOL_1196816,CASMI_MOL_143567,143567,CC1COc2cc(N3CC4C(C3)C4N(Cc3ccccc3)Cc3ccccc3)ccc2-c2[nH]c(=O)c(C(=O)O)c(O)c21,0.28233713254495607,binned_cosine_1Da,72,False,predicted_spectrum,3327
CASMI2022,massformer,completed,27,27,64,CASMI_MOL_1196816,CASMI_MOL_141941,141941,O=C1CC(=O)C2=C1c1cn(c3ccccc13)CCOCCOCCN(Cc1ccco1)CCn1cc2c2ccccc21,0.28225312769230826,binned_cosine_1Da,73,False,predicted_spectrum,3327
CASMI2022,massformer,completed,27,27,64,CASMI_MOL_1196816,CASMI_MOL_144703,144703,NCCCCC(NC(=O)CNC(=O)C(N)CS)C(=O)NC(CCC(=O)O)C(=O)NC(CCC(N)=O)C(=O)O,0.2822450228041395,binned_cosine_1Da,74,False,predicted_spectrum,3327
CASMI2022,massformer,completed,27,27,64,CASMI_MOL_1196816,CASMI_MOL_142517,142517,CC(=O)NC1C(O)OC(CO)C(O)C1OC(C)C(=O)NC(C)C(=O)NC(CCC(=O)NC(C)C(=O)O)C(N)=O,0.28185753927178325,binned_cosine_1Da,75,False,predicted_spectrum,3327
CASMI2022,massformer,completed,27,27,64,CASMI_MOL_1196816,CASMI_MOL_143424,143424,C=C(N1CCC(n2c(SCC)nc3cc(C(F)(F)F)ccc32)CC1)C1(F)CCN(Cc2cnc(N)nc2)CC1,0.28138417151654077,binned_cosine_1Da,76,False,predicted_spectrum,3327
CASMI2022,massformer,completed,27,27,64,CASMI_MOL_1196816,CASMI_MOL_142180,142180,C1=COC2=C(C1)C1C(=CCC3=C1OC=CO3)C1=C2C(c2ccccc2)(c2ccc(N3CCCCC3)cc2)c2ccccc21,0.2812917243390104,binned_cosine_1Da,77,False,predicted_spectrum,3327
CASMI2022,massformer,completed,27,27,64,CASMI_MOL_1196816,CASMI_MOL_144067,144067,CC(C)C(NC(=O)OC(C)(C)C)C(=O)N(C(CC(=O)O)C(=O)C(F)(F)C(=O)N1CCCC1)C(C(N)=O)C(N)=O,0.2812099320742743,binned_cosine_1Da,78,False,predicted_spectrum,3327
CASMI2022,massformer,completed,27,27,64,CASMI_MOL_1196816,CASMI_MOL_144321,144321,CCC(NC(=O)CCC(NC(=O)C(C)NC(=O)COC(C(C=O)NC(C)=O)C(O)C(O)CO)C(N)=O)C(=O)O,0.2808642295234253,binned_cosine_1Da,79,False,predicted_spectrum,3327
CASMI2022,massformer,completed,27,27,64,CASMI_MOL_1196816,CASMI_MOL_141741,141741,CC1C(O)CCN1Cc1cc(F)c2c(c1)C(=O)N(c1cc(-c3ccc(C#N)cc3-c3nncn3C)cc(C3CC3)n1)C2,0.28068645736187037,binned_cosine_1Da,80,False,predicted_spectrum,3327
CASMI2022,massformer,completed,27,27,64,CASMI_MOL_1196816,CASMI_MOL_144063,144063,CCCC(=O)NC(C=O)C(OCC(=O)NC(C)C(=O)NC(CCC(=O)N(C)C(=O)O)C(N)=O)C(O)C(O)CO,0.2805032761755246,binned_cosine_1Da,81,False,predicted_spectrum,3327
CASMI2022,massformer,completed,27,27,64,CASMI_MOL_1196816,CASMI_MOL_142221,142221,C=CC=C(c1ccc(C(C)=O)s1)c1[nH]c(-c2[nH]nc3ncc(-c4cncc(CNCC5CCCC5)c4)cc23)nc1C,0.28037963562701984,binned_cosine_1Da,82,False,predicted_spectrum,3327
CASMI2022,massformer,completed,27,27,64,CASMI_MOL_1196816,CASMI_MOL_143447,143447,CCC(C(=O)NC(CCC(=O)NC(C)C(=O)O)C(N)=O)C(OC(C(C=O)NC(C)=O)C(O)C(O)CO)C(N)=O,0.280315241245577,binned_cosine_1Da,83,False,predicted_spectrum,3327
CASMI2022,massformer,completed,27,27,64,CASMI_MOL_1196816,CASMI_MOL_144322,144322,CCC(NC(=O)COC(C(C=O)NC(C)=O)C(O)C(O)CO)C(=O)NC(CCC(=O)NC(C)C(=O)O)C(N)=O,0.2802323178590634,binned_cosine_1Da,84,False,predicted_spectrum,3327
CASMI2022,massformer,completed,27,27,64,CASMI_MOL_1196816,CASMI_MOL_143445,143445,CC(=O)NC(C=O)C(OC(C(N)=O)C(C(=O)NC(CCC(=O)N(C)C(=O)O)C(N)=O)C(C)C)C(O)C(O)CO,0.28013635364446854,binned_cosine_1Da,85,False,predicted_spectrum,3327
CASMI2022,massformer,completed,27,27,64,CASMI_MOL_1196816,CASMI_MOL_142499,142499,COc1cc(OC)c(-c2cn3ccc(NC4CCC(Nc5nccc(N6CCOCC6)n5)CC4)cc3n2)cc1Cl,0.2794941552099315,binned_cosine_1Da,86,False,predicted_spectrum,3327
CASMI2022,massformer,completed,27,27,64,CASMI_MOL_1196816,CASMI_MOL_144095,144095,CC(=O)NC(C=O)C(OCC(=O)NC(C(=O)NC(CCC(=O)N(C)C(=O)O)C(N)=O)C(C)C)C(O)C(O)CO,0.2792063911470725,binned_cosine_1Da,87,False,predicted_spectrum,3327
CASMI2022,massformer,completed,27,27,64,CASMI_MOL_1196816,CASMI_MOL_144096,144096,CC(C)C(=O)NC(C=O)C(OCC(=O)NC(C)C(=O)NC(CCC(=O)N(C)C(=O)O)C(N)=O)C(O)C(O)CO,0.2792043981602257,binned_cosine_1Da,88,False,predicted_spectrum,3327
CASMI2022,massformer,completed,27,27,64,CASMI_MOL_1196816,CASMI_MOL_143448,143448,CCC(NC(=O)CCC(NC(=O)C(C)C(OC(C(C=O)NC(C)=O)C(O)C(O)CO)C(N)=O)C(N)=O)C(=O)O,0.2791986929530983,binned_cosine_1Da,89,False,predicted_spectrum,3327
CASMI2022,massformer,completed,27,27,64,CASMI_MOL_1196816,CASMI_MOL_142139,142139,Cc1cc(NC(=O)c2ccc(NS(=O)(=O)CCO)cc2N2CCC3(CC2)CC3)nc(C2CCC(F)(F)CC2)n1,0.2788726594385321,binned_cosine_1Da,90,False,predicted_spectrum,3327
CASMI2022,massformer,completed,27,27,64,CASMI_MOL_1196816,CASMI_MOL_144091,144091,CCC(=O)NC(C=O)C(OC(C)C(=O)NC(C)C(=O)NC(CCC(=O)N(C)C(=O)O)C(N)=O)C(O)C(O)CO,0.27855267623554025,binned_cosine_1Da,91,False,predicted_spectrum,3327
CASMI2022,massformer,completed,27,27,64,CASMI_MOL_1196816,CASMI_MOL_143485,143485,C1=CCCC(C2=CC=C(c3nc(N4c5c(ccc6c5sc5ccccc56)C5C=CCCC54)nc4c3=CCCC=4)CC2)=C1,0.2780426334961889,binned_cosine_1Da,92,False,predicted_spectrum,3327
CASMI2022,massformer,completed,27,27,64,CASMI_MOL_1196816,CASMI_MOL_142391,142391,CC(=O)N(C(C)C(=O)NC(CCC(=O)NC(C)C(=O)O)C(N)=O)C1OC(CO)C(O)C(OC(C)C(=O)O)C1N,0.27781122191755436,binned_cosine_1Da,93,False,predicted_spectrum,3327
CASMI2022,massformer,completed,27,27,64,CASMI_MOL_1196816,CASMI_MOL_142709,142709,CC(=O)N(C(C)C(=O)NC(CCC(=O)NC(C)C(=O)O)C(N)=O)C1OC(CO)C(O)C(OC(C)C(=O)O)C1N,0.27781122191755436,binned_cosine_1Da,94,False,predicted_spectrum,3327
CASMI2022,massformer,completed,27,27,64,CASMI_MOL_1196816,CASMI_MOL_144080,144080,CCC(NC(=O)C(C)OC(C(C=O)NC(C)=O)C(O)C(O)CO)C(=O)NC(CCC(=O)N(C)C(=O)O)C(N)=O,0.2772086193427811,binned_cosine_1Da,95,False,predicted_spectrum,3327
CASMI2022,massformer,completed,27,27,64,CASMI_MOL_1196816,CASMI_MOL_142371,142371,CC(=O)N(C(C)C(=O)NC(CCC(N)=O)C(=O)NC(C)C(=O)O)C1OC(CO)C(O)C(OC(C)C(=O)O)C1N,0.2769871740733852,binned_cosine_1Da,96,False,predicted_spectrum,3327
CASMI2022,massformer,completed,27,27,64,CASMI_MOL_1196816,CASMI_MOL_144324,144324,CCC(NC(=O)C(C)OC(C(C=O)NC(C)=O)C(O)C(O)CO)C(=O)NC(CCC(=O)NCC(=O)O)C(N)=O,0.27678061178878377,binned_cosine_1Da,97,False,predicted_spectrum,3327
CASMI2022,massformer,completed,27,27,64,CASMI_MOL_1196816,CASMI_MOL_142346,142346,CCC(=O)N(C(C)C(=O)NC(CCC(=O)NC(C)C(=O)O)C(N)=O)C1OC(CO)C(O)C(OCC(=O)O)C1N,0.2759957998709523,binned_cosine_1Da,98,False,predicted_spectrum,3327
CASMI2022,massformer,completed,27,27,64,CASMI_MOL_1196816,CASMI_MOL_143446,143446,CCCC(=O)NC(C=O)C(OC(C(N)=O)C(C)C(=O)NC(CCC(=O)NCC(=O)O)C(N)=O)C(O)C(O)CO,0.2756792624383836,binned_cosine_1Da,99,False,predicted_spectrum,3327
CASMI2022,massformer,completed,27,27,64,CASMI_MOL_1196816,CASMI_MOL_141959,141959,CC(C)c1cccc(C(C)C)c1-n1c(-c2cccc3c2oc2nc4ccc(F)cc4cc23)nc2cc3ccccc3cc21,0.27415740342692607,binned_cosine_1Da,100,False,predicted_spectrum,3327
CASMI2022,massformer,completed,27,27,64,CASMI_MOL_1196816,CASMI_MOL_1196816,1196816,COc1cc2c(cc1OC)CN(CCc1ccc(NC(=O)c3cccc4c(=O)c5cccc(OC)c5[nH]c34)cc1)CC2,0.08128137507222628,binned_cosine_1Da,1611,True,predicted_spectrum,3327
