dataset,model,status,query_id,spectrum_id,casmi_id,true_candidate_id,candidate_id,candidate_mol_id,candidate_smiles,score,score_name,rank,is_correct,prediction_status,candidate_count
CASMI2022,iceberg,completed,3,3,9,CASMI_MOL_1196790,CASMI_MOL_12110,12110,CCCC(=O)N1CSCC1C(=O)Nc1cccc(CNCC)c1,0.36487299338976054,binned_cosine_1Da,1,False,predicted_spectrum,8524
CASMI2022,iceberg,completed,3,3,9,CASMI_MOL_1196790,CASMI_MOL_10407,10407,CN(C)CCc1c[nH]c2ccc(CS(=O)(=O)N3CCCC3)cc12,0.35953899061710043,binned_cosine_1Da,2,False,predicted_spectrum,8524
CASMI2022,iceberg,completed,3,3,9,CASMI_MOL_1196790,CASMI_MOL_18217,18217,CN(C)CCc1c[nH]c2ccc(CS(=O)(=O)N3CCCC3)cc12,0.35953899061710043,binned_cosine_1Da,3,False,predicted_spectrum,8524
CASMI2022,iceberg,completed,3,3,9,CASMI_MOL_1196790,CASMI_MOL_1196790,1196790,CN(C)CCc1c[nH]c2ccc(CS(=O)(=O)N3CCCC3)cc12,0.35953899061710043,binned_cosine_1Da,4,True,predicted_spectrum,8524
CASMI2022,iceberg,completed,3,3,9,CASMI_MOL_1196790,CASMI_MOL_10015,10015,CN(CCN(CCOCCNCC(=O)O)CC(=O)O)CC(=O)O,0.35926288597908385,binned_cosine_1Da,5,False,predicted_spectrum,8524
CASMI2022,iceberg,completed,3,3,9,CASMI_MOL_1196790,CASMI_MOL_15504,15504,CC(c1c[nH]c2ccc(CS(=O)(=O)N3CCCC3)cc12)N(C)C,0.34401704090843194,binned_cosine_1Da,6,False,predicted_spectrum,8524
CASMI2022,iceberg,completed,3,3,9,CASMI_MOL_1196790,CASMI_MOL_10389,10389,CCNCC1(C(=O)O)CN(N2CCCC2)c2ccc(F)cc2C1=O,0.32316537357239683,binned_cosine_1Da,7,False,predicted_spectrum,8524
CASMI2022,iceberg,completed,3,3,9,CASMI_MOL_1196790,CASMI_MOL_14949,14949,CC(COc1ccc(F)cc1)NC(=O)CCc1nc(C(C)C)no1,0.3169703762376615,binned_cosine_1Da,8,False,predicted_spectrum,8524
CASMI2022,iceberg,completed,3,3,9,CASMI_MOL_1196790,CASMI_MOL_15868,15868,CN(C)CCc1c[nH]c2cc(CS(=O)(=O)N3CCCC3)ccc12,0.3063395006433457,binned_cosine_1Da,9,False,predicted_spectrum,8524
CASMI2022,iceberg,completed,3,3,9,CASMI_MOL_1196790,CASMI_MOL_9925,9925,CC(C(=O)N1CCN(c2nnnn2C)CC1)N(C)CC(F)(F)F,0.29576973117188404,binned_cosine_1Da,10,False,predicted_spectrum,8524
CASMI2022,iceberg,completed,3,3,9,CASMI_MOL_1196790,CASMI_MOL_12509,12509,CCNCC1CCN(C(=O)c2ccccc2SCC(N)=O)CC1,0.2874550387823553,binned_cosine_1Da,11,False,predicted_spectrum,8524
CASMI2022,iceberg,completed,3,3,9,CASMI_MOL_1196790,CASMI_MOL_17308,17308,CN(C)CCc1cc2cc(CS(=O)(=O)N3CCCC3)ccc2[nH]1,0.2766095770101998,binned_cosine_1Da,12,False,predicted_spectrum,8524
CASMI2022,iceberg,completed,3,3,9,CASMI_MOL_1196790,CASMI_MOL_12679,12679,CN(C)Cc1c(C(=O)O)nc2sc3c(n12)CC(C)(C)CC3(C)C,0.2688181932100921,binned_cosine_1Da,13,False,predicted_spectrum,8524
CASMI2022,iceberg,completed,3,3,9,CASMI_MOL_1196790,CASMI_MOL_17307,17307,C=CCNS(=O)(=O)CCc1ccc2[nH]cc(CCN(C)C)c2c1,0.2672918910599642,binned_cosine_1Da,14,False,predicted_spectrum,8524
CASMI2022,iceberg,completed,3,3,9,CASMI_MOL_1196790,CASMI_MOL_14318,14318,CCC(Sc1ccccc1)C(=O)N1CCCN(CC(N)=O)CC1,0.2653475440551013,binned_cosine_1Da,15,False,predicted_spectrum,8524
CASMI2022,iceberg,completed,3,3,9,CASMI_MOL_1196790,CASMI_MOL_14319,14319,CCC(Sc1ccccc1)C(=O)N1CCCN(CC(N)=O)CC1,0.2653475440551013,binned_cosine_1Da,16,False,predicted_spectrum,8524
CASMI2022,iceberg,completed,3,3,9,CASMI_MOL_1196790,CASMI_MOL_15995,15995,CCC(Sc1ccccc1)C(=O)N1CCCN(CC(N)=O)CC1,0.2653475440551013,binned_cosine_1Da,17,False,predicted_spectrum,8524
CASMI2022,iceberg,completed,3,3,9,CASMI_MOL_1196790,CASMI_MOL_13151,13151,Cc1onc(C(C)(C)C)c1C(=O)NCC(c1cccs1)N(C)C,0.26316301341820847,binned_cosine_1Da,18,False,predicted_spectrum,8524
CASMI2022,iceberg,completed,3,3,9,CASMI_MOL_1196790,CASMI_MOL_14899,14899,COOCN(CCN(C)CC=O)CCN(CC(=O)O)CC(=O)O,0.2628896238428975,binned_cosine_1Da,19,False,predicted_spectrum,8524
CASMI2022,iceberg,completed,3,3,9,CASMI_MOL_1196790,CASMI_MOL_12789,12789,CN(C)CC(C)(C)CNC(=O)c1ccc2c(c1)NC(=O)CCS2,0.26185029014846595,binned_cosine_1Da,20,False,predicted_spectrum,8524
CASMI2022,iceberg,completed,3,3,9,CASMI_MOL_1196790,CASMI_MOL_15076,15076,CC1CCc2c(sc3nc(CN(C)C)n(CCCO)c(=O)c23)C1,0.26033135786232714,binned_cosine_1Da,21,False,predicted_spectrum,8524
CASMI2022,iceberg,completed,3,3,9,CASMI_MOL_1196790,CASMI_MOL_12790,12790,CC1Sc2ccc(C(=O)NCC(C)(C)CN(C)C)cc2NC1=O,0.2599327401137994,binned_cosine_1Da,22,False,predicted_spectrum,8524
CASMI2022,iceberg,completed,3,3,9,CASMI_MOL_1196790,CASMI_MOL_10039,10039,CN(C)C(C#Cc1ccccc1)(C#Cc1ccccc1)c1ccccc1,0.2524279848044079,binned_cosine_1Da,23,False,predicted_spectrum,8524
CASMI2022,iceberg,completed,3,3,9,CASMI_MOL_1196790,CASMI_MOL_14859,14859,CC(N)C(=O)OCCOC(=O)C(N)C(C)OC(=O)C(N)C(C)O,0.24340844075574306,binned_cosine_1Da,24,False,predicted_spectrum,8524
CASMI2022,iceberg,completed,3,3,9,CASMI_MOL_1196790,CASMI_MOL_13165,13165,CC(=Cc1cccs1)C(=O)N1CCN(C(=O)CCN(C)C)CC1,0.24158426121205534,binned_cosine_1Da,25,False,predicted_spectrum,8524
CASMI2022,iceberg,completed,3,3,9,CASMI_MOL_1196790,CASMI_MOL_15666,15666,C=CCn1cc(CCN(C)C)c2cc(CS(=O)(=O)NC)ccc21,0.2393678534248494,binned_cosine_1Da,26,False,predicted_spectrum,8524
CASMI2022,iceberg,completed,3,3,9,CASMI_MOL_1196790,CASMI_MOL_10947,10947,CCNCC[S+]([O-])NC(=O)Nc1c2c(cc3c1CCC3)CCC2,0.2373207004492598,binned_cosine_1Da,27,False,predicted_spectrum,8524
CASMI2022,iceberg,completed,3,3,9,CASMI_MOL_1196790,CASMI_MOL_12335,12335,CN(C)C(CNC1CCN(CC(F)(F)F)CC1)c1cccs1,0.23713672384870743,binned_cosine_1Da,28,False,predicted_spectrum,8524
CASMI2022,iceberg,completed,3,3,9,CASMI_MOL_1196790,CASMI_MOL_15659,15659,CN(C)CCc1cn(CS(=O)(=O)C2CCCN2)c2ccccc12,0.23571680399631256,binned_cosine_1Da,29,False,predicted_spectrum,8524
CASMI2022,iceberg,completed,3,3,9,CASMI_MOL_1196790,CASMI_MOL_15972,15972,Cc1cc(SC(C)(C)C)ccc1NC(=O)NCC(=O)NC1CC1,0.23563756232284802,binned_cosine_1Da,30,False,predicted_spectrum,8524
CASMI2022,iceberg,completed,3,3,9,CASMI_MOL_1196790,CASMI_MOL_16773,16773,CC(C)CS(=O)(=O)c1ncc(CN(C)C)n1Cc1ccccc1,0.23346755668939284,binned_cosine_1Da,31,False,predicted_spectrum,8524
CASMI2022,iceberg,completed,3,3,9,CASMI_MOL_1196790,CASMI_MOL_10880,10880,CCCCCNc1ccc2c3c(oc2c1F)=C(F)C(OCC)CC=3,0.22746389365872985,binned_cosine_1Da,32,False,predicted_spectrum,8524
CASMI2022,iceberg,completed,3,3,9,CASMI_MOL_1196790,CASMI_MOL_17293,17293,Cc1c(F)ccc2c1C1(CC(C)O2)NC(=O)N(CCN(C)C)C1=O,0.22521553733825905,binned_cosine_1Da,33,False,predicted_spectrum,8524
CASMI2022,iceberg,completed,3,3,9,CASMI_MOL_1196790,CASMI_MOL_17292,17292,CC1CC2(NC(=O)N(CCCN(C)C)C2=O)c2cc(F)ccc2O1,0.22406404473518501,binned_cosine_1Da,34,False,predicted_spectrum,8524
CASMI2022,iceberg,completed,3,3,9,CASMI_MOL_1196790,CASMI_MOL_16031,16031,Cc1cccc(OCCN(C)Cn2nc(C(C)(C)C)oc2=S)c1,0.22116620787501623,binned_cosine_1Da,35,False,predicted_spectrum,8524
CASMI2022,iceberg,completed,3,3,9,CASMI_MOL_1196790,CASMI_MOL_9854,9854,C=CC(=O)N(CC)CC(=O)NCc1nc2c(s1)CC(C)(C)CC2,0.22082121574797045,binned_cosine_1Da,36,False,predicted_spectrum,8524
CASMI2022,iceberg,completed,3,3,9,CASMI_MOL_1196790,CASMI_MOL_10050,10050,CCCN(CCNC)C(=N)SC=C(C)C(=O)Oc1ccccc1,0.2184394790855727,binned_cosine_1Da,37,False,predicted_spectrum,8524
CASMI2022,iceberg,completed,3,3,9,CASMI_MOL_1196790,CASMI_MOL_14903,14903,CC(=N)NCCCC(NCC1(O)OCC(O)C(O)C1O)OC=O,0.21809457862058748,binned_cosine_1Da,38,False,predicted_spectrum,8524
CASMI2022,iceberg,completed,3,3,9,CASMI_MOL_1196790,CASMI_MOL_11115,11115,CC1CCc2c(C(=O)NC3CCN(CC(N)=O)CC3)csc2C1,0.21487609263637308,binned_cosine_1Da,39,False,predicted_spectrum,8524
CASMI2022,iceberg,completed,3,3,9,CASMI_MOL_1196790,CASMI_MOL_17630,17630,Cc1cccc(C)c1CNCc1ccc(Oc2ccc(F)cc2)cc1,0.21385775844532506,binned_cosine_1Da,40,False,predicted_spectrum,8524
CASMI2022,iceberg,completed,3,3,9,CASMI_MOL_1196790,CASMI_MOL_16081,16081,Fc1ccccc1Oc1ccc(CNCCCc2ccccc2)cc1,0.21314818452120632,binned_cosine_1Da,41,False,predicted_spectrum,8524
CASMI2022,iceberg,completed,3,3,9,CASMI_MOL_1196790,CASMI_MOL_15639,15639,C=C(C)C(=O)OCCN1C(O)N(CCO)C(O)N(CCO)C1O,0.21301016504913714,binned_cosine_1Da,42,False,predicted_spectrum,8524
CASMI2022,iceberg,completed,3,3,9,CASMI_MOL_1196790,CASMI_MOL_15480,15480,CNC(C)(C)c1c[nH]c2ccc(CS(=O)(=O)N3CCCC3)cc12,0.21019580909821545,binned_cosine_1Da,43,False,predicted_spectrum,8524
CASMI2022,iceberg,completed,3,3,9,CASMI_MOL_1196790,CASMI_MOL_11047,11047,CCn1ccc2cc(CN3CCCN(S(C)(=O)=O)CC3)ccc21,0.21003364422867585,binned_cosine_1Da,44,False,predicted_spectrum,8524
CASMI2022,iceberg,completed,3,3,9,CASMI_MOL_1196790,CASMI_MOL_17635,17635,CC(C)(NCc1ccc(Oc2ccc(F)cc2)cc1)c1ccccc1,0.2075074898989855,binned_cosine_1Da,45,False,predicted_spectrum,8524
CASMI2022,iceberg,completed,3,3,9,CASMI_MOL_1196790,CASMI_MOL_12972,12972,CSCC(CCO)NC(=O)NCCc1c[nH]c2c(C)cccc12,0.2059477076373475,binned_cosine_1Da,46,False,predicted_spectrum,8524
CASMI2022,iceberg,completed,3,3,9,CASMI_MOL_1196790,CASMI_MOL_14704,14704,CC1CN(C(=O)CCC(=O)NCCN(C)C)c2ccccc2S1,0.20421235772515844,binned_cosine_1Da,47,False,predicted_spectrum,8524
CASMI2022,iceberg,completed,3,3,9,CASMI_MOL_1196790,CASMI_MOL_14705,14705,CC1CN(C(=O)CCC(=O)NCCN(C)C)c2ccccc2S1,0.20421235772515844,binned_cosine_1Da,48,False,predicted_spectrum,8524
CASMI2022,iceberg,completed,3,3,9,CASMI_MOL_1196790,CASMI_MOL_17273,17273,CC1CN(C(=O)CCC(=O)NCCN(C)C)c2ccccc2S1,0.20421235772515844,binned_cosine_1Da,49,False,predicted_spectrum,8524
CASMI2022,iceberg,completed,3,3,9,CASMI_MOL_1196790,CASMI_MOL_14904,14904,CC(=N)CCNCC(NCC1(O)OCC(O)C(O)C1O)OC=O,0.20209210130523805,binned_cosine_1Da,50,False,predicted_spectrum,8524
CASMI2022,iceberg,completed,3,3,9,CASMI_MOL_1196790,CASMI_MOL_12020,12020,Cc1nc(NCC2CCC(N(C)C)(C(F)(F)F)CC2)sc1C,0.20191313604398067,binned_cosine_1Da,51,False,predicted_spectrum,8524
CASMI2022,iceberg,completed,3,3,9,CASMI_MOL_1196790,CASMI_MOL_12219,12219,NC(=O)C1CCN(C2CN(C(=O)COc3ccccc3F)C2)CC1,0.20182616303508794,binned_cosine_1Da,52,False,predicted_spectrum,8524
CASMI2022,iceberg,completed,3,3,9,CASMI_MOL_1196790,CASMI_MOL_13566,13566,Cc1cc(N(C)C)ccc1-c1ccc2ccc3cccc4ccc1c2c34,0.2012616235196537,binned_cosine_1Da,53,False,predicted_spectrum,8524
CASMI2022,iceberg,completed,3,3,9,CASMI_MOL_1196790,CASMI_MOL_12842,12842,Cc1noc(CCCC(=O)NC(C)CC(O)c2ccc(F)cc2)n1,0.2002928076793832,binned_cosine_1Da,54,False,predicted_spectrum,8524
CASMI2022,iceberg,completed,3,3,9,CASMI_MOL_1196790,CASMI_MOL_10948,10948,CN(C)CC[S+]([O-])NC(=O)Nc1c2c(cc3c1CCC3)CCC2,0.19903243467328696,binned_cosine_1Da,55,False,predicted_spectrum,8524
CASMI2022,iceberg,completed,3,3,9,CASMI_MOL_1196790,CASMI_MOL_11440,11440,CN(C)CCN1C(=O)CCC12CCCN(C(=O)c1cccs1)C2,0.19899021233035347,binned_cosine_1Da,56,False,predicted_spectrum,8524
CASMI2022,iceberg,completed,3,3,9,CASMI_MOL_1196790,CASMI_MOL_13900,13900,CN(C)CCN1C(=O)CCC12CCCN(C(=O)c1cccs1)C2,0.19899021233035347,binned_cosine_1Da,57,False,predicted_spectrum,8524
CASMI2022,iceberg,completed,3,3,9,CASMI_MOL_1196790,CASMI_MOL_13901,13901,CN(C)CCN1C(=O)CCC12CCCN(C(=O)c1cccs1)C2,0.19899021233035347,binned_cosine_1Da,58,False,predicted_spectrum,8524
CASMI2022,iceberg,completed,3,3,9,CASMI_MOL_1196790,CASMI_MOL_16059,16059,CCCCCCC(=O)NC(=S)Nc1cccc(C(=O)NCC)c1,0.19866965338204332,binned_cosine_1Da,59,False,predicted_spectrum,8524
CASMI2022,iceberg,completed,3,3,9,CASMI_MOL_1196790,CASMI_MOL_14553,14553,CC(SCc1ccccc1)C(=O)N1CCCN(CC(N)=O)CC1,0.19816753494437717,binned_cosine_1Da,60,False,predicted_spectrum,8524
CASMI2022,iceberg,completed,3,3,9,CASMI_MOL_1196790,CASMI_MOL_14554,14554,CC(SCc1ccccc1)C(=O)N1CCCN(CC(N)=O)CC1,0.19816753494437717,binned_cosine_1Da,61,False,predicted_spectrum,8524
CASMI2022,iceberg,completed,3,3,9,CASMI_MOL_1196790,CASMI_MOL_16471,16471,CC(SCc1ccccc1)C(=O)N1CCCN(CC(N)=O)CC1,0.19816753494437717,binned_cosine_1Da,62,False,predicted_spectrum,8524
CASMI2022,iceberg,completed,3,3,9,CASMI_MOL_1196790,CASMI_MOL_15173,15173,CC1=C(CC(N)=O)c2cc(F)ccc2C1=Cc1ccc(C(C)C)cc1,0.1981002624998428,binned_cosine_1Da,63,False,predicted_spectrum,8524
CASMI2022,iceberg,completed,3,3,9,CASMI_MOL_1196790,CASMI_MOL_16061,16061,CC1=C(CC(N)=O)c2cc(F)ccc2C1=Cc1ccc(C(C)C)cc1,0.1981002624998428,binned_cosine_1Da,64,False,predicted_spectrum,8524
CASMI2022,iceberg,completed,3,3,9,CASMI_MOL_1196790,CASMI_MOL_16062,16062,CC1=C(CC(N)=O)c2cc(F)ccc2C1=Cc1ccc(C(C)C)cc1,0.1981002624998428,binned_cosine_1Da,65,False,predicted_spectrum,8524
CASMI2022,iceberg,completed,3,3,9,CASMI_MOL_1196790,CASMI_MOL_16052,16052,CCCCCCC(=O)NC(=S)Nc1ccccc1C(=O)NCC,0.19739677695111302,binned_cosine_1Da,66,False,predicted_spectrum,8524
CASMI2022,iceberg,completed,3,3,9,CASMI_MOL_1196790,CASMI_MOL_14359,14359,CS(=O)(=O)NCCCN1CCCCC1c1cc2ccccc2[nH]1,0.1968149190615382,binned_cosine_1Da,67,False,predicted_spectrum,8524
CASMI2022,iceberg,completed,3,3,9,CASMI_MOL_1196790,CASMI_MOL_14360,14360,CS(=O)(=O)NCCCN1CCCCC1c1cc2ccccc2[nH]1,0.1968149190615382,binned_cosine_1Da,68,False,predicted_spectrum,8524
CASMI2022,iceberg,completed,3,3,9,CASMI_MOL_1196790,CASMI_MOL_16104,16104,CS(=O)(=O)NCCCN1CCCCC1c1cc2ccccc2[nH]1,0.1968149190615382,binned_cosine_1Da,69,False,predicted_spectrum,8524
CASMI2022,iceberg,completed,3,3,9,CASMI_MOL_1196790,CASMI_MOL_12973,12973,CSC(CO)C(C)NC(=O)NCCc1c[nH]c2c(C)cccc12,0.19676740037475132,binned_cosine_1Da,70,False,predicted_spectrum,8524
CASMI2022,iceberg,completed,3,3,9,CASMI_MOL_1196790,CASMI_MOL_14409,14409,CC(C)Sc1ccc(C(C)NC(=O)NCC(=O)NC2CC2)cc1,0.1967381511887287,binned_cosine_1Da,71,False,predicted_spectrum,8524
CASMI2022,iceberg,completed,3,3,9,CASMI_MOL_1196790,CASMI_MOL_14410,14410,CC(C)Sc1ccc(C(C)NC(=O)NCC(=O)NC2CC2)cc1,0.1967381511887287,binned_cosine_1Da,72,False,predicted_spectrum,8524
CASMI2022,iceberg,completed,3,3,9,CASMI_MOL_1196790,CASMI_MOL_16137,16137,CC(C)Sc1ccc(C(C)NC(=O)NCC(=O)NC2CC2)cc1,0.1967381511887287,binned_cosine_1Da,73,False,predicted_spectrum,8524
CASMI2022,iceberg,completed,3,3,9,CASMI_MOL_1196790,CASMI_MOL_13491,13491,CCNS(=O)(=O)C1CCN(Cc2cc3c(C)c(C)ccc3[nH]2)C1,0.19669963869256418,binned_cosine_1Da,74,False,predicted_spectrum,8524
CASMI2022,iceberg,completed,3,3,9,CASMI_MOL_1196790,CASMI_MOL_13678,13678,CCNS(=O)(=O)C1CCN(Cc2cc3c(C)c(C)ccc3[nH]2)C1,0.19669963869256418,binned_cosine_1Da,75,False,predicted_spectrum,8524
CASMI2022,iceberg,completed,3,3,9,CASMI_MOL_1196790,CASMI_MOL_13679,13679,CCNS(=O)(=O)C1CCN(Cc2cc3c(C)c(C)ccc3[nH]2)C1,0.19669963869256418,binned_cosine_1Da,76,False,predicted_spectrum,8524
CASMI2022,iceberg,completed,3,3,9,CASMI_MOL_1196790,CASMI_MOL_11550,11550,CCNC(=O)c1ccc(NC(=O)N2CCSCCC2C)c(C)c1,0.1960036771464454,binned_cosine_1Da,77,False,predicted_spectrum,8524
CASMI2022,iceberg,completed,3,3,9,CASMI_MOL_1196790,CASMI_MOL_11551,11551,CCNC(=O)c1ccc(NC(=O)N2CCSCCC2C)c(C)c1,0.1960036771464454,binned_cosine_1Da,78,False,predicted_spectrum,8524
CASMI2022,iceberg,completed,3,3,9,CASMI_MOL_1196790,CASMI_MOL_12166,12166,CCNC(=O)c1ccc(NC(=O)N2CCSCCC2C)c(C)c1,0.1960036771464454,binned_cosine_1Da,79,False,predicted_spectrum,8524
CASMI2022,iceberg,completed,3,3,9,CASMI_MOL_1196790,CASMI_MOL_14072,14072,Cc1ccc(C(CNC(=O)c2sc(C(C)C)nc2C)N(C)C)o1,0.1952386658763044,binned_cosine_1Da,80,False,predicted_spectrum,8524
CASMI2022,iceberg,completed,3,3,9,CASMI_MOL_1196790,CASMI_MOL_14073,14073,Cc1ccc(C(CNC(=O)c2sc(C(C)C)nc2C)N(C)C)o1,0.1952386658763044,binned_cosine_1Da,81,False,predicted_spectrum,8524
CASMI2022,iceberg,completed,3,3,9,CASMI_MOL_1196790,CASMI_MOL_15295,15295,Cc1ccc(C(CNC(=O)c2sc(C(C)C)nc2C)N(C)C)o1,0.1952386658763044,binned_cosine_1Da,82,False,predicted_spectrum,8524
CASMI2022,iceberg,completed,3,3,9,CASMI_MOL_1196790,CASMI_MOL_13022,13022,CSC(CO)C(C)NC(=O)NCCCn1ccc2ccccc21,0.1946042997878524,binned_cosine_1Da,83,False,predicted_spectrum,8524
CASMI2022,iceberg,completed,3,3,9,CASMI_MOL_1196790,CASMI_MOL_9799,9799,CC(C)c1ccc(F)c2c1n(C)c(=O)n2C(C)CCC(=O)NC=O,0.19436435181826234,binned_cosine_1Da,84,False,predicted_spectrum,8524
CASMI2022,iceberg,completed,3,3,9,CASMI_MOL_1196790,CASMI_MOL_12882,12882,Cc1ccc(-c2noc(CCC(=O)NC(C)CCCO)n2)cc1F,0.19413935500821256,binned_cosine_1Da,85,False,predicted_spectrum,8524
CASMI2022,iceberg,completed,3,3,9,CASMI_MOL_1196790,CASMI_MOL_11669,11669,CCCCCS(=O)(=O)n1c(N2CCNCC2)cc2ccccc21,0.1940857438714817,binned_cosine_1Da,86,False,predicted_spectrum,8524
CASMI2022,iceberg,completed,3,3,9,CASMI_MOL_1196790,CASMI_MOL_12570,12570,CCNCCNC(=O)c1ccccc1SCC(=O)N1CCCC1,0.19259936056764518,binned_cosine_1Da,87,False,predicted_spectrum,8524
CASMI2022,iceberg,completed,3,3,9,CASMI_MOL_1196790,CASMI_MOL_13848,13848,Cc1noc(C)c1C(C)NC(=O)NCC(C)Oc1cccc(F)c1,0.19259171528544958,binned_cosine_1Da,88,False,predicted_spectrum,8524
CASMI2022,iceberg,completed,3,3,9,CASMI_MOL_1196790,CASMI_MOL_13849,13849,Cc1noc(C)c1C(C)NC(=O)NCC(C)Oc1cccc(F)c1,0.19259171528544958,binned_cosine_1Da,89,False,predicted_spectrum,8524
CASMI2022,iceberg,completed,3,3,9,CASMI_MOL_1196790,CASMI_MOL_13850,13850,Cc1noc(C)c1C(C)NC(=O)NCC(C)Oc1cccc(F)c1,0.19259171528544958,binned_cosine_1Da,90,False,predicted_spectrum,8524
CASMI2022,iceberg,completed,3,3,9,CASMI_MOL_1196790,CASMI_MOL_13851,13851,Cc1noc(C)c1C(C)NC(=O)NCC(C)Oc1cccc(F)c1,0.19259171528544958,binned_cosine_1Da,91,False,predicted_spectrum,8524
CASMI2022,iceberg,completed,3,3,9,CASMI_MOL_1196790,CASMI_MOL_15398,15398,Cc1noc(C)c1C(C)NC(=O)NCC(C)Oc1cccc(F)c1,0.19259171528544958,binned_cosine_1Da,92,False,predicted_spectrum,8524
CASMI2022,iceberg,completed,3,3,9,CASMI_MOL_1196790,CASMI_MOL_15832,15832,CC(C)c1cc2c(CN3CCN(S(C)(=O)=O)CC3)cccc2[nH]1,0.19236064963601548,binned_cosine_1Da,93,False,predicted_spectrum,8524
CASMI2022,iceberg,completed,3,3,9,CASMI_MOL_1196790,CASMI_MOL_17870,17870,CN(C)CCCNC(=S)Nc1ccc2c(c1)OC1(CCCC1)O2,0.19235292590161845,binned_cosine_1Da,94,False,predicted_spectrum,8524
CASMI2022,iceberg,completed,3,3,9,CASMI_MOL_1196790,CASMI_MOL_13009,13009,CSCC(CCO)NC(=O)NCCc1c[nH]c2cccc(C)c12,0.19210188330604497,binned_cosine_1Da,95,False,predicted_spectrum,8524
CASMI2022,iceberg,completed,3,3,9,CASMI_MOL_1196790,CASMI_MOL_17349,17349,CN1CCN(Nc2ncnc(Nc3cc(F)ccc3F)c2N)CC1,0.19180918060686653,binned_cosine_1Da,96,False,predicted_spectrum,8524
CASMI2022,iceberg,completed,3,3,9,CASMI_MOL_1196790,CASMI_MOL_12908,12908,CCN(CC(C)(C)O)C(=O)c1nn(-c2ccc(F)cc2C)cc1O,0.19083513723877313,binned_cosine_1Da,97,False,predicted_spectrum,8524
CASMI2022,iceberg,completed,3,3,9,CASMI_MOL_1196790,CASMI_MOL_13020,13020,CSC(CO)C(C)NC(=O)NCCc1c[nH]c2cccc(C)c12,0.1902797446460133,binned_cosine_1Da,98,False,predicted_spectrum,8524
CASMI2022,iceberg,completed,3,3,9,CASMI_MOL_1196790,CASMI_MOL_17347,17347,CN1CCN(Nc2ncnc(Nc3ccc(F)c(F)c3)c2N)CC1,0.19002645963334214,binned_cosine_1Da,99,False,predicted_spectrum,8524
CASMI2022,iceberg,completed,3,3,9,CASMI_MOL_1196790,CASMI_MOL_10263,10263,CN(C)CC(=O)N1CCC2(C1)CN(c1cccc(F)c1)C(=O)CO2,0.18969683839509416,binned_cosine_1Da,100,False,predicted_spectrum,8524
CASMI2022,iceberg,completed,4,4,10,CASMI_MOL_1196791,CASMI_MOL_19775,19775,CC(C)COC(=O)C(C#N)=Cc1ccc(OCCOc2ccc(OCc3ccccc3)cc2)cc1,0.5801537186767446,binned_cosine_1Da,1,False,predicted_spectrum,7594
CASMI2022,iceberg,completed,4,4,10,CASMI_MOL_1196791,CASMI_MOL_19778,19778,CC(C)COC(=O)C(C#N)=Cc1cccc(OCCOc2ccc(OCc3ccccc3)cc2)c1,0.5766849199430042,binned_cosine_1Da,2,False,predicted_spectrum,7594
CASMI2022,iceberg,completed,4,4,10,CASMI_MOL_1196791,CASMI_MOL_19777,19777,CCCCOC(=O)C(C#N)=Cc1cccc(OCCOc2ccc(OCc3ccccc3)cc2)c1,0.5721878086489272,binned_cosine_1Da,3,False,predicted_spectrum,7594
CASMI2022,iceberg,completed,4,4,10,CASMI_MOL_1196791,CASMI_MOL_19776,19776,CC(C)(C)OC(=O)C(C#N)=Cc1cccc(OCCOc2ccc(OCc3ccccc3)cc2)c1,0.569262975989776,binned_cosine_1Da,4,False,predicted_spectrum,7594
CASMI2022,iceberg,completed,4,4,10,CASMI_MOL_1196791,CASMI_MOL_25765,25765,COc1ccc(NC(=S)N(CCc2ccccc2C)Cc2cc3ccc(C)cc3[nH]c2=O)cc1,0.5393276572760273,binned_cosine_1Da,5,False,predicted_spectrum,7594
CASMI2022,iceberg,completed,4,4,10,CASMI_MOL_1196791,CASMI_MOL_19773,19773,CC(C)(C)OC(=O)C(C#N)=Cc1ccc(OCCOc2ccc(OCc3ccccc3)cc2)cc1,0.5351767555819654,binned_cosine_1Da,6,False,predicted_spectrum,7594
CASMI2022,iceberg,completed,4,4,10,CASMI_MOL_1196791,CASMI_MOL_19774,19774,CCCCOC(=O)C(C#N)=Cc1ccc(OCCOc2ccc(OCc3ccccc3)cc2)cc1,0.5329425678302798,binned_cosine_1Da,7,False,predicted_spectrum,7594
CASMI2022,iceberg,completed,4,4,10,CASMI_MOL_1196791,CASMI_MOL_22140,22140,CCOc1ccc2[nH]cc(CCNc3ncc([N+](=O)[O-])c(Nc4ccc5[nH]c(C)cc5c4)n3)c2c1,0.5286507219364354,binned_cosine_1Da,8,False,predicted_spectrum,7594
CASMI2022,iceberg,completed,4,4,10,CASMI_MOL_1196791,CASMI_MOL_19772,19772,CC(C)OC(=O)C(C#N)=Cc1cccc(OCCCOc2ccc(OCc3ccccc3)cc2)c1,0.518070670110414,binned_cosine_1Da,9,False,predicted_spectrum,7594
CASMI2022,iceberg,completed,4,4,10,CASMI_MOL_1196791,CASMI_MOL_25058,25058,Nc1ncnc2c1ncn2CC(=O)N(CCn1c(O)c2c(c1O)C1C=CC2C1)Cc1ccccc1,0.5060814962039387,binned_cosine_1Da,10,False,predicted_spectrum,7594
CASMI2022,iceberg,completed,4,4,10,CASMI_MOL_1196791,CASMI_MOL_25013,25013,CC1(CC(=O)N(OCc2ccccc2)C(=O)CC2(C)COc3ccccc32)COc2ccccc21,0.5046840131782967,binned_cosine_1Da,11,False,predicted_spectrum,7594
CASMI2022,iceberg,completed,4,4,10,CASMI_MOL_1196791,CASMI_MOL_20715,20715,O=C(O)CC1CCc2c1[nH]c1ccc(OCc3ccc(C4CCCC4)c(C(F)(F)CF)c3)cc21,0.5034638320630271,binned_cosine_1Da,12,False,predicted_spectrum,7594
CASMI2022,iceberg,completed,4,4,10,CASMI_MOL_1196791,CASMI_MOL_20712,20712,O=C(O)CC1CCc2c1[nH]c1ccc(OCc3ccc(C4CCCC4)c(C(F)C(F)F)c3)cc21,0.49983706465938266,binned_cosine_1Da,13,False,predicted_spectrum,7594
CASMI2022,iceberg,completed,4,4,10,CASMI_MOL_1196791,CASMI_MOL_25518,25518,Cc1cccc(NC(=O)CSc2cn(CCNC(=O)c3cc(C)cc(C)c3)c3ccccc23)c1,0.49815415142354924,binned_cosine_1Da,14,False,predicted_spectrum,7594
CASMI2022,iceberg,completed,4,4,10,CASMI_MOL_1196791,CASMI_MOL_19216,19216,C=Cc1sc(C=C(F)C=C(C#N)C(C=CC)=CC(=C)C(C)(C)c2ccccc2C)c(O)c1C=C,0.490384030783641,binned_cosine_1Da,15,False,predicted_spectrum,7594
CASMI2022,iceberg,completed,4,4,10,CASMI_MOL_1196791,CASMI_MOL_25425,25425,Cc1cc(C)cc(C(=O)NCCn2cc(SCC(=O)NCc3ccccc3)c3ccccc32)c1,0.4893327407925215,binned_cosine_1Da,16,False,predicted_spectrum,7594
CASMI2022,iceberg,completed,4,4,10,CASMI_MOL_1196791,CASMI_MOL_25448,25448,Cc1ccc(CN(CCc2c[nH]c3ccccc23)C(=O)CN(C(=O)c2cccs2)C2CC2)cc1,0.4893140485808885,binned_cosine_1Da,17,False,predicted_spectrum,7594
CASMI2022,iceberg,completed,4,4,10,CASMI_MOL_1196791,CASMI_MOL_25482,25482,O=[N+]([O-])c1c(N2CCN(c3ccccc3O)CC2)ncnc1N1CCc2c([nH]c3ccccc23)C1,0.48478615405807346,binned_cosine_1Da,18,False,predicted_spectrum,7594
CASMI2022,iceberg,completed,4,4,10,CASMI_MOL_1196791,CASMI_MOL_24143,24143,O=C(CN(C(=O)Cc1cccs1)C1CC1)N(CCc1c[nH]c2ccccc12)Cc1ccccc1,0.4838292449319332,binned_cosine_1Da,19,False,predicted_spectrum,7594
CASMI2022,iceberg,completed,4,4,10,CASMI_MOL_1196791,CASMI_MOL_25769,25769,CCc1ccccc1NC(=S)N(Cc1ccc(OC)cc1)Cc1cc2cccc(C)c2[nH]c1=O,0.4811343390049405,binned_cosine_1Da,20,False,predicted_spectrum,7594
CASMI2022,iceberg,completed,4,4,10,CASMI_MOL_1196791,CASMI_MOL_25568,25568,Cc1cc(C)cc(NC(=O)CSc2cn(CCNC(=O)c3ccccc3C)c3ccccc23)c1,0.47964782576061965,binned_cosine_1Da,21,False,predicted_spectrum,7594
CASMI2022,iceberg,completed,4,4,10,CASMI_MOL_1196791,CASMI_MOL_19590,19590,CCOC(=O)COc1c(C)ccc2c1CCCC(OC(=O)N(c1ccccc1)c1ccccc1)=C2,0.4726713858830664,binned_cosine_1Da,22,False,predicted_spectrum,7594
CASMI2022,iceberg,completed,4,4,10,CASMI_MOL_1196791,CASMI_MOL_25462,25462,CN1C(=CC(=O)COC(=O)c2ccccc2OCCOc2ccccc2)C(C)(C)c2ccccc21,0.4721507018947377,binned_cosine_1Da,23,False,predicted_spectrum,7594
CASMI2022,iceberg,completed,4,4,10,CASMI_MOL_1196791,CASMI_MOL_19946,19946,Cc1ccc(C(=O)N2CCc3ccc(C(CC(=O)O)c4cc5c(cc4C)OCO5)cc3C2)cc1C,0.4701903793716186,binned_cosine_1Da,24,False,predicted_spectrum,7594
CASMI2022,iceberg,completed,4,4,10,CASMI_MOL_1196791,CASMI_MOL_19948,19948,Cc1ccc(C(=O)N2CCc3ccc(C(CC(=O)O)c4cc5c(cc4C)OCO5)cc3C2)cc1C,0.4701903793716186,binned_cosine_1Da,25,False,predicted_spectrum,7594
CASMI2022,iceberg,completed,4,4,10,CASMI_MOL_1196791,CASMI_MOL_19949,19949,Cc1ccc(C(=O)N2CCc3ccc(C(CC(=O)O)c4cc5c(cc4C)OCO5)cc3C2)cc1C,0.4701903793716186,binned_cosine_1Da,26,False,predicted_spectrum,7594
CASMI2022,iceberg,completed,4,4,10,CASMI_MOL_1196791,CASMI_MOL_22581,22581,Cc1ccc2c(c1)C(COc1ccc(C(=O)N3c4ccccc4C(CC(=O)O)C3C)c(C)c1)CO2,0.46736981987383824,binned_cosine_1Da,27,False,predicted_spectrum,7594
CASMI2022,iceberg,completed,4,4,10,CASMI_MOL_1196791,CASMI_MOL_24911,24911,Cc1ccc(C=CC(=O)NC(=S)Nc2ccc(NC(=O)c3ccc(C(C)(C)C)cc3)cc2)cc1,0.4672190163970089,binned_cosine_1Da,28,False,predicted_spectrum,7594
CASMI2022,iceberg,completed,4,4,10,CASMI_MOL_1196791,CASMI_MOL_19771,19771,CC(C)OC(=O)C(C#N)=Cc1ccc(OCCCOc2ccc(OCc3ccccc3)cc2)cc1,0.46671922323074805,binned_cosine_1Da,29,False,predicted_spectrum,7594
CASMI2022,iceberg,completed,4,4,10,CASMI_MOL_1196791,CASMI_MOL_25532,25532,Cc1ccccc1C(=O)NCCn1cc(SCC(=O)NCCc2ccccc2)c2ccccc21,0.46568467193534857,binned_cosine_1Da,30,False,predicted_spectrum,7594
CASMI2022,iceberg,completed,4,4,10,CASMI_MOL_1196791,CASMI_MOL_20713,20713,O=C(O)CC1CCc2c1[nH]c1ccc(OCc3ccc(C4CCCC4)c(CC(F)(F)F)c3)cc21,0.4655788135972103,binned_cosine_1Da,31,False,predicted_spectrum,7594
CASMI2022,iceberg,completed,4,4,10,CASMI_MOL_1196791,CASMI_MOL_20714,20714,O=C(O)CC1CCc2c1[nH]c1ccc(OCc3ccc(C4CCCC4)c(CC(F)(F)F)c3)cc21,0.4655788135972103,binned_cosine_1Da,32,False,predicted_spectrum,7594
CASMI2022,iceberg,completed,4,4,10,CASMI_MOL_1196791,CASMI_MOL_24665,24665,Cc1cccc(OC(C)(Cc2ccc(OCCc3nc(-c4ccccc4)oc3C)cc2)C(=O)O)c1,0.46402114416385987,binned_cosine_1Da,33,False,predicted_spectrum,7594
CASMI2022,iceberg,completed,4,4,10,CASMI_MOL_1196791,CASMI_MOL_19550,19550,CC(C)(C)c1ccc(CC(NC(=O)Nc2ccc3ccccc3c2)c2ccc(C(N)=O)s2)cc1,0.46326030686944086,binned_cosine_1Da,34,False,predicted_spectrum,7594
CASMI2022,iceberg,completed,4,4,10,CASMI_MOL_1196791,CASMI_MOL_25338,25338,Cc1ccc(C)c(NC(=O)CSc2cn(CCNC(=O)c3ccccc3C)c3ccccc23)c1,0.4592066719854344,binned_cosine_1Da,35,False,predicted_spectrum,7594
CASMI2022,iceberg,completed,4,4,10,CASMI_MOL_1196791,CASMI_MOL_25517,25517,Cc1ccc(NC(=O)CSc2cn(CCNC(=O)c3cc(C)cc(C)c3)c3ccccc23)cc1,0.45895173281388213,binned_cosine_1Da,36,False,predicted_spectrum,7594
CASMI2022,iceberg,completed,4,4,10,CASMI_MOL_1196791,CASMI_MOL_25785,25785,COc1ccc(CN(Cc2cc3cc(C)ccc3[nH]c2=O)C(=S)NCCc2ccccc2)cc1,0.45892699385688007,binned_cosine_1Da,37,False,predicted_spectrum,7594
CASMI2022,iceberg,completed,4,4,10,CASMI_MOL_1196791,CASMI_MOL_19034,19034,CC(=O)OC1(Oc2ccc(C(C)(C)C)cc2)CC(C(=O)Nc2ccccc2)C(=O)c2ccccc21,0.4584724459290566,binned_cosine_1Da,38,False,predicted_spectrum,7594
CASMI2022,iceberg,completed,4,4,10,CASMI_MOL_1196791,CASMI_MOL_19395,19395,CCOC(=O)C=C(C=Cc1ccc(C=CC=Cc2ccc(N(CC)CC)cc2)s1)C(C#N)C#N,0.4573655104469539,binned_cosine_1Da,39,False,predicted_spectrum,7594
CASMI2022,iceberg,completed,4,4,10,CASMI_MOL_1196791,CASMI_MOL_22783,22783,CCCc1ccc(OCc2ccc(OCc3nc(-c4ccccc4)oc3C)cc2)c(CC(=O)O)c1,0.4554110693828818,binned_cosine_1Da,40,False,predicted_spectrum,7594
CASMI2022,iceberg,completed,4,4,10,CASMI_MOL_1196791,CASMI_MOL_25782,25782,COc1ccc(CN(Cc2cc3ccc(C)cc3[nH]c2=O)C(=S)NCCc2ccccc2)cc1,0.45526173861600155,binned_cosine_1Da,41,False,predicted_spectrum,7594
CASMI2022,iceberg,completed,4,4,10,CASMI_MOL_1196791,CASMI_MOL_25575,25575,Cc1ccccc1C(=O)NCCn1cc(SCC(=O)Nc2cccc(C)c2C)c2ccccc21,0.45494615460806337,binned_cosine_1Da,42,False,predicted_spectrum,7594
CASMI2022,iceberg,completed,4,4,10,CASMI_MOL_1196791,CASMI_MOL_18717,18717,Cc1ccc(C(O)C(C(=O)Oc2c(C)cc(C)cc2C)c2nc3cc(C)ccc3oc2=O)c(C)c1,0.4529593344077384,binned_cosine_1Da,43,False,predicted_spectrum,7594
CASMI2022,iceberg,completed,4,4,10,CASMI_MOL_1196791,CASMI_MOL_19882,19882,Cc1ccc(C(O)C(C(=O)Oc2c(C)cc(C)cc2C)c2nc3cc(C)ccc3oc2=O)c(C)c1,0.4529593344077384,binned_cosine_1Da,44,False,predicted_spectrum,7594
CASMI2022,iceberg,completed,4,4,10,CASMI_MOL_1196791,CASMI_MOL_22054,22054,Cc1ccc(C(O)C(C(=O)Oc2c(C)cc(C)cc2C)c2nc3cc(C)ccc3oc2=O)c(C)c1,0.4529593344077384,binned_cosine_1Da,45,False,predicted_spectrum,7594
CASMI2022,iceberg,completed,4,4,10,CASMI_MOL_1196791,CASMI_MOL_20763,20763,CN(C(=O)O)c1cccc(C(CN2CCC(O)C2)N(C)C(=O)COc2ccc3c(c2)OCO3)c1,0.4513649331479656,binned_cosine_1Da,46,False,predicted_spectrum,7594
CASMI2022,iceberg,completed,4,4,10,CASMI_MOL_1196791,CASMI_MOL_20764,20764,CN(C(=O)O)c1cccc(C(CN2CCC(O)C2)N(C)C(=O)COc2ccc3c(c2)OCO3)c1,0.4513649331479656,binned_cosine_1Da,47,False,predicted_spectrum,7594
CASMI2022,iceberg,completed,4,4,10,CASMI_MOL_1196791,CASMI_MOL_25779,25779,COc1ccc(CN(Cc2cc3cccc(C)c3[nH]c2=O)C(=S)NCCc2ccccc2)cc1,0.45094981237381776,binned_cosine_1Da,48,False,predicted_spectrum,7594
CASMI2022,iceberg,completed,4,4,10,CASMI_MOL_1196791,CASMI_MOL_19618,19618,COc1cc(-c2nn(CCO)c3ncnc(N)c23)ccc1NC(=O)Cc1cc2ccccc2n1C,0.4507520454581904,binned_cosine_1Da,49,False,predicted_spectrum,7594
CASMI2022,iceberg,completed,4,4,10,CASMI_MOL_1196791,CASMI_MOL_22582,22582,Cc1cc(OCC2COc3c(C)cccc32)ccc1C(=O)N1c2ccccc2C(CC(=O)O)C1C,0.44945020804004987,binned_cosine_1Da,50,False,predicted_spectrum,7594
CASMI2022,iceberg,completed,4,4,10,CASMI_MOL_1196791,CASMI_MOL_25156,25156,Cc1ccccc1OC(C)(Cc1ccc(OCCc2nc(-c3ccccc3)oc2C)cc1)C(=O)O,0.44745030774550915,binned_cosine_1Da,51,False,predicted_spectrum,7594
CASMI2022,iceberg,completed,4,4,10,CASMI_MOL_1196791,CASMI_MOL_22023,22023,CC(C)(CC(O)(Cc1ccccc1)C(=O)Nc1ccc2c(O)occ2c1)c1cccc2c1OCC2,0.4465054903563305,binned_cosine_1Da,52,False,predicted_spectrum,7594
CASMI2022,iceberg,completed,4,4,10,CASMI_MOL_1196791,CASMI_MOL_24912,24912,Cc1ccc(C=CC(=O)NC(=S)Nc2cccc(NC(=O)c3ccc(C(C)(C)C)cc3)c2)cc1,0.4463106430777817,binned_cosine_1Da,53,False,predicted_spectrum,7594
CASMI2022,iceberg,completed,4,4,10,CASMI_MOL_1196791,CASMI_MOL_25114,25114,CC(C)Oc1cccc(OCc2cccc(C(=O)n3cc(CCCC(=O)O)c4ccccc43)c2)c1,0.44313619305561475,binned_cosine_1Da,54,False,predicted_spectrum,7594
CASMI2022,iceberg,completed,4,4,10,CASMI_MOL_1196791,CASMI_MOL_24664,24664,Cc1ccc(OC(C)(Cc2ccc(OCCc3nc(-c4ccccc4)oc3C)cc2)C(=O)O)cc1,0.4424144167741067,binned_cosine_1Da,55,False,predicted_spectrum,7594
CASMI2022,iceberg,completed,4,4,10,CASMI_MOL_1196791,CASMI_MOL_25303,25303,Cc1ccc(S(=O)(=O)c2cnc3ccccc3c2N2CCN(c3cc(C)ccc3C)CC2)cc1,0.4420755914224957,binned_cosine_1Da,56,False,predicted_spectrum,7594
CASMI2022,iceberg,completed,4,4,10,CASMI_MOL_1196791,CASMI_MOL_23609,23609,Cc1ccc(COc2ccc(N=Nc3ccc(N=Nc4ccc(C)cc4)cc3)c3cccnc23)cc1,0.44055905212793933,binned_cosine_1Da,57,False,predicted_spectrum,7594
CASMI2022,iceberg,completed,4,4,10,CASMI_MOL_1196791,CASMI_MOL_20105,20105,COc1ccc2c(c1)OC(c1ccc(C(=O)O)cc1)CC2NC(=O)C1(c2ccccc2)CCCC1,0.4401635459439175,binned_cosine_1Da,58,False,predicted_spectrum,7594
CASMI2022,iceberg,completed,4,4,10,CASMI_MOL_1196791,CASMI_MOL_25607,25607,COc1ccc(CN(Cc2cc3cccc(C)c3[nH]c2=O)C(=S)NC(C)c2ccccc2)cc1,0.4392279721552879,binned_cosine_1Da,59,False,predicted_spectrum,7594
CASMI2022,iceberg,completed,4,4,10,CASMI_MOL_1196791,CASMI_MOL_25780,25780,COc1ccc(CN(Cc2cc3cccc(C)c3[nH]c2=O)C(=S)NC(C)c2ccccc2)cc1,0.4392279721552879,binned_cosine_1Da,60,False,predicted_spectrum,7594
CASMI2022,iceberg,completed,4,4,10,CASMI_MOL_1196791,CASMI_MOL_25781,25781,COc1ccc(CN(Cc2cc3cccc(C)c3[nH]c2=O)C(=S)NC(C)c2ccccc2)cc1,0.4392279721552879,binned_cosine_1Da,61,False,predicted_spectrum,7594
CASMI2022,iceberg,completed,4,4,10,CASMI_MOL_1196791,CASMI_MOL_24801,24801,CC(C)(C)CC(=O)Nc1cccc(SC(C(=O)Nc2ccc3cc[nH]c3c2)c2ccccc2)c1,0.4390370259243345,binned_cosine_1Da,62,False,predicted_spectrum,7594
CASMI2022,iceberg,completed,4,4,10,CASMI_MOL_1196791,CASMI_MOL_25437,25437,Cc1cccc(NC(=O)CSc2cn(CCNC(=O)c3ccc(C)c(C)c3)c3ccccc23)c1,0.4389943820465017,binned_cosine_1Da,63,False,predicted_spectrum,7594
CASMI2022,iceberg,completed,4,4,10,CASMI_MOL_1196791,CASMI_MOL_23945,23945,CCCc1c(OCCCCOc2ccc(C=CC(=O)O)cc2)ccc2c(-c3ccccc3)noc12,0.43873356869284535,binned_cosine_1Da,64,False,predicted_spectrum,7594
CASMI2022,iceberg,completed,4,4,10,CASMI_MOL_1196791,CASMI_MOL_23050,23050,CNC(=O)C(Cc1ccccc1)NC(=O)C(Cc1cc2cccc(OC)c2o1)C(O)CONO,0.4384693741532786,binned_cosine_1Da,65,False,predicted_spectrum,7594
CASMI2022,iceberg,completed,4,4,10,CASMI_MOL_1196791,CASMI_MOL_18444,18444,O=C(Cn1c(O)c2c(c1O)CC=CC2)NCCC1CN(c2ncnc3[nH]ncc23)c2ccccc21,0.4384513607592278,binned_cosine_1Da,66,False,predicted_spectrum,7594
CASMI2022,iceberg,completed,4,4,10,CASMI_MOL_1196791,CASMI_MOL_19387,19387,CN(N)Cc1ccc2c(c1)CCC2NC(=O)c1cc(C(=O)NCc2ccc3cnoc3c2)ncn1,0.4378122383434843,binned_cosine_1Da,67,False,predicted_spectrum,7594
CASMI2022,iceberg,completed,4,4,10,CASMI_MOL_1196791,CASMI_MOL_22629,22629,CCC(Cc1ccc(OCCc2nc(-c3ccccc3)oc2C)cc1)(Oc1ccccc1)C(=O)O,0.4374096641813882,binned_cosine_1Da,68,False,predicted_spectrum,7594
CASMI2022,iceberg,completed,4,4,10,CASMI_MOL_1196791,CASMI_MOL_25099,25099,CCC(Cc1ccc(OCCc2nc(-c3ccccc3)oc2C)cc1)(Oc1ccccc1)C(=O)O,0.4374096641813882,binned_cosine_1Da,69,False,predicted_spectrum,7594
CASMI2022,iceberg,completed,4,4,10,CASMI_MOL_1196791,CASMI_MOL_19947,19947,Cc1ccc(C(=O)N2CCc3ccc(C(CC(=O)O)c4ccc5c(c4C)OCO5)cc3C2)cc1C,0.43423861707636363,binned_cosine_1Da,70,False,predicted_spectrum,7594
CASMI2022,iceberg,completed,4,4,10,CASMI_MOL_1196791,CASMI_MOL_19950,19950,Cc1ccc(C(=O)N2CCc3ccc(C(CC(=O)O)c4ccc5c(c4C)OCO5)cc3C2)cc1C,0.43423861707636363,binned_cosine_1Da,71,False,predicted_spectrum,7594
CASMI2022,iceberg,completed,4,4,10,CASMI_MOL_1196791,CASMI_MOL_19951,19951,Cc1ccc(C(=O)N2CCc3ccc(C(CC(=O)O)c4ccc5c(c4C)OCO5)cc3C2)cc1C,0.43423861707636363,binned_cosine_1Da,72,False,predicted_spectrum,7594
CASMI2022,iceberg,completed,4,4,10,CASMI_MOL_1196791,CASMI_MOL_25440,25440,Cc1ccc(NC(=O)CSc2cn(CCNC(=O)c3ccccc3C)c3ccccc23)c(C)c1,0.4333817621735782,binned_cosine_1Da,73,False,predicted_spectrum,7594
CASMI2022,iceberg,completed,4,4,10,CASMI_MOL_1196791,CASMI_MOL_19580,19580,CC(N)(OC(=O)C(F)(F)F)C(=O)ON=C(CCC(=O)NC1CCCC1)CCc1ccccc1,0.43190736728114615,binned_cosine_1Da,74,False,predicted_spectrum,7594
CASMI2022,iceberg,completed,4,4,10,CASMI_MOL_1196791,CASMI_MOL_25605,25605,COc1ccc(CN(Cc2cc3ccc(C)cc3[nH]c2=O)C(=S)Nc2ccc(C)cc2C)cc1,0.4317636175072851,binned_cosine_1Da,75,False,predicted_spectrum,7594
CASMI2022,iceberg,completed,4,4,10,CASMI_MOL_1196791,CASMI_MOL_25313,25313,COc1ccc(CN(Cc2cc3ccc(C)cc3[nH]c2=O)C(=S)NC(C)c2ccccc2)cc1,0.4308784737792367,binned_cosine_1Da,76,False,predicted_spectrum,7594
CASMI2022,iceberg,completed,4,4,10,CASMI_MOL_1196791,CASMI_MOL_25608,25608,COc1ccc(CN(Cc2cc3ccc(C)cc3[nH]c2=O)C(=S)NC(C)c2ccccc2)cc1,0.4308784737792367,binned_cosine_1Da,77,False,predicted_spectrum,7594
CASMI2022,iceberg,completed,4,4,10,CASMI_MOL_1196791,CASMI_MOL_25783,25783,COc1ccc(CN(Cc2cc3ccc(C)cc3[nH]c2=O)C(=S)NC(C)c2ccccc2)cc1,0.4308784737792367,binned_cosine_1Da,78,False,predicted_spectrum,7594
CASMI2022,iceberg,completed,4,4,10,CASMI_MOL_1196791,CASMI_MOL_24441,24441,Cc1nc(NCCc2c(C)[nH]c3c(F)ccc(C)c23)cc(NCc2cccc(C(F)(F)F)c2)n1,0.4305598240997198,binned_cosine_1Da,79,False,predicted_spectrum,7594
CASMI2022,iceberg,completed,4,4,10,CASMI_MOL_1196791,CASMI_MOL_25383,25383,Cc1ccc(C(=O)NCCn2cc(SCC(=O)Nc3cccc(C)c3C)c3ccccc32)cc1,0.429216935773199,binned_cosine_1Da,80,False,predicted_spectrum,7594
CASMI2022,iceberg,completed,4,4,10,CASMI_MOL_1196791,CASMI_MOL_19383,19383,CC1=C(C(c2cccnc2)C2C(=O)c3cc(C)cc(C)c3OC2O)C(O)Oc2c(C)cc(C)cc21,0.4288764682658674,binned_cosine_1Da,81,False,predicted_spectrum,7594
CASMI2022,iceberg,completed,4,4,10,CASMI_MOL_1196791,CASMI_MOL_18861,18861,CN(C)c1cc2ccn(C)c2cc1SCC(C=O)NC(=O)c1cccc(Cc2ccccc2)c1,0.4285520360565784,binned_cosine_1Da,82,False,predicted_spectrum,7594
CASMI2022,iceberg,completed,4,4,10,CASMI_MOL_1196791,CASMI_MOL_20398,20398,O=C(CCC1NC(=O)c2ccccc2NC1=O)Nc1n[nH]c(CCCc2c[nH]c3ccccc23)n1,0.4285281598416329,binned_cosine_1Da,83,False,predicted_spectrum,7594
CASMI2022,iceberg,completed,4,4,10,CASMI_MOL_1196791,CASMI_MOL_20852,20852,O=C(CCC1NC(=O)c2ccccc2NC1=O)Nc1n[nH]c(CCCc2c[nH]c3ccccc23)n1,0.4285281598416329,binned_cosine_1Da,84,False,predicted_spectrum,7594
CASMI2022,iceberg,completed,4,4,10,CASMI_MOL_1196791,CASMI_MOL_21968,21968,O=C(CCC1NC(=O)c2ccccc2NC1=O)Nc1n[nH]c(CCCc2c[nH]c3ccccc23)n1,0.4285281598416329,binned_cosine_1Da,85,False,predicted_spectrum,7594
CASMI2022,iceberg,completed,4,4,10,CASMI_MOL_1196791,CASMI_MOL_23502,23502,CCCCN1C(=O)CCC(C(=O)OCc2cc(F)cc3c2OCOC3)C1c1ccccc1OC,0.42821505720245845,binned_cosine_1Da,86,False,predicted_spectrum,7594
CASMI2022,iceberg,completed,4,4,10,CASMI_MOL_1196791,CASMI_MOL_18447,18447,O=C(NCCC1CN(c2ncnc3[nH]ncc23)c2ccccc21)Nc1ccc2c(c1)OCCCO2,0.4266217495346109,binned_cosine_1Da,87,False,predicted_spectrum,7594
CASMI2022,iceberg,completed,4,4,10,CASMI_MOL_1196791,CASMI_MOL_23626,23626,Cc1c(C#CCOC(=O)N(c2ccccc2)c2ccccc2)cccc1OCC(=O)OC(C)(C)C,0.4265957093620087,binned_cosine_1Da,88,False,predicted_spectrum,7594
CASMI2022,iceberg,completed,4,4,10,CASMI_MOL_1196791,CASMI_MOL_18448,18448,Cc1nn(C)c(Oc2cccnc2)c1NC(=O)C=CC(=O)C(C#N)C1N(C)c2ccccc2N1C,0.4262966083805961,binned_cosine_1Da,89,False,predicted_spectrum,7594
CASMI2022,iceberg,completed,4,4,10,CASMI_MOL_1196791,CASMI_MOL_20674,20674,COc1ccc(CCC(=O)N2CCC3(CC2)OC(=O)c2ccccc23)cc1OCc1ccccc1,0.4262872419361163,binned_cosine_1Da,90,False,predicted_spectrum,7594
CASMI2022,iceberg,completed,4,4,10,CASMI_MOL_1196791,CASMI_MOL_25742,25742,CCc1ccccc1NC(=S)N(Cc1ccc(OC)cc1)Cc1cc2ccc(C)cc2[nH]c1=O,0.4258067359409246,binned_cosine_1Da,91,False,predicted_spectrum,7594
CASMI2022,iceberg,completed,4,4,10,CASMI_MOL_1196791,CASMI_MOL_25599,25599,CCc1ccc(NC(=S)N(Cc2ccc(OC)cc2)Cc2cc3cccc(C)c3[nH]c2=O)cc1,0.42530049847203455,binned_cosine_1Da,92,False,predicted_spectrum,7594
CASMI2022,iceberg,completed,4,4,10,CASMI_MOL_1196791,CASMI_MOL_24869,24869,CCOC(CN1C(=O)C(CC(=O)O)(NC(=O)Nc2ccc(CO)cc2)c2ccccc21)OCC,0.4247444638476968,binned_cosine_1Da,93,False,predicted_spectrum,7594
CASMI2022,iceberg,completed,4,4,10,CASMI_MOL_1196791,CASMI_MOL_21732,21732,CCCCn1c(=NN=Nc2ccc([N+](=O)[O-])cc2)n(N=Cc2ccc(OC)cc2)c2ccccc21,0.42326178053522245,binned_cosine_1Da,94,False,predicted_spectrum,7594
CASMI2022,iceberg,completed,4,4,10,CASMI_MOL_1196791,CASMI_MOL_22548,22548,CCCCn1c(=NN=Nc2ccc([N+](=O)[O-])cc2)n(N=Cc2ccc(OC)cc2)c2ccccc21,0.42326178053522245,binned_cosine_1Da,95,False,predicted_spectrum,7594
CASMI2022,iceberg,completed,4,4,10,CASMI_MOL_1196791,CASMI_MOL_25603,25603,CCc1ccccc1NC(=S)N(Cc1ccc(OC)cc1)Cc1cc2cc(C)ccc2[nH]c1=O,0.4224223727497589,binned_cosine_1Da,96,False,predicted_spectrum,7594
CASMI2022,iceberg,completed,4,4,10,CASMI_MOL_1196791,CASMI_MOL_19352,19352,C=CC(=CC=CCCC(=O)O)COc1cccc2c1N(Cc1ccc(C(F)(F)F)cc1)CCC2,0.4221044596102614,binned_cosine_1Da,97,False,predicted_spectrum,7594
CASMI2022,iceberg,completed,4,4,10,CASMI_MOL_1196791,CASMI_MOL_22926,22926,CC(CC(=O)N1CCc2sccc2C1c1ccccc1)C(=O)NCCc1c[nH]c2ccccc12,0.4204357480595379,binned_cosine_1Da,98,False,predicted_spectrum,7594
CASMI2022,iceberg,completed,4,4,10,CASMI_MOL_1196791,CASMI_MOL_23520,23520,CCN1CCN(c2ccc(NC(=O)COc3ccc(C4SCCCS4)cc3)c(C)c2)CC1,0.42012662661619976,binned_cosine_1Da,99,False,predicted_spectrum,7594
CASMI2022,iceberg,completed,4,4,10,CASMI_MOL_1196791,CASMI_MOL_22141,22141,CCOc1ccc2[nH]cc(CCc3nc(N)nc(Nc4ccc5[nH]c(C)cc5c4)c3[N+](=O)[O-])c2c1,0.4199875109990133,binned_cosine_1Da,100,False,predicted_spectrum,7594
CASMI2022,iceberg,completed,4,4,10,CASMI_MOL_1196791,CASMI_MOL_1196791,1196791,Cn1c(CNc2ccc(C(=N)N)cc2)nc2cc(C(=O)N(CCC(=O)O)c3ccccn3)ccc21,0.3113079611196266,binned_cosine_1Da,621,True,predicted_spectrum,7594
CASMI2022,iceberg,completed,5,5,11,CASMI_MOL_1196792,CASMI_MOL_26884,26884,CCCCCCCC(=O)Nc1nnc(SCCCCCCCCCCSc2nnc(NC(=O)CCCCCCC)s2)s1,0.2947906253129384,binned_cosine_1Da,1,False,predicted_spectrum,1074
CASMI2022,iceberg,completed,5,5,11,CASMI_MOL_1196792,CASMI_MOL_25824,25824,C=CC1(C)CC=CC(C)C(=O)OCC2OC(OC(C)(C=C)CC=CC(C)C(=O)OCC3OC(O1)C(O)C(O)C3O)C(O)C(O)C2O,0.2630258083339915,binned_cosine_1Da,2,False,predicted_spectrum,1074
CASMI2022,iceberg,completed,5,5,11,CASMI_MOL_1196792,CASMI_MOL_25928,25928,C=CC1(C)CC=CC(C)C(=O)OCC2OC(OC(C)(C=C)CC=CC(C)C(=O)OCC3OC(O1)C(O)C(O)C3O)C(O)C(O)C2O,0.2630258083339915,binned_cosine_1Da,3,False,predicted_spectrum,1074
CASMI2022,iceberg,completed,5,5,11,CASMI_MOL_1196792,CASMI_MOL_25929,25929,C=CC1(C)CC=CC(C)C(=O)OCC2OC(OC(C)(C=C)CC=CC(C)C(=O)OCC3OC(O1)C(O)C(O)C3O)C(O)C(O)C2O,0.2630258083339915,binned_cosine_1Da,4,False,predicted_spectrum,1074
CASMI2022,iceberg,completed,5,5,11,CASMI_MOL_1196792,CASMI_MOL_25934,25934,C=CC1(C)CC=CC(C)C(=O)OCC2OC(OC(C)(C=C)CC=CC(C)C(=O)OCC3OC(O1)C(O)C(O)C3O)C(O)C(O)C2O,0.2630258083339915,binned_cosine_1Da,5,False,predicted_spectrum,1074
CASMI2022,iceberg,completed,5,5,11,CASMI_MOL_1196792,CASMI_MOL_25936,25936,C=CC1(C)CC=CC(C)C(=O)OCC2OC(OC(C)(C=C)CC=CC(C)C(=O)OCC3OC(O1)C(O)C(O)C3O)C(O)C(O)C2O,0.2630258083339915,binned_cosine_1Da,6,False,predicted_spectrum,1074
CASMI2022,iceberg,completed,5,5,11,CASMI_MOL_1196792,CASMI_MOL_26024,26024,C=CC1(C)CC=CC(C)C(=O)OCC2OC(OC(C)(C=C)CC=CC(C)C(=O)OCC3OC(O1)C(O)C(O)C3O)C(O)C(O)C2O,0.2630258083339915,binned_cosine_1Da,7,False,predicted_spectrum,1074
CASMI2022,iceberg,completed,5,5,11,CASMI_MOL_1196792,CASMI_MOL_26329,26329,C=CC1(C)CC=CC(C)C(=O)OCC2OC(OC(C)(C=C)CC=CC(C)C(=O)OCC3OC(O1)C(O)C(O)C3O)C(O)C(O)C2O,0.2630258083339915,binned_cosine_1Da,8,False,predicted_spectrum,1074
CASMI2022,iceberg,completed,5,5,11,CASMI_MOL_1196792,CASMI_MOL_26736,26736,C=CC1(C)CC=CC(C)C(=O)OCC2OC(OC(C)(C=C)CC=CC(C)C(=O)OCC3OC(O1)C(O)C(O)C3O)C(O)C(O)C2O,0.2630258083339915,binned_cosine_1Da,9,False,predicted_spectrum,1074
CASMI2022,iceberg,completed,5,5,11,CASMI_MOL_1196792,CASMI_MOL_26737,26737,C=CC1(C)CC=CC(C)C(=O)OCC2OC(OC(C)(C=C)CC=CC(C)C(=O)OCC3OC(O1)C(O)C(O)C3O)C(O)C(O)C2O,0.2630258083339915,binned_cosine_1Da,10,False,predicted_spectrum,1074
CASMI2022,iceberg,completed,5,5,11,CASMI_MOL_1196792,CASMI_MOL_26765,26765,C=CC1(C)CC=CC(C)C(=O)OCC2OC(OC(C)(C=C)CC=CC(C)C(=O)OCC3OC(O1)C(O)C(O)C3O)C(O)C(O)C2O,0.2630258083339915,binned_cosine_1Da,11,False,predicted_spectrum,1074
CASMI2022,iceberg,completed,5,5,11,CASMI_MOL_1196792,CASMI_MOL_26766,26766,C=CC1(C)CC=CC(C)C(=O)OCC2OC(OC(C)(C=C)CC=CC(C)C(=O)OCC3OC(O1)C(O)C(O)C3O)C(O)C(O)C2O,0.2630258083339915,binned_cosine_1Da,12,False,predicted_spectrum,1074
CASMI2022,iceberg,completed,5,5,11,CASMI_MOL_1196792,CASMI_MOL_26799,26799,C=CC1(C)CC=CC(C)C(=O)OCC2OC(OC(C)(C=C)CC=CC(C)C(=O)OCC3OC(O1)C(O)C(O)C3O)C(O)C(O)C2O,0.2630258083339915,binned_cosine_1Da,13,False,predicted_spectrum,1074
CASMI2022,iceberg,completed,5,5,11,CASMI_MOL_1196792,CASMI_MOL_26817,26817,C=CC1(C)CC=CC(C)C(=O)OCC2OC(OC(C)(C=C)CC=CC(C)C(=O)OCC3OC(O1)C(O)C(O)C3O)C(O)C(O)C2O,0.2630258083339915,binned_cosine_1Da,14,False,predicted_spectrum,1074
CASMI2022,iceberg,completed,5,5,11,CASMI_MOL_1196792,CASMI_MOL_26852,26852,C=CC1(C)CC=CC(C)C(=O)OCC2OC(OC(C)(C=C)CC=CC(C)C(=O)OCC3OC(O1)C(O)C(O)C3O)C(O)C(O)C2O,0.2630258083339915,binned_cosine_1Da,15,False,predicted_spectrum,1074
CASMI2022,iceberg,completed,5,5,11,CASMI_MOL_1196792,CASMI_MOL_26876,26876,C=CC1(C)CC=CC(C)C(=O)OCC2OC(OC(C)(C=C)CC=CC(C)C(=O)OCC3OC(O1)C(O)C(O)C3O)C(O)C(O)C2O,0.2630258083339915,binned_cosine_1Da,16,False,predicted_spectrum,1074
CASMI2022,iceberg,completed,5,5,11,CASMI_MOL_1196792,CASMI_MOL_26517,26517,CCC(C)CC(OCC(O)C1COC2OC(OC3C(C)CCCC3OC(COC(=O)c3ccccc3)O1)C(O)C(O)C2O)C(=O)O,0.26154272687668234,binned_cosine_1Da,17,False,predicted_spectrum,1074
CASMI2022,iceberg,completed,5,5,11,CASMI_MOL_1196792,CASMI_MOL_26224,26224,CCCC(=O)OCC(OC(=O)CCC)C(OC(=O)CCC)C(Cn1c2nc(=O)[nH]c(=O)c-2nc2cc(C)c(C)cc21)OC(=O)CCC,0.25972374982119034,binned_cosine_1Da,18,False,predicted_spectrum,1074
CASMI2022,iceberg,completed,5,5,11,CASMI_MOL_1196792,CASMI_MOL_26227,26227,CCCC(=O)OCC(OC(=O)CCC)C(OC(=O)CCC)C(Cn1c2nc(=O)[nH]c(=O)c-2nc2cc(C)c(C)cc21)OC(=O)CCC,0.25972374982119034,binned_cosine_1Da,19,False,predicted_spectrum,1074
CASMI2022,iceberg,completed,5,5,11,CASMI_MOL_1196792,CASMI_MOL_26356,26356,CCCC(=O)OCC(OC(=O)CCC)C(OC(=O)CCC)C(Cn1c2nc(=O)[nH]c(=O)c-2nc2cc(C)c(C)cc21)OC(=O)CCC,0.25972374982119034,binned_cosine_1Da,20,False,predicted_spectrum,1074
CASMI2022,iceberg,completed,5,5,11,CASMI_MOL_1196792,CASMI_MOL_26739,26739,CCCC(=O)OCC(OC(=O)CCC)C(OC(=O)CCC)C(Cn1c2nc(=O)[nH]c(=O)c-2nc2cc(C)c(C)cc21)OC(=O)CCC,0.25972374982119034,binned_cosine_1Da,21,False,predicted_spectrum,1074
CASMI2022,iceberg,completed,5,5,11,CASMI_MOL_1196792,CASMI_MOL_26780,26780,CCCC(=O)OCC(OC(=O)CCC)C(OC(=O)CCC)C(Cn1c2nc(=O)[nH]c(=O)c-2nc2cc(C)c(C)cc21)OC(=O)CCC,0.25972374982119034,binned_cosine_1Da,22,False,predicted_spectrum,1074
CASMI2022,iceberg,completed,5,5,11,CASMI_MOL_1196792,CASMI_MOL_26794,26794,CCCC(=O)OCC(OC(=O)CCC)C(OC(=O)CCC)C(Cn1c2nc(=O)[nH]c(=O)c-2nc2cc(C)c(C)cc21)OC(=O)CCC,0.25972374982119034,binned_cosine_1Da,23,False,predicted_spectrum,1074
CASMI2022,iceberg,completed,5,5,11,CASMI_MOL_1196792,CASMI_MOL_26886,26886,CCCC(=O)OCC(OC(=O)CCC)C(OC(=O)CCC)C(Cn1c2nc(=O)[nH]c(=O)c-2nc2cc(C)c(C)cc21)OC(=O)CCC,0.25972374982119034,binned_cosine_1Da,24,False,predicted_spectrum,1074
CASMI2022,iceberg,completed,5,5,11,CASMI_MOL_1196792,CASMI_MOL_26887,26887,CCCC(=O)OCC(OC(=O)CCC)C(OC(=O)CCC)C(Cn1c2nc(=O)[nH]c(=O)c-2nc2cc(C)c(C)cc21)OC(=O)CCC,0.25972374982119034,binned_cosine_1Da,25,False,predicted_spectrum,1074
CASMI2022,iceberg,completed,5,5,11,CASMI_MOL_1196792,CASMI_MOL_1196792,1196792,CCCC(=O)OCC(OC(=O)CCC)C(OC(=O)CCC)C(Cn1c2nc(=O)[nH]c(=O)c-2nc2cc(C)c(C)cc21)OC(=O)CCC,0.25972374982119034,binned_cosine_1Da,26,True,predicted_spectrum,1074
CASMI2022,iceberg,completed,5,5,11,CASMI_MOL_1196792,CASMI_MOL_25874,25874,Cc1ccc(S(=O)(=O)OCCOCCOCCOCCOCCOCCOCCOCCOCCOCCOCCO)cc1,0.2454307164044287,binned_cosine_1Da,27,False,predicted_spectrum,1074
CASMI2022,iceberg,completed,5,5,11,CASMI_MOL_1196792,CASMI_MOL_26885,26885,CCCCC(CC)COC(=O)CSP(=O)(SCC(=O)OCC(CC)CCCC)SCC(=O)OCC(CC)CCCC,0.23599879058660475,binned_cosine_1Da,28,False,predicted_spectrum,1074
CASMI2022,iceberg,completed,5,5,11,CASMI_MOL_1196792,CASMI_MOL_26348,26348,CC(C)CCCCCOC(=O)CSP(=O)(SCC(=O)OCCCCCC(C)C)SCC(=O)OCCCCCC(C)C,0.2328266905059638,binned_cosine_1Da,29,False,predicted_spectrum,1074
CASMI2022,iceberg,completed,5,5,11,CASMI_MOL_1196792,CASMI_MOL_26388,26388,COC(=O)C=C1CC2CC(CO)OC(=O)CC(O)CC3CCCC(O)(CC4CCOC(C=CC(C)(C)C(O)(O2)C1OC(C)=O)O4)O3,0.22965063851459308,binned_cosine_1Da,30,False,predicted_spectrum,1074
CASMI2022,iceberg,completed,5,5,11,CASMI_MOL_1196792,CASMI_MOL_26331,26331,CC1CCC2C(CC3(Cc4ccc(F)cc4)C(=O)OC4OC5(C)CCC6C(C)CCC3C46OO5)C(=O)OC3OC4(C)CCC1C32OO4,0.22688991900357022,binned_cosine_1Da,31,False,predicted_spectrum,1074
CASMI2022,iceberg,completed,5,5,11,CASMI_MOL_1196792,CASMI_MOL_26706,26706,CC1CCC2C(CC3(Cc4ccc(F)cc4)C(=O)OC4OC5(C)CCC6C(C)CCC3C46OO5)C(=O)OC3OC4(C)CCC1C32OO4,0.22688991900357022,binned_cosine_1Da,32,False,predicted_spectrum,1074
CASMI2022,iceberg,completed,5,5,11,CASMI_MOL_1196792,CASMI_MOL_26815,26815,CC1CCC2C(CC3(Cc4ccc(F)cc4)C(=O)OC4OC5(C)CCC6C(C)CCC3C46OO5)C(=O)OC3OC4(C)CCC1C32OO4,0.22688991900357022,binned_cosine_1Da,33,False,predicted_spectrum,1074
CASMI2022,iceberg,completed,5,5,11,CASMI_MOL_1196792,CASMI_MOL_26605,26605,CCCCCC1COC(c2ccc(C3CCC(C4CCC(C(F)(F)Oc5cc(F)c(C=C(F)F)c(F)c5)CC4)CC3)c(F)c2)OC1,0.22407058923547926,binned_cosine_1Da,34,False,predicted_spectrum,1074
CASMI2022,iceberg,completed,5,5,11,CASMI_MOL_1196792,CASMI_MOL_26553,26553,Cc1cc(CC(NC(=O)N2CCC(N3Cc4sccc4NC3=O)CC2)C(=O)N2CCC(N3CCN(C)CC3)CC2)cc(Cl)c1N,0.22229493127256625,binned_cosine_1Da,35,False,predicted_spectrum,1074
CASMI2022,iceberg,completed,5,5,11,CASMI_MOL_1196792,CASMI_MOL_26330,26330,CC1CCC2C(CC3(Cc4cccc(F)c4)C(=O)OC4OC5(C)CCC6C(C)CCC3C46OO5)C(=O)OC3OC4(C)CCC1C32OO4,0.22177388113201837,binned_cosine_1Da,36,False,predicted_spectrum,1074
CASMI2022,iceberg,completed,5,5,11,CASMI_MOL_1196792,CASMI_MOL_26705,26705,CC1CCC2C(CC3(Cc4cccc(F)c4)C(=O)OC4OC5(C)CCC6C(C)CCC3C46OO5)C(=O)OC3OC4(C)CCC1C32OO4,0.22177388113201837,binned_cosine_1Da,37,False,predicted_spectrum,1074
CASMI2022,iceberg,completed,5,5,11,CASMI_MOL_1196792,CASMI_MOL_26818,26818,CC1CCC2C(CC3(Cc4cccc(F)c4)C(=O)OC4OC5(C)CCC6C(C)CCC3C46OO5)C(=O)OC3OC4(C)CCC1C32OO4,0.22177388113201837,binned_cosine_1Da,38,False,predicted_spectrum,1074
CASMI2022,iceberg,completed,5,5,11,CASMI_MOL_1196792,CASMI_MOL_26068,26068,Cc1c(CCCCCCCCCc2ccc(-c3ccc(OC(F)(F)F)cc3)c(C)c2C)ccc(-c2ccc(OC(F)(F)F)cc2)c1C,0.2171233582846419,binned_cosine_1Da,39,False,predicted_spectrum,1074
CASMI2022,iceberg,completed,5,5,11,CASMI_MOL_1196792,CASMI_MOL_26309,26309,CCCCCCCCn1c(=O)nc2n(CC(OC(C)=O)C(OC(C)=O)C(COC(C)=O)OC(C)=O)c3cc(C)c(C)cc3nc-2c1=O,0.2131878667925575,binned_cosine_1Da,40,False,predicted_spectrum,1074
CASMI2022,iceberg,completed,5,5,11,CASMI_MOL_1196792,CASMI_MOL_26546,26546,Cc1cc(CC(NC(=O)N2CCC(N3Cc4sccc4NC3=O)CC2)C(=O)N2CCN(C3CCN(C)CC3)CC2)cc(Cl)c1N,0.21314800485297383,binned_cosine_1Da,41,False,predicted_spectrum,1074
CASMI2022,iceberg,completed,5,5,11,CASMI_MOL_1196792,CASMI_MOL_26066,26066,Cc1cc(OC(F)(F)F)ccc1-c1cc(C)c(CCCCCCCc2c(C)cc(-c3ccc(OC(F)(F)F)cc3C)cc2C)c(C)c1,0.2082092899139229,binned_cosine_1Da,42,False,predicted_spectrum,1074
CASMI2022,iceberg,completed,5,5,11,CASMI_MOL_1196792,CASMI_MOL_26205,26205,CC(=O)N1CCN(C2CCC(n3nc(-c4ccc(Oc5ccccc5)c([N+](=O)[O-])c4)c4c(NC(=O)OC(C)(C)C)ncnc43)CC2)CC1,0.20768643311473453,binned_cosine_1Da,43,False,predicted_spectrum,1074
CASMI2022,iceberg,completed,5,5,11,CASMI_MOL_1196792,CASMI_MOL_26583,26583,CC(C)(C)OC(=O)C1CC(Oc2ccc(Cl)cn2)CN1C(=O)C(NC(=O)C(NC(=O)c1cnccn1)C1CCCCC1)C(C)(C)C,0.20295798691239395,binned_cosine_1Da,44,False,predicted_spectrum,1074
CASMI2022,iceberg,completed,5,5,11,CASMI_MOL_1196792,CASMI_MOL_26555,26555,Cc1cc(CC(NC(=O)N2CCC(N3Cc4cscc4NC3=O)CC2)C(=O)N2CCN(C3CCN(C)CC3)CC2)cc(Cl)c1N,0.20249667964283707,binned_cosine_1Da,45,False,predicted_spectrum,1074
CASMI2022,iceberg,completed,5,5,11,CASMI_MOL_1196792,CASMI_MOL_26318,26318,CC1OC(OC2C(OC3CCC4(C)C5=C(CCC4C3(C)C)C(O)OC(c3coc(O)c3)C5)OC(CO)C(O)C2O)C(O)C(O)C1O,0.20242919210037233,binned_cosine_1Da,46,False,predicted_spectrum,1074
CASMI2022,iceberg,completed,5,5,11,CASMI_MOL_1196792,CASMI_MOL_25897,25897,NCc1cccc(OCCOCCOCCOCCOCCOCCC(=O)Nc2cccc3c2CN(C2CCC(=O)NC2=O)C3=O)c1,0.20232662775585095,binned_cosine_1Da,47,False,predicted_spectrum,1074
CASMI2022,iceberg,completed,5,5,11,CASMI_MOL_1196792,CASMI_MOL_26432,26432,CCC(C=NCC(=O)OC)C(=O)C(Cc1cncn1C(c1ccccc1)(c1ccccc1)c1ccccc1)NC(=O)OCc1ccccc1,0.19512845692084715,binned_cosine_1Da,48,False,predicted_spectrum,1074
CASMI2022,iceberg,completed,5,5,11,CASMI_MOL_1196792,CASMI_MOL_26473,26473,CCC(C=NCC(=O)OC)C(=O)C(Cc1cncn1C(c1ccccc1)(c1ccccc1)c1ccccc1)NC(=O)OCc1ccccc1,0.19512845692084715,binned_cosine_1Da,49,False,predicted_spectrum,1074
CASMI2022,iceberg,completed,5,5,11,CASMI_MOL_1196792,CASMI_MOL_26659,26659,CC=CCOC(=O)C(C)(N)C(=O)C(Cc1cncn1C(c1ccccc1)(c1ccccc1)c1ccccc1)NC(=O)OCc1ccccc1,0.194693556670382,binned_cosine_1Da,50,False,predicted_spectrum,1074
CASMI2022,iceberg,completed,5,5,11,CASMI_MOL_1196792,CASMI_MOL_26009,26009,O=C(O)CN(CC(=O)O)CC(=O)NC(CCCCNC(=O)OCc1ccccc1)C(=O)NCCCCCC(=O)OCc1ccccc1,0.1926552683957036,binned_cosine_1Da,51,False,predicted_spectrum,1074
CASMI2022,iceberg,completed,5,5,11,CASMI_MOL_1196792,CASMI_MOL_26010,26010,O=C(O)CN(CC(=O)O)CC(=O)NC(CCCCNC(=O)OCc1ccccc1)C(=O)NCCCCCC(=O)OCc1ccccc1,0.1926552683957036,binned_cosine_1Da,52,False,predicted_spectrum,1074
CASMI2022,iceberg,completed,5,5,11,CASMI_MOL_1196792,CASMI_MOL_26052,26052,Cc1ccccc1C(C)COC(=O)Nc1cc(F)c(OCCN2CCCC2=O)c(CN(C)C(=O)CNc2ccc3c(N)nccc3c2)c1,0.19193225653490048,binned_cosine_1Da,53,False,predicted_spectrum,1074
CASMI2022,iceberg,completed,5,5,11,CASMI_MOL_1196792,CASMI_MOL_26373,26373,COc1cc2c(cc1OC)OCCOCCOCCOCCOc1cc(OC)c(OC)cc1OCCOCCOCCOCCO2,0.18585695367502844,binned_cosine_1Da,54,False,predicted_spectrum,1074
CASMI2022,iceberg,completed,5,5,11,CASMI_MOL_1196792,CASMI_MOL_26551,26551,Cc1cc(CC(NC(=O)N2CCC(N3Cc4cscc4NC3=O)CC2)C(=O)N2CCC(N3CCN(C)CC3)CC2)cc(Cl)c1N,0.18551214184818732,binned_cosine_1Da,55,False,predicted_spectrum,1074
CASMI2022,iceberg,completed,5,5,11,CASMI_MOL_1196792,CASMI_MOL_26714,26714,Cc1cc2c(C(=O)NCC3CCCCC3)c(O)c(O)cc2c(O)c1-c1c(C)cc2c(C(=O)NCC3CCCCC3)c(O)c(O)cc2c1O,0.18458242459512197,binned_cosine_1Da,56,False,predicted_spectrum,1074
CASMI2022,iceberg,completed,5,5,11,CASMI_MOL_1196792,CASMI_MOL_25945,25945,[H]OCC1OC(OC2C(O)C(CO[H])OC3OC32)C(C)C(OC2OC(CO[H])C3OC(=O)OC3C2OC2OC(C)C(C)C(C)C2C)C1O,0.18280758925559,binned_cosine_1Da,57,False,predicted_spectrum,1074
CASMI2022,iceberg,completed,5,5,11,CASMI_MOL_1196792,CASMI_MOL_26577,26577,[H]OCC1OC(OC2C(O)C(CO[H])OC3OC32)C(C)C(OC2OC(CO[H])C3OC(=O)OC3C2OC2OC(C)C(C)C(C)C2C)C1O,0.18280758925559,binned_cosine_1Da,58,False,predicted_spectrum,1074
CASMI2022,iceberg,completed,5,5,11,CASMI_MOL_1196792,CASMI_MOL_26554,26554,CCc1cc(CC(NC(=O)N2CCC(N3Cc4sccc4NC3=O)CC2)C(=O)N2CCN(C3CCNCC3)CC2)cc(Cl)c1N,0.1807464362017617,binned_cosine_1Da,59,False,predicted_spectrum,1074
CASMI2022,iceberg,completed,5,5,11,CASMI_MOL_1196792,CASMI_MOL_26563,26563,CC=C(C)C=CC1=C(C)C(=O)C(OC(=O)CCC(=O)OCC2OC(O)C(O)C(O)C2OC2OC(CC)C(O)C(O)C2O)CC1(C)C,0.17727730629641347,binned_cosine_1Da,60,False,predicted_spectrum,1074
CASMI2022,iceberg,completed,5,5,11,CASMI_MOL_1196792,CASMI_MOL_26255,26255,CC(COC(=O)CCCC=CCC1C(O)CC(O)C1C=CC(F)(F)COc1ccccc1)NC(=O)OCCCCCCO[N+](=O)[O-],0.17619865279526767,binned_cosine_1Da,61,False,predicted_spectrum,1074
CASMI2022,iceberg,completed,5,5,11,CASMI_MOL_1196792,CASMI_MOL_26256,26256,CC(COC(=O)CCCC=CCC1C(O)CC(O)C1C=CC(F)(F)COc1ccccc1)NC(=O)OCCCCCCO[N+](=O)[O-],0.17619865279526767,binned_cosine_1Da,62,False,predicted_spectrum,1074
CASMI2022,iceberg,completed,5,5,11,CASMI_MOL_1196792,CASMI_MOL_26257,26257,CC(COC(=O)CCCC=CCC1C(O)CC(O)C1C=CC(F)(F)COc1ccccc1)NC(=O)OCCCCCCO[N+](=O)[O-],0.17619865279526767,binned_cosine_1Da,63,False,predicted_spectrum,1074
CASMI2022,iceberg,completed,5,5,11,CASMI_MOL_1196792,CASMI_MOL_25869,25869,CC1OCC(OCC(COC2COC(C)OC2)OCC(S)COC(COC2COC(C)OC2)COC2COC(C)OC2)CO1,0.17485103082492967,binned_cosine_1Da,64,False,predicted_spectrum,1074
CASMI2022,iceberg,completed,5,5,11,CASMI_MOL_1196792,CASMI_MOL_26604,26604,CCCCCC1COC(C2CCC(c3ccc(C4CCC(C(F)(F)Oc5cc(F)c(C=C(F)F)c(F)c5)CC4)c(F)c3)CC2)OC1,0.17021648062286507,binned_cosine_1Da,65,False,predicted_spectrum,1074
CASMI2022,iceberg,completed,5,5,11,CASMI_MOL_1196792,CASMI_MOL_26446,26446,CC(=O)NCCN(CCC(=O)NCCOC1OC(CO)C(O)C(O)C1O)CCC(=O)NCCOC1OC(CO)C(O)C(O)C1O,0.16952940083473006,binned_cosine_1Da,66,False,predicted_spectrum,1074
CASMI2022,iceberg,completed,5,5,11,CASMI_MOL_1196792,CASMI_MOL_26878,26878,CC(C)CCN(C(CO)CCCCNC(=O)N(Cc1ccc(F)cc1)Cc1ccc2c(c1)OCCO2)S(=O)(=O)c1ccc(N)cc1,0.16721101894781268,binned_cosine_1Da,67,False,predicted_spectrum,1074
CASMI2022,iceberg,completed,5,5,11,CASMI_MOL_1196792,CASMI_MOL_26602,26602,CCCCCC1CCC(C2COC(c3ccc(C4CCC(C(F)(F)Oc5cc(F)c(C=C(F)F)c(F)c5)CC4)c(F)c3)OC2)CC1,0.16570522659054915,binned_cosine_1Da,68,False,predicted_spectrum,1074
CASMI2022,iceberg,completed,5,5,11,CASMI_MOL_1196792,CASMI_MOL_26763,26763,CCCCCC(=O)Oc1cc2c(cc1OC(=O)CCCCC)C1C(=O)N(Cc3ccc(OC)cc3)C2C(=O)N1Cc1ccc(OC)cc1,0.1635427946227557,binned_cosine_1Da,69,False,predicted_spectrum,1074
CASMI2022,iceberg,completed,5,5,11,CASMI_MOL_1196792,CASMI_MOL_26808,26808,CC(C)(C)OC(=O)C(C(C(=O)OC(C)(C)C)N1C(=O)NC2(CCCCC2)C1=O)=P(c1ccccc1)(c1ccccc1)c1ccccc1,0.16330711289166416,binned_cosine_1Da,70,False,predicted_spectrum,1074
CASMI2022,iceberg,completed,5,5,11,CASMI_MOL_1196792,CASMI_MOL_26126,26126,CCC1C2CN(C(=O)C(C3(C)COC3)NC(=O)OC3CC4CC4C3CCCCC(F)(F)c3nc4ccc(OC)cc4nc3O2)C1C=O,0.1622334020451164,binned_cosine_1Da,71,False,predicted_spectrum,1074
CASMI2022,iceberg,completed,5,5,11,CASMI_MOL_1196792,CASMI_MOL_26635,26635,CC(C)(C)NC(=O)N(Cc1ccc(F)cc1)CC(O)C(Cc1ccccc1)NC(=O)C(CC(N)=O)NC(=O)c1ccc2ccccc2n1,0.1620566202824932,binned_cosine_1Da,72,False,predicted_spectrum,1074
CASMI2022,iceberg,completed,5,5,11,CASMI_MOL_1196792,CASMI_MOL_26450,26450,C=C1CC23CCC4C(C)(C(=O)OC5OC(C(=O)O)C(O)C(O)C5O)CCCC4(C)C2CCC1(OC1OC(CO)C(O)C(O)C1O)C3,0.16163186161844176,binned_cosine_1Da,73,False,predicted_spectrum,1074
CASMI2022,iceberg,completed,5,5,11,CASMI_MOL_1196792,CASMI_MOL_25946,25946,CC(C)(C)OC1OC(C(=O)O)C(C(CNN)OC(C(=O)O)C(CNN)OC2OC(C(=O)O)C(C(C)(C)C)C(O)C2O)C(O)C1O,0.16127075966101728,binned_cosine_1Da,74,False,predicted_spectrum,1074
CASMI2022,iceberg,completed,5,5,11,CASMI_MOL_1196792,CASMI_MOL_26135,26135,CC(C)(C)OC1OC(C(=O)O)C(C(CNN)OC(C(=O)O)C(CNN)OC2OC(C(=O)O)C(C(C)(C)C)C(O)C2O)C(O)C1O,0.16127075966101728,binned_cosine_1Da,75,False,predicted_spectrum,1074
CASMI2022,iceberg,completed,5,5,11,CASMI_MOL_1196792,CASMI_MOL_26578,26578,CC(C)(C)OC1OC(C(=O)O)C(C(CNN)OC(C(=O)O)C(CNN)OC2OC(C(=O)O)C(C(C)(C)C)C(O)C2O)C(O)C1O,0.16127075966101728,binned_cosine_1Da,76,False,predicted_spectrum,1074
CASMI2022,iceberg,completed,5,5,11,CASMI_MOL_1196792,CASMI_MOL_26125,26125,COc1ccc(C(OCC2(CO)CCN(C(=O)CCCCCNC(=O)C(F)(F)F)CC2)(c2ccccc2)c2ccc(OC)cc2)cc1,0.15919421203093786,binned_cosine_1Da,77,False,predicted_spectrum,1074
CASMI2022,iceberg,completed,5,5,11,CASMI_MOL_1196792,CASMI_MOL_26310,26310,CCCCCCCCOc1c(C[P+]([O-])(OCC)OCC)cc(C[P+]([O-])(OCC)OCC)cc1C[P+]([O-])(OCC)OCC,0.1583730752212334,binned_cosine_1Da,78,False,predicted_spectrum,1074
CASMI2022,iceberg,completed,5,5,11,CASMI_MOL_1196792,CASMI_MOL_26543,26543,CCc1cc(CC(NC(=O)N2CCC(N3Cc4sccc4NC3=O)CC2)C(=O)N2CCC(N3CCNCC3)CC2)cc(Cl)c1N,0.15820436837492213,binned_cosine_1Da,79,False,predicted_spectrum,1074
CASMI2022,iceberg,completed,5,5,11,CASMI_MOL_1196792,CASMI_MOL_26200,26200,C=C(C=CC=CC)C(CN1CCC(OCCOCCOCCOCCOCCOC)C1)N(C)C(=O)Cc1ccc(Cl)c(Cl)c1,0.1568802642354306,binned_cosine_1Da,80,False,predicted_spectrum,1074
CASMI2022,iceberg,completed,5,5,11,CASMI_MOL_1196792,CASMI_MOL_25906,25906,COC(=O)NC(C(=O)NCC(F)CCC(CO)N(CCC(C)C)S(=O)(=O)c1ccc(N)cc1)C(c1ccccc1)c1ccccc1,0.1561134644191084,binned_cosine_1Da,81,False,predicted_spectrum,1074
CASMI2022,iceberg,completed,5,5,11,CASMI_MOL_1196792,CASMI_MOL_26070,26070,COC(=O)NC(C(=O)NCC(F)CCC(CO)N(CCC(C)C)S(=O)(=O)c1ccc(N)cc1)C(c1ccccc1)c1ccccc1,0.1561134644191084,binned_cosine_1Da,82,False,predicted_spectrum,1074
CASMI2022,iceberg,completed,5,5,11,CASMI_MOL_1196792,CASMI_MOL_26267,26267,COC(=O)NC(C(=O)NCC(F)CCC(CO)N(CCC(C)C)S(=O)(=O)c1ccc(N)cc1)C(c1ccccc1)c1ccccc1,0.1561134644191084,binned_cosine_1Da,83,False,predicted_spectrum,1074
CASMI2022,iceberg,completed,5,5,11,CASMI_MOL_1196792,CASMI_MOL_26436,26436,COC(=O)NC(C(=O)NCC(F)CCC(CO)N(CCC(C)C)S(=O)(=O)c1ccc(N)cc1)C(c1ccccc1)c1ccccc1,0.1561134644191084,binned_cosine_1Da,84,False,predicted_spectrum,1074
CASMI2022,iceberg,completed,5,5,11,CASMI_MOL_1196792,CASMI_MOL_26513,26513,COC(=O)NC(C(=O)NCC(F)CCC(CO)N(CCC(C)C)S(=O)(=O)c1ccc(N)cc1)C(c1ccccc1)c1ccccc1,0.1561134644191084,binned_cosine_1Da,85,False,predicted_spectrum,1074
CASMI2022,iceberg,completed,5,5,11,CASMI_MOL_1196792,CASMI_MOL_26630,26630,COC(=O)NC(C(=O)NCC(F)CCC(CO)N(CCC(C)C)S(=O)(=O)c1ccc(N)cc1)C(c1ccccc1)c1ccccc1,0.1561134644191084,binned_cosine_1Da,86,False,predicted_spectrum,1074
CASMI2022,iceberg,completed,5,5,11,CASMI_MOL_1196792,CASMI_MOL_26417,26417,CCCCC(CC)CSCC(=O)OP(=O)(OC(=O)CSCC(CC)CCCC)OC(=O)CSCC(CC)CCCC,0.1551336378345443,binned_cosine_1Da,87,False,predicted_spectrum,1074
CASMI2022,iceberg,completed,5,5,11,CASMI_MOL_1196792,CASMI_MOL_26374,26374,Fc1ccc(-c2ccc(-c3ccc(CCCCCCCCCc4cccc(-c5ccc(-c6ccc(F)c(F)c6)cc5)c4)cc3)cc2)cc1F,0.1544312130626586,binned_cosine_1Da,88,False,predicted_spectrum,1074
CASMI2022,iceberg,completed,5,5,11,CASMI_MOL_1196792,CASMI_MOL_26764,26764,CC=CCNC(C(=O)OC)C(=O)C(Cc1cncn1C(c1ccccc1)(c1ccccc1)c1ccccc1)NC(=O)OCc1ccccc1,0.1535022636573542,binned_cosine_1Da,89,False,predicted_spectrum,1074
CASMI2022,iceberg,completed,5,5,11,CASMI_MOL_1196792,CASMI_MOL_26729,26729,COc1cc(OS(=O)(=O)CCCN(C)CCN(C)C)ccc1-c1ccc2c(c1COc1cc(F)ccc1C)N(C)C(=O)C(C)(C)N2,0.15342661703124444,binned_cosine_1Da,90,False,predicted_spectrum,1074
CASMI2022,iceberg,completed,5,5,11,CASMI_MOL_1196792,CASMI_MOL_26380,26380,CCCCC1CCC(CCC2CCC(C(F)(F)OC3CCC(C(F)(F)Oc4cc(F)c(OC=C(F)F)c(F)c4)CC3)CC2)OC1,0.14976406589450764,binned_cosine_1Da,91,False,predicted_spectrum,1074
CASMI2022,iceberg,completed,5,5,11,CASMI_MOL_1196792,CASMI_MOL_26741,26741,CC(C=CCC(=O)N(CCO)Cc1ccccc1)C1(O)C(=O)N(Cc2ccc(NC(=O)Cc3c[nH]c4ccccc34)cc2)c2ccccc21,0.14967639311753675,binned_cosine_1Da,92,False,predicted_spectrum,1074
CASMI2022,iceberg,completed,5,5,11,CASMI_MOL_1196792,CASMI_MOL_26760,26760,CC(C=CCC(=O)N(CCO)Cc1ccccc1)C1(O)C(=O)N(Cc2ccc(NC(=O)Cc3c[nH]c4ccccc34)cc2)c2ccccc21,0.14967639311753675,binned_cosine_1Da,93,False,predicted_spectrum,1074
CASMI2022,iceberg,completed,5,5,11,CASMI_MOL_1196792,CASMI_MOL_26545,26545,Cc1cc(CC(NC(=O)N2CCC(N3Cc4ccsc4NC3=O)CC2)C(=O)N2CCC(N3CCN(C)CC3)CC2)cc(Cl)c1N,0.14954540151494225,binned_cosine_1Da,94,False,predicted_spectrum,1074
CASMI2022,iceberg,completed,5,5,11,CASMI_MOL_1196792,CASMI_MOL_26547,26547,Cc1cc(CC(NC(=O)N2CCC(N3Cc4ccsc4NC3=O)CC2)C(=O)N2CCN(C3CCN(C)CC3)CC2)cc(Cl)c1N,0.14695230051388106,binned_cosine_1Da,95,False,predicted_spectrum,1074
CASMI2022,iceberg,completed,5,5,11,CASMI_MOL_1196792,CASMI_MOL_26116,26116,COc1ccc(C=C(N=C(C)CCCCC(C)C=Cc2ccc(F)cc2)C(=O)NCC(C)C(=O)OC(CC(C)C)C(=O)O)cc1Cl,0.14637907066516764,binned_cosine_1Da,96,False,predicted_spectrum,1074
CASMI2022,iceberg,completed,5,5,11,CASMI_MOL_1196792,CASMI_MOL_26049,26049,CC(C)c1cc2c(c(O)c1OC1OC(CO)C(O)C(O)C1O)C1(C)CCCC(C)(C(=O)OC3OC(CO)C(O)C(O)C3O)C1CC2,0.1455958027095332,binned_cosine_1Da,97,False,predicted_spectrum,1074
CASMI2022,iceberg,completed,5,5,11,CASMI_MOL_1196792,CASMI_MOL_26263,26263,CC(C)c1cc2c(c(O)c1OC1OC(CO)C(O)C(O)C1O)C1(C)CCCC(C)(C(=O)OC3OC(CO)C(O)C(O)C3O)C1CC2,0.1455958027095332,binned_cosine_1Da,98,False,predicted_spectrum,1074
CASMI2022,iceberg,completed,5,5,11,CASMI_MOL_1196792,CASMI_MOL_26411,26411,CC=CCN(CC(=O)OC)C(=O)C(Cc1cncn1C(c1ccccc1)(c1ccccc1)c1ccccc1)NC(=O)OCc1ccccc1,0.1455236080914445,binned_cosine_1Da,99,False,predicted_spectrum,1074
CASMI2022,iceberg,completed,5,5,11,CASMI_MOL_1196792,CASMI_MOL_25916,25916,CC(=O)NC1C(OCc2ccccc2)OC2COC(c3ccccc3)OC2C1OC(C)C(=O)NNC(=O)C(C)NC(=O)OC(C)(C)C,0.1453119937262854,binned_cosine_1Da,100,False,predicted_spectrum,1074
CASMI2022,iceberg,completed,6,6,15,CASMI_MOL_1196793,CASMI_MOL_27039,27039,CC=C(C)C(=O)OC(C)C(C)(O)C(=O)OC1CC(C)(C)C2CC=C(C)C(CC=C(C)CC(=O)O)C2(C)C1,0.6145216740233898,binned_cosine_1Da,1,False,predicted_spectrum,1524
CASMI2022,iceberg,completed,6,6,15,CASMI_MOL_1196793,CASMI_MOL_27040,27040,CC=C(C)C(=O)OC(C)C(C)(O)C(=O)OC1CC(C)(C)C2CC=C(C)C(CC=C(C)CC(=O)O)C2(C)C1,0.6145216740233898,binned_cosine_1Da,2,False,predicted_spectrum,1524
CASMI2022,iceberg,completed,6,6,15,CASMI_MOL_1196793,CASMI_MOL_27696,27696,CCCC=CC1CC2(C)C(=CC1=O)CCC1C2C(OCOC)CC2(C)C1CCC2C1(OCO)COCO1,0.5963552861544775,binned_cosine_1Da,3,False,predicted_spectrum,1524
CASMI2022,iceberg,completed,6,6,15,CASMI_MOL_1196793,CASMI_MOL_28163,28163,Oc1c(C2CCCC2)cc(CSCc2cc(C3CCCC3)c(O)c(C3CCCC3)c2)cc1C1CCCC1,0.5711287562300456,binned_cosine_1Da,4,False,predicted_spectrum,1524
CASMI2022,iceberg,completed,6,6,15,CASMI_MOL_1196793,CASMI_MOL_27878,27878,CCCCCC=CC=C1CCC(=O)C1CC=CCCC(OC1CCCCO1)(OC1CCCCO1)C(=O)O,0.5707054228264643,binned_cosine_1Da,5,False,predicted_spectrum,1524
CASMI2022,iceberg,completed,6,6,15,CASMI_MOL_1196793,CASMI_MOL_27517,27517,CCC=CCC=CCC=CCC=CCC=CCC=CCCC(=O)NCC(=O)CNC(=O)c1cnc(C)cn1,0.5582681076174294,binned_cosine_1Da,6,False,predicted_spectrum,1524
CASMI2022,iceberg,completed,6,6,15,CASMI_MOL_1196793,CASMI_MOL_28162,28162,Oc1c(CSCc2cc(C3CCCC3)cc(C3CCCC3)c2O)cc(C2CCCC2)cc1C1CCCC1,0.5451654739697142,binned_cosine_1Da,7,False,predicted_spectrum,1524
CASMI2022,iceberg,completed,6,6,15,CASMI_MOL_1196793,CASMI_MOL_27512,27512,COC1C=CC(C)C2OC(O)(C(C)C(=O)OC(c3ccccc3)CCCCC1OC)C(OC)C(C)C2C,0.5433471676008639,binned_cosine_1Da,8,False,predicted_spectrum,1524
CASMI2022,iceberg,completed,6,6,15,CASMI_MOL_1196793,CASMI_MOL_27868,27868,COC1C=CC(C)C2OC(O)(C(C)C(=O)OC(c3ccccc3)CCCCC1OC)C(OC)C(C)C2C,0.5433471676008639,binned_cosine_1Da,9,False,predicted_spectrum,1524
CASMI2022,iceberg,completed,6,6,15,CASMI_MOL_1196793,CASMI_MOL_28278,28278,COC1CC(C2COC(C)(C)O2)OC(=O)C(C)=CC(C)=CC(C)=CC(C)C(O)C=CC(C)=CCCC1O,0.5431478616390378,binned_cosine_1Da,10,False,predicted_spectrum,1524
CASMI2022,iceberg,completed,6,6,15,CASMI_MOL_1196793,CASMI_MOL_27026,27026,CC(=O)OC1CC(O)CC2C=CC3C4CCC(C(C)(O)C(O)CC5OCC(=O)C5C)C4(C)CCC3C21C,0.5362268113163441,binned_cosine_1Da,11,False,predicted_spectrum,1524
CASMI2022,iceberg,completed,6,6,15,CASMI_MOL_1196793,CASMI_MOL_27027,27027,CC(=O)OC1CC(O)CC2C=CC3C4CCC(C(C)(O)C(O)CC5OCC(=O)C5C)C4(C)CCC3C21C,0.5362268113163441,binned_cosine_1Da,12,False,predicted_spectrum,1524
CASMI2022,iceberg,completed,6,6,15,CASMI_MOL_1196793,CASMI_MOL_27028,27028,CC(=O)OC1CC(O)CC2C=CC3C4CCC(C(C)(O)C(O)CC5OCC(=O)C5C)C4(C)CCC3C21C,0.5362268113163441,binned_cosine_1Da,13,False,predicted_spectrum,1524
CASMI2022,iceberg,completed,6,6,15,CASMI_MOL_1196793,CASMI_MOL_27300,27300,C=C(CO)C(=O)OCC(COC(=O)C(C)CO)C1CCC(CCc2ccc(CCCC(C)C)cc2)CO1,0.5273401974945974,binned_cosine_1Da,14,False,predicted_spectrum,1524
CASMI2022,iceberg,completed,6,6,15,CASMI_MOL_1196793,CASMI_MOL_27984,27984,CCCC#CCCCC1CCC(=O)C1CC=CCCC(OC1CCCCO1)(OC1CCCCO1)C(=O)O,0.5262198307522049,binned_cosine_1Da,15,False,predicted_spectrum,1524
CASMI2022,iceberg,completed,6,6,15,CASMI_MOL_1196793,CASMI_MOL_27249,27249,CC(C=CC(OC(=O)c1ccccc1)C(C)C)=C1CCC2C3CC=C4CC(S)CCC4(C)C3CCC12C,0.5190367548408923,binned_cosine_1Da,16,False,predicted_spectrum,1524
CASMI2022,iceberg,completed,6,6,15,CASMI_MOL_1196793,CASMI_MOL_28164,28164,Oc1c(CSCc2cc(C3CCCC3)c(O)c(C3CCCC3)c2)cc(C2CCCC2)cc1C1CCCC1,0.514094479498477,binned_cosine_1Da,17,False,predicted_spectrum,1524
CASMI2022,iceberg,completed,6,6,15,CASMI_MOL_1196793,CASMI_MOL_28319,28319,Cc1cc(C2CCCC2)c(O)c(Sc2c(O)c(C3CCCC3)cc(C)c2C2CCCC2)c1C1CCCC1,0.5064736620439545,binned_cosine_1Da,18,False,predicted_spectrum,1524
CASMI2022,iceberg,completed,6,6,15,CASMI_MOL_1196793,CASMI_MOL_28010,28010,CC=CC1C=C2CC(=O)C(C)C(CCC3CC(CC(=O)OC)OC(C)(C)O3)C2C(OC(=O)C(C)CC)C1,0.5025679631560462,binned_cosine_1Da,19,False,predicted_spectrum,1524
CASMI2022,iceberg,completed,6,6,15,CASMI_MOL_1196793,CASMI_MOL_27257,27257,CC1(C)C(OC2CC(O)C(O)CO2)CCC23CC24CCC2(C)C5CCC(CO)OC5C(=O)C2C4CCC13,0.5020295874819427,binned_cosine_1Da,20,False,predicted_spectrum,1524
CASMI2022,iceberg,completed,6,6,15,CASMI_MOL_1196793,CASMI_MOL_27648,27648,CC(=O)OC1CC2(C)C(=CC13SCCS3)CCC1C2CCC2(C)C(C(C)CCCC(C)C)CCC12,0.4909814446575439,binned_cosine_1Da,21,False,predicted_spectrum,1524
CASMI2022,iceberg,completed,6,6,15,CASMI_MOL_1196793,CASMI_MOL_27433,27433,CC1(C(=O)O)CC2C3=CCC4C5(C)CCC(O)C(C)(CO)C5CCC4(C)C3(C)CCC2(C(=O)O)CC1O,0.47316357505032713,binned_cosine_1Da,22,False,predicted_spectrum,1524
CASMI2022,iceberg,completed,6,6,15,CASMI_MOL_1196793,CASMI_MOL_27434,27434,CC1(C(=O)O)CC2C3=CCC4C5(C)CCC(O)C(C)(CO)C5CCC4(C)C3(C)CCC2(C(=O)O)CC1O,0.47316357505032713,binned_cosine_1Da,23,False,predicted_spectrum,1524
CASMI2022,iceberg,completed,6,6,15,CASMI_MOL_1196793,CASMI_MOL_27759,27759,C=C(C)C1CCC(C)=CC1c1c(O)cc(CCCCC)cc1OC(=O)COCCOCCOCCOC,0.46447706654641646,binned_cosine_1Da,24,False,predicted_spectrum,1524
CASMI2022,iceberg,completed,6,6,15,CASMI_MOL_1196793,CASMI_MOL_28098,28098,C=C(C)C1CCC(C)=CC1c1c(O)cc(CCCCC)cc1OC(=O)COCCOCCOCCOC,0.46447706654641646,binned_cosine_1Da,25,False,predicted_spectrum,1524
CASMI2022,iceberg,completed,6,6,15,CASMI_MOL_1196793,CASMI_MOL_27378,27378,C=C(C)C1CCC(C)=CC1c1c(O)cc(CCCCC)cc1OCCOCCOCCOCCC(=O)O,0.4586057106409583,binned_cosine_1Da,26,False,predicted_spectrum,1524
CASMI2022,iceberg,completed,6,6,15,CASMI_MOL_1196793,CASMI_MOL_27609,27609,CC1(C)CCC2(C(=O)O)CCC3(C)C(=CCC4C5(C)CC(O)C(O)C(C)(C(=O)O)C5C(O)CC43C)C2C1,0.4568818676539175,binned_cosine_1Da,27,False,predicted_spectrum,1524
CASMI2022,iceberg,completed,6,6,15,CASMI_MOL_1196793,CASMI_MOL_27811,27811,C=CC(CCC=C(C)C)(Cc1ccc(C)cc1)S(=O)(=O)C(C=C)(CCC=C(C)C)Cc1ccc(C)cc1,0.4548249455528009,binned_cosine_1Da,28,False,predicted_spectrum,1524
CASMI2022,iceberg,completed,6,6,15,CASMI_MOL_1196793,CASMI_MOL_27270,27270,CCCCCc1cc(OC(=O)COCCOCCOCCOC)c2c(c1)OC(C)(C)C1CCC(C)=CC21,0.45036258939668683,binned_cosine_1Da,29,False,predicted_spectrum,1524
CASMI2022,iceberg,completed,6,6,15,CASMI_MOL_1196793,CASMI_MOL_27348,27348,CCCCCc1cc(OC(=O)COCCOCCOCCOC)c2c(c1)OC(C)(C)C1CCC(C)=CC21,0.45036258939668683,binned_cosine_1Da,30,False,predicted_spectrum,1524
CASMI2022,iceberg,completed,6,6,15,CASMI_MOL_1196793,CASMI_MOL_27720,27720,CCCCCc1cc(OC(=O)COCCOCCOCCOC)c2c(c1)OC(C)(C)C1CCC(C)=CC21,0.45036258939668683,binned_cosine_1Da,31,False,predicted_spectrum,1524
CASMI2022,iceberg,completed,6,6,15,CASMI_MOL_1196793,CASMI_MOL_28078,28078,CCCCCc1cc(OC(=O)COCCOCCOCCOC)c2c(c1)OC(C)(C)C1CCC(C)=CC21,0.45036258939668683,binned_cosine_1Da,32,False,predicted_spectrum,1524
CASMI2022,iceberg,completed,6,6,15,CASMI_MOL_1196793,CASMI_MOL_27080,27080,CC(=CCCC(C)=CCc1cc(OC2OCC(O)C(O)C2O)c(C)c(C)c1O)CCC=C(C)CCCO,0.4494076057303714,binned_cosine_1Da,33,False,predicted_spectrum,1524
CASMI2022,iceberg,completed,6,6,15,CASMI_MOL_1196793,CASMI_MOL_28282,28282,CC(=CCCC(C)=CCc1cc(OC2OCC(O)C(O)C2O)c(C)c(C)c1O)CCC=C(C)CCCO,0.4494076057303714,binned_cosine_1Da,34,False,predicted_spectrum,1524
CASMI2022,iceberg,completed,6,6,15,CASMI_MOL_1196793,CASMI_MOL_28271,28271,COC(=O)C1(COC(C)=O)CCC2(C)C(CCC3C4(C)CCC(OC(C)=O)C(C)(C)C4CCC32C)C1=O,0.44631803412954113,binned_cosine_1Da,35,False,predicted_spectrum,1524
CASMI2022,iceberg,completed,6,6,15,CASMI_MOL_1196793,CASMI_MOL_28303,28303,COC(=O)C1(COC(C)=O)CCC2(C)C(CCC3C4(C)CCC(OC(C)=O)C(C)(C)C4CCC32C)C1=O,0.44631803412954113,binned_cosine_1Da,36,False,predicted_spectrum,1524
CASMI2022,iceberg,completed,6,6,15,CASMI_MOL_1196793,CASMI_MOL_27032,27032,CC(C)(O)C(O)C1CC(C2CC=C3C2(C)CC(O)C2C4(C)C=CC(=O)C(C)(C)C4CC(O)C32C)C(O)O1,0.4430055629855124,binned_cosine_1Da,37,False,predicted_spectrum,1524
CASMI2022,iceberg,completed,6,6,15,CASMI_MOL_1196793,CASMI_MOL_27033,27033,CC(C)(O)C(O)C1CC(C2CC=C3C2(C)CC(O)C2C4(C)C=CC(=O)C(C)(C)C4CC(O)C32C)C(O)O1,0.4430055629855124,binned_cosine_1Da,38,False,predicted_spectrum,1524
CASMI2022,iceberg,completed,6,6,15,CASMI_MOL_1196793,CASMI_MOL_27601,27601,CC(C)(O)C(O)C1CC(C2CC=C3C2(C)CC(O)C2C4(C)C=CC(=O)C(C)(C)C4CC(O)C32C)C(O)O1,0.4430055629855124,binned_cosine_1Da,39,False,predicted_spectrum,1524
CASMI2022,iceberg,completed,6,6,15,CASMI_MOL_1196793,CASMI_MOL_27431,27431,CC1(C(=O)O)CCC2(C(=O)O)C(O)CC3(C)C(=CCC4C5(C)CCC(O)C(C)(CO)C5CCC43C)C2C1,0.4426544673788314,binned_cosine_1Da,40,False,predicted_spectrum,1524
CASMI2022,iceberg,completed,6,6,15,CASMI_MOL_1196793,CASMI_MOL_27432,27432,CC1(C(=O)O)CCC2(C(=O)O)C(O)CC3(C)C(=CCC4C5(C)CCC(O)C(C)(CO)C5CCC43C)C2C1,0.4426544673788314,binned_cosine_1Da,41,False,predicted_spectrum,1524
CASMI2022,iceberg,completed,6,6,15,CASMI_MOL_1196793,CASMI_MOL_27728,27728,CCCCCC(C=CC1C(=O)CC(OC2CCCCO2)C1CC=CC=CCC(=O)O)OC1CCCCO1,0.43921529741781046,binned_cosine_1Da,42,False,predicted_spectrum,1524
CASMI2022,iceberg,completed,6,6,15,CASMI_MOL_1196793,CASMI_MOL_27975,27975,CCCCCC(C=CC1C(=O)CC(OC2CCCCO2)C1CC=CC=CCC(=O)O)OC1CCCCO1,0.43921529741781046,binned_cosine_1Da,43,False,predicted_spectrum,1524
CASMI2022,iceberg,completed,6,6,15,CASMI_MOL_1196793,CASMI_MOL_28248,28248,CCCCCC(C=CC1C(=O)CC(OC2CCCCO2)C1CC=CC=CCC(=O)O)OC1CCCCO1,0.43921529741781046,binned_cosine_1Da,44,False,predicted_spectrum,1524
CASMI2022,iceberg,completed,6,6,15,CASMI_MOL_1196793,CASMI_MOL_28333,28333,CCCCCc1ccc(C(=O)N2CCC3(CC2)C(=O)N(CC(=O)NCCCC)CN3c2ccccc2)cc1,0.43806475560907016,binned_cosine_1Da,45,False,predicted_spectrum,1524
CASMI2022,iceberg,completed,6,6,15,CASMI_MOL_1196793,CASMI_MOL_28361,28361,CCCCCc1ccc(C(=O)N2CCC3(CC2)C(=O)N(CC(=O)N(CC)CC)CN3c2ccccc2)cc1,0.4366822783832787,binned_cosine_1Da,46,False,predicted_spectrum,1524
CASMI2022,iceberg,completed,6,6,15,CASMI_MOL_1196793,CASMI_MOL_27403,27403,CCCCCCCCCCCCSCCc1ccc(OCc2ccccc2)c(OCc2ccccc2)c1,0.433763212199157,binned_cosine_1Da,47,False,predicted_spectrum,1524
CASMI2022,iceberg,completed,6,6,15,CASMI_MOL_1196793,CASMI_MOL_27446,27446,CC(C)(C)OC(=O)N1CCC(N(Cc2ccccc2)C(=O)CNc2cccc3c2CCN(CC2CC2)C3)C1,0.4326498585469388,binned_cosine_1Da,48,False,predicted_spectrum,1524
CASMI2022,iceberg,completed,6,6,15,CASMI_MOL_1196793,CASMI_MOL_27910,27910,CCOc1cc2c(c(F)c1F)OC(C1CCC(C(=O)OC3CCC(C4CCC(C)CC4)CC3)CC1)CC2,0.42881325168569956,binned_cosine_1Da,49,False,predicted_spectrum,1524
CASMI2022,iceberg,completed,6,6,15,CASMI_MOL_1196793,CASMI_MOL_28235,28235,CC(C)COC1(OCC(C)C)OCC(=O)C2(CCC3C4CC=C5CC(=O)CCC5(C)C4C(O)CC32C)O1,0.42640971580534187,binned_cosine_1Da,50,False,predicted_spectrum,1524
CASMI2022,iceberg,completed,6,6,15,CASMI_MOL_1196793,CASMI_MOL_27995,27995,CCCC#CCCCC1CCC(=O)C1CCCC=C(OC1CCCCO1)C(OC1CCCCO1)C(=O)O,0.42509250056138725,binned_cosine_1Da,51,False,predicted_spectrum,1524
CASMI2022,iceberg,completed,6,6,15,CASMI_MOL_1196793,CASMI_MOL_27178,27178,CC(C)(O)C=CC(=O)C(C)(O)C1C(O)CC2(C)C3CC=C4C(CC(=O)C(O)C4(C)C)C3(C)C(O)CC12C,0.42010831032626567,binned_cosine_1Da,52,False,predicted_spectrum,1524
CASMI2022,iceberg,completed,6,6,15,CASMI_MOL_1196793,CASMI_MOL_27387,27387,CC(C)(O)C=CC(=O)C(C)(O)C1C(O)CC2(C)C3CC=C4C(CC(=O)C(O)C4(C)C)C3(C)C(O)CC12C,0.42010831032626567,binned_cosine_1Da,53,False,predicted_spectrum,1524
CASMI2022,iceberg,completed,6,6,15,CASMI_MOL_1196793,CASMI_MOL_27476,27476,CC(C)(O)C=CC(=O)C(C)(O)C1C(O)CC2(C)C3CC=C4C(CC(=O)C(O)C4(C)C)C3(C)C(O)CC12C,0.42010831032626567,binned_cosine_1Da,54,False,predicted_spectrum,1524
CASMI2022,iceberg,completed,6,6,15,CASMI_MOL_1196793,CASMI_MOL_26920,26920,C=C(C)C(=O)OCC(COC(=O)C(C)(C)CO)Cc1ccc(CCC2OCC(CCCCC)CO2)cc1,0.4196606762530704,binned_cosine_1Da,55,False,predicted_spectrum,1524
CASMI2022,iceberg,completed,6,6,15,CASMI_MOL_1196793,CASMI_MOL_27031,27031,CC(=CC(O)CC(C)(O)C1C(O)CC2(C)C3CC=C4C(CC(=O)C(O)C4(C)C)C3(C)C(=O)CC12C)CO,0.4156808727664124,binned_cosine_1Da,56,False,predicted_spectrum,1524
CASMI2022,iceberg,completed,6,6,15,CASMI_MOL_1196793,CASMI_MOL_27074,27074,CC(=CC(O)CC(C)(O)C1C(O)CC2(C)C3CC=C4C(CC(=O)C(O)C4(C)C)C3(C)C(=O)CC12C)CO,0.4156808727664124,binned_cosine_1Da,57,False,predicted_spectrum,1524
CASMI2022,iceberg,completed,6,6,15,CASMI_MOL_1196793,CASMI_MOL_27638,27638,CC(=CC(O)CC(C)(O)C1C(O)CC2(C)C3CC=C4C(CC(=O)C(O)C4(C)C)C3(C)C(=O)CC12C)CO,0.4156808727664124,binned_cosine_1Da,58,False,predicted_spectrum,1524
CASMI2022,iceberg,completed,6,6,15,CASMI_MOL_1196793,CASMI_MOL_28022,28022,CC(=CC(O)CC(C)(O)C1C(O)CC2(C)C3CC=C4C(CC(=O)C(O)C4(C)C)C3(C)C(=O)CC12C)CO,0.4156808727664124,binned_cosine_1Da,59,False,predicted_spectrum,1524
CASMI2022,iceberg,completed,6,6,15,CASMI_MOL_1196793,CASMI_MOL_28042,28042,CC(=CC(O)CC(C)(O)C1C(O)CC2(C)C3CC=C4C(CC(=O)C(O)C4(C)C)C3(C)C(=O)CC12C)CO,0.4156808727664124,binned_cosine_1Da,60,False,predicted_spectrum,1524
CASMI2022,iceberg,completed,6,6,15,CASMI_MOL_1196793,CASMI_MOL_28338,28338,CCCCc1ccc(C(=O)N(CCCOC)CC(=O)Nc2cc(C(C)(C)C)nn2-c2ccc(C)cc2)cc1,0.415037676744883,binned_cosine_1Da,61,False,predicted_spectrum,1524
CASMI2022,iceberg,completed,6,6,15,CASMI_MOL_1196793,CASMI_MOL_27429,27429,C=CCC(OCOC)C(C)=CC1OC(C(C)C(O)C=CC(OC)C(C)OCc2ccccc2)CC1OC,0.4133385621418917,binned_cosine_1Da,62,False,predicted_spectrum,1524
CASMI2022,iceberg,completed,6,6,15,CASMI_MOL_1196793,CASMI_MOL_28066,28066,COc1ccccc1C=CCN(CCN1CCN(C(=O)NC2CCCCC2)CC1)C(=O)c1ccc(C)cc1,0.4101232646679126,binned_cosine_1Da,63,False,predicted_spectrum,1524
CASMI2022,iceberg,completed,6,6,15,CASMI_MOL_1196793,CASMI_MOL_28348,28348,CCCCCc1ccc(C(=O)N2CCC3(CC2)C(=O)N(CC(=O)NC(C)CC)CN3c2ccccc2)cc1,0.408945528825783,binned_cosine_1Da,64,False,predicted_spectrum,1524
CASMI2022,iceberg,completed,6,6,15,CASMI_MOL_1196793,CASMI_MOL_28050,28050,COc1ccc(C(CC(C)C)NC(=O)C2CCN(Cc3nc(-c4ccc(C(C)(C)C)cc4)no3)CC2)cc1,0.4045505848664349,binned_cosine_1Da,65,False,predicted_spectrum,1524
CASMI2022,iceberg,completed,6,6,15,CASMI_MOL_1196793,CASMI_MOL_26914,26914,CC(CC=CC1CCC(=O)C(=O)C1(C)C)C(=O)CC1(C)C(C)CC(O)C1C(C)(O)C(=O)C=CC(C)(C)O,0.4031831625953264,binned_cosine_1Da,66,False,predicted_spectrum,1524
CASMI2022,iceberg,completed,6,6,15,CASMI_MOL_1196793,CASMI_MOL_27918,27918,CC(C)(C)OC(=O)NC1c2cc(C(=O)N3CCC4(CC3)CCN(c3ccncc3)CC4)ccc2CC1(C)C,0.4002067334328112,binned_cosine_1Da,67,False,predicted_spectrum,1524
CASMI2022,iceberg,completed,6,6,15,CASMI_MOL_1196793,CASMI_MOL_27011,27011,CCCCCCC(C=C(C)C(O)C(C)C(=O)OC1CCC(C)C2(C)C=c3c(C)c(O)oc3=CC12O)CO,0.3996308513256687,binned_cosine_1Da,68,False,predicted_spectrum,1524
CASMI2022,iceberg,completed,6,6,15,CASMI_MOL_1196793,CASMI_MOL_27012,27012,CCCCCCC(C=C(C)C(O)C(C)C(=O)OC1CCC(C)C2(C)C=c3c(C)c(O)oc3=CC12O)CO,0.3996308513256687,binned_cosine_1Da,69,False,predicted_spectrum,1524
CASMI2022,iceberg,completed,6,6,15,CASMI_MOL_1196793,CASMI_MOL_27073,27073,CCCCCCC(C=C(C)C(O)C(C)C(=O)OC1CCC(C)C2(C)C=c3c(C)c(O)oc3=CC12O)CO,0.3996308513256687,binned_cosine_1Da,70,False,predicted_spectrum,1524
CASMI2022,iceberg,completed,6,6,15,CASMI_MOL_1196793,CASMI_MOL_28029,28029,CCCCCCC(C=C(C)C(O)C(C)C(=O)OC1CCC(C)C2(C)C=c3c(C)c(O)oc3=CC12O)CO,0.3996308513256687,binned_cosine_1Da,71,False,predicted_spectrum,1524
CASMI2022,iceberg,completed,6,6,15,CASMI_MOL_1196793,CASMI_MOL_28344,28344,CCCCCCc1ccc(C(=O)N2CCC3(CC2)C(=O)N(CC(=O)NCCC)CN3c2ccccc2)cc1,0.39750963229338565,binned_cosine_1Da,72,False,predicted_spectrum,1524
CASMI2022,iceberg,completed,6,6,15,CASMI_MOL_1196793,CASMI_MOL_27169,27169,CCCCCCCCCC(O)CCC1C(OC(=O)COC)CC2Cc3c(cccc3OCC(=O)O)CC21,0.3961955245531458,binned_cosine_1Da,73,False,predicted_spectrum,1524
CASMI2022,iceberg,completed,6,6,15,CASMI_MOL_1196793,CASMI_MOL_28351,28351,CCCCCc1ccc(C(=O)N(CCOC)CC(=O)Nc2cc(C(C)(C)C)nn2-c2ccc(C)cc2)cc1,0.39353948003323586,binned_cosine_1Da,74,False,predicted_spectrum,1524
CASMI2022,iceberg,completed,6,6,15,CASMI_MOL_1196793,CASMI_MOL_28372,28372,CCCCCCc1ccc(C(=O)N2CCC3(CC2)C(=O)N(CC(=O)NC(C)C)CN3c2ccccc2)cc1,0.39294681125426906,binned_cosine_1Da,75,False,predicted_spectrum,1524
CASMI2022,iceberg,completed,6,6,15,CASMI_MOL_1196793,CASMI_MOL_27327,27327,CCCCCCCCCCOc1ccc(OC(=O)c2ccc(OCCCCCCCC)c(F)c2F)cc1,0.39173208836307694,binned_cosine_1Da,76,False,predicted_spectrum,1524
CASMI2022,iceberg,completed,6,6,15,CASMI_MOL_1196793,CASMI_MOL_27570,27570,CCCCCCOCCCCCCC(=O)C1(C)CCc2c(C)c(OC(=O)CCC(=O)O)c(C)c(C)c2O1,0.3903037632107973,binned_cosine_1Da,77,False,predicted_spectrum,1524
CASMI2022,iceberg,completed,6,6,15,CASMI_MOL_1196793,CASMI_MOL_27725,27725,CC(=O)C1CCC(C)CC1C(=O)OCC(O)COc1cc(C(C)(C)C)c(OCC2CO2)cc1C(C)(C)C,0.38761766696632466,binned_cosine_1Da,78,False,predicted_spectrum,1524
CASMI2022,iceberg,completed,6,6,15,CASMI_MOL_1196793,CASMI_MOL_27919,27919,CC(C)(C)OC(=O)NC1CC(C)(C)c2ccc(C(=O)N3CCC4(CC3)CCN(c3ccncc3)CC4)cc21,0.38384409931870406,binned_cosine_1Da,79,False,predicted_spectrum,1524
CASMI2022,iceberg,completed,6,6,15,CASMI_MOL_1196793,CASMI_MOL_27841,27841,CC1(C)CCC2(C(=O)O)CCC3(C)C(=CCC4C3(C)CCC3C(C)(C(=O)O)CC(O)C(O)(O)C34C)C2C1,0.38274431616276494,binned_cosine_1Da,80,False,predicted_spectrum,1524
CASMI2022,iceberg,completed,6,6,15,CASMI_MOL_1196793,CASMI_MOL_27849,27849,CC1(C)CCC2(C(=O)O)CCC3(C)C(=CCC4C3(C)CCC3C(C)(C(=O)O)CC(O)C(O)(O)C34C)C2C1,0.38274431616276494,binned_cosine_1Da,81,False,predicted_spectrum,1524
CASMI2022,iceberg,completed,6,6,15,CASMI_MOL_1196793,CASMI_MOL_28230,28230,CC1CCC(c2cccc(NC(=O)N3CCC4(CC3)OCCO4)c2)(N2CCN(c3ccccc3)CC2)CC1,0.37924713301283003,binned_cosine_1Da,82,False,predicted_spectrum,1524
CASMI2022,iceberg,completed,6,6,15,CASMI_MOL_1196793,CASMI_MOL_27840,27840,CC1(C)CCC2(C(=O)O)CCC3(C)C(=CCC4C5(C)CC(O)C(O)(O)C(C)(C(=O)O)C5CCC43C)C2C1,0.37803571391472435,binned_cosine_1Da,83,False,predicted_spectrum,1524
CASMI2022,iceberg,completed,6,6,15,CASMI_MOL_1196793,CASMI_MOL_27847,27847,CC1(C)CCC2(C(=O)O)CCC3(C)C(=CCC4C5(C)CC(O)C(O)(O)C(C)(C(=O)O)C5CCC43C)C2C1,0.37803571391472435,binned_cosine_1Da,84,False,predicted_spectrum,1524
CASMI2022,iceberg,completed,6,6,15,CASMI_MOL_1196793,CASMI_MOL_27163,27163,CCCCCCCCCC(O)CCC1C(OC(=O)C(C)O)CC2Cc3c(cccc3OCC(=O)O)CC21,0.37735477851971333,binned_cosine_1Da,85,False,predicted_spectrum,1524
CASMI2022,iceberg,completed,6,6,15,CASMI_MOL_1196793,CASMI_MOL_27165,27165,CCCCCCCCCC(O)CCC1C(OC(=O)C(C)O)CC2Cc3c(cccc3OCC(=O)O)CC21,0.37735477851971333,binned_cosine_1Da,86,False,predicted_spectrum,1524
CASMI2022,iceberg,completed,6,6,15,CASMI_MOL_1196793,CASMI_MOL_27363,27363,CC1(C)CCC2(C(=O)O)CCC3(C)C(=CCC4C5(C)C(=O)C(O)C(O)C(CO)(CO)C5CCC43C)C2C1,0.3773120200460599,binned_cosine_1Da,87,False,predicted_spectrum,1524
CASMI2022,iceberg,completed,6,6,15,CASMI_MOL_1196793,CASMI_MOL_28367,28367,CCCCc1ccc(C(=O)N(CCOC)CC(=O)Nc2cc(C(C)(C)C)nn2-c2ccc(C)cc2C)cc1,0.37728088261507825,binned_cosine_1Da,88,False,predicted_spectrum,1524
CASMI2022,iceberg,completed,6,6,15,CASMI_MOL_1196793,CASMI_MOL_27410,27410,CCN1CCCCCCN(C(=O)CCn2ncc3ccccc32)C(CC(C)C)COc2ccccc2C1=O,0.37554373818865994,binned_cosine_1Da,89,False,predicted_spectrum,1524
CASMI2022,iceberg,completed,6,6,15,CASMI_MOL_1196793,CASMI_MOL_27602,27602,CC1=C(C(=O)OC(=O)C2=C(C)CCC3(COC(C)(C)CO3)C2(C)C)C(C)(C)C2(CC1)COC(C)(C)CO2,0.375062296264086,binned_cosine_1Da,90,False,predicted_spectrum,1524
CASMI2022,iceberg,completed,6,6,15,CASMI_MOL_1196793,CASMI_MOL_28274,28274,COC(=O)CC1(C(=O)OC)CCC2(C)C(CCC3C4(C)CCC(OC(C)=O)C(C)(C)C4CCC32C)C1=O,0.3743650302396163,binned_cosine_1Da,91,False,predicted_spectrum,1524
CASMI2022,iceberg,completed,6,6,15,CASMI_MOL_1196793,CASMI_MOL_28147,28147,CC1CCC(C(C)C(=O)O)C2=CC(C)(OOC3(C)CCC4C(=CO3)C(C(C)C(=O)O)CCC4C)CCC21,0.37279157167789284,binned_cosine_1Da,92,False,predicted_spectrum,1524
CASMI2022,iceberg,completed,6,6,15,CASMI_MOL_1196793,CASMI_MOL_27437,27437,CNC(C)C(=O)NC(C(=O)N1Cc2cc(C)ccc2CC1C(=O)NC1CCCc2ccccc21)C(C)(C)C,0.3722837124278402,binned_cosine_1Da,93,False,predicted_spectrum,1524
CASMI2022,iceberg,completed,6,6,15,CASMI_MOL_1196793,CASMI_MOL_28160,28160,CCCCCC(CCCC(CCCc1ccc(C(=O)OCC)cc1)(C(=O)CC)C(=O)OCC)OC(C)=O,0.37115265705062633,binned_cosine_1Da,94,False,predicted_spectrum,1524
CASMI2022,iceberg,completed,6,6,15,CASMI_MOL_1196793,CASMI_MOL_28233,28233,CCCCCCCCOc1ccc2c(c1CCC)OC(CCC(=O)OCC)(CCC(=O)OCC)CC2=O,0.3704241056644217,binned_cosine_1Da,95,False,predicted_spectrum,1524
CASMI2022,iceberg,completed,6,6,15,CASMI_MOL_1196793,CASMI_MOL_27963,27963,Cc1ccccc1P(Cc1cc(C(C)(C)C)ccc1CP(C(C)(C)C)C(C)(C)C)c1ccccc1C,0.36965751252588175,binned_cosine_1Da,96,False,predicted_spectrum,1524
CASMI2022,iceberg,completed,6,6,15,CASMI_MOL_1196793,CASMI_MOL_26897,26897,[H]C(=O)OCc1ccc(CC(=O)C(CCCNC(N)=O)NC(=O)C(CC(=O)CCC(C)(C)C)C(C)C)cc1,0.36914453250570334,binned_cosine_1Da,97,False,predicted_spectrum,1524
CASMI2022,iceberg,completed,6,6,15,CASMI_MOL_1196793,CASMI_MOL_27324,27324,CCCCCCCCCCCCc1ccc(S(OC(=O)CCC)(c2ccccc2)c2ccccc2)cc1,0.3663736484668615,binned_cosine_1Da,98,False,predicted_spectrum,1524
CASMI2022,iceberg,completed,6,6,15,CASMI_MOL_1196793,CASMI_MOL_28159,28159,CCCCCC(C)(CCCC(CCCc1ccc(C(=O)OCC)cc1)(C(C)=O)C(=O)OCC)OC(C)=O,0.3659321999077227,binned_cosine_1Da,99,False,predicted_spectrum,1524
CASMI2022,iceberg,completed,6,6,15,CASMI_MOL_1196793,CASMI_MOL_27160,27160,CCCCCCCCCC(CCC1C(O)CC2Cc3c(cccc3OCC(=O)O)CC21)OC(=O)C(C)O,0.36581560065683383,binned_cosine_1Da,100,False,predicted_spectrum,1524
CASMI2022,iceberg,completed,6,6,15,CASMI_MOL_1196793,CASMI_MOL_1196793,1196793,CC1CCC2(C(=O)O)CCC3(C)C(=CCC4C5(C)CC(O)C(O)C(C)(C(=O)O)C5CCC43C)C2C1(C)O,0.26203265542036847,binned_cosine_1Da,538,True,predicted_spectrum,1524
CASMI2022,iceberg,completed,7,7,16,CASMI_MOL_1196794,CASMI_MOL_34466,34466,CCOC(=O)C1=C(C)C(=O)C2=C1C1CCC2C1,0.5923254519752391,binned_cosine_1Da,1,False,predicted_spectrum,7016
CASMI2022,iceberg,completed,7,7,16,CASMI_MOL_1196794,CASMI_MOL_33346,33346,CCOc1ccc2c(=O)cc(CC)oc2c1C,0.5905819145888181,binned_cosine_1Da,2,False,predicted_spectrum,7016
CASMI2022,iceberg,completed,7,7,16,CASMI_MOL_1196794,CASMI_MOL_33820,33820,CCOC(=O)c1ccc(C(=O)C2CCC2)cc1,0.5901088062765282,binned_cosine_1Da,3,False,predicted_spectrum,7016
CASMI2022,iceberg,completed,7,7,16,CASMI_MOL_1196794,CASMI_MOL_30775,30775,CCOC(=O)C1(CCCF)COCCC1=O,0.5837526735003423,binned_cosine_1Da,4,False,predicted_spectrum,7016
CASMI2022,iceberg,completed,7,7,16,CASMI_MOL_1196794,CASMI_MOL_28924,28924,CCc1cc2c(C)c(O)c(C)c(C)c2oc1=O,0.5520881204623719,binned_cosine_1Da,5,False,predicted_spectrum,7016
CASMI2022,iceberg,completed,7,7,16,CASMI_MOL_1196794,CASMI_MOL_30255,30255,CCOC(=O)C(=O)c1ccc(C2CCC2)cc1,0.5450398101693046,binned_cosine_1Da,6,False,predicted_spectrum,7016
CASMI2022,iceberg,completed,7,7,16,CASMI_MOL_1196794,CASMI_MOL_31856,31856,C#Cc1ccc(OC(CC)C(=O)OCC)cc1,0.5239013283952034,binned_cosine_1Da,7,False,predicted_spectrum,7016
CASMI2022,iceberg,completed,7,7,16,CASMI_MOL_1196794,CASMI_MOL_35326,35326,CCCc1cc(=O)oc2cc(OCC)ccc12,0.5216307082672853,binned_cosine_1Da,8,False,predicted_spectrum,7016
CASMI2022,iceberg,completed,7,7,16,CASMI_MOL_1196794,CASMI_MOL_33219,33219,CCOC(=O)c1ccc(C(=O)C2(C)CC2)cc1,0.5185727678085192,binned_cosine_1Da,9,False,predicted_spectrum,7016
CASMI2022,iceberg,completed,7,7,16,CASMI_MOL_1196794,CASMI_MOL_30258,30258,CCOC(=O)C(=O)c1ccc2c(c1)C(C)CC2,0.5182431414437482,binned_cosine_1Da,10,False,predicted_spectrum,7016
CASMI2022,iceberg,completed,7,7,16,CASMI_MOL_1196794,CASMI_MOL_32806,32806,CCOC(=O)c1ccc(C(=O)CC2CC2)cc1,0.5135029437155082,binned_cosine_1Da,11,False,predicted_spectrum,7016
CASMI2022,iceberg,completed,7,7,16,CASMI_MOL_1196794,CASMI_MOL_35305,35305,CCOc1ccc2c(CC)cc(=O)oc2c1C,0.5044675124113389,binned_cosine_1Da,12,False,predicted_spectrum,7016
CASMI2022,iceberg,completed,7,7,16,CASMI_MOL_1196794,CASMI_MOL_30190,30190,C#CC(CC)C(=O)Oc1ccccc1OCC,0.5002854047317398,binned_cosine_1Da,13,False,predicted_spectrum,7016
CASMI2022,iceberg,completed,7,7,16,CASMI_MOL_1196794,CASMI_MOL_35307,35307,CCOc1ccc2c(C)c(CC)c(=O)oc2c1,0.49735077907500713,binned_cosine_1Da,14,False,predicted_spectrum,7016
CASMI2022,iceberg,completed,7,7,16,CASMI_MOL_1196794,CASMI_MOL_31661,31661,CCOC(=O)c1ccc(C(=O)C=C(C)C)cc1,0.4913474415608039,binned_cosine_1Da,15,False,predicted_spectrum,7016
CASMI2022,iceberg,completed,7,7,16,CASMI_MOL_1196794,CASMI_MOL_33191,33191,CCOC(=O)c1ccc(C(=O)C=C(C)C)cc1,0.4913474415608039,binned_cosine_1Da,16,False,predicted_spectrum,7016
CASMI2022,iceberg,completed,7,7,16,CASMI_MOL_1196794,CASMI_MOL_29976,29976,CCOC(=O)c1ccc2c(c1)C(=O)CC2(C)C,0.4869898905656208,binned_cosine_1Da,17,False,predicted_spectrum,7016
CASMI2022,iceberg,completed,7,7,16,CASMI_MOL_1196794,CASMI_MOL_30161,30161,CCOC(=O)c1ccc2c(c1)C(=O)CC2(C)C,0.4869898905656208,binned_cosine_1Da,18,False,predicted_spectrum,7016
CASMI2022,iceberg,completed,7,7,16,CASMI_MOL_1196794,CASMI_MOL_29799,29799,CCOc1ccc2oc(C)c(C(=O)CC)c2c1,0.4819742718758008,binned_cosine_1Da,19,False,predicted_spectrum,7016
CASMI2022,iceberg,completed,7,7,16,CASMI_MOL_1196794,CASMI_MOL_32969,32969,CCn1ncnc1CNCCOCCCl,0.4768291570942508,binned_cosine_1Da,20,False,predicted_spectrum,7016
CASMI2022,iceberg,completed,7,7,16,CASMI_MOL_1196794,CASMI_MOL_28788,28788,CCC1(C)C=CC(=O)c2c1oc(C)c(C)c2=O,0.47432866085472236,binned_cosine_1Da,21,False,predicted_spectrum,7016
CASMI2022,iceberg,completed,7,7,16,CASMI_MOL_1196794,CASMI_MOL_29551,29551,CCC1(C)C=CC(=O)c2c1oc(C)c(C)c2=O,0.47432866085472236,binned_cosine_1Da,22,False,predicted_spectrum,7016
CASMI2022,iceberg,completed,7,7,16,CASMI_MOL_1196794,CASMI_MOL_34528,34528,CCOC(=O)C(=O)c1ccc2c(c1)CCCC2,0.4657231213939853,binned_cosine_1Da,23,False,predicted_spectrum,7016
CASMI2022,iceberg,completed,7,7,16,CASMI_MOL_1196794,CASMI_MOL_29827,29827,CCCc1cc(=O)oc2ccc(OCC)cc12,0.46339227830422147,binned_cosine_1Da,24,False,predicted_spectrum,7016
CASMI2022,iceberg,completed,7,7,16,CASMI_MOL_1196794,CASMI_MOL_28724,28724,CCC1(C)C(=O)C=Cc2c1oc(C)c(C)c2=O,0.4605960285506249,binned_cosine_1Da,25,False,predicted_spectrum,7016
CASMI2022,iceberg,completed,7,7,16,CASMI_MOL_1196794,CASMI_MOL_34425,34425,CCC1(C)C(=O)C=Cc2c1oc(C)c(C)c2=O,0.4605960285506249,binned_cosine_1Da,26,False,predicted_spectrum,7016
CASMI2022,iceberg,completed,7,7,16,CASMI_MOL_1196794,CASMI_MOL_35413,35413,CCC1(C)C(=O)C=Cc2c1oc(C)c(C)c2=O,0.4605960285506249,binned_cosine_1Da,27,False,predicted_spectrum,7016
CASMI2022,iceberg,completed,7,7,16,CASMI_MOL_1196794,CASMI_MOL_1196794,1196794,CCC1(C)C(=O)C=Cc2c1oc(C)c(C)c2=O,0.4605960285506249,binned_cosine_1Da,28,True,predicted_spectrum,7016
CASMI2022,iceberg,completed,7,7,16,CASMI_MOL_1196794,CASMI_MOL_30603,30603,CCOC(C)(C)C(=O)c1cc2ccccc2o1,0.4603514842203472,binned_cosine_1Da,29,False,predicted_spectrum,7016
CASMI2022,iceberg,completed,7,7,16,CASMI_MOL_1196794,CASMI_MOL_30025,30025,CCOC(=O)C(=O)c1ccc2c(c1)CC(C)C2,0.4601040442909784,binned_cosine_1Da,30,False,predicted_spectrum,7016
CASMI2022,iceberg,completed,7,7,16,CASMI_MOL_1196794,CASMI_MOL_30026,30026,CCOC(=O)C(=O)c1ccc2c(c1)CC(C)C2,0.4601040442909784,binned_cosine_1Da,31,False,predicted_spectrum,7016
CASMI2022,iceberg,completed,7,7,16,CASMI_MOL_1196794,CASMI_MOL_30259,30259,CCOC(=O)C(=O)c1ccc2c(c1)CC(C)C2,0.4601040442909784,binned_cosine_1Da,32,False,predicted_spectrum,7016
CASMI2022,iceberg,completed,7,7,16,CASMI_MOL_1196794,CASMI_MOL_31037,31037,CCC1(CC)C=CC(=O)c2c(O)ccc(O)c21,0.45879881828409697,binned_cosine_1Da,33,False,predicted_spectrum,7016
CASMI2022,iceberg,completed,7,7,16,CASMI_MOL_1196794,CASMI_MOL_31300,31300,CCOC(=O)C1(c2ccccc2)CC1(C)C=O,0.45803733657541307,binned_cosine_1Da,34,False,predicted_spectrum,7016
CASMI2022,iceberg,completed,7,7,16,CASMI_MOL_1196794,CASMI_MOL_28476,28476,C#Cc1c(OCC)cc(C(C)=O)cc1OCC,0.4542568090987731,binned_cosine_1Da,35,False,predicted_spectrum,7016
CASMI2022,iceberg,completed,7,7,16,CASMI_MOL_1196794,CASMI_MOL_33335,33335,C=CCc1c(CC)c(C)c2coc(O)c2c1O,0.4516850002709925,binned_cosine_1Da,36,False,predicted_spectrum,7016
CASMI2022,iceberg,completed,7,7,16,CASMI_MOL_1196794,CASMI_MOL_35306,35306,CCOc1ccc2c(C)c(C)c(=O)oc2c1C,0.45078824161296277,binned_cosine_1Da,37,False,predicted_spectrum,7016
CASMI2022,iceberg,completed,7,7,16,CASMI_MOL_1196794,CASMI_MOL_33101,33101,CC(C)CCOCCn1nnnc1CCl,0.4503077457654089,binned_cosine_1Da,38,False,predicted_spectrum,7016
CASMI2022,iceberg,completed,7,7,16,CASMI_MOL_1196794,CASMI_MOL_33754,33754,CCOC(=O)c1ccc(C2CCC(=O)C2)cc1,0.4501194390254516,binned_cosine_1Da,39,False,predicted_spectrum,7016
CASMI2022,iceberg,completed,7,7,16,CASMI_MOL_1196794,CASMI_MOL_33755,33755,CCOC(=O)c1ccc(C2CCC(=O)C2)cc1,0.4501194390254516,binned_cosine_1Da,40,False,predicted_spectrum,7016
CASMI2022,iceberg,completed,7,7,16,CASMI_MOL_1196794,CASMI_MOL_34393,34393,CCOC(=O)c1ccc(C2CCC(=O)C2)cc1,0.4501194390254516,binned_cosine_1Da,41,False,predicted_spectrum,7016
CASMI2022,iceberg,completed,7,7,16,CASMI_MOL_1196794,CASMI_MOL_30735,30735,C#CCCCOc1ccc(C(=O)OCC)cc1,0.4495437338809615,binned_cosine_1Da,42,False,predicted_spectrum,7016
CASMI2022,iceberg,completed,7,7,16,CASMI_MOL_1196794,CASMI_MOL_32760,32760,CCOC(=O)c1ccc(C2CCCC2=O)cc1,0.4485014314209653,binned_cosine_1Da,43,False,predicted_spectrum,7016
CASMI2022,iceberg,completed,7,7,16,CASMI_MOL_1196794,CASMI_MOL_30261,30261,CCOC(=O)C(=O)c1ccc(C)c2c1CCC2,0.4433558429697668,binned_cosine_1Da,44,False,predicted_spectrum,7016
CASMI2022,iceberg,completed,7,7,16,CASMI_MOL_1196794,CASMI_MOL_33140,33140,CCOc1cc2c(c3c1CCC3=O)OC(C)C2,0.4432933590164259,binned_cosine_1Da,45,False,predicted_spectrum,7016
CASMI2022,iceberg,completed,7,7,16,CASMI_MOL_1196794,CASMI_MOL_30257,30257,CCOC(=O)C(=O)c1ccccc1C1CCC1,0.4432514301444627,binned_cosine_1Da,46,False,predicted_spectrum,7016
CASMI2022,iceberg,completed,7,7,16,CASMI_MOL_1196794,CASMI_MOL_34759,34759,CCOC(=O)c1cc2c(cc1C(C)=O)CCC2,0.4401187135660476,binned_cosine_1Da,47,False,predicted_spectrum,7016
CASMI2022,iceberg,completed,7,7,16,CASMI_MOL_1196794,CASMI_MOL_35289,35289,CCOc1cc(C)cc2oc(=O)cc(CC)c12,0.43659537922200947,binned_cosine_1Da,48,False,predicted_spectrum,7016
CASMI2022,iceberg,completed,7,7,16,CASMI_MOL_1196794,CASMI_MOL_28870,28870,CCOC(=O)c1cc2cc(C)c(C)c(C)c2o1,0.4353168986628607,binned_cosine_1Da,49,False,predicted_spectrum,7016
CASMI2022,iceberg,completed,7,7,16,CASMI_MOL_1196794,CASMI_MOL_29962,29962,Oc1oc(O)c2c1C1C3CC(C4CCCC43)C21,0.435027759560793,binned_cosine_1Da,50,False,predicted_spectrum,7016
CASMI2022,iceberg,completed,7,7,16,CASMI_MOL_1196794,CASMI_MOL_33177,33177,[C-]#[N+]C([CH]NNc1ccccc1)C(=O)OCC,0.43381673239245677,binned_cosine_1Da,51,False,predicted_spectrum,7016
CASMI2022,iceberg,completed,7,7,16,CASMI_MOL_1196794,CASMI_MOL_34913,34913,CCOC(=O)C1=C2C(=O)C3C4CCC(C4)C3C12,0.4332154257187194,binned_cosine_1Da,52,False,predicted_spectrum,7016
CASMI2022,iceberg,completed,7,7,16,CASMI_MOL_1196794,CASMI_MOL_35353,35353,Cc1cc(C)c2c(c1C)C(=O)OC(=O)C2(C)C,0.43169648555305146,binned_cosine_1Da,53,False,predicted_spectrum,7016
CASMI2022,iceberg,completed,7,7,16,CASMI_MOL_1196794,CASMI_MOL_33821,33821,CCOC(=O)c1cccc(C(=O)C2CCC2)c1,0.4314695677256289,binned_cosine_1Da,54,False,predicted_spectrum,7016
CASMI2022,iceberg,completed,7,7,16,CASMI_MOL_1196794,CASMI_MOL_33722,33722,CCc1ccc(C2(CC)CC(=O)OC2=O)cc1,0.43007467521541104,binned_cosine_1Da,55,False,predicted_spectrum,7016
CASMI2022,iceberg,completed,7,7,16,CASMI_MOL_1196794,CASMI_MOL_35308,35308,CCOc1cc2oc(=O)cc(C)c2cc1CC,0.42883253140898386,binned_cosine_1Da,56,False,predicted_spectrum,7016
CASMI2022,iceberg,completed,7,7,16,CASMI_MOL_1196794,CASMI_MOL_30088,30088,CCOC(=O)C(C)=CC(=O)c1ccc(C)cc1,0.4279512667744048,binned_cosine_1Da,57,False,predicted_spectrum,7016
CASMI2022,iceberg,completed,7,7,16,CASMI_MOL_1196794,CASMI_MOL_31958,31958,CCOC(=O)C(C)=CC(=O)c1ccc(C)cc1,0.4279512667744048,binned_cosine_1Da,58,False,predicted_spectrum,7016
CASMI2022,iceberg,completed,7,7,16,CASMI_MOL_1196794,CASMI_MOL_32369,32369,CCOC(=O)C1(C(=O)c2ccccc2)CCC1,0.4259835002980083,binned_cosine_1Da,59,False,predicted_spectrum,7016
CASMI2022,iceberg,completed,7,7,16,CASMI_MOL_1196794,CASMI_MOL_33627,33627,CCOC=C1CCc2ccc(OC)cc2C1=O,0.42516763621558473,binned_cosine_1Da,60,False,predicted_spectrum,7016
CASMI2022,iceberg,completed,7,7,16,CASMI_MOL_1196794,CASMI_MOL_35218,35218,CCOC=C1CCc2ccc(OC)cc2C1=O,0.42516763621558473,binned_cosine_1Da,61,False,predicted_spectrum,7016
CASMI2022,iceberg,completed,7,7,16,CASMI_MOL_1196794,CASMI_MOL_35384,35384,CCOC=C1CCc2ccc(OC)cc2C1=O,0.42516763621558473,binned_cosine_1Da,62,False,predicted_spectrum,7016
CASMI2022,iceberg,completed,7,7,16,CASMI_MOL_1196794,CASMI_MOL_33287,33287,CCOC(=O)C1(CC(=O)c2ccccc2)CC1,0.4202353938350198,binned_cosine_1Da,63,False,predicted_spectrum,7016
CASMI2022,iceberg,completed,7,7,16,CASMI_MOL_1196794,CASMI_MOL_34852,34852,CCOC(=O)Cc1ccc(C(=O)C2CC2)cc1,0.41778180514452573,binned_cosine_1Da,64,False,predicted_spectrum,7016
CASMI2022,iceberg,completed,7,7,16,CASMI_MOL_1196794,CASMI_MOL_28901,28901,CCC(C)c1cc(=O)c2ccc(OC)cc2o1,0.4162902803453972,binned_cosine_1Da,65,False,predicted_spectrum,7016
CASMI2022,iceberg,completed,7,7,16,CASMI_MOL_1196794,CASMI_MOL_33822,33822,CCOC(=O)c1ccccc1C(=O)C1CCC1,0.41598396395866055,binned_cosine_1Da,66,False,predicted_spectrum,7016
CASMI2022,iceberg,completed,7,7,16,CASMI_MOL_1196794,CASMI_MOL_34952,34952,CCOC(=O)c1c(C)ccc2c1C(=O)CC2C,0.4149719745756317,binned_cosine_1Da,67,False,predicted_spectrum,7016
CASMI2022,iceberg,completed,7,7,16,CASMI_MOL_1196794,CASMI_MOL_33932,33932,CCOC(=O)c1ccc(C2=CCCCO2)cc1,0.4114358214632314,binned_cosine_1Da,68,False,predicted_spectrum,7016
CASMI2022,iceberg,completed,7,7,16,CASMI_MOL_1196794,CASMI_MOL_35351,35351,Cc1cc(C)c2c(c1C)C(C)(C)C(=O)OC2=O,0.40729900992203993,binned_cosine_1Da,69,False,predicted_spectrum,7016
CASMI2022,iceberg,completed,7,7,16,CASMI_MOL_1196794,CASMI_MOL_31206,31206,CCOC(=O)C1(c2ccccc2)CCCC1=O,0.40700101322728033,binned_cosine_1Da,70,False,predicted_spectrum,7016
CASMI2022,iceberg,completed,7,7,16,CASMI_MOL_1196794,CASMI_MOL_35015,35015,CCOC(=O)C1(c2ccccc2)CCCC1=O,0.40700101322728033,binned_cosine_1Da,71,False,predicted_spectrum,7016
CASMI2022,iceberg,completed,7,7,16,CASMI_MOL_1196794,CASMI_MOL_28411,28411,CCc1cc2occ(C(C)C)c(=O)c2cc1O,0.4067155603006326,binned_cosine_1Da,72,False,predicted_spectrum,7016
CASMI2022,iceberg,completed,7,7,16,CASMI_MOL_1196794,CASMI_MOL_29868,29868,CCOC(=O)Cc1coc2cc(C)c(C)cc12,0.4043927616291156,binned_cosine_1Da,73,False,predicted_spectrum,7016
CASMI2022,iceberg,completed,7,7,16,CASMI_MOL_1196794,CASMI_MOL_33788,33788,CCOC(=O)C(=C=O)C(C)(C)c1ccccc1,0.4042530587765648,binned_cosine_1Da,74,False,predicted_spectrum,7016
CASMI2022,iceberg,completed,7,7,16,CASMI_MOL_1196794,CASMI_MOL_31676,31676,CCOC(=O)c1ccc(C2CCC=CO2)cc1,0.4041489210691426,binned_cosine_1Da,75,False,predicted_spectrum,7016
CASMI2022,iceberg,completed,7,7,16,CASMI_MOL_1196794,CASMI_MOL_30007,30007,CCOC(=O)C(C)c1ccc2c(c1)C(=O)CC2,0.4032077365681346,binned_cosine_1Da,76,False,predicted_spectrum,7016
CASMI2022,iceberg,completed,7,7,16,CASMI_MOL_1196794,CASMI_MOL_30008,30008,CCOC(=O)C(C)c1ccc2c(c1)C(=O)CC2,0.4032077365681346,binned_cosine_1Da,77,False,predicted_spectrum,7016
CASMI2022,iceberg,completed,7,7,16,CASMI_MOL_1196794,CASMI_MOL_29451,29451,CCN(C(C)CCCl)N1C=NCNC1=O,0.4031868319080454,binned_cosine_1Da,78,False,predicted_spectrum,7016
CASMI2022,iceberg,completed,7,7,16,CASMI_MOL_1196794,CASMI_MOL_34814,34814,CCOC(=O)c1ccc(C#CC(C)(C)O)cc1,0.4013333756595838,binned_cosine_1Da,79,False,predicted_spectrum,7016
CASMI2022,iceberg,completed,7,7,16,CASMI_MOL_1196794,CASMI_MOL_29169,29169,CCC(C)c1cc(=O)c2ccc(O)c(C)c2o1,0.4005049384328463,binned_cosine_1Da,80,False,predicted_spectrum,7016
CASMI2022,iceberg,completed,7,7,16,CASMI_MOL_1196794,CASMI_MOL_33890,33890,CCOC(=O)Cc1c2ccc(c1C)CCC2=O,0.4001873104813004,binned_cosine_1Da,81,False,predicted_spectrum,7016
CASMI2022,iceberg,completed,7,7,16,CASMI_MOL_1196794,CASMI_MOL_33866,33866,CCOC(=O)c1cc(C)c2oc(C)c(C)c2c1,0.39988606926895176,binned_cosine_1Da,82,False,predicted_spectrum,7016
CASMI2022,iceberg,completed,7,7,16,CASMI_MOL_1196794,CASMI_MOL_33483,33483,CCCc1cc(=O)c2c(C)cc(OC)cc2o1,0.3976440280932051,binned_cosine_1Da,83,False,predicted_spectrum,7016
CASMI2022,iceberg,completed,7,7,16,CASMI_MOL_1196794,CASMI_MOL_34052,34052,CCOC(=O)c1ccc2c(c1)CCCC2C=O,0.3975041078418376,binned_cosine_1Da,84,False,predicted_spectrum,7016
CASMI2022,iceberg,completed,7,7,16,CASMI_MOL_1196794,CASMI_MOL_31573,31573,C=C(C)c1oc2c(C)c(OCC)ccc2c1O,0.3973559946033518,binned_cosine_1Da,85,False,predicted_spectrum,7016
CASMI2022,iceberg,completed,7,7,16,CASMI_MOL_1196794,CASMI_MOL_33541,33541,C=CCc1c(O)c(C(C)=O)cc2c1OCCC2,0.3970838397777351,binned_cosine_1Da,86,False,predicted_spectrum,7016
CASMI2022,iceberg,completed,7,7,16,CASMI_MOL_1196794,CASMI_MOL_31580,31580,CCOC(=O)C(=O)C=Cc1ccc(CC)cc1,0.3963022460966926,binned_cosine_1Da,87,False,predicted_spectrum,7016
CASMI2022,iceberg,completed,7,7,16,CASMI_MOL_1196794,CASMI_MOL_33454,33454,Cc1c(C)c(C)c2c(=O)c(C)c(O)oc2c1C,0.39535910974104105,binned_cosine_1Da,88,False,predicted_spectrum,7016
CASMI2022,iceberg,completed,7,7,16,CASMI_MOL_1196794,CASMI_MOL_32967,32967,CCOC(=O)c1coc2c(C)c(C)cc(C)c12,0.3942870847780566,binned_cosine_1Da,89,False,predicted_spectrum,7016
CASMI2022,iceberg,completed,7,7,16,CASMI_MOL_1196794,CASMI_MOL_32603,32603,CCOC(=O)C1=Cc2cc(OC)ccc2CC1,0.3936125825162513,binned_cosine_1Da,90,False,predicted_spectrum,7016
CASMI2022,iceberg,completed,7,7,16,CASMI_MOL_1196794,CASMI_MOL_34037,34037,C#Cc1ccc(OC(C)(C)C(=O)OCC)cc1,0.3916030449399084,binned_cosine_1Da,91,False,predicted_spectrum,7016
CASMI2022,iceberg,completed,7,7,16,CASMI_MOL_1196794,CASMI_MOL_33458,33458,CCOc1cc(O)c2c(OCC)cccc2c1,0.38993145951336716,binned_cosine_1Da,92,False,predicted_spectrum,7016
CASMI2022,iceberg,completed,7,7,16,CASMI_MOL_1196794,CASMI_MOL_34543,34543,CCOC(=O)C(F)(CCC(=O)CC)C(C)=O,0.38947338179470636,binned_cosine_1Da,93,False,predicted_spectrum,7016
CASMI2022,iceberg,completed,7,7,16,CASMI_MOL_1196794,CASMI_MOL_30898,30898,CCOC(=O)C1(C(=O)c2ccccc2)CC1C,0.38718082097431283,binned_cosine_1Da,94,False,predicted_spectrum,7016
CASMI2022,iceberg,completed,7,7,16,CASMI_MOL_1196794,CASMI_MOL_29517,29517,Oc1oc(O)c2c(C3CCCCC3)cccc12,0.38698953141974224,binned_cosine_1Da,95,False,predicted_spectrum,7016
CASMI2022,iceberg,completed,7,7,16,CASMI_MOL_1196794,CASMI_MOL_32981,32981,CCOc1ccc2oc(C(=O)C(C)C)cc2c1,0.3857207718854939,binned_cosine_1Da,96,False,predicted_spectrum,7016
CASMI2022,iceberg,completed,7,7,16,CASMI_MOL_1196794,CASMI_MOL_31620,31620,CCOC(=O)C1(C)CCc2ccccc2C1=O,0.3834596137154447,binned_cosine_1Da,97,False,predicted_spectrum,7016
CASMI2022,iceberg,completed,7,7,16,CASMI_MOL_1196794,CASMI_MOL_31639,31639,CCOC(=O)C1(C)CCc2ccccc2C1=O,0.3834596137154447,binned_cosine_1Da,98,False,predicted_spectrum,7016
CASMI2022,iceberg,completed,7,7,16,CASMI_MOL_1196794,CASMI_MOL_35252,35252,CCOC(=O)C1(C)CCc2ccccc2C1=O,0.3834596137154447,binned_cosine_1Da,99,False,predicted_spectrum,7016
CASMI2022,iceberg,completed,7,7,16,CASMI_MOL_1196794,CASMI_MOL_35034,35034,C=CCc1c(O)c2c(c(C)c1OC)CCC2=O,0.38236643099062867,binned_cosine_1Da,100,False,predicted_spectrum,7016
