dataset,model,status,query_id,spectrum_id,casmi_id,true_candidate_id,candidate_id,candidate_mol_id,candidate_smiles,score,score_name,rank,is_correct,prediction_status,candidate_count
CASMI2022,massformer,completed,120,120,293,CASMI_MOL_1196913,CASMI_MOL_630139,630139,CC(C)C1CC2(C)C(=CC1=O)CCC(=O)C2C,0.821412760793624,binned_cosine_1Da,1,False,predicted_spectrum,9633
CASMI2022,massformer,completed,120,120,293,CASMI_MOL_1196913,CASMI_MOL_630140,630140,CC(C)C1CC2(C)C(=CC1=O)CCC(=O)C2C,0.821412760793624,binned_cosine_1Da,2,False,predicted_spectrum,9633
CASMI2022,massformer,completed,120,120,293,CASMI_MOL_1196913,CASMI_MOL_635096,635096,CC(C)(C)C1=C2CCCCC2C(=O)CC(=O)C1,0.8144067094559949,binned_cosine_1Da,3,False,predicted_spectrum,9633
CASMI2022,massformer,completed,120,120,293,CASMI_MOL_1196913,CASMI_MOL_634688,634688,C=CC1CC(C(C)C)C2C(=O)CC1(C)CC2=O,0.8142356625719249,binned_cosine_1Da,4,False,predicted_spectrum,9633
CASMI2022,massformer,completed,120,120,293,CASMI_MOL_1196913,CASMI_MOL_631186,631186,C=C(C)C#CC1(O)C(C)(C)CC(=O)CC1(C)C,0.8126006454547908,binned_cosine_1Da,5,False,predicted_spectrum,9633
CASMI2022,massformer,completed,120,120,293,CASMI_MOL_1196913,CASMI_MOL_631789,631789,CC(=O)CCC12CC(=C(C)C)C(=O)CC1(C)C2,0.8116141191160745,binned_cosine_1Da,6,False,predicted_spectrum,9633
CASMI2022,massformer,completed,120,120,293,CASMI_MOL_1196913,CASMI_MOL_630263,630263,CC1=CC(=O)C(C)C1(C)C1CC(C)(C)CC1=O,0.8108545893064201,binned_cosine_1Da,7,False,predicted_spectrum,9633
CASMI2022,massformer,completed,120,120,293,CASMI_MOL_1196913,CASMI_MOL_630369,630369,CC1=CC(=O)C(C)C1(C)C1CC(C)(C)CC1=O,0.8108545893064201,binned_cosine_1Da,8,False,predicted_spectrum,9633
CASMI2022,massformer,completed,120,120,293,CASMI_MOL_1196913,CASMI_MOL_634586,634586,CC1(C)CCC(=O)CC2(C)CCC(C=O)=C2C1,0.81004325220993,binned_cosine_1Da,9,False,predicted_spectrum,9633
CASMI2022,massformer,completed,120,120,293,CASMI_MOL_1196913,CASMI_MOL_634587,634587,CC1(C)CCC(=O)CC2(C)CCC(C=O)=C2C1,0.81004325220993,binned_cosine_1Da,10,False,predicted_spectrum,9633
CASMI2022,massformer,completed,120,120,293,CASMI_MOL_1196913,CASMI_MOL_631708,631708,CC(=O)C1=C(C(C)=O)CC(C)C(C)(C)C(C)=C1,0.808681050522571,binned_cosine_1Da,11,False,predicted_spectrum,9633
CASMI2022,massformer,completed,120,120,293,CASMI_MOL_1196913,CASMI_MOL_630275,630275,CC(C)=C1CCC2(C)CCC(=O)C(C)C2C1=O,0.8032513037711543,binned_cosine_1Da,12,False,predicted_spectrum,9633
CASMI2022,massformer,completed,120,120,293,CASMI_MOL_1196913,CASMI_MOL_630382,630382,CC(C)=C1CCC2(C)CCC(=O)C(C)C2C1=O,0.8032513037711543,binned_cosine_1Da,13,False,predicted_spectrum,9633
CASMI2022,massformer,completed,120,120,293,CASMI_MOL_1196913,CASMI_MOL_636923,636923,CC(C)=C1CCC2(C)CCC(=O)C(C)C2C1=O,0.8032513037711543,binned_cosine_1Da,14,False,predicted_spectrum,9633
CASMI2022,massformer,completed,120,120,293,CASMI_MOL_1196913,CASMI_MOL_638599,638599,CC(C)=C1CCC2(C)CCC(=O)C(C)C2C1=O,0.8032513037711543,binned_cosine_1Da,15,False,predicted_spectrum,9633
CASMI2022,massformer,completed,120,120,293,CASMI_MOL_1196913,CASMI_MOL_630314,630314,C=C(C)C1(O)C=C2C(C)C(=O)CCC2(C)CC1,0.803042497605959,binned_cosine_1Da,16,False,predicted_spectrum,9633
CASMI2022,massformer,completed,120,120,293,CASMI_MOL_1196913,CASMI_MOL_638607,638607,C=C(C)C1(O)C=C2C(C)C(=O)CCC2(C)CC1,0.803042497605959,binned_cosine_1Da,17,False,predicted_spectrum,9633
CASMI2022,massformer,completed,120,120,293,CASMI_MOL_1196913,CASMI_MOL_631949,631949,C=C(C)C1CCC2(C)CC(=O)C=C(C)C2(O)C1,0.8027892406796809,binned_cosine_1Da,18,False,predicted_spectrum,9633
CASMI2022,massformer,completed,120,120,293,CASMI_MOL_1196913,CASMI_MOL_635043,635043,C=C(C)C1CCC2(C)CC(=O)C=C(C)C2(O)C1,0.8027892406796809,binned_cosine_1Da,19,False,predicted_spectrum,9633
CASMI2022,massformer,completed,120,120,293,CASMI_MOL_1196913,CASMI_MOL_630607,630607,CC(C)=C1C2CCCCC2C(=O)C(=O)C1(C)C,0.8026516745610064,binned_cosine_1Da,20,False,predicted_spectrum,9633
CASMI2022,massformer,completed,120,120,293,CASMI_MOL_1196913,CASMI_MOL_631184,631184,CC=C(C)C#CC1(O)C(C)CC(=O)CC1(C)C,0.8017732505828413,binned_cosine_1Da,21,False,predicted_spectrum,9633
CASMI2022,massformer,completed,120,120,293,CASMI_MOL_1196913,CASMI_MOL_634624,634624,C=C(C)C1(O)CCC2(C1)C(C)=CC(=O)CC2C,0.8014562324764273,binned_cosine_1Da,22,False,predicted_spectrum,9633
CASMI2022,massformer,completed,120,120,293,CASMI_MOL_1196913,CASMI_MOL_631193,631193,CC=CC12CCCC(=O)C1(C)CCCC(=O)C2,0.801399051045731,binned_cosine_1Da,23,False,predicted_spectrum,9633
CASMI2022,massformer,completed,120,120,293,CASMI_MOL_1196913,CASMI_MOL_631698,631698,CC1(O)C=CC(=O)C(C2(C)CCCC2(C)C)=C1,0.8009153686170442,binned_cosine_1Da,24,False,predicted_spectrum,9633
CASMI2022,massformer,completed,120,120,293,CASMI_MOL_1196913,CASMI_MOL_630893,630893,COC(=O)C1CCC2=C3CCCC(C)(C)C32C1,0.800496747451025,binned_cosine_1Da,25,False,predicted_spectrum,9633
CASMI2022,massformer,completed,120,120,293,CASMI_MOL_1196913,CASMI_MOL_632211,632211,COC1=C2C(CC3CCC2(C)C3(C)C)C(=O)C1,0.8004935679093632,binned_cosine_1Da,26,False,predicted_spectrum,9633
CASMI2022,massformer,completed,120,120,293,CASMI_MOL_1196913,CASMI_MOL_629731,629731,CC(C)=C1CC2(C)C(C)CCC(=O)C2CC1=O,0.8003198948741836,binned_cosine_1Da,27,False,predicted_spectrum,9633
CASMI2022,massformer,completed,120,120,293,CASMI_MOL_1196913,CASMI_MOL_630545,630545,CC(C)=C1CC2(C)C(C)CCC(=O)C2CC1=O,0.8003198948741836,binned_cosine_1Da,28,False,predicted_spectrum,9633
CASMI2022,massformer,completed,120,120,293,CASMI_MOL_1196913,CASMI_MOL_630546,630546,CC(C)=C1CC2(C)C(C)CCC(=O)C2CC1=O,0.8003198948741836,binned_cosine_1Da,29,False,predicted_spectrum,9633
CASMI2022,massformer,completed,120,120,293,CASMI_MOL_1196913,CASMI_MOL_630583,630583,CC(C)=C1CC2(C)C(C)CCC(=O)C2CC1=O,0.8003198948741836,binned_cosine_1Da,30,False,predicted_spectrum,9633
CASMI2022,massformer,completed,120,120,293,CASMI_MOL_1196913,CASMI_MOL_630868,630868,CC(C)=C1CC2(C)C(C)CCC(=O)C2CC1=O,0.8003198948741836,binned_cosine_1Da,31,False,predicted_spectrum,9633
CASMI2022,massformer,completed,120,120,293,CASMI_MOL_1196913,CASMI_MOL_630869,630869,CC(C)=C1CC2(C)C(C)CCC(=O)C2CC1=O,0.8003198948741836,binned_cosine_1Da,32,False,predicted_spectrum,9633
CASMI2022,massformer,completed,120,120,293,CASMI_MOL_1196913,CASMI_MOL_634402,634402,CC(C)=C1CC2(C)C(C)CCC(=O)C2CC1=O,0.8003198948741836,binned_cosine_1Da,33,False,predicted_spectrum,9633
CASMI2022,massformer,completed,120,120,293,CASMI_MOL_1196913,CASMI_MOL_635290,635290,COC1=CC2(C)CCC(C(C)C)C=C2CC1=O,0.7992645524456464,binned_cosine_1Da,34,False,predicted_spectrum,9633
CASMI2022,massformer,completed,120,120,293,CASMI_MOL_1196913,CASMI_MOL_630920,630920,CCC1(C)CC(=O)C=C(C)C1(C)C=CC(C)=O,0.7991651096094936,binned_cosine_1Da,35,False,predicted_spectrum,9633
CASMI2022,massformer,completed,120,120,293,CASMI_MOL_1196913,CASMI_MOL_630176,630176,CC(C)=C1CC(C)(C)C(=O)C2C(C)C(=O)CC12,0.7984277330187048,binned_cosine_1Da,36,False,predicted_spectrum,9633
CASMI2022,massformer,completed,120,120,293,CASMI_MOL_1196913,CASMI_MOL_631461,631461,CC(C)=C1CC(C)(C)C(=O)C2C(C)C(=O)CC12,0.7984277330187048,binned_cosine_1Da,37,False,predicted_spectrum,9633
CASMI2022,massformer,completed,120,120,293,CASMI_MOL_1196913,CASMI_MOL_634417,634417,CCC1CC2(C)CC(=O)C3=C(C)CC1(C)C32O,0.79816901016909,binned_cosine_1Da,38,False,predicted_spectrum,9633
CASMI2022,massformer,completed,120,120,293,CASMI_MOL_1196913,CASMI_MOL_635637,635637,CC1C(C)(C)C2=C(C(=O)C(C=O)CC2)C1(C)C,0.7980863802236734,binned_cosine_1Da,39,False,predicted_spectrum,9633
CASMI2022,massformer,completed,120,120,293,CASMI_MOL_1196913,CASMI_MOL_630217,630217,C=C(C)C1C=C2C(C)C(=O)CC2(O)C(C)CC1,0.7973143473400192,binned_cosine_1Da,40,False,predicted_spectrum,9633
CASMI2022,massformer,completed,120,120,293,CASMI_MOL_1196913,CASMI_MOL_630111,630111,C=C(C)C1CCC(C)C2(O)CC(=O)C(C)=C2C1,0.7971342050110544,binned_cosine_1Da,41,False,predicted_spectrum,9633
CASMI2022,massformer,completed,120,120,293,CASMI_MOL_1196913,CASMI_MOL_639034,639034,C=C(C)C1CCC(C)C2(O)CC(=O)C(C)=C2C1,0.7971342050110544,binned_cosine_1Da,42,False,predicted_spectrum,9633
CASMI2022,massformer,completed,120,120,293,CASMI_MOL_1196913,CASMI_MOL_635035,635035,C=CCCC1(O)C2=CC(=O)CC2(C)CC1(C)C,0.7966980756295118,binned_cosine_1Da,43,False,predicted_spectrum,9633
CASMI2022,massformer,completed,120,120,293,CASMI_MOL_1196913,CASMI_MOL_635036,635036,C=CCCC1(O)C2=CC(=O)CC2(C)CC1(C)C,0.7966980756295118,binned_cosine_1Da,44,False,predicted_spectrum,9633
CASMI2022,massformer,completed,120,120,293,CASMI_MOL_1196913,CASMI_MOL_632271,632271,C=C(C)C=CC1(O)C(C)=C(C)C(=O)CC1(C)C,0.7963356840720398,binned_cosine_1Da,45,False,predicted_spectrum,9633
CASMI2022,massformer,completed,120,120,293,CASMI_MOL_1196913,CASMI_MOL_634980,634980,CC1(C)C2=CC(=O)CC(C)(C)C23CCC1C3O,0.7960809333959393,binned_cosine_1Da,46,False,predicted_spectrum,9633
CASMI2022,massformer,completed,120,120,293,CASMI_MOL_1196913,CASMI_MOL_630525,630525,CC1=C2CC(C)(C)C2C(=O)C(=O)C(C)CCC1,0.7955921004198577,binned_cosine_1Da,47,False,predicted_spectrum,9633
CASMI2022,massformer,completed,120,120,293,CASMI_MOL_1196913,CASMI_MOL_632130,632130,CC1=C2CC(C)(C)C2C(=O)C(=O)C(C)CCC1,0.7955921004198577,binned_cosine_1Da,48,False,predicted_spectrum,9633
CASMI2022,massformer,completed,120,120,293,CASMI_MOL_1196913,CASMI_MOL_635383,635383,CC1=C2CC(C)(C)C2C(=O)C(=O)C(C)CCC1,0.7955921004198577,binned_cosine_1Da,49,False,predicted_spectrum,9633
CASMI2022,massformer,completed,120,120,293,CASMI_MOL_1196913,CASMI_MOL_639027,639027,CC1=C2CC(C)(C)C2C(=O)C(=O)C(C)CCC1,0.7955921004198577,binned_cosine_1Da,50,False,predicted_spectrum,9633
CASMI2022,massformer,completed,120,120,293,CASMI_MOL_1196913,CASMI_MOL_629465,629465,C=C1C(=O)C2(C(=O)CC(C)C)CCC1C2(C)C,0.7955405154631079,binned_cosine_1Da,51,False,predicted_spectrum,9633
CASMI2022,massformer,completed,120,120,293,CASMI_MOL_1196913,CASMI_MOL_631582,631582,C=C1CCCC(C)(C)C1=CC=C(C)CC(=O)O,0.7955222231466514,binned_cosine_1Da,52,False,predicted_spectrum,9633
CASMI2022,massformer,completed,120,120,293,CASMI_MOL_1196913,CASMI_MOL_632115,632115,C=C1CCCC(C)(C)C1=CC=C(C)CC(=O)O,0.7955222231466514,binned_cosine_1Da,53,False,predicted_spectrum,9633
CASMI2022,massformer,completed,120,120,293,CASMI_MOL_1196913,CASMI_MOL_634550,634550,C=C1CCCC(C)(C)C1=CC=C(C)CC(=O)O,0.7955222231466514,binned_cosine_1Da,54,False,predicted_spectrum,9633
CASMI2022,massformer,completed,120,120,293,CASMI_MOL_1196913,CASMI_MOL_635089,635089,C=C1CCCC(C)(C)C1=CC=C(C)CC(=O)O,0.7955222231466514,binned_cosine_1Da,55,False,predicted_spectrum,9633
CASMI2022,massformer,completed,120,120,293,CASMI_MOL_1196913,CASMI_MOL_636893,636893,C=C1CCCC(C)(C)C1=CC=C(C)CC(=O)O,0.7955222231466514,binned_cosine_1Da,56,False,predicted_spectrum,9633
CASMI2022,massformer,completed,120,120,293,CASMI_MOL_1196913,CASMI_MOL_639009,639009,C=C1CCCC(C)(C)C1=CC=C(C)CC(=O)O,0.7955222231466514,binned_cosine_1Da,57,False,predicted_spectrum,9633
CASMI2022,massformer,completed,120,120,293,CASMI_MOL_1196913,CASMI_MOL_630348,630348,C=C(C)C1CC(=O)C2CC(=O)CC(C)C2(C)C1,0.7953432076439498,binned_cosine_1Da,58,False,predicted_spectrum,9633
CASMI2022,massformer,completed,120,120,293,CASMI_MOL_1196913,CASMI_MOL_631818,631818,C=C(C)C1CC(=O)C2CC(=O)CC(C)C2(C)C1,0.7953432076439498,binned_cosine_1Da,59,False,predicted_spectrum,9633
CASMI2022,massformer,completed,120,120,293,CASMI_MOL_1196913,CASMI_MOL_629710,629710,CC1=C2C3C(C(=O)C1)C2(C)C(O)CCC3(C)C,0.7949745970420367,binned_cosine_1Da,60,False,predicted_spectrum,9633
CASMI2022,massformer,completed,120,120,293,CASMI_MOL_1196913,CASMI_MOL_629961,629961,CC1=C2C3C(C(=O)C1)C2(C)C(O)CCC3(C)C,0.7949745970420367,binned_cosine_1Da,61,False,predicted_spectrum,9633
CASMI2022,massformer,completed,120,120,293,CASMI_MOL_1196913,CASMI_MOL_630324,630324,CC1=C2C3C(C(=O)C1)C2(C)C(O)CCC3(C)C,0.7949745970420367,binned_cosine_1Da,62,False,predicted_spectrum,9633
CASMI2022,massformer,completed,120,120,293,CASMI_MOL_1196913,CASMI_MOL_629830,629830,CC1=C(C=O)C2(C)CCCC(C)(C)C2C(=O)C1,0.7947568671957087,binned_cosine_1Da,63,False,predicted_spectrum,9633
CASMI2022,massformer,completed,120,120,293,CASMI_MOL_1196913,CASMI_MOL_630317,630317,CC1=C(C=O)C2(C)CCCC(C)(C)C2C(=O)C1,0.7947568671957087,binned_cosine_1Da,64,False,predicted_spectrum,9633
CASMI2022,massformer,completed,120,120,293,CASMI_MOL_1196913,CASMI_MOL_639001,639001,CC1=C(C=O)C2(C)CCCC(C)(C)C2C(=O)C1,0.7947568671957087,binned_cosine_1Da,65,False,predicted_spectrum,9633
CASMI2022,massformer,completed,120,120,293,CASMI_MOL_1196913,CASMI_MOL_630210,630210,C=C(C)C1CC(=O)C2=CCC(O)C(C)C2(C)C1,0.7947211713424321,binned_cosine_1Da,66,False,predicted_spectrum,9633
CASMI2022,massformer,completed,120,120,293,CASMI_MOL_1196913,CASMI_MOL_638664,638664,C=C(C)C1CC(=O)C2=CCC(O)C(C)C2(C)C1,0.7947211713424321,binned_cosine_1Da,67,False,predicted_spectrum,9633
CASMI2022,massformer,completed,120,120,293,CASMI_MOL_1196913,CASMI_MOL_630725,630725,CC(=O)C1=C(C=CC(C)=CCO)C(C)(C)CC1,0.7944925399239325,binned_cosine_1Da,68,False,predicted_spectrum,9633
CASMI2022,massformer,completed,120,120,293,CASMI_MOL_1196913,CASMI_MOL_630181,630181,CC(C)=C1CC2(C)C(=CC1=O)CC(O)CC2C,0.7940361291320017,binned_cosine_1Da,69,False,predicted_spectrum,9633
CASMI2022,massformer,completed,120,120,293,CASMI_MOL_1196913,CASMI_MOL_630182,630182,CC(C)=C1CC2(C)C(=CC1=O)CC(O)CC2C,0.7940361291320017,binned_cosine_1Da,70,False,predicted_spectrum,9633
CASMI2022,massformer,completed,120,120,293,CASMI_MOL_1196913,CASMI_MOL_630288,630288,CC(C)=C1CC2(C)C(=CC1=O)CC(O)CC2C,0.7940361291320017,binned_cosine_1Da,71,False,predicted_spectrum,9633
CASMI2022,massformer,completed,120,120,293,CASMI_MOL_1196913,CASMI_MOL_630289,630289,CC(C)=C1CC2(C)C(=CC1=O)CC(O)CC2C,0.7940361291320017,binned_cosine_1Da,72,False,predicted_spectrum,9633
CASMI2022,massformer,completed,120,120,293,CASMI_MOL_1196913,CASMI_MOL_631785,631785,CC(C)=C1CC2(C)C(=CC1=O)CC(O)CC2C,0.7940361291320017,binned_cosine_1Da,73,False,predicted_spectrum,9633
CASMI2022,massformer,completed,120,120,293,CASMI_MOL_1196913,CASMI_MOL_638315,638315,CC(C)=C1CC2(C)C(=CC(O)CC2C)CC1=O,0.793962724525041,binned_cosine_1Da,74,False,predicted_spectrum,9633
CASMI2022,massformer,completed,120,120,293,CASMI_MOL_1196913,CASMI_MOL_635757,635757,CCOC(=O)C=CC12CC3CC(CC(C3)C1)C2,0.7938822633549689,binned_cosine_1Da,75,False,predicted_spectrum,9633
CASMI2022,massformer,completed,120,120,293,CASMI_MOL_1196913,CASMI_MOL_630054,630054,CC1=CCC(C)(C)C2=C(CC1=O)C(C)(O)CC2,0.7937897319628834,binned_cosine_1Da,76,False,predicted_spectrum,9633
CASMI2022,massformer,completed,120,120,293,CASMI_MOL_1196913,CASMI_MOL_630055,630055,CC1=CCC(C)(C)C2=C(CC1=O)C(C)(O)CC2,0.7937897319628834,binned_cosine_1Da,77,False,predicted_spectrum,9633
CASMI2022,massformer,completed,120,120,293,CASMI_MOL_1196913,CASMI_MOL_630056,630056,CC1=CCC(C)(C)C2=C(CC1=O)C(C)(O)CC2,0.7937897319628834,binned_cosine_1Da,78,False,predicted_spectrum,9633
CASMI2022,massformer,completed,120,120,293,CASMI_MOL_1196913,CASMI_MOL_630323,630323,CC1=CCC(C)(C)C2=C(CC1=O)C(C)(O)CC2,0.7937897319628834,binned_cosine_1Da,79,False,predicted_spectrum,9633
CASMI2022,massformer,completed,120,120,293,CASMI_MOL_1196913,CASMI_MOL_629531,629531,CC1(C)CC2=C3CC(=O)CCC3(C)C(O)C2C1,0.7927255342028297,binned_cosine_1Da,80,False,predicted_spectrum,9633
CASMI2022,massformer,completed,120,120,293,CASMI_MOL_1196913,CASMI_MOL_637339,637339,COC(=O)C(C)=CC1=C2C(C)CCC2CCC1,0.7926088842245633,binned_cosine_1Da,81,False,predicted_spectrum,9633
CASMI2022,massformer,completed,120,120,293,CASMI_MOL_1196913,CASMI_MOL_630870,630870,CC(C)=C1CC2(C)C(CCC(=O)C2C)CC1=O,0.7923322743890352,binned_cosine_1Da,82,False,predicted_spectrum,9633
CASMI2022,massformer,completed,120,120,293,CASMI_MOL_1196913,CASMI_MOL_635731,635731,COC(=O)C(C)=CC1C2CC3CC(C2)CC1C3,0.7921435772467633,binned_cosine_1Da,83,False,predicted_spectrum,9633
CASMI2022,massformer,completed,120,120,293,CASMI_MOL_1196913,CASMI_MOL_635097,635097,CCCC=C1CC(=O)CC(=O)C2CCCCC12,0.7920852834757944,binned_cosine_1Da,84,False,predicted_spectrum,9633
CASMI2022,massformer,completed,120,120,293,CASMI_MOL_1196913,CASMI_MOL_629684,629684,CC(C=CC1=C(C)C(=O)CCC1(C)C)=CCO,0.7920546303449093,binned_cosine_1Da,85,False,predicted_spectrum,9633
CASMI2022,massformer,completed,120,120,293,CASMI_MOL_1196913,CASMI_MOL_630809,630809,CC(C=CC1=C(C)C(=O)CCC1(C)C)=CCO,0.7920546303449093,binned_cosine_1Da,86,False,predicted_spectrum,9633
CASMI2022,massformer,completed,120,120,293,CASMI_MOL_1196913,CASMI_MOL_638924,638924,CC(C=CC1=C(C)C(=O)CCC1(C)C)=CCO,0.7920546303449093,binned_cosine_1Da,87,False,predicted_spectrum,9633
CASMI2022,massformer,completed,120,120,293,CASMI_MOL_1196913,CASMI_MOL_630225,630225,CC(C)=C1CC(=O)C(C)CC2C(C)C(=O)CC12,0.7920024666409687,binned_cosine_1Da,88,False,predicted_spectrum,9633
CASMI2022,massformer,completed,120,120,293,CASMI_MOL_1196913,CASMI_MOL_630160,630160,CC(=O)C1=C2C(C(C)C)CC(=O)C(C)C2CC1,0.7918241800735719,binned_cosine_1Da,89,False,predicted_spectrum,9633
CASMI2022,massformer,completed,120,120,293,CASMI_MOL_1196913,CASMI_MOL_630161,630161,CC(=O)C1=C2C(C(C)C)CC(=O)C(C)C2CC1,0.7918241800735719,binned_cosine_1Da,90,False,predicted_spectrum,9633
CASMI2022,massformer,completed,120,120,293,CASMI_MOL_1196913,CASMI_MOL_632079,632079,COC=CC12CCC(C1)CC2(O)C1=CCCC1,0.7916929248141706,binned_cosine_1Da,91,False,predicted_spectrum,9633
CASMI2022,massformer,completed,120,120,293,CASMI_MOL_1196913,CASMI_MOL_632551,632551,COC=CC12CCC(C1)CC2(O)C1=CCCC1,0.7916929248141706,binned_cosine_1Da,92,False,predicted_spectrum,9633
CASMI2022,massformer,completed,120,120,293,CASMI_MOL_1196913,CASMI_MOL_635181,635181,COC=CC12CCC(C1)CC2(O)C1=CCCC1,0.7916929248141706,binned_cosine_1Da,93,False,predicted_spectrum,9633
CASMI2022,massformer,completed,120,120,293,CASMI_MOL_1196913,CASMI_MOL_630173,630173,CC1C(=O)C2CC(C)(C)CC2C2(C)CC(=O)C12,0.7911875893823002,binned_cosine_1Da,94,False,predicted_spectrum,9633
CASMI2022,massformer,completed,120,120,293,CASMI_MOL_1196913,CASMI_MOL_631464,631464,CC1C(=O)C2CC(C)(C)CC2C2(C)CC(=O)C12,0.7911875893823002,binned_cosine_1Da,95,False,predicted_spectrum,9633
CASMI2022,massformer,completed,120,120,293,CASMI_MOL_1196913,CASMI_MOL_631185,631185,CC(=CC=C1C(C)CC(=O)CC1(C)C)CC=O,0.7911261948025112,binned_cosine_1Da,96,False,predicted_spectrum,9633
CASMI2022,massformer,completed,120,120,293,CASMI_MOL_1196913,CASMI_MOL_631743,631743,C=C(C)C1=CCC(C)C(=O)C(=O)CC(C)CC1,0.7910668762463644,binned_cosine_1Da,97,False,predicted_spectrum,9633
CASMI2022,massformer,completed,120,120,293,CASMI_MOL_1196913,CASMI_MOL_638491,638491,C=C(C)C1CC(=O)C2=CCCC(C)C2(CO)C1,0.7909506565938016,binned_cosine_1Da,98,False,predicted_spectrum,9633
CASMI2022,massformer,completed,120,120,293,CASMI_MOL_1196913,CASMI_MOL_631256,631256,C=C(C(=O)OC)C1C2CC3CC(C2)CC1(C)C3,0.790742799784552,binned_cosine_1Da,99,False,predicted_spectrum,9633
CASMI2022,massformer,completed,120,120,293,CASMI_MOL_1196913,CASMI_MOL_630876,630876,CC1C(=O)C2=CC(C)(C)CC2(O)C2(C)CCC12,0.7907222320080297,binned_cosine_1Da,100,False,predicted_spectrum,9633
CASMI2022,massformer,completed,120,120,293,CASMI_MOL_1196913,CASMI_MOL_1196913,1196913,Cc1c(O)oc2c1CC1(C)C(C)CCCC1C2,0.6639365166039899,binned_cosine_1Da,2366,True,predicted_spectrum,9633
CASMI2022,massformer,completed,121,121,294,CASMI_MOL_1196918,CASMI_MOL_639717,639717,O=C(CCCOC(=O)C(=O)O)OC12CC3CC(CC(C3)C1)C2,0.7691400074382209,binned_cosine_1Da,1,False,predicted_spectrum,9371
CASMI2022,massformer,completed,121,121,294,CASMI_MOL_1196918,CASMI_MOL_643182,643182,CC(C)C(=O)OCC(=O)OC1C2CC3CC(C2)C(=O)OC1C3,0.765905022625534,binned_cosine_1Da,2,False,predicted_spectrum,9371
CASMI2022,massformer,completed,121,121,294,CASMI_MOL_1196918,CASMI_MOL_647090,647090,CCCC(=O)OCC(=O)OC12CC3CC(C1)OC(=O)C(C3)C2,0.7644263177244031,binned_cosine_1Da,3,False,predicted_spectrum,9371
CASMI2022,massformer,completed,121,121,294,CASMI_MOL_1196918,CASMI_MOL_645729,645729,C=C(C)C(=O)OCC(=O)OC12CCCC(CC(OC=O)C1)C2,0.7608799458176041,binned_cosine_1Da,4,False,predicted_spectrum,9371
CASMI2022,massformer,completed,121,121,294,CASMI_MOL_1196918,CASMI_MOL_639059,639059,C=CC1(OC(=O)COC(=O)COC(=O)C(=C)C)CCCCC1,0.760583231017495,binned_cosine_1Da,5,False,predicted_spectrum,9371
CASMI2022,massformer,completed,121,121,294,CASMI_MOL_1196918,CASMI_MOL_640765,640765,C=C(C)C(=O)OCCCCC1(C(=O)O)C=CCCC1C(=O)O,0.756246204898554,binned_cosine_1Da,6,False,predicted_spectrum,9371
CASMI2022,massformer,completed,121,121,294,CASMI_MOL_1196918,CASMI_MOL_645613,645613,CC1(OC(=O)COC(=O)COC=O)C2CC3CC(C2)CC1C3,0.7548068356836298,binned_cosine_1Da,7,False,predicted_spectrum,9371
CASMI2022,massformer,completed,121,121,294,CASMI_MOL_1196918,CASMI_MOL_647640,647640,C=C(C)C(=O)OC(C)(C)C(=O)OC1CCC2CC1(C)OC2=O,0.7517742644526686,binned_cosine_1Da,8,False,predicted_spectrum,9371
CASMI2022,massformer,completed,121,121,294,CASMI_MOL_1196918,CASMI_MOL_647639,647639,C=C(C)C(=O)OC(C)(C)C(=O)OC1CC2CCC1(C)OC2=O,0.751627479677115,binned_cosine_1Da,9,False,predicted_spectrum,9371
CASMI2022,massformer,completed,121,121,294,CASMI_MOL_1196918,CASMI_MOL_647641,647641,C=C(C)C(=O)OCCC(=O)OC1C(C)CC2CC1(C)OC2=O,0.7515068476694874,binned_cosine_1Da,10,False,predicted_spectrum,9371
CASMI2022,massformer,completed,121,121,294,CASMI_MOL_1196918,CASMI_MOL_645627,645627,C=C(C(=O)OCCOC(C)=O)C12CC(C3OC(C)O3)CC1C2,0.7506093971865241,binned_cosine_1Da,11,False,predicted_spectrum,9371
CASMI2022,massformer,completed,121,121,294,CASMI_MOL_1196918,CASMI_MOL_640284,640284,C=C(C)C(=O)OCCCOC(=O)C1(C)C=CCCC1C(=O)O,0.7501910442983418,binned_cosine_1Da,12,False,predicted_spectrum,9371
CASMI2022,massformer,completed,121,121,294,CASMI_MOL_1196918,CASMI_MOL_646693,646693,COC(=O)CCOC(=O)C1C2CC(C3CCCC32)C1C(=O)O,0.7496755505847916,binned_cosine_1Da,13,False,predicted_spectrum,9371
CASMI2022,massformer,completed,121,121,294,CASMI_MOL_1196918,CASMI_MOL_639060,639060,C=CC1(OC(=O)COC(=O)COC(=O)C(=C)C)CCCC1C,0.7494311452338693,binned_cosine_1Da,14,False,predicted_spectrum,9371
CASMI2022,massformer,completed,121,121,294,CASMI_MOL_1196918,CASMI_MOL_640380,640380,C=C(C)C(=O)OCOC(=O)OC12CC3CC(CC(O)(C3)C1)C2,0.7493895021034888,binned_cosine_1Da,15,False,predicted_spectrum,9371
CASMI2022,massformer,completed,121,121,294,CASMI_MOL_1196918,CASMI_MOL_647643,647643,C=C(C)C(=O)OCCC(=O)OC1(C)CCC2CC1(C)OC2=O,0.7481625255425803,binned_cosine_1Da,16,False,predicted_spectrum,9371
CASMI2022,massformer,completed,121,121,294,CASMI_MOL_1196918,CASMI_MOL_647645,647645,C=C(C)C(=O)OCC(=O)OC1(C2CCC(=O)O2)CCCCC1,0.747767792032144,binned_cosine_1Da,17,False,predicted_spectrum,9371
CASMI2022,massformer,completed,121,121,294,CASMI_MOL_1196918,CASMI_MOL_641031,641031,C=C(C)C(O)OCC(=O)OC1C2CC3CC(C2)C(=O)OC1C3,0.7469534229413505,binned_cosine_1Da,18,False,predicted_spectrum,9371
CASMI2022,massformer,completed,121,121,294,CASMI_MOL_1196918,CASMI_MOL_646812,646812,C=C(C)C(=O)OC(C)C(=O)OC1C(C)CC2CC1(C)OC2=O,0.7469100898399826,binned_cosine_1Da,19,False,predicted_spectrum,9371
CASMI2022,massformer,completed,121,121,294,CASMI_MOL_1196918,CASMI_MOL_645623,645623,C=C(C)C(=O)OC(C)(C)C(=O)OC1(C)CCC2CC1OC2=O,0.746324504413758,binned_cosine_1Da,20,False,predicted_spectrum,9371
CASMI2022,massformer,completed,121,121,294,CASMI_MOL_1196918,CASMI_MOL_645622,645622,C=C(C)C(=O)OC(C)(C)C(=O)OC1C(C)CC2CC1OC2=O,0.7423221378179798,binned_cosine_1Da,21,False,predicted_spectrum,9371
CASMI2022,massformer,completed,121,121,294,CASMI_MOL_1196918,CASMI_MOL_647594,647594,CCC(C)(C)C(=O)OCC(=O)OC12CC3CC(C(=O)O1)C2C3,0.7413757276501745,binned_cosine_1Da,22,False,predicted_spectrum,9371
CASMI2022,massformer,completed,121,121,294,CASMI_MOL_1196918,CASMI_MOL_639767,639767,C=C(C)C(=O)OCC(=O)COC1C(C)CC2C(C)C(=O)OC21,0.7388311318817585,binned_cosine_1Da,23,False,predicted_spectrum,9371
CASMI2022,massformer,completed,121,121,294,CASMI_MOL_1196918,CASMI_MOL_643234,643234,O=C1OCC(C=CCCCCCCC=CC2COC(=O)O2)O1,0.7376794074980857,binned_cosine_1Da,24,False,predicted_spectrum,9371
CASMI2022,massformer,completed,121,121,294,CASMI_MOL_1196918,CASMI_MOL_640793,640793,C=C(C)C(=O)OCCCC1(C(=O)O)CCC=CC1(C)C(=O)O,0.737179421598049,binned_cosine_1Da,25,False,predicted_spectrum,9371
CASMI2022,massformer,completed,121,121,294,CASMI_MOL_1196918,CASMI_MOL_645636,645636,C=C(C)C(=O)OCC1C2CC(C(C)C2C(=O)OC)C1OC=O,0.7370429967709505,binned_cosine_1Da,26,False,predicted_spectrum,9371
CASMI2022,massformer,completed,121,121,294,CASMI_MOL_1196918,CASMI_MOL_645726,645726,C=C(CC)C(=O)OC(=O)OC12CC3CC(O)(CC(O)(C3)C1)C2,0.7359256886294027,binned_cosine_1Da,27,False,predicted_spectrum,9371
CASMI2022,massformer,completed,121,121,294,CASMI_MOL_1196918,CASMI_MOL_646813,646813,C=C(C)C(=O)OC(C)C(=O)OC1(C)CCC2CC1(C)OC2=O,0.7356216957903026,binned_cosine_1Da,28,False,predicted_spectrum,9371
CASMI2022,massformer,completed,121,121,294,CASMI_MOL_1196918,CASMI_MOL_640656,640656,CCOC(=O)C1(C(=O)OCC)CC2OC(=O)C(C3CC3)C2C1,0.7341594339297461,binned_cosine_1Da,29,False,predicted_spectrum,9371
CASMI2022,massformer,completed,121,121,294,CASMI_MOL_1196918,CASMI_MOL_640015,640015,C=CC(=O)OCCCC(=O)OC1C(C)CC2C(=O)OC1C2C,0.7340445412567188,binned_cosine_1Da,30,False,predicted_spectrum,9371
CASMI2022,massformer,completed,121,121,294,CASMI_MOL_1196918,CASMI_MOL_640889,640889,C=C(C)C(=O)OC(C)CC1(C(=O)O)C=CC(C)CC1C(=O)O,0.7337339680768513,binned_cosine_1Da,31,False,predicted_spectrum,9371
CASMI2022,massformer,completed,121,121,294,CASMI_MOL_1196918,CASMI_MOL_641062,641062,C=CC(=O)OCC(C)(C)C(=O)C(=O)C1CCCCC1C(=O)O,0.7331728953547372,binned_cosine_1Da,32,False,predicted_spectrum,9371
CASMI2022,massformer,completed,121,121,294,CASMI_MOL_1196918,CASMI_MOL_643297,643297,C=C(C)C(=O)OC(C)CC1(C(=O)O)CCC=CC1(C)C(=O)O,0.7327347869263129,binned_cosine_1Da,33,False,predicted_spectrum,9371
CASMI2022,massformer,completed,121,121,294,CASMI_MOL_1196918,CASMI_MOL_642230,642230,C=C(CCCC(=O)OC(C)=O)C1(COC(C)=O)C=CC(C)O1,0.7326408306042388,binned_cosine_1Da,34,False,predicted_spectrum,9371
CASMI2022,massformer,completed,121,121,294,CASMI_MOL_1196918,CASMI_MOL_645431,645431,C=C(C)C(=O)OCCOC(=O)C(=C)C(CC1CO1)CC1CO1,0.7321815322981368,binned_cosine_1Da,35,False,predicted_spectrum,9371
CASMI2022,massformer,completed,121,121,294,CASMI_MOL_1196918,CASMI_MOL_641670,641670,C=C(C)C(O)OCC(=O)OC12CC3CC(C1)OC(=O)C(C3)C2,0.7315393826670319,binned_cosine_1Da,36,False,predicted_spectrum,9371
CASMI2022,massformer,completed,121,121,294,CASMI_MOL_1196918,CASMI_MOL_647609,647609,C=C(C)C(=O)OCC(=O)OC12CC3CC(O)(CC(O)(C3)C1)C2,0.7312496007115299,binned_cosine_1Da,37,False,predicted_spectrum,9371
CASMI2022,massformer,completed,121,121,294,CASMI_MOL_1196918,CASMI_MOL_640160,640160,CC(=CC(=O)OC1CCC2(CCC2)CC1)C(=O)OCC(=O)O,0.7308894627292735,binned_cosine_1Da,38,False,predicted_spectrum,9371
CASMI2022,massformer,completed,121,121,294,CASMI_MOL_1196918,CASMI_MOL_647689,647689,C=CCC(CC=C)(CC=C)CCC(C(=O)O)(C(=O)O)C(=O)O,0.730347742640477,binned_cosine_1Da,39,False,predicted_spectrum,9371
CASMI2022,massformer,completed,121,121,294,CASMI_MOL_1196918,CASMI_MOL_640649,640649,C=C(C)C(=O)OC(C)CC=C1CCC(C(=O)O)C(C(=O)O)C1,0.7296416801883995,binned_cosine_1Da,40,False,predicted_spectrum,9371
CASMI2022,massformer,completed,121,121,294,CASMI_MOL_1196918,CASMI_MOL_645442,645442,O=C1OCCC1=COCCCCCCOC=C1CCOC1=O,0.728486633867441,binned_cosine_1Da,41,False,predicted_spectrum,9371
CASMI2022,massformer,completed,121,121,294,CASMI_MOL_1196918,CASMI_MOL_647486,647486,CCC(C)C(=O)OCC(=O)OC1C2CC3C1OC(=O)C3C2C,0.7284023515126724,binned_cosine_1Da,42,False,predicted_spectrum,9371
CASMI2022,massformer,completed,121,121,294,CASMI_MOL_1196918,CASMI_MOL_640282,640282,CCCCCCCC(=O)OC1(C(=O)O)C=CC=CC1C(=O)O,0.7282632671950647,binned_cosine_1Da,43,False,predicted_spectrum,9371
CASMI2022,massformer,completed,121,121,294,CASMI_MOL_1196918,CASMI_MOL_647042,647042,CCOC(=O)C1(C(=O)OCC)CC2CC2(C=CC(=O)OC)C1,0.7275570725287652,binned_cosine_1Da,44,False,predicted_spectrum,9371
CASMI2022,massformer,completed,121,121,294,CASMI_MOL_1196918,CASMI_MOL_643179,643179,CC(C)(C)C(=O)OCC(=O)OC1C2CC3C(=O)OC1(C)C3C2,0.7273661034991665,binned_cosine_1Da,45,False,predicted_spectrum,9371
CASMI2022,massformer,completed,121,121,294,CASMI_MOL_1196918,CASMI_MOL_647145,647145,C=C(C)C(=O)OCCOC(=O)C12CCC(C)(C(=O)O1)C2(C)C,0.7272830602153727,binned_cosine_1Da,46,False,predicted_spectrum,9371
CASMI2022,massformer,completed,121,121,294,CASMI_MOL_1196918,CASMI_MOL_647642,647642,C=CC(=O)OC(C)(C)C(=O)OC1(C)CCC2CC1(C)OC2=O,0.7269370786081264,binned_cosine_1Da,47,False,predicted_spectrum,9371
CASMI2022,massformer,completed,121,121,294,CASMI_MOL_1196918,CASMI_MOL_640708,640708,O=C(O)C1=C(C(=O)OCCCCOCC2CO2)C2CCC1C2,0.7269352069296703,binned_cosine_1Da,48,False,predicted_spectrum,9371
CASMI2022,massformer,completed,121,121,294,CASMI_MOL_1196918,CASMI_MOL_640313,640313,CC(=O)OOC(=O)C1=C(C(=O)O)C(C2CCCCC2)CCC1,0.7264753739891371,binned_cosine_1Da,49,False,predicted_spectrum,9371
CASMI2022,massformer,completed,121,121,294,CASMI_MOL_1196918,CASMI_MOL_646687,646687,CC(C)C(=O)OC(C)(C)C(=O)OC1C2CC3C(=O)OC1C3C2,0.7261738323013409,binned_cosine_1Da,50,False,predicted_spectrum,9371
CASMI2022,massformer,completed,121,121,294,CASMI_MOL_1196918,CASMI_MOL_639075,639075,O=C(O)CCCCC(=O)CCC1C(=O)CC2OC(=O)CCC21,0.7261444427230924,binned_cosine_1Da,51,False,predicted_spectrum,9371
CASMI2022,massformer,completed,121,121,294,CASMI_MOL_1196918,CASMI_MOL_647121,647121,O=C(O)CCCCC(=O)CCC1C(=O)CC2OC(=O)CCC21,0.7261444427230924,binned_cosine_1Da,52,False,predicted_spectrum,9371
CASMI2022,massformer,completed,121,121,294,CASMI_MOL_1196918,CASMI_MOL_647511,647511,C=C(C(=O)OCCOC(C)=O)C12CC(C(=O)OCC)CC1C2,0.725813205520119,binned_cosine_1Da,53,False,predicted_spectrum,9371
CASMI2022,massformer,completed,121,121,294,CASMI_MOL_1196918,CASMI_MOL_647508,647508,CCC(C)(C)C(=O)OC(=O)COC1C2CC3C(=O)OC1C3C2,0.7256338666374338,binned_cosine_1Da,54,False,predicted_spectrum,9371
CASMI2022,massformer,completed,121,121,294,CASMI_MOL_1196918,CASMI_MOL_640716,640716,C=CC(=O)C(CCC(CO)(CO)CO)(C(=O)C=C)C(=O)C=C,0.7252865870534108,binned_cosine_1Da,55,False,predicted_spectrum,9371
CASMI2022,massformer,completed,121,121,294,CASMI_MOL_1196918,CASMI_MOL_647608,647608,C=CC(=O)OCC(=O)OC12CC3(C)CC(O)(CC(O)(C3)C1)C2,0.7228282885917152,binned_cosine_1Da,56,False,predicted_spectrum,9371
CASMI2022,massformer,completed,121,121,294,CASMI_MOL_1196918,CASMI_MOL_644094,644094,COC(=O)C(CCCC(F)(F)F)(C(=O)OC)C1CCCC1,0.7216669852418461,binned_cosine_1Da,57,False,predicted_spectrum,9371
CASMI2022,massformer,completed,121,121,294,CASMI_MOL_1196918,CASMI_MOL_640162,640162,CC(=CC(=O)OC1(C2CCCCC2)CC1)C(=O)OCC(=O)O,0.721090890491394,binned_cosine_1Da,58,False,predicted_spectrum,9371
CASMI2022,massformer,completed,121,121,294,CASMI_MOL_1196918,CASMI_MOL_644256,644256,COC(=O)C#CCCCC(O)C(C(=O)OC)C1CCCC1=O,0.7209612800127129,binned_cosine_1Da,59,False,predicted_spectrum,9371
CASMI2022,massformer,completed,121,121,294,CASMI_MOL_1196918,CASMI_MOL_646883,646883,CCC(=O)CCC(=O)CC(C1CCC(=O)O1)C1CCC(=O)O1,0.719349367340421,binned_cosine_1Da,60,False,predicted_spectrum,9371
CASMI2022,massformer,completed,121,121,294,CASMI_MOL_1196918,CASMI_MOL_644258,644258,C=CC1CC(C(=O)OC)(C(=O)OC)CC1C=CCC(=O)OC,0.7192105611359982,binned_cosine_1Da,61,False,predicted_spectrum,9371
CASMI2022,massformer,completed,121,121,294,CASMI_MOL_1196918,CASMI_MOL_640956,640956,CCC(COC(=O)CCC(=O)O)OC(=O)C1CC2C=CC1C2,0.7187352671434963,binned_cosine_1Da,62,False,predicted_spectrum,9371
CASMI2022,massformer,completed,121,121,294,CASMI_MOL_1196918,CASMI_MOL_640190,640190,CC(C)(C)C(=O)OCC(=O)OC1CC2CC1C1C(=O)OCC21,0.7184531533390556,binned_cosine_1Da,63,False,predicted_spectrum,9371
CASMI2022,massformer,completed,121,121,294,CASMI_MOL_1196918,CASMI_MOL_639774,639774,C=CCC1(C)C=C(OC)C(OC(=O)CC(O)C(=O)OC)=CC1,0.717640205885111,binned_cosine_1Da,64,False,predicted_spectrum,9371
CASMI2022,massformer,completed,121,121,294,CASMI_MOL_1196918,CASMI_MOL_642809,642809,C=CCC1(C)C=C(OC)C(OC(=O)CC(O)C(=O)OC)=CC1,0.717640205885111,binned_cosine_1Da,65,False,predicted_spectrum,9371
CASMI2022,massformer,completed,121,121,294,CASMI_MOL_1196918,CASMI_MOL_647077,647077,C=C(C(=O)OCCOC(=O)C1=C(C(=O)O)CCCC1)C(C)C,0.7166997547534842,binned_cosine_1Da,66,False,predicted_spectrum,9371
CASMI2022,massformer,completed,121,121,294,CASMI_MOL_1196918,CASMI_MOL_640965,640965,C=CCOC(COC(=O)C1=C(C(=O)O)CCCC1)OCC=C,0.7165815370152456,binned_cosine_1Da,67,False,predicted_spectrum,9371
CASMI2022,massformer,completed,121,121,294,CASMI_MOL_1196918,CASMI_MOL_640161,640161,CC(=CC(=O)OC1CC2(CCCCC2)C1)C(=O)OCC(=O)O,0.7163419070870305,binned_cosine_1Da,68,False,predicted_spectrum,9371
CASMI2022,massformer,completed,121,121,294,CASMI_MOL_1196918,CASMI_MOL_640312,640312,CCC(C)C=CC=CCOC(=O)C=CC(=O)OC(=O)C(C)O,0.7156939787953702,binned_cosine_1Da,69,False,predicted_spectrum,9371
CASMI2022,massformer,completed,121,121,294,CASMI_MOL_1196918,CASMI_MOL_644096,644096,CCOC(=O)C1(CCCOCC(F)(F)F)CCCCC1=O,0.7152528393317343,binned_cosine_1Da,70,False,predicted_spectrum,9371
CASMI2022,massformer,completed,121,121,294,CASMI_MOL_1196918,CASMI_MOL_645683,645683,O=CCCCCC(=O)CC(C1CCC(=O)O1)C1CCC(=O)O1,0.7150581051981525,binned_cosine_1Da,71,False,predicted_spectrum,9371
CASMI2022,massformer,completed,121,121,294,CASMI_MOL_1196918,CASMI_MOL_646884,646884,CCC(=O)CCC(=O)CC(C1COC(=O)C1)C1COC(=O)C1,0.7145424398762544,binned_cosine_1Da,72,False,predicted_spectrum,9371
CASMI2022,massformer,completed,121,121,294,CASMI_MOL_1196918,CASMI_MOL_646882,646882,CCC(=O)CCC(=O)CC(C1CCOC1=O)C1CCOC1=O,0.7114435735470225,binned_cosine_1Da,73,False,predicted_spectrum,9371
CASMI2022,massformer,completed,121,121,294,CASMI_MOL_1196918,CASMI_MOL_647610,647610,C=CC(=O)OCC(=O)OC12CC3CC(O)(CC(O)(C3)C1C)C2,0.7111532387623324,binned_cosine_1Da,74,False,predicted_spectrum,9371
CASMI2022,massformer,completed,121,121,294,CASMI_MOL_1196918,CASMI_MOL_640316,640316,O=C(O)CCCCCCCC(C(=O)O)c1c(O)cccc1O,0.7108849361941141,binned_cosine_1Da,75,False,predicted_spectrum,9371
CASMI2022,massformer,completed,121,121,294,CASMI_MOL_1196918,CASMI_MOL_644141,644141,CCOC(=O)C1(C(=O)OCC)CC=CCOC(=O)C2CC2C1,0.7108265857816722,binned_cosine_1Da,76,False,predicted_spectrum,9371
CASMI2022,massformer,completed,121,121,294,CASMI_MOL_1196918,CASMI_MOL_644142,644142,CCOC(=O)C1(C(=O)OCC)CC=CCOC(=O)C2CC2C1,0.7108265857816722,binned_cosine_1Da,77,False,predicted_spectrum,9371
CASMI2022,massformer,completed,121,121,294,CASMI_MOL_1196918,CASMI_MOL_644143,644143,CCOC(=O)C1(C(=O)OCC)CC=CCOC(=O)C2CC2C1,0.7108265857816722,binned_cosine_1Da,78,False,predicted_spectrum,9371
CASMI2022,massformer,completed,121,121,294,CASMI_MOL_1196918,CASMI_MOL_644144,644144,CCOC(=O)C1(C(=O)OCC)CC=CCOC(=O)C2CC2C1,0.7108265857816722,binned_cosine_1Da,79,False,predicted_spectrum,9371
CASMI2022,massformer,completed,121,121,294,CASMI_MOL_1196918,CASMI_MOL_643302,643302,C=C(C(=O)OC)C1C2CC(C(=O)OCC)(C(=O)OCC)CC21,0.710113054667559,binned_cosine_1Da,80,False,predicted_spectrum,9371
CASMI2022,massformer,completed,121,121,294,CASMI_MOL_1196918,CASMI_MOL_644214,644214,COC(=O)C1(CCC2(C(=O)OC)CCCC2=O)CCCC1=O,0.7087112706876579,binned_cosine_1Da,81,False,predicted_spectrum,9371
CASMI2022,massformer,completed,121,121,294,CASMI_MOL_1196918,CASMI_MOL_646919,646919,CCCCCCC(C(=O)O)C1(C(=O)O)C=CC=CC1C(=O)O,0.7084241174760084,binned_cosine_1Da,82,False,predicted_spectrum,9371
CASMI2022,massformer,completed,121,121,294,CASMI_MOL_1196918,CASMI_MOL_641683,641683,C#CCC(CC=CC1COC(C)(C)O1)(C(=O)OC)C(=O)OC,0.7082889918547031,binned_cosine_1Da,83,False,predicted_spectrum,9371
CASMI2022,massformer,completed,121,121,294,CASMI_MOL_1196918,CASMI_MOL_646163,646163,O=C(O)C=CC1CCC(=O)C1CCC(=O)CCCCC(=O)O,0.7076779895489049,binned_cosine_1Da,84,False,predicted_spectrum,9371
CASMI2022,massformer,completed,121,121,294,CASMI_MOL_1196918,CASMI_MOL_647585,647585,O=C(O)C=CC1CCC(=O)C1CCC(=O)CCCCC(=O)O,0.7076779895489049,binned_cosine_1Da,85,False,predicted_spectrum,9371
CASMI2022,massformer,completed,121,121,294,CASMI_MOL_1196918,CASMI_MOL_647586,647586,CCC(C)(C)C(=O)OCC(=O)CC1C2CC3C(=O)OC1C3O2,0.7069523089721617,binned_cosine_1Da,86,False,predicted_spectrum,9371
CASMI2022,massformer,completed,121,121,294,CASMI_MOL_1196918,CASMI_MOL_644128,644128,COC(=O)C=CC(=O)OCC=CC=CCC1COC(C)(C)O1,0.7069259015923447,binned_cosine_1Da,87,False,predicted_spectrum,9371
CASMI2022,massformer,completed,121,121,294,CASMI_MOL_1196918,CASMI_MOL_644129,644129,COC(=O)C=CC(=O)OCC=CC=CCC1COC(C)(C)O1,0.7069259015923447,binned_cosine_1Da,88,False,predicted_spectrum,9371
CASMI2022,massformer,completed,121,121,294,CASMI_MOL_1196918,CASMI_MOL_639768,639768,CC(OC(=O)C(C)(C)C)C(=O)OC1C2CC3C(=O)OC1C3C2,0.7063595511368007,binned_cosine_1Da,89,False,predicted_spectrum,9371
CASMI2022,massformer,completed,121,121,294,CASMI_MOL_1196918,CASMI_MOL_647034,647034,C=CC(=O)OCC12CC1CC(C(=O)OCC)(C(=O)OCC)C2,0.7059472969635032,binned_cosine_1Da,90,False,predicted_spectrum,9371
CASMI2022,massformer,completed,121,121,294,CASMI_MOL_1196918,CASMI_MOL_645684,645684,O=CCCCCC(=O)CC(C1COC(=O)C1)C1COC(=O)C1,0.705846145781151,binned_cosine_1Da,91,False,predicted_spectrum,9371
CASMI2022,massformer,completed,121,121,294,CASMI_MOL_1196918,CASMI_MOL_646735,646735,CCC(C)(C)C(=O)OCC(=O)OC12CC3OC(=O)C(C1)C3C2,0.7047386237846808,binned_cosine_1Da,92,False,predicted_spectrum,9371
CASMI2022,massformer,completed,121,121,294,CASMI_MOL_1196918,CASMI_MOL_640835,640835,CCC(CCCC1CC(=O)OC(=O)C1)C1CC(=O)OC(=O)C1,0.7045521072601721,binned_cosine_1Da,93,False,predicted_spectrum,9371
CASMI2022,massformer,completed,121,121,294,CASMI_MOL_1196918,CASMI_MOL_647483,647483,O=C(CCC(=O)CCC1CC(=O)CO1)CCC1COC(=O)C1,0.7036342889618846,binned_cosine_1Da,94,False,predicted_spectrum,9371
CASMI2022,massformer,completed,121,121,294,CASMI_MOL_1196918,CASMI_MOL_647561,647561,CCC(C)(C)C(=O)OCC(=O)OC1C2CC3OC(=O)C1C3C2,0.7023766835865767,binned_cosine_1Da,95,False,predicted_spectrum,9371
CASMI2022,massformer,completed,121,121,294,CASMI_MOL_1196918,CASMI_MOL_644106,644106,O=C(CCOCC(F)(F)F)C1CCOC2(CCOCC2)C1,0.7020730546314066,binned_cosine_1Da,96,False,predicted_spectrum,9371
CASMI2022,massformer,completed,121,121,294,CASMI_MOL_1196918,CASMI_MOL_640884,640884,CC(=O)OC12CC3CC(CC(C3)C1(OC(C)=O)OC(C)=O)C2,0.7005223725211709,binned_cosine_1Da,97,False,predicted_spectrum,9371
CASMI2022,massformer,completed,121,121,294,CASMI_MOL_1196918,CASMI_MOL_645719,645719,CCC(C)(C)C(=O)OCC(=O)OC1C2CC3C(=O)OC1C3C2,0.7003299724643182,binned_cosine_1Da,98,False,predicted_spectrum,9371
CASMI2022,massformer,completed,121,121,294,CASMI_MOL_1196918,CASMI_MOL_647488,647488,CCC(C)(C)C(=O)OCC(=O)OC1C2CC3C(=O)OC1C3C2,0.7003299724643182,binned_cosine_1Da,99,False,predicted_spectrum,9371
CASMI2022,massformer,completed,121,121,294,CASMI_MOL_1196918,CASMI_MOL_646160,646160,O=C(O)CCCCC(=O)C=CC1CCC(=O)C1CCC(=O)O,0.7003129776108513,binned_cosine_1Da,100,False,predicted_spectrum,9371
CASMI2022,massformer,completed,121,121,294,CASMI_MOL_1196918,CASMI_MOL_1196918,1196918,COc1cc(C=CCCCCC(O)CC(=O)O)oc(=O)c1C,0.6353621337456569,binned_cosine_1Da,279,True,predicted_spectrum,9371
CASMI2022,massformer,completed,122,122,295,CASMI_MOL_1196919,CASMI_MOL_650496,650496,COc1ccc(N2CCN(c3nccc(Nc4cc(-c5cc(F)cc(F)c5)ccc4C)n3)CC2(C)C)cc1,0.28841451775198423,binned_cosine_1Da,1,False,predicted_spectrum,3108
CASMI2022,massformer,completed,122,122,295,CASMI_MOL_1196919,CASMI_MOL_649010,649010,Cc1ccc(-n2nc(C(C)(C)C)cc2NC(=O)Nc2ccc(-c3nn(C)c4c3C(=N)NCN4)c(F)c2)cc1,0.28352560596069465,binned_cosine_1Da,2,False,predicted_spectrum,3108
CASMI2022,massformer,completed,122,122,295,CASMI_MOL_1196919,CASMI_MOL_648787,648787,CC1=CC(N)CC(c2ccncc2Cc2ncc3ccc(-c4c(F)cc(C5CCOCC5)cc4F)nn23)C1,0.2811660198596234,binned_cosine_1Da,3,False,predicted_spectrum,3108
CASMI2022,massformer,completed,122,122,295,CASMI_MOL_1196919,CASMI_MOL_648623,648623,CC(Oc1cc(-c2cc3n(n2)CCC32CCN(C(c3nc[nH]n3)C3CC3)C2)cnc1N)c1ncccc1F,0.2601844949343166,binned_cosine_1Da,4,False,predicted_spectrum,3108
CASMI2022,massformer,completed,122,122,295,CASMI_MOL_1196919,CASMI_MOL_650497,650497,COc1ccc(N2CCN(c3nccc(Nc4cc(-c5ccc(F)c(F)c5)ccc4C)n3)CC2(C)C)cc1,0.2578791054198775,binned_cosine_1Da,5,False,predicted_spectrum,3108
CASMI2022,massformer,completed,122,122,295,CASMI_MOL_1196919,CASMI_MOL_648510,648510,CC(=NC1c2cc(F)ccc2-n2c1cc1ccccc12)c1cc(C)cc(-c2ncc(C3CCNCC3)cn2)c1,0.25536769133285253,binned_cosine_1Da,6,False,predicted_spectrum,3108
CASMI2022,massformer,completed,122,122,295,CASMI_MOL_1196919,CASMI_MOL_648530,648530,CCc1c(-c2ccc(F)cc2)nn(CC2CC2)c1Nc1cc(N2NC(C)C(c3nnc(C)o3)=C2C)ncn1,0.2541949302726587,binned_cosine_1Da,7,False,predicted_spectrum,3108
CASMI2022,massformer,completed,122,122,295,CASMI_MOL_1196919,CASMI_MOL_649279,649279,Cc1cc(-c2ccc(C#N)cc2)cc(C)c1Nc1nc(Nc2ccc(C#N)cc2)nc(N2CCN(C)CC2)n1,0.2530288538909692,binned_cosine_1Da,8,False,predicted_spectrum,3108
CASMI2022,massformer,completed,122,122,295,CASMI_MOL_1196919,CASMI_MOL_648660,648660,C#Cc1ccc(CN2CCN(c3ccc(C(=CC(=C)c4cnn(C)c4)c4c(C#N)cnn4C)cn3)CC2)nc1,0.25090954096189133,binned_cosine_1Da,9,False,predicted_spectrum,3108
CASMI2022,massformer,completed,122,122,295,CASMI_MOL_1196919,CASMI_MOL_648675,648675,Cc1cc(Nc2cc(N3CCN(C)CC3)nc(Nc3ccc(CC(=O)Nc4cccc(F)c4)cc3)n2)[nH]n1,0.2462085082356958,binned_cosine_1Da,10,False,predicted_spectrum,3108
CASMI2022,massformer,completed,122,122,295,CASMI_MOL_1196919,CASMI_MOL_649344,649344,Cc1ccc(-n2nc(C(C)(C)C)cc2NC(O)Nc2ccc(-c3nn(C)c4ncnc(N)c34)cc2F)cc1,0.24547569369298258,binned_cosine_1Da,11,False,predicted_spectrum,3108
CASMI2022,massformer,completed,122,122,295,CASMI_MOL_1196919,CASMI_MOL_648562,648562,Cc1cc(Nc2cc(N3CCN(C)CC3)nc(Nc3ccc(CC(=O)Nc4ccc(F)cc4)cc3)n2)[nH]n1,0.2451388447767516,binned_cosine_1Da,12,False,predicted_spectrum,3108
CASMI2022,massformer,completed,122,122,295,CASMI_MOL_1196919,CASMI_MOL_650779,650779,CN1CCN(c2ncn(-c3ccc(Nc4nccc(-c5cc(F)cc(N6CCOCC6)c5)n4)cc3)n2)CC1,0.24414008744935248,binned_cosine_1Da,13,False,predicted_spectrum,3108
CASMI2022,massformer,completed,122,122,295,CASMI_MOL_1196919,CASMI_MOL_649046,649046,CN=Cc1cnn2cc(-c3cnn(C)c3)cc(-c3ccc(N4CCN(CC#Cc5ccccn5)CC4)nc3)c12,0.2303753876032284,binned_cosine_1Da,14,False,predicted_spectrum,3108
CASMI2022,massformer,completed,122,122,295,CASMI_MOL_1196919,CASMI_MOL_649551,649551,Cc1ccccc1C(Nc1cc(C#N)c2ncc(C#N)c(NCC(C)(C)C)c2c1)c1cn(C2(C#N)CC2)nn1,0.22780281479588307,binned_cosine_1Da,15,False,predicted_spectrum,3108
CASMI2022,massformer,completed,122,122,295,CASMI_MOL_1196919,CASMI_MOL_649552,649552,Cc1ccccc1C(Nc1cc(C#N)c2ncc(C#N)c(NCC(C)(C)C)c2c1)c1cn(C2(C#N)CC2)nn1,0.22780281479588307,binned_cosine_1Da,16,False,predicted_spectrum,3108
CASMI2022,massformer,completed,122,122,295,CASMI_MOL_1196919,CASMI_MOL_649660,649660,Cn1cc(-c2cc(-c3ccc(N4CCN(Cc5ccccn5)CC4)nc3)c3c(C#N)cnn3c2)c(C2CC2)n1,0.2275332767431025,binned_cosine_1Da,17,False,predicted_spectrum,3108
CASMI2022,massformer,completed,122,122,295,CASMI_MOL_1196919,CASMI_MOL_649021,649021,C=C(CC)C(c1cnnnc1-c1cc(C)c(C)c(C)c1C)(c1cccc2[nH]nnc12)c1cccc2[nH]nnc12,0.2248958165441273,binned_cosine_1Da,18,False,predicted_spectrum,3108
CASMI2022,massformer,completed,122,122,295,CASMI_MOL_1196919,CASMI_MOL_650010,650010,Cc1ccc(NC(=O)c2cnnc(C3CC3)c2)cc1-c1cc(OC2CCOCC2)nc(N2CCOCC2)c1,0.22145242536599324,binned_cosine_1Da,19,False,predicted_spectrum,3108
CASMI2022,massformer,completed,122,122,295,CASMI_MOL_1196919,CASMI_MOL_649788,649788,Cc1cc(C#N)cnc1Nc1cc(-c2nc(NC3CCNCC3(C)C)c3c(C4=CC=C4)cncc3n2)ccn1,0.2189600164915048,binned_cosine_1Da,20,False,predicted_spectrum,3108
CASMI2022,massformer,completed,122,122,295,CASMI_MOL_1196919,CASMI_MOL_649789,649789,Cc1cc(C#N)cnc1Nc1cc(-c2nc(NC3CCNCC3(C)C)c3c(C4=CC=C4)cncc3n2)ccn1,0.2189600164915048,binned_cosine_1Da,21,False,predicted_spectrum,3108
CASMI2022,massformer,completed,122,122,295,CASMI_MOL_1196919,CASMI_MOL_648904,648904,COC1CCN(c2ccc(-c3cnn4ccc(N5CCC6CC65c5cc(F)ccc5F)nc34)c(C)c2)CC1,0.216954868636303,binned_cosine_1Da,22,False,predicted_spectrum,3108
CASMI2022,massformer,completed,122,122,295,CASMI_MOL_1196919,CASMI_MOL_649111,649111,Cc1cc(F)cc(-c2nccc3[nH]c(-c4[nH]nc5ccc(-c6cncc(CC7CCCCC7)c6)cc45)cc23)c1,0.2165926392804248,binned_cosine_1Da,23,False,predicted_spectrum,3108
CASMI2022,massformer,completed,122,122,295,CASMI_MOL_1196919,CASMI_MOL_650372,650372,C=C(C(c1cccc2[nH]nnc12)c1cccc2[nH]nnc12)C(C)(C)C(C)(C)c1ccccc1-c1ccnnn1,0.21580055994992134,binned_cosine_1Da,24,False,predicted_spectrum,3108
CASMI2022,massformer,completed,122,122,295,CASMI_MOL_1196919,CASMI_MOL_650550,650550,Cc1cc(-c2nnno2)cnc1N1CCN(c2cc(-c3ccc(F)cc3)nc(N3CCCC3C)n2)C(C)C1,0.21548242320640262,binned_cosine_1Da,25,False,predicted_spectrum,3108
CASMI2022,massformer,completed,122,122,295,CASMI_MOL_1196919,CASMI_MOL_649837,649837,CN1CCN(c2ncn(-c3ccc(Nc4ncc(F)c(-c5cccc(N6CCOCC6)c5)n4)cc3)n2)CC1,0.21456458597668557,binned_cosine_1Da,26,False,predicted_spectrum,3108
CASMI2022,massformer,completed,122,122,295,CASMI_MOL_1196919,CASMI_MOL_648479,648479,[C-]#[N+]C1CN(c2cc(-c3ccc(N4CC5CC(C4)N5Cc4ccc(CC)nc4)nc3)c3c(C#N)cnn3c2)C1,0.2139578566635822,binned_cosine_1Da,27,False,predicted_spectrum,3108
CASMI2022,massformer,completed,122,122,295,CASMI_MOL_1196919,CASMI_MOL_650210,650210,Cc1ccc(NC(=O)c2cc(CF)cc(N3CCN(C)CC3)c2)cc1Nc1nccn1-c1cc(N)ncn1,0.21383997950350542,binned_cosine_1Da,28,False,predicted_spectrum,3108
CASMI2022,massformer,completed,122,122,295,CASMI_MOL_1196919,CASMI_MOL_649793,649793,Cc1nc(Nc2cc(-c3nc(NC4CCNCC4(C)C)c4c(C5=CC=C5)cncc4n3)ccn2)ccc1C#N,0.21342940719924192,binned_cosine_1Da,29,False,predicted_spectrum,3108
CASMI2022,massformer,completed,122,122,295,CASMI_MOL_1196919,CASMI_MOL_649439,649439,Cc1cc2[nH]c(=O)c3cnn(C4CCOCC4)c3c2cc1C(=O)NCc1cccc(CN2CCOCC2)c1,0.21206525068016946,binned_cosine_1Da,30,False,predicted_spectrum,3108
CASMI2022,massformer,completed,122,122,295,CASMI_MOL_1196919,CASMI_MOL_649752,649752,CC1C(=O)N(c2ccc(N(C)C)nc2)c2cnc(Nc3cc(F)c4[nH]ncc4c3)nc2N1C1CCCCC1,0.21142773251757277,binned_cosine_1Da,31,False,predicted_spectrum,3108
CASMI2022,massformer,completed,122,122,295,CASMI_MOL_1196919,CASMI_MOL_648524,648524,CC1CC(F)=CC=C1C(C)(O)c1cnc(N2CCN(c3ncnn4cc(-c5cnn(C)c5)cc34)CC2)nc1,0.2114222836025513,binned_cosine_1Da,32,False,predicted_spectrum,3108
CASMI2022,massformer,completed,122,122,295,CASMI_MOL_1196919,CASMI_MOL_648659,648659,C=NCc1cnn2cc(-c3cnn(C)c3)cc(-c3ccc(N4CCN(CC#Cc5ccncc5)CC4)nc3)c12,0.20878424883443839,binned_cosine_1Da,33,False,predicted_spectrum,3108
CASMI2022,massformer,completed,122,122,295,CASMI_MOL_1196919,CASMI_MOL_649790,649790,CC1(C)CNCCC1Nc1nc(-c2ccnc(Nc3cc4ccccn4n3)c2)nc2cncc(C3=CC=C3)c12,0.20728581350822528,binned_cosine_1Da,34,False,predicted_spectrum,3108
CASMI2022,massformer,completed,122,122,295,CASMI_MOL_1196919,CASMI_MOL_649791,649791,CC1(C)CNCCC1Nc1nc(-c2ccnc(Nc3cc4ccccn4n3)c2)nc2cncc(C3=CC=C3)c12,0.20728581350822528,binned_cosine_1Da,35,False,predicted_spectrum,3108
CASMI2022,massformer,completed,122,122,295,CASMI_MOL_1196919,CASMI_MOL_649792,649792,CC1(C)CNCCC1Nc1nc(-c2ccnc(Nc3cc4ccccn4n3)c2)nc2cncc(C3=CC=C3)c12,0.20728581350822528,binned_cosine_1Da,36,False,predicted_spectrum,3108
CASMI2022,massformer,completed,122,122,295,CASMI_MOL_1196919,CASMI_MOL_650023,650023,Cc1cc(Oc2nccc3c2cnn3C2CCCCO2)ccc1-c1c(C)nn(C2CCCCO2)c(=O)c1C,0.20696425463784088,binned_cosine_1Da,37,False,predicted_spectrum,3108
CASMI2022,massformer,completed,122,122,295,CASMI_MOL_1196919,CASMI_MOL_651078,651078,COc1ccc(-n2ccc(C(=O)Nc3ccc(N4CCC(N5CCOCC5)CC4)c(C#N)c3)c2)cc1OC,0.20601035365863807,binned_cosine_1Da,38,False,predicted_spectrum,3108
CASMI2022,massformer,completed,122,122,295,CASMI_MOL_1196919,CASMI_MOL_649150,649150,Cc1cc2[nH]c(=O)c3cnn(C4CCOCC4)c3c2cc1C(=O)NCc1cccc(N2CCCOCC2)c1,0.20540226070333795,binned_cosine_1Da,39,False,predicted_spectrum,3108
CASMI2022,massformer,completed,122,122,295,CASMI_MOL_1196919,CASMI_MOL_648957,648957,CC(C)c1cnn2ccc(-c3nc(Nc4ccc(N5CCN(C6CNC6)CCC5=O)cn4)ncc3F)cc12,0.20457365692847673,binned_cosine_1Da,40,False,predicted_spectrum,3108
CASMI2022,massformer,completed,122,122,295,CASMI_MOL_1196919,CASMI_MOL_648803,648803,CC(C)(CO)Cn1cc(-c2cccc(C34CCC(c5cc(-c6c(F)cccc6F)nnc53)C4(C)C)n2)cn1,0.20448586952434689,binned_cosine_1Da,41,False,predicted_spectrum,3108
CASMI2022,massformer,completed,122,122,295,CASMI_MOL_1196919,CASMI_MOL_648946,648946,Cc1ccccc1C(Nc1cc(C#N)cc2c(NCC(C)(C)C)c(C#N)cnc12)c1cn(C2(C#N)CC2)nn1,0.20441059416787005,binned_cosine_1Da,42,False,predicted_spectrum,3108
CASMI2022,massformer,completed,122,122,295,CASMI_MOL_1196919,CASMI_MOL_650853,650853,COc1ccc(Nc2nc(N3CCN(Cc4ccc5c(c4)OCO5)CC3)nc3c2C(=O)CC(C)(C)C3)cc1,0.20380573599935684,binned_cosine_1Da,43,False,predicted_spectrum,3108
CASMI2022,massformer,completed,122,122,295,CASMI_MOL_1196919,CASMI_MOL_649833,649833,Cc1ncc(NC(=O)c2ccnc(C3CC3)c2)cc1-c1cnc(OC2CCOCC2)c(N2CCOCC2)c1,0.20270871008265026,binned_cosine_1Da,44,False,predicted_spectrum,3108
CASMI2022,massformer,completed,122,122,295,CASMI_MOL_1196919,CASMI_MOL_649584,649584,CC(C)c1c2cc(-c3nc(Nc4ccc(C(=O)N5CC6(CCNCC6)C5)cn4)ncc3F)cnc2nn1C,0.20251462921918564,binned_cosine_1Da,45,False,predicted_spectrum,3108
CASMI2022,massformer,completed,122,122,295,CASMI_MOL_1196919,CASMI_MOL_649108,649108,Cc1cc(F)cc(-c2cccc3[nH]c(-c4[nH]nc5cnc(-c6cncc(CC7CCCCC7)c6)cc45)cc23)c1,0.20076992633778953,binned_cosine_1Da,46,False,predicted_spectrum,3108
CASMI2022,massformer,completed,122,122,295,CASMI_MOL_1196919,CASMI_MOL_649116,649116,CC(CC(C)(C)C)=Nc1cncc(-c2ccc3[nH]nc(-c4cc5c(-c6cccc(F)c6)cccc5[nH]4)c3c2)c1,0.19943830214539018,binned_cosine_1Da,47,False,predicted_spectrum,3108
CASMI2022,massformer,completed,122,122,295,CASMI_MOL_1196919,CASMI_MOL_649130,649130,CC(=Nc1cncc(-c2ccc3[nH]nc(-c4nc5c(-n6cnc(C)c6)nccc5[nH]4)c3c2)c1)C1CCCCC1,0.19926507742903496,binned_cosine_1Da,48,False,predicted_spectrum,3108
CASMI2022,massformer,completed,122,122,295,CASMI_MOL_1196919,CASMI_MOL_649400,649400,C=CC(=CC=CC)COc1ccc(C(=O)N2CCN(c3nc(N)c4cc(OC)c(OC)cc4n3)CC2)cc1,0.19714960737632783,binned_cosine_1Da,49,False,predicted_spectrum,3108
CASMI2022,massformer,completed,122,122,295,CASMI_MOL_1196919,CASMI_MOL_649296,649296,O=c1[nH]ccnc1C1(N2CCCN2)OC(c2ncc[nH]2)C(c2ccccn2)(N2CCCC2)N1c1cc[nH]n1,0.19666632045945343,binned_cosine_1Da,50,False,predicted_spectrum,3108
CASMI2022,massformer,completed,122,122,295,CASMI_MOL_1196919,CASMI_MOL_649775,649775,Cc1ccc(NC(=O)c2cnnc(C3CC3)c2)cc1-c1cnc(OC2CCOCC2)c(N2CCOCC2)c1,0.19620567283914303,binned_cosine_1Da,51,False,predicted_spectrum,3108
CASMI2022,massformer,completed,122,122,295,CASMI_MOL_1196919,CASMI_MOL_648684,648684,CCn1nc(NC(C)c2cccc(C(F)(F)F)c2C)c2cc(N3CCOCC3)c(C3CCC3)nc2c1=O,0.19493881165997473,binned_cosine_1Da,52,False,predicted_spectrum,3108
CASMI2022,massformer,completed,122,122,295,CASMI_MOL_1196919,CASMI_MOL_648632,648632,Cc1ccc(C(=O)Nc2ccc3c(c2)C(F)(F)CC3N2CCN(C)CC2)cc1C#Cc1cnc(N)c(C)c1,0.19473935073207546,binned_cosine_1Da,53,False,predicted_spectrum,3108
CASMI2022,massformer,completed,122,122,295,CASMI_MOL_1196919,CASMI_MOL_649470,649470,Cc1nc2nc(-c3ccc(CN4CCC(c5n[nH]c(-c6ccc[nH]6)n5)CC4)cc3)c(-c3ccccc3)cn2n1,0.19390416947864184,binned_cosine_1Da,54,False,predicted_spectrum,3108
CASMI2022,massformer,completed,122,122,295,CASMI_MOL_1196919,CASMI_MOL_649056,649056,Cc1cc(Nc2cc(C)[nH]n2)nc(C2CC(C(=O)NC(C)c3ccc(-n4cc(F)cn4)nc3)C3CC2C3)n1,0.19387119212789375,binned_cosine_1Da,55,False,predicted_spectrum,3108
CASMI2022,massformer,completed,122,122,295,CASMI_MOL_1196919,CASMI_MOL_649112,649112,CC(=Nc1cncc(-c2ccc3[nH]nc(-c4cc5c(-n6cnc(C)c6)ccnc5[nH]4)c3n2)c1)C1CCCCC1,0.19357471036537327,binned_cosine_1Da,56,False,predicted_spectrum,3108
CASMI2022,massformer,completed,122,122,295,CASMI_MOL_1196919,CASMI_MOL_649378,649378,CN1CCN(c2ccc(C(=O)Nc3cc4cc(-c5cnn6c5CN(CCF)CC6)cnc4cn3)cn2)CC1,0.19325992674472353,binned_cosine_1Da,57,False,predicted_spectrum,3108
CASMI2022,massformer,completed,122,122,295,CASMI_MOL_1196919,CASMI_MOL_649119,649119,CC(=Nc1cncc(-c2cnc3[nH]nc(-c4cc5c(-n6cnc(C)c6)cncc5[nH]4)c3c2)c1)C1CCCCC1,0.19175661850091902,binned_cosine_1Da,58,False,predicted_spectrum,3108
CASMI2022,massformer,completed,122,122,295,CASMI_MOL_1196919,CASMI_MOL_648495,648495,Cc1cc(C(NCc2cn(C3CC3)c3ccc(F)cc3c2=O)C2CC(F)CN(c3cccnc3)C2)ccn1,0.19146487645286425,binned_cosine_1Da,59,False,predicted_spectrum,3108
CASMI2022,massformer,completed,122,122,295,CASMI_MOL_1196919,CASMI_MOL_649489,649489,C=NCc1cnn2cc(-c3cnn(C)c3)cc(-c3ccc(N4CCN(Cc5ccccc5C#N)CC4)nc3)c12,0.19101634811286702,binned_cosine_1Da,60,False,predicted_spectrum,3108
CASMI2022,massformer,completed,122,122,295,CASMI_MOL_1196919,CASMI_MOL_649282,649282,Cc1cc(C2CC2)c(NC(=O)c2ccnnc2)cc1-c1cc(OC2CCOCC2)nc(N2CCOCC2)c1,0.19046282426144776,binned_cosine_1Da,61,False,predicted_spectrum,3108
CASMI2022,massformer,completed,122,122,295,CASMI_MOL_1196919,CASMI_MOL_649587,649587,Cc1nc2ncc(-c3nc(Nc4ccc(C(=O)N5CC6(CCNCC6)C5)cn4)ncc3F)cc2n1C(C)C,0.19034684409244693,binned_cosine_1Da,62,False,predicted_spectrum,3108
CASMI2022,massformer,completed,122,122,295,CASMI_MOL_1196919,CASMI_MOL_648483,648483,CCc1ccc(CN2C3CC2CN(c2cnc(-c4cc(-c5cnn(C)c5)cn5ncc(C#N)c45)cn2)C3)cc1,0.1898906242577802,binned_cosine_1Da,63,False,predicted_spectrum,3108
CASMI2022,massformer,completed,122,122,295,CASMI_MOL_1196919,CASMI_MOL_649115,649115,CC(=Nc1cncc(-c2cnc3[nH]nc(-c4cc5c(-n6cnc(C)c6)nccc5[nH]4)c3c2)c1)C1CCCCC1,0.18977649426451126,binned_cosine_1Da,64,False,predicted_spectrum,3108
CASMI2022,massformer,completed,122,122,295,CASMI_MOL_1196919,CASMI_MOL_648473,648473,C=CCOC1CCN(c2nc(NCc3nc(-c4ccccc4)oc3C)nc3cc(OC)c(OC)cc23)CC1,0.18875673141150992,binned_cosine_1Da,65,False,predicted_spectrum,3108
CASMI2022,massformer,completed,122,122,295,CASMI_MOL_1196919,CASMI_MOL_650283,650283,Fc1ccc2c(c1)CN(c1ccc(CN3CCC(c4nc5ccccc5[nH]4)CC3)cc1)C(c1ccccc1)=N2,0.18868889587948848,binned_cosine_1Da,66,False,predicted_spectrum,3108
CASMI2022,massformer,completed,122,122,295,CASMI_MOL_1196919,CASMI_MOL_649962,649962,CC1(C)CC(NCc2ccc(Nc3nccc(-c4c[nH]nc4-c4ccccc4Cl)n3)cc2)CC(C)(C)N1,0.18853839273075543,binned_cosine_1Da,67,False,predicted_spectrum,3108
CASMI2022,massformer,completed,122,122,295,CASMI_MOL_1196919,CASMI_MOL_648793,648793,CC1=CC(N)CC(c2ccncc2Cc2ncc3ccc(-c4c(F)cc(C5(O)CCCC5)cc4F)nn23)C1,0.18840784868132113,binned_cosine_1Da,68,False,predicted_spectrum,3108
CASMI2022,massformer,completed,122,122,295,CASMI_MOL_1196919,CASMI_MOL_651318,651318,CNC(=O)c1cc(C(C)(C)C)cc(NC(=O)c2cc3cccc(Oc4ccnc(NC)c4)c3n2C)c1OC,0.18785161592584776,binned_cosine_1Da,69,False,predicted_spectrum,3108
CASMI2022,massformer,completed,122,122,295,CASMI_MOL_1196919,CASMI_MOL_648440,648440,Cc1cccc(C)c1C=Cn1cnc2c(Nc3ccc(P(C)(C)=O)cc3)nc(N3CCN(C)CC3)nc21,0.187779837799695,binned_cosine_1Da,70,False,predicted_spectrum,3108
CASMI2022,massformer,completed,122,122,295,CASMI_MOL_1196919,CASMI_MOL_650786,650786,Cc1cccc(C)c1C=Cn1cnc2c(Nc3ccc(P(C)(C)=O)cc3)nc(N3CCN(C)CC3)nc21,0.187779837799695,binned_cosine_1Da,71,False,predicted_spectrum,3108
CASMI2022,massformer,completed,122,122,295,CASMI_MOL_1196919,CASMI_MOL_649714,649714,CCC(C)c1ccc2c(c1)C(=CCCc1ccc(C#N)c(C(F)(F)F)c1)N=C(c1cccnc1)CCC2C,0.18766242099479677,binned_cosine_1Da,72,False,predicted_spectrum,3108
CASMI2022,massformer,completed,122,122,295,CASMI_MOL_1196919,CASMI_MOL_649722,649722,CC(O)c1ccc(Nc2ncnc(N3CCN(c4ncc(C(C)(N)c5ccc(F)cc5)cn4)CC3)n2)cc1,0.18740815032840938,binned_cosine_1Da,73,False,predicted_spectrum,3108
CASMI2022,massformer,completed,122,122,295,CASMI_MOL_1196919,CASMI_MOL_649808,649808,CC(O)c1ccc(Nc2ncnc(N3CCN(c4ncc(C(C)(N)c5ccc(F)cc5)cn4)CC3)n2)cc1,0.18740815032840938,binned_cosine_1Da,74,False,predicted_spectrum,3108
CASMI2022,massformer,completed,122,122,295,CASMI_MOL_1196919,CASMI_MOL_650284,650284,Fc1ccc2c(c1)CN(c1ccccc1)C(c1ccc(CN3CCC(c4nc5ccccc5[nH]4)CC3)cc1)=N2,0.18690342162285198,binned_cosine_1Da,75,False,predicted_spectrum,3108
CASMI2022,massformer,completed,122,122,295,CASMI_MOL_1196919,CASMI_MOL_649404,649404,Cc1cc(F)cc(-c2cccc3[nH]c(-c4[nH]nc5ccc(-c6cncc(CN7CCCCC7)c6)cc45)cc23)c1,0.18673691215336324,binned_cosine_1Da,76,False,predicted_spectrum,3108
CASMI2022,massformer,completed,122,122,295,CASMI_MOL_1196919,CASMI_MOL_649389,649389,CCCCc1nc(C)c(C(=O)N(C)C(C)C)c(=O)n1Cc1ccc(-c2ccccc2-c2nc(=O)o[nH]2)cc1,0.1865847242759933,binned_cosine_1Da,77,False,predicted_spectrum,3108
CASMI2022,massformer,completed,122,122,295,CASMI_MOL_1196919,CASMI_MOL_649377,649377,CN1CCN(c2ccc(C(=O)Nc3cc4cc(-c5cnn6c5CN(CCF)CC6)ccc4nn3)cn2)CC1,0.18535433232381687,binned_cosine_1Da,78,False,predicted_spectrum,3108
CASMI2022,massformer,completed,122,122,295,CASMI_MOL_1196919,CASMI_MOL_648462,648462,COC(C)(c1ccc(F)cc1)c1cnc(N2CCN(C(=NC=N)c3cc(-c4cnn(C)c4)c[nH]3)CC2)nc1,0.18511162623305177,binned_cosine_1Da,79,False,predicted_spectrum,3108
CASMI2022,massformer,completed,122,122,295,CASMI_MOL_1196919,CASMI_MOL_648469,648469,COC(C)(c1ccc(F)cc1)c1cnc(N2CCN(C(=NC=N)c3cc(-c4cnn(C)c4)c[nH]3)CC2)nc1,0.18511162623305177,binned_cosine_1Da,80,False,predicted_spectrum,3108
CASMI2022,massformer,completed,122,122,295,CASMI_MOL_1196919,CASMI_MOL_649406,649406,COC(C)(c1ccc(F)cc1)c1cnc(N2CCN(C(=NC=N)c3cc(-c4cnn(C)c4)c[nH]3)CC2)nc1,0.18511162623305177,binned_cosine_1Da,81,False,predicted_spectrum,3108
CASMI2022,massformer,completed,122,122,295,CASMI_MOL_1196919,CASMI_MOL_649380,649380,CN1CCN(c2ccc(C(=O)Nc3cc4nc(-c5cnn6c5CN(CCF)CC6)ccc4cn3)cn2)CC1,0.18477729962723488,binned_cosine_1Da,82,False,predicted_spectrum,3108
CASMI2022,massformer,completed,122,122,295,CASMI_MOL_1196919,CASMI_MOL_649440,649440,Cc1cc2[nH]c(=O)c3cnn(C4CCOCC4)c3c2cc1C(=O)NCc1ccc(CN2CCOCC2)cc1,0.18422507161690915,binned_cosine_1Da,83,False,predicted_spectrum,3108
CASMI2022,massformer,completed,122,122,295,CASMI_MOL_1196919,CASMI_MOL_650336,650336,CC(C)(C)c1nc(N2CCN(CC=CCN3C(=O)CCC(=O)c4ccccc43)CC2)cc(C(F)(F)F)n1,0.1837258795848016,binned_cosine_1Da,84,False,predicted_spectrum,3108
CASMI2022,massformer,completed,122,122,295,CASMI_MOL_1196919,CASMI_MOL_650337,650337,CC(C)(C)c1nc(N2CCN(CC=CCN3C(=O)CCC(=O)c4ccccc43)CC2)cc(C(F)(F)F)n1,0.1837258795848016,binned_cosine_1Da,85,False,predicted_spectrum,3108
CASMI2022,massformer,completed,122,122,295,CASMI_MOL_1196919,CASMI_MOL_648990,648990,Cc1nc2nc(-c3ccc(CN4CCC(n5cnc(-c6ccc[nH]6)n5)CC4)cc3)c(-c3ccccc3)cn2n1,0.18330867829793743,binned_cosine_1Da,86,False,predicted_spectrum,3108
CASMI2022,massformer,completed,122,122,295,CASMI_MOL_1196919,CASMI_MOL_648988,648988,Cc1cc(Nc2cc(C)[nH]n2)nc(N2CCN(C(=O)NC(C)c3ccc(-c4ccc(F)cc4)nc3)CC2)n1,0.18240060541756054,binned_cosine_1Da,87,False,predicted_spectrum,3108
CASMI2022,massformer,completed,122,122,295,CASMI_MOL_1196919,CASMI_MOL_649128,649128,C=CC=C(c1ccsc1)c1[nH]c(C(C)(C)c2cc(-c3cncc(CNCC)c3)cc(F)c2NC)nc1C,0.18133757000914813,binned_cosine_1Da,88,False,predicted_spectrum,3108
CASMI2022,massformer,completed,122,122,295,CASMI_MOL_1196919,CASMI_MOL_650412,650412,CCOCCOc1ccc(-n2nc(C(C)(C)C)cc2NC(=O)Nc2ccc(Oc3ccncc3)cc2)cc1,0.18098132399863726,binned_cosine_1Da,89,False,predicted_spectrum,3108
CASMI2022,massformer,completed,122,122,295,CASMI_MOL_1196919,CASMI_MOL_649399,649399,C=CCCCC(CN=CC)Nc1c(C)cnc(N)c1C(=N)c1ccc(C(C)=Nc2ccccn2)cc1Cl,0.1809294616105556,binned_cosine_1Da,90,False,predicted_spectrum,3108
CASMI2022,massformer,completed,122,122,295,CASMI_MOL_1196919,CASMI_MOL_648615,648615,COc1nc2ncnc(NC(C)c3cccc(C(F)F)c3F)c2cc1C1CCN(C2CCOCC2)CC1,0.1803862095321195,binned_cosine_1Da,91,False,predicted_spectrum,3108
CASMI2022,massformer,completed,122,122,295,CASMI_MOL_1196919,CASMI_MOL_650043,650043,COc1ccc(CN2CCn3cc(-c4cccc5c(=O)n(C)c(NC(C)(C)C)nc45)cc3C2=O)c(OC)c1,0.18032743833607687,binned_cosine_1Da,92,False,predicted_spectrum,3108
CASMI2022,massformer,completed,122,122,295,CASMI_MOL_1196919,CASMI_MOL_649801,649801,Cc1nnn(C)c1-c1cnc2c3ccc(C(C)(C)F)c(F)c3n(C(c3ccccc3)C3CCOCC3)c2c1,0.1794758629466177,binned_cosine_1Da,93,False,predicted_spectrum,3108
CASMI2022,massformer,completed,122,122,295,CASMI_MOL_1196919,CASMI_MOL_649802,649802,Cc1nnn(C)c1-c1cnc2c3ccc(C(C)(C)F)c(F)c3n(C(c3ccccc3)C3CCOCC3)c2c1,0.1794758629466177,binned_cosine_1Da,94,False,predicted_spectrum,3108
CASMI2022,massformer,completed,122,122,295,CASMI_MOL_1196919,CASMI_MOL_648885,648885,Cc1ccc2oc(C3CCN(c4c(C(N)=O)c(=O)n(C)c5cc(N(C)C6CCOC6)ccc45)CC3)nc2c1,0.17878640415221206,binned_cosine_1Da,95,False,predicted_spectrum,3108
CASMI2022,massformer,completed,122,122,295,CASMI_MOL_1196919,CASMI_MOL_648886,648886,Cc1ccc2oc(C3CCN(c4c(C(N)=O)c(=O)n(C)c5cc(N(C)C6CCOC6)ccc45)CC3)nc2c1,0.17878640415221206,binned_cosine_1Da,96,False,predicted_spectrum,3108
CASMI2022,massformer,completed,122,122,295,CASMI_MOL_1196919,CASMI_MOL_648887,648887,Cc1ccc2oc(C3CCN(c4c(C(N)=O)c(=O)n(C)c5cc(N(C)C6CCOC6)ccc45)CC3)nc2c1,0.17878640415221206,binned_cosine_1Da,97,False,predicted_spectrum,3108
CASMI2022,massformer,completed,122,122,295,CASMI_MOL_1196919,CASMI_MOL_650355,650355,Nc1cc(CN2CCC(C(=O)N3CCC4(CC3)CCN(c3ccc(C(F)(F)F)cc3)C4=O)CC2)ccn1,0.17840005166151637,binned_cosine_1Da,98,False,predicted_spectrum,3108
CASMI2022,massformer,completed,122,122,295,CASMI_MOL_1196919,CASMI_MOL_649117,649117,Fc1ccc(-c2cccc3[nH]c(-c4[nH]nc5ccc(-c6cncc(CCCN7CCCC7)c6)cc45)cc23)cc1,0.17811602381879854,binned_cosine_1Da,99,False,predicted_spectrum,3108
CASMI2022,massformer,completed,122,122,295,CASMI_MOL_1196919,CASMI_MOL_649980,649980,CC(C)c1cnn2c(NCc3ccccc3F)cc(NC(C=CCCC#Cc3ccc(F)cc3)CO)nc12,0.1777650053756515,binned_cosine_1Da,100,False,predicted_spectrum,3108
CASMI2022,massformer,completed,122,122,295,CASMI_MOL_1196919,CASMI_MOL_1196919,1196919,CC1CCC2C(C)(C)C(O)CCC2(C)C12Cc1c(O)cc3cn(C(CCC(=O)O)C(=O)O)c(O)c3c1O2,0.10025388806983022,binned_cosine_1Da,661,True,predicted_spectrum,3108
CASMI2022,massformer,completed,123,123,296,CASMI_MOL_1196920,CASMI_MOL_652557,652557,COC1OC(OC=O)=CC2=C1C(=O)c1ccccc1C2=O,0.8396034042267966,binned_cosine_1Da,1,False,predicted_spectrum,2103
CASMI2022,massformer,completed,123,123,296,CASMI_MOL_1196920,CASMI_MOL_652837,652837,COC(=O)c1cc2c(-c3ccccc3F)cccc2s1,0.8304759437188012,binned_cosine_1Da,2,False,predicted_spectrum,2103
CASMI2022,massformer,completed,123,123,296,CASMI_MOL_1196920,CASMI_MOL_652446,652446,COC(=O)c1sc2ccccc2c1-c1ccccc1F,0.827339166865813,binned_cosine_1Da,3,False,predicted_spectrum,2103
CASMI2022,massformer,completed,123,123,296,CASMI_MOL_1196920,CASMI_MOL_651760,651760,COC(=O)c1cc(F)c2c(c1)Sc1ccccc1C=C2,0.8271003597185788,binned_cosine_1Da,4,False,predicted_spectrum,2103
CASMI2022,massformer,completed,123,123,296,CASMI_MOL_1196920,CASMI_MOL_653047,653047,COC(=O)C1C(=O)CSC1c1ccc(C)c(F)c1F,0.826639677146654,binned_cosine_1Da,5,False,predicted_spectrum,2103
CASMI2022,massformer,completed,123,123,296,CASMI_MOL_1196920,CASMI_MOL_652836,652836,COC(=O)c1cc2c(-c3ccc(F)cc3)cccc2s1,0.735291827233976,binned_cosine_1Da,6,False,predicted_spectrum,2103
CASMI2022,massformer,completed,123,123,296,CASMI_MOL_1196920,CASMI_MOL_651725,651725,COC(=O)c1cc2c(O)c3ccccc3c(O)c2c(=O)o1,0.7320662826735194,binned_cosine_1Da,7,False,predicted_spectrum,2103
CASMI2022,massformer,completed,123,123,296,CASMI_MOL_1196920,CASMI_MOL_653419,653419,COC(=O)Cc1cc2ccc(C(=O)C(F)(F)F)c-2co1,0.7319018456769583,binned_cosine_1Da,8,False,predicted_spectrum,2103
CASMI2022,massformer,completed,123,123,296,CASMI_MOL_1196920,CASMI_MOL_653420,653420,COC(=O)c1cc2c(=O)oc3c(C)cccc3c2oc1=O,0.7194459185321608,binned_cosine_1Da,9,False,predicted_spectrum,2103
CASMI2022,massformer,completed,123,123,296,CASMI_MOL_1196920,CASMI_MOL_652838,652838,COC(=O)c1cc2c(-c3cccc(F)c3)cccc2s1,0.7011169477846755,binned_cosine_1Da,10,False,predicted_spectrum,2103
CASMI2022,massformer,completed,123,123,296,CASMI_MOL_1196920,CASMI_MOL_653032,653032,COCc1ccc(-c2ccc(-c3cccs3)cc2)s1,0.646164488515335,binned_cosine_1Da,11,False,predicted_spectrum,2103
CASMI2022,massformer,completed,123,123,296,CASMI_MOL_1196920,CASMI_MOL_653036,653036,COC(=O)c1ccc2scc(-c3ccccc3F)c2c1,0.6363420543712746,binned_cosine_1Da,12,False,predicted_spectrum,2103
CASMI2022,massformer,completed,123,123,296,CASMI_MOL_1196920,CASMI_MOL_651921,651921,COOOC12OC1=CC=C1C(=O)c3ccccc3C(=O)C12,0.6210174396530697,binned_cosine_1Da,13,False,predicted_spectrum,2103
CASMI2022,massformer,completed,123,123,296,CASMI_MOL_1196920,CASMI_MOL_653387,653387,COC(=O)c1ccc2c(c1)Sc1cc(F)ccc1C=C2,0.5906148815230252,binned_cosine_1Da,14,False,predicted_spectrum,2103
CASMI2022,massformer,completed,123,123,296,CASMI_MOL_1196920,CASMI_MOL_653497,653497,COC(=O)CC(=NNc1ccc(Cl)nn1)C(=O)OC,0.5648360240512893,binned_cosine_1Da,15,False,predicted_spectrum,2103
CASMI2022,massformer,completed,123,123,296,CASMI_MOL_1196920,CASMI_MOL_652753,652753,COC(=O)CC(=NNc1ccc(Cl)nn1)C(=O)OC,0.5648355849874361,binned_cosine_1Da,16,False,predicted_spectrum,2103
CASMI2022,massformer,completed,123,123,296,CASMI_MOL_1196920,CASMI_MOL_653473,653473,COC(=O)CC(=NNc1ccc(Cl)nn1)C(=O)OC,0.5648355849874361,binned_cosine_1Da,17,False,predicted_spectrum,2103
CASMI2022,massformer,completed,123,123,296,CASMI_MOL_1196920,CASMI_MOL_652391,652391,COC(=O)c1cc(F)cc(-c2cccc3ccsc23)c1,0.5600919757844904,binned_cosine_1Da,18,False,predicted_spectrum,2103
CASMI2022,massformer,completed,123,123,296,CASMI_MOL_1196920,CASMI_MOL_653414,653414,COC(=O)c1cc2c(=O)oc3ccc(C)cc3c2oc1=O,0.5545711410679705,binned_cosine_1Da,19,False,predicted_spectrum,2103
CASMI2022,massformer,completed,123,123,296,CASMI_MOL_1196920,CASMI_MOL_653112,653112,CCOC(=O)C(=NOC)c1nc(Cl)cc(NC=O)n1,0.5398193545073374,binned_cosine_1Da,20,False,predicted_spectrum,2103
CASMI2022,massformer,completed,123,123,296,CASMI_MOL_1196920,CASMI_MOL_653389,653389,CCOC(=O)C(=NOC)c1nc(Cl)cc(NC=O)n1,0.5398193545073374,binned_cosine_1Da,21,False,predicted_spectrum,2103
CASMI2022,massformer,completed,123,123,296,CASMI_MOL_1196920,CASMI_MOL_652814,652814,COC(=O)c1ccc2c(-c3ccc(F)cc3)csc2c1,0.5372842023857332,binned_cosine_1Da,22,False,predicted_spectrum,2103
CASMI2022,massformer,completed,123,123,296,CASMI_MOL_1196920,CASMI_MOL_653333,653333,COC(=O)c1oc(O)c2ccc3c(C(=O)O)cccc3c12,0.5270011343919233,binned_cosine_1Da,23,False,predicted_spectrum,2103
CASMI2022,massformer,completed,123,123,296,CASMI_MOL_1196920,CASMI_MOL_653421,653421,COC(=O)c1cc2c(=O)oc3cc(C)ccc3c2oc1=O,0.5222416528375027,binned_cosine_1Da,24,False,predicted_spectrum,2103
CASMI2022,massformer,completed,123,123,296,CASMI_MOL_1196920,CASMI_MOL_653037,653037,COC(=O)c1ccc2scc(-c3ccc(F)cc3)c2c1,0.5047169173549556,binned_cosine_1Da,25,False,predicted_spectrum,2103
CASMI2022,massformer,completed,123,123,296,CASMI_MOL_1196920,CASMI_MOL_653410,653410,COC(=O)c1cccc2c(=O)c(C)c(C(F)(F)F)oc12,0.467280415307718,binned_cosine_1Da,26,False,predicted_spectrum,2103
CASMI2022,massformer,completed,123,123,296,CASMI_MOL_1196920,CASMI_MOL_651604,651604,O=COc1ccc(C(=O)c2ccccc2O)c(OC=O)c1,0.4423497216042246,binned_cosine_1Da,27,False,predicted_spectrum,2103
CASMI2022,massformer,completed,123,123,296,CASMI_MOL_1196920,CASMI_MOL_651728,651728,COC(=O)C1(C(F)F)Cc2ccc(SC)cc2C1=O,0.4239601535206974,binned_cosine_1Da,28,False,predicted_spectrum,2103
CASMI2022,massformer,completed,123,123,296,CASMI_MOL_1196920,CASMI_MOL_651598,651598,COC(=O)c1c(C)ccc2oc(C(F)(F)F)cc(=O)c12,0.4196123621327656,binned_cosine_1Da,29,False,predicted_spectrum,2103
CASMI2022,massformer,completed,123,123,296,CASMI_MOL_1196920,CASMI_MOL_653362,653362,COC(=O)c1cc(=O)c2c(ccc3c(C)cc(=O)oc32)o1,0.40882110093215146,binned_cosine_1Da,30,False,predicted_spectrum,2103
CASMI2022,massformer,completed,123,123,296,CASMI_MOL_1196920,CASMI_MOL_652250,652250,COC(=O)c1ccc(C(O)c2ccc(F)c(F)c2F)o1,0.3937683114273323,binned_cosine_1Da,31,False,predicted_spectrum,2103
CASMI2022,massformer,completed,123,123,296,CASMI_MOL_1196920,CASMI_MOL_653358,653358,COC(=O)c1cc(=O)oc2ccc3c(C)cc(=O)oc3c12,0.3925404725312581,binned_cosine_1Da,32,False,predicted_spectrum,2103
CASMI2022,massformer,completed,123,123,296,CASMI_MOL_1196920,CASMI_MOL_652830,652830,CCOC(=O)C1=C(Cl)N2NN(C(=O)OC)C=C2N=C1,0.37837148932935827,binned_cosine_1Da,33,False,predicted_spectrum,2103
CASMI2022,massformer,completed,123,123,296,CASMI_MOL_1196920,CASMI_MOL_653361,653361,COC(=O)c1cc(=O)c2c(ccc3oc(=O)cc(C)c32)o1,0.369147487718618,binned_cosine_1Da,34,False,predicted_spectrum,2103
CASMI2022,massformer,completed,123,123,296,CASMI_MOL_1196920,CASMI_MOL_651880,651880,COC(=O)C1(SC(F)F)Cc2ccc(C)cc2C1=O,0.35917359460622295,binned_cosine_1Da,35,False,predicted_spectrum,2103
CASMI2022,massformer,completed,123,123,296,CASMI_MOL_1196920,CASMI_MOL_651652,651652,O=C1OOCOOC(=O)c2ccccc2-c2ccccc21,0.34941650980628963,binned_cosine_1Da,36,False,predicted_spectrum,2103
CASMI2022,massformer,completed,123,123,296,CASMI_MOL_1196920,CASMI_MOL_653449,653449,CC(=O)OCc1occ2c1C(=O)c1c(O)cccc1C2=O,0.3458455972293219,binned_cosine_1Da,37,False,predicted_spectrum,2103
CASMI2022,massformer,completed,123,123,296,CASMI_MOL_1196920,CASMI_MOL_652551,652551,CC(=O)OC(=O)c1cc(C(=O)O)c2c(C=O)cccc2c1,0.3454275285693932,binned_cosine_1Da,38,False,predicted_spectrum,2103
CASMI2022,massformer,completed,123,123,296,CASMI_MOL_1196920,CASMI_MOL_652252,652252,COC(=O)c1ccc(C(O)c2cc(F)c(F)c(F)c2)o1,0.3408760313854145,binned_cosine_1Da,39,False,predicted_spectrum,2103
CASMI2022,massformer,completed,123,123,296,CASMI_MOL_1196920,CASMI_MOL_653130,653130,COC(=O)c1c(O)ccc2c(=O)c3c(O)cccc3oc12,0.33256003792065064,binned_cosine_1Da,40,False,predicted_spectrum,2103
CASMI2022,massformer,completed,123,123,296,CASMI_MOL_1196920,CASMI_MOL_652192,652192,COC(=O)c1ccc(C(O)c2cc(F)c(F)cc2F)o1,0.31472249094369276,binned_cosine_1Da,41,False,predicted_spectrum,2103
CASMI2022,massformer,completed,123,123,296,CASMI_MOL_1196920,CASMI_MOL_653375,653375,COC(=O)c1c(O)ccc2oc3cccc(O)c3c(=O)c12,0.31218230740016556,binned_cosine_1Da,42,False,predicted_spectrum,2103
CASMI2022,massformer,completed,123,123,296,CASMI_MOL_1196920,CASMI_MOL_651775,651775,COC(=O)c1c(O)cc(-c2ccco2)cc1C(F)(F)F,0.31140053458860284,binned_cosine_1Da,43,False,predicted_spectrum,2103
CASMI2022,massformer,completed,123,123,296,CASMI_MOL_1196920,CASMI_MOL_653331,653331,COC1=C2C(=O)c3ccccc3C(=O)C2=CC(C(=O)O)O1,0.3054811323107276,binned_cosine_1Da,44,False,predicted_spectrum,2103
CASMI2022,massformer,completed,123,123,296,CASMI_MOL_1196920,CASMI_MOL_652021,652021,COc1cccc(C(=O)c2cc3ccccc3s2)c1F,0.30159103619655947,binned_cosine_1Da,45,False,predicted_spectrum,2103
CASMI2022,massformer,completed,123,123,296,CASMI_MOL_1196920,CASMI_MOL_652251,652251,COC(=O)c1ccc(C(O)c2c(F)cc(F)cc2F)o1,0.29970264020968757,binned_cosine_1Da,46,False,predicted_spectrum,2103
CASMI2022,massformer,completed,123,123,296,CASMI_MOL_1196920,CASMI_MOL_653072,653072,COC1=CC(=O)c2c(oc3c(OC)cccc3c2=O)C1=O,0.29094761665383506,binned_cosine_1Da,47,False,predicted_spectrum,2103
CASMI2022,massformer,completed,123,123,296,CASMI_MOL_1196920,CASMI_MOL_1196920,1196920,COC(=O)c1cc(O)cc2oc3cccc(O)c3c(=O)c12,0.2891256612133902,binned_cosine_1Da,48,True,predicted_spectrum,2103
CASMI2022,massformer,completed,123,123,296,CASMI_MOL_1196920,CASMI_MOL_653109,653109,COC(=O)c1cc(O)cc2oc3cccc(O)c3c(=O)c12,0.28912565793100453,binned_cosine_1Da,49,False,predicted_spectrum,2103
CASMI2022,massformer,completed,123,123,296,CASMI_MOL_1196920,CASMI_MOL_652821,652821,COC(=O)c1ccc(O)c2c1oc1c(C(=O)O)cccc12,0.28003019873090745,binned_cosine_1Da,50,False,predicted_spectrum,2103
CASMI2022,massformer,completed,123,123,296,CASMI_MOL_1196920,CASMI_MOL_652658,652658,COc1cc(C(=O)c2csc3ccccc23)ccc1F,0.2724011997365198,binned_cosine_1Da,51,False,predicted_spectrum,2103
CASMI2022,massformer,completed,123,123,296,CASMI_MOL_1196920,CASMI_MOL_652024,652024,COc1cc(C(=O)c2cccc3ccsc23)ccc1F,0.27066103687811605,binned_cosine_1Da,52,False,predicted_spectrum,2103
CASMI2022,massformer,completed,123,123,296,CASMI_MOL_1196920,CASMI_MOL_653286,653286,COC(=O)c1ccc2oc3c(O)cc(O)cc3c(=O)c2c1,0.26798609669596024,binned_cosine_1Da,53,False,predicted_spectrum,2103
CASMI2022,massformer,completed,123,123,296,CASMI_MOL_1196920,CASMI_MOL_651765,651765,CCOc1ccc(-c2ccc(-c3cccs3)cc2)s1,0.26429844509483863,binned_cosine_1Da,54,False,predicted_spectrum,2103
CASMI2022,massformer,completed,123,123,296,CASMI_MOL_1196920,CASMI_MOL_653332,653332,CC(=O)OC1OC(=O)c2cc3cccc(C(=O)O)c3cc21,0.25818231677305403,binned_cosine_1Da,55,False,predicted_spectrum,2103
CASMI2022,massformer,completed,123,123,296,CASMI_MOL_1196920,CASMI_MOL_653396,653396,CCOC(=O)c1c(C(F)(F)F)oc2ccccc2c1=O,0.25334173023841056,binned_cosine_1Da,56,False,predicted_spectrum,2103
CASMI2022,massformer,completed,123,123,296,CASMI_MOL_1196920,CASMI_MOL_651884,651884,CCOC(C(=O)c1ccc(F)cc1)=C(SC)SC,0.24896797037621013,binned_cosine_1Da,57,False,predicted_spectrum,2103
CASMI2022,massformer,completed,123,123,296,CASMI_MOL_1196920,CASMI_MOL_651572,651572,COC1SC(c2ccccc2)=C(c2ccccc2)S1,0.23985043168717163,binned_cosine_1Da,58,False,predicted_spectrum,2103
CASMI2022,massformer,completed,123,123,296,CASMI_MOL_1196920,CASMI_MOL_652988,652988,COc1ccc(C(=O)c2cc3ccccc3s2)cc1F,0.23385897008680884,binned_cosine_1Da,59,False,predicted_spectrum,2103
CASMI2022,massformer,completed,123,123,296,CASMI_MOL_1196920,CASMI_MOL_652022,652022,COc1cccc(C(=O)c2csc3ccccc23)c1F,0.21837462159882676,binned_cosine_1Da,60,False,predicted_spectrum,2103
CASMI2022,massformer,completed,123,123,296,CASMI_MOL_1196920,CASMI_MOL_651559,651559,CCOC(=O)C(F)(F)c1cc2cccc(F)c2oc1=O,0.2129498036580801,binned_cosine_1Da,61,False,predicted_spectrum,2103
CASMI2022,massformer,completed,123,123,296,CASMI_MOL_1196920,CASMI_MOL_651863,651863,CCOC(=O)c1c(C(F)(F)F)c2ccccc2oc1=O,0.20974379203999802,binned_cosine_1Da,62,False,predicted_spectrum,2103
CASMI2022,massformer,completed,123,123,296,CASMI_MOL_1196920,CASMI_MOL_652560,652560,COC1=c2c(cc3c(=O)oc(O)c4cccc2c43)OCO1,0.20271225866961942,binned_cosine_1Da,63,False,predicted_spectrum,2103
CASMI2022,massformer,completed,123,123,296,CASMI_MOL_1196920,CASMI_MOL_653261,653261,COC1=c2c(cc3c(=O)oc(O)c4cccc2c43)OCO1,0.20271225866961942,binned_cosine_1Da,64,False,predicted_spectrum,2103
CASMI2022,massformer,completed,123,123,296,CASMI_MOL_1196920,CASMI_MOL_653291,653291,COC1=c2c(cc3c(=O)oc(O)c4cccc2c43)OCO1,0.20271225866961942,binned_cosine_1Da,65,False,predicted_spectrum,2103
CASMI2022,massformer,completed,123,123,296,CASMI_MOL_1196920,CASMI_MOL_653257,653257,CC(=O)OCc1ccc2oc(C(F)(F)F)cc(=O)c2c1,0.19606933210298158,binned_cosine_1Da,66,False,predicted_spectrum,2103
CASMI2022,massformer,completed,123,123,296,CASMI_MOL_1196920,CASMI_MOL_652985,652985,COc1ccc(C(=O)c2csc3ccccc23)cc1F,0.19299521251449497,binned_cosine_1Da,67,False,predicted_spectrum,2103
CASMI2022,massformer,completed,123,123,296,CASMI_MOL_1196920,CASMI_MOL_652025,652025,COc1ccc(C(=O)c2cccc3ccsc23)cc1F,0.19273270705082932,binned_cosine_1Da,68,False,predicted_spectrum,2103
CASMI2022,massformer,completed,123,123,296,CASMI_MOL_1196920,CASMI_MOL_652045,652045,CCOC(=O)C(=O)c1cc2cccc(C(F)(F)F)c2o1,0.1892183797108958,binned_cosine_1Da,69,False,predicted_spectrum,2103
CASMI2022,massformer,completed,123,123,296,CASMI_MOL_1196920,CASMI_MOL_652665,652665,COc1ccsc1C(=O)c1ccc(F)c2ccccc12,0.1845847181936274,binned_cosine_1Da,70,False,predicted_spectrum,2103
CASMI2022,massformer,completed,123,123,296,CASMI_MOL_1196920,CASMI_MOL_652462,652462,COc1cccc2sc(SC)c(-c3ccccc3)c12,0.18426417838912668,binned_cosine_1Da,71,False,predicted_spectrum,2103
CASMI2022,massformer,completed,123,123,296,CASMI_MOL_1196920,CASMI_MOL_651629,651629,COc1ccc(C=C2Sc3c(F)cccc3C2=O)cc1,0.178835580406966,binned_cosine_1Da,72,False,predicted_spectrum,2103
CASMI2022,massformer,completed,123,123,296,CASMI_MOL_1196920,CASMI_MOL_651623,651623,COc1ccc(C=C2Sc3c(F)cccc3C2=O)cc1,0.17883549836577556,binned_cosine_1Da,73,False,predicted_spectrum,2103
CASMI2022,massformer,completed,123,123,296,CASMI_MOL_1196920,CASMI_MOL_652048,652048,CCOC(=O)C(=O)c1cc2c(C(F)(F)F)cccc2o1,0.17819518192320816,binned_cosine_1Da,74,False,predicted_spectrum,2103
CASMI2022,massformer,completed,123,123,296,CASMI_MOL_1196920,CASMI_MOL_652771,652771,CCOC(=O)C(F)(F)c1coc2ccc(F)cc2c1=O,0.17735107808438622,binned_cosine_1Da,75,False,predicted_spectrum,2103
CASMI2022,massformer,completed,123,123,296,CASMI_MOL_1196920,CASMI_MOL_652904,652904,COc1cccc(F)c1C(=O)c1csc2ccccc12,0.17573994249774486,binned_cosine_1Da,76,False,predicted_spectrum,2103
CASMI2022,massformer,completed,123,123,296,CASMI_MOL_1196920,CASMI_MOL_652461,652461,COc1ccc2sc(SC)c(-c3ccccc3)c2c1,0.17359218211317406,binned_cosine_1Da,77,False,predicted_spectrum,2103
CASMI2022,massformer,completed,123,123,296,CASMI_MOL_1196920,CASMI_MOL_652662,652662,COc1cccc(F)c1C(=O)c1cccc2ccsc12,0.17336341364528007,binned_cosine_1Da,78,False,predicted_spectrum,2103
CASMI2022,massformer,completed,123,123,296,CASMI_MOL_1196920,CASMI_MOL_652989,652989,COc1ccc(F)cc1C(=O)c1cc2ccccc2s1,0.17288170565540534,binned_cosine_1Da,79,False,predicted_spectrum,2103
CASMI2022,massformer,completed,123,123,296,CASMI_MOL_1196920,CASMI_MOL_652772,652772,CCOC(=O)C(F)(F)c1coc2cc(F)ccc2c1=O,0.16852718291416463,binned_cosine_1Da,80,False,predicted_spectrum,2103
CASMI2022,massformer,completed,123,123,296,CASMI_MOL_1196920,CASMI_MOL_652460,652460,COc1ccc2c(-c3ccccc3)c(SC)sc2c1,0.16822103373911299,binned_cosine_1Da,81,False,predicted_spectrum,2103
CASMI2022,massformer,completed,123,123,296,CASMI_MOL_1196920,CASMI_MOL_652664,652664,COc1csc(C(=O)c2ccc(F)c3ccccc23)c1,0.16694745424321006,binned_cosine_1Da,82,False,predicted_spectrum,2103
CASMI2022,massformer,completed,123,123,296,CASMI_MOL_1196920,CASMI_MOL_652987,652987,COc1ccc(C(=O)c2cc3ccccc3s2)c(F)c1,0.1577238686870522,binned_cosine_1Da,83,False,predicted_spectrum,2103
CASMI2022,massformer,completed,123,123,296,CASMI_MOL_1196920,CASMI_MOL_652986,652986,COc1ccc(F)cc1C(=O)c1csc2ccccc12,0.15771593177374166,binned_cosine_1Da,84,False,predicted_spectrum,2103
CASMI2022,massformer,completed,123,123,296,CASMI_MOL_1196920,CASMI_MOL_652046,652046,CCOC(=O)C(=O)c1cc2ccc(C(F)(F)F)cc2o1,0.15530625362249884,binned_cosine_1Da,85,False,predicted_spectrum,2103
CASMI2022,massformer,completed,123,123,296,CASMI_MOL_1196920,CASMI_MOL_652047,652047,CCOC(=O)C(=O)c1cc2cc(C(F)(F)F)ccc2o1,0.15330889524635608,binned_cosine_1Da,86,False,predicted_spectrum,2103
CASMI2022,massformer,completed,123,123,296,CASMI_MOL_1196920,CASMI_MOL_653581,653581,COC(=O)Cn1c(Cl)nc2c1c(=O)n(C)c(=O)n2C,0.15330703126424144,binned_cosine_1Da,87,False,predicted_spectrum,2103
CASMI2022,massformer,completed,123,123,296,CASMI_MOL_1196920,CASMI_MOL_653411,653411,COC1=CC(=O)c2c(cc3cc(C)oc(=O)c3c2O)C1=O,0.15259836866107476,binned_cosine_1Da,88,False,predicted_spectrum,2103
CASMI2022,massformer,completed,123,123,296,CASMI_MOL_1196920,CASMI_MOL_653441,653441,CCC(=O)C1C(=O)C(=O)OC12C(=O)c1ccccc1C2=O,0.15145621224527642,binned_cosine_1Da,89,False,predicted_spectrum,2103
CASMI2022,massformer,completed,123,123,296,CASMI_MOL_1196920,CASMI_MOL_651988,651988,CCOC(=O)C(=O)c1ccc2oc(C(F)(F)F)cc2c1,0.1506635512721841,binned_cosine_1Da,90,False,predicted_spectrum,2103
CASMI2022,massformer,completed,123,123,296,CASMI_MOL_1196920,CASMI_MOL_652054,652054,COc1ccccc1C(=O)c1cc2ccc(F)cc2s1,0.14947678783106647,binned_cosine_1Da,91,False,predicted_spectrum,2103
CASMI2022,massformer,completed,123,123,296,CASMI_MOL_1196920,CASMI_MOL_653242,653242,COC(=O)Cn1c(Cl)nc2c(=O)n(C)c(=O)n(C)c21,0.14842404172885576,binned_cosine_1Da,92,False,predicted_spectrum,2103
CASMI2022,massformer,completed,123,123,296,CASMI_MOL_1196920,CASMI_MOL_652343,652343,COc1ccccc1C(=O)c1cc2cc(F)ccc2s1,0.147017311949514,binned_cosine_1Da,93,False,predicted_spectrum,2103
CASMI2022,massformer,completed,123,123,296,CASMI_MOL_1196920,CASMI_MOL_651579,651579,COc1cc2c(cc1OC)C(=O)c1oc(C=O)cc1C2=O,0.14689394810513093,binned_cosine_1Da,94,False,predicted_spectrum,2103
CASMI2022,massformer,completed,123,123,296,CASMI_MOL_1196920,CASMI_MOL_653602,653602,CCOC(=O)c1cc2c(=O)oc3ccccc3c2oc1=O,0.14504852788030684,binned_cosine_1Da,95,False,predicted_spectrum,2103
CASMI2022,massformer,completed,123,123,296,CASMI_MOL_1196920,CASMI_MOL_652984,652984,COc1ccc(C(=O)c2csc3ccccc23)c(F)c1,0.14491605069430138,binned_cosine_1Da,96,False,predicted_spectrum,2103
CASMI2022,massformer,completed,123,123,296,CASMI_MOL_1196920,CASMI_MOL_652657,652657,COc1ccc(C(=O)c2cccc3ccsc23)c(F)c1,0.14468077820918504,binned_cosine_1Da,97,False,predicted_spectrum,2103
CASMI2022,massformer,completed,123,123,296,CASMI_MOL_1196920,CASMI_MOL_652775,652775,COc1c2occc2c(C=CC(=O)O)c2ccc(=O)oc12,0.1444662955712655,binned_cosine_1Da,98,False,predicted_spectrum,2103
CASMI2022,massformer,completed,123,123,296,CASMI_MOL_1196920,CASMI_MOL_652802,652802,COC(=O)Oc1ccc(C(=O)OC(C)C(=O)O)c(F)c1,0.14423484265080094,binned_cosine_1Da,99,False,predicted_spectrum,2103
CASMI2022,massformer,completed,123,123,296,CASMI_MOL_1196920,CASMI_MOL_652803,652803,COC(=O)Oc1ccc(C(=O)OC(C)C(=O)O)c(F)c1,0.14423484265080094,binned_cosine_1Da,100,False,predicted_spectrum,2103
CASMI2022,massformer,completed,126,126,303,CASMI_MOL_1196923,CASMI_MOL_674209,674209,CCNC1CN(C2=c3ccccc3=COc3ccccc32)C1,0.6202010111813031,binned_cosine_1Da,1,False,predicted_spectrum,9036
CASMI2022,massformer,completed,126,126,303,CASMI_MOL_1196923,CASMI_MOL_668936,668936,CC(=N)CC(=O)C1=CCC(C)C=Cc2[nH]c3ccccc3c21,0.5651259775068669,binned_cosine_1Da,2,False,predicted_spectrum,9036
CASMI2022,massformer,completed,126,126,303,CASMI_MOL_1196923,CASMI_MOL_674311,674311,CN(C)C(CC(N)=O)c1cccc2cc3ccccc3cc12,0.5161114995853809,binned_cosine_1Da,3,False,predicted_spectrum,9036
CASMI2022,massformer,completed,126,126,303,CASMI_MOL_1196923,CASMI_MOL_675691,675691,CN(C)CC1CN=C(c2ccccc2)c2ccccc2C1=O,0.5085021448064573,binned_cosine_1Da,4,False,predicted_spectrum,9036
CASMI2022,massformer,completed,126,126,303,CASMI_MOL_1196923,CASMI_MOL_669564,669564,CN(C)Cc1ccc(-c2c(N)ccc3cc(O)ccc23)cc1,0.4742539724921427,binned_cosine_1Da,5,False,predicted_spectrum,9036
CASMI2022,massformer,completed,126,126,303,CASMI_MOL_1196923,CASMI_MOL_674309,674309,CN(C)C(CC(N)=O)c1ccc2cc3ccccc3cc2c1,0.463360435117999,binned_cosine_1Da,6,False,predicted_spectrum,9036
CASMI2022,massformer,completed,126,126,303,CASMI_MOL_1196923,CASMI_MOL_669568,669568,CC=CC(=O)C(N)C1(C)c2ccccc2Nc2ccccc21,0.45528592117082717,binned_cosine_1Da,7,False,predicted_spectrum,9036
CASMI2022,massformer,completed,126,126,303,CASMI_MOL_1196923,CASMI_MOL_673549,673549,CN(C)C1CN(C2=c3ccccc3=COc3ccccc32)C1,0.4404827166351522,binned_cosine_1Da,8,False,predicted_spectrum,9036
CASMI2022,massformer,completed,126,126,303,CASMI_MOL_1196923,CASMI_MOL_668919,668919,NCCCCc1ccc2cncc(-c3ccc(O)cc3)c2c1,0.4035234635566206,binned_cosine_1Da,9,False,predicted_spectrum,9036
CASMI2022,massformer,completed,126,126,303,CASMI_MOL_1196923,CASMI_MOL_670023,670023,CN(C)CCN=Cc1c(O)ccc2cc3ccccc3cc12,0.39355410489144527,binned_cosine_1Da,10,False,predicted_spectrum,9036
CASMI2022,massformer,completed,126,126,303,CASMI_MOL_1196923,CASMI_MOL_674292,674292,CN(C)CCC=C1c2cc(C=O)ccc2C=Cn2cccc21,0.39167868123589844,binned_cosine_1Da,11,False,predicted_spectrum,9036
CASMI2022,massformer,completed,126,126,303,CASMI_MOL_1196923,CASMI_MOL_670193,670193,CNCCN=CC1C(=O)c2ccccc2Cc2ccccc21,0.38576290683610287,binned_cosine_1Da,12,False,predicted_spectrum,9036
CASMI2022,massformer,completed,126,126,303,CASMI_MOL_1196923,CASMI_MOL_677323,677323,NCCCNc1cccc(-c2cccc3ccc(O)cc23)c1,0.36365660317371085,binned_cosine_1Da,13,False,predicted_spectrum,9036
CASMI2022,massformer,completed,126,126,303,CASMI_MOL_1196923,CASMI_MOL_669339,669339,CN(C)Cc1ccccc1-c1ccc2c(C=O)cn(C)c2c1,0.3586173601723601,binned_cosine_1Da,14,False,predicted_spectrum,9036
CASMI2022,massformer,completed,126,126,303,CASMI_MOL_1196923,CASMI_MOL_670184,670184,CN(C)Cc1ccc(-c2cn(C)c(=O)c3ccccc23)cc1,0.3537267354866507,binned_cosine_1Da,15,False,predicted_spectrum,9036
CASMI2022,massformer,completed,126,126,303,CASMI_MOL_1196923,CASMI_MOL_674158,674158,CC(C)Cc1c[nH]c2c(-c3ccc(C(N)=O)cc3)cccc12,0.34610622723362544,binned_cosine_1Da,16,False,predicted_spectrum,9036
CASMI2022,massformer,completed,126,126,303,CASMI_MOL_1196923,CASMI_MOL_669689,669689,CCCNC(=O)C12NC(Cc3ccccc31)c1ccccc12,0.3415961319912043,binned_cosine_1Da,17,False,predicted_spectrum,9036
CASMI2022,massformer,completed,126,126,303,CASMI_MOL_1196923,CASMI_MOL_669609,669609,CC(CCC(=N)N)C(=O)c1cccc2c1Cc1ccccc1-2,0.34082578165319355,binned_cosine_1Da,18,False,predicted_spectrum,9036
CASMI2022,massformer,completed,126,126,303,CASMI_MOL_1196923,CASMI_MOL_674145,674145,CN1C(=N)CC(C)(c2cccc(-c3ccccc3)c2)CC1=O,0.340015538906579,binned_cosine_1Da,19,False,predicted_spectrum,9036
CASMI2022,massformer,completed,126,126,303,CASMI_MOL_1196923,CASMI_MOL_675633,675633,CC(=O)NCCCc1[nH]c2ccccc2c1-c1ccccc1,0.3224303148978955,binned_cosine_1Da,20,False,predicted_spectrum,9036
CASMI2022,massformer,completed,126,126,303,CASMI_MOL_1196923,CASMI_MOL_669554,669554,C=CC1c2c(-c3ccccc3)ccc(C(N)=O)c2NC1CC,0.3144462029381233,binned_cosine_1Da,21,False,predicted_spectrum,9036
CASMI2022,massformer,completed,126,126,303,CASMI_MOL_1196923,CASMI_MOL_669628,669628,C=CCC(Cc1ccccc1-c1noc2ccccc12)NC,0.312687927278198,binned_cosine_1Da,22,False,predicted_spectrum,9036
CASMI2022,massformer,completed,126,126,303,CASMI_MOL_1196923,CASMI_MOL_668691,668691,CC(=O)N1c2ccccc2C=C(CN(C)C)c2ccccc21,0.31243816414662584,binned_cosine_1Da,23,False,predicted_spectrum,9036
CASMI2022,massformer,completed,126,126,303,CASMI_MOL_1196923,CASMI_MOL_669887,669887,CNC(=O)CN(C)Cc1c2ccccc2cc2ccccc12,0.310590569344538,binned_cosine_1Da,24,False,predicted_spectrum,9036
CASMI2022,massformer,completed,126,126,303,CASMI_MOL_1196923,CASMI_MOL_668612,668612,CN(CCC=C1c2ccccc2CCc2ccccc21)N=O,0.3086964023394565,binned_cosine_1Da,25,False,predicted_spectrum,9036
CASMI2022,massformer,completed,126,126,303,CASMI_MOL_1196923,CASMI_MOL_674312,674312,CN(C)CCC(=O)Nc1cccc2cc3ccccc3cc12,0.30668608483358006,binned_cosine_1Da,26,False,predicted_spectrum,9036
CASMI2022,massformer,completed,126,126,303,CASMI_MOL_1196923,CASMI_MOL_669407,669407,NC1CN(c2cccc(C3CC3)c2)c2ccccc2CC1=O,0.3042977483828617,binned_cosine_1Da,27,False,predicted_spectrum,9036
CASMI2022,massformer,completed,126,126,303,CASMI_MOL_1196923,CASMI_MOL_670602,670602,NNC(=O)CC1C=C2C=CC3=C(C=CCC3)C3=CC=C(C1)C23,0.3041112853098777,binned_cosine_1Da,28,False,predicted_spectrum,9036
CASMI2022,massformer,completed,126,126,303,CASMI_MOL_1196923,CASMI_MOL_670603,670603,NNC(=O)CC1C=C2C=CC3=C(C=CCC3)C3=CC=C(C1)C23,0.3041112853098777,binned_cosine_1Da,29,False,predicted_spectrum,9036
CASMI2022,massformer,completed,126,126,303,CASMI_MOL_1196923,CASMI_MOL_670604,670604,NNC(=O)CC1C=C2C=CC3=C(C=CCC3)C3=CC=C(C1)C23,0.3041112853098777,binned_cosine_1Da,30,False,predicted_spectrum,9036
CASMI2022,massformer,completed,126,126,303,CASMI_MOL_1196923,CASMI_MOL_670605,670605,NNC(=O)CC1C=C2C=CC3=C(C=CCC3)C3=CC=C(C1)C23,0.3041112853098777,binned_cosine_1Da,31,False,predicted_spectrum,9036
CASMI2022,massformer,completed,126,126,303,CASMI_MOL_1196923,CASMI_MOL_676033,676033,CC(CC(N)=O)(C1=Cc2ccccc2NC1)c1ccccc1,0.30306093190803346,binned_cosine_1Da,32,False,predicted_spectrum,9036
CASMI2022,massformer,completed,126,126,303,CASMI_MOL_1196923,CASMI_MOL_675971,675971,CC(=O)NC(C)Cc1ccc(-c2ccc3cc[nH]c3c2)cc1,0.30080538906158705,binned_cosine_1Da,33,False,predicted_spectrum,9036
CASMI2022,massformer,completed,126,126,303,CASMI_MOL_1196923,CASMI_MOL_670031,670031,CN=C1CC(C)(c2cccc(-c3ccccc3)c2)CC(=O)N1,0.29867007664141615,binned_cosine_1Da,34,False,predicted_spectrum,9036
CASMI2022,massformer,completed,126,126,303,CASMI_MOL_1196923,CASMI_MOL_669267,669267,CC(C)Cc1cccc2c(C(N)=O)[nH]c(-c3ccccc3)c12,0.2945977140388857,binned_cosine_1Da,35,False,predicted_spectrum,9036
CASMI2022,massformer,completed,126,126,303,CASMI_MOL_1196923,CASMI_MOL_674270,674270,C=C(C)C(=O)CCCNc1ccc2[nH]c3ccccc3c2c1,0.2924690214707247,binned_cosine_1Da,36,False,predicted_spectrum,9036
CASMI2022,massformer,completed,126,126,303,CASMI_MOL_1196923,CASMI_MOL_675724,675724,CN(C)C=C1CCN(c2ccccc2)c2ccccc2C1=O,0.2924231980188811,binned_cosine_1Da,37,False,predicted_spectrum,9036
CASMI2022,massformer,completed,126,126,303,CASMI_MOL_1196923,CASMI_MOL_669332,669332,CC(C)C1(n2c(O)cc3ccccc32)C=CC=C(CC#N)C1,0.2924090979384909,binned_cosine_1Da,38,False,predicted_spectrum,9036
CASMI2022,massformer,completed,126,126,303,CASMI_MOL_1196923,CASMI_MOL_675684,675684,CCC1=C(c2ccccc2)c2cc(C(=O)NN)ccc2CC1,0.2923241953459653,binned_cosine_1Da,39,False,predicted_spectrum,9036
CASMI2022,massformer,completed,126,126,303,CASMI_MOL_1196923,CASMI_MOL_673943,673943,O=C1NC2(CCCCC2)c2ccccc2N1c1ccccc1,0.2915461584720514,binned_cosine_1Da,40,False,predicted_spectrum,9036
CASMI2022,massformer,completed,126,126,303,CASMI_MOL_1196923,CASMI_MOL_675296,675296,C#CCNC(=O)C(C)NC(c1ccccc1)c1ccccc1,0.2863886194247991,binned_cosine_1Da,41,False,predicted_spectrum,9036
CASMI2022,massformer,completed,126,126,303,CASMI_MOL_1196923,CASMI_MOL_675612,675612,Cc1cccc2c(=O)[nH]c(-c3ccc(CN(C)C)cc3)cc12,0.28560976172058644,binned_cosine_1Da,42,False,predicted_spectrum,9036
CASMI2022,massformer,completed,126,126,303,CASMI_MOL_1196923,CASMI_MOL_669630,669630,NC(=O)c1cccc(-c2ccccc2)c1C=C1CCNCC1,0.2828132255607556,binned_cosine_1Da,43,False,predicted_spectrum,9036
CASMI2022,massformer,completed,126,126,303,CASMI_MOL_1196923,CASMI_MOL_675817,675817,CN(C)C1CC2=CN=CC3C=C(c4ccccc4)OCC1=C23,0.27710607448495495,binned_cosine_1Da,44,False,predicted_spectrum,9036
CASMI2022,massformer,completed,126,126,303,CASMI_MOL_1196923,CASMI_MOL_673584,673584,[C-]#[N+]CCC(=O)NCCC(c1ccccc1)c1ccccc1,0.27667867965428733,binned_cosine_1Da,45,False,predicted_spectrum,9036
CASMI2022,massformer,completed,126,126,303,CASMI_MOL_1196923,CASMI_MOL_669510,669510,CN(C)CCN1C(=O)c2ccccc2C=Cc2ccccc21,0.27629393605848007,binned_cosine_1Da,46,False,predicted_spectrum,9036
CASMI2022,massformer,completed,126,126,303,CASMI_MOL_1196923,CASMI_MOL_668721,668721,CN(C)Cc1ccc(-c2cccc3cccnc23)c(CO)c1,0.27489859254794347,binned_cosine_1Da,47,False,predicted_spectrum,9036
CASMI2022,massformer,completed,126,126,303,CASMI_MOL_1196923,CASMI_MOL_670199,670199,CC(CC(=O)N(C)Cc1ccc(C#N)cc1)c1ccccc1,0.2724869859531311,binned_cosine_1Da,48,False,predicted_spectrum,9036
CASMI2022,massformer,completed,126,126,303,CASMI_MOL_1196923,CASMI_MOL_673579,673579,CN1C(=O)C(Cc2ccccc2)NC1C=Cc1ccccc1,0.27186247161783517,binned_cosine_1Da,49,False,predicted_spectrum,9036
CASMI2022,massformer,completed,126,126,303,CASMI_MOL_1196923,CASMI_MOL_675475,675475,CNC(C)CC=Cc1cnc2cc(-c3ccccc3)oc2c1,0.27174482712047404,binned_cosine_1Da,50,False,predicted_spectrum,9036
CASMI2022,massformer,completed,126,126,303,CASMI_MOL_1196923,CASMI_MOL_670277,670277,CCC(C)N(Cc1ccccc1)C(=O)c1ccc(C#N)cc1,0.271666817819228,binned_cosine_1Da,51,False,predicted_spectrum,9036
CASMI2022,massformer,completed,126,126,303,CASMI_MOL_1196923,CASMI_MOL_670267,670267,CCC(C)N(Cc1ccccc1)C(=O)c1cccc(C#N)c1,0.2714230752557378,binned_cosine_1Da,52,False,predicted_spectrum,9036
CASMI2022,massformer,completed,126,126,303,CASMI_MOL_1196923,CASMI_MOL_670213,670213,Cc1cccc(CCC(=O)N(C)Cc2ccc(C#N)cc2)c1,0.27137987850530193,binned_cosine_1Da,53,False,predicted_spectrum,9036
CASMI2022,massformer,completed,126,126,303,CASMI_MOL_1196923,CASMI_MOL_674369,674369,CCN(Cc1ccccc1)C(=O)CCc1ccc(C#N)cc1,0.271139702773484,binned_cosine_1Da,54,False,predicted_spectrum,9036
CASMI2022,massformer,completed,126,126,303,CASMI_MOL_1196923,CASMI_MOL_672310,672310,CN(Cc1ccccc1)C(=O)CCn1ccc2ccccc21,0.27012956491983353,binned_cosine_1Da,55,False,predicted_spectrum,9036
CASMI2022,massformer,completed,126,126,303,CASMI_MOL_1196923,CASMI_MOL_672309,672309,CCN(Cc1ccccc1)C(=O)Cn1ccc2ccccc21,0.2699854040213674,binned_cosine_1Da,56,False,predicted_spectrum,9036
CASMI2022,massformer,completed,126,126,303,CASMI_MOL_1196923,CASMI_MOL_671998,671998,C=CCN(Cc1ccccc1)C(=O)N1CCc2ccccc21,0.2696792290069302,binned_cosine_1Da,57,False,predicted_spectrum,9036
CASMI2022,massformer,completed,126,126,303,CASMI_MOL_1196923,CASMI_MOL_671876,671876,Cc1c(C(=O)N(C)Cc2ccccc2)n(C)c2ccccc12,0.2694228466062519,binned_cosine_1Da,58,False,predicted_spectrum,9036
CASMI2022,massformer,completed,126,126,303,CASMI_MOL_1196923,CASMI_MOL_677101,677101,CCCN(Cc1ccc(C#N)cc1)C(=O)c1cccc(C)c1,0.2693909665457718,binned_cosine_1Da,59,False,predicted_spectrum,9036
CASMI2022,massformer,completed,126,126,303,CASMI_MOL_1196923,CASMI_MOL_674331,674331,NC(CC=Cc1ccccc1)C(=O)N1Cc2ccccc2C1,0.26928046673077427,binned_cosine_1Da,60,False,predicted_spectrum,9036
CASMI2022,massformer,completed,126,126,303,CASMI_MOL_1196923,CASMI_MOL_675865,675865,NC(CC=Cc1ccccc1)C(=O)N1Cc2ccccc2C1,0.26928046673077427,binned_cosine_1Da,61,False,predicted_spectrum,9036
CASMI2022,massformer,completed,126,126,303,CASMI_MOL_1196923,CASMI_MOL_675866,675866,NC(CC=Cc1ccccc1)C(=O)N1Cc2ccccc2C1,0.26928046673077427,binned_cosine_1Da,62,False,predicted_spectrum,9036
CASMI2022,massformer,completed,126,126,303,CASMI_MOL_1196923,CASMI_MOL_675867,675867,NC(CC=Cc1ccccc1)C(=O)N1Cc2ccccc2C1,0.26928046673077427,binned_cosine_1Da,63,False,predicted_spectrum,9036
CASMI2022,massformer,completed,126,126,303,CASMI_MOL_1196923,CASMI_MOL_671997,671997,O=C(N1CCc2ccccc21)N(Cc1ccccc1)C1CC1,0.26918220405353643,binned_cosine_1Da,64,False,predicted_spectrum,9036
CASMI2022,massformer,completed,126,126,303,CASMI_MOL_1196923,CASMI_MOL_670264,670264,CN(CC(=O)NCC#Cc1ccccc1)Cc1ccccc1,0.2691061659312457,binned_cosine_1Da,65,False,predicted_spectrum,9036
CASMI2022,massformer,completed,126,126,303,CASMI_MOL_1196923,CASMI_MOL_670239,670239,CC(c1ccccc1)N(C)C(=O)CCc1ccc(C#N)cc1,0.26903774111244516,binned_cosine_1Da,66,False,predicted_spectrum,9036
CASMI2022,massformer,completed,126,126,303,CASMI_MOL_1196923,CASMI_MOL_673476,673476,C#CCNC(=O)N(Cc1ccccc1)C(C)c1ccccc1,0.26896031452694996,binned_cosine_1Da,67,False,predicted_spectrum,9036
CASMI2022,massformer,completed,126,126,303,CASMI_MOL_1196923,CASMI_MOL_673491,673491,C#CCNC(=O)N(Cc1ccccc1)C(C)c1ccccc1,0.26896031452694996,binned_cosine_1Da,68,False,predicted_spectrum,9036
CASMI2022,massformer,completed,126,126,303,CASMI_MOL_1196923,CASMI_MOL_670279,670279,Cc1cc(CN(Cc2ccccc2)Cc2ccccc2)no1,0.2689596708869301,binned_cosine_1Da,69,False,predicted_spectrum,9036
CASMI2022,massformer,completed,126,126,303,CASMI_MOL_1196923,CASMI_MOL_674507,674507,CN(Cc1ccccc1)C(=O)Cc1cn(C)c2ccccc12,0.2689461970379232,binned_cosine_1Da,70,False,predicted_spectrum,9036
CASMI2022,massformer,completed,126,126,303,CASMI_MOL_1196923,CASMI_MOL_670241,670241,Cc1cc(CN(Cc2ccccc2)Cc2ccccc2)on1,0.2688193602971532,binned_cosine_1Da,71,False,predicted_spectrum,9036
CASMI2022,massformer,completed,126,126,303,CASMI_MOL_1196923,CASMI_MOL_670472,670472,CC(C)(C#N)C(=O)N(Cc1ccccc1)Cc1ccccc1,0.26880933817011154,binned_cosine_1Da,72,False,predicted_spectrum,9036
CASMI2022,massformer,completed,126,126,303,CASMI_MOL_1196923,CASMI_MOL_670190,670190,CN(C)CCN1C(=O)c2ccccc2C1=Cc1ccccc1,0.2687371328768678,binned_cosine_1Da,73,False,predicted_spectrum,9036
CASMI2022,massformer,completed,126,126,303,CASMI_MOL_1196923,CASMI_MOL_674416,674416,CN(CCc1ccccc1)C(=O)c1cn(C)c2ccccc12,0.26867511987141524,binned_cosine_1Da,74,False,predicted_spectrum,9036
CASMI2022,massformer,completed,126,126,303,CASMI_MOL_1196923,CASMI_MOL_670474,670474,C#CCNCC(=O)N(Cc1ccccc1)Cc1ccccc1,0.26843072503994575,binned_cosine_1Da,75,False,predicted_spectrum,9036
CASMI2022,massformer,completed,126,126,303,CASMI_MOL_1196923,CASMI_MOL_674156,674156,[C-]#[N+]C(Cc1ccccc1)C(=O)N(C)CCc1ccccc1,0.2683918276287084,binned_cosine_1Da,76,False,predicted_spectrum,9036
CASMI2022,massformer,completed,126,126,303,CASMI_MOL_1196923,CASMI_MOL_670435,670435,CCCN(CCc1ccccc1)C(=O)c1ccccc1C#N,0.26829478516522576,binned_cosine_1Da,77,False,predicted_spectrum,9036
CASMI2022,massformer,completed,126,126,303,CASMI_MOL_1196923,CASMI_MOL_670439,670439,c1ccc(CCN(Cc2cccnc2)Cc2ccoc2)cc1,0.26824249461976674,binned_cosine_1Da,78,False,predicted_spectrum,9036
CASMI2022,massformer,completed,126,126,303,CASMI_MOL_1196923,CASMI_MOL_673610,673610,C=CC=CC(=O)N1CCc2c([nH]c3ccccc23)C1CC=C,0.26811205738797317,binned_cosine_1Da,79,False,predicted_spectrum,9036
CASMI2022,massformer,completed,126,126,303,CASMI_MOL_1196923,CASMI_MOL_675675,675675,CCC(=O)C(C)(N)Cc1ccc(-c2ccc(C#N)cc2)cc1,0.26808818021072006,binned_cosine_1Da,80,False,predicted_spectrum,9036
CASMI2022,massformer,completed,126,126,303,CASMI_MOL_1196923,CASMI_MOL_669903,669903,CCC(c1ccccc1)N(CC#N)CC(=O)c1ccccc1,0.268054876845166,binned_cosine_1Da,81,False,predicted_spectrum,9036
CASMI2022,massformer,completed,126,126,303,CASMI_MOL_1196923,CASMI_MOL_669211,669211,NC(c1ccccc1)C(NCc1ccco1)c1ccccc1,0.2680097007993984,binned_cosine_1Da,82,False,predicted_spectrum,9036
CASMI2022,massformer,completed,126,126,303,CASMI_MOL_1196923,CASMI_MOL_669212,669212,NC(c1ccccc1)C(NCc1ccco1)c1ccccc1,0.2680097007993984,binned_cosine_1Da,83,False,predicted_spectrum,9036
CASMI2022,massformer,completed,126,126,303,CASMI_MOL_1196923,CASMI_MOL_677083,677083,N#CCN(Cc1ccccc1)C(=O)CCCc1ccccc1,0.26791490511924426,binned_cosine_1Da,84,False,predicted_spectrum,9036
CASMI2022,massformer,completed,126,126,303,CASMI_MOL_1196923,CASMI_MOL_669253,669253,CN(C)Cc1ccccc1CNC(=O)C#Cc1ccccc1,0.2678508833760262,binned_cosine_1Da,85,False,predicted_spectrum,9036
CASMI2022,massformer,completed,126,126,303,CASMI_MOL_1196923,CASMI_MOL_670471,670471,C#CCC(N)C(=O)N(Cc1ccccc1)Cc1ccccc1,0.26768588233882556,binned_cosine_1Da,86,False,predicted_spectrum,9036
CASMI2022,massformer,completed,126,126,303,CASMI_MOL_1196923,CASMI_MOL_675775,675775,O=C(C1=NCC1)N(CCc1ccccc1)Cc1ccccc1,0.26753968040085374,binned_cosine_1Da,87,False,predicted_spectrum,9036
CASMI2022,massformer,completed,126,126,303,CASMI_MOL_1196923,CASMI_MOL_670231,670231,O=C(NCC#Cc1ccccc1)NCCCc1ccccc1,0.26747933483086317,binned_cosine_1Da,88,False,predicted_spectrum,9036
CASMI2022,massformer,completed,126,126,303,CASMI_MOL_1196923,CASMI_MOL_675294,675294,Cc1cc(CNC(Cc2ccccc2)c2ccccc2)on1,0.26741421206359395,binned_cosine_1Da,89,False,predicted_spectrum,9036
CASMI2022,massformer,completed,126,126,303,CASMI_MOL_1196923,CASMI_MOL_675728,675728,N#CCCN(CCc1ccccc1)CC(=O)c1ccccc1,0.2673152823214756,binned_cosine_1Da,90,False,predicted_spectrum,9036
CASMI2022,massformer,completed,126,126,303,CASMI_MOL_1196923,CASMI_MOL_677099,677099,CCCN(Cc1ccc(C#N)cc1)C(=O)c1ccccc1C,0.2672745063366067,binned_cosine_1Da,91,False,predicted_spectrum,9036
CASMI2022,massformer,completed,126,126,303,CASMI_MOL_1196923,CASMI_MOL_674391,674391,C#CCC(CCc1ccccc1)NNC(=O)c1ccccc1,0.2671861593008712,binned_cosine_1Da,92,False,predicted_spectrum,9036
CASMI2022,massformer,completed,126,126,303,CASMI_MOL_1196923,CASMI_MOL_670029,670029,C=C=CC(CCc1ccccc1)NNC(=O)c1ccccc1,0.2670282872673303,binned_cosine_1Da,93,False,predicted_spectrum,9036
CASMI2022,massformer,completed,126,126,303,CASMI_MOL_1196923,CASMI_MOL_674392,674392,C=C=CC(CCc1ccccc1)NNC(=O)c1ccccc1,0.2670282872673303,binned_cosine_1Da,94,False,predicted_spectrum,9036
CASMI2022,massformer,completed,126,126,303,CASMI_MOL_1196923,CASMI_MOL_673495,673495,CC(NC(=O)C(C)(C#N)Cc1ccccc1)c1ccccc1,0.2669753862918464,binned_cosine_1Da,95,False,predicted_spectrum,9036
CASMI2022,massformer,completed,126,126,303,CASMI_MOL_1196923,CASMI_MOL_675521,675521,C=CC1CN(Cc2ccccc2)C(=O)N1Cc1ccccc1,0.2665288758096437,binned_cosine_1Da,96,False,predicted_spectrum,9036
CASMI2022,massformer,completed,126,126,303,CASMI_MOL_1196923,CASMI_MOL_674199,674199,CN(C)c1ccccc1C#CCNC(=O)Cc1ccccc1,0.26622479557471757,binned_cosine_1Da,97,False,predicted_spectrum,9036
CASMI2022,massformer,completed,126,126,303,CASMI_MOL_1196923,CASMI_MOL_669587,669587,CN=CC(Cc1ccccc1)=NC(=O)CCc1ccccc1,0.2661509400656269,binned_cosine_1Da,98,False,predicted_spectrum,9036
CASMI2022,massformer,completed,126,126,303,CASMI_MOL_1196923,CASMI_MOL_669787,669787,NC(Cc1ccccc1)Cc1ocnc1Cc1ccccc1,0.2660648375656749,binned_cosine_1Da,99,False,predicted_spectrum,9036
CASMI2022,massformer,completed,126,126,303,CASMI_MOL_1196923,CASMI_MOL_669301,669301,CN(C)C=C(C(=O)c1ccccc1)N1Cc2ccccc2C1,0.265910234137788,binned_cosine_1Da,100,False,predicted_spectrum,9036
CASMI2022,massformer,completed,126,126,303,CASMI_MOL_1196923,CASMI_MOL_1196923,1196923,CC(=O)NCCc1c(Cc2ccccc2)[nH]c2ccccc12,0.14966002807506334,binned_cosine_1Da,735,True,predicted_spectrum,9036
CASMI2022,massformer,completed,127,127,306,CASMI_MOL_1196924,CASMI_MOL_678474,678474,CCCCCC(CCCCC(=O)Oc1ccc2c(c1)CCC1C2CCC2(C)C(O)CCC12)C(=O)O,0.8514502893842354,binned_cosine_1Da,1,False,predicted_spectrum,1657
CASMI2022,massformer,completed,127,127,306,CASMI_MOL_1196924,CASMI_MOL_678449,678449,C=C(C)C(=O)OCCOc1ccc(C(=O)O)c(C2CCC(C3CCC(CCCCC)CC3)CC2)c1,0.8491117789001981,binned_cosine_1Da,2,False,predicted_spectrum,1657
CASMI2022,massformer,completed,127,127,306,CASMI_MOL_1196924,CASMI_MOL_678340,678340,C=C(C=CC(=O)C(C)(C)C(=O)OCCC)C1CCC2C(=CC=C3CC(O)CC(O)C3)CCCC12C,0.8458457948399772,binned_cosine_1Da,3,False,predicted_spectrum,1657
CASMI2022,massformer,completed,127,127,306,CASMI_MOL_1196924,CASMI_MOL_678664,678664,C=C(C=CC(=O)C(C)(C)C(=O)OCCC)C1CCC2C(=CC=C3CC(O)CC(O)C3)CCCC12C,0.8458457948399772,binned_cosine_1Da,4,False,predicted_spectrum,1657
CASMI2022,massformer,completed,127,127,306,CASMI_MOL_1196924,CASMI_MOL_678550,678550,CCC(CC(C)(C)C(=O)OC1(C)C2CC3CC(C2)CC1C3)C(=O)OC12CC3CC(C1)C(=O)C(C3)C2,0.8451525805040786,binned_cosine_1Da,5,False,predicted_spectrum,1657
CASMI2022,massformer,completed,127,127,306,CASMI_MOL_1196924,CASMI_MOL_678175,678175,CC(=CCCC(C)=CCc1cc(OC2CCCCO2)c(C)c(C)c1O)CCC=C(C)CCC(=O)O,0.8449127636644502,binned_cosine_1Da,6,False,predicted_spectrum,1657
CASMI2022,massformer,completed,127,127,306,CASMI_MOL_1196924,CASMI_MOL_678886,678886,CC(=CCCC(C)=CCc1cc(OC2CCCCO2)c(C)c(C)c1O)CCC=C(C)CCC(=O)O,0.8449127636644502,binned_cosine_1Da,7,False,predicted_spectrum,1657
CASMI2022,massformer,completed,127,127,306,CASMI_MOL_1196924,CASMI_MOL_678344,678344,C=C(C=CC(=O)C(C)(C)C(=O)OC(C)C)C1CCC2C(=CC=C3CC(O)CC(O)C3)CCCC12C,0.8430355791639206,binned_cosine_1Da,8,False,predicted_spectrum,1657
CASMI2022,massformer,completed,127,127,306,CASMI_MOL_1196924,CASMI_MOL_677819,677819,CCCCCC(O)CCC1C(O)CC2Cc3c(cccc3OCC(=O)OC3CC4CCC3C4)CC21,0.8392166661216887,binned_cosine_1Da,9,False,predicted_spectrum,1657
CASMI2022,massformer,completed,127,127,306,CASMI_MOL_1196924,CASMI_MOL_677820,677820,CCCCCC(O)CCC1C(O)CC2Cc3c(cccc3OCC(=O)OC3CC4CCC3C4)CC21,0.8392166661216887,binned_cosine_1Da,10,False,predicted_spectrum,1657
CASMI2022,massformer,completed,127,127,306,CASMI_MOL_1196924,CASMI_MOL_677821,677821,CCCCCC(O)CCC1C(O)CC2Cc3c(cccc3OCC(=O)OC3CC4CCC3C4)CC21,0.8392166661216887,binned_cosine_1Da,11,False,predicted_spectrum,1657
CASMI2022,massformer,completed,127,127,306,CASMI_MOL_1196924,CASMI_MOL_678117,678117,CCCCCC(O)CCC1C(O)CC2Cc3c(cccc3OCC(=O)OC3CC4CCC3C4)CC21,0.8392166661216887,binned_cosine_1Da,12,False,predicted_spectrum,1657
CASMI2022,massformer,completed,127,127,306,CASMI_MOL_1196924,CASMI_MOL_678118,678118,CCCCCC(O)CCC1C(O)CC2Cc3c(cccc3OCC(=O)OC3CC4CCC3C4)CC21,0.8392166661216887,binned_cosine_1Da,13,False,predicted_spectrum,1657
CASMI2022,massformer,completed,127,127,306,CASMI_MOL_1196924,CASMI_MOL_678119,678119,CCCCCC(O)CCC1C(O)CC2Cc3c(cccc3OCC(=O)OC3CC4CCC3C4)CC21,0.8392166661216887,binned_cosine_1Da,14,False,predicted_spectrum,1657
CASMI2022,massformer,completed,127,127,306,CASMI_MOL_1196924,CASMI_MOL_678120,678120,CCCCCC(O)CCC1C(O)CC2Cc3c(cccc3OCC(=O)OC3CC4CCC3C4)CC21,0.8392166661216887,binned_cosine_1Da,15,False,predicted_spectrum,1657
CASMI2022,massformer,completed,127,127,306,CASMI_MOL_1196924,CASMI_MOL_678121,678121,CCCCCC(O)CCC1C(O)CC2Cc3c(cccc3OCC(=O)OC3CC4CCC3C4)CC21,0.8392166661216887,binned_cosine_1Da,16,False,predicted_spectrum,1657
CASMI2022,massformer,completed,127,127,306,CASMI_MOL_1196924,CASMI_MOL_678289,678289,CCCCCC(O)CCC1C(O)CC2Cc3c(cccc3OCC(=O)OC3CC4CCC3C4)CC21,0.8392166661216887,binned_cosine_1Da,17,False,predicted_spectrum,1657
CASMI2022,massformer,completed,127,127,306,CASMI_MOL_1196924,CASMI_MOL_678290,678290,CCCCCC(O)CCC1C(O)CC2Cc3c(cccc3OCC(=O)OC3CC4CCC3C4)CC21,0.8392166661216887,binned_cosine_1Da,18,False,predicted_spectrum,1657
CASMI2022,massformer,completed,127,127,306,CASMI_MOL_1196924,CASMI_MOL_678291,678291,CCCCCC(O)CCC1C(O)CC2Cc3c(cccc3OCC(=O)OC3CC4CCC3C4)CC21,0.8392166661216887,binned_cosine_1Da,19,False,predicted_spectrum,1657
CASMI2022,massformer,completed,127,127,306,CASMI_MOL_1196924,CASMI_MOL_678292,678292,CCCCCC(O)CCC1C(O)CC2Cc3c(cccc3OCC(=O)OC3CC4CCC3C4)CC21,0.8392166661216887,binned_cosine_1Da,20,False,predicted_spectrum,1657
CASMI2022,massformer,completed,127,127,306,CASMI_MOL_1196924,CASMI_MOL_678293,678293,CCCCCC(O)CCC1C(O)CC2Cc3c(cccc3OCC(=O)OC3CC4CCC3C4)CC21,0.8392166661216887,binned_cosine_1Da,21,False,predicted_spectrum,1657
CASMI2022,massformer,completed,127,127,306,CASMI_MOL_1196924,CASMI_MOL_678294,678294,CCCCCC(O)CCC1C(O)CC2Cc3c(cccc3OCC(=O)OC3CC4CCC3C4)CC21,0.8392166661216887,binned_cosine_1Da,22,False,predicted_spectrum,1657
CASMI2022,massformer,completed,127,127,306,CASMI_MOL_1196924,CASMI_MOL_678345,678345,C=C1C(=CC=C2CCCC3(C)C2CCC3C(C)C=CC(=O)C(C)(C)C(=O)OCC)CC(O)CC1O,0.838930946650229,binned_cosine_1Da,23,False,predicted_spectrum,1657
CASMI2022,massformer,completed,127,127,306,CASMI_MOL_1196924,CASMI_MOL_678626,678626,C=C1C(=CC=C2CCCC3(C)C2CCC3C(C)C=CC(=O)C(C)(C)C(=O)OCC)CC(O)CC1O,0.838930946650229,binned_cosine_1Da,24,False,predicted_spectrum,1657
CASMI2022,massformer,completed,127,127,306,CASMI_MOL_1196924,CASMI_MOL_678314,678314,C=C1C(=CC=C2CCCC3(C)C(CCCCC(C)(C)O)=CCC23)CC(OC(C)=O)CC1OC(C)=O,0.8375134856767394,binned_cosine_1Da,25,False,predicted_spectrum,1657
CASMI2022,massformer,completed,127,127,306,CASMI_MOL_1196924,CASMI_MOL_678112,678112,CCCCCC(O)CCC1c2c(cccc2OCC(=O)OC2CC3CCC2C3)CC2CC(O)CC21,0.836850805294437,binned_cosine_1Da,26,False,predicted_spectrum,1657
CASMI2022,massformer,completed,127,127,306,CASMI_MOL_1196924,CASMI_MOL_677882,677882,CC(=O)OC1CCC2C3=C(C(CCCCCCCCCC(=O)O)CC12C)C1CCC(=O)C=C1CC3,0.8362667797187778,binned_cosine_1Da,27,False,predicted_spectrum,1657
CASMI2022,massformer,completed,127,127,306,CASMI_MOL_1196924,CASMI_MOL_678438,678438,CCC1CC2C3CC=C4CC(=O)CCC4C3CCC2(C)C1OC(=O)COC(=O)CC1CCCCC1,0.8356783269542429,binned_cosine_1Da,28,False,predicted_spectrum,1657
CASMI2022,massformer,completed,127,127,306,CASMI_MOL_1196924,CASMI_MOL_677559,677559,COc1cc(C=CC(=O)OCCC(C)CCC2C(C)=CCC3C(C)(C)CC(O)CC23C)ccc1O,0.8353445364002583,binned_cosine_1Da,29,False,predicted_spectrum,1657
CASMI2022,massformer,completed,127,127,306,CASMI_MOL_1196924,CASMI_MOL_677560,677560,COc1cc(C=CC(=O)OCCC(C)CCC2C(C)=CCC3C(C)(C)CC(O)CC23C)ccc1O,0.8353445364002583,binned_cosine_1Da,30,False,predicted_spectrum,1657
CASMI2022,massformer,completed,127,127,306,CASMI_MOL_1196924,CASMI_MOL_678786,678786,CC(=O)OC1CCC2C3C(CCCCCO)Cc4cc(OC5CCCCO5)ccc4C3CCC12C,0.8346376955767092,binned_cosine_1Da,31,False,predicted_spectrum,1657
CASMI2022,massformer,completed,127,127,306,CASMI_MOL_1196924,CASMI_MOL_678341,678341,C=C1C(=CC=C2CCCC3(C)C(C(=C)C=CC(O)C(C)(C)C(=O)OCC)CCC23)CC(O)CC1O,0.8341189790252533,binned_cosine_1Da,32,False,predicted_spectrum,1657
CASMI2022,massformer,completed,127,127,306,CASMI_MOL_1196924,CASMI_MOL_678343,678343,C=C1C(=CC=C2CCCC3(C)C(C(=C)C=CC(O)C(C)(C)C(=O)OCC)CCC23)CC(O)CC1O,0.8341189790252533,binned_cosine_1Da,33,False,predicted_spectrum,1657
CASMI2022,massformer,completed,127,127,306,CASMI_MOL_1196924,CASMI_MOL_678620,678620,C=C1C(=CC=C2CCCC3(C)C(C(=C)C=CC(O)C(C)(C)C(=O)OCC)CCC23)CC(O)CC1O,0.8341189790252533,binned_cosine_1Da,34,False,predicted_spectrum,1657
CASMI2022,massformer,completed,127,127,306,CASMI_MOL_1196924,CASMI_MOL_678623,678623,C=C1C(=CC=C2CCCC3(C)C(C(=C)C=CC(O)C(C)(C)C(=O)OCC)CCC23)CC(O)CC1O,0.8341189790252533,binned_cosine_1Da,35,False,predicted_spectrum,1657
CASMI2022,massformer,completed,127,127,306,CASMI_MOL_1196924,CASMI_MOL_678600,678600,CCC(C)C(=O)OC1CC2CC1C1C3CC(CC3C(=O)OCOCC34CC5CC(CC(C5)C3)C4)C21,0.8340374396390655,binned_cosine_1Da,36,False,predicted_spectrum,1657
CASMI2022,massformer,completed,127,127,306,CASMI_MOL_1196924,CASMI_MOL_677793,677793,C=C(C=CC(C)C1CCC2C3C(=O)C4OC45CC(O)CCC5(COC(C)=O)C3CCC12C)C(C)C,0.8318268638680592,binned_cosine_1Da,37,False,predicted_spectrum,1657
CASMI2022,massformer,completed,127,127,306,CASMI_MOL_1196924,CASMI_MOL_678689,678689,CC(=O)OCC1CC2C(CC=C3CC(=O)C=CC32C)C2CCC(C(C)CCCC(C)C(=O)O)C12C,0.8315653525479354,binned_cosine_1Da,38,False,predicted_spectrum,1657
CASMI2022,massformer,completed,127,127,306,CASMI_MOL_1196924,CASMI_MOL_678479,678479,CCCCCC(=O)Oc1cc2c(cc1OC(=O)CCCCC)C1CCC3(C)CC(O)CC3C1CC2,0.8309529619769328,binned_cosine_1Da,39,False,predicted_spectrum,1657
CASMI2022,massformer,completed,127,127,306,CASMI_MOL_1196924,CASMI_MOL_678009,678009,C=C(CO)C(=O)OCCc1ccc(OC(=O)C2CCC(C3CCC(CCCCC)CC3)CC2)cc1,0.8309137805071383,binned_cosine_1Da,40,False,predicted_spectrum,1657
CASMI2022,massformer,completed,127,127,306,CASMI_MOL_1196924,CASMI_MOL_678162,678162,CC(=CCCC(C)C(=O)CCC1(C)C(=O)C(C)=CC2C1CCC1C(C)(C)C(=O)CCC21C)C(=O)O,0.8305767158385574,binned_cosine_1Da,41,False,predicted_spectrum,1657
CASMI2022,massformer,completed,127,127,306,CASMI_MOL_1196924,CASMI_MOL_677897,677897,C=C(C)COC1CCC2C(=O)C(C)=C(C3CCCCC3)OC2C1C(=O)C=CC1CCCC(OC)C1,0.8297470452297838,binned_cosine_1Da,42,False,predicted_spectrum,1657
CASMI2022,massformer,completed,127,127,306,CASMI_MOL_1196924,CASMI_MOL_678356,678356,C=C1C(=CC=C2CCCC3(C)C(C(C)OCC(=O)OC4(CC)CCCC4)=CCC23)CC(O)CC1O,0.8295838105951158,binned_cosine_1Da,43,False,predicted_spectrum,1657
CASMI2022,massformer,completed,127,127,306,CASMI_MOL_1196924,CASMI_MOL_678357,678357,C=C1C(=CC=C2CCCC3(C)C(C(C)OCC(=O)OC4(CC)CCCC4)=CCC23)CC(O)CC1O,0.8295838105951158,binned_cosine_1Da,44,False,predicted_spectrum,1657
CASMI2022,massformer,completed,127,127,306,CASMI_MOL_1196924,CASMI_MOL_678803,678803,COC(=O)C1CCC2(C)C(=O)C(C3CCC(C(C)C=CC(C)C(C)C)C3(C)CC=O)=CC3OC32C1,0.8291334691078762,binned_cosine_1Da,45,False,predicted_spectrum,1657
CASMI2022,massformer,completed,127,127,306,CASMI_MOL_1196924,CASMI_MOL_678789,678789,CC(=O)CCCC(C)C1CCC2C3=CC=C4CC(OC(C)=O)CC(OC(C)=O)C4(C)C3CCC21C,0.8281664353418371,binned_cosine_1Da,46,False,predicted_spectrum,1657
CASMI2022,massformer,completed,127,127,306,CASMI_MOL_1196924,CASMI_MOL_678824,678824,CC(=O)OCCCCCCCCC1=C2C3=C(CCC2C2CCC(OC(C)=O)C2(C)C1)CC(=O)CC3,0.8278474568993204,binned_cosine_1Da,47,False,predicted_spectrum,1657
CASMI2022,massformer,completed,127,127,306,CASMI_MOL_1196924,CASMI_MOL_678171,678171,O=C(CC12CC3CC(CC(C3)C1)C2)OCCCCCCCCCCCOc1ccc(C(=O)O)cc1,0.827201459574296,binned_cosine_1Da,48,False,predicted_spectrum,1657
CASMI2022,massformer,completed,127,127,306,CASMI_MOL_1196924,CASMI_MOL_677535,677535,CC(=O)OC(CC1(C)OC1(C)C)C(C)C1CCC2C3C(O)CC4=CC(=O)C=CC4(C)C3CCC12C,0.8270521361106087,binned_cosine_1Da,49,False,predicted_spectrum,1657
CASMI2022,massformer,completed,127,127,306,CASMI_MOL_1196924,CASMI_MOL_677654,677654,CC(=O)OC(CC1(C)OC1(C)C)C(C)C1CCC2C3C(O)C=C4CC(=O)C=CC4(C)C3CCC12C,0.8270521361106087,binned_cosine_1Da,50,False,predicted_spectrum,1657
CASMI2022,massformer,completed,127,127,306,CASMI_MOL_1196924,CASMI_MOL_678210,678210,CC(=O)OC(CC1(C)OC1(C)C)C(C)C1CCC2C3C(O)CC4=CC(=O)C=CC4(C)C3CCC12C,0.8270521361106087,binned_cosine_1Da,51,False,predicted_spectrum,1657
CASMI2022,massformer,completed,127,127,306,CASMI_MOL_1196924,CASMI_MOL_678825,678825,CC(=O)OC(CC1(C)OC1(C)C)C(C)C1CCC2C3C(O)CC4=CC(=O)C=CC4(C)C3CCC12C,0.8270521361106087,binned_cosine_1Da,52,False,predicted_spectrum,1657
CASMI2022,massformer,completed,127,127,306,CASMI_MOL_1196924,CASMI_MOL_678967,678967,CC(=O)OC(CC1(C)OC1(C)C)C(C)C1CCC2C3C(O)CC4=CC(=O)C=CC4(C)C3CCC12C,0.8270521361106087,binned_cosine_1Da,53,False,predicted_spectrum,1657
CASMI2022,massformer,completed,127,127,306,CASMI_MOL_1196924,CASMI_MOL_679016,679016,CC(=O)OC(CC1(C)OC1(C)C)C(C)C1CCC2C3C(O)CC4=CC(=O)C=CC4(C)C3CCC12C,0.8270521361106087,binned_cosine_1Da,54,False,predicted_spectrum,1657
CASMI2022,massformer,completed,127,127,306,CASMI_MOL_1196924,CASMI_MOL_678354,678354,C=C1C(=CC=C2CCCC3(C)C(C(C)OCC(=O)OC4(C)CCCCC4)=CCC23)CC(O)CC1O,0.8264860778210841,binned_cosine_1Da,55,False,predicted_spectrum,1657
CASMI2022,massformer,completed,127,127,306,CASMI_MOL_1196924,CASMI_MOL_678355,678355,C=C1C(=CC=C2CCCC3(C)C(C(C)OCC(=O)OC4(C)CCCCC4)=CCC23)CC(O)CC1O,0.8264860778210841,binned_cosine_1Da,56,False,predicted_spectrum,1657
CASMI2022,massformer,completed,127,127,306,CASMI_MOL_1196924,CASMI_MOL_678125,678125,CCC(C)(C)C(=O)OC12CC3CC(C(=O)OC(C)(C)C45CC6CC(CC(C6)C4)C5)(CC(C1)C3=O)C2,0.8257253003382788,binned_cosine_1Da,57,False,predicted_spectrum,1657
CASMI2022,massformer,completed,127,127,306,CASMI_MOL_1196924,CASMI_MOL_677453,677453,COC(=O)C(C)C(C)CC1OC2(OC)CC3C4CC=C5CC(=O)C=CC5(C)C4CCC3(C)C2C1C,0.8252528997744092,binned_cosine_1Da,58,False,predicted_spectrum,1657
CASMI2022,massformer,completed,127,127,306,CASMI_MOL_1196924,CASMI_MOL_677454,677454,COC(=O)C(C)C(C)CC1OC2(OC)CC3C4CC=C5CC(=O)C=CC5(C)C4CCC3(C)C2C1C,0.8252528997744092,binned_cosine_1Da,59,False,predicted_spectrum,1657
CASMI2022,massformer,completed,127,127,306,CASMI_MOL_1196924,CASMI_MOL_678339,678339,C=C1C(=CC=C2CCCC3(C)C2CCC3C2(C=CC(O)C(C)(C)C(=O)OC)CC2)CC(O)CC1O,0.8251162597877609,binned_cosine_1Da,60,False,predicted_spectrum,1657
CASMI2022,massformer,completed,127,127,306,CASMI_MOL_1196924,CASMI_MOL_678342,678342,C=C1C(=CC=C2CCCC3(C)C2CCC3C2(C=CC(O)C(C)(C)C(=O)OC)CC2)CC(O)CC1O,0.8251162597877609,binned_cosine_1Da,61,False,predicted_spectrum,1657
CASMI2022,massformer,completed,127,127,306,CASMI_MOL_1196924,CASMI_MOL_678613,678613,C=C1C(=CC=C2CCCC3(C)C2CCC3C2(C=CC(O)C(C)(C)C(=O)OC)CC2)CC(O)CC1O,0.8251162597877609,binned_cosine_1Da,62,False,predicted_spectrum,1657
CASMI2022,massformer,completed,127,127,306,CASMI_MOL_1196924,CASMI_MOL_678619,678619,C=C1C(=CC=C2CCCC3(C)C2CCC3C2(C=CC(O)C(C)(C)C(=O)OC)CC2)CC(O)CC1O,0.8251162597877609,binned_cosine_1Da,63,False,predicted_spectrum,1657
CASMI2022,massformer,completed,127,127,306,CASMI_MOL_1196924,CASMI_MOL_678497,678497,C=CCOC(=O)C(CC1C(CC)C(CC)C2C3CC=C4CC(=O)CCC4(C)C3CCC12C)C(=O)O,0.8250841722448248,binned_cosine_1Da,64,False,predicted_spectrum,1657
CASMI2022,massformer,completed,127,127,306,CASMI_MOL_1196924,CASMI_MOL_678437,678437,CCC1CC2C3CC=C4CC(=O)CCC4C3CCC2(C)C1OC(=O)C(OC(C)=O)C1CCCCC1,0.8247324112030993,binned_cosine_1Da,65,False,predicted_spectrum,1657
CASMI2022,massformer,completed,127,127,306,CASMI_MOL_1196924,CASMI_MOL_677596,677596,CC(=O)C(CCC1(C)C(=O)C=C2C1CCC1C(C)(C)C(=O)CCC21C)C(C)CC=CC(C)C(=O)O,0.8246081001719904,binned_cosine_1Da,66,False,predicted_spectrum,1657
CASMI2022,massformer,completed,127,127,306,CASMI_MOL_1196924,CASMI_MOL_677597,677597,CC(=O)C(CCC1(C)C(=O)C=C2C1CCC1C(C)(C)C(=O)CCC21C)C(C)CC=CC(C)C(=O)O,0.8246081001719904,binned_cosine_1Da,67,False,predicted_spectrum,1657
CASMI2022,massformer,completed,127,127,306,CASMI_MOL_1196924,CASMI_MOL_677598,677598,CC(=O)C(CCC1(C)C(=O)C=C2C1CCC1C(C)(C)C(=O)CCC21C)C(C)CC=CC(C)C(=O)O,0.8246081001719904,binned_cosine_1Da,68,False,predicted_spectrum,1657
CASMI2022,massformer,completed,127,127,306,CASMI_MOL_1196924,CASMI_MOL_678161,678161,CC(=O)C(CCC1(C)C(=O)C=C2C1CCC1C(C)(C)C(=O)CCC21C)C(C)CC=CC(C)C(=O)O,0.8246081001719904,binned_cosine_1Da,69,False,predicted_spectrum,1657
CASMI2022,massformer,completed,127,127,306,CASMI_MOL_1196924,CASMI_MOL_677796,677796,C=C(C)C1C=CC2=C3CCC(C)(C(C)CC(=O)CC(C)C(=O)O)C3(C)CCC2C1(C)CCC(=O)O,0.8237915678533292,binned_cosine_1Da,70,False,predicted_spectrum,1657
CASMI2022,massformer,completed,127,127,306,CASMI_MOL_1196924,CASMI_MOL_677436,677436,C=C(C)C1CC=C2CC3(CC2C1(C)CCC(=O)O)C(=C)CCC3(C)C(C)CC(=O)CC(C)C(=O)O,0.8237722340344744,binned_cosine_1Da,71,False,predicted_spectrum,1657
CASMI2022,massformer,completed,127,127,306,CASMI_MOL_1196924,CASMI_MOL_677551,677551,C=C(C)C1CC=C2CC3(CC2C1(C)CCC(=O)O)C(=C)CCC3(C)C(C)CC(=O)CC(C)C(=O)O,0.8237722340344744,binned_cosine_1Da,72,False,predicted_spectrum,1657
CASMI2022,massformer,completed,127,127,306,CASMI_MOL_1196924,CASMI_MOL_678170,678170,C=C(C)C1CC=C2C(CCC3(C)C2CCC3(C)C(C)=CC(=O)CC(C)C(=O)O)C1(C)CCC(=O)O,0.8236360255352133,binned_cosine_1Da,73,False,predicted_spectrum,1657
CASMI2022,massformer,completed,127,127,306,CASMI_MOL_1196924,CASMI_MOL_678315,678315,C=C1C(=CC=C2CCCC3(C)C2CCC3C2(CC(C)(C)O)CC2)CC(OC(C)=O)CC1OC(C)=O,0.8232267010473295,binned_cosine_1Da,74,False,predicted_spectrum,1657
CASMI2022,massformer,completed,127,127,306,CASMI_MOL_1196924,CASMI_MOL_678645,678645,C=C1CCC2C(C)(CCC=C(C)C)C(OC(=O)CC)CCC2(C)C1Cc1c(O)c(C)c(C)oc1=O,0.822448140754476,binned_cosine_1Da,75,False,predicted_spectrum,1657
CASMI2022,massformer,completed,127,127,306,CASMI_MOL_1196924,CASMI_MOL_677570,677570,CC(=O)OC1CCC2(C)C(=O)C(C3CCC(C(C)C=CC(C)C(C)C)C3(C)CC=O)=CC3OC32C1,0.8223770147005733,binned_cosine_1Da,76,False,predicted_spectrum,1657
CASMI2022,massformer,completed,127,127,306,CASMI_MOL_1196924,CASMI_MOL_677571,677571,CC(=O)OC1CCC2(C)C(=O)C(C3CCC(C(C)C=CC(C)C(C)C)C3(C)CC=O)=CC3OC32C1,0.8223770147005733,binned_cosine_1Da,77,False,predicted_spectrum,1657
CASMI2022,massformer,completed,127,127,306,CASMI_MOL_1196924,CASMI_MOL_677620,677620,CC(=O)OC1CCC2(C)C(=O)C(C3CCC(C(C)C=CC(C)C(C)C)C3(C)CC=O)=CC3OC32C1,0.8223770147005733,binned_cosine_1Da,78,False,predicted_spectrum,1657
CASMI2022,massformer,completed,127,127,306,CASMI_MOL_1196924,CASMI_MOL_678939,678939,CC(=O)OC1CCC2(C)C(=O)C(C3CCC(C(C)C=CC(C)C(C)C)C3(C)CC=O)=CC3OC32C1,0.8223770147005733,binned_cosine_1Da,79,False,predicted_spectrum,1657
CASMI2022,massformer,completed,127,127,306,CASMI_MOL_1196924,CASMI_MOL_677510,677510,CC1(C)OC1C(=O)CC(C(=O)O)C1CCC2(C)C3=CCC4C(C)(C)C(=O)CCC4(C)C3CCC12C,0.8214354334757561,binned_cosine_1Da,80,False,predicted_spectrum,1657
CASMI2022,massformer,completed,127,127,306,CASMI_MOL_1196924,CASMI_MOL_677664,677664,CC1(C)OC1C(=O)CC(C(=O)O)C1CCC2(C)C3=CCC4C(C)(C)C(=O)CCC4(C)C3CCC12C,0.8214354334757561,binned_cosine_1Da,81,False,predicted_spectrum,1657
CASMI2022,massformer,completed,127,127,306,CASMI_MOL_1196924,CASMI_MOL_678400,678400,CC1(C)OC1C(=O)CC(C(=O)O)C1CCC2(C)C3=CCC4C(C)(C)C(=O)CCC4(C)C3CCC12C,0.8214354334757561,binned_cosine_1Da,82,False,predicted_spectrum,1657
CASMI2022,massformer,completed,127,127,306,CASMI_MOL_1196924,CASMI_MOL_678633,678633,CC1(C)OC1C(=O)CC(C(=O)O)C1CCC2(C)C3=CCC4C(C)(C)C(=O)CCC4(C)C3CCC12C,0.8214354334757561,binned_cosine_1Da,83,False,predicted_spectrum,1657
CASMI2022,massformer,completed,127,127,306,CASMI_MOL_1196924,CASMI_MOL_678639,678639,CC1(C)OC1C(=O)CC(C(=O)O)C1CCC2(C)C3=CCC4C(C)(C)C(=O)CCC4(C)C3CCC12C,0.8214354334757561,binned_cosine_1Da,84,False,predicted_spectrum,1657
CASMI2022,massformer,completed,127,127,306,CASMI_MOL_1196924,CASMI_MOL_678212,678212,C=C(C)C(O)CCC(C(=O)O)C1CCC2(C)C3CCC4C(C)(C)C(=O)C=CC45CC35CC(O)C12C,0.8210691260268328,binned_cosine_1Da,85,False,predicted_spectrum,1657
CASMI2022,massformer,completed,127,127,306,CASMI_MOL_1196924,CASMI_MOL_677646,677646,CCCCCC(=O)OC1(C(C)=O)CCC2C3C=C(C)C4=CC(OC(C)=O)CCC4(C)C3CCC21C,0.8208028196142965,binned_cosine_1Da,86,False,predicted_spectrum,1657
CASMI2022,massformer,completed,127,127,306,CASMI_MOL_1196924,CASMI_MOL_677647,677647,CCCCCC(=O)OC1(C(C)=O)CCC2C3C=C(C)C4=CC(OC(C)=O)CCC4(C)C3CCC21C,0.8208028196142965,binned_cosine_1Da,87,False,predicted_spectrum,1657
CASMI2022,massformer,completed,127,127,306,CASMI_MOL_1196924,CASMI_MOL_677680,677680,CCCCCC(=O)OC1(C(C)=O)CCC2C3C=C(C)C4=CC(OC(C)=O)CCC4(C)C3CCC21C,0.8208028196142965,binned_cosine_1Da,88,False,predicted_spectrum,1657
CASMI2022,massformer,completed,127,127,306,CASMI_MOL_1196924,CASMI_MOL_677681,677681,CCCCCC(=O)OC1(C(C)=O)CCC2C3C=C(C)C4=CC(OC(C)=O)CCC4(C)C3CCC21C,0.8208028196142965,binned_cosine_1Da,89,False,predicted_spectrum,1657
CASMI2022,massformer,completed,127,127,306,CASMI_MOL_1196924,CASMI_MOL_678050,678050,CCCCCC(=O)OC1(C(C)=O)CCC2C3C=C(C)C4=CC(OC(C)=O)CCC4(C)C3CCC21C,0.8208028196142965,binned_cosine_1Da,90,False,predicted_spectrum,1657
CASMI2022,massformer,completed,127,127,306,CASMI_MOL_1196924,CASMI_MOL_678051,678051,CCCCCC(=O)OC1(C(C)=O)CCC2C3C=C(C)C4=CC(OC(C)=O)CCC4(C)C3CCC21C,0.8208028196142965,binned_cosine_1Da,91,False,predicted_spectrum,1657
CASMI2022,massformer,completed,127,127,306,CASMI_MOL_1196924,CASMI_MOL_678052,678052,CCCCCC(=O)OC1(C(C)=O)CCC2C3C=C(C)C4=CC(OC(C)=O)CCC4(C)C3CCC21C,0.8208028196142965,binned_cosine_1Da,92,False,predicted_spectrum,1657
CASMI2022,massformer,completed,127,127,306,CASMI_MOL_1196924,CASMI_MOL_678221,678221,CCCCCC(=O)OC1(C(C)=O)CCC2C3C=C(C)C4=CC(OC(C)=O)CCC4(C)C3CCC21C,0.8208028196142965,binned_cosine_1Da,93,False,predicted_spectrum,1657
CASMI2022,massformer,completed,127,127,306,CASMI_MOL_1196924,CASMI_MOL_678222,678222,CCCCCC(=O)OC1(C(C)=O)CCC2C3C=C(C)C4=CC(OC(C)=O)CCC4(C)C3CCC21C,0.8208028196142965,binned_cosine_1Da,94,False,predicted_spectrum,1657
CASMI2022,massformer,completed,127,127,306,CASMI_MOL_1196924,CASMI_MOL_678756,678756,CCCCCC(=O)OC1(C(C)=O)CCC2C3C=C(C)C4=CC(OC(C)=O)CCC4(C)C3CCC21C,0.8208028196142965,binned_cosine_1Da,95,False,predicted_spectrum,1657
CASMI2022,massformer,completed,127,127,306,CASMI_MOL_1196924,CASMI_MOL_678883,678883,CCCCCC(=O)OC1(C(C)=O)CCC2C3C=C(C)C4=CC(OC(C)=O)CCC4(C)C3CCC21C,0.8208028196142965,binned_cosine_1Da,96,False,predicted_spectrum,1657
CASMI2022,massformer,completed,127,127,306,CASMI_MOL_1196924,CASMI_MOL_678995,678995,CCCCCC(=O)OC1(C(C)=O)CCC2C3C=C(C)C4=CC(OC(C)=O)CCC4(C)C3CCC21C,0.8208028196142965,binned_cosine_1Da,97,False,predicted_spectrum,1657
CASMI2022,massformer,completed,127,127,306,CASMI_MOL_1196924,CASMI_MOL_678637,678637,CC(=O)OC(C(=O)OCCC1CC2C3CC=C4CC(=O)CCC4C3CCC2(C)C1)C1CCCCC1,0.8207288341081218,binned_cosine_1Da,98,False,predicted_spectrum,1657
CASMI2022,massformer,completed,127,127,306,CASMI_MOL_1196924,CASMI_MOL_678910,678910,CC(C)=CCCC(C(=O)O)C1CCC2(C=O)C3CCC4C(=CC3=CCC12C)CC(O)C(O)C4(C)C,0.8204638277304157,binned_cosine_1Da,99,False,predicted_spectrum,1657
CASMI2022,massformer,completed,127,127,306,CASMI_MOL_1196924,CASMI_MOL_677725,677725,CCC(CC(CC(C)C(=O)OC1CC2CC1C1CCCC21)c1ccc(O)cc1)C(=O)OC(C)(C)C,0.8203532971670932,binned_cosine_1Da,100,False,predicted_spectrum,1657
CASMI2022,massformer,completed,127,127,306,CASMI_MOL_1196924,CASMI_MOL_1196924,1196924,C=C(C)C1CCC2(C(=O)O)CCC3(C)C(CC4OC(=O)CC(O)C5(C)C(C(=C)C)CCC3(C)C45)C12,0.8169501266848794,binned_cosine_1Da,131,True,predicted_spectrum,1657
CASMI2022,massformer,completed,128,128,307,CASMI_MOL_1196925,CASMI_MOL_686388,686388,CC(C)(C)C(=O)OC(=O)Cc1ccc([N+](=O)[O-])cc1,0.6644563759097,binned_cosine_1Da,1,False,predicted_spectrum,9700
CASMI2022,massformer,completed,128,128,307,CASMI_MOL_1196925,CASMI_MOL_686496,686496,[CH]C1OC(CO)C(O)C1NC(=O)c1ccccc1O,0.6442311970040229,binned_cosine_1Da,2,False,predicted_spectrum,9700
CASMI2022,massformer,completed,128,128,307,CASMI_MOL_1196925,CASMI_MOL_683802,683802,O=C(CCC(=O)c1ccco1)OC(=O)C1CCCN1,0.6348284182664732,binned_cosine_1Da,3,False,predicted_spectrum,9700
CASMI2022,massformer,completed,128,128,307,CASMI_MOL_1196925,CASMI_MOL_686249,686249,OCCOCCNc1cccc(OC(F)(F)F)c1,0.6343780441286341,binned_cosine_1Da,4,False,predicted_spectrum,9700
CASMI2022,massformer,completed,128,128,307,CASMI_MOL_1196925,CASMI_MOL_682403,682403,COC(=O)CCC(=O)NC(C(=O)O)c1ccccc1,0.6321500725044684,binned_cosine_1Da,5,False,predicted_spectrum,9700
CASMI2022,massformer,completed,128,128,307,CASMI_MOL_1196925,CASMI_MOL_682405,682405,COC(=O)CCC(=O)NC(C(=O)O)c1ccccc1,0.6321500725044684,binned_cosine_1Da,6,False,predicted_spectrum,9700
CASMI2022,massformer,completed,128,128,307,CASMI_MOL_1196925,CASMI_MOL_679937,679937,COC(=O)C=C(C)OC(=O)C(N)c1ccc(O)cc1,0.6297471390698031,binned_cosine_1Da,7,False,predicted_spectrum,9700
CASMI2022,massformer,completed,128,128,307,CASMI_MOL_1196925,CASMI_MOL_685419,685419,CC(CC(NC(=O)c1ccccc1)C(=O)O)C(=O)O,0.626272186395581,binned_cosine_1Da,8,False,predicted_spectrum,9700
CASMI2022,massformer,completed,128,128,307,CASMI_MOL_1196925,CASMI_MOL_687503,687503,CC(CCC(=O)O)(NC(=O)c1ccccc1)C(=O)O,0.6245668509964604,binned_cosine_1Da,9,False,predicted_spectrum,9700
CASMI2022,massformer,completed,128,128,307,CASMI_MOL_1196925,CASMI_MOL_685047,685047,COC(=O)CCC(NC(=O)c1ccccc1)C(=O)O,0.6230596546308786,binned_cosine_1Da,10,False,predicted_spectrum,9700
CASMI2022,massformer,completed,128,128,307,CASMI_MOL_1196925,CASMI_MOL_688122,688122,COC(=O)CCC(NC(=O)c1ccccc1)C(=O)O,0.6230596546308786,binned_cosine_1Da,11,False,predicted_spectrum,9700
CASMI2022,massformer,completed,128,128,307,CASMI_MOL_1196925,CASMI_MOL_688693,688693,COC(=O)CCC(NC(=O)c1ccccc1)C(=O)O,0.6230596546308786,binned_cosine_1Da,12,False,predicted_spectrum,9700
CASMI2022,massformer,completed,128,128,307,CASMI_MOL_1196925,CASMI_MOL_682426,682426,CCC(=O)CC(NC(=O)Oc1ccccc1)C(=O)O,0.6222746667487464,binned_cosine_1Da,13,False,predicted_spectrum,9700
CASMI2022,massformer,completed,128,128,307,CASMI_MOL_1196925,CASMI_MOL_686351,686351,O=C(O)CN(CC(=O)OCC1CO1)c1ccccc1,0.6206531048547673,binned_cosine_1Da,14,False,predicted_spectrum,9700
CASMI2022,massformer,completed,128,128,307,CASMI_MOL_1196925,CASMI_MOL_680697,680697,COC(=O)C=CC(=O)OCCNC(=O)C1=CC=CC1,0.6204538596818321,binned_cosine_1Da,15,False,predicted_spectrum,9700
CASMI2022,massformer,completed,128,128,307,CASMI_MOL_1196925,CASMI_MOL_686639,686639,Nc1cccc(OCC(O)COCC(F)(F)F)c1,0.6199743731852912,binned_cosine_1Da,16,False,predicted_spectrum,9700
CASMI2022,massformer,completed,128,128,307,CASMI_MOL_1196925,CASMI_MOL_679305,679305,C=CCOC(=O)NC(C(=O)O)c1ccc(CO)cc1,0.6163431374048663,binned_cosine_1Da,17,False,predicted_spectrum,9700
CASMI2022,massformer,completed,128,128,307,CASMI_MOL_1196925,CASMI_MOL_686489,686489,COC(=O)CC(=O)NC(C(=O)OC)c1ccccc1,0.6135704746183518,binned_cosine_1Da,18,False,predicted_spectrum,9700
CASMI2022,massformer,completed,128,128,307,CASMI_MOL_1196925,CASMI_MOL_686431,686431,COC(=O)C(CCC(=O)O)NC(=O)c1ccccc1,0.6124716202412651,binned_cosine_1Da,19,False,predicted_spectrum,9700
CASMI2022,massformer,completed,128,128,307,CASMI_MOL_1196925,CASMI_MOL_680213,680213,CCOC(=O)CC(=O)N(CC(=O)O)c1ccccc1,0.6123691963763892,binned_cosine_1Da,20,False,predicted_spectrum,9700
CASMI2022,massformer,completed,128,128,307,CASMI_MOL_1196925,CASMI_MOL_686250,686250,OCCOCCNc1ccc(OC(F)(F)F)cc1,0.6114088417490294,binned_cosine_1Da,21,False,predicted_spectrum,9700
CASMI2022,massformer,completed,128,128,307,CASMI_MOL_1196925,CASMI_MOL_679943,679943,CC(CC(=O)O)C(=O)NC(C(=O)O)c1ccccc1,0.6112275492109407,binned_cosine_1Da,22,False,predicted_spectrum,9700
CASMI2022,massformer,completed,128,128,307,CASMI_MOL_1196925,CASMI_MOL_679298,679298,C=CCOC(=O)NC(c1ccccc1)C(O)C(=O)O,0.6108863612790587,binned_cosine_1Da,23,False,predicted_spectrum,9700
CASMI2022,massformer,completed,128,128,307,CASMI_MOL_1196925,CASMI_MOL_679677,679677,CC(=O)OC(CNc1ccc(C=O)cc1)OC(C)=O,0.6106889914355209,binned_cosine_1Da,24,False,predicted_spectrum,9700
CASMI2022,massformer,completed,128,128,307,CASMI_MOL_1196925,CASMI_MOL_682373,682373,CCOC(=O)CC(=O)NC(C(=O)O)c1ccccc1,0.6097607565137287,binned_cosine_1Da,25,False,predicted_spectrum,9700
CASMI2022,massformer,completed,128,128,307,CASMI_MOL_1196925,CASMI_MOL_682423,682423,C=CCOC(=O)NC(C(=O)O)C(O)c1ccccc1,0.6094053471814166,binned_cosine_1Da,26,False,predicted_spectrum,9700
CASMI2022,massformer,completed,128,128,307,CASMI_MOL_1196925,CASMI_MOL_686504,686504,CC(=O)OC(CC(=O)Nc1ccc(C)cc1)C(=O)O,0.608906937172074,binned_cosine_1Da,27,False,predicted_spectrum,9700
CASMI2022,massformer,completed,128,128,307,CASMI_MOL_1196925,CASMI_MOL_684930,684930,COC(=O)C1CN(C(=O)Oc2ccccc2)CCO1,0.6086368602755696,binned_cosine_1Da,28,False,predicted_spectrum,9700
CASMI2022,massformer,completed,128,128,307,CASMI_MOL_1196925,CASMI_MOL_688158,688158,COC(=O)OC(=O)CCC(=O)N(C)c1ccccc1,0.6067698677276367,binned_cosine_1Da,29,False,predicted_spectrum,9700
CASMI2022,massformer,completed,128,128,307,CASMI_MOL_1196925,CASMI_MOL_681400,681400,COC(=O)C1COCCN1C(=O)Oc1ccccc1,0.6061269281428028,binned_cosine_1Da,30,False,predicted_spectrum,9700
CASMI2022,massformer,completed,128,128,307,CASMI_MOL_1196925,CASMI_MOL_687672,687672,CC(C)(C)OC(=O)Nc1ccc(C(=O)C(=O)O)cc1,0.605556996485396,binned_cosine_1Da,31,False,predicted_spectrum,9700
CASMI2022,massformer,completed,128,128,307,CASMI_MOL_1196925,CASMI_MOL_686077,686077,O=C(O)CCCC(=O)NC(C(=O)O)c1ccccc1,0.6041368911710384,binned_cosine_1Da,32,False,predicted_spectrum,9700
CASMI2022,massformer,completed,128,128,307,CASMI_MOL_1196925,CASMI_MOL_688703,688703,CCOC(=O)C(=O)N(CCC(=O)O)c1ccccc1,0.6041198680354587,binned_cosine_1Da,33,False,predicted_spectrum,9700
CASMI2022,massformer,completed,128,128,307,CASMI_MOL_1196925,CASMI_MOL_684957,684957,Cc1ccc(C=CC(=O)NC2COCC2C(=O)O)o1,0.602762647219092,binned_cosine_1Da,34,False,predicted_spectrum,9700
CASMI2022,massformer,completed,128,128,307,CASMI_MOL_1196925,CASMI_MOL_680864,680864,CC(=O)c1ccc(C(=O)N(C2CC2)C(C)C(=O)O)o1,0.6026686481938153,binned_cosine_1Da,35,False,predicted_spectrum,9700
CASMI2022,massformer,completed,128,128,307,CASMI_MOL_1196925,CASMI_MOL_679715,679715,CCCOC(=Nc1ccccc1)C(C(=O)O)C(=O)O,0.6017564909124262,binned_cosine_1Da,36,False,predicted_spectrum,9700
CASMI2022,massformer,completed,128,128,307,CASMI_MOL_1196925,CASMI_MOL_683968,683968,Cc1cccc(NC(=O)COC(=O)CCC(=O)O)c1,0.599973384699273,binned_cosine_1Da,37,False,predicted_spectrum,9700
CASMI2022,massformer,completed,128,128,307,CASMI_MOL_1196925,CASMI_MOL_687925,687925,CCOC(=O)CCC(=O)Nc1ccccc1C(=O)O,0.599579984362682,binned_cosine_1Da,38,False,predicted_spectrum,9700
CASMI2022,massformer,completed,128,128,307,CASMI_MOL_1196925,CASMI_MOL_686079,686079,COC(=O)C(NC(=O)CCC(=O)O)c1ccccc1,0.5994721368588914,binned_cosine_1Da,39,False,predicted_spectrum,9700
CASMI2022,massformer,completed,128,128,307,CASMI_MOL_1196925,CASMI_MOL_682394,682394,COCc1ccc(C(=O)NC(CO)c2ccco2)o1,0.5978953300167088,binned_cosine_1Da,40,False,predicted_spectrum,9700
CASMI2022,massformer,completed,128,128,307,CASMI_MOL_1196925,CASMI_MOL_679026,679026,CC(=O)NC1C(O)OC(CO)C(F)C1OC(C)=O,0.5976417088120846,binned_cosine_1Da,41,False,predicted_spectrum,9700
CASMI2022,massformer,completed,128,128,307,CASMI_MOL_1196925,CASMI_MOL_686403,686403,CC(=O)NC1C(O)OC(CO)C(F)C1OC(C)=O,0.5976417088120846,binned_cosine_1Da,42,False,predicted_spectrum,9700
CASMI2022,massformer,completed,128,128,307,CASMI_MOL_1196925,CASMI_MOL_687253,687253,O=C(O)CCC(CC(=O)O)NC(=O)c1ccccc1,0.5966845111257494,binned_cosine_1Da,43,False,predicted_spectrum,9700
CASMI2022,massformer,completed,128,128,307,CASMI_MOL_1196925,CASMI_MOL_687254,687254,O=C(O)CCC(CC(=O)O)NC(=O)c1ccccc1,0.5966845111257494,binned_cosine_1Da,44,False,predicted_spectrum,9700
CASMI2022,massformer,completed,128,128,307,CASMI_MOL_1196925,CASMI_MOL_687473,687473,O=C(O)CCC(CC(=O)O)NC(=O)c1ccccc1,0.5966845111257494,binned_cosine_1Da,45,False,predicted_spectrum,9700
CASMI2022,massformer,completed,128,128,307,CASMI_MOL_1196925,CASMI_MOL_680076,680076,CCC(=O)OCC(NC(=O)c1ccccc1)C(=O)O,0.5958994140643354,binned_cosine_1Da,46,False,predicted_spectrum,9700
CASMI2022,massformer,completed,128,128,307,CASMI_MOL_1196925,CASMI_MOL_688544,688544,COCC(=O)OCC(=O)NC(=O)Cc1ccccc1,0.5935461228995453,binned_cosine_1Da,47,False,predicted_spectrum,9700
CASMI2022,massformer,completed,128,128,307,CASMI_MOL_1196925,CASMI_MOL_679993,679993,COC(=O)CC(N)(C(=O)OC)C(=O)c1ccccc1,0.5931678907330825,binned_cosine_1Da,48,False,predicted_spectrum,9700
CASMI2022,massformer,completed,128,128,307,CASMI_MOL_1196925,CASMI_MOL_683745,683745,CCC(CO)(NC(=O)c1cccc(C=O)c1)C(=O)O,0.5927161650384298,binned_cosine_1Da,49,False,predicted_spectrum,9700
CASMI2022,massformer,completed,128,128,307,CASMI_MOL_1196925,CASMI_MOL_688356,688356,CCOC(=O)c1cccc(NC(=O)CCC(=O)O)c1,0.5911244343443975,binned_cosine_1Da,50,False,predicted_spectrum,9700
CASMI2022,massformer,completed,128,128,307,CASMI_MOL_1196925,CASMI_MOL_686498,686498,[CH]C1OC(CO)C(O)C1NC(=O)c1cccc(O)c1,0.5885064163859425,binned_cosine_1Da,51,False,predicted_spectrum,9700
CASMI2022,massformer,completed,128,128,307,CASMI_MOL_1196925,CASMI_MOL_680338,680338,O=C(COCC1CC1)Nc1ccc(O)c(C(=O)O)c1,0.5875008376744029,binned_cosine_1Da,52,False,predicted_spectrum,9700
CASMI2022,massformer,completed,128,128,307,CASMI_MOL_1196925,CASMI_MOL_680539,680539,COc1ccccc1C(=O)NC1CCOC1C(=O)O,0.5866902123276742,binned_cosine_1Da,53,False,predicted_spectrum,9700
CASMI2022,massformer,completed,128,128,307,CASMI_MOL_1196925,CASMI_MOL_687826,687826,CC(=O)OC(CC(=O)O)C(=O)NCc1ccccc1,0.5861082685726473,binned_cosine_1Da,54,False,predicted_spectrum,9700
CASMI2022,massformer,completed,128,128,307,CASMI_MOL_1196925,CASMI_MOL_688682,688682,CCOC(=O)c1ccc(NC(=O)CCC(=O)O)cc1,0.5856466363344139,binned_cosine_1Da,55,False,predicted_spectrum,9700
CASMI2022,massformer,completed,128,128,307,CASMI_MOL_1196925,CASMI_MOL_687035,687035,CC(C)(CO)NCc1ccc(CSC(F)F)o1,0.5840185118842506,binned_cosine_1Da,56,False,predicted_spectrum,9700
CASMI2022,massformer,completed,128,128,307,CASMI_MOL_1196925,CASMI_MOL_686199,686199,Nc1ccccc1OCCC(=O)OC1CCOC1=O,0.5829570995931349,binned_cosine_1Da,57,False,predicted_spectrum,9700
CASMI2022,massformer,completed,128,128,307,CASMI_MOL_1196925,CASMI_MOL_685512,685512,O=C(NC1COCC1C(=O)O)C(O)c1ccccc1,0.5823204156784131,binned_cosine_1Da,58,False,predicted_spectrum,9700
CASMI2022,massformer,completed,128,128,307,CASMI_MOL_1196925,CASMI_MOL_682225,682225,COC(=O)C1CC(O)CN1C(=O)Oc1ccccc1,0.5792553249207678,binned_cosine_1Da,59,False,predicted_spectrum,9700
CASMI2022,massformer,completed,128,128,307,CASMI_MOL_1196925,CASMI_MOL_685354,685354,C=C(C)OC(=O)NC(Cc1ccc(O)cc1)C(=O)O,0.5791179338815627,binned_cosine_1Da,60,False,predicted_spectrum,9700
CASMI2022,massformer,completed,128,128,307,CASMI_MOL_1196925,CASMI_MOL_687673,687673,CC(C)(C)OC(=O)Nc1cccc(C(=O)C(=O)O)c1,0.5790457569580936,binned_cosine_1Da,61,False,predicted_spectrum,9700
CASMI2022,massformer,completed,128,128,307,CASMI_MOL_1196925,CASMI_MOL_682509,682509,O=C(O)CCCC(NC(=O)c1ccccc1)C(=O)O,0.5789307061516226,binned_cosine_1Da,62,False,predicted_spectrum,9700
CASMI2022,massformer,completed,128,128,307,CASMI_MOL_1196925,CASMI_MOL_687584,687584,O=C(O)CCCC(NC(=O)c1ccccc1)C(=O)O,0.5789307061516226,binned_cosine_1Da,63,False,predicted_spectrum,9700
CASMI2022,massformer,completed,128,128,307,CASMI_MOL_1196925,CASMI_MOL_687892,687892,O=C(O)CCCC(NC(=O)c1ccccc1)C(=O)O,0.5789307061516226,binned_cosine_1Da,64,False,predicted_spectrum,9700
CASMI2022,massformer,completed,128,128,307,CASMI_MOL_1196925,CASMI_MOL_679317,679317,C=CCOC(=O)NC(CO)c1cccc(C(=O)O)c1,0.5785282968211055,binned_cosine_1Da,65,False,predicted_spectrum,9700
CASMI2022,massformer,completed,128,128,307,CASMI_MOL_1196925,CASMI_MOL_685105,685105,CCOC(=O)CC(=O)ON(C(C)=O)c1ccccc1,0.5779751098020061,binned_cosine_1Da,66,False,predicted_spectrum,9700
CASMI2022,massformer,completed,128,128,307,CASMI_MOL_1196925,CASMI_MOL_686417,686417,C=CC(=O)OCCOC(=O)Nc1ccccc1OC,0.573990438203337,binned_cosine_1Da,67,False,predicted_spectrum,9700
CASMI2022,massformer,completed,128,128,307,CASMI_MOL_1196925,CASMI_MOL_683289,683289,O=CNC1CC(OC(=O)c2ccccc2)C(CO)O1,0.5732085005526392,binned_cosine_1Da,68,False,predicted_spectrum,9700
CASMI2022,massformer,completed,128,128,307,CASMI_MOL_1196925,CASMI_MOL_685230,685230,COC(=O)C(C)(C)CC(=O)c1cccc([N+](=O)[O-])c1,0.5717950256787667,binned_cosine_1Da,69,False,predicted_spectrum,9700
CASMI2022,massformer,completed,128,128,307,CASMI_MOL_1196925,CASMI_MOL_680796,680796,CCOC(=O)C1(NC(=O)C=C(C)C(F)(F)F)CC1,0.5707474968511155,binned_cosine_1Da,70,False,predicted_spectrum,9700
CASMI2022,massformer,completed,128,128,307,CASMI_MOL_1196925,CASMI_MOL_683734,683734,CCOC(=O)C1(NC(=O)C=C(C)C(F)(F)F)CC1,0.5707474968511155,binned_cosine_1Da,71,False,predicted_spectrum,9700
CASMI2022,massformer,completed,128,128,307,CASMI_MOL_1196925,CASMI_MOL_680470,680470,CN(C(=O)CCC(C(=O)O)C(=O)O)c1ccccc1,0.570561339816121,binned_cosine_1Da,72,False,predicted_spectrum,9700
CASMI2022,massformer,completed,128,128,307,CASMI_MOL_1196925,CASMI_MOL_685143,685143,CCC(=O)N(C(=O)c1ccccc1)C(CO)C(=O)O,0.570484424685567,binned_cosine_1Da,73,False,predicted_spectrum,9700
CASMI2022,massformer,completed,128,128,307,CASMI_MOL_1196925,CASMI_MOL_686640,686640,Nc1ccc(OCC(O)COCC(F)(F)F)cc1,0.569511873515549,binned_cosine_1Da,74,False,predicted_spectrum,9700
CASMI2022,massformer,completed,128,128,307,CASMI_MOL_1196925,CASMI_MOL_683773,683773,C=C(C)OC(=O)NC(C(=O)O)c1ccccc1OC,0.567893165920068,binned_cosine_1Da,75,False,predicted_spectrum,9700
CASMI2022,massformer,completed,128,128,307,CASMI_MOL_1196925,CASMI_MOL_679495,679495,CC=C(CC(=O)NC1(C(=O)OC)CC1)C(F)(F)F,0.5676581604394247,binned_cosine_1Da,76,False,predicted_spectrum,9700
CASMI2022,massformer,completed,128,128,307,CASMI_MOL_1196925,CASMI_MOL_685292,685292,CN(C(=O)c1ccccc1)C(C)(CC(=O)O)C(=O)O,0.567517583398411,binned_cosine_1Da,77,False,predicted_spectrum,9700
CASMI2022,massformer,completed,128,128,307,CASMI_MOL_1196925,CASMI_MOL_685928,685928,COC(=O)CC(NC(=O)Cc1ccccc1)C(=O)O,0.5656302803640508,binned_cosine_1Da,78,False,predicted_spectrum,9700
CASMI2022,massformer,completed,128,128,307,CASMI_MOL_1196925,CASMI_MOL_688110,688110,COC(=O)CC(NC(=O)Cc1ccccc1)C(=O)O,0.5656302803640508,binned_cosine_1Da,79,False,predicted_spectrum,9700
CASMI2022,massformer,completed,128,128,307,CASMI_MOL_1196925,CASMI_MOL_679907,679907,Cc1oc(=O)oc1COC(=O)C1=CCCC2CCN12,0.5653420747588525,binned_cosine_1Da,80,False,predicted_spectrum,9700
CASMI2022,massformer,completed,128,128,307,CASMI_MOL_1196925,CASMI_MOL_687395,687395,COC(=O)c1cccc(NC(=O)CCCC(=O)O)c1,0.5652186551463588,binned_cosine_1Da,81,False,predicted_spectrum,9700
CASMI2022,massformer,completed,128,128,307,CASMI_MOL_1196925,CASMI_MOL_685199,685199,CC12OCC(NC(=O)Oc3ccccc3)(CO1)CO2,0.5644844228490571,binned_cosine_1Da,82,False,predicted_spectrum,9700
CASMI2022,massformer,completed,128,128,307,CASMI_MOL_1196925,CASMI_MOL_683602,683602,CCOC(=O)C(NC(=O)Cc1ccccc1)C(=O)O,0.5639713868498212,binned_cosine_1Da,83,False,predicted_spectrum,9700
CASMI2022,massformer,completed,128,128,307,CASMI_MOL_1196925,CASMI_MOL_683607,683607,CCOC(=O)C(NC(=O)Cc1ccccc1)C(=O)O,0.5639713868498212,binned_cosine_1Da,84,False,predicted_spectrum,9700
CASMI2022,massformer,completed,128,128,307,CASMI_MOL_1196925,CASMI_MOL_688669,688669,CCOC(=O)C(NC(=O)Cc1ccccc1)C(=O)O,0.5639713868498212,binned_cosine_1Da,85,False,predicted_spectrum,9700
CASMI2022,massformer,completed,128,128,307,CASMI_MOL_1196925,CASMI_MOL_681972,681972,O=C(O)C1CCC(C(=O)Nc2ccc(CO)cc2)O1,0.5630222132636166,binned_cosine_1Da,86,False,predicted_spectrum,9700
CASMI2022,massformer,completed,128,128,307,CASMI_MOL_1196925,CASMI_MOL_681992,681992,O=C(O)C1CCC(C(=O)Nc2ccc(CO)cc2)O1,0.5630222132636166,binned_cosine_1Da,87,False,predicted_spectrum,9700
CASMI2022,massformer,completed,128,128,307,CASMI_MOL_1196925,CASMI_MOL_685700,685700,O=C(NC1(C(=O)O)CCOC1)C(O)c1ccccc1,0.5572526576122961,binned_cosine_1Da,88,False,predicted_spectrum,9700
CASMI2022,massformer,completed,128,128,307,CASMI_MOL_1196925,CASMI_MOL_684941,684941,COCc1ccc(C(=O)NCC(O)c2ccco2)o1,0.5572287390420296,binned_cosine_1Da,89,False,predicted_spectrum,9700
CASMI2022,massformer,completed,128,128,307,CASMI_MOL_1196925,CASMI_MOL_683198,683198,O=C(O)C1CCC(C(=O)Nc2cccc(CO)c2)O1,0.5559915897563886,binned_cosine_1Da,90,False,predicted_spectrum,9700
CASMI2022,massformer,completed,128,128,307,CASMI_MOL_1196925,CASMI_MOL_683224,683224,O=C(O)C1CCC(C(=O)Nc2cccc(CO)c2)O1,0.5559915897563886,binned_cosine_1Da,91,False,predicted_spectrum,9700
CASMI2022,massformer,completed,128,128,307,CASMI_MOL_1196925,CASMI_MOL_683370,683370,COC(=O)C(=O)NC(Cc1ccccc1)C(=O)OC,0.5559598575414523,binned_cosine_1Da,92,False,predicted_spectrum,9700
CASMI2022,massformer,completed,128,128,307,CASMI_MOL_1196925,CASMI_MOL_687011,687011,COC(=O)C(=O)NC(Cc1ccccc1)C(=O)OC,0.5559598575414523,binned_cosine_1Da,93,False,predicted_spectrum,9700
CASMI2022,massformer,completed,128,128,307,CASMI_MOL_1196925,CASMI_MOL_687908,687908,COC(=O)C(=O)NC(Cc1ccccc1)C(=O)OC,0.5559598575414523,binned_cosine_1Da,94,False,predicted_spectrum,9700
CASMI2022,massformer,completed,128,128,307,CASMI_MOL_1196925,CASMI_MOL_685504,685504,CC1(C(=O)O)COCC1NC(=O)Oc1ccccc1,0.5552160342426959,binned_cosine_1Da,95,False,predicted_spectrum,9700
CASMI2022,massformer,completed,128,128,307,CASMI_MOL_1196925,CASMI_MOL_679580,679580,C#CC(C(CC(=O)OCC)NC(C)=O)C(F)(F)F,0.5544055232134529,binned_cosine_1Da,96,False,predicted_spectrum,9700
CASMI2022,massformer,completed,128,128,307,CASMI_MOL_1196925,CASMI_MOL_687988,687988,COC(=O)CCC(=O)CC(=O)N(O)c1ccccc1,0.5540835520998574,binned_cosine_1Da,97,False,predicted_spectrum,9700
CASMI2022,massformer,completed,128,128,307,CASMI_MOL_1196925,CASMI_MOL_681967,681967,CSCc1ccc(CNCCOCC(F)F)o1,0.5527608560310808,binned_cosine_1Da,98,False,predicted_spectrum,9700
CASMI2022,massformer,completed,128,128,307,CASMI_MOL_1196925,CASMI_MOL_683742,683742,CCC(CO)(NC(=O)c1ccc(C=O)cc1)C(=O)O,0.5526874084714822,binned_cosine_1Da,99,False,predicted_spectrum,9700
CASMI2022,massformer,completed,128,128,307,CASMI_MOL_1196925,CASMI_MOL_688042,688042,[C-]#[N+]c1ccc(OC2OC(C)C(O)C(O)C2O)cc1,0.5525122717623885,binned_cosine_1Da,100,False,predicted_spectrum,9700
CASMI2022,massformer,completed,128,128,307,CASMI_MOL_1196925,CASMI_MOL_1196925,1196925,O=C(O)CCCCC(=O)Nc1ccccc1C(=O)O,0.25404680606161917,binned_cosine_1Da,1093,True,predicted_spectrum,9700
CASMI2022,massformer,completed,129,129,308,CASMI_MOL_1196897,CASMI_MOL_552556,552556,C=C1CC(C(=O)O)CC2CC=C(C3CCCCCC3)CC2C1=O,0.6891572345044259,binned_cosine_1Da,1,False,predicted_spectrum,8301
CASMI2022,massformer,completed,129,129,308,CASMI_MOL_1196897,CASMI_MOL_551963,551963,CC(O)c1cc(O)cc2c1C1CCC3(C)C(O)CCC3C1CC2,0.6891195843280161,binned_cosine_1Da,2,False,predicted_spectrum,8301
CASMI2022,massformer,completed,129,129,308,CASMI_MOL_1196897,CASMI_MOL_553560,553560,COc1ccc(C2CCCCC2)cc1C1(C(=O)O)CCCCC1,0.6884281940087835,binned_cosine_1Da,3,False,predicted_spectrum,8301
CASMI2022,massformer,completed,129,129,308,CASMI_MOL_1196897,CASMI_MOL_554231,554231,C=C1CC23CC1CCC2C1(C)CCCC2(CO)C(=O)OC(C3)C21,0.6880709898819934,binned_cosine_1Da,4,False,predicted_spectrum,8301
CASMI2022,massformer,completed,129,129,308,CASMI_MOL_1196897,CASMI_MOL_551937,551937,CCOc1cc(O)cc2c1C1CCC3(C)C(O)CCC3C1CC2,0.6867251967329805,binned_cosine_1Da,5,False,predicted_spectrum,8301
CASMI2022,massformer,completed,129,129,308,CASMI_MOL_1196897,CASMI_MOL_554103,554103,CC1(O)C=Cc2ccccc2C(=O)OCCCCCCCCC1,0.6866304372632411,binned_cosine_1Da,6,False,predicted_spectrum,8301
CASMI2022,massformer,completed,129,129,308,CASMI_MOL_1196897,CASMI_MOL_557652,557652,CC1(O)C=Cc2ccccc2C(=O)OCCCCCCCCC1,0.6866304372632411,binned_cosine_1Da,7,False,predicted_spectrum,8301
CASMI2022,massformer,completed,129,129,308,CASMI_MOL_1196897,CASMI_MOL_555835,555835,COc1cc(O)cc2c1C1CCC3(C)C(O)CCC3C1C(C)C2,0.686485147944279,binned_cosine_1Da,8,False,predicted_spectrum,8301
CASMI2022,massformer,completed,129,129,308,CASMI_MOL_1196897,CASMI_MOL_555838,555838,COc1cc(O)cc2c1C1CCC3(C)C(O)CCC3C1C(C)C2,0.686485147944279,binned_cosine_1Da,9,False,predicted_spectrum,8301
CASMI2022,massformer,completed,129,129,308,CASMI_MOL_1196897,CASMI_MOL_555839,555839,COc1cc(O)cc2c1C1CCC3(C)C(O)CCC3C1C(C)C2,0.686485147944279,binned_cosine_1Da,10,False,predicted_spectrum,8301
CASMI2022,massformer,completed,129,129,308,CASMI_MOL_1196897,CASMI_MOL_553559,553559,COc1ccc(C2(C(=O)O)CCCCC2)cc1C1CCCCC1,0.6855198985201386,binned_cosine_1Da,11,False,predicted_spectrum,8301
CASMI2022,massformer,completed,129,129,308,CASMI_MOL_1196897,CASMI_MOL_555529,555529,C=C1C2C=CC3C4(C)CCCC(C)(C(=O)O)C4CCC3(C2)C1O,0.685323148788937,binned_cosine_1Da,12,False,predicted_spectrum,8301
CASMI2022,massformer,completed,129,129,308,CASMI_MOL_1196897,CASMI_MOL_557040,557040,Cc1cc(C)c(CC(=O)C2CC(C)C(C)CC2C(=O)O)c(C)c1,0.6851647339500782,binned_cosine_1Da,13,False,predicted_spectrum,8301
CASMI2022,massformer,completed,129,129,308,CASMI_MOL_1196897,CASMI_MOL_557258,557258,Cc1cc(C(=O)O)c(O)c(C2(C3CCCCC3)CCCCC2)c1,0.6850797688511114,binned_cosine_1Da,14,False,predicted_spectrum,8301
CASMI2022,massformer,completed,129,129,308,CASMI_MOL_1196897,CASMI_MOL_551064,551064,CC1COc2c1cc1c(c2O)CC2(O)CCCC(C)(C)C2CC1,0.6849781573126994,binned_cosine_1Da,15,False,predicted_spectrum,8301
CASMI2022,massformer,completed,129,129,308,CASMI_MOL_1196897,CASMI_MOL_556624,556624,CC1COc2c1cc1c(c2O)CC2(O)CCCC(C)(C)C2CC1,0.6849781573126994,binned_cosine_1Da,16,False,predicted_spectrum,8301
CASMI2022,massformer,completed,129,129,308,CASMI_MOL_1196897,CASMI_MOL_550866,550866,CC1(C(=O)O)CCCC2(C)C1CCC13CC4C(CC12)C4(C)C3=O,0.6844800982279351,binned_cosine_1Da,17,False,predicted_spectrum,8301
CASMI2022,massformer,completed,129,129,308,CASMI_MOL_1196897,CASMI_MOL_551197,551197,CC1(C(=O)O)CCCC2(C)C1CCC13CC4C(CC12)C4(C)C3=O,0.6844800982279351,binned_cosine_1Da,18,False,predicted_spectrum,8301
CASMI2022,massformer,completed,129,129,308,CASMI_MOL_1196897,CASMI_MOL_554211,554211,CC1(C(=O)O)CCCC2(C)C1CCC13CC4C(CC12)C4(C)C3=O,0.6844800982279351,binned_cosine_1Da,19,False,predicted_spectrum,8301
CASMI2022,massformer,completed,129,129,308,CASMI_MOL_1196897,CASMI_MOL_557370,557370,CC1(C(=O)O)CCCC2(C)C1CCC13CC4C(CC12)C4(C)C3=O,0.6844800982279351,binned_cosine_1Da,20,False,predicted_spectrum,8301
CASMI2022,massformer,completed,129,129,308,CASMI_MOL_1196897,CASMI_MOL_557927,557927,CC1(C(=O)O)CCCC2(C)C1CCC13CC4C(CC12)C4(C)C3=O,0.6844800982279351,binned_cosine_1Da,21,False,predicted_spectrum,8301
CASMI2022,massformer,completed,129,129,308,CASMI_MOL_1196897,CASMI_MOL_550880,550880,C=C1CC23CC1CCC2C1(C)CCCC2(C)C(=O)OC(C21)C3O,0.6840821826471927,binned_cosine_1Da,22,False,predicted_spectrum,8301
CASMI2022,massformer,completed,129,129,308,CASMI_MOL_1196897,CASMI_MOL_552271,552271,C=C1CC23CC1CCC2C1(C)CCCC2(C)C(=O)OC(C21)C3O,0.6840821826471927,binned_cosine_1Da,23,False,predicted_spectrum,8301
CASMI2022,massformer,completed,129,129,308,CASMI_MOL_1196897,CASMI_MOL_554318,554318,C=C1CC23CC1CCC2C1(C)CCCC2(C)C(=O)OC(C21)C3O,0.6840821826471927,binned_cosine_1Da,24,False,predicted_spectrum,8301
CASMI2022,massformer,completed,129,129,308,CASMI_MOL_1196897,CASMI_MOL_556626,556626,C=C1CC23CC1CCC2C1(C)CCCC2(C)C(=O)OC(C21)C3O,0.6840821826471927,binned_cosine_1Da,25,False,predicted_spectrum,8301
CASMI2022,massformer,completed,129,129,308,CASMI_MOL_1196897,CASMI_MOL_557160,557160,C=C1CC23CC1CCC2C1(C)CCCC2(C)C(=O)OC(C21)C3O,0.6840821826471927,binned_cosine_1Da,26,False,predicted_spectrum,8301
CASMI2022,massformer,completed,129,129,308,CASMI_MOL_1196897,CASMI_MOL_557436,557436,C=C1CC23CC1CCC2C1(C)CCCC2(C)C(=O)OC(C21)C3O,0.6840821826471927,binned_cosine_1Da,27,False,predicted_spectrum,8301
CASMI2022,massformer,completed,129,129,308,CASMI_MOL_1196897,CASMI_MOL_558171,558171,C=C1CC23CC1CCC2C1(C)CCCC2(C)C(=O)OC(C21)C3O,0.6840821826471927,binned_cosine_1Da,28,False,predicted_spectrum,8301
CASMI2022,massformer,completed,129,129,308,CASMI_MOL_1196897,CASMI_MOL_555953,555953,CC12CCC(C(=O)O)=CC1=CCC1C3CCCC3(CO)CCC12,0.6840411660964629,binned_cosine_1Da,29,False,predicted_spectrum,8301
CASMI2022,massformer,completed,129,129,308,CASMI_MOL_1196897,CASMI_MOL_555993,555993,Cc1cc(C)c(CC(=O)C2(C(=O)O)CCC(C)C(C)C2)c(C)c1,0.6837309806072177,binned_cosine_1Da,30,False,predicted_spectrum,8301
CASMI2022,massformer,completed,129,129,308,CASMI_MOL_1196897,CASMI_MOL_550969,550969,C=C1CCC2C(C3C1CCC3(C)O)C2(C)Cc1cc(C)c(O)o1,0.6834662025388364,binned_cosine_1Da,31,False,predicted_spectrum,8301
CASMI2022,massformer,completed,129,129,308,CASMI_MOL_1196897,CASMI_MOL_555443,555443,C=C1CCC2C(C3C1CCC3(C)O)C2(C)Cc1cc(C)c(O)o1,0.6834662025388364,binned_cosine_1Da,32,False,predicted_spectrum,8301
CASMI2022,massformer,completed,129,129,308,CASMI_MOL_1196897,CASMI_MOL_555449,555449,C=C1CCC2C(C3C1CCC3(C)O)C2(C)Cc1cc(C)c(O)o1,0.6834662025388364,binned_cosine_1Da,33,False,predicted_spectrum,8301
CASMI2022,massformer,completed,129,129,308,CASMI_MOL_1196897,CASMI_MOL_555538,555538,C=C1CCC2C(C3C1CCC3(C)O)C2(C)Cc1cc(C)c(O)o1,0.6834662025388364,binned_cosine_1Da,34,False,predicted_spectrum,8301
CASMI2022,massformer,completed,129,129,308,CASMI_MOL_1196897,CASMI_MOL_555539,555539,C=C1CCC2C(C3C1CCC3(C)O)C2(C)Cc1cc(C)c(O)o1,0.6834662025388364,binned_cosine_1Da,35,False,predicted_spectrum,8301
CASMI2022,massformer,completed,129,129,308,CASMI_MOL_1196897,CASMI_MOL_550708,550708,Cc1c(O)oc2c1C=C1CCC3C(C)(C)CCCC3(C)C1(O)C2,0.6833555856800743,binned_cosine_1Da,36,False,predicted_spectrum,8301
CASMI2022,massformer,completed,129,129,308,CASMI_MOL_1196897,CASMI_MOL_555660,555660,Cc1c(O)oc2c1C=C1CCC3C(C)(C)CCCC3(C)C1(O)C2,0.6833555856800743,binned_cosine_1Da,37,False,predicted_spectrum,8301
CASMI2022,massformer,completed,129,129,308,CASMI_MOL_1196897,CASMI_MOL_554221,554221,C=C1CC23CCC1CC2C1(C)CCCC2(C)C(=O)OC(C21)C3O,0.6833040184690607,binned_cosine_1Da,38,False,predicted_spectrum,8301
CASMI2022,massformer,completed,129,129,308,CASMI_MOL_1196897,CASMI_MOL_556196,556196,CC12CCCC1C1CC=C3CC(=O)C(C(=O)O)CC3(C)C1CC2,0.6831013768574038,binned_cosine_1Da,39,False,predicted_spectrum,8301
CASMI2022,massformer,completed,129,129,308,CASMI_MOL_1196897,CASMI_MOL_556412,556412,CC12CCCC1C1CC=C3CC(=O)C(C(=O)O)CC3(C)C1CC2,0.6831013768574038,binned_cosine_1Da,40,False,predicted_spectrum,8301
CASMI2022,massformer,completed,129,129,308,CASMI_MOL_1196897,CASMI_MOL_555111,555111,CC12CCCC1C1CCC3CC(=O)C(C(=O)O)=CC3(C)C1CC2,0.6830250887920872,binned_cosine_1Da,41,False,predicted_spectrum,8301
CASMI2022,massformer,completed,129,129,308,CASMI_MOL_1196897,CASMI_MOL_551065,551065,CC(C)c1cc2c(cc1O)C13CCCC(C)(COC1O)C3CC2,0.6828584324426326,binned_cosine_1Da,42,False,predicted_spectrum,8301
CASMI2022,massformer,completed,129,129,308,CASMI_MOL_1196897,CASMI_MOL_556581,556581,CC(C)c1cc2c(cc1O)C13CCCC(C)(COC1O)C3CC2,0.6828584324426326,binned_cosine_1Da,43,False,predicted_spectrum,8301
CASMI2022,massformer,completed,129,129,308,CASMI_MOL_1196897,CASMI_MOL_556675,556675,CC(C)c1cc2c(cc1O)C13CCCC(C)(COC1O)C3CC2,0.6828584324426326,binned_cosine_1Da,44,False,predicted_spectrum,8301
CASMI2022,massformer,completed,129,129,308,CASMI_MOL_1196897,CASMI_MOL_556640,556640,C=C1CC23CC1CCC2C1(C)CCCC(C)(C(=O)O)C1C3C=O,0.6828431191937275,binned_cosine_1Da,45,False,predicted_spectrum,8301
CASMI2022,massformer,completed,129,129,308,CASMI_MOL_1196897,CASMI_MOL_556676,556676,C=C1CC23CC1CCC2C1(C)CCCC(C)(C(=O)O)C1C3C=O,0.6828431191937275,binned_cosine_1Da,46,False,predicted_spectrum,8301
CASMI2022,massformer,completed,129,129,308,CASMI_MOL_1196897,CASMI_MOL_558043,558043,C=C1CC23CC1CCC2C1(C)CCCC(C)(C(=O)O)C1C3C=O,0.6828431191937275,binned_cosine_1Da,47,False,predicted_spectrum,8301
CASMI2022,massformer,completed,129,129,308,CASMI_MOL_1196897,CASMI_MOL_558079,558079,C=C1CC23CC1CCC2C1(C)CCCC(C)(C(=O)O)C1C3C=O,0.6828431191937275,binned_cosine_1Da,48,False,predicted_spectrum,8301
CASMI2022,massformer,completed,129,129,308,CASMI_MOL_1196897,CASMI_MOL_558185,558185,C=C1CC23CC1CCC2C1(C)CCCC(C)(C(=O)O)C1C3C=O,0.6828431191937275,binned_cosine_1Da,49,False,predicted_spectrum,8301
CASMI2022,massformer,completed,129,129,308,CASMI_MOL_1196897,CASMI_MOL_558241,558241,C=C1CC23CC1CCC2C1(C)CCCC(C)(C(=O)O)C1C3C=O,0.6828431191937275,binned_cosine_1Da,50,False,predicted_spectrum,8301
CASMI2022,massformer,completed,129,129,308,CASMI_MOL_1196897,CASMI_MOL_552389,552389,CC1(C(=O)O)CCCC2(C)C1CCC1(C)c3cocc3CCC12,0.6827877946741298,binned_cosine_1Da,51,False,predicted_spectrum,8301
CASMI2022,massformer,completed,129,129,308,CASMI_MOL_1196897,CASMI_MOL_554286,554286,CC1(C(=O)O)CCCC2(C)C1CCC1(C)c3cocc3CCC12,0.6827877946741298,binned_cosine_1Da,52,False,predicted_spectrum,8301
CASMI2022,massformer,completed,129,129,308,CASMI_MOL_1196897,CASMI_MOL_557163,557163,CC1(C(=O)O)CCCC2(C)C1CCC1(C)c3cocc3CCC12,0.6827877946741298,binned_cosine_1Da,53,False,predicted_spectrum,8301
CASMI2022,massformer,completed,129,129,308,CASMI_MOL_1196897,CASMI_MOL_558181,558181,CC1(C(=O)O)CCCC2(C)C1CCC1(C)c3cocc3CCC12,0.6827877946741298,binned_cosine_1Da,54,False,predicted_spectrum,8301
CASMI2022,massformer,completed,129,129,308,CASMI_MOL_1196897,CASMI_MOL_558206,558206,CC1(C(=O)O)CCCC2(C)C1CCC1(C)c3cocc3CCC12,0.6827877946741298,binned_cosine_1Da,55,False,predicted_spectrum,8301
CASMI2022,massformer,completed,129,129,308,CASMI_MOL_1196897,CASMI_MOL_556003,556003,CC12CCC3C(CCC4CC(C(=O)O)=CCC43C)C1CCC2=O,0.682469816821208,binned_cosine_1Da,56,False,predicted_spectrum,8301
CASMI2022,massformer,completed,129,129,308,CASMI_MOL_1196897,CASMI_MOL_551329,551329,C=C1CCCC2C1C1CCC3CCCC3C1C1OC(=O)OC21C,0.6824109775200493,binned_cosine_1Da,57,False,predicted_spectrum,8301
CASMI2022,massformer,completed,129,129,308,CASMI_MOL_1196897,CASMI_MOL_550020,550020,C=C1C(=O)C23CCC4C(C)(C(=O)O)CCCC4(C)C2CCC1C3,0.6822191432164787,binned_cosine_1Da,58,False,predicted_spectrum,8301
CASMI2022,massformer,completed,129,129,308,CASMI_MOL_1196897,CASMI_MOL_550572,550572,C=C1C(=O)C23CCC4C(C)(C(=O)O)CCCC4(C)C2CCC1C3,0.6822191432164787,binned_cosine_1Da,59,False,predicted_spectrum,8301
CASMI2022,massformer,completed,129,129,308,CASMI_MOL_1196897,CASMI_MOL_550573,550573,C=C1C(=O)C23CCC4C(C)(C(=O)O)CCCC4(C)C2CCC1C3,0.6822191432164787,binned_cosine_1Da,60,False,predicted_spectrum,8301
CASMI2022,massformer,completed,129,129,308,CASMI_MOL_1196897,CASMI_MOL_551225,551225,C=C1C(=O)C23CCC4C(C)(C(=O)O)CCCC4(C)C2CCC1C3,0.6822191432164787,binned_cosine_1Da,61,False,predicted_spectrum,8301
CASMI2022,massformer,completed,129,129,308,CASMI_MOL_1196897,CASMI_MOL_556899,556899,C=C1C(=O)C23CCC4C(C)(C(=O)O)CCCC4(C)C2CCC1C3,0.6822191432164787,binned_cosine_1Da,62,False,predicted_spectrum,8301
CASMI2022,massformer,completed,129,129,308,CASMI_MOL_1196897,CASMI_MOL_556972,556972,C=C1C(=O)C23CCC4C(C)(C(=O)O)CCCC4(C)C2CCC1C3,0.6822191432164787,binned_cosine_1Da,63,False,predicted_spectrum,8301
CASMI2022,massformer,completed,129,129,308,CASMI_MOL_1196897,CASMI_MOL_557189,557189,C=C1C(=O)C23CCC4C(C)(C(=O)O)CCCC4(C)C2CCC1C3,0.6822191432164787,binned_cosine_1Da,64,False,predicted_spectrum,8301
CASMI2022,massformer,completed,129,129,308,CASMI_MOL_1196897,CASMI_MOL_557479,557479,C=C1C(=O)C23CCC4C(C)(C(=O)O)CCCC4(C)C2CCC1C3,0.6822191432164787,binned_cosine_1Da,65,False,predicted_spectrum,8301
CASMI2022,massformer,completed,129,129,308,CASMI_MOL_1196897,CASMI_MOL_557574,557574,C=C1C(=O)C23CCC4C(C)(C(=O)O)CCCC4(C)C2CCC1C3,0.6822191432164787,binned_cosine_1Da,66,False,predicted_spectrum,8301
CASMI2022,massformer,completed,129,129,308,CASMI_MOL_1196897,CASMI_MOL_557848,557848,C=C1C(=O)C23CCC4C(C)(C(=O)O)CCCC4(C)C2CCC1C3,0.6822191432164787,binned_cosine_1Da,67,False,predicted_spectrum,8301
CASMI2022,massformer,completed,129,129,308,CASMI_MOL_1196897,CASMI_MOL_558045,558045,C=C1C(=O)C23CCC4C(C)(C(=O)O)CCCC4(C)C2CCC1C3,0.6822191432164787,binned_cosine_1Da,68,False,predicted_spectrum,8301
CASMI2022,massformer,completed,129,129,308,CASMI_MOL_1196897,CASMI_MOL_558197,558197,C=C1C(=O)C23CCC4C(C)(C(=O)O)CCCC4(C)C2CCC1C3,0.6822191432164787,binned_cosine_1Da,69,False,predicted_spectrum,8301
CASMI2022,massformer,completed,129,129,308,CASMI_MOL_1196897,CASMI_MOL_558277,558277,C=C1C(=O)C23CCC4C(C)(C(=O)O)CCCC4(C)C2CCC1C3,0.6822191432164787,binned_cosine_1Da,70,False,predicted_spectrum,8301
CASMI2022,massformer,completed,129,129,308,CASMI_MOL_1196897,CASMI_MOL_553565,553565,COc1ccc(C2(C(=O)O)CCCC2)cc1C1CCC(C)CC1,0.6822062748592733,binned_cosine_1Da,71,False,predicted_spectrum,8301
CASMI2022,massformer,completed,129,129,308,CASMI_MOL_1196897,CASMI_MOL_550820,550820,C=C1CC23CC1CCC2C1(C)CCCC(C)(C(=O)O)C1CC3=O,0.6822060876741989,binned_cosine_1Da,72,False,predicted_spectrum,8301
CASMI2022,massformer,completed,129,129,308,CASMI_MOL_1196897,CASMI_MOL_550821,550821,C=C1CC23CC1CCC2C1(C)CCCC(C)(C(=O)O)C1CC3=O,0.6822060876741989,binned_cosine_1Da,73,False,predicted_spectrum,8301
CASMI2022,massformer,completed,129,129,308,CASMI_MOL_1196897,CASMI_MOL_554192,554192,C=C1CC23CC1CCC2C1(C)CCCC(C)(C(=O)O)C1CC3=O,0.6822060876741989,binned_cosine_1Da,74,False,predicted_spectrum,8301
CASMI2022,massformer,completed,129,129,308,CASMI_MOL_1196897,CASMI_MOL_550906,550906,CC1(C)C(=O)CCC2(C)C3CC4C5CC3(CCC12)CC45C(=O)O,0.6821793710378913,binned_cosine_1Da,75,False,predicted_spectrum,8301
CASMI2022,massformer,completed,129,129,308,CASMI_MOL_1196897,CASMI_MOL_550907,550907,CC1(C)C(=O)CCC2(C)C3CC4C5CC3(CCC12)CC45C(=O)O,0.6821793710378913,binned_cosine_1Da,76,False,predicted_spectrum,8301
CASMI2022,massformer,completed,129,129,308,CASMI_MOL_1196897,CASMI_MOL_551205,551205,CC1(C)C(=O)CCC2(C)C3CC4C5CC3(CCC12)CC45C(=O)O,0.6821793710378913,binned_cosine_1Da,77,False,predicted_spectrum,8301
CASMI2022,massformer,completed,129,129,308,CASMI_MOL_1196897,CASMI_MOL_552066,552066,CC1(C)C(=O)CCC2(C)C3CC4C5CC3(CCC12)CC45C(=O)O,0.6821793710378913,binned_cosine_1Da,78,False,predicted_spectrum,8301
CASMI2022,massformer,completed,129,129,308,CASMI_MOL_1196897,CASMI_MOL_554069,554069,CC1(C)C(=O)CCC2(C)C3CC4C5CC3(CCC12)CC45C(=O)O,0.6821793710378913,binned_cosine_1Da,79,False,predicted_spectrum,8301
CASMI2022,massformer,completed,129,129,308,CASMI_MOL_1196897,CASMI_MOL_557024,557024,CC1(C)C(=O)CCC2(C)C3CC4C5CC3(CCC12)CC45C(=O)O,0.6821793710378913,binned_cosine_1Da,80,False,predicted_spectrum,8301
CASMI2022,massformer,completed,129,129,308,CASMI_MOL_1196897,CASMI_MOL_557629,557629,CC1(C)C(=O)CCC2(C)C3CC4C5CC3(CCC12)CC45C(=O)O,0.6821793710378913,binned_cosine_1Da,81,False,predicted_spectrum,8301
CASMI2022,massformer,completed,129,129,308,CASMI_MOL_1196897,CASMI_MOL_550823,550823,C=C1C(=O)C2CCC3C1(CCC1C(C)(C(=O)O)CCCC13C)C2,0.682116493237577,binned_cosine_1Da,82,False,predicted_spectrum,8301
CASMI2022,massformer,completed,129,129,308,CASMI_MOL_1196897,CASMI_MOL_554076,554076,C=C1C(=O)C2CCC3C1(CCC1C(C)(C(=O)O)CCCC13C)C2,0.6821164852881457,binned_cosine_1Da,83,False,predicted_spectrum,8301
CASMI2022,massformer,completed,129,129,308,CASMI_MOL_1196897,CASMI_MOL_552540,552540,C=C1C(=O)C23CCC1CC2C1(C)CCCC(C)(C(=O)O)C1CC3,0.6820049799331024,binned_cosine_1Da,84,False,predicted_spectrum,8301
CASMI2022,massformer,completed,129,129,308,CASMI_MOL_1196897,CASMI_MOL_552541,552541,C=C1C(=O)C23CCC1CC2C1(C)CCCC(C)(C(=O)O)C1CC3,0.6820049799331024,binned_cosine_1Da,85,False,predicted_spectrum,8301
CASMI2022,massformer,completed,129,129,308,CASMI_MOL_1196897,CASMI_MOL_551158,551158,C=C1CC23C=CC(=O)C(C)(CCCC(C)C(=O)O)C2CC1CC3,0.6819900054600607,binned_cosine_1Da,86,False,predicted_spectrum,8301
CASMI2022,massformer,completed,129,129,308,CASMI_MOL_1196897,CASMI_MOL_552190,552190,C=C1CC23C=CC(=O)C(C)(CCCC(C)C(=O)O)C2CC1CC3,0.6819900054600607,binned_cosine_1Da,87,False,predicted_spectrum,8301
CASMI2022,massformer,completed,129,129,308,CASMI_MOL_1196897,CASMI_MOL_555684,555684,C=C1CC23C=CC(=O)C(C)(CCCC(C)C(=O)O)C2CC1CC3,0.6819900054600607,binned_cosine_1Da,88,False,predicted_spectrum,8301
CASMI2022,massformer,completed,129,129,308,CASMI_MOL_1196897,CASMI_MOL_555685,555685,C=C1CC23C=CC(=O)C(C)(CCCC(C)C(=O)O)C2CC1CC3,0.6819900054600607,binned_cosine_1Da,89,False,predicted_spectrum,8301
CASMI2022,massformer,completed,129,129,308,CASMI_MOL_1196897,CASMI_MOL_555952,555952,CC12CCC(C(=O)O)C=C1C=CC1C2CCC2(C)C(O)CCC12,0.6818530596747026,binned_cosine_1Da,90,False,predicted_spectrum,8301
CASMI2022,massformer,completed,129,129,308,CASMI_MOL_1196897,CASMI_MOL_556456,556456,CC12CCC(C(=O)O)C=C1C=CC1C2CCC2(C)C(O)CCC12,0.6818530596747026,binned_cosine_1Da,91,False,predicted_spectrum,8301
CASMI2022,massformer,completed,129,129,308,CASMI_MOL_1196897,CASMI_MOL_557306,557306,CC12CCC(C(=O)O)C=C1C=CC1C2CCC2(C)C(O)CCC12,0.6818530596747026,binned_cosine_1Da,92,False,predicted_spectrum,8301
CASMI2022,massformer,completed,129,129,308,CASMI_MOL_1196897,CASMI_MOL_550133,550133,CC1Cc2cc(O)ccc2C2C(O)CC3(C)C(CCC3(C)O)C12,0.681849597527301,binned_cosine_1Da,93,False,predicted_spectrum,8301
CASMI2022,massformer,completed,129,129,308,CASMI_MOL_1196897,CASMI_MOL_551270,551270,CC1Cc2cc(O)ccc2C2C(O)CC3(C)C(CCC3(C)O)C12,0.681849597527301,binned_cosine_1Da,94,False,predicted_spectrum,8301
CASMI2022,massformer,completed,129,129,308,CASMI_MOL_1196897,CASMI_MOL_555858,555858,COc1cc2c(cc1O)CC(C)C1C2CCC2(C)C(O)CCC12,0.6816531039467686,binned_cosine_1Da,95,False,predicted_spectrum,8301
CASMI2022,massformer,completed,129,129,308,CASMI_MOL_1196897,CASMI_MOL_557193,557193,COc1cc2c(cc1O)CC(C)C1C2CCC2(C)C(O)CCC12,0.6816531039467686,binned_cosine_1Da,96,False,predicted_spectrum,8301
CASMI2022,massformer,completed,129,129,308,CASMI_MOL_1196897,CASMI_MOL_557041,557041,Cc1cc(C)c(CC(=O)C2C(C(=O)O)CCC(C)C2C)c(C)c1,0.6816481608652001,binned_cosine_1Da,97,False,predicted_spectrum,8301
CASMI2022,massformer,completed,129,129,308,CASMI_MOL_1196897,CASMI_MOL_555182,555182,CCC#CCC(C)C(O)C#CC1C(O)CC2CC(=CCO)CC21,0.6814646875929166,binned_cosine_1Da,98,False,predicted_spectrum,8301
CASMI2022,massformer,completed,129,129,308,CASMI_MOL_1196897,CASMI_MOL_550553,550553,C=C1C2CCC3(CCC4C5(C)CCCC4(COC5=O)C3C2)C1O,0.6812117578436813,binned_cosine_1Da,99,False,predicted_spectrum,8301
CASMI2022,massformer,completed,129,129,308,CASMI_MOL_1196897,CASMI_MOL_558252,558252,C=C1C2CCC3(CCC4C5(C)CCCC4(COC5=O)C3C2)C1O,0.6812117578436813,binned_cosine_1Da,100,False,predicted_spectrum,8301
CASMI2022,massformer,completed,129,129,308,CASMI_MOL_1196897,CASMI_MOL_1196897,1196897,CC(C)c1ccc2c(c1)C(O)CC1C(C)(C(=O)O)CCCC21C,0.6678214287132086,binned_cosine_1Da,1045,True,predicted_spectrum,8301
CASMI2022,massformer,completed,130,130,309,CASMI_MOL_1196926,CASMI_MOL_694369,694369,COc1ncc(Cl)c(N2CCN(CCO)CC2)n1,0.3032850944706549,binned_cosine_1Da,1,False,predicted_spectrum,9113
CASMI2022,massformer,completed,130,130,309,CASMI_MOL_1196926,CASMI_MOL_689906,689906,CCC1(C(F)(F)F)C=Cc2cc(C)cc(CO)c2O1,0.3016346072917293,binned_cosine_1Da,2,False,predicted_spectrum,9113
CASMI2022,massformer,completed,130,130,309,CASMI_MOL_1196926,CASMI_MOL_689839,689839,O=C1CCC(c2ccc(OCCF)c(F)c2F)CC1,0.30035970111554305,binned_cosine_1Da,3,False,predicted_spectrum,9113
CASMI2022,massformer,completed,130,130,309,CASMI_MOL_1196926,CASMI_MOL_691533,691533,NCC1CCCN1c1cnn(CCO)c(=O)c1Cl,0.2992404738524507,binned_cosine_1Da,4,False,predicted_spectrum,9113
CASMI2022,massformer,completed,130,130,309,CASMI_MOL_1196926,CASMI_MOL_694522,694522,O=C(O)C1(CCC(F)(F)F)CCCc2ccccc21,0.2941969522538001,binned_cosine_1Da,5,False,predicted_spectrum,9113
CASMI2022,massformer,completed,130,130,309,CASMI_MOL_1196926,CASMI_MOL_694520,694520,O=C(O)C1(CCC(F)(F)F)CCc2ccccc2C1,0.29170323166108014,binned_cosine_1Da,6,False,predicted_spectrum,9113
CASMI2022,massformer,completed,130,130,309,CASMI_MOL_1196926,CASMI_MOL_696514,696514,C=CCOC1(C(F)(F)F)CCc2ccccc2C1O,0.2912099366877328,binned_cosine_1Da,7,False,predicted_spectrum,9113
CASMI2022,massformer,completed,130,130,309,CASMI_MOL_1196926,CASMI_MOL_696515,696515,C=CCOC1(C(F)(F)F)CCc2ccccc2C1O,0.2912099366877328,binned_cosine_1Da,8,False,predicted_spectrum,9113
CASMI2022,massformer,completed,130,130,309,CASMI_MOL_1196926,CASMI_MOL_696516,696516,C=CCOC1(C(F)(F)F)CCc2ccccc2C1O,0.2912099366877328,binned_cosine_1Da,9,False,predicted_spectrum,9113
CASMI2022,massformer,completed,130,130,309,CASMI_MOL_1196926,CASMI_MOL_696517,696517,C=CCOC1(C(F)(F)F)CCc2ccccc2C1O,0.2912099366877328,binned_cosine_1Da,10,False,predicted_spectrum,9113
CASMI2022,massformer,completed,130,130,309,CASMI_MOL_1196926,CASMI_MOL_693731,693731,O=CC(O)(CC1CCCc2ccccc21)C(F)(F)F,0.2909912698132461,binned_cosine_1Da,11,False,predicted_spectrum,9113
CASMI2022,massformer,completed,130,130,309,CASMI_MOL_1196926,CASMI_MOL_691546,691546,NCC1CCN(c2cnn(CCO)c(=O)c2Cl)C1,0.29098733589005477,binned_cosine_1Da,12,False,predicted_spectrum,9113
CASMI2022,massformer,completed,130,130,309,CASMI_MOL_1196926,CASMI_MOL_695193,695193,C=CC1(O)CC(C)(C)Oc2cc(C(F)(F)F)ccc21,0.2905509252944469,binned_cosine_1Da,13,False,predicted_spectrum,9113
CASMI2022,massformer,completed,130,130,309,CASMI_MOL_1196926,CASMI_MOL_691828,691828,O=C(O)C1(CCCC(F)(F)F)CCc2ccccc21,0.2902342693424022,binned_cosine_1Da,14,False,predicted_spectrum,9113
CASMI2022,massformer,completed,130,130,309,CASMI_MOL_1196926,CASMI_MOL_690557,690557,CC(O)CN1CCN(c2cn[nH]c(=O)c2Cl)CC1,0.28917170533335895,binned_cosine_1Da,15,False,predicted_spectrum,9113
CASMI2022,massformer,completed,130,130,309,CASMI_MOL_1196926,CASMI_MOL_695126,695126,C=CCOC1(c2ccccc2O)C=CC(C(=O)O)=CC1,0.2864152812797883,binned_cosine_1Da,16,False,predicted_spectrum,9113
CASMI2022,massformer,completed,130,130,309,CASMI_MOL_1196926,CASMI_MOL_695225,695225,OCc1cc(C2CC2)c(OC(F)(F)F)c(C2CC2)c1,0.2854754311007598,binned_cosine_1Da,17,False,predicted_spectrum,9113
CASMI2022,massformer,completed,130,130,309,CASMI_MOL_1196926,CASMI_MOL_689904,689904,CCC1(C(F)(F)F)C=Cc2cc(CO)cc(C)c2O1,0.28545688550460835,binned_cosine_1Da,18,False,predicted_spectrum,9113
CASMI2022,massformer,completed,130,130,309,CASMI_MOL_1196926,CASMI_MOL_690903,690903,COc1cc(C)c(C(O)C#CC(F)(F)F)c(C)c1C,0.2846468695571089,binned_cosine_1Da,19,False,predicted_spectrum,9113
CASMI2022,massformer,completed,130,130,309,CASMI_MOL_1196926,CASMI_MOL_690904,690904,COc1cc(C)c(C(O)C#CC(F)(F)F)c(C)c1C,0.2846468695571089,binned_cosine_1Da,20,False,predicted_spectrum,9113
CASMI2022,massformer,completed,130,130,309,CASMI_MOL_1196926,CASMI_MOL_697712,697712,COc1cc(C)c(C(O)C#CC(F)(F)F)c(C)c1C,0.2846468695571089,binned_cosine_1Da,21,False,predicted_spectrum,9113
CASMI2022,massformer,completed,130,130,309,CASMI_MOL_1196926,CASMI_MOL_692898,692898,COC(=O)C1(C)CC2C(F)=CC1C(=O)C2(OC)OC,0.2837027493159066,binned_cosine_1Da,22,False,predicted_spectrum,9113
CASMI2022,massformer,completed,130,130,309,CASMI_MOL_1196926,CASMI_MOL_694167,694167,COc1c(Cl)ncnc1N1CCN(CCO)CC1,0.28270836142672484,binned_cosine_1Da,23,False,predicted_spectrum,9113
CASMI2022,massformer,completed,130,130,309,CASMI_MOL_1196926,CASMI_MOL_688879,688879,Cc1cccc(F)c1C1(C(=O)O)CCC(F)(F)CC1,0.2818680310628739,binned_cosine_1Da,24,False,predicted_spectrum,9113
CASMI2022,massformer,completed,130,130,309,CASMI_MOL_1196926,CASMI_MOL_697196,697196,COc1c(C)cc(C(O)C#CC(F)(F)F)c(C)c1C,0.28173994844590916,binned_cosine_1Da,25,False,predicted_spectrum,9113
CASMI2022,massformer,completed,130,130,309,CASMI_MOL_1196926,CASMI_MOL_696324,696324,COc1cc(C)c(C=CC(=O)C(F)(F)F)c(C)c1C,0.2810900270453182,binned_cosine_1Da,26,False,predicted_spectrum,9113
CASMI2022,massformer,completed,130,130,309,CASMI_MOL_1196926,CASMI_MOL_697713,697713,COc1cc(C)c(C=CC(=O)C(F)(F)F)c(C)c1C,0.2810900270453182,binned_cosine_1Da,27,False,predicted_spectrum,9113
CASMI2022,massformer,completed,130,130,309,CASMI_MOL_1196926,CASMI_MOL_688874,688874,Cc1cccc(C2(C(=O)O)CCC(F)(F)CC2)c1F,0.28059927917156924,binned_cosine_1Da,28,False,predicted_spectrum,9113
CASMI2022,massformer,completed,130,130,309,CASMI_MOL_1196926,CASMI_MOL_689144,689144,Cc1ccc2c(c1)C(O)C(CCC(F)(F)F)CC2=O,0.27993492011455184,binned_cosine_1Da,29,False,predicted_spectrum,9113
CASMI2022,massformer,completed,130,130,309,CASMI_MOL_1196926,CASMI_MOL_692932,692932,COC(=O)C12C(=O)CC3CC14C=CC1=C(COC1)C42C3,0.27955762944565327,binned_cosine_1Da,30,False,predicted_spectrum,9113
CASMI2022,massformer,completed,130,130,309,CASMI_MOL_1196926,CASMI_MOL_692933,692933,COC(=O)C12C(=O)CC3CC14C=CC1=C(COC1)C42C3,0.27955762944565327,binned_cosine_1Da,31,False,predicted_spectrum,9113
CASMI2022,massformer,completed,130,130,309,CASMI_MOL_1196926,CASMI_MOL_690621,690621,C#CC1(OC(C)=O)C=c2c(C)c(O)oc2=CC1(C)C=C,0.2792021561653106,binned_cosine_1Da,32,False,predicted_spectrum,9113
CASMI2022,massformer,completed,130,130,309,CASMI_MOL_1196926,CASMI_MOL_694521,694521,O=C1c2ccccc2CCCC1CC(O)C(F)(F)F,0.27898899704733254,binned_cosine_1Da,33,False,predicted_spectrum,9113
CASMI2022,massformer,completed,130,130,309,CASMI_MOL_1196926,CASMI_MOL_693663,693663,C=C(C=O)C1CCC2=Cc3c(cc(C)oc3=O)OC2C1,0.2789377005630766,binned_cosine_1Da,34,False,predicted_spectrum,9113
CASMI2022,massformer,completed,130,130,309,CASMI_MOL_1196926,CASMI_MOL_695153,695153,OCc1cc(C2CC2)cc(C2CC2)c1OC(F)(F)F,0.2787706407443075,binned_cosine_1Da,35,False,predicted_spectrum,9113
CASMI2022,massformer,completed,130,130,309,CASMI_MOL_1196926,CASMI_MOL_692194,692194,Cc1ccc(C2(O)CSCCC2(C)C)c(F)c1F,0.27729234325198915,binned_cosine_1Da,36,False,predicted_spectrum,9113
CASMI2022,massformer,completed,130,130,309,CASMI_MOL_1196926,CASMI_MOL_693978,693978,Cc1ccc(F)c(C2(O)CSCC(C)(C)C2)c1F,0.27693067340225985,binned_cosine_1Da,37,False,predicted_spectrum,9113
CASMI2022,massformer,completed,130,130,309,CASMI_MOL_1196926,CASMI_MOL_688887,688887,O=C(O)CC(C1CCCc2ccccc21)C(F)(F)F,0.27670916136089946,binned_cosine_1Da,38,False,predicted_spectrum,9113
CASMI2022,massformer,completed,130,130,309,CASMI_MOL_1196926,CASMI_MOL_689455,689455,CC1(C(=O)O)C=CC(=C2C=CC(C)(C(=O)O)C=C2)C=C1,0.2763468628479036,binned_cosine_1Da,39,False,predicted_spectrum,9113
CASMI2022,massformer,completed,130,130,309,CASMI_MOL_1196926,CASMI_MOL_691240,691240,Cc1cccc(C(F)(F)F)c1C1(C(=O)O)CCCC1,0.2744579470510175,binned_cosine_1Da,40,False,predicted_spectrum,9113
CASMI2022,massformer,completed,130,130,309,CASMI_MOL_1196926,CASMI_MOL_691572,691572,O=c1c(Cl)c(N2CCCNCC2)cnn1CCO,0.2744358965338456,binned_cosine_1Da,41,False,predicted_spectrum,9113
CASMI2022,massformer,completed,130,130,309,CASMI_MOL_1196926,CASMI_MOL_688899,688899,Cc1cc(C(F)(F)F)ccc1C1(C(=O)O)CC1(C)C,0.274321040036882,binned_cosine_1Da,42,False,predicted_spectrum,9113
CASMI2022,massformer,completed,130,130,309,CASMI_MOL_1196926,CASMI_MOL_690260,690260,O=c1[nH]cnc(N2CCCN(CCO)CC2)c1Cl,0.2742571608739278,binned_cosine_1Da,43,False,predicted_spectrum,9113
CASMI2022,massformer,completed,130,130,309,CASMI_MOL_1196926,CASMI_MOL_697503,697503,Fc1cccc(COCC2=NCc3nccnc3N2)c1,0.27404381166707736,binned_cosine_1Da,44,False,predicted_spectrum,9113
CASMI2022,massformer,completed,130,130,309,CASMI_MOL_1196926,CASMI_MOL_688797,688797,CC1(C(=O)O)C=CC=CC1=C1C=CC=CC1(C)C(=O)O,0.2736495058964761,binned_cosine_1Da,45,False,predicted_spectrum,9113
CASMI2022,massformer,completed,130,130,309,CASMI_MOL_1196926,CASMI_MOL_689205,689205,CC(F)(F)C(=O)OC1CCC(c2cccc(F)c2)C1,0.27299045905786024,binned_cosine_1Da,46,False,predicted_spectrum,9113
CASMI2022,massformer,completed,130,130,309,CASMI_MOL_1196926,CASMI_MOL_693711,693711,COCCOc1nnc(Cl)cc1N1CCNCC1,0.272722206573077,binned_cosine_1Da,47,False,predicted_spectrum,9113
CASMI2022,massformer,completed,130,130,309,CASMI_MOL_1196926,CASMI_MOL_694942,694942,Cc1c(C)n2ncc(Cl)c2n1N(CCO)CCO,0.27206125077182525,binned_cosine_1Da,48,False,predicted_spectrum,9113
CASMI2022,massformer,completed,130,130,309,CASMI_MOL_1196926,CASMI_MOL_693166,693166,C=CC12CC=C3C4OC(CC4=O)C3C1C1CC(=O)C2O1,0.27205357797084284,binned_cosine_1Da,49,False,predicted_spectrum,9113
CASMI2022,massformer,completed,130,130,309,CASMI_MOL_1196926,CASMI_MOL_693167,693167,C=CC12CC=C3C4OC(CC4=O)C3C1C1CC(=O)C2O1,0.27205357797084284,binned_cosine_1Da,50,False,predicted_spectrum,9113
CASMI2022,massformer,completed,130,130,309,CASMI_MOL_1196926,CASMI_MOL_690880,690880,CC(=O)C12C3C4OC4C4C3C3C1C1OC1C3C42C(C)=O,0.27183215851268344,binned_cosine_1Da,51,False,predicted_spectrum,9113
CASMI2022,massformer,completed,130,130,309,CASMI_MOL_1196926,CASMI_MOL_690881,690881,CC(=O)C12C3C4OC4C4C3C3C1C1OC1C3C42C(C)=O,0.27183215851268344,binned_cosine_1Da,52,False,predicted_spectrum,9113
CASMI2022,massformer,completed,130,130,309,CASMI_MOL_1196926,CASMI_MOL_693208,693208,CC(=O)C12C3C4OC4C4C3C3C1C1OC1C3C42C(C)=O,0.27183215851268344,binned_cosine_1Da,53,False,predicted_spectrum,9113
CASMI2022,massformer,completed,130,130,309,CASMI_MOL_1196926,CASMI_MOL_693209,693209,CC(=O)C12C3C4OC4C4C3C3C1C1OC1C3C42C(C)=O,0.27183215851268344,binned_cosine_1Da,54,False,predicted_spectrum,9113
CASMI2022,massformer,completed,130,130,309,CASMI_MOL_1196926,CASMI_MOL_693212,693212,CC(=O)C12C3C4OC4C4C3C3C1C1OC1C3C42C(C)=O,0.27183215851268344,binned_cosine_1Da,55,False,predicted_spectrum,9113
CASMI2022,massformer,completed,130,130,309,CASMI_MOL_1196926,CASMI_MOL_693213,693213,CC(=O)C12C3C4OC4C4C3C3C1C1OC1C3C42C(C)=O,0.27183215851268344,binned_cosine_1Da,56,False,predicted_spectrum,9113
CASMI2022,massformer,completed,130,130,309,CASMI_MOL_1196926,CASMI_MOL_693214,693214,CC(=O)C12C3C4OC4C4C3C3C1C1OC1C3C42C(C)=O,0.27183215851268344,binned_cosine_1Da,57,False,predicted_spectrum,9113
CASMI2022,massformer,completed,130,130,309,CASMI_MOL_1196926,CASMI_MOL_693215,693215,CC(=O)C12C3C4OC4C4C3C3C1C1OC1C3C42C(C)=O,0.27183215851268344,binned_cosine_1Da,58,False,predicted_spectrum,9113
CASMI2022,massformer,completed,130,130,309,CASMI_MOL_1196926,CASMI_MOL_693528,693528,CC(=O)C12C3C4OC4C4C3C3C1C1OC1C3C42C(C)=O,0.27183215851268344,binned_cosine_1Da,59,False,predicted_spectrum,9113
CASMI2022,massformer,completed,130,130,309,CASMI_MOL_1196926,CASMI_MOL_693979,693979,Cc1ccc(F)c(C2(O)CSCCC2(C)C)c1F,0.2712483794551866,binned_cosine_1Da,60,False,predicted_spectrum,9113
CASMI2022,massformer,completed,130,130,309,CASMI_MOL_1196926,CASMI_MOL_692190,692190,O=C(NCc1nn[nH]n1)c1ncccc1C#CCCO,0.2705389213592811,binned_cosine_1Da,61,False,predicted_spectrum,9113
CASMI2022,massformer,completed,130,130,309,CASMI_MOL_1196926,CASMI_MOL_697106,697106,COC1(c2ccccc2C(F)(F)F)CCC(=O)CC1,0.2697329990581627,binned_cosine_1Da,62,False,predicted_spectrum,9113
CASMI2022,massformer,completed,130,130,309,CASMI_MOL_1196926,CASMI_MOL_694763,694763,O=C(O)C1(C(F)(F)F)CC2CC1C1C3C=CC(C3)C21,0.2696257838551738,binned_cosine_1Da,63,False,predicted_spectrum,9113
CASMI2022,massformer,completed,130,130,309,CASMI_MOL_1196926,CASMI_MOL_696362,696362,O=C1CC23CCC1C1OC12C(=O)OCC31C=CCC=C1,0.26954190470087913,binned_cosine_1Da,64,False,predicted_spectrum,9113
CASMI2022,massformer,completed,130,130,309,CASMI_MOL_1196926,CASMI_MOL_689995,689995,C=C(C)C(=O)Oc1ccc(OCCO)c2ccccc12,0.26937114239265786,binned_cosine_1Da,65,False,predicted_spectrum,9113
CASMI2022,massformer,completed,130,130,309,CASMI_MOL_1196926,CASMI_MOL_691463,691463,CC1(C)CC(C(=O)O)(c2ccccc2C(F)(F)F)C1,0.2691635487803477,binned_cosine_1Da,66,False,predicted_spectrum,9113
CASMI2022,massformer,completed,130,130,309,CASMI_MOL_1196926,CASMI_MOL_689998,689998,C=C(C)C(=O)Oc1ccc2c(OCCO)cccc2c1,0.2691323311522265,binned_cosine_1Da,67,False,predicted_spectrum,9113
CASMI2022,massformer,completed,130,130,309,CASMI_MOL_1196926,CASMI_MOL_688881,688881,Cc1ccc(F)cc1C1(C(=O)O)CCC(F)(F)CC1,0.2683031227132684,binned_cosine_1Da,68,False,predicted_spectrum,9113
CASMI2022,massformer,completed,130,130,309,CASMI_MOL_1196926,CASMI_MOL_693145,693145,COC(=O)C12CCC(=O)C=C1C(=Cc1ccco1)CC2,0.2682742284369006,binned_cosine_1Da,69,False,predicted_spectrum,9113
CASMI2022,massformer,completed,130,130,309,CASMI_MOL_1196926,CASMI_MOL_688893,688893,Cc1cc(F)ccc1C1(C(=O)O)CCC(F)(F)CC1,0.2681773783422041,binned_cosine_1Da,70,False,predicted_spectrum,9113
CASMI2022,massformer,completed,130,130,309,CASMI_MOL_1196926,CASMI_MOL_690001,690001,C=C(C)C(=O)Oc1cccc2c(OCCO)cccc12,0.26801862828517725,binned_cosine_1Da,71,False,predicted_spectrum,9113
CASMI2022,massformer,completed,130,130,309,CASMI_MOL_1196926,CASMI_MOL_688880,688880,Cc1c(F)cccc1C1(C(=O)O)CCC(F)(F)CC1,0.2679807433215703,binned_cosine_1Da,72,False,predicted_spectrum,9113
CASMI2022,massformer,completed,130,130,309,CASMI_MOL_1196926,CASMI_MOL_691777,691777,CN1CCC(Nc2cnn(CCO)c(=O)c2Cl)C1,0.2676971547126109,binned_cosine_1Da,73,False,predicted_spectrum,9113
CASMI2022,massformer,completed,130,130,309,CASMI_MOL_1196926,CASMI_MOL_693456,693456,COc1cc2c(cc1CC=O)C(C)(C(F)(F)F)CC2,0.26762832748516946,binned_cosine_1Da,74,False,predicted_spectrum,9113
CASMI2022,massformer,completed,130,130,309,CASMI_MOL_1196926,CASMI_MOL_693009,693009,CC(=O)CC(O)(C=Cc1ccc(C)cc1)C(F)(F)F,0.2668453634229513,binned_cosine_1Da,75,False,predicted_spectrum,9113
CASMI2022,massformer,completed,130,130,309,CASMI_MOL_1196926,CASMI_MOL_688901,688901,Cc1ccc(F)c(C2(C(=O)O)CCC(F)(F)CC2)c1,0.266804813793548,binned_cosine_1Da,76,False,predicted_spectrum,9113
CASMI2022,massformer,completed,130,130,309,CASMI_MOL_1196926,CASMI_MOL_691466,691466,CC1CCC(C(=O)O)(c2ccc(C(F)(F)F)cc2)C1,0.2667818738115823,binned_cosine_1Da,77,False,predicted_spectrum,9113
CASMI2022,massformer,completed,130,130,309,CASMI_MOL_1196926,CASMI_MOL_696501,696501,CC(C)(CC(=O)C(F)(F)F)c1cccc2c1OCC2,0.2662360000483659,binned_cosine_1Da,78,False,predicted_spectrum,9113
CASMI2022,massformer,completed,130,130,309,CASMI_MOL_1196926,CASMI_MOL_688896,688896,Cc1ccc(C2(C(=O)O)CC2(C)C)cc1C(F)(F)F,0.26620508642293206,binned_cosine_1Da,79,False,predicted_spectrum,9113
CASMI2022,massformer,completed,130,130,309,CASMI_MOL_1196926,CASMI_MOL_689466,689466,C=CC(=O)OC1=Cc2ccccc2C(C)(C(=O)O)C1C,0.2660834492645618,binned_cosine_1Da,80,False,predicted_spectrum,9113
CASMI2022,massformer,completed,130,130,309,CASMI_MOL_1196926,CASMI_MOL_693694,693694,O=CC(=O)Oc1cc2c(c3c1CCCC3=O)CCCC2,0.2660190213747759,binned_cosine_1Da,81,False,predicted_spectrum,9113
CASMI2022,massformer,completed,130,130,309,CASMI_MOL_1196926,CASMI_MOL_690628,690628,O=C1C2(CC2)C(=O)C2(CC2)C(=O)C2(CC2)C(=O)C12CC2,0.26590788858188996,binned_cosine_1Da,82,False,predicted_spectrum,9113
CASMI2022,massformer,completed,130,130,309,CASMI_MOL_1196926,CASMI_MOL_689180,689180,Cc1ccc(C2(C(=O)O)CCC(F)(F)CC2)cc1F,0.2658430932683497,binned_cosine_1Da,83,False,predicted_spectrum,9113
CASMI2022,massformer,completed,130,130,309,CASMI_MOL_1196926,CASMI_MOL_691092,691092,O=C(O)C=CC(CO)COc1cccc2ccccc12,0.26581625652163643,binned_cosine_1Da,84,False,predicted_spectrum,9113
CASMI2022,massformer,completed,130,130,309,CASMI_MOL_1196926,CASMI_MOL_694032,694032,O=C(O)CC(CC(F)(F)F)C1(c2ccccc2)CC1,0.2654207839493297,binned_cosine_1Da,85,False,predicted_spectrum,9113
CASMI2022,massformer,completed,130,130,309,CASMI_MOL_1196926,CASMI_MOL_691465,691465,CC1CCC(C(=O)O)(c2cccc(C(F)(F)F)c2)C1,0.2652658230397204,binned_cosine_1Da,86,False,predicted_spectrum,9113
CASMI2022,massformer,completed,130,130,309,CASMI_MOL_1196926,CASMI_MOL_692822,692822,Cc1cc(C(F)(F)F)ccc1C1(O)CCC(=O)CC1,0.26485146393649545,binned_cosine_1Da,87,False,predicted_spectrum,9113
CASMI2022,massformer,completed,130,130,309,CASMI_MOL_1196926,CASMI_MOL_689176,689176,O=C(O)C1(c2ccccc2)CCC(C(F)(F)F)CC1,0.264733291680215,binned_cosine_1Da,88,False,predicted_spectrum,9113
CASMI2022,massformer,completed,130,130,309,CASMI_MOL_1196926,CASMI_MOL_697136,697136,C=CCOc1c(C(=C)C)c(=O)oc2c(C)c(O)ccc12,0.26458858120037587,binned_cosine_1Da,89,False,predicted_spectrum,9113
CASMI2022,massformer,completed,130,130,309,CASMI_MOL_1196926,CASMI_MOL_693552,693552,C=C(C)C(=O)Oc1ccc(C#CC(=O)O)c(CCC)c1,0.26439616321513215,binned_cosine_1Da,90,False,predicted_spectrum,9113
CASMI2022,massformer,completed,130,130,309,CASMI_MOL_1196926,CASMI_MOL_690406,690406,O=CC1CCC(O)(c2ccc(C(F)(F)F)cc2)CC1,0.26438098637658375,binned_cosine_1Da,91,False,predicted_spectrum,9113
CASMI2022,massformer,completed,130,130,309,CASMI_MOL_1196926,CASMI_MOL_688882,688882,Cc1ccc(C2(C(=O)O)CCC(F)(F)CC2)c(F)c1,0.26435872853550035,binned_cosine_1Da,92,False,predicted_spectrum,9113
CASMI2022,massformer,completed,130,130,309,CASMI_MOL_1196926,CASMI_MOL_694926,694926,C=COC(=O)c1ccc(C(=O)OC=C)c2c1CCCC2,0.26413479775976223,binned_cosine_1Da,93,False,predicted_spectrum,9113
CASMI2022,massformer,completed,130,130,309,CASMI_MOL_1196926,CASMI_MOL_691770,691770,CCN(c1cnn(CCO)c(=O)c1Cl)C1CNC1,0.2634382703108512,binned_cosine_1Da,94,False,predicted_spectrum,9113
CASMI2022,massformer,completed,130,130,309,CASMI_MOL_1196926,CASMI_MOL_689167,689167,CC=CCCc1cc(C)c(C(=O)O)cc1C(F)(F)F,0.26337863199225914,binned_cosine_1Da,95,False,predicted_spectrum,9113
CASMI2022,massformer,completed,130,130,309,CASMI_MOL_1196926,CASMI_MOL_693805,693805,O=C1OCOC(=O)C23C=CC1(C1=C2C1)C31CCCCC1,0.2631178703897209,binned_cosine_1Da,96,False,predicted_spectrum,9113
CASMI2022,massformer,completed,130,130,309,CASMI_MOL_1196926,CASMI_MOL_695239,695239,O=C1OCOC(=O)C23C=CC1(C1=C2C1)C31CCCCC1,0.2631178703897209,binned_cosine_1Da,97,False,predicted_spectrum,9113
CASMI2022,massformer,completed,130,130,309,CASMI_MOL_1196926,CASMI_MOL_697431,697431,O=C1OCOC(=O)C23C=CC1(C1=C2C1)C31CCCCC1,0.2631178703897209,binned_cosine_1Da,98,False,predicted_spectrum,9113
CASMI2022,massformer,completed,130,130,309,CASMI_MOL_1196926,CASMI_MOL_691926,691926,Cn1c(Cl)cnc1CN1CCN(C(=O)CO)CC1,0.26309499171734785,binned_cosine_1Da,99,False,predicted_spectrum,9113
CASMI2022,massformer,completed,130,130,309,CASMI_MOL_1196926,CASMI_MOL_694505,694505,CC1CCCC1(C(=O)O)c1cccc(C(F)(F)F)c1,0.26298918717419806,binned_cosine_1Da,100,False,predicted_spectrum,9113
CASMI2022,massformer,completed,130,130,309,CASMI_MOL_1196926,CASMI_MOL_1196926,1196926,COc1cccc2c(O)c3c(c(O)c12)=C(C)OC(C)C=3,0.037767280938822166,binned_cosine_1Da,8113,True,predicted_spectrum,9113
CASMI2022,massformer,completed,131,131,310,CASMI_MOL_1196928,CASMI_MOL_705043,705043,CCCC1(O)C=CC(CC(N)C(=O)O)=CC1,0.6531148660881111,binned_cosine_1Da,1,False,predicted_spectrum,9650
CASMI2022,massformer,completed,131,131,310,CASMI_MOL_1196928,CASMI_MOL_705594,705594,CCCC1(O)C=CC(CC(N)C(=O)O)=CC1,0.6531148660881111,binned_cosine_1Da,2,False,predicted_spectrum,9650
CASMI2022,massformer,completed,131,131,310,CASMI_MOL_1196928,CASMI_MOL_698617,698617,CCCC(O)C1C=CC=C(C)C1(C)[N+](=O)[O-],0.6468227563333696,binned_cosine_1Da,3,False,predicted_spectrum,9650
CASMI2022,massformer,completed,131,131,310,CASMI_MOL_1196928,CASMI_MOL_698190,698190,CC1(C)C2C=CC(C(O)C(N)C(=O)O)C1C2,0.6399441531667044,binned_cosine_1Da,4,False,predicted_spectrum,9650
CASMI2022,massformer,completed,131,131,310,CASMI_MOL_1196928,CASMI_MOL_705595,705595,CCCC1(O)C=CC(CC(N)C(=O)O)C=C1,0.6369332359033696,binned_cosine_1Da,5,False,predicted_spectrum,9650
CASMI2022,massformer,completed,131,131,310,CASMI_MOL_1196928,CASMI_MOL_698694,698694,NC(CCOCC1CC2C=CC1C2)C(=O)O,0.6274395317866756,binned_cosine_1Da,6,False,predicted_spectrum,9650
CASMI2022,massformer,completed,131,131,310,CASMI_MOL_1196928,CASMI_MOL_698695,698695,NC(CCOCC1CC2C=CC1C2)C(=O)O,0.6274395317866756,binned_cosine_1Da,7,False,predicted_spectrum,9650
CASMI2022,massformer,completed,131,131,310,CASMI_MOL_1196928,CASMI_MOL_703667,703667,O=C(CNO)OC12CC3CC(CC(C3)C1)C2,0.6251529347428616,binned_cosine_1Da,8,False,predicted_spectrum,9650
CASMI2022,massformer,completed,131,131,310,CASMI_MOL_1196928,CASMI_MOL_698827,698827,CC(=O)C1=CCC(C(=O)C(N)CO)CCC1,0.6185246007856665,binned_cosine_1Da,9,False,predicted_spectrum,9650
CASMI2022,massformer,completed,131,131,310,CASMI_MOL_1196928,CASMI_MOL_703163,703163,CC([N+](=O)[O-])C12CC3CC(C1)C(O)C(C3)C2,0.6179355449635764,binned_cosine_1Da,10,False,predicted_spectrum,9650
CASMI2022,massformer,completed,131,131,310,CASMI_MOL_1196928,CASMI_MOL_705568,705568,NCC(=O)OC12CC3CC(CC(C3)C1O)C2,0.6161164627718324,binned_cosine_1Da,11,False,predicted_spectrum,9650
CASMI2022,massformer,completed,131,131,310,CASMI_MOL_1196928,CASMI_MOL_705277,705277,COC1C=CC(CCCC(N)C(=O)O)=CC1,0.6154127350796051,binned_cosine_1Da,12,False,predicted_spectrum,9650
CASMI2022,massformer,completed,131,131,310,CASMI_MOL_1196928,CASMI_MOL_703655,703655,C=C(CC1CCC(C(C)=O)CC1)C(=O)ON,0.6153847397245584,binned_cosine_1Da,13,False,predicted_spectrum,9650
CASMI2022,massformer,completed,131,131,310,CASMI_MOL_1196928,CASMI_MOL_697905,697905,CNC(=O)OC1CC2C3CC(O)C(C3)C2C1,0.6103309876800302,binned_cosine_1Da,14,False,predicted_spectrum,9650
CASMI2022,massformer,completed,131,131,310,CASMI_MOL_1196928,CASMI_MOL_703681,703681,COC1C2CC3CC1CC(C[N+](=O)[O-])(C3)C2,0.6086366075768033,binned_cosine_1Da,15,False,predicted_spectrum,9650
CASMI2022,massformer,completed,131,131,310,CASMI_MOL_1196928,CASMI_MOL_703334,703334,NCC(=O)OC12CC3CC(CC(O)(C3)C1)C2,0.6084417015833543,binned_cosine_1Da,16,False,predicted_spectrum,9650
CASMI2022,massformer,completed,131,131,310,CASMI_MOL_1196928,CASMI_MOL_703335,703335,NCC(=O)OC12CC3CC(CC(O)(C3)C1)C2,0.6084417015833543,binned_cosine_1Da,17,False,predicted_spectrum,9650
CASMI2022,massformer,completed,131,131,310,CASMI_MOL_1196928,CASMI_MOL_703432,703432,NCC(=O)OC12CC3CC(CC(O)(C3)C1)C2,0.6084417015833543,binned_cosine_1Da,18,False,predicted_spectrum,9650
CASMI2022,massformer,completed,131,131,310,CASMI_MOL_1196928,CASMI_MOL_700640,700640,COCc1ccc(C(N)C2CCC(C)O2)o1,0.6081056434805137,binned_cosine_1Da,19,False,predicted_spectrum,9650
CASMI2022,massformer,completed,131,131,310,CASMI_MOL_1196928,CASMI_MOL_703226,703226,C=CC1CCC(C=C)C1(O)CNC(=O)OC,0.6069646558341072,binned_cosine_1Da,20,False,predicted_spectrum,9650
CASMI2022,massformer,completed,131,131,310,CASMI_MOL_1196928,CASMI_MOL_705207,705207,ON=C(O)CC12CC3CC(CC(O)(C3)C1)C2,0.6066090723891249,binned_cosine_1Da,21,False,predicted_spectrum,9650
CASMI2022,massformer,completed,131,131,310,CASMI_MOL_1196928,CASMI_MOL_705213,705213,ON=C(O)CC12CC3CC(CC(O)(C3)C1)C2,0.6066090723891249,binned_cosine_1Da,22,False,predicted_spectrum,9650
CASMI2022,massformer,completed,131,131,310,CASMI_MOL_1196928,CASMI_MOL_699535,699535,CC1(C)C2CC=C(CCOC(O)=NO)C1C2,0.6060072937086224,binned_cosine_1Da,23,False,predicted_spectrum,9650
CASMI2022,massformer,completed,131,131,310,CASMI_MOL_1196928,CASMI_MOL_705250,705250,CCCOC1C=CC(CC(=N)C(=O)O)CC1,0.6040070665805328,binned_cosine_1Da,24,False,predicted_spectrum,9650
CASMI2022,massformer,completed,131,131,310,CASMI_MOL_1196928,CASMI_MOL_705567,705567,O=C(O)CNC1C2CC3CC(C2)CC1(O)C3,0.6038142899727331,binned_cosine_1Da,25,False,predicted_spectrum,9650
CASMI2022,massformer,completed,131,131,310,CASMI_MOL_1196928,CASMI_MOL_699655,699655,CC(=O)C1=CC(CC(C)(N)C(=O)O)CCC1,0.600757951198664,binned_cosine_1Da,26,False,predicted_spectrum,9650
CASMI2022,massformer,completed,131,131,310,CASMI_MOL_1196928,CASMI_MOL_706565,706565,CC(C)CC(N)C(O)c1ccc(O)c(O)c1,0.6006073485705644,binned_cosine_1Da,27,False,predicted_spectrum,9650
CASMI2022,massformer,completed,131,131,310,CASMI_MOL_1196928,CASMI_MOL_699692,699692,ON=C(O)C12CC3CCC(O)C(C1)C(C3)C2,0.600563672181153,binned_cosine_1Da,28,False,predicted_spectrum,9650
CASMI2022,massformer,completed,131,131,310,CASMI_MOL_1196928,CASMI_MOL_701145,701145,COCc1ccc(C(N)C2COC(C)C2)o1,0.5996985121785845,binned_cosine_1Da,29,False,predicted_spectrum,9650
CASMI2022,massformer,completed,131,131,310,CASMI_MOL_1196928,CASMI_MOL_705296,705296,CC(CN)CC(O)COc1ccc(O)cc1,0.5988549774016737,binned_cosine_1Da,30,False,predicted_spectrum,9650
CASMI2022,massformer,completed,131,131,310,CASMI_MOL_1196928,CASMI_MOL_700636,700636,COCc1ccc(C(N)C2CCOC2C)o1,0.5987747542084779,binned_cosine_1Da,31,False,predicted_spectrum,9650
CASMI2022,massformer,completed,131,131,310,CASMI_MOL_1196928,CASMI_MOL_699027,699027,CCC1=CC(OCC(=O)NCCO)CC=C1,0.5975685024744977,binned_cosine_1Da,32,False,predicted_spectrum,9650
CASMI2022,massformer,completed,131,131,310,CASMI_MOL_1196928,CASMI_MOL_703926,703926,CC1=CC(C)(CC(=O)CC[N+](=O)[O-])CCC1,0.5937250529330574,binned_cosine_1Da,33,False,predicted_spectrum,9650
CASMI2022,massformer,completed,131,131,310,CASMI_MOL_1196928,CASMI_MOL_698532,698532,C=CC=CC(=CC)CCC(O)CC(O)=NO,0.5932462814394356,binned_cosine_1Da,34,False,predicted_spectrum,9650
CASMI2022,massformer,completed,131,131,310,CASMI_MOL_1196928,CASMI_MOL_697838,697838,CC1(C(N)C(=O)O)CC2CC3CC(O)(C1)C23,0.5930635184228512,binned_cosine_1Da,35,False,predicted_spectrum,9650
CASMI2022,massformer,completed,131,131,310,CASMI_MOL_1196928,CASMI_MOL_698921,698921,CC1(O)C(=NCC(=O)O)CC2CC1C2(C)C,0.5921868560027577,binned_cosine_1Da,36,False,predicted_spectrum,9650
CASMI2022,massformer,completed,131,131,310,CASMI_MOL_1196928,CASMI_MOL_703577,703577,CC1(O)C(=NCC(=O)O)CC2CC1C2(C)C,0.5921868560027577,binned_cosine_1Da,37,False,predicted_spectrum,9650
CASMI2022,massformer,completed,131,131,310,CASMI_MOL_1196928,CASMI_MOL_703801,703801,CON=C1C(CC(=O)O)CC2CC1C2(C)C,0.5921819393374189,binned_cosine_1Da,38,False,predicted_spectrum,9650
CASMI2022,massformer,completed,131,131,310,CASMI_MOL_1196928,CASMI_MOL_703587,703587,CC1C(OC=O)CC2CC1(C(N)=O)C2(C)C,0.589983418576496,binned_cosine_1Da,39,False,predicted_spectrum,9650
CASMI2022,massformer,completed,131,131,310,CASMI_MOL_1196928,CASMI_MOL_705521,705521,C=CCC1CC(C[N+](=O)[O-])CC1(C)C(C)=O,0.5890956893079228,binned_cosine_1Da,40,False,predicted_spectrum,9650
CASMI2022,massformer,completed,131,131,310,CASMI_MOL_1196928,CASMI_MOL_705522,705522,C=CCC1CC(C[N+](=O)[O-])CC1(C)C(C)=O,0.5890956893079228,binned_cosine_1Da,41,False,predicted_spectrum,9650
CASMI2022,massformer,completed,131,131,310,CASMI_MOL_1196928,CASMI_MOL_705297,705297,CC(O)C(Oc1ccc(O)cc1)C(C)CN,0.5835831103423224,binned_cosine_1Da,42,False,predicted_spectrum,9650
CASMI2022,massformer,completed,131,131,310,CASMI_MOL_1196928,CASMI_MOL_700506,700506,O=C(CC1C=CCC1)N1CCOCC1CO,0.5828357200867067,binned_cosine_1Da,43,False,predicted_spectrum,9650
CASMI2022,massformer,completed,131,131,310,CASMI_MOL_1196928,CASMI_MOL_698177,698177,COC(=O)C(N)C1(C2CC3CCC2O3)CC1,0.58271557626965,binned_cosine_1Da,44,False,predicted_spectrum,9650
CASMI2022,massformer,completed,131,131,310,CASMI_MOL_1196928,CASMI_MOL_698673,698673,CC1(C(=O)CCCCCC(N)C(=O)O)C=C1,0.5826902622823052,binned_cosine_1Da,45,False,predicted_spectrum,9650
CASMI2022,massformer,completed,131,131,310,CASMI_MOL_1196928,CASMI_MOL_703711,703711,CC(=CC=C(C1C(C)CC1C)[N+](=O)[O-])CO,0.5823152462969687,binned_cosine_1Da,46,False,predicted_spectrum,9650
CASMI2022,massformer,completed,131,131,310,CASMI_MOL_1196928,CASMI_MOL_701404,701404,CC(C)OC(=O)C1(C(=O)CN)CC2CC2C1,0.5821021776916748,binned_cosine_1Da,47,False,predicted_spectrum,9650
CASMI2022,massformer,completed,131,131,310,CASMI_MOL_1196928,CASMI_MOL_703151,703151,CC(=O)OCC1(C)CC=C(C)CCC1=NO,0.5819052444270457,binned_cosine_1Da,48,False,predicted_spectrum,9650
CASMI2022,massformer,completed,131,131,310,CASMI_MOL_1196928,CASMI_MOL_698165,698165,CCOC(=O)N1CCC(C2(C=O)CC2)CC1,0.5784933363363916,binned_cosine_1Da,49,False,predicted_spectrum,9650
CASMI2022,massformer,completed,131,131,310,CASMI_MOL_1196928,CASMI_MOL_699674,699674,COC(=O)C(=N)CC1=CCC(OC)C(C)C1,0.5784567985147264,binned_cosine_1Da,50,False,predicted_spectrum,9650
CASMI2022,massformer,completed,131,131,310,CASMI_MOL_1196928,CASMI_MOL_698837,698837,ONC1CCC(C2(O)C=CC=CC2O)CC1,0.576815591949728,binned_cosine_1Da,51,False,predicted_spectrum,9650
CASMI2022,massformer,completed,131,131,310,CASMI_MOL_1196928,CASMI_MOL_707254,707254,CCC(O)C=CC1OCC(O)C1CCC#N,0.5757785818719633,binned_cosine_1Da,52,False,predicted_spectrum,9650
CASMI2022,massformer,completed,131,131,310,CASMI_MOL_1196928,CASMI_MOL_707256,707256,CCC(O)C=CC1OCC(O)C1CCC#N,0.5757785818719633,binned_cosine_1Da,53,False,predicted_spectrum,9650
CASMI2022,massformer,completed,131,131,310,CASMI_MOL_1196928,CASMI_MOL_703747,703747,CC1=C(C)CC(C(C=O)COC(N)=O)CC1,0.5756893443163936,binned_cosine_1Da,54,False,predicted_spectrum,9650
CASMI2022,massformer,completed,131,131,310,CASMI_MOL_1196928,CASMI_MOL_698687,698687,COC1C(C)=CCC2C(N)CC(=O)OC12C,0.5754867346534283,binned_cosine_1Da,55,False,predicted_spectrum,9650
CASMI2022,massformer,completed,131,131,310,CASMI_MOL_1196928,CASMI_MOL_702502,702502,COC1CCC(O)(C2(C#N)CCOC2)CC1,0.5753244775264544,binned_cosine_1Da,56,False,predicted_spectrum,9650
CASMI2022,massformer,completed,131,131,310,CASMI_MOL_1196928,CASMI_MOL_705266,705266,CC1C(=O)CC2(C(N)C(=O)O)CCCC1C2,0.5742700817575552,binned_cosine_1Da,57,False,predicted_spectrum,9650
CASMI2022,massformer,completed,131,131,310,CASMI_MOL_1196928,CASMI_MOL_705418,705418,COC1C2CC3CC1CC(OC(N)=O)(C3)C2,0.5741906989479352,binned_cosine_1Da,58,False,predicted_spectrum,9650
CASMI2022,massformer,completed,131,131,310,CASMI_MOL_1196928,CASMI_MOL_705449,705449,COC12CC3CC(C1)C(OC(N)=O)C(C3)C2,0.5737945510624148,binned_cosine_1Da,59,False,predicted_spectrum,9650
CASMI2022,massformer,completed,131,131,310,CASMI_MOL_1196928,CASMI_MOL_699417,699417,CC([N+](=O)[O-])C12CC3CC(CC(O)(C3)C1)C2,0.5729164522640334,binned_cosine_1Da,60,False,predicted_spectrum,9650
CASMI2022,massformer,completed,131,131,310,CASMI_MOL_1196928,CASMI_MOL_698359,698359,C=CCCCC(C(=O)OCN=C)C(O)C=C,0.5717350154022922,binned_cosine_1Da,61,False,predicted_spectrum,9650
CASMI2022,massformer,completed,131,131,310,CASMI_MOL_1196928,CASMI_MOL_701884,701884,COC1CCCC(O)(C2(C#N)CCOC2)C1,0.5715962209341665,binned_cosine_1Da,62,False,predicted_spectrum,9650
CASMI2022,massformer,completed,131,131,310,CASMI_MOL_1196928,CASMI_MOL_700637,700637,COCc1ccc(C(N)C2OCCC2C)o1,0.5712754010913568,binned_cosine_1Da,63,False,predicted_spectrum,9650
CASMI2022,massformer,completed,131,131,310,CASMI_MOL_1196928,CASMI_MOL_705390,705390,C=CC1C(O)CCC12CCN(C(=O)O)CC2,0.5708079025771263,binned_cosine_1Da,64,False,predicted_spectrum,9650
CASMI2022,massformer,completed,131,131,310,CASMI_MOL_1196928,CASMI_MOL_698632,698632,CC(C)CC(O)C(N)Oc1ccc(O)cc1,0.5698835375387491,binned_cosine_1Da,65,False,predicted_spectrum,9650
CASMI2022,massformer,completed,131,131,310,CASMI_MOL_1196928,CASMI_MOL_699418,699418,CC(C)CC(O)C(N)Oc1ccc(O)cc1,0.5698835375387491,binned_cosine_1Da,66,False,predicted_spectrum,9650
CASMI2022,massformer,completed,131,131,310,CASMI_MOL_1196928,CASMI_MOL_698658,698658,CC12CCC(C1)C(C)(C)C2=NOCC(=O)O,0.5688885536143844,binned_cosine_1Da,67,False,predicted_spectrum,9650
CASMI2022,massformer,completed,131,131,310,CASMI_MOL_1196928,CASMI_MOL_699125,699125,CC12CCC(C1)C(C)(C)C2=NOCC(=O)O,0.5688885536143844,binned_cosine_1Da,68,False,predicted_spectrum,9650
CASMI2022,massformer,completed,131,131,310,CASMI_MOL_1196928,CASMI_MOL_699127,699127,CC12CCC(C1)C(C)(C)C2=NOCC(=O)O,0.5688885536143844,binned_cosine_1Da,69,False,predicted_spectrum,9650
CASMI2022,massformer,completed,131,131,310,CASMI_MOL_1196928,CASMI_MOL_700931,700931,CC12CCC(C1)C(C)(C)C2=NOCC(=O)O,0.5688885536143844,binned_cosine_1Da,70,False,predicted_spectrum,9650
CASMI2022,massformer,completed,131,131,310,CASMI_MOL_1196928,CASMI_MOL_699223,699223,CCC12CNC3CC1C(COC2=O)CC3O,0.5688211468593519,binned_cosine_1Da,71,False,predicted_spectrum,9650
CASMI2022,massformer,completed,131,131,310,CASMI_MOL_1196928,CASMI_MOL_699239,699239,CCC12CNC3CC1C(COC2=O)CC3O,0.5688211468593519,binned_cosine_1Da,72,False,predicted_spectrum,9650
CASMI2022,massformer,completed,131,131,310,CASMI_MOL_1196928,CASMI_MOL_707403,707403,CCC12CNC3CC1C(COC2=O)CC3O,0.5688211468593519,binned_cosine_1Da,73,False,predicted_spectrum,9650
CASMI2022,massformer,completed,131,131,310,CASMI_MOL_1196928,CASMI_MOL_697837,697837,COC1=C(C(C)=O)C=CC(OCCCN)C1,0.5686475586620967,binned_cosine_1Da,74,False,predicted_spectrum,9650
CASMI2022,massformer,completed,131,131,310,CASMI_MOL_1196928,CASMI_MOL_699884,699884,CC(=O)CC(C)C1([N+](=O)[O-])CC=C(C)CC1,0.5682019584628579,binned_cosine_1Da,75,False,predicted_spectrum,9650
CASMI2022,massformer,completed,131,131,310,CASMI_MOL_1196928,CASMI_MOL_698946,698946,C#CCOC1C(C)CC(C(N)=O)CC1OC,0.568160382195446,binned_cosine_1Da,76,False,predicted_spectrum,9650
CASMI2022,massformer,completed,131,131,310,CASMI_MOL_1196928,CASMI_MOL_705285,705285,CCOC(=O)CCC1C=CCC(=O)C1(C)N,0.5673518530223899,binned_cosine_1Da,77,False,predicted_spectrum,9650
CASMI2022,massformer,completed,131,131,310,CASMI_MOL_1196928,CASMI_MOL_705554,705554,COCC1=CC2C(C1)CC2(CN)CC(=O)O,0.5658242456507944,binned_cosine_1Da,78,False,predicted_spectrum,9650
CASMI2022,massformer,completed,131,131,310,CASMI_MOL_1196928,CASMI_MOL_698244,698244,COCc1ccc(C2(N)CCC(O)CC2)o1,0.5655841970225819,binned_cosine_1Da,79,False,predicted_spectrum,9650
CASMI2022,massformer,completed,131,131,310,CASMI_MOL_1196928,CASMI_MOL_697890,697890,CC12CCC(CC1=NOCC(=O)O)C2(C)C,0.5650066854412192,binned_cosine_1Da,80,False,predicted_spectrum,9650
CASMI2022,massformer,completed,131,131,310,CASMI_MOL_1196928,CASMI_MOL_699000,699000,CC12CCC(CC1=NOCC(=O)O)C2(C)C,0.5650066854412192,binned_cosine_1Da,81,False,predicted_spectrum,9650
CASMI2022,massformer,completed,131,131,310,CASMI_MOL_1196928,CASMI_MOL_704064,704064,NCC(CO)CCc1ccc(O)c(CO)c1,0.5629956559853627,binned_cosine_1Da,82,False,predicted_spectrum,9650
CASMI2022,massformer,completed,131,131,310,CASMI_MOL_1196928,CASMI_MOL_697840,697840,C=C1C(COC)=CC(C)(C)CC1(C)[N+](=O)[O-],0.5612762484123452,binned_cosine_1Da,83,False,predicted_spectrum,9650
CASMI2022,massformer,completed,131,131,310,CASMI_MOL_1196928,CASMI_MOL_697910,697910,CNC(=O)OC1C=CCCC(C(C)=O)CC1,0.5605622177503692,binned_cosine_1Da,84,False,predicted_spectrum,9650
CASMI2022,massformer,completed,131,131,310,CASMI_MOL_1196928,CASMI_MOL_700381,700381,COc1cc(C(C)(O)C(C)(C)N)ccc1O,0.560458446733879,binned_cosine_1Da,85,False,predicted_spectrum,9650
CASMI2022,massformer,completed,131,131,310,CASMI_MOL_1196928,CASMI_MOL_703908,703908,CC(=CCCC1(C)CCCCC1=O)[N+](=O)[O-],0.5603733539939794,binned_cosine_1Da,86,False,predicted_spectrum,9650
CASMI2022,massformer,completed,131,131,310,CASMI_MOL_1196928,CASMI_MOL_697980,697980,CCC12CC3CC(CC(C3)C1O[N+](=O)[O-])C2,0.5595616317311735,binned_cosine_1Da,87,False,predicted_spectrum,9650
CASMI2022,massformer,completed,131,131,310,CASMI_MOL_1196928,CASMI_MOL_699344,699344,CC(=O)OC1C(=NO)CCC2CCCCC21,0.5582361034330156,binned_cosine_1Da,88,False,predicted_spectrum,9650
CASMI2022,massformer,completed,131,131,310,CASMI_MOL_1196928,CASMI_MOL_699880,699880,CC(=O)OC1C(=NO)CCC2CCCCC21,0.5582361034330156,binned_cosine_1Da,89,False,predicted_spectrum,9650
CASMI2022,massformer,completed,131,131,310,CASMI_MOL_1196928,CASMI_MOL_705686,705686,CCC(N)C(C)(CC(=O)O)Cc1ccco1,0.5581462112915206,binned_cosine_1Da,90,False,predicted_spectrum,9650
CASMI2022,massformer,completed,131,131,310,CASMI_MOL_1196928,CASMI_MOL_698385,698385,NC(=O)OCC12CC3CC(CC(O)(C3)C1)C2,0.557990954238635,binned_cosine_1Da,91,False,predicted_spectrum,9650
CASMI2022,massformer,completed,131,131,310,CASMI_MOL_1196928,CASMI_MOL_701223,701223,N#CCCCCOC1CCC(C(=O)O)CC1,0.5571874626259231,binned_cosine_1Da,92,False,predicted_spectrum,9650
CASMI2022,massformer,completed,131,131,310,CASMI_MOL_1196928,CASMI_MOL_705301,705301,CC(C)C(N)C(O)COc1ccc(O)cc1,0.5568019417857833,binned_cosine_1Da,93,False,predicted_spectrum,9650
CASMI2022,massformer,completed,131,131,310,CASMI_MOL_1196928,CASMI_MOL_698009,698009,CCC1CCCC2(CC1)CC(C(=O)O)=NO2,0.5549428461198298,binned_cosine_1Da,94,False,predicted_spectrum,9650
CASMI2022,massformer,completed,131,131,310,CASMI_MOL_1196928,CASMI_MOL_705482,705482,CC(C)NCC1(O)COC2=CC=COC2C1,0.5549254778886203,binned_cosine_1Da,95,False,predicted_spectrum,9650
CASMI2022,massformer,completed,131,131,310,CASMI_MOL_1196928,CASMI_MOL_699343,699343,CC(=O)OC(C)(C)C1CC=C(C)C(=NO)C1,0.554780712947829,binned_cosine_1Da,96,False,predicted_spectrum,9650
CASMI2022,massformer,completed,131,131,310,CASMI_MOL_1196928,CASMI_MOL_699876,699876,CC(=O)OC(C)(C)C1CC=C(C)C(=NO)C1,0.5547807009018587,binned_cosine_1Da,97,False,predicted_spectrum,9650
CASMI2022,massformer,completed,131,131,310,CASMI_MOL_1196928,CASMI_MOL_698773,698773,CC12CCC(O)(CC#N)OC1CCCCO2,0.5544095134784953,binned_cosine_1Da,98,False,predicted_spectrum,9650
CASMI2022,massformer,completed,131,131,310,CASMI_MOL_1196928,CASMI_MOL_700634,700634,COCc1ccc(C(N)C2CCOCC2)o1,0.5537718027378667,binned_cosine_1Da,99,False,predicted_spectrum,9650
CASMI2022,massformer,completed,131,131,310,CASMI_MOL_1196928,CASMI_MOL_699210,699210,CC1=C(C(=O)[O-])CCC(OC=[N+](C)C)C1C,0.5536881044451099,binned_cosine_1Da,100,False,predicted_spectrum,9650
CASMI2022,massformer,completed,131,131,310,CASMI_MOL_1196928,CASMI_MOL_1196928,1196928,NC(=O)CCC=CCC=CCCCC(=O)O,0.40043243331751166,binned_cosine_1Da,1052,True,predicted_spectrum,9650
