dataset,model,status,query_id,spectrum_id,casmi_id,true_candidate_id,candidate_id,candidate_mol_id,candidate_smiles,score,score_name,rank,is_correct,prediction_status,candidate_count
CASMI2022,massformer,completed,10,10,22,CASMI_MOL_1196797,CASMI_MOL_47951,47951,CC(=O)N1c2ccccc2N(C(C)=O)c2cc(NC(=O)c3ccc(Cl)cc3Cl)ccc21,0.3632810105803074,binned_cosine_1Da,1,False,predicted_spectrum,2797
CASMI2022,massformer,completed,10,10,22,CASMI_MOL_1196797,CASMI_MOL_48470,48470,C=c1c(=Cc2c(O)[nH]c(=O)n(-c3cccc(Cl)c3)c2=O)cc(C)n1-c1ccc(Cl)cc1,0.34015080516445345,binned_cosine_1Da,2,False,predicted_spectrum,2797
CASMI2022,massformer,completed,10,10,22,CASMI_MOL_1196797,CASMI_MOL_48099,48099,C=c1c(=Cc2c(O)[nH]c(=O)n(-c3cccc(Cl)c3)c2=O)cc(C)n1-c1ccc(Cl)cc1,0.34015080467288694,binned_cosine_1Da,3,False,predicted_spectrum,2797
CASMI2022,massformer,completed,10,10,22,CASMI_MOL_1196797,CASMI_MOL_48342,48342,C=c1c(=Cc2c(O)[nH]c(=O)n(-c3cccc(Cl)c3)c2=O)cc(C)n1-c1ccc(Cl)cc1,0.34015080467288694,binned_cosine_1Da,4,False,predicted_spectrum,2797
CASMI2022,massformer,completed,10,10,22,CASMI_MOL_1196797,CASMI_MOL_46499,46499,C=c1c(=Cc2c(O)[nH]c(=O)n(-c3cccc(Cl)c3)c2=O)cc(C)n1-c1cccc(Cl)c1,0.3393974717341588,binned_cosine_1Da,5,False,predicted_spectrum,2797
CASMI2022,massformer,completed,10,10,22,CASMI_MOL_1196797,CASMI_MOL_48746,48746,C=c1c(=Cc2c(O)[nH]c(=O)n(-c3ccc(Cl)cc3)c2=O)cc(C)n1-c1ccc(Cl)cc1,0.3375393542075066,binned_cosine_1Da,6,False,predicted_spectrum,2797
CASMI2022,massformer,completed,10,10,22,CASMI_MOL_1196797,CASMI_MOL_48577,48577,C=c1c(=Cc2c(O)[nH]c(=O)n(-c3ccc(Cl)cc3)c2=O)cc(C)n1-c1ccc(Cl)cc1,0.33753931611609467,binned_cosine_1Da,7,False,predicted_spectrum,2797
CASMI2022,massformer,completed,10,10,22,CASMI_MOL_1196797,CASMI_MOL_46587,46587,CC1CNc2c(sc3ccc4nc(Oc5nc(Cl)nc6c5COC6)ccc4c23)C(=O)N1,0.33691732769950833,binned_cosine_1Da,8,False,predicted_spectrum,2797
CASMI2022,massformer,completed,10,10,22,CASMI_MOL_1196797,CASMI_MOL_46223,46223,CC1CNc2c(sc3ccc4nc(Oc5nc(Cl)nc6c5COC6)ccc4c23)C(=O)N1,0.33691709398203146,binned_cosine_1Da,9,False,predicted_spectrum,2797
CASMI2022,massformer,completed,10,10,22,CASMI_MOL_1196797,CASMI_MOL_48350,48350,C=c1c(=Cc2c(O)[nH]c(=O)n(-c3ccc(Cl)cc3)c2=O)cc(C)n1-c1cccc(Cl)c1,0.3353576935557131,binned_cosine_1Da,10,False,predicted_spectrum,2797
CASMI2022,massformer,completed,10,10,22,CASMI_MOL_1196797,CASMI_MOL_48542,48542,C=c1c(=Cc2c(O)[nH]c(=O)n(-c3ccc(Cl)cc3)c2=O)cc(C)n1-c1cccc(Cl)c1,0.3353576935557131,binned_cosine_1Da,11,False,predicted_spectrum,2797
CASMI2022,massformer,completed,10,10,22,CASMI_MOL_1196797,CASMI_MOL_47976,47976,C=c1c(=Cc2c(O)[nH]c(=O)n(-c3ccc(Cl)cc3)c2=O)cc(C)n1-c1cccc(Cl)c1,0.3353576686929881,binned_cosine_1Da,12,False,predicted_spectrum,2797
CASMI2022,massformer,completed,10,10,22,CASMI_MOL_1196797,CASMI_MOL_46494,46494,C=c1c(=Cc2c(O)[nH]c(=O)n(-c3ccc(Cl)cc3Cl)c2=O)cc(C)n1-c1ccccc1,0.3285665351170966,binned_cosine_1Da,13,False,predicted_spectrum,2797
CASMI2022,massformer,completed,10,10,22,CASMI_MOL_1196797,CASMI_MOL_46496,46496,C=c1c(=Cc2c(O)[nH]c(=O)n(-c3cccc(Cl)c3Cl)c2=O)cc(C)n1-c1ccccc1,0.32614375043781596,binned_cosine_1Da,14,False,predicted_spectrum,2797
CASMI2022,massformer,completed,10,10,22,CASMI_MOL_1196797,CASMI_MOL_48517,48517,C=c1c(=Cc2c(O)[nH]c(=O)n(-c3ccccc3Cl)c2=O)cc(C)n1-c1ccc(Cl)cc1,0.32606143522494946,binned_cosine_1Da,15,False,predicted_spectrum,2797
CASMI2022,massformer,completed,10,10,22,CASMI_MOL_1196797,CASMI_MOL_48661,48661,C=c1c(=Cc2c(O)[nH]c(=O)n(-c3ccccc3Cl)c2=O)cc(C)n1-c1ccc(Cl)cc1,0.32606143522494946,binned_cosine_1Da,16,False,predicted_spectrum,2797
CASMI2022,massformer,completed,10,10,22,CASMI_MOL_1196797,CASMI_MOL_46497,46497,C=c1c(=Cc2c(O)[nH]c(=O)n(-c3ccc(Cl)c(Cl)c3)c2=O)cc(C)n1-c1ccccc1,0.321934962380719,binned_cosine_1Da,17,False,predicted_spectrum,2797
CASMI2022,massformer,completed,10,10,22,CASMI_MOL_1196797,CASMI_MOL_46304,46304,O=c1[nH]c(O)c(-c2ccc(Nc3nc(-c4c(F)cccc4F)nc4c[nH]c(O)c34)cc2)s1,0.3162161815358969,binned_cosine_1Da,18,False,predicted_spectrum,2797
CASMI2022,massformer,completed,10,10,22,CASMI_MOL_1196797,CASMI_MOL_46592,46592,O=c1[nH]c(O)c(-c2ccc(Nc3nc(-c4c(F)cccc4F)nc4c[nH]c(O)c34)cc2)s1,0.31621617832531856,binned_cosine_1Da,19,False,predicted_spectrum,2797
CASMI2022,massformer,completed,10,10,22,CASMI_MOL_1196797,CASMI_MOL_47995,47995,CCn1c(=O)c(-c2c(Cl)cccc2Cl)cc2cnc(Nc3cccc(C(=O)O)c3)cc21,0.3135195177698617,binned_cosine_1Da,20,False,predicted_spectrum,2797
CASMI2022,massformer,completed,10,10,22,CASMI_MOL_1196797,CASMI_MOL_46457,46457,C=c1c(=Cc2c(O)[nH]c(=S)n(-c3ccccc3Cl)c2=O)cc(C)n1-c1cccc(F)c1,0.3086045771890823,binned_cosine_1Da,21,False,predicted_spectrum,2797
CASMI2022,massformer,completed,10,10,22,CASMI_MOL_1196797,CASMI_MOL_48755,48755,C=c1c(=Cc2c(O)[nH]c(=S)n(-c3cccc(Cl)c3)c2=O)cc(C)n1-c1ccc(F)cc1,0.3077974877474298,binned_cosine_1Da,22,False,predicted_spectrum,2797
CASMI2022,massformer,completed,10,10,22,CASMI_MOL_1196797,CASMI_MOL_48589,48589,C=c1c(=Cc2c(O)[nH]c(=S)n(-c3cccc(Cl)c3)c2=O)cc(C)n1-c1ccc(F)cc1,0.30779737110033856,binned_cosine_1Da,23,False,predicted_spectrum,2797
CASMI2022,massformer,completed,10,10,22,CASMI_MOL_1196797,CASMI_MOL_48756,48756,C=c1c(=Cc2c(O)[nH]c(=S)n(-c3cccc(Cl)c3)c2=O)cc(C)n1-c1ccc(F)cc1,0.3077972852982228,binned_cosine_1Da,24,False,predicted_spectrum,2797
CASMI2022,massformer,completed,10,10,22,CASMI_MOL_1196797,CASMI_MOL_46495,46495,C=c1c(=Cc2c(O)[nH]c(=O)n(-c3ccc(Cl)cc3)c2=O)cc(C)n1-c1ccccc1Cl,0.3076973012212717,binned_cosine_1Da,25,False,predicted_spectrum,2797
CASMI2022,massformer,completed,10,10,22,CASMI_MOL_1196797,CASMI_MOL_46876,46876,C=c1c(=Cc2c(O)[nH]c(=O)n(-c3ccccc3)c2=O)cc(C)n1-c1ccc(Cl)c(Cl)c1,0.3049490179076628,binned_cosine_1Da,26,False,predicted_spectrum,2797
CASMI2022,massformer,completed,10,10,22,CASMI_MOL_1196797,CASMI_MOL_48205,48205,C=c1c(=Cc2c(O)[nH]c(=O)n(-c3ccccc3)c2=O)cc(C)n1-c1ccc(Cl)c(Cl)c1,0.3049490179076628,binned_cosine_1Da,27,False,predicted_spectrum,2797
CASMI2022,massformer,completed,10,10,22,CASMI_MOL_1196797,CASMI_MOL_48753,48753,C=c1c(=Cc2c(O)[nH]c(=S)n(-c3ccc(Cl)cc3)c2=O)cc(C)n1-c1ccc(F)cc1,0.29226925609514487,binned_cosine_1Da,28,False,predicted_spectrum,2797
CASMI2022,massformer,completed,10,10,22,CASMI_MOL_1196797,CASMI_MOL_48754,48754,C=c1c(=Cc2c(O)[nH]c(=S)n(-c3ccc(Cl)cc3)c2=O)cc(C)n1-c1ccc(F)cc1,0.292269155009804,binned_cosine_1Da,29,False,predicted_spectrum,2797
CASMI2022,massformer,completed,10,10,22,CASMI_MOL_1196797,CASMI_MOL_48590,48590,C=c1c(=Cc2c(O)[nH]c(=S)n(-c3ccc(Cl)cc3)c2=O)cc(C)n1-c1ccc(F)cc1,0.29226912061377325,binned_cosine_1Da,30,False,predicted_spectrum,2797
CASMI2022,massformer,completed,10,10,22,CASMI_MOL_1196797,CASMI_MOL_46479,46479,C=c1c(=Cc2c(O)[nH]c(=O)n(-c3ccccc3)c2=O)cc(C)n1-c1ccc(Cl)cc1Cl,0.2913464899414929,binned_cosine_1Da,31,False,predicted_spectrum,2797
CASMI2022,massformer,completed,10,10,22,CASMI_MOL_1196797,CASMI_MOL_46475,46475,C=c1c(=Cc2c(O)[nH]c(=S)n(-c3cccc(F)c3)c2=O)cc(C)n1-c1ccc(Cl)cc1,0.29071437504389486,binned_cosine_1Da,32,False,predicted_spectrum,2797
CASMI2022,massformer,completed,10,10,22,CASMI_MOL_1196797,CASMI_MOL_48732,48732,C=c1c(=Cc2c(O)[nH]c(=S)n(-c3ccc(F)cc3)c2=O)cc(C)n1-c1ccc(Cl)cc1,0.289424894128762,binned_cosine_1Da,33,False,predicted_spectrum,2797
CASMI2022,massformer,completed,10,10,22,CASMI_MOL_1196797,CASMI_MOL_48733,48733,C=c1c(=Cc2c(O)[nH]c(=S)n(-c3ccc(F)cc3)c2=O)cc(C)n1-c1ccc(Cl)cc1,0.28942484409480845,binned_cosine_1Da,34,False,predicted_spectrum,2797
CASMI2022,massformer,completed,10,10,22,CASMI_MOL_1196797,CASMI_MOL_48584,48584,C=c1c(=Cc2c(O)[nH]c(=S)n(-c3ccc(F)cc3)c2=O)cc(C)n1-c1ccc(Cl)cc1,0.2894247032374139,binned_cosine_1Da,35,False,predicted_spectrum,2797
CASMI2022,massformer,completed,10,10,22,CASMI_MOL_1196797,CASMI_MOL_46458,46458,Cc1ccc(-n2cccc2C=C2C(=O)NC(=O)N(c3cccc(Cl)c3C)C2=O)cc1Cl,0.28710265056539586,binned_cosine_1Da,36,False,predicted_spectrum,2797
CASMI2022,massformer,completed,10,10,22,CASMI_MOL_1196797,CASMI_MOL_46493,46493,C=c1c(=Cc2c(O)[nH]c(=S)n(-c3ccccc3)c2=O)cc(C)n1-c1ccc(F)c(Cl)c1,0.28491873538641754,binned_cosine_1Da,37,False,predicted_spectrum,2797
CASMI2022,massformer,completed,10,10,22,CASMI_MOL_1196797,CASMI_MOL_46525,46525,C=c1c(=Cc2c(O)[nH]c(=S)n(-c3ccccc3F)c2=O)cc(C)n1-c1cccc(Cl)c1,0.28302162478744025,binned_cosine_1Da,38,False,predicted_spectrum,2797
CASMI2022,massformer,completed,10,10,22,CASMI_MOL_1196797,CASMI_MOL_46473,46473,Cc1cccc(-n2cccc2C=C2C(=O)NC(=O)N(c3cccc(Cl)c3Cl)C2=O)c1C,0.28272888887450687,binned_cosine_1Da,39,False,predicted_spectrum,2797
CASMI2022,massformer,completed,10,10,22,CASMI_MOL_1196797,CASMI_MOL_46471,46471,Cc1ccc(-n2cccc2C=C2C(=O)NC(=O)N(c3cccc(Cl)c3Cl)C2=O)cc1C,0.2813463465957642,binned_cosine_1Da,40,False,predicted_spectrum,2797
CASMI2022,massformer,completed,10,10,22,CASMI_MOL_1196797,CASMI_MOL_46598,46598,Cc1cc2sc3c(-c4ccc(N(c5ccccc5)c5ccccc5)cc4)csc3c2s1,0.2767884138833476,binned_cosine_1Da,41,False,predicted_spectrum,2797
CASMI2022,massformer,completed,10,10,22,CASMI_MOL_1196797,CASMI_MOL_46470,46470,Cc1ccc(-n2cccc2C=C2C(=O)NC(=O)N(c3cccc(Cl)c3Cl)C2=O)c(C)c1,0.27134406068326533,binned_cosine_1Da,42,False,predicted_spectrum,2797
CASMI2022,massformer,completed,10,10,22,CASMI_MOL_1196797,CASMI_MOL_47572,47572,COc1cc(C2NC(=S)N=C(C)C2C(=O)Nc2cccc(Cl)c2)ccc1OC(F)F,0.2709671750649927,binned_cosine_1Da,43,False,predicted_spectrum,2797
CASMI2022,massformer,completed,10,10,22,CASMI_MOL_1196797,CASMI_MOL_47573,47573,COc1cc(C2NC(=S)N=C(C)C2C(=O)Nc2cccc(Cl)c2)ccc1OC(F)F,0.2709670494812258,binned_cosine_1Da,44,False,predicted_spectrum,2797
CASMI2022,massformer,completed,10,10,22,CASMI_MOL_1196797,CASMI_MOL_48381,48381,COc1cc(C2NC(=S)N=C(C)C2C(=O)Nc2cccc(Cl)c2)ccc1OC(F)F,0.2709670494812258,binned_cosine_1Da,45,False,predicted_spectrum,2797
CASMI2022,massformer,completed,10,10,22,CASMI_MOL_1196797,CASMI_MOL_46144,46144,O=C(O)c1cn(-c2ncns2)c2nc(N3CC(C(=O)CCC(F)(F)F)C3)ccc2c1=O,0.27037537747561763,binned_cosine_1Da,46,False,predicted_spectrum,2797
CASMI2022,massformer,completed,10,10,22,CASMI_MOL_1196797,CASMI_MOL_46185,46185,FC(F)(F)c1cccc(Oc2ncccc2-c2csc(NC3=NCCCN3)n2)c1Cl,0.2703445047974417,binned_cosine_1Da,47,False,predicted_spectrum,2797
CASMI2022,massformer,completed,10,10,22,CASMI_MOL_1196797,CASMI_MOL_46186,46186,FC(F)(F)c1cc(Oc2ncccc2-c2csc(NC3=NCCCN3)n2)ccc1Cl,0.2697015245187535,binned_cosine_1Da,48,False,predicted_spectrum,2797
CASMI2022,massformer,completed,10,10,22,CASMI_MOL_1196797,CASMI_MOL_48725,48725,C=c1c(=Cc2c(O)[nH]c(=S)n(-c3ccccc3Cl)c2=O)cc(C)n1-c1ccc(F)cc1,0.2689521244628477,binned_cosine_1Da,49,False,predicted_spectrum,2797
CASMI2022,massformer,completed,10,10,22,CASMI_MOL_1196797,CASMI_MOL_48409,48409,C=c1c(=Cc2c(O)[nH]c(=S)n(-c3ccccc3Cl)c2=O)cc(C)n1-c1ccc(F)cc1,0.2689520455956915,binned_cosine_1Da,50,False,predicted_spectrum,2797
CASMI2022,massformer,completed,10,10,22,CASMI_MOL_1196797,CASMI_MOL_48724,48724,C=c1c(=Cc2c(O)[nH]c(=S)n(-c3ccccc3Cl)c2=O)cc(C)n1-c1ccc(F)cc1,0.2689520455956915,binned_cosine_1Da,51,False,predicted_spectrum,2797
CASMI2022,massformer,completed,10,10,22,CASMI_MOL_1196797,CASMI_MOL_48380,48380,COc1cc(C2NC(=S)N=C(C)C2C(=O)Nc2ccc(Cl)cc2)ccc1OC(F)F,0.2663047937801877,binned_cosine_1Da,52,False,predicted_spectrum,2797
CASMI2022,massformer,completed,10,10,22,CASMI_MOL_1196797,CASMI_MOL_45972,45972,CC(Nc1ccc(Cl)cc1C(=O)O)c1cc(Cl)cn2c(=O)cc(-c3ccccc3)nc12,0.2662241011749903,binned_cosine_1Da,53,False,predicted_spectrum,2797
CASMI2022,massformer,completed,10,10,22,CASMI_MOL_1196797,CASMI_MOL_48691,48691,O=C(Nc1ccc(F)cc1)c1cccc(N=C2C(=O)N(c3ccc(F)cc3)C(=O)C2Cl)c1,0.2607811156271076,binned_cosine_1Da,54,False,predicted_spectrum,2797
CASMI2022,massformer,completed,10,10,22,CASMI_MOL_1196797,CASMI_MOL_47688,47688,CC(=O)N1CCc2c(sc(NC(=O)Cc3cccs3)c2-c2nc3ccccc3s2)C1,0.2600537258331822,binned_cosine_1Da,55,False,predicted_spectrum,2797
CASMI2022,massformer,completed,10,10,22,CASMI_MOL_1196797,CASMI_MOL_47062,47062,CNC(=O)Nc1cccc(-c2ccc3c(N)c(C(=O)c4ccc(Cl)cc4Cl)oc3c2)c1,0.25777588145772057,binned_cosine_1Da,56,False,predicted_spectrum,2797
CASMI2022,massformer,completed,10,10,22,CASMI_MOL_1196797,CASMI_MOL_46294,46294,N=C1NC(=S)NC(c2cc([N+](=O)[O-])ccc2Oc2cccc(C(F)(F)F)c2)C1C(N)=O,0.2557954043993669,binned_cosine_1Da,57,False,predicted_spectrum,2797
CASMI2022,massformer,completed,10,10,22,CASMI_MOL_1196797,CASMI_MOL_46483,46483,C=c1c(=Cc2c(O)[nH]c(=S)n(-c3ccc(F)c(Cl)c3)c2=O)cc(C)n1-c1ccccc1,0.2551843571723902,binned_cosine_1Da,58,False,predicted_spectrum,2797
CASMI2022,massformer,completed,10,10,22,CASMI_MOL_1196797,CASMI_MOL_46964,46964,O=C(O)c1c2c(nc3ccccc13)CCN(Cc1ccc3c(Cl)cc(Cl)c(O)c3n1)C2,0.2532594960776355,binned_cosine_1Da,59,False,predicted_spectrum,2797
CASMI2022,massformer,completed,10,10,22,CASMI_MOL_1196797,CASMI_MOL_48568,48568,CC1CCc2c(sc(NC(=O)c3ccc(-c4nc5ccccc5s4)s3)c2C(N)=O)C1,0.2509308337536774,binned_cosine_1Da,60,False,predicted_spectrum,2797
CASMI2022,massformer,completed,10,10,22,CASMI_MOL_1196797,CASMI_MOL_48722,48722,C=c1c(=Cc2c(O)[nH]c(=S)n(-c3ccccc3F)c2=O)cc(C)n1-c1ccc(Cl)cc1,0.250827644254382,binned_cosine_1Da,61,False,predicted_spectrum,2797
CASMI2022,massformer,completed,10,10,22,CASMI_MOL_1196797,CASMI_MOL_48399,48399,C=c1c(=Cc2c(O)[nH]c(=S)n(-c3ccccc3F)c2=O)cc(C)n1-c1ccc(Cl)cc1,0.25082742168957484,binned_cosine_1Da,62,False,predicted_spectrum,2797
CASMI2022,massformer,completed,10,10,22,CASMI_MOL_1196797,CASMI_MOL_48723,48723,C=c1c(=Cc2c(O)[nH]c(=S)n(-c3ccccc3F)c2=O)cc(C)n1-c1ccc(Cl)cc1,0.25082742168957484,binned_cosine_1Da,63,False,predicted_spectrum,2797
CASMI2022,massformer,completed,10,10,22,CASMI_MOL_1196797,CASMI_MOL_46459,46459,C=c1c(=Cc2c(O)[nH]c(=S)n(-c3ccccc3Cl)c2=O)cc(C)n1-c1ccccc1F,0.24883677239092303,binned_cosine_1Da,64,False,predicted_spectrum,2797
CASMI2022,massformer,completed,10,10,22,CASMI_MOL_1196797,CASMI_MOL_46425,46425,NC(=O)C1CCC(n2c(Nc3c(Cl)cc(Cl)cc3Cl)nc3cnc(N)nc32)CC1,0.24668085443878054,binned_cosine_1Da,65,False,predicted_spectrum,2797
CASMI2022,massformer,completed,10,10,22,CASMI_MOL_1196797,CASMI_MOL_48696,48696,O=C(Nc1ccc(F)cc1)c1cccc(N=C2C(=O)N(c3ccccc3F)C(=O)C2Cl)c1,0.24628502425006538,binned_cosine_1Da,66,False,predicted_spectrum,2797
CASMI2022,massformer,completed,10,10,22,CASMI_MOL_1196797,CASMI_MOL_46295,46295,N=C1NC(=S)NC(c2cc([N+](=O)[O-])ccc2Oc2ccc(C(F)(F)F)cc2)C1C(N)=O,0.2443303604256967,binned_cosine_1Da,67,False,predicted_spectrum,2797
CASMI2022,massformer,completed,10,10,22,CASMI_MOL_1196797,CASMI_MOL_46419,46419,COc1cc(OC)c2c(c1Cl)OC1(C(=O)CC(=NC3C=CS(=O)(=O)C3)CC1C)C2=O,0.24409916040474622,binned_cosine_1Da,68,False,predicted_spectrum,2797
CASMI2022,massformer,completed,10,10,22,CASMI_MOL_1196797,CASMI_MOL_46443,46443,COc1cc(OC)c2c(c1Cl)OC1(C(=O)CC(=NC3C=CS(=O)(=O)C3)CC1C)C2=O,0.24409916040474622,binned_cosine_1Da,69,False,predicted_spectrum,2797
CASMI2022,massformer,completed,10,10,22,CASMI_MOL_1196797,CASMI_MOL_46449,46449,COc1cc(OC)c2c(c1Cl)OC1(C(=O)CC(=NC3C=CS(=O)(=O)C3)CC1C)C2=O,0.24409916040474622,binned_cosine_1Da,70,False,predicted_spectrum,2797
CASMI2022,massformer,completed,10,10,22,CASMI_MOL_1196797,CASMI_MOL_46442,46442,COc1cc(OC)c2c(c1Cl)OC1(C(=O)CC(=NC3C=CS(=O)(=O)C3)CC1C)C2=O,0.2440991535716791,binned_cosine_1Da,71,False,predicted_spectrum,2797
CASMI2022,massformer,completed,10,10,22,CASMI_MOL_1196797,CASMI_MOL_46183,46183,N=C(NNN)c1c(-c2cccc3sc(N)nc23)ccc(SCCO)c1S(N)(=O)=O,0.24397172372196999,binned_cosine_1Da,72,False,predicted_spectrum,2797
CASMI2022,massformer,completed,10,10,22,CASMI_MOL_1196797,CASMI_MOL_48277,48277,COc1ccc(Nc2cn(-c3ccc(OC)cc3)c3c(C#N)c(O)c(Cl)c(Cl)c23)cc1,0.2427845456315231,binned_cosine_1Da,73,False,predicted_spectrum,2797
CASMI2022,massformer,completed,10,10,22,CASMI_MOL_1196797,CASMI_MOL_48693,48693,O=C(Nc1ccc(F)cc1)c1ccc(N=C2C(=O)N(c3ccc(F)cc3)C(=O)C2Cl)cc1,0.24126403041127623,binned_cosine_1Da,74,False,predicted_spectrum,2797
CASMI2022,massformer,completed,10,10,22,CASMI_MOL_1196797,CASMI_MOL_46524,46524,C=c1c(=Cc2c(O)[nH]c(=S)n(-c3ccccc3F)c2=O)cc(C)n1-c1ccccc1Cl,0.23998375812953732,binned_cosine_1Da,75,False,predicted_spectrum,2797
CASMI2022,massformer,completed,10,10,22,CASMI_MOL_1196797,CASMI_MOL_46200,46200,[O-][S+](c1ccc(Nc2ncnc3c2CCN(c2ncccc2Cl)C3)cc1)C(F)(F)F,0.2392510569273918,binned_cosine_1Da,76,False,predicted_spectrum,2797
CASMI2022,massformer,completed,10,10,22,CASMI_MOL_1196797,CASMI_MOL_48533,48533,COc1cc(Cl)ccc1NC(=O)C1C(C)=NC(=S)NC1c1ccc(OC(F)F)cc1,0.23804248197686992,binned_cosine_1Da,77,False,predicted_spectrum,2797
CASMI2022,massformer,completed,10,10,22,CASMI_MOL_1196797,CASMI_MOL_46127,46127,CC(C)CC(=O)c1c(Nc2c(F)cc(F)cc2F)[nH]c2c(Cl)ccc([N+](=O)[O-])c2c1=O,0.233121750833247,binned_cosine_1Da,78,False,predicted_spectrum,2797
CASMI2022,massformer,completed,10,10,22,CASMI_MOL_1196797,CASMI_MOL_46719,46719,COc1ccc(-n2c(O)cc(Sc3nc(N)c(C#N)c(C4CC4)c3C#N)c2O)cc1Cl,0.23230640236151895,binned_cosine_1Da,79,False,predicted_spectrum,2797
CASMI2022,massformer,completed,10,10,22,CASMI_MOL_1196797,CASMI_MOL_48045,48045,COc1ccc(-n2c(O)cc(Sc3nc(N)c(C#N)c(C4CC4)c3C#N)c2O)cc1Cl,0.23230640236151895,binned_cosine_1Da,80,False,predicted_spectrum,2797
CASMI2022,massformer,completed,10,10,22,CASMI_MOL_1196797,CASMI_MOL_46694,46694,COc1ccc(-n2c(O)cc(Sc3nc(N)c(C#N)c(C4CC4)c3C#N)c2O)cc1Cl,0.23230634019084206,binned_cosine_1Da,81,False,predicted_spectrum,2797
CASMI2022,massformer,completed,10,10,22,CASMI_MOL_1196797,CASMI_MOL_48698,48698,O=C(Nc1ccc(F)cc1)c1ccc(N=C2C(=O)N(c3ccccc3F)C(=O)C2Cl)cc1,0.22931832009789035,binned_cosine_1Da,82,False,predicted_spectrum,2797
CASMI2022,massformer,completed,10,10,22,CASMI_MOL_1196797,CASMI_MOL_46534,46534,CCN1CCCC1CNC(=O)c1ccc(Sc2cc(Cl)cc(Cl)c2)c([N+](=O)[O-])c1,0.22912433472211952,binned_cosine_1Da,83,False,predicted_spectrum,2797
CASMI2022,massformer,completed,10,10,22,CASMI_MOL_1196797,CASMI_MOL_48704,48704,O=C(Nc1ccccc1F)c1cccc(N=C2C(=O)N(c3ccc(F)cc3)C(=O)C2Cl)c1,0.22779449147609265,binned_cosine_1Da,84,False,predicted_spectrum,2797
CASMI2022,massformer,completed,10,10,22,CASMI_MOL_1196797,CASMI_MOL_46022,46022,Clc1cccc(N(c2ccccc2)c2cccc3oc4cc5ccccc5cc4c23)c1Cl,0.2262959026458405,binned_cosine_1Da,85,False,predicted_spectrum,2797
CASMI2022,massformer,completed,10,10,22,CASMI_MOL_1196797,CASMI_MOL_46021,46021,Clc1cccc(N(c2ccccc2)c2cccc3oc4ccc5ccccc5c4c23)c1Cl,0.2242425917508989,binned_cosine_1Da,86,False,predicted_spectrum,2797
CASMI2022,massformer,completed,10,10,22,CASMI_MOL_1196797,CASMI_MOL_46020,46020,Clc1cccc(N(c2ccccc2)c2cc3ccccc3c3oc4ccccc4c23)c1Cl,0.22405932646030685,binned_cosine_1Da,87,False,predicted_spectrum,2797
CASMI2022,massformer,completed,10,10,22,CASMI_MOL_1196797,CASMI_MOL_47758,47758,Cc1nc2ncccc2c(=O)n1-c1ccc(F)c(NC(=O)c2ccc([N+](=O)[O-])cc2Cl)c1,0.22309650034587197,binned_cosine_1Da,88,False,predicted_spectrum,2797
CASMI2022,massformer,completed,10,10,22,CASMI_MOL_1196797,CASMI_MOL_46084,46084,O=C(CCn1c(-c2ccc(C(=O)O)cc2)nc2ccccc21)Nc1cc(Cl)cc(Cl)c1,0.22228693718665132,binned_cosine_1Da,89,False,predicted_spectrum,2797
CASMI2022,massformer,completed,10,10,22,CASMI_MOL_1196797,CASMI_MOL_48286,48286,CS(=O)(=O)Nc1ccc2c(c1)C(c1cccc(F)c1)Oc1cc(F)cc(OC(F)F)c1-2,0.22221583899699698,binned_cosine_1Da,90,False,predicted_spectrum,2797
CASMI2022,massformer,completed,10,10,22,CASMI_MOL_1196797,CASMI_MOL_46272,46272,Cc1oc2c(NC(=O)c3c(Cl)cccc3Cl)cccc2c1CC(=O)Nc1ccccn1,0.22220046072793223,binned_cosine_1Da,91,False,predicted_spectrum,2797
CASMI2022,massformer,completed,10,10,22,CASMI_MOL_1196797,CASMI_MOL_46671,46671,Cc1sc2ccccc2c1-c1nc(-c2ccccc2)sc1-c1c(C)sc2ccccc12,0.21871739802204418,binned_cosine_1Da,92,False,predicted_spectrum,2797
CASMI2022,massformer,completed,10,10,22,CASMI_MOL_1196797,CASMI_MOL_46046,46046,COc1ccc(Nc2nc(-c3c(C(F)(F)F)nc4c(Cl)cc(CN)cn34)cs2)cc1,0.21795757938883248,binned_cosine_1Da,93,False,predicted_spectrum,2797
CASMI2022,massformer,completed,10,10,22,CASMI_MOL_1196797,CASMI_MOL_46227,46227,CC1C(=N)NC(=O)C1(O)c1nsc2ccc(-n3c(=O)cc(C(F)(F)F)n(C)c3=O)cc12,0.2175010335462981,binned_cosine_1Da,94,False,predicted_spectrum,2797
CASMI2022,massformer,completed,10,10,22,CASMI_MOL_1196797,CASMI_MOL_46019,46019,Clc1cccc(N(c2ccccc2)c2cccc3oc4c5ccccc5ccc4c23)c1Cl,0.2172785166490768,binned_cosine_1Da,95,False,predicted_spectrum,2797
CASMI2022,massformer,completed,10,10,22,CASMI_MOL_1196797,CASMI_MOL_46927,46927,CC(=O)c1nc(S(C)(=O)=O)c2sc(C3=C(C(=O)O)N4C(=O)C(C(C)O)C4C3C)cn12,0.21707673639677594,binned_cosine_1Da,96,False,predicted_spectrum,2797
CASMI2022,massformer,completed,10,10,22,CASMI_MOL_1196797,CASMI_MOL_47963,47963,CC(=O)c1nc(S(C)(=O)=O)c2sc(C3=C(C(=O)O)N4C(=O)C(C(C)O)C4C3C)cn12,0.21707673639677594,binned_cosine_1Da,97,False,predicted_spectrum,2797
CASMI2022,massformer,completed,10,10,22,CASMI_MOL_1196797,CASMI_MOL_48015,48015,CC(=O)c1nc(S(C)(=O)=O)c2sc(C3=C(C(=O)O)N4C(=O)C(C(C)O)C4C3C)cn12,0.21707673639677594,binned_cosine_1Da,98,False,predicted_spectrum,2797
CASMI2022,massformer,completed,10,10,22,CASMI_MOL_1196797,CASMI_MOL_46255,46255,CC(c1nc(N)c2[nH]cnc2n1)c1nc2cccc(Cl)c2nc1-c1cc(F)ccc1Cl,0.21701567553208023,binned_cosine_1Da,99,False,predicted_spectrum,2797
CASMI2022,massformer,completed,10,10,22,CASMI_MOL_1196797,CASMI_MOL_46256,46256,CC(c1nc(N)c2[nH]cnc2n1)c1nc2cccc(Cl)c2nc1-c1cc(F)ccc1Cl,0.21701559798270348,binned_cosine_1Da,100,False,predicted_spectrum,2797
CASMI2022,massformer,completed,10,10,22,CASMI_MOL_1196797,CASMI_MOL_1196797,1196797,Cc1cc(SCc2sc(-c3ccc(C(F)(F)F)cc3)nc2C)ccc1OCC(=O)O,0.032899596150997946,binned_cosine_1Da,1439,True,predicted_spectrum,2797
CASMI2022,massformer,completed,11,11,23,CASMI_MOL_1196798,CASMI_MOL_50678,50678,Cc1ccc(C(=O)NCCC(=O)N(C)Cc2cc(C(=O)NCC(=O)N(C)C)c(F)cc2C)c(F)c1,0.5137016566575585,binned_cosine_1Da,1,False,predicted_spectrum,6368
CASMI2022,massformer,completed,11,11,23,CASMI_MOL_1196798,CASMI_MOL_53712,53712,COc1ccccc1-n1c(C(C)N(CC(C)C)C(=O)Nc2ccccc2F)nc2ccccc2c1=O,0.4619432578199596,binned_cosine_1Da,2,False,predicted_spectrum,6368
CASMI2022,massformer,completed,11,11,23,CASMI_MOL_1196798,CASMI_MOL_53710,53710,CCCN(C(=O)Nc1cccc(F)c1)C(CC)c1nc2ccccc2c(=O)n1-c1ccccc1OC,0.3930750452146073,binned_cosine_1Da,3,False,predicted_spectrum,6368
CASMI2022,massformer,completed,11,11,23,CASMI_MOL_1196798,CASMI_MOL_53225,53225,Cc1cc(CNC(=O)c2nc3n(c(=O)c2O)CCN(C)CC3N(C)C(=O)C(=O)N(C)C)ccc1F,0.3878569338975204,binned_cosine_1Da,4,False,predicted_spectrum,6368
CASMI2022,massformer,completed,11,11,23,CASMI_MOL_1196798,CASMI_MOL_53223,53223,CCN(C(=O)C(=O)N(C)C)C1CN(C)CCn2c1nc(C(=O)NCc1ccc(F)cc1)c(O)c2=O,0.35405090900033237,binned_cosine_1Da,5,False,predicted_spectrum,6368
CASMI2022,massformer,completed,11,11,23,CASMI_MOL_1196798,CASMI_MOL_53224,53224,CCN1CCn2c(nc(C(=O)NCc3ccc(F)cc3)c(O)c2=O)C(N(C)C(=O)C(=O)N(C)C)C1,0.34886588285829484,binned_cosine_1Da,6,False,predicted_spectrum,6368
CASMI2022,massformer,completed,11,11,23,CASMI_MOL_1196798,CASMI_MOL_50194,50194,CN(C)CC1c2nc(CC(=O)NCc3ccc(F)cc3)c(O)c(=O)n2CCN1C(=O)C(=O)N(C)C,0.3430310914596027,binned_cosine_1Da,7,False,predicted_spectrum,6368
CASMI2022,massformer,completed,11,11,23,CASMI_MOL_1196798,CASMI_MOL_48979,48979,C=CC1CCN(C(=O)C(NC(=O)C(F)(F)F)C(C)(C)C)C1C(=O)NC(CC1CC1)C(=O)C(N)=O,0.2984656882024191,binned_cosine_1Da,8,False,predicted_spectrum,6368
CASMI2022,massformer,completed,11,11,23,CASMI_MOL_1196798,CASMI_MOL_51681,51681,CCC(NC(=O)C(CC(=O)N1CCOCC1)CC1CCCCC1)C(=O)c1noc(C(F)(F)F)n1,0.29064995875670324,binned_cosine_1Da,9,False,predicted_spectrum,6368
CASMI2022,massformer,completed,11,11,23,CASMI_MOL_1196798,CASMI_MOL_52869,52869,CCC(NC(=O)C(CC(=O)N1CCOCC1)CC1CCCCC1)C(=O)c1noc(C(F)(F)F)n1,0.29064995875670324,binned_cosine_1Da,10,False,predicted_spectrum,6368
CASMI2022,massformer,completed,11,11,23,CASMI_MOL_1196798,CASMI_MOL_54192,54192,CCC(NC(=O)C(CC(=O)N1CCOCC1)CC1CCCCC1)C(=O)c1noc(C(F)(F)F)n1,0.29064995875670324,binned_cosine_1Da,11,False,predicted_spectrum,6368
CASMI2022,massformer,completed,11,11,23,CASMI_MOL_1196798,CASMI_MOL_54768,54768,CCC(NC(=O)C(CC(=O)N1CCOCC1)CC1CCCCC1)C(=O)c1noc(C(F)(F)F)n1,0.29064995875670324,binned_cosine_1Da,12,False,predicted_spectrum,6368
CASMI2022,massformer,completed,11,11,23,CASMI_MOL_1196798,CASMI_MOL_53601,53601,CCc1cccc2c(CC3=NC(=S)N(c4ccc(C)c(C)c4)C3=O)cn(CC(=O)N(CC)CC)c12,0.2742388811967009,binned_cosine_1Da,13,False,predicted_spectrum,6368
CASMI2022,massformer,completed,11,11,23,CASMI_MOL_1196798,CASMI_MOL_49284,49284,Cc1nsc(N2CC3CCC(C2)C3Cc2nc3c(OCC4CCC(F)(F)CC4)cccn3n2)n1,0.2516900419506519,binned_cosine_1Da,14,False,predicted_spectrum,6368
CASMI2022,massformer,completed,11,11,23,CASMI_MOL_1196798,CASMI_MOL_52841,52841,CN(C)CC(=O)N(C)C1CCN(c2ccc(NC(=O)c3ccc(C#Cc4ccc(F)cc4)o3)cc2)C1,0.23857639652238122,binned_cosine_1Da,15,False,predicted_spectrum,6368
CASMI2022,massformer,completed,11,11,23,CASMI_MOL_1196798,CASMI_MOL_54032,54032,Cn1c(SCC(=O)N2CCN(CC(=O)NC(C)(C)C)CC2)nnc1C1COc2ccccc2O1,0.23827836166333938,binned_cosine_1Da,16,False,predicted_spectrum,6368
CASMI2022,massformer,completed,11,11,23,CASMI_MOL_1196798,CASMI_MOL_53134,53134,Cc1ccc(C(=O)N(C)CCCCCc2cc(-c3cccc(F)c3)[nH]n2)cc1NC(=O)c1ccco1,0.23434138084349312,binned_cosine_1Da,17,False,predicted_spectrum,6368
CASMI2022,massformer,completed,11,11,23,CASMI_MOL_1196798,CASMI_MOL_50397,50397,N=C(CC=NCCCO)NC(=O)C(CC1CCCCC1)n1cc(Oc2ccccc2Cl)cc1O,0.2341394401883844,binned_cosine_1Da,18,False,predicted_spectrum,6368
CASMI2022,massformer,completed,11,11,23,CASMI_MOL_1196798,CASMI_MOL_52341,52341,Cc1cn(-c2ccc(Cl)c(C(=O)NC(O)C3CCCCCC3)c2)c(=O)n1CC(=O)NCC1CC1,0.2272084847130972,binned_cosine_1Da,19,False,predicted_spectrum,6368
CASMI2022,massformer,completed,11,11,23,CASMI_MOL_1196798,CASMI_MOL_54537,54537,COc1ccc2c(C)c(CC(=O)NCC3(CC(=O)NCC(=O)O)CCCCC3)c(=O)oc2c1OC,0.22202287758841177,binned_cosine_1Da,20,False,predicted_spectrum,6368
CASMI2022,massformer,completed,11,11,23,CASMI_MOL_1196798,CASMI_MOL_52471,52471,CCCN(CC(=O)CC1CCC(O)CC1)C(=O)c1nn2c(C(=O)NC)cc(C3CC3)cc2c1Cl,0.21611987111477546,binned_cosine_1Da,21,False,predicted_spectrum,6368
CASMI2022,massformer,completed,11,11,23,CASMI_MOL_1196798,CASMI_MOL_54843,54843,CCOC(=O)N1CCC(NC(=O)C2CCCN(Cc3nc(-c4cccc(Cl)c4)oc3C)C2)CC1,0.2155969587911005,binned_cosine_1Da,22,False,predicted_spectrum,6368
CASMI2022,massformer,completed,11,11,23,CASMI_MOL_1196798,CASMI_MOL_50591,50591,O=C(Cc1csc2nc(-c3ccccc3)cn12)N1CCN(C(=O)C23CC4CC(CC(C4)C2)C3)CC1,0.21462709824235904,binned_cosine_1Da,23,False,predicted_spectrum,6368
CASMI2022,massformer,completed,11,11,23,CASMI_MOL_1196798,CASMI_MOL_50276,50276,CCCCCCCCCCCCCCCCN(CC(=O)O)c1c(Cl)cc([N+](=O)[O-])cc1Cl,0.20848506241520995,binned_cosine_1Da,24,False,predicted_spectrum,6368
CASMI2022,massformer,completed,11,11,23,CASMI_MOL_1196798,CASMI_MOL_52277,52277,O=C(NCc1ccc2oc(=O)[nH]c2c1)c1cc(C(=O)NCCC2CC3CCC(C2)C3)n2nccc2n1,0.20769501185326128,binned_cosine_1Da,25,False,predicted_spectrum,6368
CASMI2022,massformer,completed,11,11,23,CASMI_MOL_1196798,CASMI_MOL_53509,53509,CNC(=O)c1c(C)oc2cc(Oc3ccnc(Nc4ccc(C)c(NC(=O)CN(C)C)c4)n3)ccc12,0.20543792356714263,binned_cosine_1Da,26,False,predicted_spectrum,6368
CASMI2022,massformer,completed,11,11,23,CASMI_MOL_1196798,CASMI_MOL_53503,53503,CCOC(=O)N1CCC(NC(=O)C2CCCN(Cc3nc(-c4ccc(Cl)cc4)oc3C)C2)CC1,0.20448506650166648,binned_cosine_1Da,27,False,predicted_spectrum,6368
CASMI2022,massformer,completed,11,11,23,CASMI_MOL_1196798,CASMI_MOL_51317,51317,CCc1noc(CCC(=O)N2CCC(Oc3cccc(Cl)c3)C(CC(=O)N3CCCCC3)C2)n1,0.2040720046053472,binned_cosine_1Da,28,False,predicted_spectrum,6368
CASMI2022,massformer,completed,11,11,23,CASMI_MOL_1196798,CASMI_MOL_53218,53218,CN1CCN(C(=O)C(=O)NC(C)(C)c2nc(C(=O)NCc3ccc(F)cc3)c(O)c(=O)n2C)CC1,0.2038099481907915,binned_cosine_1Da,29,False,predicted_spectrum,6368
CASMI2022,massformer,completed,11,11,23,CASMI_MOL_1196798,CASMI_MOL_53504,53504,CCOC(=O)N1CCC(NC(=O)C2CCN(Cc3nc(-c4cccc(Cl)c4)oc3C)CC2)CC1,0.2024175563167135,binned_cosine_1Da,30,False,predicted_spectrum,6368
CASMI2022,massformer,completed,11,11,23,CASMI_MOL_1196798,CASMI_MOL_52633,52633,CC(C)(O)Cn1ccc(NC(=O)C(CC2CCCC2)n2cc(Oc3c(F)cccc3F)cc2O)n1,0.2023597953070271,binned_cosine_1Da,31,False,predicted_spectrum,6368
CASMI2022,massformer,completed,11,11,23,CASMI_MOL_1196798,CASMI_MOL_53636,53636,CC(C)(O)Cn1ccc(NC(=O)C(CC2CCCC2)n2cc(Oc3c(F)cccc3F)cc2O)n1,0.2023597953070271,binned_cosine_1Da,32,False,predicted_spectrum,6368
CASMI2022,massformer,completed,11,11,23,CASMI_MOL_1196798,CASMI_MOL_51725,51725,CC(C)(O)Cn1ccc(NC(=O)C(CC2CCCC2)n2cc(Oc3c(F)cccc3F)cc2O)n1,0.20235977477644565,binned_cosine_1Da,33,False,predicted_spectrum,6368
CASMI2022,massformer,completed,11,11,23,CASMI_MOL_1196798,CASMI_MOL_54040,54040,Cc1cccnc1-n1c(SCC(=O)NC(C)C23CC4CC(CC(C4)C2)C3)nc2ccccc2c1=O,0.20230845345769374,binned_cosine_1Da,34,False,predicted_spectrum,6368
CASMI2022,massformer,completed,11,11,23,CASMI_MOL_1196798,CASMI_MOL_52051,52051,O=C(CCC(F)(F)F)N1CCC(OCCC2CC2C2CCN(c3ncc(Cl)cn3)CC2)CC1,0.20162700405205647,binned_cosine_1Da,35,False,predicted_spectrum,6368
CASMI2022,massformer,completed,11,11,23,CASMI_MOL_1196798,CASMI_MOL_52168,52168,O=C(CCC(F)(F)F)N1CCC(OCCC2CC2C2CCN(c3ncc(Cl)cn3)CC2)CC1,0.20162700405205647,binned_cosine_1Da,36,False,predicted_spectrum,6368
CASMI2022,massformer,completed,11,11,23,CASMI_MOL_1196798,CASMI_MOL_49116,49116,CC(C)(C)C(C(=O)N1CC(O)CC1C(=O)NCc1nc2c(s1)COCC2)n1cc(C2CC2)nn1,0.20142681039186608,binned_cosine_1Da,37,False,predicted_spectrum,6368
CASMI2022,massformer,completed,11,11,23,CASMI_MOL_1196798,CASMI_MOL_54038,54038,Cc1ccc(-n2c(SCC(=O)NC(C)C34CC5CC(CC(C5)C3)C4)nc3ccccc3c2=O)nc1,0.20079646927181957,binned_cosine_1Da,38,False,predicted_spectrum,6368
CASMI2022,massformer,completed,11,11,23,CASMI_MOL_1196798,CASMI_MOL_54066,54066,CNCCN(C)C(=O)c1ccc2c(c1)NC(=O)CC(c1ccc(C)cc1)N2C(=O)c1cccc(F)c1,0.20053801934894794,binned_cosine_1Da,39,False,predicted_spectrum,6368
CASMI2022,massformer,completed,11,11,23,CASMI_MOL_1196798,CASMI_MOL_55022,55022,CCSCCCCCCCCCCC(=O)OCC1OC(n2cc(C)c(=O)[nH]c2=S)CC1F,0.2004486324681218,binned_cosine_1Da,40,False,predicted_spectrum,6368
CASMI2022,massformer,completed,11,11,23,CASMI_MOL_1196798,CASMI_MOL_54039,54039,Cc1ccnc(-n2c(SCC(=O)NC(C)C34CC5CC(CC(C5)C3)C4)nc3ccccc3c2=O)c1,0.20021532847010054,binned_cosine_1Da,41,False,predicted_spectrum,6368
CASMI2022,massformer,completed,11,11,23,CASMI_MOL_1196798,CASMI_MOL_51308,51308,O=C(CCCn1cccn1)N1CCC(COc2ccc(Cl)cc2)(CC(=O)N2CCOCC2)CC1,0.19975700004582844,binned_cosine_1Da,42,False,predicted_spectrum,6368
CASMI2022,massformer,completed,11,11,23,CASMI_MOL_1196798,CASMI_MOL_50860,50860,O=C(CC1(COc2cccc(Cl)c2)CCCN(C(=O)CCCc2cn[nH]c2)C1)N1CCOCC1,0.19845823877495766,binned_cosine_1Da,43,False,predicted_spectrum,6368
CASMI2022,massformer,completed,11,11,23,CASMI_MOL_1196798,CASMI_MOL_50861,50861,O=C(CC1(COc2cccc(Cl)c2)CCCN(C(=O)CCCc2cn[nH]c2)C1)N1CCOCC1,0.1984582221914433,binned_cosine_1Da,44,False,predicted_spectrum,6368
CASMI2022,massformer,completed,11,11,23,CASMI_MOL_1196798,CASMI_MOL_51326,51326,O=C(CC1(COc2cccc(Cl)c2)CCCN(C(=O)CCCc2cn[nH]c2)C1)N1CCOCC1,0.1984582221914433,binned_cosine_1Da,45,False,predicted_spectrum,6368
CASMI2022,massformer,completed,11,11,23,CASMI_MOL_1196798,CASMI_MOL_50275,50275,CCCCCCCCC(C(=O)O)N(CCCCCCCC)c1c(Cl)cc([N+](=O)[O-])cc1Cl,0.1979841493569372,binned_cosine_1Da,46,False,predicted_spectrum,6368
CASMI2022,massformer,completed,11,11,23,CASMI_MOL_1196798,CASMI_MOL_53693,53693,C=CCN1C(=O)NC(c2ccc(F)cc2)c2c1cn(C(Cc1ccccc1)C(=O)N1CCCC1)c2O,0.1970651499041734,binned_cosine_1Da,47,False,predicted_spectrum,6368
CASMI2022,massformer,completed,11,11,23,CASMI_MOL_1196798,CASMI_MOL_52343,52343,Cc1cn(-c2ccc(Cl)c(C(=O)NCC3(O)CCCCCC3)c2)c(=O)n1CC(=O)NCC1CC1,0.19692667386403395,binned_cosine_1Da,48,False,predicted_spectrum,6368
CASMI2022,massformer,completed,11,11,23,CASMI_MOL_1196798,CASMI_MOL_51629,51629,Cc1nn(C(C)C(=O)N2CCC3(CC2)OCCO3)c(=O)c2c(-n3cccc3)n(-c3ccccc3)nc12,0.1965226357521956,binned_cosine_1Da,49,False,predicted_spectrum,6368
CASMI2022,massformer,completed,11,11,23,CASMI_MOL_1196798,CASMI_MOL_53485,53485,Cc1nn(C(C)C(=O)N2CCC3(CC2)OCCO3)c(=O)c2c(-n3cccc3)n(-c3ccccc3)nc12,0.1965226357521956,binned_cosine_1Da,50,False,predicted_spectrum,6368
CASMI2022,massformer,completed,11,11,23,CASMI_MOL_1196798,CASMI_MOL_51628,51628,Cc1nn(C(C)C(=O)N2CCC3(CC2)OCCO3)c(=O)c2c(-n3cccc3)n(-c3ccccc3)nc12,0.1965226090851566,binned_cosine_1Da,51,False,predicted_spectrum,6368
CASMI2022,massformer,completed,11,11,23,CASMI_MOL_1196798,CASMI_MOL_53505,53505,CCOC(=O)N1CCC(NC(=O)C2CCN(Cc3nc(-c4ccc(Cl)cc4)oc3C)CC2)CC1,0.19565414697411204,binned_cosine_1Da,52,False,predicted_spectrum,6368
CASMI2022,massformer,completed,11,11,23,CASMI_MOL_1196798,CASMI_MOL_50862,50862,O=C(CC1(COc2cccc(Cl)c2)CCCN(C(=O)CCCn2cccn2)C1)N1CCOCC1,0.1939791449046355,binned_cosine_1Da,53,False,predicted_spectrum,6368
CASMI2022,massformer,completed,11,11,23,CASMI_MOL_1196798,CASMI_MOL_50863,50863,O=C(CC1(COc2cccc(Cl)c2)CCCN(C(=O)CCCn2cccn2)C1)N1CCOCC1,0.1939791449046355,binned_cosine_1Da,54,False,predicted_spectrum,6368
CASMI2022,massformer,completed,11,11,23,CASMI_MOL_1196798,CASMI_MOL_51327,51327,O=C(CC1(COc2cccc(Cl)c2)CCCN(C(=O)CCCn2cccn2)C1)N1CCOCC1,0.1939791449046355,binned_cosine_1Da,55,False,predicted_spectrum,6368
CASMI2022,massformer,completed,11,11,23,CASMI_MOL_1196798,CASMI_MOL_51214,51214,CCCCn1c2ccccc2c2nc(SCC(=O)NC3CCCCC3)n(-c3ccccc3)c(=O)c21,0.1932746233463913,binned_cosine_1Da,56,False,predicted_spectrum,6368
CASMI2022,massformer,completed,11,11,23,CASMI_MOL_1196798,CASMI_MOL_53067,53067,CCOC(=O)C1CCN(C(=O)CN(C)C(=O)Cc2c(C)nn(-c3ccc(C)c(Cl)c3)c2C)CC1,0.19292913293045832,binned_cosine_1Da,57,False,predicted_spectrum,6368
CASMI2022,massformer,completed,11,11,23,CASMI_MOL_1196798,CASMI_MOL_51314,51314,O=C(CCCn1cccn1)N1CCC(COc2cccc(Cl)c2)(CC(=O)N2CCOCC2)CC1,0.1928999142049584,binned_cosine_1Da,58,False,predicted_spectrum,6368
CASMI2022,massformer,completed,11,11,23,CASMI_MOL_1196798,CASMI_MOL_49334,49334,CN(C)C(=O)c1ccc(OCCCCC2CCN(C(=O)C(C)(O)c3ccccn3)CC2)nc1Cl,0.19176361590003044,binned_cosine_1Da,59,False,predicted_spectrum,6368
CASMI2022,massformer,completed,11,11,23,CASMI_MOL_1196798,CASMI_MOL_53207,53207,Cc1cccc(C)c1NC(=O)CN1CCN(C(=O)CSc2n[nH]c(=O)n2CC2CCCO2)CC1,0.19165316477649236,binned_cosine_1Da,60,False,predicted_spectrum,6368
CASMI2022,massformer,completed,11,11,23,CASMI_MOL_1196798,CASMI_MOL_50292,50292,CC(Cl)=C(C=NNC=O)N1CCc2c(nnn2Cc2ccc(F)cc2CN2CCN(C)CC2)C1,0.19043270778486615,binned_cosine_1Da,61,False,predicted_spectrum,6368
CASMI2022,massformer,completed,11,11,23,CASMI_MOL_1196798,CASMI_MOL_54187,54187,O=C(COc1ccc(Cl)cc1)N1CCN(Cc2ccc(F)cc2)C(CC(O)C2CCCCC2)C1,0.1884208944412872,binned_cosine_1Da,62,False,predicted_spectrum,6368
CASMI2022,massformer,completed,11,11,23,CASMI_MOL_1196798,CASMI_MOL_53165,53165,CN(CCCc1cc(-c2ccc(F)cc2)[nH]n1)C(=O)c1ccc2c(c1)C(=O)N(C1CCCCC1)C2=O,0.18793723568799578,binned_cosine_1Da,63,False,predicted_spectrum,6368
CASMI2022,massformer,completed,11,11,23,CASMI_MOL_1196798,CASMI_MOL_53071,53071,CCOC(=O)C1CCCN(C(=O)CN(C)C(=O)Cc2c(C)nn(-c3ccc(C)c(Cl)c3)c2C)C1,0.1874871639056741,binned_cosine_1Da,64,False,predicted_spectrum,6368
CASMI2022,massformer,completed,11,11,23,CASMI_MOL_1196798,CASMI_MOL_51304,51304,Cn1cc(CCC(=O)N2CCC(COc3ccc(Cl)cc3)(CC(=O)N3CCOCC3)CC2)cn1,0.1874027649031186,binned_cosine_1Da,65,False,predicted_spectrum,6368
CASMI2022,massformer,completed,11,11,23,CASMI_MOL_1196798,CASMI_MOL_50274,50274,CCCCCCCCCCCCCCCC(=O)N(CCO)c1c(Cl)cc([N+](=O)[O-])cc1Cl,0.18736368536411116,binned_cosine_1Da,66,False,predicted_spectrum,6368
CASMI2022,massformer,completed,11,11,23,CASMI_MOL_1196798,CASMI_MOL_51375,51375,Cc1cn(CC(=O)NCC2OC(OC3C(N)CC(N)C(O)C3O)C(N)C(O)C2O)c(=O)[nH]c1=O,0.18708618272348387,binned_cosine_1Da,67,False,predicted_spectrum,6368
CASMI2022,massformer,completed,11,11,23,CASMI_MOL_1196798,CASMI_MOL_50282,50282,CNC(=O)c1cc(C(=O)NCCCC2CCN(C(=O)O)CC2(F)F)cc(C(C)c2ccccc2)n1,0.1870360193331276,binned_cosine_1Da,68,False,predicted_spectrum,6368
CASMI2022,massformer,completed,11,11,23,CASMI_MOL_1196798,CASMI_MOL_50281,50281,CNC(=O)c1cc(C(=O)NCCCC2CCN(C(=O)O)CC2(F)F)cc(C(C)c2ccccc2)n1,0.1870360160693801,binned_cosine_1Da,69,False,predicted_spectrum,6368
CASMI2022,massformer,completed,11,11,23,CASMI_MOL_1196798,CASMI_MOL_50814,50814,CC(=N)CC(=S)N1CC2CCC(C1)C2Nc1nc2n(n1)CCCC2c1ccc(OC(F)F)cc1,0.18699642262448282,binned_cosine_1Da,70,False,predicted_spectrum,6368
CASMI2022,massformer,completed,11,11,23,CASMI_MOL_1196798,CASMI_MOL_49104,49104,CC(=N)CC(=S)N1CC2CCC(C1)C2Nc1nc2n(n1)CCCC2c1ccc(OC(F)F)cc1,0.18699639908676005,binned_cosine_1Da,71,False,predicted_spectrum,6368
CASMI2022,massformer,completed,11,11,23,CASMI_MOL_1196798,CASMI_MOL_51966,51966,CN1CCN(C(=O)c2noc(C(CCCC3CCCCC3)CC(=O)OC(=O)C(F)(F)F)n2)CC1,0.18689241738237267,binned_cosine_1Da,72,False,predicted_spectrum,6368
CASMI2022,massformer,completed,11,11,23,CASMI_MOL_1196798,CASMI_MOL_50315,50315,CCCCCC1CN(CC(=O)NCCCCCC(=O)O)C(=O)c2cc(-c3ccc(Cl)cc3)nn21,0.18663597548156835,binned_cosine_1Da,73,False,predicted_spectrum,6368
CASMI2022,massformer,completed,11,11,23,CASMI_MOL_1196798,CASMI_MOL_51771,51771,CC(C)(C)C1C=C(c2ncc(-c3cnn(CCOC4CCCCO4)c3)cc2Cl)CCN1C(=O)O,0.18650197708151686,binned_cosine_1Da,74,False,predicted_spectrum,6368
CASMI2022,massformer,completed,11,11,23,CASMI_MOL_1196798,CASMI_MOL_53657,53657,Cc1ccc(C2(C)NC(=O)N(CC(=O)N3CCN(Cc4cc(=O)n5ccccc5n4)CC3)C2=O)cc1,0.1863413821163283,binned_cosine_1Da,75,False,predicted_spectrum,6368
CASMI2022,massformer,completed,11,11,23,CASMI_MOL_1196798,CASMI_MOL_53961,53961,Cc1cccc(-c2sc(C)nc2C(=O)N2CC3CC(C)CC3C2CNC(=O)c2cccc(C)n2)c1,0.1862088509082701,binned_cosine_1Da,76,False,predicted_spectrum,6368
CASMI2022,massformer,completed,11,11,23,CASMI_MOL_1196798,CASMI_MOL_50163,50163,NC(Cc1ccc(-c2ccc(OCC3CCN(C(=O)O)CC3)cn2)cc1F)C(=O)N1CCC(F)C1,0.1859643635746742,binned_cosine_1Da,77,False,predicted_spectrum,6368
CASMI2022,massformer,completed,11,11,23,CASMI_MOL_1196798,CASMI_MOL_50877,50877,Cc1ccnn1CCC(=O)N1CCCC(COc2cccc(Cl)c2)(CC(=O)N2CCOCC2)C1,0.185867413800618,binned_cosine_1Da,78,False,predicted_spectrum,6368
CASMI2022,massformer,completed,11,11,23,CASMI_MOL_1196798,CASMI_MOL_51328,51328,Cc1ccnn1CCC(=O)N1CCCC(COc2cccc(Cl)c2)(CC(=O)N2CCOCC2)C1,0.185867413800618,binned_cosine_1Da,79,False,predicted_spectrum,6368
CASMI2022,massformer,completed,11,11,23,CASMI_MOL_1196798,CASMI_MOL_50876,50876,Cc1ccnn1CCC(=O)N1CCCC(COc2cccc(Cl)c2)(CC(=O)N2CCOCC2)C1,0.18586740884446545,binned_cosine_1Da,80,False,predicted_spectrum,6368
CASMI2022,massformer,completed,11,11,23,CASMI_MOL_1196798,CASMI_MOL_53660,53660,NC(=O)CCc1nn(CN2CCN(Cc3ccc4c(c3)OCO4)CC2)c(=S)n1CC1CCCO1,0.18575954315953652,binned_cosine_1Da,81,False,predicted_spectrum,6368
CASMI2022,massformer,completed,11,11,23,CASMI_MOL_1196798,CASMI_MOL_50859,50859,Cc1cc(C)n(CC(=O)N2CCCC(COc3cccc(Cl)c3)(CC(=O)N3CCOCC3)C2)n1,0.18566827243462902,binned_cosine_1Da,82,False,predicted_spectrum,6368
CASMI2022,massformer,completed,11,11,23,CASMI_MOL_1196798,CASMI_MOL_51300,51300,Cc1cc(C)n(CC(=O)N2CCCC(COc3cccc(Cl)c3)(CC(=O)N3CCOCC3)C2)n1,0.18566827243462902,binned_cosine_1Da,83,False,predicted_spectrum,6368
CASMI2022,massformer,completed,11,11,23,CASMI_MOL_1196798,CASMI_MOL_50858,50858,Cc1cc(C)n(CC(=O)N2CCCC(COc3cccc(Cl)c3)(CC(=O)N3CCOCC3)C2)n1,0.18566826791229446,binned_cosine_1Da,84,False,predicted_spectrum,6368
CASMI2022,massformer,completed,11,11,23,CASMI_MOL_1196798,CASMI_MOL_53673,53673,CC(NC(=O)CSc1nc2ccccc2c(=O)n1Cc1ccncc1)C12CC3CC(CC(C3)C1)C2,0.18547544753921824,binned_cosine_1Da,85,False,predicted_spectrum,6368
CASMI2022,massformer,completed,11,11,23,CASMI_MOL_1196798,CASMI_MOL_53780,53780,CC(NC(=O)CSc1nc2ccccc2c(=O)n1Cc1ccncc1)C12CC3CC(CC(C3)C1)C2,0.18547544753921824,binned_cosine_1Da,86,False,predicted_spectrum,6368
CASMI2022,massformer,completed,11,11,23,CASMI_MOL_1196798,CASMI_MOL_53713,53713,Cc1ccc(C)c(-n2c(C(C)N(CCN(C)C)C(=O)Cc3cccs3)nc3ccccc3c2=O)c1,0.18547542822825433,binned_cosine_1Da,87,False,predicted_spectrum,6368
CASMI2022,massformer,completed,11,11,23,CASMI_MOL_1196798,CASMI_MOL_53779,53779,CC(NC(=O)CSc1nc2ccccc2c(=O)n1Cc1ccncc1)C12CC3CC(CC(C3)C1)C2,0.18547542692907068,binned_cosine_1Da,88,False,predicted_spectrum,6368
CASMI2022,massformer,completed,11,11,23,CASMI_MOL_1196798,CASMI_MOL_52760,52760,CC12CCC(CNC(=O)c3cc(C(=O)NCc4ccc5oc(=O)[nH]c5c4)nc4ccnn34)(CC1)CC2,0.18534685437943244,binned_cosine_1Da,89,False,predicted_spectrum,6368
CASMI2022,massformer,completed,11,11,23,CASMI_MOL_1196798,CASMI_MOL_52759,52759,Cn1c(=O)oc2ccc(CNC(=O)c3cc(C(=O)NCC45CCC(CC4)CC5)n4nccc4n3)cc21,0.18505525135094505,binned_cosine_1Da,90,False,predicted_spectrum,6368
CASMI2022,massformer,completed,11,11,23,CASMI_MOL_1196798,CASMI_MOL_53964,53964,Cc1cccc(-c2sc(C)nc2C(=O)N2CC3CC(C)CC3C2CNC(=O)c2cc(C)ccn2)c1,0.18475649621518297,binned_cosine_1Da,91,False,predicted_spectrum,6368
CASMI2022,massformer,completed,11,11,23,CASMI_MOL_1196798,CASMI_MOL_50884,50884,Cn1nccc1CCC(=O)N1CCCC(COc2cccc(Cl)c2)(CC(=O)N2CCOCC2)C1,0.18471402150075167,binned_cosine_1Da,92,False,predicted_spectrum,6368
CASMI2022,massformer,completed,11,11,23,CASMI_MOL_1196798,CASMI_MOL_51324,51324,Cn1nccc1CCC(=O)N1CCCC(COc2cccc(Cl)c2)(CC(=O)N2CCOCC2)C1,0.18471402150075167,binned_cosine_1Da,93,False,predicted_spectrum,6368
CASMI2022,massformer,completed,11,11,23,CASMI_MOL_1196798,CASMI_MOL_50885,50885,Cn1nccc1CCC(=O)N1CCCC(COc2cccc(Cl)c2)(CC(=O)N2CCOCC2)C1,0.18471401872915394,binned_cosine_1Da,94,False,predicted_spectrum,6368
CASMI2022,massformer,completed,11,11,23,CASMI_MOL_1196798,CASMI_MOL_51150,51150,Cc1ccc(CNC(=O)c2cn(CCC(F)Cn3cc(NC(=O)CN4CC(F)C4)nn3)nn2)cn1,0.18437932367555948,binned_cosine_1Da,95,False,predicted_spectrum,6368
CASMI2022,massformer,completed,11,11,23,CASMI_MOL_1196798,CASMI_MOL_51151,51151,O=C(CN1CCC(F)(F)C1)Nc1cn(CCCCn2cc(C(=O)NCc3ccccn3)nn2)nn1,0.18433763012744053,binned_cosine_1Da,96,False,predicted_spectrum,6368
CASMI2022,massformer,completed,11,11,23,CASMI_MOL_1196798,CASMI_MOL_54528,54528,O=C(CSc1nc2nn(-c3ccccc3)c(=O)c-2c2n1CCCCC2)C12CC3CC(CC(C3)C1)C2,0.18409396640279266,binned_cosine_1Da,97,False,predicted_spectrum,6368
CASMI2022,massformer,completed,11,11,23,CASMI_MOL_1196798,CASMI_MOL_51312,51312,Cc1ccnn1CCC(=O)N1CCC(COc2cccc(Cl)c2)(CC(=O)N2CCOCC2)CC1,0.18377344490567105,binned_cosine_1Da,98,False,predicted_spectrum,6368
CASMI2022,massformer,completed,11,11,23,CASMI_MOL_1196798,CASMI_MOL_50856,50856,CCn1nc(C(=O)N2CCCC(COc3cccc(Cl)c3)(CC(=O)N3CCOCC3)C2)cc1C,0.18349174132509305,binned_cosine_1Da,99,False,predicted_spectrum,6368
CASMI2022,massformer,completed,11,11,23,CASMI_MOL_1196798,CASMI_MOL_50857,50857,CCn1nc(C(=O)N2CCCC(COc3cccc(Cl)c3)(CC(=O)N3CCOCC3)C2)cc1C,0.18349174132509305,binned_cosine_1Da,100,False,predicted_spectrum,6368
CASMI2022,massformer,completed,11,11,23,CASMI_MOL_1196798,CASMI_MOL_1196798,1196798,CCCc1nn(C)c2c(=O)[nH]c(-c3cc(S(=O)(=O)N4CCN(CC)CC4)ccc3OCC)nc12,0.10040210409470812,binned_cosine_1Da,1771,True,predicted_spectrum,6368
CASMI2022,massformer,completed,12,12,26,CASMI_MOL_1196799,CASMI_MOL_62992,62992,CCC(N)(CC)C(=O)c1ccccc1,0.7912249711721036,binned_cosine_1Da,1,False,predicted_spectrum,9462
CASMI2022,massformer,completed,12,12,26,CASMI_MOL_1196799,CASMI_MOL_63249,63249,C=C(C)CC(C)(ON)c1ccccc1,0.7067897916706868,binned_cosine_1Da,2,False,predicted_spectrum,9462
CASMI2022,massformer,completed,12,12,26,CASMI_MOL_1196799,CASMI_MOL_60374,60374,CCC(C)(CN)C(=O)c1ccccc1,0.6773467106608718,binned_cosine_1Da,3,False,predicted_spectrum,9462
CASMI2022,massformer,completed,12,12,26,CASMI_MOL_1196799,CASMI_MOL_60316,60316,CC(C)(CCN)C(=O)c1ccccc1,0.6645275763985292,binned_cosine_1Da,4,False,predicted_spectrum,9462
CASMI2022,massformer,completed,12,12,26,CASMI_MOL_1196799,CASMI_MOL_60315,60315,CC(C)(CN)CC(=O)c1ccccc1,0.6016781534213864,binned_cosine_1Da,5,False,predicted_spectrum,9462
CASMI2022,massformer,completed,12,12,26,CASMI_MOL_1196799,CASMI_MOL_56445,56445,C=COCCC(C)(N)c1ccccc1,0.5719319020247489,binned_cosine_1Da,6,False,predicted_spectrum,9462
CASMI2022,massformer,completed,12,12,26,CASMI_MOL_1196799,CASMI_MOL_59131,59131,C=CC(OC)C(C)(N)c1ccccc1,0.5696946318725081,binned_cosine_1Da,7,False,predicted_spectrum,9462
CASMI2022,massformer,completed,12,12,26,CASMI_MOL_1196799,CASMI_MOL_57894,57894,CC(C)(C)C(Cc1ccccc1)=NO,0.48521536590648584,binned_cosine_1Da,8,False,predicted_spectrum,9462
CASMI2022,massformer,completed,12,12,26,CASMI_MOL_1196799,CASMI_MOL_61770,61770,C=CCOCc1ccc(CCN)cc1,0.4798568536804787,binned_cosine_1Da,9,False,predicted_spectrum,9462
CASMI2022,massformer,completed,12,12,26,CASMI_MOL_1196799,CASMI_MOL_55528,55528,CC(C)(ON)c1ccc(C2CC2)cc1,0.477242942992824,binned_cosine_1Da,10,False,predicted_spectrum,9462
CASMI2022,massformer,completed,12,12,26,CASMI_MOL_1196799,CASMI_MOL_59056,59056,C=CC=CC=C(CC)C(=O)C(=N)CC,0.4761495394495954,binned_cosine_1Da,11,False,predicted_spectrum,9462
CASMI2022,massformer,completed,12,12,26,CASMI_MOL_1196799,CASMI_MOL_60431,60431,CC(C)(N)CCC(=O)c1ccccc1,0.4704734931947284,binned_cosine_1Da,12,False,predicted_spectrum,9462
CASMI2022,massformer,completed,12,12,26,CASMI_MOL_1196799,CASMI_MOL_63074,63074,C=CC(C#CC(N)=O)CC=C(C)CC,0.46192849150343857,binned_cosine_1Da,13,False,predicted_spectrum,9462
CASMI2022,massformer,completed,12,12,26,CASMI_MOL_1196799,CASMI_MOL_56791,56791,CC=CC=C(C=CC)C(C)=CC(N)=O,0.45717448684302847,binned_cosine_1Da,14,False,predicted_spectrum,9462
CASMI2022,massformer,completed,12,12,26,CASMI_MOL_1196799,CASMI_MOL_59301,59301,C=C(C)C(=CC=CC)C(=O)N=C(C)C,0.43850010038952625,binned_cosine_1Da,15,False,predicted_spectrum,9462
CASMI2022,massformer,completed,12,12,26,CASMI_MOL_1196799,CASMI_MOL_57216,57216,C=C(C)C(=CC=CC)C(=O)N=C(C)C,0.4385000805629364,binned_cosine_1Da,16,False,predicted_spectrum,9462
CASMI2022,massformer,completed,12,12,26,CASMI_MOL_1196799,CASMI_MOL_55263,55263,CCc1ccc(CC=C(C)ON)cc1,0.42926335083861844,binned_cosine_1Da,17,False,predicted_spectrum,9462
CASMI2022,massformer,completed,12,12,26,CASMI_MOL_1196799,CASMI_MOL_55977,55977,CC(=N)OC(c1ccccc1)C(C)C,0.4244931298246567,binned_cosine_1Da,18,False,predicted_spectrum,9462
CASMI2022,massformer,completed,12,12,26,CASMI_MOL_1196799,CASMI_MOL_56842,56842,C=C(C)C(=N)OC1=C(C)CC(C)C=C1,0.42348682423324757,binned_cosine_1Da,19,False,predicted_spectrum,9462
CASMI2022,massformer,completed,12,12,26,CASMI_MOL_1196799,CASMI_MOL_57473,57473,C=COCc1ccc(CCCN)cc1,0.4069714075411973,binned_cosine_1Da,20,False,predicted_spectrum,9462
CASMI2022,massformer,completed,12,12,26,CASMI_MOL_1196799,CASMI_MOL_56767,56767,CCC(=NC(O)CC)c1ccccc1,0.4057480561726294,binned_cosine_1Da,21,False,predicted_spectrum,9462
CASMI2022,massformer,completed,12,12,26,CASMI_MOL_1196799,CASMI_MOL_56958,56958,C=CCC(=CC)C(CC)=NC(=O)C=C,0.39157327586479174,binned_cosine_1Da,22,False,predicted_spectrum,9462
CASMI2022,massformer,completed,12,12,26,CASMI_MOL_1196799,CASMI_MOL_64218,64218,NCCCC(=O)CCc1ccccc1,0.38448281138074913,binned_cosine_1Da,23,False,predicted_spectrum,9462
CASMI2022,massformer,completed,12,12,26,CASMI_MOL_1196799,CASMI_MOL_56804,56804,CC=C(C=CC=CCC(C)C)OC#N,0.379474178703758,binned_cosine_1Da,24,False,predicted_spectrum,9462
CASMI2022,massformer,completed,12,12,26,CASMI_MOL_1196799,CASMI_MOL_55499,55499,CCc1ccc(C2(CON)CC2)cc1,0.374231370316835,binned_cosine_1Da,25,False,predicted_spectrum,9462
CASMI2022,massformer,completed,12,12,26,CASMI_MOL_1196799,CASMI_MOL_60399,60399,CCC(C)(N)C(=O)c1cccc(C)c1,0.3715263656571973,binned_cosine_1Da,26,False,predicted_spectrum,9462
CASMI2022,massformer,completed,12,12,26,CASMI_MOL_1196799,CASMI_MOL_57531,57531,CC(=O)C(N)C(C)(C)c1ccccc1,0.36912042903385456,binned_cosine_1Da,27,False,predicted_spectrum,9462
CASMI2022,massformer,completed,12,12,26,CASMI_MOL_1196799,CASMI_MOL_55582,55582,CC(C)(ON)c1cccc(C2CC2)c1,0.3686274221305821,binned_cosine_1Da,28,False,predicted_spectrum,9462
CASMI2022,massformer,completed,12,12,26,CASMI_MOL_1196799,CASMI_MOL_55165,55165,COCC1(N)CC(c2ccccc2)C1,0.36665933693258806,binned_cosine_1Da,29,False,predicted_spectrum,9462
CASMI2022,massformer,completed,12,12,26,CASMI_MOL_1196799,CASMI_MOL_60225,60225,COC1(c2ccc(CCN)cc2)CC1,0.3656113621637735,binned_cosine_1Da,30,False,predicted_spectrum,9462
CASMI2022,massformer,completed,12,12,26,CASMI_MOL_1196799,CASMI_MOL_55666,55666,C=C(CCN)c1ccc(COC)cc1,0.3596871738939294,binned_cosine_1Da,31,False,predicted_spectrum,9462
CASMI2022,massformer,completed,12,12,26,CASMI_MOL_1196799,CASMI_MOL_63294,63294,CCCCC(N)(C=O)c1ccccc1,0.35958208817674764,binned_cosine_1Da,32,False,predicted_spectrum,9462
CASMI2022,massformer,completed,12,12,26,CASMI_MOL_1196799,CASMI_MOL_56276,56276,C=CC(=C)C(N)C(C=CC(C)=O)=CC,0.3569043562840287,binned_cosine_1Da,33,False,predicted_spectrum,9462
CASMI2022,massformer,completed,12,12,26,CASMI_MOL_1196799,CASMI_MOL_60398,60398,CCC(C)(N)C(=O)c1ccccc1C,0.3563925414394225,binned_cosine_1Da,34,False,predicted_spectrum,9462
CASMI2022,massformer,completed,12,12,26,CASMI_MOL_1196799,CASMI_MOL_61862,61862,CC(C)(C)C(=O)C(N)c1ccccc1,0.3559625524268232,binned_cosine_1Da,35,False,predicted_spectrum,9462
CASMI2022,massformer,completed,12,12,26,CASMI_MOL_1196799,CASMI_MOL_55411,55411,CC(C)(ON)c1ccccc1C1CC1,0.35530572488888706,binned_cosine_1Da,36,False,predicted_spectrum,9462
CASMI2022,massformer,completed,12,12,26,CASMI_MOL_1196799,CASMI_MOL_56645,56645,C=CC=CC(=CC=C)CCNC(C)=O,0.3462053959646939,binned_cosine_1Da,37,False,predicted_spectrum,9462
CASMI2022,massformer,completed,12,12,26,CASMI_MOL_1196799,CASMI_MOL_57963,57963,C=CC(N)Cc1c(C)cc(O)cc1C,0.3457590048314387,binned_cosine_1Da,38,False,predicted_spectrum,9462
CASMI2022,massformer,completed,12,12,26,CASMI_MOL_1196799,CASMI_MOL_61103,61103,CC(N)Cc1cccc(OC2CC2)c1,0.34020824176667014,binned_cosine_1Da,39,False,predicted_spectrum,9462
CASMI2022,massformer,completed,12,12,26,CASMI_MOL_1196799,CASMI_MOL_56740,56740,C=C(C)C(=O)N=C(C=CCC)C(=C)C,0.33492134161712517,binned_cosine_1Da,40,False,predicted_spectrum,9462
CASMI2022,massformer,completed,12,12,26,CASMI_MOL_1196799,CASMI_MOL_55409,55409,CC(CON)c1ccc(C2CC2)cc1,0.33202721169057,binned_cosine_1Da,41,False,predicted_spectrum,9462
CASMI2022,massformer,completed,12,12,26,CASMI_MOL_1196799,CASMI_MOL_59871,59871,NOCCc1ccc(C2CCC2)cc1,0.32707956196893534,binned_cosine_1Da,42,False,predicted_spectrum,9462
CASMI2022,massformer,completed,12,12,26,CASMI_MOL_1196799,CASMI_MOL_57680,57680,CCC(N)CCC(=O)c1ccccc1,0.3260345552904176,binned_cosine_1Da,43,False,predicted_spectrum,9462
CASMI2022,massformer,completed,12,12,26,CASMI_MOL_1196799,CASMI_MOL_55388,55388,C=C(OCC)c1ccc(CCN)cc1,0.32464921491306636,binned_cosine_1Da,44,False,predicted_spectrum,9462
CASMI2022,massformer,completed,12,12,26,CASMI_MOL_1196799,CASMI_MOL_64538,64538,Cc1ccc(C(=O)CC(C)(C)N)cc1,0.3204981577342601,binned_cosine_1Da,45,False,predicted_spectrum,9462
CASMI2022,massformer,completed,12,12,26,CASMI_MOL_1196799,CASMI_MOL_64537,64537,Cc1ccccc1C(=O)CC(C)(C)N,0.3192023389106429,binned_cosine_1Da,46,False,predicted_spectrum,9462
CASMI2022,massformer,completed,12,12,26,CASMI_MOL_1196799,CASMI_MOL_55828,55828,C=C(OCC)c1ccc(C(C)N)cc1,0.31633232841499404,binned_cosine_1Da,47,False,predicted_spectrum,9462
CASMI2022,massformer,completed,12,12,26,CASMI_MOL_1196799,CASMI_MOL_62037,62037,COCC(=CCCN)c1ccccc1,0.31293587680805357,binned_cosine_1Da,48,False,predicted_spectrum,9462
CASMI2022,massformer,completed,12,12,26,CASMI_MOL_1196799,CASMI_MOL_60291,60291,CC(=O)CCC(N)c1ccc(C)cc1,0.312524191030777,binned_cosine_1Da,49,False,predicted_spectrum,9462
CASMI2022,massformer,completed,12,12,26,CASMI_MOL_1196799,CASMI_MOL_63511,63511,Cc1ccccc1C=[N+]([O-])C(C)(C)C,0.31211724689591075,binned_cosine_1Da,50,False,predicted_spectrum,9462
CASMI2022,massformer,completed,12,12,26,CASMI_MOL_1196799,CASMI_MOL_57410,57410,CC=CC=CC=CC(=CCC)C(N)=O,0.31187965457832667,binned_cosine_1Da,51,False,predicted_spectrum,9462
CASMI2022,massformer,completed,12,12,26,CASMI_MOL_1196799,CASMI_MOL_59241,59241,CC=CC=CC=CC(=CCC)C(N)=O,0.31187965457832667,binned_cosine_1Da,52,False,predicted_spectrum,9462
CASMI2022,massformer,completed,12,12,26,CASMI_MOL_1196799,CASMI_MOL_55571,55571,CC(C)(ON)C1CCc2ccccc21,0.3112474493521208,binned_cosine_1Da,53,False,predicted_spectrum,9462
CASMI2022,massformer,completed,12,12,26,CASMI_MOL_1196799,CASMI_MOL_59317,59317,C=C(C=CC)CNC(=O)C(=C)C=CC,0.31098433636776424,binned_cosine_1Da,54,False,predicted_spectrum,9462
CASMI2022,massformer,completed,12,12,26,CASMI_MOL_1196799,CASMI_MOL_63070,63070,C=C(C=CC)CNC(=O)C(=C)C=CC,0.31098433636776424,binned_cosine_1Da,55,False,predicted_spectrum,9462
CASMI2022,massformer,completed,12,12,26,CASMI_MOL_1196799,CASMI_MOL_60224,60224,COC1(c2cccc(CCN)c2)CC1,0.3097365649548311,binned_cosine_1Da,56,False,predicted_spectrum,9462
CASMI2022,massformer,completed,12,12,26,CASMI_MOL_1196799,CASMI_MOL_56765,56765,C=CC=CC(C)=C(C)CC(C)=NC=O,0.30448223310686595,binned_cosine_1Da,57,False,predicted_spectrum,9462
CASMI2022,massformer,completed,12,12,26,CASMI_MOL_1196799,CASMI_MOL_63181,63181,CC=CC(C=CC)=CC=C(C)C(N)=O,0.29905858578113076,binned_cosine_1Da,58,False,predicted_spectrum,9462
CASMI2022,massformer,completed,12,12,26,CASMI_MOL_1196799,CASMI_MOL_56198,56198,C=C(C)C(C=CC)=CC(=C)C(=O)NC,0.29827261715154463,binned_cosine_1Da,59,False,predicted_spectrum,9462
CASMI2022,massformer,completed,12,12,26,CASMI_MOL_1196799,CASMI_MOL_55489,55489,CC(C)(ON)C1(c2ccccc2)CC1,0.2971527275561893,binned_cosine_1Da,60,False,predicted_spectrum,9462
CASMI2022,massformer,completed,12,12,26,CASMI_MOL_1196799,CASMI_MOL_59802,59802,NCCCc1ccc(C2COC2)cc1,0.2967824229000048,binned_cosine_1Da,61,False,predicted_spectrum,9462
CASMI2022,massformer,completed,12,12,26,CASMI_MOL_1196799,CASMI_MOL_55580,55580,CC(C)(ON)C1Cc2ccccc2C1,0.29662746222481345,binned_cosine_1Da,62,False,predicted_spectrum,9462
CASMI2022,massformer,completed,12,12,26,CASMI_MOL_1196799,CASMI_MOL_64536,64536,Cc1cccc(C(=O)CC(C)(C)N)c1,0.29547476948024387,binned_cosine_1Da,63,False,predicted_spectrum,9462
CASMI2022,massformer,completed,12,12,26,CASMI_MOL_1196799,CASMI_MOL_60400,60400,CCC(C)(N)C(=O)c1ccc(C)cc1,0.2954211281875528,binned_cosine_1Da,64,False,predicted_spectrum,9462
CASMI2022,massformer,completed,12,12,26,CASMI_MOL_1196799,CASMI_MOL_55589,55589,CCc1cccc(C2(CON)CC2)c1,0.29458330731355503,binned_cosine_1Da,65,False,predicted_spectrum,9462
CASMI2022,massformer,completed,12,12,26,CASMI_MOL_1196799,CASMI_MOL_59804,59804,NCCCc1ccccc1C1COC1,0.2930805034604297,binned_cosine_1Da,66,False,predicted_spectrum,9462
CASMI2022,massformer,completed,12,12,26,CASMI_MOL_1196799,CASMI_MOL_63929,63929,NCCc1ccc(C2CCCO2)cc1,0.29285597318786244,binned_cosine_1Da,67,False,predicted_spectrum,9462
CASMI2022,massformer,completed,12,12,26,CASMI_MOL_1196799,CASMI_MOL_61105,61105,NCCCc1cccc(OC2CC2)c1,0.2924822252670511,binned_cosine_1Da,68,False,predicted_spectrum,9462
CASMI2022,massformer,completed,12,12,26,CASMI_MOL_1196799,CASMI_MOL_63287,63287,CC=CC=CCC=CC=CCC(N)=O,0.2914231402833691,binned_cosine_1Da,69,False,predicted_spectrum,9462
CASMI2022,massformer,completed,12,12,26,CASMI_MOL_1196799,CASMI_MOL_60432,60432,CCC(=O)CCC(N)c1ccccc1,0.2906368467934945,binned_cosine_1Da,70,False,predicted_spectrum,9462
CASMI2022,massformer,completed,12,12,26,CASMI_MOL_1196799,CASMI_MOL_56243,56243,C=CC=CC=C(OC#N)C(C)C(C)C,0.28961059076244056,binned_cosine_1Da,71,False,predicted_spectrum,9462
CASMI2022,massformer,completed,12,12,26,CASMI_MOL_1196799,CASMI_MOL_56944,56944,Cc1cccc(COCC=CCN)c1,0.28919694513944544,binned_cosine_1Da,72,False,predicted_spectrum,9462
CASMI2022,massformer,completed,12,12,26,CASMI_MOL_1196799,CASMI_MOL_56135,56135,CC(C)=C(C)C#CC(C)=C(C)C(N)=O,0.2887942127969222,binned_cosine_1Da,73,False,predicted_spectrum,9462
CASMI2022,massformer,completed,12,12,26,CASMI_MOL_1196799,CASMI_MOL_56890,56890,C=CC=CC(=CC)CCNC(=O)C=C,0.28738959393766805,binned_cosine_1Da,74,False,predicted_spectrum,9462
CASMI2022,massformer,completed,12,12,26,CASMI_MOL_1196799,CASMI_MOL_61108,61108,CCC(N)c1cccc(OC2CC2)c1,0.28709143734679937,binned_cosine_1Da,75,False,predicted_spectrum,9462
CASMI2022,massformer,completed,12,12,26,CASMI_MOL_1196799,CASMI_MOL_63224,63224,CCC(N)c1cccc(OC2CC2)c1,0.28709141733561333,binned_cosine_1Da,76,False,predicted_spectrum,9462
CASMI2022,massformer,completed,12,12,26,CASMI_MOL_1196799,CASMI_MOL_56504,56504,CCCC=C(c1ccccc1)C(N)O,0.28695157657014453,binned_cosine_1Da,77,False,predicted_spectrum,9462
CASMI2022,massformer,completed,12,12,26,CASMI_MOL_1196799,CASMI_MOL_56845,56845,CC(C)(C)C(N)c1ccc(C=O)cc1,0.2864743823540378,binned_cosine_1Da,78,False,predicted_spectrum,9462
CASMI2022,massformer,completed,12,12,26,CASMI_MOL_1196799,CASMI_MOL_56754,56754,CC(=O)C(C)(N)Cc1ccccc1C,0.2864297642160587,binned_cosine_1Da,79,False,predicted_spectrum,9462
CASMI2022,massformer,completed,12,12,26,CASMI_MOL_1196799,CASMI_MOL_55413,55413,CCc1ccccc1C1(CON)CC1,0.28474633823203627,binned_cosine_1Da,80,False,predicted_spectrum,9462
CASMI2022,massformer,completed,12,12,26,CASMI_MOL_1196799,CASMI_MOL_62098,62098,C=CC(C)(CN)Cc1cccc(O)c1,0.2845386753803461,binned_cosine_1Da,81,False,predicted_spectrum,9462
CASMI2022,massformer,completed,12,12,26,CASMI_MOL_1196799,CASMI_MOL_62038,62038,COCC1(c2ccccc2)CC1CN,0.2844030834819501,binned_cosine_1Da,82,False,predicted_spectrum,9462
CASMI2022,massformer,completed,12,12,26,CASMI_MOL_1196799,CASMI_MOL_56843,56843,CC(=CC(C)c1ccc(C)cc1)ON,0.2839800523530838,binned_cosine_1Da,83,False,predicted_spectrum,9462
CASMI2022,massformer,completed,12,12,26,CASMI_MOL_1196799,CASMI_MOL_59872,59872,NOCCc1cccc(C2CCC2)c1,0.28286697534209615,binned_cosine_1Da,84,False,predicted_spectrum,9462
CASMI2022,massformer,completed,12,12,26,CASMI_MOL_1196799,CASMI_MOL_61743,61743,COC(C)(c1ccccc1)C1(N)CC1,0.28279837633878263,binned_cosine_1Da,85,False,predicted_spectrum,9462
CASMI2022,massformer,completed,12,12,26,CASMI_MOL_1196799,CASMI_MOL_58241,58241,C=C(C)CC(N)c1cccc(C)c1O,0.28153573856811714,binned_cosine_1Da,86,False,predicted_spectrum,9462
CASMI2022,massformer,completed,12,12,26,CASMI_MOL_1196799,CASMI_MOL_59873,59873,NOCCc1ccccc1C1CCC1,0.28078338566729955,binned_cosine_1Da,87,False,predicted_spectrum,9462
CASMI2022,massformer,completed,12,12,26,CASMI_MOL_1196799,CASMI_MOL_62099,62099,C=CC(C)(CN)Cc1ccc(O)cc1,0.28057173178796757,binned_cosine_1Da,88,False,predicted_spectrum,9462
CASMI2022,massformer,completed,12,12,26,CASMI_MOL_1196799,CASMI_MOL_57365,57365,CC=CC=CC=CCC=CCC(N)=O,0.28024369401001364,binned_cosine_1Da,89,False,predicted_spectrum,9462
CASMI2022,massformer,completed,12,12,26,CASMI_MOL_1196799,CASMI_MOL_64165,64165,NCCc1ccccc1C1CCOC1,0.28001091029117725,binned_cosine_1Da,90,False,predicted_spectrum,9462
CASMI2022,massformer,completed,12,12,26,CASMI_MOL_1196799,CASMI_MOL_62565,62565,Cc1ccc(CCC(=O)CCN)cc1,0.2787215568248991,binned_cosine_1Da,91,False,predicted_spectrum,9462
CASMI2022,massformer,completed,12,12,26,CASMI_MOL_1196799,CASMI_MOL_61113,61113,CCC(N)c1ccc(OC2CC2)cc1,0.2774365456814043,binned_cosine_1Da,92,False,predicted_spectrum,9462
CASMI2022,massformer,completed,12,12,26,CASMI_MOL_1196799,CASMI_MOL_57130,57130,CCCC(=O)N=C1C=CC(C)=CCC1,0.2759461348204416,binned_cosine_1Da,93,False,predicted_spectrum,9462
CASMI2022,massformer,completed,12,12,26,CASMI_MOL_1196799,CASMI_MOL_55345,55345,C=C(CCN)c1cccc(COC)c1,0.2753992409062625,binned_cosine_1Da,94,False,predicted_spectrum,9462
CASMI2022,massformer,completed,12,12,26,CASMI_MOL_1196799,CASMI_MOL_61110,61110,NCCCc1ccc(OC2CC2)cc1,0.2747577081911591,binned_cosine_1Da,95,False,predicted_spectrum,9462
CASMI2022,massformer,completed,12,12,26,CASMI_MOL_1196799,CASMI_MOL_62585,62585,CCc1ccc(CCC(=N)OC)cc1,0.27289376293247297,binned_cosine_1Da,96,False,predicted_spectrum,9462
CASMI2022,massformer,completed,12,12,26,CASMI_MOL_1196799,CASMI_MOL_59998,59998,COc1ccc(CC=CCCN)cc1,0.271195319744931,binned_cosine_1Da,97,False,predicted_spectrum,9462
CASMI2022,massformer,completed,12,12,26,CASMI_MOL_1196799,CASMI_MOL_63490,63490,CC(NC=O)C(C)(C)c1ccccc1,0.2708066599323354,binned_cosine_1Da,98,False,predicted_spectrum,9462
CASMI2022,massformer,completed,12,12,26,CASMI_MOL_1196799,CASMI_MOL_57976,57976,CCC(CC)C(=NO)c1ccccc1,0.2706733744270842,binned_cosine_1Da,99,False,predicted_spectrum,9462
CASMI2022,massformer,completed,12,12,26,CASMI_MOL_1196799,CASMI_MOL_59475,59475,CCC(CC)C(=NO)c1ccccc1,0.2706733744270842,binned_cosine_1Da,100,False,predicted_spectrum,9462
CASMI2022,massformer,completed,12,12,26,CASMI_MOL_1196799,CASMI_MOL_1196799,1196799,CC(C)NC(=O)CCc1ccccc1,0.0005215675844666941,binned_cosine_1Da,9091,True,predicted_spectrum,9462
CASMI2022,massformer,completed,15,15,34,CASMI_MOL_1196802,CASMI_MOL_71894,71894,C=CCN1C(=O)NC(c2cccc(F)c2)c2c1cn(C(C(=O)NCC1CCCO1)c1ccccc1)c2O,0.3053588378324956,binned_cosine_1Da,1,False,predicted_spectrum,4775
CASMI2022,massformer,completed,15,15,34,CASMI_MOL_1196802,CASMI_MOL_71895,71895,C=CCN1C(=O)NC(c2cccc(F)c2)c2c1cn(C(C(=O)NCC1CCCO1)c1ccccc1)c2O,0.3053588367379972,binned_cosine_1Da,2,False,predicted_spectrum,4775
CASMI2022,massformer,completed,15,15,34,CASMI_MOL_1196802,CASMI_MOL_73204,73204,C=CCN1C(=O)NC(c2cccc(F)c2)c2c1cn(C(C(=O)NCC1CCCO1)c1ccccc1)c2O,0.3053588367379972,binned_cosine_1Da,3,False,predicted_spectrum,4775
CASMI2022,massformer,completed,15,15,34,CASMI_MOL_1196802,CASMI_MOL_71954,71954,C=CCN1C(=O)NC(c2cccc(F)c2)c2c1cn(C(C(=O)NCC1CCCO1)c1ccccc1)c2O,0.3053588225537621,binned_cosine_1Da,4,False,predicted_spectrum,4775
CASMI2022,massformer,completed,15,15,34,CASMI_MOL_1196802,CASMI_MOL_71955,71955,C=CCN1C(=O)NC(c2cccc(F)c2)c2c1cn(C(C(=O)NCC1CCCO1)c1ccccc1)c2O,0.3053588111574913,binned_cosine_1Da,5,False,predicted_spectrum,4775
CASMI2022,massformer,completed,15,15,34,CASMI_MOL_1196802,CASMI_MOL_70283,70283,C=CCN(c1ccnc(S(=O)(=O)Cc2ccccc2)n1)C(C(=O)NC1CCCCC1)c1ccccc1,0.2879950064484766,binned_cosine_1Da,6,False,predicted_spectrum,4775
CASMI2022,massformer,completed,15,15,34,CASMI_MOL_1196802,CASMI_MOL_72373,72373,CN1CCCCN2C(=O)c3c(OCc4ccccc4)c(=O)c(C(=O)NCc4ccc(F)cc4)cn3CC12,0.2862495969856939,binned_cosine_1Da,7,False,predicted_spectrum,4775
CASMI2022,massformer,completed,15,15,34,CASMI_MOL_1196802,CASMI_MOL_72031,72031,O=C(C1CCCN1C(=O)OCc1ccccc1)N(c1cccc(NCC2CCCC2)c1)c1nccs1,0.2861482104396891,binned_cosine_1Da,8,False,predicted_spectrum,4775
CASMI2022,massformer,completed,15,15,34,CASMI_MOL_1196802,CASMI_MOL_74352,74352,Cc1ccc(-c2nnn(CC(=O)N(Cc3ccco3)C(C(=O)NC3CCCC3)c3ccc(O)cc3)n2)o1,0.28395154451268656,binned_cosine_1Da,9,False,predicted_spectrum,4775
CASMI2022,massformer,completed,15,15,34,CASMI_MOL_1196802,CASMI_MOL_71996,71996,O=C(C1CCCN1C(=O)OCc1ccccc1)N(c1ccc(NCC2CCCC2)cc1)c1nccs1,0.283421156722317,binned_cosine_1Da,10,False,predicted_spectrum,4775
CASMI2022,massformer,completed,15,15,34,CASMI_MOL_1196802,CASMI_MOL_72512,72512,N=C(N)c1cccc(CN(C(=O)Cc2ccc(-c3ccccc3S(N)(=O)=O)cc2)C2CCCCC2)c1,0.2833608404464916,binned_cosine_1Da,11,False,predicted_spectrum,4775
CASMI2022,massformer,completed,15,15,34,CASMI_MOL_1196802,CASMI_MOL_73010,73010,CCCC(Oc1ccc(-c2nn3c(-c4ccc(C(=O)OCC)cc4)cnc3s2)cc1)N1CCCCC1,0.27715139303993386,binned_cosine_1Da,12,False,predicted_spectrum,4775
CASMI2022,massformer,completed,15,15,34,CASMI_MOL_1196802,CASMI_MOL_69895,69895,N=C(CC=NCC(O)CO)NC(=O)C(CC1CCCCC1)n1cc(Oc2ccccc2Cl)cc1O,0.27323099196531947,binned_cosine_1Da,13,False,predicted_spectrum,4775
CASMI2022,massformer,completed,15,15,34,CASMI_MOL_1196802,CASMI_MOL_72881,72881,N=C(N)N1CCCC(CC(CO)NC(=O)Cn2cccc(NS(=O)(=O)Cc3ccccc3)c2=O)C1,0.2713883849803888,binned_cosine_1Da,14,False,predicted_spectrum,4775
CASMI2022,massformer,completed,15,15,34,CASMI_MOL_1196802,CASMI_MOL_73681,73681,N=C(N)N1CCCC(CC(CO)NC(=O)Cn2cccc(NS(=O)(=O)Cc3ccccc3)c2=O)C1,0.2713883849803888,binned_cosine_1Da,15,False,predicted_spectrum,4775
CASMI2022,massformer,completed,15,15,34,CASMI_MOL_1196802,CASMI_MOL_72204,72204,N=C(N)N1CCCC(CC(C=O)NC(=O)CN2C=CCC(NS(=O)(=O)Cc3ccccc3)C2=O)C1,0.26861772294781494,binned_cosine_1Da,16,False,predicted_spectrum,4775
CASMI2022,massformer,completed,15,15,34,CASMI_MOL_1196802,CASMI_MOL_71381,71381,CCc1ccccc1N(CC(=O)NN=C1CCN(Cc2ccccc2)CC1)S(=O)(=O)c1ccccc1,0.2679370499845579,binned_cosine_1Da,17,False,predicted_spectrum,4775
CASMI2022,massformer,completed,15,15,34,CASMI_MOL_1196802,CASMI_MOL_73004,73004,CCNC(CCCC1(c2ccc(F)cc2)OCCO1)C(=O)N1CCC(Oc2cccc(Cl)c2)CC1,0.2678051463460812,binned_cosine_1Da,18,False,predicted_spectrum,4775
CASMI2022,massformer,completed,15,15,34,CASMI_MOL_1196802,CASMI_MOL_72794,72794,CC1CCN(C)C2Cn3cc(C(=O)NCc4ccc(F)cc4)c(=O)c(OCc4ccccc4)c3C(=O)N12,0.2674512389993219,binned_cosine_1Da,19,False,predicted_spectrum,4775
CASMI2022,massformer,completed,15,15,34,CASMI_MOL_1196802,CASMI_MOL_72308,72308,CC1CCN(C)C2Cn3cc(C(=O)NCc4ccc(F)cc4)c(=O)c(OCc4ccccc4)c3C(=O)N12,0.26745123139905397,binned_cosine_1Da,20,False,predicted_spectrum,4775
CASMI2022,massformer,completed,15,15,34,CASMI_MOL_1196802,CASMI_MOL_74344,74344,CC1CCCN(S(=O)(=O)c2ccc(S(=O)(=O)N(Cc3ccccc3)C3CCCCC3C)cc2)C1,0.2666193635005939,binned_cosine_1Da,21,False,predicted_spectrum,4775
CASMI2022,massformer,completed,15,15,34,CASMI_MOL_1196802,CASMI_MOL_74404,74404,CC1CCCN(S(=O)(=O)c2ccc(S(=O)(=O)N(Cc3ccccc3)C3CCCCC3C)cc2)C1,0.2666193635005939,binned_cosine_1Da,22,False,predicted_spectrum,4775
CASMI2022,massformer,completed,15,15,34,CASMI_MOL_1196802,CASMI_MOL_71438,71438,CC1CCCN(S(=O)(=O)c2ccc(S(=O)(=O)N(Cc3ccccc3)C3CCCCC3C)cc2)C1,0.26661935365341555,binned_cosine_1Da,23,False,predicted_spectrum,4775
CASMI2022,massformer,completed,15,15,34,CASMI_MOL_1196802,CASMI_MOL_71439,71439,CC1CCCN(S(=O)(=O)c2ccc(S(=O)(=O)N(Cc3ccccc3)C3CCCCC3C)cc2)C1,0.26661935365341555,binned_cosine_1Da,24,False,predicted_spectrum,4775
CASMI2022,massformer,completed,15,15,34,CASMI_MOL_1196802,CASMI_MOL_73468,73468,CC1CCCN(S(=O)(=O)c2ccc(S(=O)(=O)N(Cc3ccccc3)C3CCCCC3C)cc2)C1,0.26661935365341555,binned_cosine_1Da,25,False,predicted_spectrum,4775
CASMI2022,massformer,completed,15,15,34,CASMI_MOL_1196802,CASMI_MOL_74175,74175,CC1CCCN(S(=O)(=O)c2ccc(S(=O)(=O)N(Cc3ccccc3)C3CCCCC3C)cc2)C1,0.26661935365341555,binned_cosine_1Da,26,False,predicted_spectrum,4775
CASMI2022,massformer,completed,15,15,34,CASMI_MOL_1196802,CASMI_MOL_73470,73470,Cc1ccc(CN(C2CCCCC2)S(=O)(=O)c2ccc(S(=O)(=O)N3CCCCC3C)cc2)cc1,0.26633445996759686,binned_cosine_1Da,27,False,predicted_spectrum,4775
CASMI2022,massformer,completed,15,15,34,CASMI_MOL_1196802,CASMI_MOL_73469,73469,Cc1ccc(CN(C2CCCCC2)S(=O)(=O)c2ccc(S(=O)(=O)N3CCCCC3C)cc2)cc1,0.26633443968811704,binned_cosine_1Da,28,False,predicted_spectrum,4775
CASMI2022,massformer,completed,15,15,34,CASMI_MOL_1196802,CASMI_MOL_74345,74345,Cc1ccc(CN(C2CCCCC2)S(=O)(=O)c2ccc(S(=O)(=O)N3CCCCC3C)cc2)cc1,0.26633443968811704,binned_cosine_1Da,29,False,predicted_spectrum,4775
CASMI2022,massformer,completed,15,15,34,CASMI_MOL_1196802,CASMI_MOL_71183,71183,O=C(NCC1CCCO1)C1CN(C(=O)Nc2ccc(F)cc2)CCN1C(=O)c1ccc2ccccc2c1,0.26503467954489074,binned_cosine_1Da,30,False,predicted_spectrum,4775
CASMI2022,massformer,completed,15,15,34,CASMI_MOL_1196802,CASMI_MOL_71384,71384,Cc1ccc(C)c(N(CC(=O)NN=C2CCN(Cc3ccccc3)CC2)S(=O)(=O)c2ccccc2)c1,0.2646163972496077,binned_cosine_1Da,31,False,predicted_spectrum,4775
CASMI2022,massformer,completed,15,15,34,CASMI_MOL_1196802,CASMI_MOL_70219,70219,CN(Cc1ccccc1)S(=O)(=O)N1C2CCCC1CN(C(=O)N(c1ccccc1)c1ccccc1)C2,0.2637930576122137,binned_cosine_1Da,32,False,predicted_spectrum,4775
CASMI2022,massformer,completed,15,15,34,CASMI_MOL_1196802,CASMI_MOL_72328,72328,O=C(Nc1nc(-c2ccc(NCC3CCCC3)cc2)cs1)C1CCCN1C(=O)OCc1ccccc1,0.2637622171892784,binned_cosine_1Da,33,False,predicted_spectrum,4775
CASMI2022,massformer,completed,15,15,34,CASMI_MOL_1196802,CASMI_MOL_72975,72975,O=C(Nc1nc(-c2ccc(NCC3CCCC3)cc2)cs1)C1CCCN1C(=O)OCc1ccccc1,0.26376221555889073,binned_cosine_1Da,34,False,predicted_spectrum,4775
CASMI2022,massformer,completed,15,15,34,CASMI_MOL_1196802,CASMI_MOL_73521,73521,O=C(Nc1nc(-c2ccc(NCC3CCCC3)cc2)cs1)C1CCCN1C(=O)OCc1ccccc1,0.26376221555889073,binned_cosine_1Da,35,False,predicted_spectrum,4775
CASMI2022,massformer,completed,15,15,34,CASMI_MOL_1196802,CASMI_MOL_71109,71109,CN1CCCC1COC1(C(=O)Nc2ccccc2)CC(C(F)(F)F)C=NC1=NCc1ccc(F)cc1,0.26360272829262793,binned_cosine_1Da,36,False,predicted_spectrum,4775
CASMI2022,massformer,completed,15,15,34,CASMI_MOL_1196802,CASMI_MOL_71383,71383,Cc1cc(C)cc(N(CC(=O)NN=C2CCN(Cc3ccccc3)CC2)S(=O)(=O)c2ccccc2)c1,0.2635887577796631,binned_cosine_1Da,37,False,predicted_spectrum,4775
CASMI2022,massformer,completed,15,15,34,CASMI_MOL_1196802,CASMI_MOL_71780,71780,C=CCN(CCCCCCN(CC=C)S(=O)(=O)c1ccc(C)cc1)S(=O)(=O)c1ccc(C)cc1,0.2626945801060499,binned_cosine_1Da,38,False,predicted_spectrum,4775
CASMI2022,massformer,completed,15,15,34,CASMI_MOL_1196802,CASMI_MOL_72467,72467,Cc1ccc(S(=O)(=O)N(Cc2ccccc2)CC(C)c2nnc(C3(N)CC=CC=CC=CC3)o2)cc1,0.26247154786795546,binned_cosine_1Da,39,False,predicted_spectrum,4775
CASMI2022,massformer,completed,15,15,34,CASMI_MOL_1196802,CASMI_MOL_71380,71380,Cc1ccc(CN(c2ccc(C(=O)NN=C3CCN(Cc4ccccc4)CC3)cc2)S(C)(=O)=O)cc1,0.2615128953628986,binned_cosine_1Da,40,False,predicted_spectrum,4775
CASMI2022,massformer,completed,15,15,34,CASMI_MOL_1196802,CASMI_MOL_71387,71387,CCc1ccc(N(CC(=O)NN=C2CCN(Cc3ccccc3)CC2)S(=O)(=O)c2ccccc2)cc1,0.2614742532416662,binned_cosine_1Da,41,False,predicted_spectrum,4775
CASMI2022,massformer,completed,15,15,34,CASMI_MOL_1196802,CASMI_MOL_71379,71379,Cc1ccc(N(CC(=O)NN=C2CCN(Cc3ccccc3)CC2)S(=O)(=O)c2ccccc2)c(C)c1,0.26119505872041915,binned_cosine_1Da,42,False,predicted_spectrum,4775
CASMI2022,massformer,completed,15,15,34,CASMI_MOL_1196802,CASMI_MOL_71389,71389,Cc1ccc(S(=O)(=O)N(CC(=O)NN=C2CCN(Cc3ccccc3)CC2)c2ccccc2C)cc1,0.26112823095012644,binned_cosine_1Da,43,False,predicted_spectrum,4775
CASMI2022,massformer,completed,15,15,34,CASMI_MOL_1196802,CASMI_MOL_71390,71390,Cc1ccc(S(=O)(=O)N(CC(=O)NN=C2CCN(Cc3ccccc3)CC2)c2cccc(C)c2)cc1,0.26109447122398366,binned_cosine_1Da,44,False,predicted_spectrum,4775
CASMI2022,massformer,completed,15,15,34,CASMI_MOL_1196802,CASMI_MOL_71382,71382,Cc1cccc(N(CC(=O)NN=C2CCN(Cc3ccccc3)CC2)S(=O)(=O)c2ccccc2)c1C,0.26019590896031264,binned_cosine_1Da,45,False,predicted_spectrum,4775
CASMI2022,massformer,completed,15,15,34,CASMI_MOL_1196802,CASMI_MOL_71385,71385,Cc1ccccc1CN(c1ccc(C(=O)NN=C2CCN(Cc3ccccc3)CC2)cc1)S(C)(=O)=O,0.259572242955604,binned_cosine_1Da,46,False,predicted_spectrum,4775
CASMI2022,massformer,completed,15,15,34,CASMI_MOL_1196802,CASMI_MOL_74123,74123,O=C(Nc1ccccc1OCC(O)CN1CCC(n2c(=O)[nH]c3cc(F)ccc32)CC1)c1ccccc1,0.2580983723507808,binned_cosine_1Da,47,False,predicted_spectrum,4775
CASMI2022,massformer,completed,15,15,34,CASMI_MOL_1196802,CASMI_MOL_71388,71388,Cc1ccc(N(CC(=O)NN=C2CCN(Cc3ccccc3)CC2)S(=O)(=O)c2ccc(C)cc2)cc1,0.257694138178122,binned_cosine_1Da,48,False,predicted_spectrum,4775
CASMI2022,massformer,completed,15,15,34,CASMI_MOL_1196802,CASMI_MOL_74324,74324,O=C(Nc1ccccc1)Nc1ccc(S(=O)(=O)N(C2CC2)C2CCN(Cc3ccccc3)CC2)cc1,0.25766647327011577,binned_cosine_1Da,49,False,predicted_spectrum,4775
CASMI2022,massformer,completed,15,15,34,CASMI_MOL_1196802,CASMI_MOL_71386,71386,Cc1ccc(N(CC(=O)NN=C2CCN(Cc3ccccc3)CC2)S(=O)(=O)c2ccccc2)cc1C,0.25659272985027326,binned_cosine_1Da,50,False,predicted_spectrum,4775
CASMI2022,massformer,completed,15,15,34,CASMI_MOL_1196802,CASMI_MOL_72720,72720,Cc1ccc(S(=O)(=O)NC2CCCCC2C2CCCCC2NS(=O)(=O)c2ccc(C)cc2)cc1,0.2555326955211688,binned_cosine_1Da,51,False,predicted_spectrum,4775
CASMI2022,massformer,completed,15,15,34,CASMI_MOL_1196802,CASMI_MOL_74006,74006,O=Nc1c(N=S(c2ccccc2)c2ccccc2)n(C2CCCCC2)c(=O)n(C2CCCCC2)c1=O,0.2550067421844696,binned_cosine_1Da,52,False,predicted_spectrum,4775
CASMI2022,massformer,completed,15,15,34,CASMI_MOL_1196802,CASMI_MOL_71239,71239,Cc1cc(OCC2(CC(=O)N3CCOCC3)CN(C(=O)CCCn3cccn3)CCO2)ccc1Cl,0.25420615441462996,binned_cosine_1Da,53,False,predicted_spectrum,4775
CASMI2022,massformer,completed,15,15,34,CASMI_MOL_1196802,CASMI_MOL_71324,71324,Cc1cc(OCC2(CC(=O)N3CCOCC3)CN(C(=O)CCCn3cccn3)CCO2)ccc1Cl,0.25420614896241206,binned_cosine_1Da,54,False,predicted_spectrum,4775
CASMI2022,massformer,completed,15,15,34,CASMI_MOL_1196802,CASMI_MOL_71325,71325,Cc1cc(OCC2(CC(=O)N3CCOCC3)CN(C(=O)CCCn3cccn3)CCO2)ccc1Cl,0.25420614896241206,binned_cosine_1Da,55,False,predicted_spectrum,4775
CASMI2022,massformer,completed,15,15,34,CASMI_MOL_1196802,CASMI_MOL_71700,71700,O=C(Nc1ccc(N=Cc2ccc(F)cc2)nc1N1CCOCC1)C(Cc1ccccc1)C1COCO1,0.25407011320613293,binned_cosine_1Da,56,False,predicted_spectrum,4775
CASMI2022,massformer,completed,15,15,34,CASMI_MOL_1196802,CASMI_MOL_73323,73323,COc1ccc(NC(=O)C2(N(Cc3ccccc3)C(=O)CSc3nc(C)cc(C)n3)CCCC2)cc1,0.25386838376139476,binned_cosine_1Da,57,False,predicted_spectrum,4775
CASMI2022,massformer,completed,15,15,34,CASMI_MOL_1196802,CASMI_MOL_71564,71564,CCCCC(=N)C(C(=O)Nc1ccc(C)cc1)C(=NS(=O)(=O)c1ccc(C)cc1)Nc1ccccc1,0.25380357175563334,binned_cosine_1Da,58,False,predicted_spectrum,4775
CASMI2022,massformer,completed,15,15,34,CASMI_MOL_1196802,CASMI_MOL_71211,71211,Cc1cccc(OCC(=O)N(Cc2ccccc2Cl)C(Cc2ccccc2)C(=O)NC2CCCC2)c1,0.25305065782247704,binned_cosine_1Da,59,False,predicted_spectrum,4775
CASMI2022,massformer,completed,15,15,34,CASMI_MOL_1196802,CASMI_MOL_71856,71856,Cc1cccc(OCC(=O)N(Cc2ccccc2Cl)C(Cc2ccccc2)C(=O)NC2CCCC2)c1,0.25305065782247704,binned_cosine_1Da,60,False,predicted_spectrum,4775
CASMI2022,massformer,completed,15,15,34,CASMI_MOL_1196802,CASMI_MOL_71855,71855,Cc1cccc(OCC(=O)N(Cc2ccccc2Cl)C(Cc2ccccc2)C(=O)NC2CCCC2)c1,0.25305065689299333,binned_cosine_1Da,61,False,predicted_spectrum,4775
CASMI2022,massformer,completed,15,15,34,CASMI_MOL_1196802,CASMI_MOL_70573,70573,COC(C)=NCCOC(c1cccc(Cl)c1)c1ccc(F)c(C(=O)NCCCC2CCCOC2)c1,0.25273097082197815,binned_cosine_1Da,62,False,predicted_spectrum,4775
CASMI2022,massformer,completed,15,15,34,CASMI_MOL_1196802,CASMI_MOL_72725,72725,O=C(O)N1CCC(n2c(=O)[nH]c3ccccc32)C(CCCN(Cc2ccccc2)Cc2cccs2)C1,0.25231738524661906,binned_cosine_1Da,63,False,predicted_spectrum,4775
CASMI2022,massformer,completed,15,15,34,CASMI_MOL_1196802,CASMI_MOL_71208,71208,COc1ccc(CC(=O)N(Cc2cccc(Cl)c2)C(Cc2ccccc2)C(=O)NC2CCCC2)cc1,0.25122983881575484,binned_cosine_1Da,64,False,predicted_spectrum,4775
CASMI2022,massformer,completed,15,15,34,CASMI_MOL_1196802,CASMI_MOL_71850,71850,COc1ccc(CC(=O)N(Cc2cccc(Cl)c2)C(Cc2ccccc2)C(=O)NC2CCCC2)cc1,0.25122983881575484,binned_cosine_1Da,65,False,predicted_spectrum,4775
CASMI2022,massformer,completed,15,15,34,CASMI_MOL_1196802,CASMI_MOL_71849,71849,COc1ccc(CC(=O)N(Cc2cccc(Cl)c2)C(Cc2ccccc2)C(=O)NC2CCCC2)cc1,0.2512298331789896,binned_cosine_1Da,66,False,predicted_spectrum,4775
CASMI2022,massformer,completed,15,15,34,CASMI_MOL_1196802,CASMI_MOL_71210,71210,Cc1ccc(OCC(=O)N(Cc2ccccc2Cl)C(Cc2ccccc2)C(=O)NC2CCCC2)cc1,0.2510615552460893,binned_cosine_1Da,67,False,predicted_spectrum,4775
CASMI2022,massformer,completed,15,15,34,CASMI_MOL_1196802,CASMI_MOL_71853,71853,Cc1ccc(OCC(=O)N(Cc2ccccc2Cl)C(Cc2ccccc2)C(=O)NC2CCCC2)cc1,0.2510615552460893,binned_cosine_1Da,68,False,predicted_spectrum,4775
CASMI2022,massformer,completed,15,15,34,CASMI_MOL_1196802,CASMI_MOL_71854,71854,Cc1ccc(OCC(=O)N(Cc2ccccc2Cl)C(Cc2ccccc2)C(=O)NC2CCCC2)cc1,0.2510615552460893,binned_cosine_1Da,69,False,predicted_spectrum,4775
CASMI2022,massformer,completed,15,15,34,CASMI_MOL_1196802,CASMI_MOL_71223,71223,O=C(NC1CCCCC1)C(Cc1ccccc1)N(Cc1ccccc1)C(=O)COc1ccccc1Cl,0.25104124855873683,binned_cosine_1Da,70,False,predicted_spectrum,4775
CASMI2022,massformer,completed,15,15,34,CASMI_MOL_1196802,CASMI_MOL_71826,71826,O=C(NC1CCCCC1)C(Cc1ccccc1)N(Cc1ccccc1)C(=O)COc1ccccc1Cl,0.25104124855873683,binned_cosine_1Da,71,False,predicted_spectrum,4775
CASMI2022,massformer,completed,15,15,34,CASMI_MOL_1196802,CASMI_MOL_71827,71827,O=C(NC1CCCCC1)C(Cc1ccccc1)N(Cc1ccccc1)C(=O)COc1ccccc1Cl,0.25104124855873683,binned_cosine_1Da,72,False,predicted_spectrum,4775
CASMI2022,massformer,completed,15,15,34,CASMI_MOL_1196802,CASMI_MOL_71765,71765,CCCCCCC#CN(CCCCNS(=O)(=O)c1ccc(C)cc1)S(=O)(=O)c1ccc(C)cc1,0.25066040039873105,binned_cosine_1Da,73,False,predicted_spectrum,4775
CASMI2022,massformer,completed,15,15,34,CASMI_MOL_1196802,CASMI_MOL_74184,74184,COc1ccc(-c2nnn(CC(=O)N(Cc3ccco3)C(C(=O)NC3CCCC3)c3ccco3)n2)cc1,0.250176245098612,binned_cosine_1Da,74,False,predicted_spectrum,4775
CASMI2022,massformer,completed,15,15,34,CASMI_MOL_1196802,CASMI_MOL_74355,74355,COc1ccc(-c2nnn(CC(=O)N(Cc3ccco3)C(C(=O)NC3CCCC3)c3ccco3)n2)cc1,0.250176245098612,binned_cosine_1Da,75,False,predicted_spectrum,4775
CASMI2022,massformer,completed,15,15,34,CASMI_MOL_1196802,CASMI_MOL_74416,74416,COc1ccc(-c2nnn(CC(=O)N(Cc3ccco3)C(C(=O)NC3CCCC3)c3ccco3)n2)cc1,0.2501762411642527,binned_cosine_1Da,76,False,predicted_spectrum,4775
CASMI2022,massformer,completed,15,15,34,CASMI_MOL_1196802,CASMI_MOL_71846,71846,Cc1cccc(OCC(=O)N(Cc2cccc(Cl)c2)C(Cc2ccccc2)C(=O)NC2CCCC2)c1,0.24994659771992225,binned_cosine_1Da,77,False,predicted_spectrum,4775
CASMI2022,massformer,completed,15,15,34,CASMI_MOL_1196802,CASMI_MOL_71207,71207,Cc1cccc(OCC(=O)N(Cc2cccc(Cl)c2)C(Cc2ccccc2)C(=O)NC2CCCC2)c1,0.24994659643570763,binned_cosine_1Da,78,False,predicted_spectrum,4775
CASMI2022,massformer,completed,15,15,34,CASMI_MOL_1196802,CASMI_MOL_71847,71847,Cc1cccc(OCC(=O)N(Cc2cccc(Cl)c2)C(Cc2ccccc2)C(=O)NC2CCCC2)c1,0.24994659643570763,binned_cosine_1Da,79,False,predicted_spectrum,4775
CASMI2022,massformer,completed,15,15,34,CASMI_MOL_1196802,CASMI_MOL_72316,72316,O=C(Nc1nc(-c2cccc(NCC3CCCC3)c2)cs1)C1CCCN1C(=O)OCc1ccccc1,0.24903181097301122,binned_cosine_1Da,80,False,predicted_spectrum,4775
CASMI2022,massformer,completed,15,15,34,CASMI_MOL_1196802,CASMI_MOL_72974,72974,O=C(Nc1nc(-c2cccc(NCC3CCCC3)c2)cs1)C1CCCN1C(=O)OCc1ccccc1,0.24903181097301122,binned_cosine_1Da,81,False,predicted_spectrum,4775
CASMI2022,massformer,completed,15,15,34,CASMI_MOL_1196802,CASMI_MOL_71832,71832,COc1cccc(CN(C(=O)Cc2ccccc2Cl)C(Cc2ccccc2)C(=O)NC2CCCC2)c1,0.24862332027524345,binned_cosine_1Da,82,False,predicted_spectrum,4775
CASMI2022,massformer,completed,15,15,34,CASMI_MOL_1196802,CASMI_MOL_71833,71833,COc1cccc(CN(C(=O)Cc2ccccc2Cl)C(Cc2ccccc2)C(=O)NC2CCCC2)c1,0.24862332027524345,binned_cosine_1Da,83,False,predicted_spectrum,4775
CASMI2022,massformer,completed,15,15,34,CASMI_MOL_1196802,CASMI_MOL_71200,71200,COc1cccc(CN(C(=O)Cc2ccccc2Cl)C(Cc2ccccc2)C(=O)NC2CCCC2)c1,0.24862331042431882,binned_cosine_1Da,84,False,predicted_spectrum,4775
CASMI2022,massformer,completed,15,15,34,CASMI_MOL_1196802,CASMI_MOL_70624,70624,CC(C)(C)C(C=O)Cn1c(=O)cnn(-c2ccc(Cl)c(C(=O)NCC3(O)CCCCCC3)c2)c1=O,0.24862296735688888,binned_cosine_1Da,85,False,predicted_spectrum,4775
CASMI2022,massformer,completed,15,15,34,CASMI_MOL_1196802,CASMI_MOL_69765,69765,CN=S1NC(C(C)CCc2ccccc2)CCc2c1cn(C)c2C(=O)N=C1C=C(F)C(F)C(F)C1,0.24846700772397395,binned_cosine_1Da,86,False,predicted_spectrum,4775
CASMI2022,massformer,completed,15,15,34,CASMI_MOL_1196802,CASMI_MOL_71844,71844,Cc1ccc(OCC(=O)N(Cc2cccc(Cl)c2)C(Cc2ccccc2)C(=O)NC2CCCC2)cc1,0.2481207821461084,binned_cosine_1Da,87,False,predicted_spectrum,4775
CASMI2022,massformer,completed,15,15,34,CASMI_MOL_1196802,CASMI_MOL_71845,71845,Cc1ccc(OCC(=O)N(Cc2cccc(Cl)c2)C(Cc2ccccc2)C(=O)NC2CCCC2)cc1,0.2481207821461084,binned_cosine_1Da,88,False,predicted_spectrum,4775
CASMI2022,massformer,completed,15,15,34,CASMI_MOL_1196802,CASMI_MOL_71206,71206,Cc1ccc(OCC(=O)N(Cc2cccc(Cl)c2)C(Cc2ccccc2)C(=O)NC2CCCC2)cc1,0.24812077430007767,binned_cosine_1Da,89,False,predicted_spectrum,4775
CASMI2022,massformer,completed,15,15,34,CASMI_MOL_1196802,CASMI_MOL_71213,71213,Cc1ccccc1OCC(=O)N(Cc1ccccc1Cl)C(Cc1ccccc1)C(=O)NC1CCCC1,0.2469129580279033,binned_cosine_1Da,90,False,predicted_spectrum,4775
CASMI2022,massformer,completed,15,15,34,CASMI_MOL_1196802,CASMI_MOL_71859,71859,Cc1ccccc1OCC(=O)N(Cc1ccccc1Cl)C(Cc1ccccc1)C(=O)NC1CCCC1,0.2469129580279033,binned_cosine_1Da,91,False,predicted_spectrum,4775
CASMI2022,massformer,completed,15,15,34,CASMI_MOL_1196802,CASMI_MOL_71860,71860,Cc1ccccc1OCC(=O)N(Cc1ccccc1Cl)C(Cc1ccccc1)C(=O)NC1CCCC1,0.2469129580279033,binned_cosine_1Da,92,False,predicted_spectrum,4775
CASMI2022,massformer,completed,15,15,34,CASMI_MOL_1196802,CASMI_MOL_71209,71209,Cc1ccccc1OCC(=O)N(Cc1cccc(Cl)c1)C(Cc1ccccc1)C(=O)NC1CCCC1,0.2468247232561149,binned_cosine_1Da,93,False,predicted_spectrum,4775
CASMI2022,massformer,completed,15,15,34,CASMI_MOL_1196802,CASMI_MOL_71852,71852,Cc1ccccc1OCC(=O)N(Cc1cccc(Cl)c1)C(Cc1ccccc1)C(=O)NC1CCCC1,0.2468247232561149,binned_cosine_1Da,94,False,predicted_spectrum,4775
CASMI2022,massformer,completed,15,15,34,CASMI_MOL_1196802,CASMI_MOL_71851,71851,Cc1ccccc1OCC(=O)N(Cc1cccc(Cl)c1)C(Cc1ccccc1)C(=O)NC1CCCC1,0.2468247167455287,binned_cosine_1Da,95,False,predicted_spectrum,4775
CASMI2022,massformer,completed,15,15,34,CASMI_MOL_1196802,CASMI_MOL_74339,74339,COC(=O)CCN(C(=O)C1CCN(S(=O)(=O)c2ccc(-n3cnnn3)cc2)CC1)C1CCCCC1,0.2467977213876348,binned_cosine_1Da,96,False,predicted_spectrum,4775
CASMI2022,massformer,completed,15,15,34,CASMI_MOL_1196802,CASMI_MOL_71837,71837,Cc1ccc(OCC(=O)N(Cc2ccc(Cl)cc2)C(Cc2ccccc2)C(=O)NC2CCCC2)cc1,0.24626903397373617,binned_cosine_1Da,97,False,predicted_spectrum,4775
CASMI2022,massformer,completed,15,15,34,CASMI_MOL_1196802,CASMI_MOL_71202,71202,Cc1ccc(OCC(=O)N(Cc2ccc(Cl)cc2)C(Cc2ccccc2)C(=O)NC2CCCC2)cc1,0.24626902672952186,binned_cosine_1Da,98,False,predicted_spectrum,4775
CASMI2022,massformer,completed,15,15,34,CASMI_MOL_1196802,CASMI_MOL_71836,71836,Cc1ccc(OCC(=O)N(Cc2ccc(Cl)cc2)C(Cc2ccccc2)C(=O)NC2CCCC2)cc1,0.24626902672952186,binned_cosine_1Da,99,False,predicted_spectrum,4775
CASMI2022,massformer,completed,15,15,34,CASMI_MOL_1196802,CASMI_MOL_71869,71869,Cc1cccc(CN(C(=O)COc2ccccc2Cl)C(Cc2ccccc2)C(=O)NC2CCCC2)c1,0.24614026000750314,binned_cosine_1Da,100,False,predicted_spectrum,4775
CASMI2022,massformer,completed,15,15,34,CASMI_MOL_1196802,CASMI_MOL_1196802,1196802,CCCc1nn(C)c2c(=O)[nH]c(-c3cc(S(=O)(=O)N4CCN(CCO)CC4)ccc3OCC)nc12,0.04283043719512693,binned_cosine_1Da,3737,True,predicted_spectrum,4775
CASMI2022,massformer,completed,3,3,9,CASMI_MOL_1196790,CASMI_MOL_10631,10631,CCCCN(C)CCCOc1ccc(C2=NNC(=O)CS2)cc1,0.8949421937855503,binned_cosine_1Da,1,False,predicted_spectrum,8524
CASMI2022,massformer,completed,3,3,9,CASMI_MOL_1196790,CASMI_MOL_16708,16708,CCNC(=O)N(C)CCN1C(=O)C(C)SC1c1cccc(C)c1,0.8423645306123559,binned_cosine_1Da,2,False,predicted_spectrum,8524
CASMI2022,massformer,completed,3,3,9,CASMI_MOL_1196790,CASMI_MOL_16706,16706,Cc1cccc(C2SCC(=O)N2C(C)C(=O)NCCN(C)C)c1,0.8382555999648955,binned_cosine_1Da,3,False,predicted_spectrum,8524
CASMI2022,massformer,completed,3,3,9,CASMI_MOL_1196790,CASMI_MOL_17891,17891,Cc1cccc(C2SCC(=O)N2C(C)C(=O)NCCN(C)C)c1,0.8382555999648955,binned_cosine_1Da,4,False,predicted_spectrum,8524
CASMI2022,massformer,completed,3,3,9,CASMI_MOL_1196790,CASMI_MOL_17893,17893,Cc1cccc(C2SCC(=O)N2C(C)C(=O)NCCN(C)C)c1,0.8382555999648955,binned_cosine_1Da,5,False,predicted_spectrum,8524
CASMI2022,massformer,completed,3,3,9,CASMI_MOL_1196790,CASMI_MOL_17892,17892,Cc1cccc(C2SCC(=O)N2C(C)C(=O)NCCN(C)C)c1,0.8382555806667205,binned_cosine_1Da,6,False,predicted_spectrum,8524
CASMI2022,massformer,completed,3,3,9,CASMI_MOL_1196790,CASMI_MOL_17890,17890,Cc1cccc(C2SCC(=O)N2C(C)C(=O)NCCN(C)C)c1,0.8382555200308268,binned_cosine_1Da,7,False,predicted_spectrum,8524
CASMI2022,massformer,completed,3,3,9,CASMI_MOL_1196790,CASMI_MOL_12531,12531,CC(C)CC(C)(CN)NC(=O)CN1C(=O)CSc2ccccc21,0.8370896245674895,binned_cosine_1Da,8,False,predicted_spectrum,8524
CASMI2022,massformer,completed,3,3,9,CASMI_MOL_1196790,CASMI_MOL_16910,16910,CN(CC(=O)NC(C)(C)C)CC(=O)N1CCSc2ccccc21,0.8310003875912206,binned_cosine_1Da,9,False,predicted_spectrum,8524
CASMI2022,massformer,completed,3,3,9,CASMI_MOL_1196790,CASMI_MOL_11932,11932,CCN(C)C(=O)CNC(=O)N1CCSCC1c1ccc(C)cc1,0.8250952151454122,binned_cosine_1Da,10,False,predicted_spectrum,8524
CASMI2022,massformer,completed,3,3,9,CASMI_MOL_1196790,CASMI_MOL_11933,11933,CCN(C)C(=O)CNC(=O)N1CCSCC1c1ccc(C)cc1,0.8250952151454122,binned_cosine_1Da,11,False,predicted_spectrum,8524
CASMI2022,massformer,completed,3,3,9,CASMI_MOL_1196790,CASMI_MOL_12176,12176,CCN(C)C(=O)CNC(=O)N1CCSCC1c1ccc(C)cc1,0.8250952151454122,binned_cosine_1Da,12,False,predicted_spectrum,8524
CASMI2022,massformer,completed,3,3,9,CASMI_MOL_1196790,CASMI_MOL_14984,14984,CN(C)CC(C)(C)CNC(=O)CN1C(=O)CSc2ccccc21,0.8163767049821649,binned_cosine_1Da,13,False,predicted_spectrum,8524
CASMI2022,massformer,completed,3,3,9,CASMI_MOL_1196790,CASMI_MOL_16707,16707,Cc1ccc(C2SCC(=O)N2C(C)C(=O)NCCN(C)C)cc1,0.8111375359603967,binned_cosine_1Da,14,False,predicted_spectrum,8524
CASMI2022,massformer,completed,3,3,9,CASMI_MOL_1196790,CASMI_MOL_17667,17667,CC(C)CCNC(=S)NNC(=O)COc1ccc2c(c1)CCC2,0.8107852279836266,binned_cosine_1Da,15,False,predicted_spectrum,8524
CASMI2022,massformer,completed,3,3,9,CASMI_MOL_1196790,CASMI_MOL_14537,14537,CSCCC(NC(N)=O)C(=O)NCC1(c2ccccc2C)CC1,0.8047829751777269,binned_cosine_1Da,16,False,predicted_spectrum,8524
CASMI2022,massformer,completed,3,3,9,CASMI_MOL_1196790,CASMI_MOL_14538,14538,CSCCC(NC(N)=O)C(=O)NCC1(c2ccccc2C)CC1,0.8047829389749841,binned_cosine_1Da,17,False,predicted_spectrum,8524
CASMI2022,massformer,completed,3,3,9,CASMI_MOL_1196790,CASMI_MOL_16350,16350,CSCCC(NC(N)=O)C(=O)NCC1(c2ccccc2C)CC1,0.8047829389749841,binned_cosine_1Da,18,False,predicted_spectrum,8524
CASMI2022,massformer,completed,3,3,9,CASMI_MOL_1196790,CASMI_MOL_17718,17718,CCCCCNC(=S)NNC(=O)COc1ccc2c(c1)CCC2,0.7919568985700817,binned_cosine_1Da,19,False,predicted_spectrum,8524
CASMI2022,massformer,completed,3,3,9,CASMI_MOL_1196790,CASMI_MOL_10292,10292,C=C(CF)CNC(=O)C(C)NC(=O)CNC(=O)c1ccc(C)cc1,0.7862536665035167,binned_cosine_1Da,20,False,predicted_spectrum,8524
CASMI2022,massformer,completed,3,3,9,CASMI_MOL_1196790,CASMI_MOL_12634,12634,CSCCC(N)C(=O)NCCCC(=O)N1CCc2ccccc21,0.783878934396628,binned_cosine_1Da,21,False,predicted_spectrum,8524
CASMI2022,massformer,completed,3,3,9,CASMI_MOL_1196790,CASMI_MOL_10082,10082,COc1ccc2[nH]cc(CCNC(=O)C(N)C(C)(C)SC)c2c1,0.7764119429803436,binned_cosine_1Da,22,False,predicted_spectrum,8524
CASMI2022,massformer,completed,3,3,9,CASMI_MOL_1196790,CASMI_MOL_17027,17027,CCN(CC)CCON=C(C)c1ccc2c(c1)N(C)C(=O)CS2,0.752500566857428,binned_cosine_1Da,23,False,predicted_spectrum,8524
CASMI2022,massformer,completed,3,3,9,CASMI_MOL_1196790,CASMI_MOL_17531,17531,CCN(CC)CCON=C(C)c1ccc2c(c1)N(C)C(=O)CS2,0.752500566857428,binned_cosine_1Da,24,False,predicted_spectrum,8524
CASMI2022,massformer,completed,3,3,9,CASMI_MOL_1196790,CASMI_MOL_16712,16712,CCC1SCC(C(=O)NCCN(C)C)N1C(=O)c1ccccc1,0.7463106469491005,binned_cosine_1Da,25,False,predicted_spectrum,8524
CASMI2022,massformer,completed,3,3,9,CASMI_MOL_1196790,CASMI_MOL_17901,17901,Cc1ccc(C2SCC(=O)N2CCC(=O)NCCN(C)C)cc1,0.7335763871473105,binned_cosine_1Da,26,False,predicted_spectrum,8524
CASMI2022,massformer,completed,3,3,9,CASMI_MOL_1196790,CASMI_MOL_17900,17900,Cc1ccc(C2SCC(=O)N2CCC(=O)NCCN(C)C)cc1,0.7335761732088432,binned_cosine_1Da,27,False,predicted_spectrum,8524
CASMI2022,massformer,completed,3,3,9,CASMI_MOL_1196790,CASMI_MOL_11302,11302,CC(Cc1cccc2ccccc12)C(=O)NCCc1ccc(F)cc1,0.733115200803844,binned_cosine_1Da,28,False,predicted_spectrum,8524
CASMI2022,massformer,completed,3,3,9,CASMI_MOL_1196790,CASMI_MOL_13641,13641,CC(Cc1cccc2ccccc12)C(=O)NCCc1ccc(F)cc1,0.733115200803844,binned_cosine_1Da,29,False,predicted_spectrum,8524
CASMI2022,massformer,completed,3,3,9,CASMI_MOL_1196790,CASMI_MOL_13642,13642,CC(Cc1cccc2ccccc12)C(=O)NCCc1ccc(F)cc1,0.7331149106782778,binned_cosine_1Da,30,False,predicted_spectrum,8524
CASMI2022,massformer,completed,3,3,9,CASMI_MOL_1196790,CASMI_MOL_17307,17307,C=CCNS(=O)(=O)CCc1ccc2[nH]cc(CCN(C)C)c2c1,0.7321638298578197,binned_cosine_1Da,31,False,predicted_spectrum,8524
CASMI2022,massformer,completed,3,3,9,CASMI_MOL_1196790,CASMI_MOL_16574,16574,CCCCSCC(=O)NNC(=O)CN1CCCc2ccccc21,0.7294200624702483,binned_cosine_1Da,32,False,predicted_spectrum,8524
CASMI2022,massformer,completed,3,3,9,CASMI_MOL_1196790,CASMI_MOL_12972,12972,CSCC(CCO)NC(=O)NCCc1c[nH]c2c(C)cccc12,0.7263047172399332,binned_cosine_1Da,33,False,predicted_spectrum,8524
CASMI2022,massformer,completed,3,3,9,CASMI_MOL_1196790,CASMI_MOL_13606,13606,O=C(CCc1ccccc1F)NCCCc1cccc2ccccc12,0.7255726430558124,binned_cosine_1Da,34,False,predicted_spectrum,8524
CASMI2022,massformer,completed,3,3,9,CASMI_MOL_1196790,CASMI_MOL_15721,15721,CN(CCc1cccc2ccccc12)C(=O)CCc1cccc(F)c1,0.7228861268256551,binned_cosine_1Da,35,False,predicted_spectrum,8524
CASMI2022,massformer,completed,3,3,9,CASMI_MOL_1196790,CASMI_MOL_10298,10298,CN(C)C(=O)CN1CCc2cc(OCC(=CF)CN)ccc2C1=O,0.7198945183072171,binned_cosine_1Da,36,False,predicted_spectrum,8524
CASMI2022,massformer,completed,3,3,9,CASMI_MOL_1196790,CASMI_MOL_10299,10299,CN(C)C(=O)CN1CCc2cc(OCC(=CF)CN)ccc2C1=O,0.7198944707770141,binned_cosine_1Da,37,False,predicted_spectrum,8524
CASMI2022,massformer,completed,3,3,9,CASMI_MOL_1196790,CASMI_MOL_12635,12635,CSCCC(N)C(=O)NCCCC(=O)N1Cc2ccccc2C1,0.7107473135648853,binned_cosine_1Da,38,False,predicted_spectrum,8524
CASMI2022,massformer,completed,3,3,9,CASMI_MOL_1196790,CASMI_MOL_15153,15153,CC(C)(C)SCC(=O)NNC(=O)CN1CCCc2ccccc21,0.6981889856502133,binned_cosine_1Da,39,False,predicted_spectrum,8524
CASMI2022,massformer,completed,3,3,9,CASMI_MOL_1196790,CASMI_MOL_13649,13649,O=C(CCc1ccc(F)cc1)NCCCc1cccc2ccccc12,0.697075879554768,binned_cosine_1Da,40,False,predicted_spectrum,8524
CASMI2022,massformer,completed,3,3,9,CASMI_MOL_1196790,CASMI_MOL_12341,12341,Cc1c(CNC(=O)CNC(=O)C(N)C(C)C)oc2ccc(F)cc12,0.695398982349201,binned_cosine_1Da,41,False,predicted_spectrum,8524
CASMI2022,massformer,completed,3,3,9,CASMI_MOL_1196790,CASMI_MOL_11144,11144,CSCCC(NC(N)=O)C(=O)NCC1(c2ccccc2)CCC1,0.6910645466429385,binned_cosine_1Da,42,False,predicted_spectrum,8524
CASMI2022,massformer,completed,3,3,9,CASMI_MOL_1196790,CASMI_MOL_13027,13027,CSCC(C)(O)CNC(=O)NCCc1c[nH]c2cc(C)ccc12,0.6910591525615063,binned_cosine_1Da,43,False,predicted_spectrum,8524
CASMI2022,massformer,completed,3,3,9,CASMI_MOL_1196790,CASMI_MOL_15259,15259,CC(=O)N=C(Cc1ccccc1F)C(=O)NC(CC(C)C)C(N)=O,0.6907288105205572,binned_cosine_1Da,44,False,predicted_spectrum,8524
CASMI2022,massformer,completed,3,3,9,CASMI_MOL_1196790,CASMI_MOL_15262,15262,CC(=O)N=C(Cc1ccccc1F)C(=O)NC(CC(C)C)C(N)=O,0.6907288105205572,binned_cosine_1Da,45,False,predicted_spectrum,8524
CASMI2022,massformer,completed,3,3,9,CASMI_MOL_1196790,CASMI_MOL_15277,15277,CC(=O)N=C(Cc1ccccc1F)C(=O)NC(CC(C)C)C(N)=O,0.6907288105205572,binned_cosine_1Da,46,False,predicted_spectrum,8524
CASMI2022,massformer,completed,3,3,9,CASMI_MOL_1196790,CASMI_MOL_15280,15280,CC(=O)N=C(Cc1ccccc1F)C(=O)NC(CC(C)C)C(N)=O,0.6907288105205572,binned_cosine_1Da,47,False,predicted_spectrum,8524
CASMI2022,massformer,completed,3,3,9,CASMI_MOL_1196790,CASMI_MOL_11154,11154,CSCCC(NC(N)=O)C(=O)NCC1CCCc2ccccc21,0.6822443508391904,binned_cosine_1Da,48,False,predicted_spectrum,8524
CASMI2022,massformer,completed,3,3,9,CASMI_MOL_1196790,CASMI_MOL_18008,18008,CC(C)CC(=O)NC(=S)NNC(=O)c1ccc(C(C)(C)C)cc1,0.6818050356752089,binned_cosine_1Da,49,False,predicted_spectrum,8524
CASMI2022,massformer,completed,3,3,9,CASMI_MOL_1196790,CASMI_MOL_14475,14475,CSCCC(NC(N)=O)C(=O)N1CCC(c2ccccc2)CC1,0.6784141886787212,binned_cosine_1Da,50,False,predicted_spectrum,8524
CASMI2022,massformer,completed,3,3,9,CASMI_MOL_1196790,CASMI_MOL_14474,14474,CSCCC(NC(N)=O)C(=O)N1CCC(c2ccccc2)CC1,0.678414145989936,binned_cosine_1Da,51,False,predicted_spectrum,8524
CASMI2022,massformer,completed,3,3,9,CASMI_MOL_1196790,CASMI_MOL_16192,16192,CSCCC(NC(N)=O)C(=O)N1CCC(c2ccccc2)CC1,0.678414145989936,binned_cosine_1Da,52,False,predicted_spectrum,8524
CASMI2022,massformer,completed,3,3,9,CASMI_MOL_1196790,CASMI_MOL_12505,12505,CC(C)C(N)CCN(C)C(=O)CN1C(=O)CSc2ccccc21,0.6777215268584247,binned_cosine_1Da,53,False,predicted_spectrum,8524
CASMI2022,massformer,completed,3,3,9,CASMI_MOL_1196790,CASMI_MOL_17041,17041,CCCNC(=O)N(C)CCN1C(=O)CSC1c1ccc(C)cc1,0.6752575040867795,binned_cosine_1Da,54,False,predicted_spectrum,8524
CASMI2022,massformer,completed,3,3,9,CASMI_MOL_1196790,CASMI_MOL_17894,17894,CCCNC(=O)N(C)CCN1C(=O)CSC1c1ccc(C)cc1,0.6752575040867795,binned_cosine_1Da,55,False,predicted_spectrum,8524
CASMI2022,massformer,completed,3,3,9,CASMI_MOL_1196790,CASMI_MOL_17895,17895,CCCNC(=O)N(C)CCN1C(=O)CSC1c1ccc(C)cc1,0.6752573190701493,binned_cosine_1Da,56,False,predicted_spectrum,8524
CASMI2022,massformer,completed,3,3,9,CASMI_MOL_1196790,CASMI_MOL_12660,12660,CSCCC(N)C(=O)N1CCN(C(=O)c2ccc(C)cc2)CC1,0.6707843886416087,binned_cosine_1Da,57,False,predicted_spectrum,8524
CASMI2022,massformer,completed,3,3,9,CASMI_MOL_1196790,CASMI_MOL_13026,13026,CSCC(C)(O)CNC(=O)NCCc1c[nH]c2cccc(C)c12,0.6699105501899175,binned_cosine_1Da,58,False,predicted_spectrum,8524
CASMI2022,massformer,completed,3,3,9,CASMI_MOL_1196790,CASMI_MOL_15247,15247,CC(=O)N=C(Cc1ccc(F)cc1)C(=O)NC(CC(C)C)C(N)=O,0.6528729175826595,binned_cosine_1Da,59,False,predicted_spectrum,8524
CASMI2022,massformer,completed,3,3,9,CASMI_MOL_1196790,CASMI_MOL_15250,15250,CC(=O)N=C(Cc1ccc(F)cc1)C(=O)NC(CC(C)C)C(N)=O,0.6528729175826595,binned_cosine_1Da,60,False,predicted_spectrum,8524
CASMI2022,massformer,completed,3,3,9,CASMI_MOL_1196790,CASMI_MOL_15265,15265,CC(=O)N=C(Cc1ccc(F)cc1)C(=O)NC(CC(C)C)C(N)=O,0.6528729175826595,binned_cosine_1Da,61,False,predicted_spectrum,8524
CASMI2022,massformer,completed,3,3,9,CASMI_MOL_1196790,CASMI_MOL_15268,15268,CC(=O)N=C(Cc1ccc(F)cc1)C(=O)NC(CC(C)C)C(N)=O,0.6528729175826595,binned_cosine_1Da,62,False,predicted_spectrum,8524
CASMI2022,massformer,completed,3,3,9,CASMI_MOL_1196790,CASMI_MOL_12633,12633,CSCCC(N)C(=O)N(C)C1CCCN(c2ccccc2)C1=O,0.6365867464860737,binned_cosine_1Da,63,False,predicted_spectrum,8524
CASMI2022,massformer,completed,3,3,9,CASMI_MOL_1196790,CASMI_MOL_13650,13650,O=C(CCc1cccc2ccccc12)NCCCc1ccc(F)cc1,0.630370026113934,binned_cosine_1Da,64,False,predicted_spectrum,8524
CASMI2022,massformer,completed,3,3,9,CASMI_MOL_1196790,CASMI_MOL_15658,15658,CNC(=O)CCSCC(=O)NCCCN1CCc2ccccc21,0.6285143725748479,binned_cosine_1Da,65,False,predicted_spectrum,8524
CASMI2022,massformer,completed,3,3,9,CASMI_MOL_1196790,CASMI_MOL_13009,13009,CSCC(CCO)NC(=O)NCCc1c[nH]c2cccc(C)c12,0.6249590742991916,binned_cosine_1Da,66,False,predicted_spectrum,8524
CASMI2022,massformer,completed,3,3,9,CASMI_MOL_1196790,CASMI_MOL_11172,11172,C=C(C)CN(CC)C(=O)CN1CCN(C(=O)c2cccs2)CC1,0.6230588961571243,binned_cosine_1Da,67,False,predicted_spectrum,8524
CASMI2022,massformer,completed,3,3,9,CASMI_MOL_1196790,CASMI_MOL_17830,17830,C=C(C)CNC(=S)NNC(=O)COc1cc(C)ccc1C(C)C,0.6215727956483624,binned_cosine_1Da,68,False,predicted_spectrum,8524
CASMI2022,massformer,completed,3,3,9,CASMI_MOL_1196790,CASMI_MOL_10348,10348,CNCC1CC(F)CN1C(=O)C=Cc1ccc(OCC(N)=O)cc1,0.6153668285420146,binned_cosine_1Da,69,False,predicted_spectrum,8524
CASMI2022,massformer,completed,3,3,9,CASMI_MOL_1196790,CASMI_MOL_9756,9756,CNCC1CC(F)CN1C(=O)C=Cc1ccc(OCC(N)=O)cc1,0.6153667547378904,binned_cosine_1Da,70,False,predicted_spectrum,8524
CASMI2022,massformer,completed,3,3,9,CASMI_MOL_1196790,CASMI_MOL_14705,14705,CC1CN(C(=O)CCC(=O)NCCN(C)C)c2ccccc2S1,0.6021160893637845,binned_cosine_1Da,71,False,predicted_spectrum,8524
CASMI2022,massformer,completed,3,3,9,CASMI_MOL_1196790,CASMI_MOL_17273,17273,CC1CN(C(=O)CCC(=O)NCCN(C)C)c2ccccc2S1,0.6021160893637845,binned_cosine_1Da,72,False,predicted_spectrum,8524
CASMI2022,massformer,completed,3,3,9,CASMI_MOL_1196790,CASMI_MOL_14704,14704,CC1CN(C(=O)CCC(=O)NCCN(C)C)c2ccccc2S1,0.6021159831455748,binned_cosine_1Da,73,False,predicted_spectrum,8524
CASMI2022,massformer,completed,3,3,9,CASMI_MOL_1196790,CASMI_MOL_12973,12973,CSC(CO)C(C)NC(=O)NCCc1c[nH]c2c(C)cccc12,0.5899676860744048,binned_cosine_1Da,74,False,predicted_spectrum,8524
CASMI2022,massformer,completed,3,3,9,CASMI_MOL_1196790,CASMI_MOL_16569,16569,CCN(CC)C(=O)N1CCN(C(=O)c2ccccc2SC)CC1,0.583666994161671,binned_cosine_1Da,75,False,predicted_spectrum,8524
CASMI2022,massformer,completed,3,3,9,CASMI_MOL_1196790,CASMI_MOL_12877,12877,CC(CCN(C)C)NC(=O)NCC(O)c1cc2ccccc2s1,0.5731648025627438,binned_cosine_1Da,76,False,predicted_spectrum,8524
CASMI2022,massformer,completed,3,3,9,CASMI_MOL_1196790,CASMI_MOL_15731,15731,Cc1ccc2[nH]c(SCC(=O)NCCOCCC(C)C)nc2c1,0.5731160351036497,binned_cosine_1Da,77,False,predicted_spectrum,8524
CASMI2022,massformer,completed,3,3,9,CASMI_MOL_1196790,CASMI_MOL_12371,12371,CCCNCCNC(=O)CCC(=O)N1CCSc2ccccc21,0.5729531611072805,binned_cosine_1Da,78,False,predicted_spectrum,8524
CASMI2022,massformer,completed,3,3,9,CASMI_MOL_1196790,CASMI_MOL_17899,17899,CC(C)CNC(=O)CCNC(=O)C1CC(c2ccc(F)cc2)=NO1,0.5716712686514294,binned_cosine_1Da,79,False,predicted_spectrum,8524
CASMI2022,massformer,completed,3,3,9,CASMI_MOL_1196790,CASMI_MOL_16705,16705,CC(C)CNC(=O)CCNC(=O)C1CC(c2ccc(F)cc2)=NO1,0.5716709898788181,binned_cosine_1Da,80,False,predicted_spectrum,8524
CASMI2022,massformer,completed,3,3,9,CASMI_MOL_1196790,CASMI_MOL_17898,17898,CC(C)CNC(=O)CCNC(=O)C1CC(c2ccc(F)cc2)=NO1,0.5716709898788181,binned_cosine_1Da,81,False,predicted_spectrum,8524
CASMI2022,massformer,completed,3,3,9,CASMI_MOL_1196790,CASMI_MOL_10476,10476,CNC(=O)CN(CCCF)C(=O)c1ccc2c(c1)CCC(=O)N2C,0.5703998652044568,binned_cosine_1Da,82,False,predicted_spectrum,8524
CASMI2022,massformer,completed,3,3,9,CASMI_MOL_1196790,CASMI_MOL_13010,13010,CSCC(CCO)NC(=O)NCCc1c(C)[nH]c2ccccc12,0.5653338947556175,binned_cosine_1Da,83,False,predicted_spectrum,8524
CASMI2022,massformer,completed,3,3,9,CASMI_MOL_1196790,CASMI_MOL_11177,11177,CCN(CC)C(=O)CN(C)CC(=O)N1CCSc2ccccc21,0.565227586325693,binned_cosine_1Da,84,False,predicted_spectrum,8524
CASMI2022,massformer,completed,3,3,9,CASMI_MOL_1196790,CASMI_MOL_12339,12339,CC(C)C(N)C(=O)NCC(=O)NCC1SCCc2ccccc21,0.5648394477595331,binned_cosine_1Da,85,False,predicted_spectrum,8524
CASMI2022,massformer,completed,3,3,9,CASMI_MOL_1196790,CASMI_MOL_9771,9771,CCC1c2ccsc2CCN1CC(=O)N(C)CC(=O)NC1CC1,0.5643642415833993,binned_cosine_1Da,86,False,predicted_spectrum,8524
CASMI2022,massformer,completed,3,3,9,CASMI_MOL_1196790,CASMI_MOL_12692,12692,CSCCC(N)C(=O)NCc1ccccc1CN1CCCC1=O,0.556925010148015,binned_cosine_1Da,87,False,predicted_spectrum,8524
CASMI2022,massformer,completed,3,3,9,CASMI_MOL_1196790,CASMI_MOL_13130,13130,CC1Sc2ccc(CCNC(=O)NCC(C)(C)C)cc2NC1=O,0.5557933346942302,binned_cosine_1Da,88,False,predicted_spectrum,8524
CASMI2022,massformer,completed,3,3,9,CASMI_MOL_1196790,CASMI_MOL_15258,15258,C=CCCC(NC(=O)C(Cc1ccccc1F)NC(C)=O)C(N)=O,0.5476218141178257,binned_cosine_1Da,89,False,predicted_spectrum,8524
CASMI2022,massformer,completed,3,3,9,CASMI_MOL_1196790,CASMI_MOL_15261,15261,C=CCCC(NC(=O)C(Cc1ccccc1F)NC(C)=O)C(N)=O,0.5476218141178257,binned_cosine_1Da,90,False,predicted_spectrum,8524
CASMI2022,massformer,completed,3,3,9,CASMI_MOL_1196790,CASMI_MOL_15276,15276,C=CCCC(NC(=O)C(Cc1ccccc1F)NC(C)=O)C(N)=O,0.5476218141178257,binned_cosine_1Da,91,False,predicted_spectrum,8524
CASMI2022,massformer,completed,3,3,9,CASMI_MOL_1196790,CASMI_MOL_15279,15279,C=CCCC(NC(=O)C(Cc1ccccc1F)NC(C)=O)C(N)=O,0.5476218141178257,binned_cosine_1Da,92,False,predicted_spectrum,8524
CASMI2022,massformer,completed,3,3,9,CASMI_MOL_1196790,CASMI_MOL_11991,11991,CC=C(F)C(=N)N(C)C(=O)CCCC(=O)Nc1ccccc1OC,0.5459834924477132,binned_cosine_1Da,93,False,predicted_spectrum,8524
CASMI2022,massformer,completed,3,3,9,CASMI_MOL_1196790,CASMI_MOL_15141,15141,CCC1c2ccsc2CCN1C(=O)CN(C)CC(=O)NC1CC1,0.5423735022339438,binned_cosine_1Da,94,False,predicted_spectrum,8524
CASMI2022,massformer,completed,3,3,9,CASMI_MOL_1196790,CASMI_MOL_11940,11940,CC1SCCN(C(=O)CCCCNC(N)=O)C1c1ccccc1,0.5385922857384956,binned_cosine_1Da,95,False,predicted_spectrum,8524
CASMI2022,massformer,completed,3,3,9,CASMI_MOL_1196790,CASMI_MOL_12072,12072,CC1SCCN(C(=O)CCCCNC(N)=O)C1c1ccccc1,0.5385922857384956,binned_cosine_1Da,96,False,predicted_spectrum,8524
CASMI2022,massformer,completed,3,3,9,CASMI_MOL_1196790,CASMI_MOL_11939,11939,CC1SCCN(C(=O)CCCCNC(N)=O)C1c1ccccc1,0.5385922080305177,binned_cosine_1Da,97,False,predicted_spectrum,8524
CASMI2022,massformer,completed,3,3,9,CASMI_MOL_1196790,CASMI_MOL_11941,11941,CC1SCCN(C(=O)CCCCNC(N)=O)C1c1ccccc1,0.5385922080305177,binned_cosine_1Da,98,False,predicted_spectrum,8524
CASMI2022,massformer,completed,3,3,9,CASMI_MOL_1196790,CASMI_MOL_11942,11942,CC1SCCN(C(=O)CCCCNC(N)=O)C1c1ccccc1,0.5385922080305177,binned_cosine_1Da,99,False,predicted_spectrum,8524
CASMI2022,massformer,completed,3,3,9,CASMI_MOL_1196790,CASMI_MOL_13019,13019,CSC(CO)C(C)NC(=O)NCCCc1c[nH]c2ccccc12,0.5370337226496246,binned_cosine_1Da,100,False,predicted_spectrum,8524
CASMI2022,massformer,completed,3,3,9,CASMI_MOL_1196790,CASMI_MOL_1196790,1196790,CN(C)CCc1c[nH]c2ccc(CS(=O)(=O)N3CCCC3)cc12,0.23260247584023758,binned_cosine_1Da,949,True,predicted_spectrum,8524
CASMI2022,massformer,completed,4,4,10,CASMI_MOL_1196791,CASMI_MOL_18642,18642,CCCc1c(OCCCCCCCN(N)C(=O)C=NO)ccc2c(C(F)(F)F)cc(=O)oc12,0.4105943313522002,binned_cosine_1Da,1,False,predicted_spectrum,7594
CASMI2022,massformer,completed,4,4,10,CASMI_MOL_1196791,CASMI_MOL_23531,23531,COc1cc(C=CC(=O)OCC(=O)N2CCC(C(N)=O)CC2)ccc1OCc1c(C)noc1C,0.3911168043621786,binned_cosine_1Da,2,False,predicted_spectrum,7594
CASMI2022,massformer,completed,4,4,10,CASMI_MOL_1196791,CASMI_MOL_18584,18584,COC1CCC2(CC1)Cc1ccc(OCCC(F)(F)F)cc1C1C(=N[S+]([O-])C(C)(C)C)C12,0.3861353011382938,binned_cosine_1Da,3,False,predicted_spectrum,7594
CASMI2022,massformer,completed,4,4,10,CASMI_MOL_1196791,CASMI_MOL_19617,19617,COCCOc1ccc(-c2ccc(OC(CC(O)=NO)CN3C(=O)NC(C)(C)C3=O)cc2)cc1,0.3695659887374095,binned_cosine_1Da,4,False,predicted_spectrum,7594
CASMI2022,massformer,completed,4,4,10,CASMI_MOL_1196791,CASMI_MOL_19057,19057,CCOC(CN1C(=O)C(CC(=O)O)(N(C(N)=O)c2cccc(OC)c2)c2ccccc21)OCC,0.367531182161176,binned_cosine_1Da,5,False,predicted_spectrum,7594
CASMI2022,massformer,completed,4,4,10,CASMI_MOL_1196791,CASMI_MOL_23309,23309,CCOC(=O)C1=C2C=CC(=CC(=O)N(OCC)N3CCCC3=O)C=CC2C(C(=O)OCC)C1=N,0.36680620415338716,binned_cosine_1Da,6,False,predicted_spectrum,7594
CASMI2022,massformer,completed,4,4,10,CASMI_MOL_1196791,CASMI_MOL_20448,20448,Cc1cnc(NC(=O)CCC2CC(=NO)C3(C)CCC4c5cc(F)c(O)cc5CCC4C23)s1,0.36597776651028385,binned_cosine_1Da,7,False,predicted_spectrum,7594
CASMI2022,massformer,completed,4,4,10,CASMI_MOL_1196791,CASMI_MOL_19115,19115,Cc1cnc(NC(=O)CCC2CC(=NO)C3(C)CCC4c5cc(F)c(O)cc5CCC4C23)s1,0.3659777219699363,binned_cosine_1Da,8,False,predicted_spectrum,7594
CASMI2022,massformer,completed,4,4,10,CASMI_MOL_1196791,CASMI_MOL_20142,20142,Cc1cnc(NC(=O)CCC2CC(=NO)C3(C)CCC4c5cc(F)c(O)cc5CCC4C23)s1,0.3659777219699363,binned_cosine_1Da,9,False,predicted_spectrum,7594
CASMI2022,massformer,completed,4,4,10,CASMI_MOL_1196791,CASMI_MOL_22396,22396,Cc1cnc(NC(=O)CCC2CC(=NO)C3(C)CCC4c5cc(F)c(O)cc5CCC4C23)s1,0.3659777219699363,binned_cosine_1Da,10,False,predicted_spectrum,7594
CASMI2022,massformer,completed,4,4,10,CASMI_MOL_1196791,CASMI_MOL_22325,22325,COCCOc1ccc(-c2ccc(OCC(CN3C(=O)NC(=O)C3(C)C)N(O)C=O)cc2)cc1,0.3645830302383478,binned_cosine_1Da,11,False,predicted_spectrum,7594
CASMI2022,massformer,completed,4,4,10,CASMI_MOL_1196791,CASMI_MOL_20462,20462,CC1CC2C3CC=C4CC(=O)C=CC4(C)C3(F)C(O)CC2(C)C1(O)C(=O)COC(=O)C1=NC=C1,0.36343088138099616,binned_cosine_1Da,12,False,predicted_spectrum,7594
CASMI2022,massformer,completed,4,4,10,CASMI_MOL_1196791,CASMI_MOL_24869,24869,CCOC(CN1C(=O)C(CC(=O)O)(NC(=O)Nc2ccc(CO)cc2)c2ccccc21)OCC,0.3628121663501272,binned_cosine_1Da,13,False,predicted_spectrum,7594
CASMI2022,massformer,completed,4,4,10,CASMI_MOL_1196791,CASMI_MOL_22669,22669,CCOC(CN1C(=O)C(CC(=O)O)(NC(=O)Nc2cccc(OC)c2)c2ccccc21)OCC,0.3623645469218221,binned_cosine_1Da,14,False,predicted_spectrum,7594
CASMI2022,massformer,completed,4,4,10,CASMI_MOL_1196791,CASMI_MOL_24687,24687,CCOC(CN1C(=O)C(CC(=O)O)(NC(=O)Nc2cccc(OC)c2)c2ccccc21)OCC,0.3623645469218221,binned_cosine_1Da,15,False,predicted_spectrum,7594
CASMI2022,massformer,completed,4,4,10,CASMI_MOL_1196791,CASMI_MOL_23588,23588,COCC(=O)N1CC(C)C(OC)CN(C)C(=O)c2cc(NS(C)(=O)=O)ccc2OCC1C,0.3618659314477925,binned_cosine_1Da,16,False,predicted_spectrum,7594
CASMI2022,massformer,completed,4,4,10,CASMI_MOL_1196791,CASMI_MOL_23590,23590,COCC(=O)N1CC(C)C(OC)CN(C)C(=O)c2cc(NS(C)(=O)=O)ccc2OCC1C,0.3618659314477925,binned_cosine_1Da,17,False,predicted_spectrum,7594
CASMI2022,massformer,completed,4,4,10,CASMI_MOL_1196791,CASMI_MOL_23591,23591,COCC(=O)N1CC(C)C(OC)CN(C)C(=O)c2cc(NS(C)(=O)=O)ccc2OCC1C,0.3618659314477925,binned_cosine_1Da,18,False,predicted_spectrum,7594
CASMI2022,massformer,completed,4,4,10,CASMI_MOL_1196791,CASMI_MOL_23593,23593,COCC(=O)N1CC(C)C(OC)CN(C)C(=O)c2cc(NS(C)(=O)=O)ccc2OCC1C,0.3618659314477925,binned_cosine_1Da,19,False,predicted_spectrum,7594
CASMI2022,massformer,completed,4,4,10,CASMI_MOL_1196791,CASMI_MOL_19973,19973,COCC(=O)N1CC(C)C(OC)CN(C)C(=O)c2cc(NS(C)(=O)=O)ccc2OCC1C,0.36186592949474916,binned_cosine_1Da,20,False,predicted_spectrum,7594
CASMI2022,massformer,completed,4,4,10,CASMI_MOL_1196791,CASMI_MOL_22535,22535,COCC(=O)N1CC(C)C(OC)CN(C)C(=O)c2cc(NS(C)(=O)=O)ccc2OCC1C,0.36186592949474916,binned_cosine_1Da,21,False,predicted_spectrum,7594
CASMI2022,massformer,completed,4,4,10,CASMI_MOL_1196791,CASMI_MOL_23589,23589,COCC(=O)N1CC(C)C(OC)CN(C)C(=O)c2cc(NS(C)(=O)=O)ccc2OCC1C,0.3618659133196465,binned_cosine_1Da,22,False,predicted_spectrum,7594
CASMI2022,massformer,completed,4,4,10,CASMI_MOL_1196791,CASMI_MOL_23592,23592,COCC(=O)N1CC(C)C(OC)CN(C)C(=O)c2cc(NS(C)(=O)=O)ccc2OCC1C,0.3618659133196465,binned_cosine_1Da,23,False,predicted_spectrum,7594
CASMI2022,massformer,completed,4,4,10,CASMI_MOL_1196791,CASMI_MOL_25447,25447,CCOc1cc2[nH]c(=O)n(Cc3ccc(C(=O)NCC(OC)OC)cc3)c(=O)c2cc1OCC,0.35719036771049884,binned_cosine_1Da,24,False,predicted_spectrum,7594
CASMI2022,massformer,completed,4,4,10,CASMI_MOL_1196791,CASMI_MOL_23601,23601,COCC(=O)N1CC(C)C(OC)CN(C)C(=O)c2ccc(NS(C)(=O)=O)cc2OCC1C,0.35641335989130957,binned_cosine_1Da,25,False,predicted_spectrum,7594
CASMI2022,massformer,completed,4,4,10,CASMI_MOL_1196791,CASMI_MOL_23600,23600,COCC(=O)N1CC(C)C(OC)CN(C)C(=O)c2ccc(NS(C)(=O)=O)cc2OCC1C,0.3564133540641876,binned_cosine_1Da,26,False,predicted_spectrum,7594
CASMI2022,massformer,completed,4,4,10,CASMI_MOL_1196791,CASMI_MOL_23594,23594,COCC(=O)N1CC(C)C(OC)CN(C)C(=O)c2ccc(NS(C)(=O)=O)cc2OCC1C,0.3564132463298866,binned_cosine_1Da,27,False,predicted_spectrum,7594
CASMI2022,massformer,completed,4,4,10,CASMI_MOL_1196791,CASMI_MOL_23596,23596,COCC(=O)N1CC(C)C(OC)CN(C)C(=O)c2ccc(NS(C)(=O)=O)cc2OCC1C,0.3564132463298866,binned_cosine_1Da,28,False,predicted_spectrum,7594
CASMI2022,massformer,completed,4,4,10,CASMI_MOL_1196791,CASMI_MOL_23597,23597,COCC(=O)N1CC(C)C(OC)CN(C)C(=O)c2ccc(NS(C)(=O)=O)cc2OCC1C,0.3564132463298866,binned_cosine_1Da,29,False,predicted_spectrum,7594
CASMI2022,massformer,completed,4,4,10,CASMI_MOL_1196791,CASMI_MOL_23599,23599,COCC(=O)N1CC(C)C(OC)CN(C)C(=O)c2ccc(NS(C)(=O)=O)cc2OCC1C,0.3564132463298866,binned_cosine_1Da,30,False,predicted_spectrum,7594
CASMI2022,massformer,completed,4,4,10,CASMI_MOL_1196791,CASMI_MOL_23595,23595,COCC(=O)N1CC(C)C(OC)CN(C)C(=O)c2ccc(NS(C)(=O)=O)cc2OCC1C,0.3564132385010617,binned_cosine_1Da,31,False,predicted_spectrum,7594
CASMI2022,massformer,completed,4,4,10,CASMI_MOL_1196791,CASMI_MOL_23598,23598,COCC(=O)N1CC(C)C(OC)CN(C)C(=O)c2ccc(NS(C)(=O)=O)cc2OCC1C,0.3564132385010617,binned_cosine_1Da,32,False,predicted_spectrum,7594
CASMI2022,massformer,completed,4,4,10,CASMI_MOL_1196791,CASMI_MOL_19552,19552,COc1cc(-c2ccc(N3CCC(C)(NC(=O)OC(C)(C)C)CC3)nc2)c2c(Cl)cnn2c1,0.35227772906389476,binned_cosine_1Da,33,False,predicted_spectrum,7594
CASMI2022,massformer,completed,4,4,10,CASMI_MOL_1196791,CASMI_MOL_18946,18946,CC(C)(C)OC(=O)NCCOCC#Cc1cccc2c1COCN(C1CCC(=O)NC1=O)C2=O,0.3522155835580498,binned_cosine_1Da,34,False,predicted_spectrum,7594
CASMI2022,massformer,completed,4,4,10,CASMI_MOL_1196791,CASMI_MOL_24699,24699,COCCOc1ccc(-c2ccc(OCC(CN3C(=O)NC(C)(C)C3=O)N(O)C=O)cc2)cc1,0.3511173093417151,binned_cosine_1Da,35,False,predicted_spectrum,7594
CASMI2022,massformer,completed,4,4,10,CASMI_MOL_1196791,CASMI_MOL_25515,25515,Cc1ccc(C)c(N2C(=O)c3ccc(C(=O)OCC(=O)C45CC6CC(CC(C6)C4)C5)cc3C2=O)c1,0.3500399712726509,binned_cosine_1Da,36,False,predicted_spectrum,7594
CASMI2022,massformer,completed,4,4,10,CASMI_MOL_1196791,CASMI_MOL_19352,19352,C=CC(=CC=CCCC(=O)O)COc1cccc2c1N(Cc1ccc(C(F)(F)F)cc1)CCC2,0.34941603072554056,binned_cosine_1Da,37,False,predicted_spectrum,7594
CASMI2022,massformer,completed,4,4,10,CASMI_MOL_1196791,CASMI_MOL_20776,20776,CC(COc1cccc(OCC2CCC(CN3Cc4ccc(O)c(F)c4C3=O)CC2)c1)C(=O)O,0.3481413329482134,binned_cosine_1Da,38,False,predicted_spectrum,7594
CASMI2022,massformer,completed,4,4,10,CASMI_MOL_1196791,CASMI_MOL_20214,20214,Cc1ccc(C(Nc2c(Nc3cccc(C(O)N(C)C)c3O)c(=O)c2=O)C2COC(C)(C)O2)o1,0.3472064378431081,binned_cosine_1Da,39,False,predicted_spectrum,7594
CASMI2022,massformer,completed,4,4,10,CASMI_MOL_1196791,CASMI_MOL_20228,20228,CCCCOC(=O)N1CC(COc2ccc(N3N=C(C(F)(F)F)C(C)C3CC(=O)O)cc2)C1,0.343298476562721,binned_cosine_1Da,40,False,predicted_spectrum,7594
CASMI2022,massformer,completed,4,4,10,CASMI_MOL_1196791,CASMI_MOL_22771,22771,CC1=CC(=O)N(CCOCCOCCC(=O)Nc2ccc(CCC(=O)N3CCC3=O)cc2)C1=O,0.33722182583991556,binned_cosine_1Da,41,False,predicted_spectrum,7594
CASMI2022,massformer,completed,4,4,10,CASMI_MOL_1196791,CASMI_MOL_22201,22201,Cc1ccc2c([N+](=O)[O-])c(-c3ccc(OCCOCCOCCOCCN)cc3)[nH]c(=O)c2c1,0.33277675224913444,binned_cosine_1Da,42,False,predicted_spectrum,7594
CASMI2022,massformer,completed,4,4,10,CASMI_MOL_1196791,CASMI_MOL_19095,19095,NC(CCC(=O)N1CCCC1)C(=O)N1CC(Cc2ccc(OC(F)(F)F)cc2)CC1C(=O)O,0.3327327006854403,binned_cosine_1Da,43,False,predicted_spectrum,7594
CASMI2022,massformer,completed,4,4,10,CASMI_MOL_1196791,CASMI_MOL_19644,19644,NC(CCC(=O)N1CCCC1)C(=O)N1CC(Cc2ccc(OC(F)(F)F)cc2)CC1C(=O)O,0.3327327006854403,binned_cosine_1Da,44,False,predicted_spectrum,7594
CASMI2022,massformer,completed,4,4,10,CASMI_MOL_1196791,CASMI_MOL_19645,19645,NC(CCC(=O)N1CCCC1)C(=O)N1CC(Cc2ccc(OC(F)(F)F)cc2)CC1C(=O)O,0.3327327006854403,binned_cosine_1Da,45,False,predicted_spectrum,7594
CASMI2022,massformer,completed,4,4,10,CASMI_MOL_1196791,CASMI_MOL_19643,19643,NC(CCC(=O)N1CCCC1)C(=O)N1CC(Cc2ccc(OC(F)(F)F)cc2)CC1C(=O)O,0.3327326292513963,binned_cosine_1Da,46,False,predicted_spectrum,7594
CASMI2022,massformer,completed,4,4,10,CASMI_MOL_1196791,CASMI_MOL_25184,25184,CCOCOCC(CC(COCC#N)C(O)=NO)NC(=O)c1ccc(Oc2ccccc2)cc1,0.3323130898254168,binned_cosine_1Da,47,False,predicted_spectrum,7594
CASMI2022,massformer,completed,4,4,10,CASMI_MOL_1196791,CASMI_MOL_25807,25807,COc1ccc(CC(N)C(=O)NC2C(C(=O)NN)OC(n3cnc4c(N)ncnc43)C2O)cc1,0.33179065475488073,binned_cosine_1Da,48,False,predicted_spectrum,7594
CASMI2022,massformer,completed,4,4,10,CASMI_MOL_1196791,CASMI_MOL_24769,24769,COc1ccc(CC(N)C(=O)NC2C(C(=O)NN)OC(n3cnc4c(N)ncnc43)C2O)cc1,0.33179065107134253,binned_cosine_1Da,49,False,predicted_spectrum,7594
CASMI2022,massformer,completed,4,4,10,CASMI_MOL_1196791,CASMI_MOL_23493,23493,CCCCC(OC(=O)c1ccc(OCc2c(C)noc2C)c(OC)c1)C(=O)Nc1cc(C)on1,0.3311264404004097,binned_cosine_1Da,50,False,predicted_spectrum,7594
CASMI2022,massformer,completed,4,4,10,CASMI_MOL_1196791,CASMI_MOL_19659,19659,COc1cc(N(C(=O)C2CN(C(=O)OC(C)(C)C)CCO2)c2cccc3c2OCCO3)ccn1,0.3307302840971529,binned_cosine_1Da,51,False,predicted_spectrum,7594
CASMI2022,massformer,completed,4,4,10,CASMI_MOL_1196791,CASMI_MOL_22123,22123,CC1C(C(F)(F)F)=NN(c2ccc(OCC3CN(C(=O)OC(C)(C)C)C3)cc2)C1CC(=O)O,0.3302898395637548,binned_cosine_1Da,52,False,predicted_spectrum,7594
CASMI2022,massformer,completed,4,4,10,CASMI_MOL_1196791,CASMI_MOL_18380,18380,CC(C)c1c(F)c(C#N)cc2c1CC(=NS(=O)(=O)c1ccc(CN(C)C)c(CO)c1)CC2C,0.329083811188858,binned_cosine_1Da,53,False,predicted_spectrum,7594
CASMI2022,massformer,completed,4,4,10,CASMI_MOL_1196791,CASMI_MOL_19660,19660,COc1cc(NC(=O)C2CN(C(=O)OC(C)(C)C)CCO2)cc(-c2cccc3c2OCCO3)n1,0.3276134320287715,binned_cosine_1Da,54,False,predicted_spectrum,7594
CASMI2022,massformer,completed,4,4,10,CASMI_MOL_1196791,CASMI_MOL_19658,19658,COc1cc(NC(=O)C2CN(C(=O)OC(C)(C)C)CCO2)cc(-c2cccc3c2OCCO3)n1,0.32761339303539433,binned_cosine_1Da,55,False,predicted_spectrum,7594
CASMI2022,massformer,completed,4,4,10,CASMI_MOL_1196791,CASMI_MOL_22214,22214,COCN1C(=O)N(c2ccc(N)c(OC)c2)C(=O)C1(C)c1ccc(OC(=O)OC(C)(C)C)cc1,0.3275554629426725,binned_cosine_1Da,56,False,predicted_spectrum,7594
CASMI2022,massformer,completed,4,4,10,CASMI_MOL_1196791,CASMI_MOL_25501,25501,CCOC(=O)C1=C(C)OC(=N)C(C#N)C1c1ccc(OCC(=O)N2CCOCC2)c(OCC)c1,0.32630200186533137,binned_cosine_1Da,57,False,predicted_spectrum,7594
CASMI2022,massformer,completed,4,4,10,CASMI_MOL_1196791,CASMI_MOL_20830,20830,COC(=O)c1ccc2nn(CC3CCN(C(=O)OC(C)(C)C)CC3)cc2c1OCC(F)(F)F,0.32587751775665863,binned_cosine_1Da,58,False,predicted_spectrum,7594
CASMI2022,massformer,completed,4,4,10,CASMI_MOL_1196791,CASMI_MOL_20718,20718,CC1(COc2cc(F)c(C(=O)N3CCCC3C(=O)O)cc2C2CC2)CCC(C(F)(F)F)CC1,0.32578346551413306,binned_cosine_1Da,59,False,predicted_spectrum,7594
CASMI2022,massformer,completed,4,4,10,CASMI_MOL_1196791,CASMI_MOL_20716,20716,CC1(COc2cc(F)c(C(=O)N3CCCC3C(=O)O)cc2C2CC2)CCC(C(F)(F)F)CC1,0.32578341772741276,binned_cosine_1Da,60,False,predicted_spectrum,7594
CASMI2022,massformer,completed,4,4,10,CASMI_MOL_1196791,CASMI_MOL_24710,24710,Cc1ccc(C(F)(F)c2ccc(OC(CCCNCC(=O)O)c3ccc(F)cc3)cc2)c(C)c1,0.3257149381129952,binned_cosine_1Da,61,False,predicted_spectrum,7594
CASMI2022,massformer,completed,4,4,10,CASMI_MOL_1196791,CASMI_MOL_23399,23399,CCOc1ccc(-c2noc(CCC(=O)NCC(O)COc3c(OC)cccc3OC)n2)cc1,0.32146102760713346,binned_cosine_1Da,62,False,predicted_spectrum,7594
CASMI2022,massformer,completed,4,4,10,CASMI_MOL_1196791,CASMI_MOL_18629,18629,Nc1ncnc2c1ncn2C1OC(CSCCNCC2CNCc3ccccc32)C(O)C1O,0.3214280016220733,binned_cosine_1Da,63,False,predicted_spectrum,7594
CASMI2022,massformer,completed,4,4,10,CASMI_MOL_1196791,CASMI_MOL_24768,24768,CC(O)N(c1nc(N2CC[S+]([O-])CC2)c2ncnc(NCCc3ccccc3)c2n1)C(C)O,0.32083110720905966,binned_cosine_1Da,64,False,predicted_spectrum,7594
CASMI2022,massformer,completed,4,4,10,CASMI_MOL_1196791,CASMI_MOL_24789,24789,CCOC(=O)c1c(NC(=S)N2CCN(c3cccc(C)c3C)CC2)sc2c1CCCCC2,0.3207214121388324,binned_cosine_1Da,65,False,predicted_spectrum,7594
CASMI2022,massformer,completed,4,4,10,CASMI_MOL_1196791,CASMI_MOL_23304,23304,CCCSc1nc(NCCCc2ccccc2)c2nnn(C3CC(C(N)=O)CC3(O)O)c2n1,0.31789888442039294,binned_cosine_1Da,66,False,predicted_spectrum,7594
CASMI2022,massformer,completed,4,4,10,CASMI_MOL_1196791,CASMI_MOL_22179,22179,COc1ncc(N2CCOc3ccc(OC4CCN(C(=O)OC(C)(C)C)C4)cc32)cc1C(=O)O,0.31761733036517087,binned_cosine_1Da,67,False,predicted_spectrum,7594
CASMI2022,massformer,completed,4,4,10,CASMI_MOL_1196791,CASMI_MOL_22402,22402,COc1ncc(N2CCOc3ccc(OC4CCN(C(=O)OC(C)(C)C)C4)cc32)cc1C(=O)O,0.31761733036517087,binned_cosine_1Da,68,False,predicted_spectrum,7594
CASMI2022,massformer,completed,4,4,10,CASMI_MOL_1196791,CASMI_MOL_23409,23409,COc1ccc(Oc2ccc([N+](=O)[O-])cc2C(=O)NC2CCN(C(=O)OC(C)(C)C)CC2)cc1,0.31693218134875306,binned_cosine_1Da,69,False,predicted_spectrum,7594
CASMI2022,massformer,completed,4,4,10,CASMI_MOL_1196791,CASMI_MOL_20566,20566,CC1C(C(F)(F)F)=NN(c2ccc(OCC3CN(C(=O)OC(C)(C)C)C3)cc2)C1COC=O,0.3167841298209383,binned_cosine_1Da,70,False,predicted_spectrum,7594
CASMI2022,massformer,completed,4,4,10,CASMI_MOL_1196791,CASMI_MOL_19469,19469,CCC(C)(C)c1cc(-c2ccc(F)c(C=C(C=O)SC(=N)N3CCOCC3)c2)ccc1ON,0.3155622836210193,binned_cosine_1Da,71,False,predicted_spectrum,7594
CASMI2022,massformer,completed,4,4,10,CASMI_MOL_1196791,CASMI_MOL_19364,19364,C=CC=C(C=CCc1ccc(CN2CCc3ccc(OCC(=O)O)cc3CC2)cc1)C(F)(F)F,0.3148307851561976,binned_cosine_1Da,72,False,predicted_spectrum,7594
CASMI2022,massformer,completed,4,4,10,CASMI_MOL_1196791,CASMI_MOL_22103,22103,C=CC(=O)NCC(O)COc1ccc(C(=NNC(C)=O)c2ccc(OCC(O)CO)cc2)cc1,0.313165593277431,binned_cosine_1Da,73,False,predicted_spectrum,7594
CASMI2022,massformer,completed,4,4,10,CASMI_MOL_1196791,CASMI_MOL_24562,24562,CCOc1ccc(NC(=O)C(CC)Sc2nc3c(cc2C#N)CC(c2ccccc2)CC3)cc1,0.31255202490802386,binned_cosine_1Da,74,False,predicted_spectrum,7594
CASMI2022,massformer,completed,4,4,10,CASMI_MOL_1196791,CASMI_MOL_20256,20256,CCOc1ccc(CC(=O)OC)cc1-c1ccc(F)c2c1CN(OC(=O)OC1CCCC1)CC2,0.3119516440738801,binned_cosine_1Da,75,False,predicted_spectrum,7594
CASMI2022,massformer,completed,4,4,10,CASMI_MOL_1196791,CASMI_MOL_23400,23400,COc1ccc(-c2noc(CCCC(=O)NCC(O)COc3c(OC)cccc3OC)n2)cc1,0.31167216898402966,binned_cosine_1Da,76,False,predicted_spectrum,7594
CASMI2022,massformer,completed,4,4,10,CASMI_MOL_1196791,CASMI_MOL_20257,20257,CCOc1cc(CC(=O)OC)ccc1-c1ccc(F)c2c1CN(OC(=O)OC1CCCC1)CC2,0.3107189795866237,binned_cosine_1Da,77,False,predicted_spectrum,7594
CASMI2022,massformer,completed,4,4,10,CASMI_MOL_1196791,CASMI_MOL_24565,24565,CCOc1ccccc1NC(=O)C(CC)Sc1nc2c(cc1C#N)CC(c1ccccc1)CC2,0.3104018253893757,binned_cosine_1Da,78,False,predicted_spectrum,7594
CASMI2022,massformer,completed,4,4,10,CASMI_MOL_1196791,CASMI_MOL_19382,19382,COc1ccc(CC(=O)Nc2ccc(-c3ccc(C(=O)CC4(C(=O)O)CCCC4)cc3)cc2)cc1,0.30958719781878036,binned_cosine_1Da,79,False,predicted_spectrum,7594
CASMI2022,massformer,completed,4,4,10,CASMI_MOL_1196791,CASMI_MOL_19093,19093,COC1C(O)C(O)C(Oc2ccc(CCNC(C)=O)c(-c3cccc(F)c3)c2)OC12CC=CC2,0.3088893067327293,binned_cosine_1Da,80,False,predicted_spectrum,7594
CASMI2022,massformer,completed,4,4,10,CASMI_MOL_1196791,CASMI_MOL_19052,19052,NC(C=O)C(CCC(=O)O)N1Cc2c(OCc3cc(CN4CCOCC4)co3)cccc2C1=O,0.3088273466702985,binned_cosine_1Da,81,False,predicted_spectrum,7594
CASMI2022,massformer,completed,4,4,10,CASMI_MOL_1196791,CASMI_MOL_23320,23320,C=CCOC(=O)NC(C)C1=NC2(C(=O)OC)CC23c2ccccc2N(C(=O)OC(C)(C)C)C3O1,0.30835514695574834,binned_cosine_1Da,82,False,predicted_spectrum,7594
CASMI2022,massformer,completed,4,4,10,CASMI_MOL_1196791,CASMI_MOL_19207,19207,CCCC1=C(CC(=O)c2cccc(OCC)c2)CC(=O)C(CC2=CN=C(C(F)(F)F)C=C=C2)C1,0.3080816490069746,binned_cosine_1Da,83,False,predicted_spectrum,7594
CASMI2022,massformer,completed,4,4,10,CASMI_MOL_1196791,CASMI_MOL_24767,24767,CC(O)N(c1nc(N2CC[S+]([O-])CC2)c2ncnc(N(C)Cc3ccccc3)c2n1)C(C)O,0.30680054865676143,binned_cosine_1Da,84,False,predicted_spectrum,7594
CASMI2022,massformer,completed,4,4,10,CASMI_MOL_1196791,CASMI_MOL_18841,18841,C=NC1=NC(CCCc2csc(C(CC(=O)O)c3ccc(OC)c(F)c3)n2)CCC1C=CC,0.30654479915980987,binned_cosine_1Da,85,False,predicted_spectrum,7594
CASMI2022,massformer,completed,4,4,10,CASMI_MOL_1196791,CASMI_MOL_24906,24906,CCOC(=O)N1CCN(C(=O)c2ccccc2NC(=O)c2cc(OC)c(OC)c(OC)c2)CC1,0.30644352295551974,binned_cosine_1Da,86,False,predicted_spectrum,7594
CASMI2022,massformer,completed,4,4,10,CASMI_MOL_1196791,CASMI_MOL_19139,19139,CCOC(=O)C=Cc1[nH]c2ccc(OCc3ccc(C4CCCC4)c(C(F)(F)F)c3)cc2c1C,0.3061541535544389,binned_cosine_1Da,87,False,predicted_spectrum,7594
CASMI2022,massformer,completed,4,4,10,CASMI_MOL_1196791,CASMI_MOL_23054,23054,CCN1C(=CC=CC2=CC(=CC3Sc4ccccc4C3C)CC(C)(C)C2)Sc2ccccc21,0.3061456051964754,binned_cosine_1Da,88,False,predicted_spectrum,7594
CASMI2022,massformer,completed,4,4,10,CASMI_MOL_1196791,CASMI_MOL_19059,19059,CCCC(NC(=O)C(=O)C(C)(C)C)C(O)c1nc(N)c(-c2nnnn2Cc2ccccc2)s1,0.30375272745066006,binned_cosine_1Da,89,False,predicted_spectrum,7594
CASMI2022,massformer,completed,4,4,10,CASMI_MOL_1196791,CASMI_MOL_18924,18924,Cn1c(=O)n(C2CCC(=O)NC2=O)c2ccc(C#CCOCCOCC(=O)OC(C)(C)C)cc21,0.30369747792888846,binned_cosine_1Da,90,False,predicted_spectrum,7594
CASMI2022,massformer,completed,4,4,10,CASMI_MOL_1196791,CASMI_MOL_25560,25560,CCOc1ccc(-c2cn(-c3ccc(C)cc3)c(SCC(=O)Nc3cccc(C)c3C)n2)cc1,0.30351431550106023,binned_cosine_1Da,91,False,predicted_spectrum,7594
CASMI2022,massformer,completed,4,4,10,CASMI_MOL_1196791,CASMI_MOL_19979,19979,CC(C)(C)OC(=O)N1CCC(COc2ccc3c(c2)C(=O)N(C2CCC(=O)NC2=O)C3=O)CC1,0.3032081602577134,binned_cosine_1Da,92,False,predicted_spectrum,7594
CASMI2022,massformer,completed,4,4,10,CASMI_MOL_1196791,CASMI_MOL_22217,22217,C=CC(=CC(C)C(C)SCC(N)C(C)C(=O)c1ccc(C(F)(F)F)cc1)C(C)CC(=O)O,0.30283083114818626,binned_cosine_1Da,93,False,predicted_spectrum,7594
CASMI2022,massformer,completed,4,4,10,CASMI_MOL_1196791,CASMI_MOL_21743,21743,CCOCCCN1C(=O)CC(NC(=O)Cc2cc(OC)ccc2OC)c2cc([N+](=O)[O-])ccc21,0.3024875962434385,binned_cosine_1Da,94,False,predicted_spectrum,7594
CASMI2022,massformer,completed,4,4,10,CASMI_MOL_1196791,CASMI_MOL_20528,20528,COC1=C(OC)CC(Cc2nc(N)nn2-c2cc(OCc3ccc4ccccc4n3)ncn2)C=C1,0.30147853444527334,binned_cosine_1Da,95,False,predicted_spectrum,7594
CASMI2022,massformer,completed,4,4,10,CASMI_MOL_1196791,CASMI_MOL_18375,18375,CC1(C)C2CN(C(=O)COc3ccc4c(c3)OCO4)C(C(O)NC(C=O)Cc3cc[nH]c3O)C21,0.30005708415633003,binned_cosine_1Da,96,False,predicted_spectrum,7594
CASMI2022,massformer,completed,4,4,10,CASMI_MOL_1196791,CASMI_MOL_18593,18593,CC1(C)C2CN(C(=O)COc3ccc4c(c3)OCO4)C(C(O)NC(C=O)Cc3cc[nH]c3O)C21,0.30005708415633003,binned_cosine_1Da,97,False,predicted_spectrum,7594
CASMI2022,massformer,completed,4,4,10,CASMI_MOL_1196791,CASMI_MOL_24590,24590,O=C(NCCNc1ccc([N+](=O)[O-])cc1)C1=CC(c2ccccc2)CC(OCCOCCO)O1,0.299219630437964,binned_cosine_1Da,98,False,predicted_spectrum,7594
CASMI2022,massformer,completed,4,4,10,CASMI_MOL_1196791,CASMI_MOL_24574,24574,O=C(NCCNc1ccc([N+](=O)[O-])cc1)C1=CC(c2ccccc2)CC(OCCOCCO)O1,0.29921960944124915,binned_cosine_1Da,99,False,predicted_spectrum,7594
CASMI2022,massformer,completed,4,4,10,CASMI_MOL_1196791,CASMI_MOL_20159,20159,CC(C)(C)C(=O)c1ccc(C(=O)NCC=Cc2cn(C3CC(O)C(CO)O3)c(=O)[nH]c2=O)cc1,0.2988827640299724,binned_cosine_1Da,100,False,predicted_spectrum,7594
CASMI2022,massformer,completed,4,4,10,CASMI_MOL_1196791,CASMI_MOL_1196791,1196791,Cn1c(CNc2ccc(C(=N)N)cc2)nc2cc(C(=O)N(CCC(=O)O)c3ccccn3)ccc21,0.14250972450577984,binned_cosine_1Da,2495,True,predicted_spectrum,7594
CASMI2022,massformer,completed,5,5,11,CASMI_MOL_1196792,CASMI_MOL_26450,26450,C=C1CC23CCC4C(C)(C(=O)OC5OC(C(=O)O)C(O)C(O)C5O)CCCC4(C)C2CCC1(OC1OC(CO)C(O)C(O)C1O)C3,0.30273995008289867,binned_cosine_1Da,1,False,predicted_spectrum,1074
CASMI2022,massformer,completed,5,5,11,CASMI_MOL_1196792,CASMI_MOL_25937,25937,CC1(C(=O)OC2OC(CO)C(O)C(O)C2O)CCCC2(C)C3CCC4(OC5OC(CO)C(O)C(O)C5O)CC3(C=C4C=O)CCC12,0.27884642493975925,binned_cosine_1Da,2,False,predicted_spectrum,1074
CASMI2022,massformer,completed,5,5,11,CASMI_MOL_1196792,CASMI_MOL_25927,25927,CC1(C(=O)OC2OC(CO)C(O)C(O)C2O)CCCC2(C)C3CCC4(OC5OC(CO)C(O)C(O)C5O)CC3(C=C4C=O)CCC12,0.278846424303412,binned_cosine_1Da,3,False,predicted_spectrum,1074
CASMI2022,massformer,completed,5,5,11,CASMI_MOL_1196792,CASMI_MOL_26299,26299,CC1(C(=O)OC2OC(CO)C(O)C(O)C2O)CCCC2(C)C3CCC4(OC5OC(CO)C(O)C(O)C5O)CC3(C=C4C=O)CCC12,0.278846424303412,binned_cosine_1Da,4,False,predicted_spectrum,1074
CASMI2022,massformer,completed,5,5,11,CASMI_MOL_1196792,CASMI_MOL_26664,26664,CC1(C(=O)OC2OC(CO)C(O)C(O)C2O)CCCC2(C)C3CCC4(OC5OC(CO)C(O)C(O)C5O)CC3(C=C4C=O)CCC12,0.2788464080152717,binned_cosine_1Da,5,False,predicted_spectrum,1074
CASMI2022,massformer,completed,5,5,11,CASMI_MOL_1196792,CASMI_MOL_26362,26362,CC1CC2OC(O)(C3CCCCC3)OC2(C(=O)C(O)(O)OC(=O)C(C)C)CCC(O)C(C2(C)CC(=O)C(=O)C(=O)C2C(C)(O)O)C1,0.2738262047302744,binned_cosine_1Da,6,False,predicted_spectrum,1074
CASMI2022,massformer,completed,5,5,11,CASMI_MOL_1196792,CASMI_MOL_25824,25824,C=CC1(C)CC=CC(C)C(=O)OCC2OC(OC(C)(C=C)CC=CC(C)C(=O)OCC3OC(O1)C(O)C(O)C3O)C(O)C(O)C2O,0.26301398161583,binned_cosine_1Da,7,False,predicted_spectrum,1074
CASMI2022,massformer,completed,5,5,11,CASMI_MOL_1196792,CASMI_MOL_25928,25928,C=CC1(C)CC=CC(C)C(=O)OCC2OC(OC(C)(C=C)CC=CC(C)C(=O)OCC3OC(O1)C(O)C(O)C3O)C(O)C(O)C2O,0.26301398161583,binned_cosine_1Da,8,False,predicted_spectrum,1074
CASMI2022,massformer,completed,5,5,11,CASMI_MOL_1196792,CASMI_MOL_25929,25929,C=CC1(C)CC=CC(C)C(=O)OCC2OC(OC(C)(C=C)CC=CC(C)C(=O)OCC3OC(O1)C(O)C(O)C3O)C(O)C(O)C2O,0.26301398161583,binned_cosine_1Da,9,False,predicted_spectrum,1074
CASMI2022,massformer,completed,5,5,11,CASMI_MOL_1196792,CASMI_MOL_25934,25934,C=CC1(C)CC=CC(C)C(=O)OCC2OC(OC(C)(C=C)CC=CC(C)C(=O)OCC3OC(O1)C(O)C(O)C3O)C(O)C(O)C2O,0.26301398161583,binned_cosine_1Da,10,False,predicted_spectrum,1074
CASMI2022,massformer,completed,5,5,11,CASMI_MOL_1196792,CASMI_MOL_26024,26024,C=CC1(C)CC=CC(C)C(=O)OCC2OC(OC(C)(C=C)CC=CC(C)C(=O)OCC3OC(O1)C(O)C(O)C3O)C(O)C(O)C2O,0.26301398161583,binned_cosine_1Da,11,False,predicted_spectrum,1074
CASMI2022,massformer,completed,5,5,11,CASMI_MOL_1196792,CASMI_MOL_26736,26736,C=CC1(C)CC=CC(C)C(=O)OCC2OC(OC(C)(C=C)CC=CC(C)C(=O)OCC3OC(O1)C(O)C(O)C3O)C(O)C(O)C2O,0.26301398161583,binned_cosine_1Da,12,False,predicted_spectrum,1074
CASMI2022,massformer,completed,5,5,11,CASMI_MOL_1196792,CASMI_MOL_26765,26765,C=CC1(C)CC=CC(C)C(=O)OCC2OC(OC(C)(C=C)CC=CC(C)C(=O)OCC3OC(O1)C(O)C(O)C3O)C(O)C(O)C2O,0.26301398161583,binned_cosine_1Da,13,False,predicted_spectrum,1074
CASMI2022,massformer,completed,5,5,11,CASMI_MOL_1196792,CASMI_MOL_26766,26766,C=CC1(C)CC=CC(C)C(=O)OCC2OC(OC(C)(C=C)CC=CC(C)C(=O)OCC3OC(O1)C(O)C(O)C3O)C(O)C(O)C2O,0.26301398161583,binned_cosine_1Da,14,False,predicted_spectrum,1074
CASMI2022,massformer,completed,5,5,11,CASMI_MOL_1196792,CASMI_MOL_26799,26799,C=CC1(C)CC=CC(C)C(=O)OCC2OC(OC(C)(C=C)CC=CC(C)C(=O)OCC3OC(O1)C(O)C(O)C3O)C(O)C(O)C2O,0.26301398161583,binned_cosine_1Da,15,False,predicted_spectrum,1074
CASMI2022,massformer,completed,5,5,11,CASMI_MOL_1196792,CASMI_MOL_26817,26817,C=CC1(C)CC=CC(C)C(=O)OCC2OC(OC(C)(C=C)CC=CC(C)C(=O)OCC3OC(O1)C(O)C(O)C3O)C(O)C(O)C2O,0.26301398161583,binned_cosine_1Da,16,False,predicted_spectrum,1074
CASMI2022,massformer,completed,5,5,11,CASMI_MOL_1196792,CASMI_MOL_25936,25936,C=CC1(C)CC=CC(C)C(=O)OCC2OC(OC(C)(C=C)CC=CC(C)C(=O)OCC3OC(O1)C(O)C(O)C3O)C(O)C(O)C2O,0.2630139464809943,binned_cosine_1Da,17,False,predicted_spectrum,1074
CASMI2022,massformer,completed,5,5,11,CASMI_MOL_1196792,CASMI_MOL_26329,26329,C=CC1(C)CC=CC(C)C(=O)OCC2OC(OC(C)(C=C)CC=CC(C)C(=O)OCC3OC(O1)C(O)C(O)C3O)C(O)C(O)C2O,0.2630139464809943,binned_cosine_1Da,18,False,predicted_spectrum,1074
CASMI2022,massformer,completed,5,5,11,CASMI_MOL_1196792,CASMI_MOL_26737,26737,C=CC1(C)CC=CC(C)C(=O)OCC2OC(OC(C)(C=C)CC=CC(C)C(=O)OCC3OC(O1)C(O)C(O)C3O)C(O)C(O)C2O,0.2630139464809943,binned_cosine_1Da,19,False,predicted_spectrum,1074
CASMI2022,massformer,completed,5,5,11,CASMI_MOL_1196792,CASMI_MOL_26852,26852,C=CC1(C)CC=CC(C)C(=O)OCC2OC(OC(C)(C=C)CC=CC(C)C(=O)OCC3OC(O1)C(O)C(O)C3O)C(O)C(O)C2O,0.2630139464809943,binned_cosine_1Da,20,False,predicted_spectrum,1074
CASMI2022,massformer,completed,5,5,11,CASMI_MOL_1196792,CASMI_MOL_26876,26876,C=CC1(C)CC=CC(C)C(=O)OCC2OC(OC(C)(C=C)CC=CC(C)C(=O)OCC3OC(O1)C(O)C(O)C3O)C(O)C(O)C2O,0.2630139464809943,binned_cosine_1Da,21,False,predicted_spectrum,1074
CASMI2022,massformer,completed,5,5,11,CASMI_MOL_1196792,CASMI_MOL_26388,26388,COC(=O)C=C1CC2CC(CO)OC(=O)CC(O)CC3CCCC(O)(CC4CCOC(C=CC(C)(C)C(O)(O2)C1OC(C)=O)O4)O3,0.25697815067612745,binned_cosine_1Da,22,False,predicted_spectrum,1074
CASMI2022,massformer,completed,5,5,11,CASMI_MOL_1196792,CASMI_MOL_26011,26011,Cc1ccc(-c2c(C)noc2C)cc1N(CCCCNc1ccc2c(O)n(C3CCC(=O)NC3=O)cc2c1)c1ccc(C2(C#N)CC2)cc1,0.2559503397459689,binned_cosine_1Da,23,False,predicted_spectrum,1074
CASMI2022,massformer,completed,5,5,11,CASMI_MOL_1196792,CASMI_MOL_26377,26377,CC1CN(S(=O)(=O)c2ccccc2C(F)(F)F)C(C)CN1CC1(O)CCC2(C)C(CCC3C4CC=C(OP)C4(C)CCC32)C1,0.2520250516968843,binned_cosine_1Da,24,False,predicted_spectrum,1074
CASMI2022,massformer,completed,5,5,11,CASMI_MOL_1196792,CASMI_MOL_25935,25935,CC12CCc3oc(O)cc3C1CCC13CC(CCC12)C(CO)(OC1OC(COC2OC(CO)C(O)C(O)C2O)C(O)C(O)C1O)C3,0.25166518450329406,binned_cosine_1Da,25,False,predicted_spectrum,1074
CASMI2022,massformer,completed,5,5,11,CASMI_MOL_1196792,CASMI_MOL_26774,26774,CC12CCc3oc(O)cc3C1CCC13CC(CCC12)C(CO)(OC1OC(COC2OC(CO)C(O)C(O)C2O)C(O)C(O)C1O)C3,0.25166518450329406,binned_cosine_1Da,26,False,predicted_spectrum,1074
CASMI2022,massformer,completed,5,5,11,CASMI_MOL_1196792,CASMI_MOL_26816,26816,CC12CCc3oc(O)cc3C1CCC13CC(CCC12)C(CO)(OC1OC(COC2OC(CO)C(O)C(O)C2O)C(O)C(O)C1O)C3,0.25166518450329406,binned_cosine_1Da,27,False,predicted_spectrum,1074
CASMI2022,massformer,completed,5,5,11,CASMI_MOL_1196792,CASMI_MOL_26825,26825,CSCCC(NC(=O)C(CCCCN)NC(=O)C(N)Cc1c[nH]cn1)C(=O)NC(CCC(N)=O)C(=O)NC(CC(N)=O)C(=O)O,0.24738881796657541,binned_cosine_1Da,28,False,predicted_spectrum,1074
CASMI2022,massformer,completed,5,5,11,CASMI_MOL_1196792,CASMI_MOL_26403,26403,COC(=O)C=CCCC(NC(=O)C(CC(N)=O)NC(C)=O)C(=O)NC(CCC(=O)O)C(=O)NC(C)C(=O)NC(C(=O)OC)C(C)C,0.24558266397764225,binned_cosine_1Da,29,False,predicted_spectrum,1074
CASMI2022,massformer,completed,5,5,11,CASMI_MOL_1196792,CASMI_MOL_26713,26713,COC(=O)C=CCCC(NC(=O)C(CC(N)=O)NC(C)=O)C(=O)NC(CCC(=O)O)C(=O)NC(C)C(=O)NC(C(=O)OC)C(C)C,0.24558264574027178,binned_cosine_1Da,30,False,predicted_spectrum,1074
CASMI2022,massformer,completed,5,5,11,CASMI_MOL_1196792,CASMI_MOL_26175,26175,Cn1c(N=CCCN2CCN(CCC=Nc3nc(Cc4ccc5c(c4)OCO5)c(O)n3C)CC2)nc(Cc2ccc3c(c2)OCO3)c1O,0.24339241689813257,binned_cosine_1Da,31,False,predicted_spectrum,1074
CASMI2022,massformer,completed,5,5,11,CASMI_MOL_1196792,CASMI_MOL_26477,26477,CCCCOCCOc1ccc(-c2ccc3c(c2)C=C(C(=O)Nc2ccc([S+]([O-])Cc4nnc(C)o4)cc2)CCN3CC(C)C)cc1,0.2409860484461669,binned_cosine_1Da,32,False,predicted_spectrum,1074
CASMI2022,massformer,completed,5,5,11,CASMI_MOL_1196792,CASMI_MOL_26563,26563,CC=C(C)C=CC1=C(C)C(=O)C(OC(=O)CCC(=O)OCC2OC(O)C(O)C(O)C2OC2OC(CC)C(O)C(O)C2O)CC1(C)C,0.24024290010980043,binned_cosine_1Da,33,False,predicted_spectrum,1074
CASMI2022,massformer,completed,5,5,11,CASMI_MOL_1196792,CASMI_MOL_26205,26205,CC(=O)N1CCN(C2CCC(n3nc(-c4ccc(Oc5ccccc5)c([N+](=O)[O-])c4)c4c(NC(=O)OC(C)(C)C)ncnc43)CC2)CC1,0.23487931357601835,binned_cosine_1Da,34,False,predicted_spectrum,1074
CASMI2022,massformer,completed,5,5,11,CASMI_MOL_1196792,CASMI_MOL_26163,26163,CC(C)CC1NC(=O)c2cc(on2)CN(Cc2ccc3c(c2)OCCO3)CCNC(=O)Cn2nc(-c3ccccc3)nc2C(C)NC1=O,0.22554623592354367,binned_cosine_1Da,35,False,predicted_spectrum,1074
CASMI2022,massformer,completed,5,5,11,CASMI_MOL_1196792,CASMI_MOL_26365,26365,Cc1ccc(-c2cc(OC(=O)NCc3ccc4c(c3)OCO4)nc(Nc3ccc(OCCCN4CCN(C)CC4)c(F)c3)n2)c(C)c1C,0.2253542398901469,binned_cosine_1Da,36,False,predicted_spectrum,1074
CASMI2022,massformer,completed,5,5,11,CASMI_MOL_1196792,CASMI_MOL_26323,26323,CC1(C)NC(=O)C2CCCN2C(=O)c2ccc(cc2)C=NNC(=O)C(C)(C)NC(=O)C2CCCN2C(=O)c2ccc(cc2)C=NNC1=O,0.22534004255102674,binned_cosine_1Da,37,False,predicted_spectrum,1074
CASMI2022,massformer,completed,5,5,11,CASMI_MOL_1196792,CASMI_MOL_26300,26300,CC1(C)NC(=O)C2CCCN2C(=O)c2ccc(cc2)C=NNC(=O)C(C)(C)NC(=O)C2CCCN2C(=O)c2ccc(cc2)C=NNC1=O,0.22534000960708395,binned_cosine_1Da,38,False,predicted_spectrum,1074
CASMI2022,massformer,completed,5,5,11,CASMI_MOL_1196792,CASMI_MOL_26324,26324,CC1(C)NC(=O)C2CCCN2C(=O)c2ccc(cc2)C=NNC(=O)C(C)(C)NC(=O)C2CCCN2C(=O)c2ccc(cc2)C=NNC1=O,0.22534000960708395,binned_cosine_1Da,39,False,predicted_spectrum,1074
CASMI2022,massformer,completed,5,5,11,CASMI_MOL_1196792,CASMI_MOL_26471,26471,CC(CCCC[S+]([O-])CCCCC(C)(c1ccccc1)C1CC(O)(CC(=O)O)CC(=O)O1)(c1ccccc1)C1CC(O)CC(=O)O1,0.2244352474152858,binned_cosine_1Da,40,False,predicted_spectrum,1074
CASMI2022,massformer,completed,5,5,11,CASMI_MOL_1196792,CASMI_MOL_26517,26517,CCC(C)CC(OCC(O)C1COC2OC(OC3C(C)CCCC3OC(COC(=O)c3ccccc3)O1)C(O)C(O)C2O)C(=O)O,0.22146799252295762,binned_cosine_1Da,41,False,predicted_spectrum,1074
CASMI2022,massformer,completed,5,5,11,CASMI_MOL_1196792,CASMI_MOL_26665,26665,O=C1NC(C2CCCNC2)C(=O)NCCCCCCOc2ccc(cc2)CNc2nc(nc(OCC(F)(F)F)n2)Nc2ccc1cc2,0.221447139599316,binned_cosine_1Da,42,False,predicted_spectrum,1074
CASMI2022,massformer,completed,5,5,11,CASMI_MOL_1196792,CASMI_MOL_26106,26106,CCCc1cc(Cl)ccc1C1COc2ccc3cc2N(C1)CC1CCC1C(CCCO)(OC)C=CCC(C)C(C)[S+]([O-])NC3=O,0.220606185036895,binned_cosine_1Da,43,False,predicted_spectrum,1074
CASMI2022,massformer,completed,5,5,11,CASMI_MOL_1196792,CASMI_MOL_25857,25857,CCCc1cc(Cl)ccc1C1(C)COc2ccc3cc2N(CC2CCC2C(O)(CCC)C=CCC(C)C(C)S(=O)(=O)NC3=O)C1,0.21597887572752705,binned_cosine_1Da,44,False,predicted_spectrum,1074
CASMI2022,massformer,completed,5,5,11,CASMI_MOL_1196792,CASMI_MOL_26148,26148,CCCc1cc(Cl)ccc1C1(C)COc2ccc3cc2N(CC2CCC2C(O)(CCC)C=CCC(C)C(C)S(=O)(=O)NC3=O)C1,0.21597887572752705,binned_cosine_1Da,45,False,predicted_spectrum,1074
CASMI2022,massformer,completed,5,5,11,CASMI_MOL_1196792,CASMI_MOL_26003,26003,COc1ccc2cc1OCCn1nc(-c3ccccc3)nc1C(C)NC(=O)CN(C(=O)CCn1nc(C)c(C(C)=O)c1C)CCNC2=O,0.2149531137015659,binned_cosine_1Da,46,False,predicted_spectrum,1074
CASMI2022,massformer,completed,5,5,11,CASMI_MOL_1196792,CASMI_MOL_26536,26536,Cc1ccc(NC(=O)c2ccc(CN3CCN(C)CC3)c(C(F)(F)F)c2)cc1NC(=O)N(C)c1cc(N(C(=O)O)C(C)(C)C)ncn1,0.2134082377167599,binned_cosine_1Da,47,False,predicted_spectrum,1074
CASMI2022,massformer,completed,5,5,11,CASMI_MOL_1196792,CASMI_MOL_26043,26043,Cc1ccc(C(OCc2cn(CC3CCN(C(N)=O)CC3)nn2)C(C)(C)C(=O)O)cc1CN1CC(C)Oc2ccccc2S1(O)O,0.21338922764264096,binned_cosine_1Da,48,False,predicted_spectrum,1074
CASMI2022,massformer,completed,5,5,11,CASMI_MOL_1196792,CASMI_MOL_25867,25867,Cc1nn(-c2ccccc2)c(C)c1CC(=O)N1CCc2cc3ccc2C1c1ccc(cc1)OCCCNC(=O)CCc1ccc(O)c(c1)O3,0.21303612711501457,binned_cosine_1Da,49,False,predicted_spectrum,1074
CASMI2022,massformer,completed,5,5,11,CASMI_MOL_1196792,CASMI_MOL_26606,26606,CCCc1cc2c(c(CCC)c1OCCCCN1C(=O)NC(C)(c3ccc(C(C)(C)C)cc3)C1=O)COC2(C(F)(F)F)C(F)(F)F,0.211160832187248,binned_cosine_1Da,50,False,predicted_spectrum,1074
CASMI2022,massformer,completed,5,5,11,CASMI_MOL_1196792,CASMI_MOL_26815,26815,CC1CCC2C(CC3(Cc4ccc(F)cc4)C(=O)OC4OC5(C)CCC6C(C)CCC3C46OO5)C(=O)OC3OC4(C)CCC1C32OO4,0.2087481704835125,binned_cosine_1Da,51,False,predicted_spectrum,1074
CASMI2022,massformer,completed,5,5,11,CASMI_MOL_1196792,CASMI_MOL_26331,26331,CC1CCC2C(CC3(Cc4ccc(F)cc4)C(=O)OC4OC5(C)CCC6C(C)CCC3C46OO5)C(=O)OC3OC4(C)CCC1C32OO4,0.20874816093227183,binned_cosine_1Da,52,False,predicted_spectrum,1074
CASMI2022,massformer,completed,5,5,11,CASMI_MOL_1196792,CASMI_MOL_26706,26706,CC1CCC2C(CC3(Cc4ccc(F)cc4)C(=O)OC4OC5(C)CCC6C(C)CCC3C46OO5)C(=O)OC3OC4(C)CCC1C32OO4,0.20874816093227183,binned_cosine_1Da,53,False,predicted_spectrum,1074
CASMI2022,massformer,completed,5,5,11,CASMI_MOL_1196792,CASMI_MOL_26818,26818,CC1CCC2C(CC3(Cc4cccc(F)c4)C(=O)OC4OC5(C)CCC6C(C)CCC3C46OO5)C(=O)OC3OC4(C)CCC1C32OO4,0.20834615437816784,binned_cosine_1Da,54,False,predicted_spectrum,1074
CASMI2022,massformer,completed,5,5,11,CASMI_MOL_1196792,CASMI_MOL_26330,26330,CC1CCC2C(CC3(Cc4cccc(F)c4)C(=O)OC4OC5(C)CCC6C(C)CCC3C46OO5)C(=O)OC3OC4(C)CCC1C32OO4,0.2083461325618262,binned_cosine_1Da,55,False,predicted_spectrum,1074
CASMI2022,massformer,completed,5,5,11,CASMI_MOL_1196792,CASMI_MOL_26705,26705,CC1CCC2C(CC3(Cc4cccc(F)c4)C(=O)OC4OC5(C)CCC6C(C)CCC3C46OO5)C(=O)OC3OC4(C)CCC1C32OO4,0.2083461325618262,binned_cosine_1Da,56,False,predicted_spectrum,1074
CASMI2022,massformer,completed,5,5,11,CASMI_MOL_1196792,CASMI_MOL_26107,26107,CCCc1cc(Cl)ccc1C1COc2ccc3cc2N(C1)CC1CCC1C(CC(C)C(=O)O)CCCC(C)C(C)[S+]([O-])NC3=O,0.2079655525484062,binned_cosine_1Da,57,False,predicted_spectrum,1074
CASMI2022,massformer,completed,5,5,11,CASMI_MOL_1196792,CASMI_MOL_25908,25908,CC1=C(c2cc(F)c(OC3CCN(C(=O)CC#N)CC3F)c(C#N)c2)N=C(Nc2ccc(N3CCN(C4COC4)CC3)cc2)N=CCC1,0.20740156007681895,binned_cosine_1Da,58,False,predicted_spectrum,1074
CASMI2022,massformer,completed,5,5,11,CASMI_MOL_1196792,CASMI_MOL_25966,25966,C=S1(=O)NC(=O)c2ccc3c(c2)N(CC2CCC2C(O)(COCC)CCCC(C)C1C)CC1(CCCc2cc(Cl)ccc21)CO3,0.20668065270837666,binned_cosine_1Da,59,False,predicted_spectrum,1074
CASMI2022,massformer,completed,5,5,11,CASMI_MOL_1196792,CASMI_MOL_26020,26020,CC(=O)N1CCC(c2ccc(C(Oc3cc(N4CCC5(CC4)CNC(C(=O)O)C5)nc(N)n3)C(F)(F)F)c(-n3ccc(C)n3)c2)CC1,0.20647896159606502,binned_cosine_1Da,60,False,predicted_spectrum,1074
CASMI2022,massformer,completed,5,5,11,CASMI_MOL_1196792,CASMI_MOL_26278,26278,CC(=O)N1CCC(c2ccc(C(Oc3cc(N4CCC5(CC4)CNC(C(=O)O)C5)nc(N)n3)C(F)(F)F)c(-n3ccc(C)n3)c2)CC1,0.20647896159606502,binned_cosine_1Da,61,False,predicted_spectrum,1074
CASMI2022,massformer,completed,5,5,11,CASMI_MOL_1196792,CASMI_MOL_26277,26277,CC(=O)N1CCC(c2ccc(C(Oc3cc(N4CCC5(CC4)CNC(C(=O)O)C5)nc(N)n3)C(F)(F)F)c(-n3ccc(C)n3)c2)CC1,0.20647892465651246,binned_cosine_1Da,62,False,predicted_spectrum,1074
CASMI2022,massformer,completed,5,5,11,CASMI_MOL_1196792,CASMI_MOL_25816,25816,C=C(C)C(=O)OCC([NH3+])C(=O)NC(CCC[NH+]=C(N)N)C(=O)CCC(=O)NC(CC([O-])O)C(=O)CC(COC(=O)C(=C)C)C(=O)[O-],0.20243291499309188,binned_cosine_1Da,63,False,predicted_spectrum,1074
CASMI2022,massformer,completed,5,5,11,CASMI_MOL_1196792,CASMI_MOL_26164,26164,COc1cccc2c1OCCCn1cc(nn1)CCN(C(=O)Cc1c(C)[nH]c(C)nc1=O)CCNC(=O)C(Cc1ccccc1)NC2=O,0.20229213842339888,binned_cosine_1Da,64,False,predicted_spectrum,1074
CASMI2022,massformer,completed,5,5,11,CASMI_MOL_1196792,CASMI_MOL_25994,25994,CC(C)CC(NC(=O)CCOCCOCCNC(=O)CCN1C(=O)C=CC1=O)C(=O)NC(CCC(N)=O)C(=O)NCOCC(=O)O,0.20218604960291214,binned_cosine_1Da,65,False,predicted_spectrum,1074
CASMI2022,massformer,completed,5,5,11,CASMI_MOL_1196792,CASMI_MOL_25993,25993,CC(C)CC(NC(=O)CCOCCOCCNC(=O)CCN1C(=O)C=CC1=O)C(=O)NC(CCC(N)=O)C(=O)NCOCC(=O)O,0.20218590576274878,binned_cosine_1Da,66,False,predicted_spectrum,1074
CASMI2022,massformer,completed,5,5,11,CASMI_MOL_1196792,CASMI_MOL_26336,26336,C=CCc1cc(N=Nc2ccc(C)cc2)cc2c1OCCCOc1c(CC=C)cc(N=Nc3ccc(C)cc3)cc1C(=O)NCCNC2=O,0.201509839377089,binned_cosine_1Da,67,False,predicted_spectrum,1074
CASMI2022,massformer,completed,5,5,11,CASMI_MOL_1196792,CASMI_MOL_25817,25817,Cc1ccc(C2(N3C(=O)C(CC(C)(C)C)(c4ccc(-c5cnn(C(F)F)c5)cc4)N=C3N)CC2OC(=O)NC2CC2)cc1-c1c[nH]cn1,0.2002485322636732,binned_cosine_1Da,68,False,predicted_spectrum,1074
CASMI2022,massformer,completed,5,5,11,CASMI_MOL_1196792,CASMI_MOL_26105,26105,CCCc1cc(Cl)ccc1C1COc2ccc3cc2N(C1)CC1CCC1C(OC)(C(C)(C)O)C=CCC(C)C(C)[S+]([O-])NC3=O,0.19863668196557582,binned_cosine_1Da,69,False,predicted_spectrum,1074
CASMI2022,massformer,completed,5,5,11,CASMI_MOL_1196792,CASMI_MOL_26108,26108,CCC1C(C)CN(C)CC2(CCCc3cc(Cl)ccc32)COc2ccc(cc2)C(=O)N[S+]([O-])C(C)C(C)CC=CC1(C=O)OC,0.19850797142274734,binned_cosine_1Da,70,False,predicted_spectrum,1074
CASMI2022,massformer,completed,5,5,11,CASMI_MOL_1196792,CASMI_MOL_26195,26195,O=C1CC(C(=O)NCC2(c3cccc(F)c3)CCOCC2)NC(=O)c2ccccc2OCC2CCCN2C(=O)C(Cc2ccccc2)N1,0.19817015079821837,binned_cosine_1Da,71,False,predicted_spectrum,1074
CASMI2022,massformer,completed,5,5,11,CASMI_MOL_1196792,CASMI_MOL_26279,26279,COc1cc2c(cc1OCCCCCCCOc1ccc(-n3c(-c4ccccc4)nc4ccccc4c3=O)cc1)N=CC1CCCN1C2=O,0.19814928712660657,binned_cosine_1Da,72,False,predicted_spectrum,1074
CASMI2022,massformer,completed,5,5,11,CASMI_MOL_1196792,CASMI_MOL_26038,26038,CCCCC1(O)CCCC(C)C(C)S(=O)(=O)NC(=O)c2ccc3c(c2)N(CC2CCC21)CC1(CCCc2cc(Cl)ccc21)CO3,0.1979018220631657,binned_cosine_1Da,73,False,predicted_spectrum,1074
CASMI2022,massformer,completed,5,5,11,CASMI_MOL_1196792,CASMI_MOL_26149,26149,CCCCC1(O)CCCC(C)C(C)S(=O)(=O)NC(=O)c2ccc3c(c2)N(CC2CCC21)CC1(CCCc2cc(Cl)ccc21)CO3,0.1979018220631657,binned_cosine_1Da,74,False,predicted_spectrum,1074
CASMI2022,massformer,completed,5,5,11,CASMI_MOL_1196792,CASMI_MOL_26039,26039,CC(C)COC1(C)C=CCC(C)C(C)S(=O)(=O)NC(=O)c2ccc3c(c2)N(CCCCc2cc(Cl)ccc2CO3)CC2CCC21,0.1975501581207657,binned_cosine_1Da,75,False,predicted_spectrum,1074
CASMI2022,massformer,completed,5,5,11,CASMI_MOL_1196792,CASMI_MOL_26271,26271,CC1CC(=O)N(Cc2ccc(-c3ccc(C4CCC(C(C)(C)C)CN4C(=O)O)o3)cc2Oc2ccc(-c3nnc(C(C)C)s3)cc2)C1,0.19717033527738928,binned_cosine_1Da,76,False,predicted_spectrum,1074
CASMI2022,massformer,completed,5,5,11,CASMI_MOL_1196792,CASMI_MOL_26151,26151,C=CCCC1(O)C=CCC(C)C(C)S(=O)(=O)NC(=O)c2ccc3c(c2)N(CCCCC(=CC(Cl)=CC)C(=C)CO3)CC2CCC21,0.1959206721088883,binned_cosine_1Da,77,False,predicted_spectrum,1074
CASMI2022,massformer,completed,5,5,11,CASMI_MOL_1196792,CASMI_MOL_25952,25952,CC(C)(C)c1cc(NC(=O)NC2CCC(Oc3ccc4nnc(C(=O)N5CCOCC5)n4c3)c3ccccc32)nc(C(=O)CCCO)n1,0.1948030720668048,binned_cosine_1Da,78,False,predicted_spectrum,1074
CASMI2022,massformer,completed,5,5,11,CASMI_MOL_1196792,CASMI_MOL_26561,26561,C=CCOC(=O)C(CCC(C)=O)NC(=O)C(CC)NC(=O)CNC(=O)C(CC(=O)OC)NC(=O)C(C)NC(=O)C(N)CC(=O)OC,0.1943213521039781,binned_cosine_1Da,79,False,predicted_spectrum,1074
CASMI2022,massformer,completed,5,5,11,CASMI_MOL_1196792,CASMI_MOL_26110,26110,CCC=CC(OC)(C1CCC1CN1CC2(CCCc3cc(Cl)ccc32)COc2ccc(C(=O)N[S+]([O-])C(C)C)cc21)C(C)(C)O,0.19356467267574942,binned_cosine_1Da,80,False,predicted_spectrum,1074
CASMI2022,massformer,completed,5,5,11,CASMI_MOL_1196792,CASMI_MOL_26257,26257,CC(COC(=O)CCCC=CCC1C(O)CC(O)C1C=CC(F)(F)COc1ccccc1)NC(=O)OCCCCCCO[N+](=O)[O-],0.19223658828964474,binned_cosine_1Da,81,False,predicted_spectrum,1074
CASMI2022,massformer,completed,5,5,11,CASMI_MOL_1196792,CASMI_MOL_26255,26255,CC(COC(=O)CCCC=CCC1C(O)CC(O)C1C=CC(F)(F)COc1ccccc1)NC(=O)OCCCCCCO[N+](=O)[O-],0.19223658803351584,binned_cosine_1Da,82,False,predicted_spectrum,1074
CASMI2022,massformer,completed,5,5,11,CASMI_MOL_1196792,CASMI_MOL_26256,26256,CC(COC(=O)CCCC=CCC1C(O)CC(O)C1C=CC(F)(F)COc1ccccc1)NC(=O)OCCCCCCO[N+](=O)[O-],0.19223658803351584,binned_cosine_1Da,83,False,predicted_spectrum,1074
CASMI2022,massformer,completed,5,5,11,CASMI_MOL_1196792,CASMI_MOL_26222,26222,C=C1C(=CC(Cl)=CC)CCCC12COc1ccc3cc1N(CC1CCC1C(O)C=CCC(C)C(CC(C)C)S(=O)(=O)NC3=O)C2,0.19120070178328985,binned_cosine_1Da,84,False,predicted_spectrum,1074
CASMI2022,massformer,completed,5,5,11,CASMI_MOL_1196792,CASMI_MOL_26104,26104,CCC=CC(CC(=O)OC)C1CCC1CN1CC(c2ccc(Cl)cc2CCCC)COc2ccc(C(=O)N[S+]([O-])C(C)C)cc21,0.18941553954109797,binned_cosine_1Da,85,False,predicted_spectrum,1074
CASMI2022,massformer,completed,5,5,11,CASMI_MOL_1196792,CASMI_MOL_26021,26021,CCCc1cc(Cl)ccc1C1COc2ccc(C(=O)O)cc2N(CC2CCC2C(OCCOC)C2=CC(C(C)C(C)SN)C2)C1,0.18908936211321006,binned_cosine_1Da,86,False,predicted_spectrum,1074
CASMI2022,massformer,completed,5,5,11,CASMI_MOL_1196792,CASMI_MOL_26704,26704,Cc1cc(C(=O)NC2CCC(NC(=O)c3cc(F)cnc3Oc3cccc(-c4ccc(O)cc4CN4CCCOCC4)c3)CC2)nn1C,0.1888772703291608,binned_cosine_1Da,87,False,predicted_spectrum,1074
CASMI2022,massformer,completed,5,5,11,CASMI_MOL_1196792,CASMI_MOL_26214,26214,COCCOc1ccc(CC(=O)Nc2ccc(C3CCCC(c4ccc(NC(=O)Cc5ccc(OCCOC)cn5)nn4)C3)nn2)nc1,0.18855541634006637,binned_cosine_1Da,88,False,predicted_spectrum,1074
CASMI2022,massformer,completed,5,5,11,CASMI_MOL_1196792,CASMI_MOL_26247,26247,COCCOc1ccc(CC(=O)Nc2ccc(C3CCCC(c4ccc(NC(=O)Cc5ccc(OCCOC)cn5)nn4)C3)nn2)nc1,0.18855541634006637,binned_cosine_1Da,89,False,predicted_spectrum,1074
CASMI2022,massformer,completed,5,5,11,CASMI_MOL_1196792,CASMI_MOL_25864,25864,Cc1ccc(C(CC(=O)O)c2cc(C3CCC(C4CCCC4)C3)c3c(c2)nnn3C)cc1CN1CC(C)Oc2ccccc2S1(=O)=O,0.1881311187336201,binned_cosine_1Da,90,False,predicted_spectrum,1074
CASMI2022,massformer,completed,5,5,11,CASMI_MOL_1196792,CASMI_MOL_25858,25858,CCCc1cc(Cl)ccc1C1(C)COc2ccc3cc2N(CC2CCC2C(O)(C(C)C)C=CCC(C)C(C)S(=O)(=O)NC3=O)C1,0.18628249152801368,binned_cosine_1Da,91,False,predicted_spectrum,1074
CASMI2022,massformer,completed,5,5,11,CASMI_MOL_1196792,CASMI_MOL_26109,26109,CCCc1cc(Cl)ccc1C1COc2ccc3cc2N(C1)CC1CCC1C(COCCOC)C=CCC(C)C(C)[S+]([O-])NC3=O,0.18609830346385367,binned_cosine_1Da,92,False,predicted_spectrum,1074
CASMI2022,massformer,completed,5,5,11,CASMI_MOL_1196792,CASMI_MOL_25946,25946,CC(C)(C)OC1OC(C(=O)O)C(C(CNN)OC(C(=O)O)C(CNN)OC2OC(C(=O)O)C(C(C)(C)C)C(O)C2O)C(O)C1O,0.18514405517970806,binned_cosine_1Da,93,False,predicted_spectrum,1074
CASMI2022,massformer,completed,5,5,11,CASMI_MOL_1196792,CASMI_MOL_26135,26135,CC(C)(C)OC1OC(C(=O)O)C(C(CNN)OC(C(=O)O)C(CNN)OC2OC(C(=O)O)C(C(C)(C)C)C(O)C2O)C(O)C1O,0.18514405517970806,binned_cosine_1Da,94,False,predicted_spectrum,1074
CASMI2022,massformer,completed,5,5,11,CASMI_MOL_1196792,CASMI_MOL_26578,26578,CC(C)(C)OC1OC(C(=O)O)C(C(CNN)OC(C(=O)O)C(CNN)OC2OC(C(=O)O)C(C(C)(C)C)C(O)C2O)C(O)C1O,0.1851440312585452,binned_cosine_1Da,95,False,predicted_spectrum,1074
CASMI2022,massformer,completed,5,5,11,CASMI_MOL_1196792,CASMI_MOL_26071,26071,CN1CCN(C(=O)OCc2cc(F)c(F)cc2-c2ccc3nc(N)nc(C(=O)N4Cc5ccc(N6CCN(C)CC6)cc5C4)c3c2)CC1,0.184620655199814,binned_cosine_1Da,96,False,predicted_spectrum,1074
CASMI2022,massformer,completed,5,5,11,CASMI_MOL_1196792,CASMI_MOL_26265,26265,Cc1cc(C2C=NC(c3ccc(CC(NC(=O)c4ccc(C(C)(C)C)s4)C(=O)N4CCC(C(=O)O)C4)cc3)N=C2)ccc1OC(C)C,0.18422103097531828,binned_cosine_1Da,97,False,predicted_spectrum,1074
CASMI2022,massformer,completed,5,5,11,CASMI_MOL_1196792,CASMI_MOL_25973,25973,C=S1(=O)NC(=O)c2ccc3c(c2)N(CC2CCC2C(OC)(C(C)O)CCCC(C)C1C)CC1(CCCc2cc(Cl)ccc21)CO3,0.18308229852144223,binned_cosine_1Da,98,False,predicted_spectrum,1074
CASMI2022,massformer,completed,5,5,11,CASMI_MOL_1196792,CASMI_MOL_25976,25976,C=S1(=O)NC(=O)c2ccc3c(c2)N(CC2CCC2C(OC)(C(C)O)CCCC(C)C1C)CC1(CCCc2cc(Cl)ccc21)CO3,0.18308229852144223,binned_cosine_1Da,99,False,predicted_spectrum,1074
CASMI2022,massformer,completed,5,5,11,CASMI_MOL_1196792,CASMI_MOL_26523,26523,CCCOc1ccccc1C(=O)N1CCCC1c1nc2cc(C#Cc3ccc4[nH]c(C5CCCN5C(=O)C5CCCO5)nc4c3)ccc2[nH]1,0.18279656426558988,binned_cosine_1Da,100,False,predicted_spectrum,1074
CASMI2022,massformer,completed,5,5,11,CASMI_MOL_1196792,CASMI_MOL_1196792,1196792,CCCC(=O)OCC(OC(=O)CCC)C(OC(=O)CCC)C(Cn1c2nc(=O)[nH]c(=O)c-2nc2cc(C)c(C)cc21)OC(=O)CCC,0.09173553072256821,binned_cosine_1Da,609,True,predicted_spectrum,1074
CASMI2022,massformer,completed,6,6,15,CASMI_MOL_1196793,CASMI_MOL_28235,28235,CC(C)COC1(OCC(C)C)OCC(=O)C2(CCC3C4CC=C5CC(=O)CCC5(C)C4C(O)CC32C)O1,0.651244338304711,binned_cosine_1Da,1,False,predicted_spectrum,1524
CASMI2022,massformer,completed,6,6,15,CASMI_MOL_1196793,CASMI_MOL_28382,28382,CC(C)(O)CCC1OC(C)(C)OC1(C)C1CCC2(O)C3=C(CCC12C)C(C)(CC=O)C(CC=O)C(=O)C3,0.650362630490517,binned_cosine_1Da,2,False,predicted_spectrum,1524
CASMI2022,massformer,completed,6,6,15,CASMI_MOL_1196793,CASMI_MOL_27335,27335,COC(=O)OC1CC2=CC=C3C4CCC(C(C)OCCC(C)C)C4(C)CCC3C2(C)C(OC(=O)OC)C1,0.6411970990353986,binned_cosine_1Da,3,False,predicted_spectrum,1524
CASMI2022,massformer,completed,6,6,15,CASMI_MOL_1196793,CASMI_MOL_26894,26894,CC(C)(O)C=CC(=O)C(C)(O)C1C(O)CC2(C)C3CC=C4C(CC(O)C(O)C4(C)C)C3(C)C(=O)CC12C,0.6410186845249314,binned_cosine_1Da,4,False,predicted_spectrum,1524
CASMI2022,massformer,completed,6,6,15,CASMI_MOL_1196793,CASMI_MOL_26972,26972,CC(C)(O)C=CC(=O)C(C)(O)C1C(O)CC2(C)C3CC=C4C(CC(O)C(O)C4(C)C)C3(C)C(=O)CC12C,0.6410186845249314,binned_cosine_1Da,5,False,predicted_spectrum,1524
CASMI2022,massformer,completed,6,6,15,CASMI_MOL_1196793,CASMI_MOL_26993,26993,CC(C)(O)C=CC(=O)C(C)(O)C1C(O)CC2(C)C3CC=C4C(CC(O)C(O)C4(C)C)C3(C)C(=O)CC12C,0.6410186845249314,binned_cosine_1Da,6,False,predicted_spectrum,1524
CASMI2022,massformer,completed,6,6,15,CASMI_MOL_1196793,CASMI_MOL_26996,26996,CC(C)(O)C=CC(=O)C(C)(O)C1C(O)CC2(C)C3CC=C4C(CC(O)C(O)C4(C)C)C3(C)C(=O)CC12C,0.6410186845249314,binned_cosine_1Da,7,False,predicted_spectrum,1524
CASMI2022,massformer,completed,6,6,15,CASMI_MOL_1196793,CASMI_MOL_27127,27127,CC(C)(O)C=CC(=O)C(C)(O)C1C(O)CC2(C)C3CC=C4C(CC(O)C(O)C4(C)C)C3(C)C(=O)CC12C,0.6410186845249314,binned_cosine_1Da,8,False,predicted_spectrum,1524
CASMI2022,massformer,completed,6,6,15,CASMI_MOL_1196793,CASMI_MOL_27128,27128,CC(C)(O)C=CC(=O)C(C)(O)C1C(O)CC2(C)C3CC=C4C(CC(O)C(O)C4(C)C)C3(C)C(=O)CC12C,0.6410186845249314,binned_cosine_1Da,9,False,predicted_spectrum,1524
CASMI2022,massformer,completed,6,6,15,CASMI_MOL_1196793,CASMI_MOL_27158,27158,CC(C)(O)C=CC(=O)C(C)(O)C1C(O)CC2(C)C3CC=C4C(CC(O)C(O)C4(C)C)C3(C)C(=O)CC12C,0.6410186845249314,binned_cosine_1Da,10,False,predicted_spectrum,1524
CASMI2022,massformer,completed,6,6,15,CASMI_MOL_1196793,CASMI_MOL_27686,27686,CC(C)(O)C=CC(=O)C(C)(O)C1C(O)CC2(C)C3CC=C4C(CC(O)C(O)C4(C)C)C3(C)C(=O)CC12C,0.6410186845249314,binned_cosine_1Da,11,False,predicted_spectrum,1524
CASMI2022,massformer,completed,6,6,15,CASMI_MOL_1196793,CASMI_MOL_27978,27978,CC(C)(O)C=CC(=O)C(C)(O)C1C(O)CC2(C)C3CC=C4C(CC(O)C(O)C4(C)C)C3(C)C(=O)CC12C,0.6410186845249314,binned_cosine_1Da,12,False,predicted_spectrum,1524
CASMI2022,massformer,completed,6,6,15,CASMI_MOL_1196793,CASMI_MOL_28041,28041,CC(C)(O)C=CC(=O)C(C)(O)C1C(O)CC2(C)C3CC=C4C(CC(O)C(O)C4(C)C)C3(C)C(=O)CC12C,0.6410186845249314,binned_cosine_1Da,13,False,predicted_spectrum,1524
CASMI2022,massformer,completed,6,6,15,CASMI_MOL_1196793,CASMI_MOL_28236,28236,CC(C)(O)C=CC(=O)C(C)(O)C1C(O)CC2(C)C3CC=C4C(CC(O)C(O)C4(C)C)C3(C)C(=O)CC12C,0.6410186845249314,binned_cosine_1Da,14,False,predicted_spectrum,1524
CASMI2022,massformer,completed,6,6,15,CASMI_MOL_1196793,CASMI_MOL_28326,28326,CC(C)(O)C=CC(=O)C(C)(O)C1C(O)CC2(C)C3CC=C4C(CC(O)C(O)C4(C)C)C3(C)C(=O)CC12C,0.6410186845249314,binned_cosine_1Da,15,False,predicted_spectrum,1524
CASMI2022,massformer,completed,6,6,15,CASMI_MOL_1196793,CASMI_MOL_28332,28332,CC(C)(O)C=CC(=O)C(C)(O)C1C(O)CC2(C)C3CC=C4C(CC(O)C(O)C4(C)C)C3(C)C(=O)CC12C,0.6410186845249314,binned_cosine_1Da,16,False,predicted_spectrum,1524
CASMI2022,massformer,completed,6,6,15,CASMI_MOL_1196793,CASMI_MOL_28392,28392,CC(C)(O)C=CC(=O)C(C)(O)C1C(O)CC2(C)C3CC=C4C(CC(O)C(O)C4(C)C)C3(C)C(=O)CC12C,0.6410186845249314,binned_cosine_1Da,17,False,predicted_spectrum,1524
CASMI2022,massformer,completed,6,6,15,CASMI_MOL_1196793,CASMI_MOL_28395,28395,CC(C)(O)C=CC(=O)C(C)(O)C1C(O)CC2(C)C3CC=C4C(CC(O)C(O)C4(C)C)C3(C)C(=O)CC12C,0.6410186845249314,binned_cosine_1Da,18,False,predicted_spectrum,1524
CASMI2022,massformer,completed,6,6,15,CASMI_MOL_1196793,CASMI_MOL_26992,26992,CC(C)(O)C=CC(=O)C(C)(O)C1C(O)CC2(C)C3CC=C4C(CC(O)C(O)C4(C)C)C3(C)C(=O)CC12C,0.6410186834724043,binned_cosine_1Da,19,False,predicted_spectrum,1524
CASMI2022,massformer,completed,6,6,15,CASMI_MOL_1196793,CASMI_MOL_26995,26995,CC(C)(O)C=CC(=O)C(C)(O)C1C(O)CC2(C)C3CC=C4C(CC(O)C(O)C4(C)C)C3(C)C(=O)CC12C,0.6410186834724043,binned_cosine_1Da,20,False,predicted_spectrum,1524
CASMI2022,massformer,completed,6,6,15,CASMI_MOL_1196793,CASMI_MOL_27079,27079,CC(C)(O)C=CC(=O)C(C)(O)C1C(O)CC2(C)C3CC=C4C(CC(O)C(O)C4(C)C)C3(C)C(=O)CC12C,0.6410186834724043,binned_cosine_1Da,21,False,predicted_spectrum,1524
CASMI2022,massformer,completed,6,6,15,CASMI_MOL_1196793,CASMI_MOL_27388,27388,CC(C)(O)C=CC(=O)C(C)(O)C1C(O)CC2(C)C3CC=C4C(CC(O)C(O)C4(C)C)C3(C)C(=O)CC12C,0.6410186834724043,binned_cosine_1Da,22,False,predicted_spectrum,1524
CASMI2022,massformer,completed,6,6,15,CASMI_MOL_1196793,CASMI_MOL_27391,27391,CC(C)(O)C=CC(=O)C(C)(O)C1C(O)CC2(C)C3CC=C4C(CC(O)C(O)C4(C)C)C3(C)C(=O)CC12C,0.6410186834724043,binned_cosine_1Da,23,False,predicted_spectrum,1524
CASMI2022,massformer,completed,6,6,15,CASMI_MOL_1196793,CASMI_MOL_27688,27688,CC(C)(O)C=CC(=O)C(C)(O)C1C(O)CC2(C)C3CC=C4C(CC(O)C(O)C4(C)C)C3(C)C(=O)CC12C,0.6410186834724043,binned_cosine_1Da,24,False,predicted_spectrum,1524
CASMI2022,massformer,completed,6,6,15,CASMI_MOL_1196793,CASMI_MOL_27935,27935,CC(C)(O)C=CC(=O)C(C)(O)C1C(O)CC2(C)C3CC=C4C(CC(O)C(O)C4(C)C)C3(C)C(=O)CC12C,0.6410186834724043,binned_cosine_1Da,25,False,predicted_spectrum,1524
CASMI2022,massformer,completed,6,6,15,CASMI_MOL_1196793,CASMI_MOL_28331,28331,CC(C)(O)C=CC(=O)C(C)(O)C1C(O)CC2(C)C3CC=C4C(CC(O)C(O)C4(C)C)C3(C)C(=O)CC12C,0.6410186834724043,binned_cosine_1Da,26,False,predicted_spectrum,1524
CASMI2022,massformer,completed,6,6,15,CASMI_MOL_1196793,CASMI_MOL_27129,27129,CC(C)(O)C=CC(=O)C(C)(O)C1C(O)CC2(C)C3CC=C4C(CC(O)C(O)C4(C)C)C3(C)C(=O)CC12C,0.6410186708739724,binned_cosine_1Da,27,False,predicted_spectrum,1524
CASMI2022,massformer,completed,6,6,15,CASMI_MOL_1196793,CASMI_MOL_27519,27519,CC(C)(O)C=CC(=O)C(C)(O)C1C(O)CC2(C)C3CC=C4C(CC(O)C(O)C4(C)C)C3(C)C(=O)CC12C,0.6410186708739724,binned_cosine_1Da,28,False,predicted_spectrum,1524
CASMI2022,massformer,completed,6,6,15,CASMI_MOL_1196793,CASMI_MOL_28258,28258,CC(C)(O)C=CC(=O)C(C)(O)C1C(O)CC2(C)C3CC=C4C(CC(O)C(O)C4(C)C)C3(C)C(=O)CC12C,0.6410186708739724,binned_cosine_1Da,29,False,predicted_spectrum,1524
CASMI2022,massformer,completed,6,6,15,CASMI_MOL_1196793,CASMI_MOL_28297,28297,CC(C)(O)C=CC(=O)C(C)(O)C1C(O)CC2(C)C3CC=C4C(CC(O)C(O)C4(C)C)C3(C)C(=O)CC12C,0.6410186708739724,binned_cosine_1Da,30,False,predicted_spectrum,1524
CASMI2022,massformer,completed,6,6,15,CASMI_MOL_1196793,CASMI_MOL_26991,26991,CC(C)(O)C=CC(=O)C(C)(O)C1C(O)CC2(C)C3CC=C4C(CC(O)C(O)C4(C)C)C3(C)C(=O)CC12C,0.6410186660627449,binned_cosine_1Da,31,False,predicted_spectrum,1524
CASMI2022,massformer,completed,6,6,15,CASMI_MOL_1196793,CASMI_MOL_26994,26994,CC(C)(O)C=CC(=O)C(C)(O)C1C(O)CC2(C)C3CC=C4C(CC(O)C(O)C4(C)C)C3(C)C(=O)CC12C,0.6410186660627449,binned_cosine_1Da,32,False,predicted_spectrum,1524
CASMI2022,massformer,completed,6,6,15,CASMI_MOL_1196793,CASMI_MOL_27222,27222,CC(C)(O)C=CC(=O)C(C)(O)C1C(O)CC2(C)C3CC=C4C(CC(O)C(O)C4(C)C)C3(C)C(=O)CC12C,0.6410186660627449,binned_cosine_1Da,33,False,predicted_spectrum,1524
CASMI2022,massformer,completed,6,6,15,CASMI_MOL_1196793,CASMI_MOL_27879,27879,CC(C)(O)C=CC(=O)C(C)(O)C1C(O)CC2(C)C3CC=C4C(CC(O)C(O)C4(C)C)C3(C)C(=O)CC12C,0.6410186660627449,binned_cosine_1Da,34,False,predicted_spectrum,1524
CASMI2022,massformer,completed,6,6,15,CASMI_MOL_1196793,CASMI_MOL_27934,27934,CC(C)(O)C=CC(=O)C(C)(O)C1C(O)CC2(C)C3CC=C4C(CC(O)C(O)C4(C)C)C3(C)C(=O)CC12C,0.6410186660627449,binned_cosine_1Da,35,False,predicted_spectrum,1524
CASMI2022,massformer,completed,6,6,15,CASMI_MOL_1196793,CASMI_MOL_28321,28321,CC(C)(O)C=CC(=O)C(C)(O)C1C(O)CC2(C)C3CC=C4C(CC(O)C(O)C4(C)C)C3(C)C(=O)CC12C,0.6410186660627449,binned_cosine_1Da,36,False,predicted_spectrum,1524
CASMI2022,massformer,completed,6,6,15,CASMI_MOL_1196793,CASMI_MOL_28042,28042,CC(=CC(O)CC(C)(O)C1C(O)CC2(C)C3CC=C4C(CC(=O)C(O)C4(C)C)C3(C)C(=O)CC12C)CO,0.6409335545357288,binned_cosine_1Da,37,False,predicted_spectrum,1524
CASMI2022,massformer,completed,6,6,15,CASMI_MOL_1196793,CASMI_MOL_27074,27074,CC(=CC(O)CC(C)(O)C1C(O)CC2(C)C3CC=C4C(CC(=O)C(O)C4(C)C)C3(C)C(=O)CC12C)CO,0.6409335343292109,binned_cosine_1Da,38,False,predicted_spectrum,1524
CASMI2022,massformer,completed,6,6,15,CASMI_MOL_1196793,CASMI_MOL_27638,27638,CC(=CC(O)CC(C)(O)C1C(O)CC2(C)C3CC=C4C(CC(=O)C(O)C4(C)C)C3(C)C(=O)CC12C)CO,0.6409335343292109,binned_cosine_1Da,39,False,predicted_spectrum,1524
CASMI2022,massformer,completed,6,6,15,CASMI_MOL_1196793,CASMI_MOL_27031,27031,CC(=CC(O)CC(C)(O)C1C(O)CC2(C)C3CC=C4C(CC(=O)C(O)C4(C)C)C3(C)C(=O)CC12C)CO,0.6409334989139246,binned_cosine_1Da,40,False,predicted_spectrum,1524
CASMI2022,massformer,completed,6,6,15,CASMI_MOL_1196793,CASMI_MOL_28022,28022,CC(=CC(O)CC(C)(O)C1C(O)CC2(C)C3CC=C4C(CC(=O)C(O)C4(C)C)C3(C)C(=O)CC12C)CO,0.6409334989139246,binned_cosine_1Da,41,False,predicted_spectrum,1524
CASMI2022,massformer,completed,6,6,15,CASMI_MOL_1196793,CASMI_MOL_28272,28272,CCOC(=O)OC1CCC2(C)C(CC=C3C2CC(OC(C)=O)C2(C)C3CCC2C(C)CCC(=O)OC)C1,0.6405269258865574,binned_cosine_1Da,42,False,predicted_spectrum,1524
CASMI2022,massformer,completed,6,6,15,CASMI_MOL_1196793,CASMI_MOL_27543,27543,CC1(C)CCC2(C(=O)O)CCC3(C)C(=CCC4C5(C)CC(O)C(O)C(C)(OC=O)C5CCC43C)C2C1O,0.6400335788443157,binned_cosine_1Da,43,False,predicted_spectrum,1524
CASMI2022,massformer,completed,6,6,15,CASMI_MOL_1196793,CASMI_MOL_27012,27012,CCCCCCC(C=C(C)C(O)C(C)C(=O)OC1CCC(C)C2(C)C=c3c(C)c(O)oc3=CC12O)CO,0.6399959615493157,binned_cosine_1Da,44,False,predicted_spectrum,1524
CASMI2022,massformer,completed,6,6,15,CASMI_MOL_1196793,CASMI_MOL_27073,27073,CCCCCCC(C=C(C)C(O)C(C)C(=O)OC1CCC(C)C2(C)C=c3c(C)c(O)oc3=CC12O)CO,0.6399959589082683,binned_cosine_1Da,45,False,predicted_spectrum,1524
CASMI2022,massformer,completed,6,6,15,CASMI_MOL_1196793,CASMI_MOL_27011,27011,CCCCCCC(C=C(C)C(O)C(C)C(=O)OC1CCC(C)C2(C)C=c3c(C)c(O)oc3=CC12O)CO,0.639995948689094,binned_cosine_1Da,46,False,predicted_spectrum,1524
CASMI2022,massformer,completed,6,6,15,CASMI_MOL_1196793,CASMI_MOL_28029,28029,CCCCCCC(C=C(C)C(O)C(C)C(=O)OC1CCC(C)C2(C)C=c3c(C)c(O)oc3=CC12O)CO,0.639995948689094,binned_cosine_1Da,47,False,predicted_spectrum,1524
CASMI2022,massformer,completed,6,6,15,CASMI_MOL_1196793,CASMI_MOL_27060,27060,CC1(O)CC(C=C(CO)CO)OC2CC3(C)C4CC=C5C(CC(O)C(O)C5(C)C)C4(C)C(=O)CC3(C)C21,0.6398687788105968,binned_cosine_1Da,48,False,predicted_spectrum,1524
CASMI2022,massformer,completed,6,6,15,CASMI_MOL_1196793,CASMI_MOL_27087,27087,CC1(O)CC(C=C(CO)CO)OC2CC3(C)C4CC=C5C(CC(O)C(O)C5(C)C)C4(C)C(=O)CC3(C)C21,0.6398687788105968,binned_cosine_1Da,49,False,predicted_spectrum,1524
CASMI2022,massformer,completed,6,6,15,CASMI_MOL_1196793,CASMI_MOL_28285,28285,CC1(O)CC(C=C(CO)CO)OC2CC3(C)C4CC=C5C(CC(O)C(O)C5(C)C)C4(C)C(=O)CC3(C)C21,0.6398687788105968,binned_cosine_1Da,50,False,predicted_spectrum,1524
CASMI2022,massformer,completed,6,6,15,CASMI_MOL_1196793,CASMI_MOL_27061,27061,CC1(O)CC(C=C(CO)CO)OC2CC3(C)C4CC=C5C(CC(O)C(O)C5(C)C)C4(C)C(=O)CC3(C)C21,0.639868763870753,binned_cosine_1Da,51,False,predicted_spectrum,1524
CASMI2022,massformer,completed,6,6,15,CASMI_MOL_1196793,CASMI_MOL_28079,28079,CC1(O)CC(C=C(CO)CO)OC2CC3(C)C4CC=C5C(CC(O)C(O)C5(C)C)C4(C)C(=O)CC3(C)C21,0.639868763870753,binned_cosine_1Da,52,False,predicted_spectrum,1524
CASMI2022,massformer,completed,6,6,15,CASMI_MOL_1196793,CASMI_MOL_27336,27336,COC(=O)OC1C=C2C=CC3C4CCC(C(C)OCCC(C)C)C4(C)CCC3C2(C)C(OC(=O)OC)C1,0.6392782839014914,binned_cosine_1Da,53,False,predicted_spectrum,1524
CASMI2022,massformer,completed,6,6,15,CASMI_MOL_1196793,CASMI_MOL_27063,27063,CC(C)(C=CCC(C(=O)O)C1C(O)CC2(C)C3=C(CCC12C)C1(C)CCC(O)C(C)(C)C1C(=O)C3)OO,0.6380034002535091,binned_cosine_1Da,54,False,predicted_spectrum,1524
CASMI2022,massformer,completed,6,6,15,CASMI_MOL_1196793,CASMI_MOL_27064,27064,CC(C)(C=CCC(C(=O)O)C1C(O)CC2(C)C3=C(CCC12C)C1(C)CCC(O)C(C)(C)C1C(=O)C3)OO,0.6380033898058819,binned_cosine_1Da,55,False,predicted_spectrum,1524
CASMI2022,massformer,completed,6,6,15,CASMI_MOL_1196793,CASMI_MOL_27039,27039,CC=C(C)C(=O)OC(C)C(C)(O)C(=O)OC1CC(C)(C)C2CC=C(C)C(CC=C(C)CC(=O)O)C2(C)C1,0.6378284404684876,binned_cosine_1Da,56,False,predicted_spectrum,1524
CASMI2022,massformer,completed,6,6,15,CASMI_MOL_1196793,CASMI_MOL_27040,27040,CC=C(C)C(=O)OC(C)C(C)(O)C(=O)OC1CC(C)(C)C2CC=C(C)C(CC=C(C)CC(=O)O)C2(C)C1,0.6378284146736382,binned_cosine_1Da,57,False,predicted_spectrum,1524
CASMI2022,massformer,completed,6,6,15,CASMI_MOL_1196793,CASMI_MOL_26980,26980,CC(=O)OOC1CC2C3(C)CCC4C(C)(C)CCCC4(C)C3CC(OC(C)=O)C2(C)C(C=O)C1C(C)=O,0.6372923580317351,binned_cosine_1Da,58,False,predicted_spectrum,1524
CASMI2022,massformer,completed,6,6,15,CASMI_MOL_1196793,CASMI_MOL_26979,26979,CC(=O)OOC1CC2C3(C)CCC4C(C)(C)CCCC4(C)C3CC(OC(C)=O)C2(C)C(C=O)C1C(C)=O,0.6372923452654105,binned_cosine_1Da,59,False,predicted_spectrum,1524
CASMI2022,massformer,completed,6,6,15,CASMI_MOL_1196793,CASMI_MOL_27387,27387,CC(C)(O)C=CC(=O)C(C)(O)C1C(O)CC2(C)C3CC=C4C(CC(=O)C(O)C4(C)C)C3(C)C(O)CC12C,0.6372605258323106,binned_cosine_1Da,60,False,predicted_spectrum,1524
CASMI2022,massformer,completed,6,6,15,CASMI_MOL_1196793,CASMI_MOL_27178,27178,CC(C)(O)C=CC(=O)C(C)(O)C1C(O)CC2(C)C3CC=C4C(CC(=O)C(O)C4(C)C)C3(C)C(O)CC12C,0.6372604930761829,binned_cosine_1Da,61,False,predicted_spectrum,1524
CASMI2022,massformer,completed,6,6,15,CASMI_MOL_1196793,CASMI_MOL_27476,27476,CC(C)(O)C=CC(=O)C(C)(O)C1C(O)CC2(C)C3CC=C4C(CC(=O)C(O)C4(C)C)C3(C)C(O)CC12C,0.6372604930761829,binned_cosine_1Da,62,False,predicted_spectrum,1524
CASMI2022,massformer,completed,6,6,15,CASMI_MOL_1196793,CASMI_MOL_26985,26985,CC(C)C(=CCC=O)CC(O)C(C)C1CCC2(O)C3=C(CCC12CO)C1(C)CC(O)C(O)CC1C(=O)C3,0.6364783205036054,binned_cosine_1Da,63,False,predicted_spectrum,1524
CASMI2022,massformer,completed,6,6,15,CASMI_MOL_1196793,CASMI_MOL_26986,26986,CC(C)C(=CCC=O)CC(O)C(C)C1CCC2(O)C3=C(CCC12CO)C1(C)CC(O)C(O)CC1C(=O)C3,0.6364783082119356,binned_cosine_1Da,64,False,predicted_spectrum,1524
CASMI2022,massformer,completed,6,6,15,CASMI_MOL_1196793,CASMI_MOL_28135,28135,CC(=O)OCC12CCC(OC(C)=O)CC1CC=C1C2CCC2(C)C(C(C)OC(=O)C(C)(C)C)CCC12O,0.6364280941707041,binned_cosine_1Da,65,False,predicted_spectrum,1524
CASMI2022,massformer,completed,6,6,15,CASMI_MOL_1196793,CASMI_MOL_27806,27806,CC(=O)OCC12CCC(OC(C)=O)CC1CC=C1C2CCC2(C)C(C(C)OC(=O)C(C)(C)C)CCC12O,0.6364280744300734,binned_cosine_1Da,66,False,predicted_spectrum,1524
CASMI2022,massformer,completed,6,6,15,CASMI_MOL_1196793,CASMI_MOL_27075,27075,CC(=CC1CC(C)(O)C2C(CC3(C)C4C(O)C=C5C(CC(O)C(O)C5(C)C)C4(C)C(=O)CC23C)O1)CO,0.636101724271202,binned_cosine_1Da,67,False,predicted_spectrum,1524
CASMI2022,massformer,completed,6,6,15,CASMI_MOL_1196793,CASMI_MOL_27637,27637,CC(=CC1CC(C)(O)C2C(CC3(C)C4C(O)C=C5C(CC(O)C(O)C5(C)C)C4(C)C(=O)CC23C)O1)CO,0.6361017075286322,binned_cosine_1Da,68,False,predicted_spectrum,1524
CASMI2022,massformer,completed,6,6,15,CASMI_MOL_1196793,CASMI_MOL_28043,28043,CC(=CC1CC(C)(O)C2C(CC3(C)C4C(O)C=C5C(CC(O)C(O)C5(C)C)C4(C)C(=O)CC23C)O1)CO,0.6361017075286322,binned_cosine_1Da,69,False,predicted_spectrum,1524
CASMI2022,massformer,completed,6,6,15,CASMI_MOL_1196793,CASMI_MOL_27034,27034,CCC1(C)C(C2CC(C)(C(=O)O)CC(O)C2C(=O)O)=CCC2C3(C)CCC(O)C(C)(C=O)C3CCC21C,0.6361012519858369,binned_cosine_1Da,70,False,predicted_spectrum,1524
CASMI2022,massformer,completed,6,6,15,CASMI_MOL_1196793,CASMI_MOL_27035,27035,CCC1(C)C(C2CC(C)(C(=O)O)CC(O)C2C(=O)O)=CCC2C3(C)CCC(O)C(C)(C=O)C3CCC21C,0.6361012388028635,binned_cosine_1Da,71,False,predicted_spectrum,1524
CASMI2022,massformer,completed,6,6,15,CASMI_MOL_1196793,CASMI_MOL_27607,27607,COC(=O)CCC(C)C1CCC2C3C(OC(=O)CCC(=O)CO)CC4CC(=O)CCC4(C)C3CCC12C,0.6355395451328084,binned_cosine_1Da,72,False,predicted_spectrum,1524
CASMI2022,massformer,completed,6,6,15,CASMI_MOL_1196793,CASMI_MOL_26977,26977,C=C(C)C1CC=C2C(=CCC3(C)C(C(CCC(O)C(C)(C)O)C(=O)O)C(O)CC23C)C1(C)CCC(=O)O,0.6355079342556903,binned_cosine_1Da,73,False,predicted_spectrum,1524
CASMI2022,massformer,completed,6,6,15,CASMI_MOL_1196793,CASMI_MOL_27221,27221,C=C(C)C1CC=C2C(=CCC3(C)C(C(CCC(O)C(C)(C)O)C(=O)O)C(O)CC23C)C1(C)CCC(=O)O,0.6355079175555308,binned_cosine_1Da,74,False,predicted_spectrum,1524
CASMI2022,massformer,completed,6,6,15,CASMI_MOL_1196793,CASMI_MOL_27262,27262,COC(=O)CCCC1CCC2C1(C)C(=O)CC1C2(C)C(OC(C)=O)CC2(C)CC(OC(C)=O)CCC12C,0.6352203523166211,binned_cosine_1Da,75,False,predicted_spectrum,1524
CASMI2022,massformer,completed,6,6,15,CASMI_MOL_1196793,CASMI_MOL_27051,27051,COC(=O)C12CCC3(C)C4CCC(=O)OCC4(C(C)O)CC(O)C3C1(C)CCC1(C)CC=C(C)CC12O,0.6350252894889141,binned_cosine_1Da,76,False,predicted_spectrum,1524
CASMI2022,massformer,completed,6,6,15,CASMI_MOL_1196793,CASMI_MOL_27052,27052,COC(=O)C12CCC3(C)C4CCC(=O)OCC4(C(C)O)CC(O)C3C1(C)CCC1(C)CC=C(C)CC12O,0.6350252638486407,binned_cosine_1Da,77,False,predicted_spectrum,1524
CASMI2022,massformer,completed,6,6,15,CASMI_MOL_1196793,CASMI_MOL_27684,27684,CC1(C)CCC2(C)CCC3(C)C(=CCC4C5(C)CC(O)C(O)C(C(=O)O)(C(=O)O)C5CCC43C)C2C1O,0.6346792765004436,binned_cosine_1Da,78,False,predicted_spectrum,1524
CASMI2022,massformer,completed,6,6,15,CASMI_MOL_1196793,CASMI_MOL_27470,27470,CCC1C(OC(C)=O)C2C(CC(=O)C3(C)C(C(COC(C)=O)CC(=O)OC)CCC23)C2(C)CCCCC12,0.6343779178964829,binned_cosine_1Da,79,False,predicted_spectrum,1524
CASMI2022,massformer,completed,6,6,15,CASMI_MOL_1196793,CASMI_MOL_28274,28274,COC(=O)CC1(C(=O)OC)CCC2(C)C(CCC3C4(C)CCC(OC(C)=O)C(C)(C)C4CCC32C)C1=O,0.6342592205423909,binned_cosine_1Da,80,False,predicted_spectrum,1524
CASMI2022,massformer,completed,6,6,15,CASMI_MOL_1196793,CASMI_MOL_28303,28303,COC(=O)C1(COC(C)=O)CCC2(C)C(CCC3C4(C)CCC(OC(C)=O)C(C)(C)C4CCC32C)C1=O,0.6342100030481462,binned_cosine_1Da,81,False,predicted_spectrum,1524
CASMI2022,massformer,completed,6,6,15,CASMI_MOL_1196793,CASMI_MOL_28271,28271,COC(=O)C1(COC(C)=O)CCC2(C)C(CCC3C4(C)CCC(OC(C)=O)C(C)(C)C4CCC32C)C1=O,0.634209999163779,binned_cosine_1Da,82,False,predicted_spectrum,1524
CASMI2022,massformer,completed,6,6,15,CASMI_MOL_1196793,CASMI_MOL_27363,27363,CC1(C)CCC2(C(=O)O)CCC3(C)C(=CCC4C5(C)C(=O)C(O)C(O)C(CO)(CO)C5CCC43C)C2C1,0.6335163109409229,binned_cosine_1Da,83,False,predicted_spectrum,1524
CASMI2022,massformer,completed,6,6,15,CASMI_MOL_1196793,CASMI_MOL_27603,27603,CC(=O)OC1CC(O)CC2=CCC3C4CCC(C(C)(O)C(O)CC5COC(=O)C5C)C4(C)CCC3C21C,0.6332481962167843,binned_cosine_1Da,84,False,predicted_spectrum,1524
CASMI2022,massformer,completed,6,6,15,CASMI_MOL_1196793,CASMI_MOL_28393,28393,CC(=O)OC1CC(O)CC2=CCC3C4CCC(C(C)(O)C(O)CC5COC(=O)C5C)C4(C)CCC3C21C,0.6332481962167843,binned_cosine_1Da,85,False,predicted_spectrum,1524
CASMI2022,massformer,completed,6,6,15,CASMI_MOL_1196793,CASMI_MOL_27465,27465,CC(=O)OC1CC(O)CC2=CCC3C4CCC(C(C)(O)C(O)CC5COC(=O)C5C)C4(C)CCC3C21C,0.6332481840338469,binned_cosine_1Da,86,False,predicted_spectrum,1524
CASMI2022,massformer,completed,6,6,15,CASMI_MOL_1196793,CASMI_MOL_26990,26990,CC(=O)OC1CC(O)CC2=CCC3C4CCC(C(C)(O)C(O)CC5COC(=O)C5C)C4(C)CCC3C21C,0.6332481471739869,binned_cosine_1Da,87,False,predicted_spectrum,1524
CASMI2022,massformer,completed,6,6,15,CASMI_MOL_1196793,CASMI_MOL_27045,27045,CC(CC(=O)CC(C)C1CC(O)C2(C)C3=C(C(=O)CC12C)C1(C)CCC(O)C(C)(CO)C1CC3)C(=O)O,0.6329004354216394,binned_cosine_1Da,88,False,predicted_spectrum,1524
CASMI2022,massformer,completed,6,6,15,CASMI_MOL_1196793,CASMI_MOL_27043,27043,CC(CC(=O)CC(C)C1CC(O)C2(C)C3=C(C(=O)CC12C)C1(C)CCC(O)C(C)(CO)C1CC3)C(=O)O,0.6329004343830591,binned_cosine_1Da,89,False,predicted_spectrum,1524
CASMI2022,massformer,completed,6,6,15,CASMI_MOL_1196793,CASMI_MOL_27044,27044,CC(CC(=O)CC(C)C1CC(O)C2(C)C3=C(C(=O)CC12C)C1(C)CCC(O)C(C)(CO)C1CC3)C(=O)O,0.6329004054121578,binned_cosine_1Da,90,False,predicted_spectrum,1524
CASMI2022,massformer,completed,6,6,15,CASMI_MOL_1196793,CASMI_MOL_27196,27196,CC(CC(=O)CC(C)C1CC(O)C2(C)C3=C(C(=O)CC12C)C1(C)CCC(O)C(C)(CO)C1CC3)C(=O)O,0.6329004054121578,binned_cosine_1Da,91,False,predicted_spectrum,1524
CASMI2022,massformer,completed,6,6,15,CASMI_MOL_1196793,CASMI_MOL_27993,27993,CC(CC(=O)CC(C)C1CC(O)C2(C)C3=C(C(=O)CC12C)C1(C)CCC(O)C(C)(CO)C1CC3)C(=O)O,0.6329004054121578,binned_cosine_1Da,92,False,predicted_spectrum,1524
CASMI2022,massformer,completed,6,6,15,CASMI_MOL_1196793,CASMI_MOL_28241,28241,CC(CC(=O)CC(C)C1CC(O)C2(C)C3=C(C(=O)CC12C)C1(C)CCC(O)C(C)(CO)C1CC3)C(=O)O,0.6329004054121578,binned_cosine_1Da,93,False,predicted_spectrum,1524
CASMI2022,massformer,completed,6,6,15,CASMI_MOL_1196793,CASMI_MOL_28242,28242,CC(CC(=O)CC(C)C1CC(O)C2(C)C3=C(C(=O)CC12C)C1(C)CCC(O)C(C)(CO)C1CC3)C(=O)O,0.6329004054121578,binned_cosine_1Da,94,False,predicted_spectrum,1524
CASMI2022,massformer,completed,6,6,15,CASMI_MOL_1196793,CASMI_MOL_27054,27054,CC1C2C3=CCC4C5(C)CC(O)C(O)C(C)(C(=O)O)C5CCC4(C)C3(C)CCC2(C(=O)O)CCC1(C)O,0.6322505308232618,binned_cosine_1Da,95,False,predicted_spectrum,1524
CASMI2022,massformer,completed,6,6,15,CASMI_MOL_1196793,CASMI_MOL_27633,27633,CC1C2C3=CCC4C5(C)CC(O)C(O)C(C)(C(=O)O)C5CCC4(C)C3(C)CCC2(C(=O)O)CCC1(C)O,0.6322505308232618,binned_cosine_1Da,96,False,predicted_spectrum,1524
CASMI2022,massformer,completed,6,6,15,CASMI_MOL_1196793,CASMI_MOL_27055,27055,CC1C2C3=CCC4C5(C)CC(O)C(O)C(C)(C(=O)O)C5CCC4(C)C3(C)CCC2(C(=O)O)CCC1(C)O,0.6322505232633895,binned_cosine_1Da,97,False,predicted_spectrum,1524
CASMI2022,massformer,completed,6,6,15,CASMI_MOL_1196793,CASMI_MOL_27056,27056,CC1C2C3=CCC4C5(C)CC(O)C(O)C(C)(C(=O)O)C5CCC4(C)C3(C)CCC2(C(=O)O)CCC1(C)O,0.6322505207759149,binned_cosine_1Da,98,False,predicted_spectrum,1524
CASMI2022,massformer,completed,6,6,15,CASMI_MOL_1196793,CASMI_MOL_27463,27463,CCC1C(OC(C)=O)C2C(CC(=O)C3(C)C(C(C)CC(=O)OC)CCC23)C2(C)CCC(OC(C)=O)CC12,0.6322167505779402,binned_cosine_1Da,99,False,predicted_spectrum,1524
CASMI2022,massformer,completed,6,6,15,CASMI_MOL_1196793,CASMI_MOL_27468,27468,CCC1C(OC(C)=O)C2C(CC(=O)C3(C)C(C(C)CC(=O)OC)CCC23)C2(C)CCC(OC(C)=O)CC12,0.6322167324338644,binned_cosine_1Da,100,False,predicted_spectrum,1524
CASMI2022,massformer,completed,6,6,15,CASMI_MOL_1196793,CASMI_MOL_1196793,1196793,CC1CCC2(C(=O)O)CCC3(C)C(=CCC4C5(C)CC(O)C(O)C(C)(C(=O)O)C5CCC43C)C2C1(C)O,0.6313716439294592,binned_cosine_1Da,141,True,predicted_spectrum,1524
CASMI2022,massformer,completed,7,7,16,CASMI_MOL_1196794,CASMI_MOL_33009,33009,CCc1ccc(C(=O)c2c(C)oc(C)c2C)o1,0.7778666621942254,binned_cosine_1Da,1,False,predicted_spectrum,7016
CASMI2022,massformer,completed,7,7,16,CASMI_MOL_1196794,CASMI_MOL_31825,31825,COc1ccc2cc(C(C)(C)C)c(=O)oc2c1,0.7502326972957627,binned_cosine_1Da,2,False,predicted_spectrum,7016
CASMI2022,massformer,completed,7,7,16,CASMI_MOL_1196794,CASMI_MOL_33976,33976,COc1ccc(OC)c(C(=O)C2CC=CC2)c1,0.7444980684716908,binned_cosine_1Da,3,False,predicted_spectrum,7016
CASMI2022,massformer,completed,7,7,16,CASMI_MOL_1196794,CASMI_MOL_29147,29147,CCC(C)c1cc2ccc(OC)cc2oc1=O,0.6857357338680037,binned_cosine_1Da,4,False,predicted_spectrum,7016
CASMI2022,massformer,completed,7,7,16,CASMI_MOL_1196794,CASMI_MOL_29742,29742,COc1cccc2c(=O)oc(C(C)(C)C)cc12,0.6519894059277516,binned_cosine_1Da,5,False,predicted_spectrum,7016
CASMI2022,massformer,completed,7,7,16,CASMI_MOL_1196794,CASMI_MOL_33124,33124,COc1ccc(OC)c(C(=O)C2=CCCC2)c1,0.6511832407252032,binned_cosine_1Da,6,False,predicted_spectrum,7016
CASMI2022,massformer,completed,7,7,16,CASMI_MOL_1196794,CASMI_MOL_29327,29327,CCCC1(C(=O)OC)Cc2ccccc2C1=O,0.6355299006178515,binned_cosine_1Da,7,False,predicted_spectrum,7016
CASMI2022,massformer,completed,7,7,16,CASMI_MOL_1196794,CASMI_MOL_33127,33127,COc1ccc(C(=O)C2=CCCC2)c(OC)c1,0.6348475133381593,binned_cosine_1Da,8,False,predicted_spectrum,7016
CASMI2022,massformer,completed,7,7,16,CASMI_MOL_1196794,CASMI_MOL_33123,33123,COc1cc(OC)cc(C(=O)C2=CCCC2)c1,0.6337930252304784,binned_cosine_1Da,9,False,predicted_spectrum,7016
CASMI2022,massformer,completed,7,7,16,CASMI_MOL_1196794,CASMI_MOL_33727,33727,CC1CC1C(=O)c1ccc2c(c1)OCCCO2,0.6306487357829577,binned_cosine_1Da,10,False,predicted_spectrum,7016
CASMI2022,massformer,completed,7,7,16,CASMI_MOL_1196794,CASMI_MOL_29784,29784,[H]c1cccc(-c2ccccc2)c1-c1ccccn1,0.628349904904887,binned_cosine_1Da,11,False,predicted_spectrum,7016
CASMI2022,massformer,completed,7,7,16,CASMI_MOL_1196794,CASMI_MOL_31227,31227,CCCCc1cc2ccc(OC)cc2c(=O)o1,0.6263548255327676,binned_cosine_1Da,12,False,predicted_spectrum,7016
CASMI2022,massformer,completed,7,7,16,CASMI_MOL_1196794,CASMI_MOL_33423,33423,COc1cccc(OC)c1C(=O)C1=CCCC1,0.6246166530700884,binned_cosine_1Da,13,False,predicted_spectrum,7016
CASMI2022,massformer,completed,7,7,16,CASMI_MOL_1196794,CASMI_MOL_33422,33422,COc1ccc(C(=O)C2=CCCC2)cc1OC,0.6224730371046228,binned_cosine_1Da,14,False,predicted_spectrum,7016
CASMI2022,massformer,completed,7,7,16,CASMI_MOL_1196794,CASMI_MOL_33573,33573,CCCc1c(O)ccc2cc(CC)c(=O)oc12,0.6174205558695172,binned_cosine_1Da,15,False,predicted_spectrum,7016
CASMI2022,massformer,completed,7,7,16,CASMI_MOL_1196794,CASMI_MOL_34069,34069,COCc1cc(=O)oc2cc(C(C)C)ccc12,0.6160846787934915,binned_cosine_1Da,16,False,predicted_spectrum,7016
CASMI2022,massformer,completed,7,7,16,CASMI_MOL_1196794,CASMI_MOL_33259,33259,COc1cc2ccc(=O)oc2cc1C(C)(C)C,0.6148541644279766,binned_cosine_1Da,17,False,predicted_spectrum,7016
CASMI2022,massformer,completed,7,7,16,CASMI_MOL_1196794,CASMI_MOL_34578,34578,COc1cccc(OC)c1C(=O)C1CC=CC1,0.6128492482348145,binned_cosine_1Da,18,False,predicted_spectrum,7016
CASMI2022,massformer,completed,7,7,16,CASMI_MOL_1196794,CASMI_MOL_29257,29257,CCCc1cc(-c2cccc(OC)c2)c(O)o1,0.6093911418896765,binned_cosine_1Da,19,False,predicted_spectrum,7016
CASMI2022,massformer,completed,7,7,16,CASMI_MOL_1196794,CASMI_MOL_30651,30651,O=C(c1cccc(OC2CC2)c1)C1CCOC1,0.6085637871771371,binned_cosine_1Da,20,False,predicted_spectrum,7016
CASMI2022,massformer,completed,7,7,16,CASMI_MOL_1196794,CASMI_MOL_30186,30186,COc1ccc2c(C(C)(C)C)cc(=O)oc2c1,0.6032310518168931,binned_cosine_1Da,21,False,predicted_spectrum,7016
CASMI2022,massformer,completed,7,7,16,CASMI_MOL_1196794,CASMI_MOL_30578,30578,COC1(C(=O)c2cccc3c2OCC3)CCC1,0.5971038347194005,binned_cosine_1Da,22,False,predicted_spectrum,7016
CASMI2022,massformer,completed,7,7,16,CASMI_MOL_1196794,CASMI_MOL_35326,35326,CCCc1cc(=O)oc2cc(OCC)ccc12,0.5968042901678772,binned_cosine_1Da,23,False,predicted_spectrum,7016
CASMI2022,massformer,completed,7,7,16,CASMI_MOL_1196794,CASMI_MOL_32709,32709,CCOC(=O)c1ccccc1C(=O)C1(C)CC1,0.5961506737540299,binned_cosine_1Da,24,False,predicted_spectrum,7016
CASMI2022,massformer,completed,7,7,16,CASMI_MOL_1196794,CASMI_MOL_35226,35226,CCc1cc2c(C)c(CC)c(=O)oc2cc1O,0.5881929811856856,binned_cosine_1Da,25,False,predicted_spectrum,7016
CASMI2022,massformer,completed,7,7,16,CASMI_MOL_1196794,CASMI_MOL_33030,33030,CC1COc2ccc(C(=O)C3CC3)cc2OC1,0.5857842573971159,binned_cosine_1Da,26,False,predicted_spectrum,7016
CASMI2022,massformer,completed,7,7,16,CASMI_MOL_1196794,CASMI_MOL_29827,29827,CCCc1cc(=O)oc2ccc(OCC)cc12,0.5826409417689984,binned_cosine_1Da,27,False,predicted_spectrum,7016
CASMI2022,massformer,completed,7,7,16,CASMI_MOL_1196794,CASMI_MOL_30910,30910,CCOc1cccc(C(=O)C2=COCCC2)c1,0.5821013075976977,binned_cosine_1Da,28,False,predicted_spectrum,7016
CASMI2022,massformer,completed,7,7,16,CASMI_MOL_1196794,CASMI_MOL_33008,33008,Cc1cc(C(=O)c2c(C)oc(C)c2C)c(C)o1,0.5815781110043612,binned_cosine_1Da,29,False,predicted_spectrum,7016
CASMI2022,massformer,completed,7,7,16,CASMI_MOL_1196794,CASMI_MOL_33607,33607,C=C1CCOC(c2ccc(C(=O)OC)cc2)C1,0.5794765238457502,binned_cosine_1Da,30,False,predicted_spectrum,7016
CASMI2022,massformer,completed,7,7,16,CASMI_MOL_1196794,CASMI_MOL_34901,34901,CCCc1cc2c(C)cc(=O)oc2cc1OC,0.5781731980297372,binned_cosine_1Da,31,False,predicted_spectrum,7016
CASMI2022,massformer,completed,7,7,16,CASMI_MOL_1196794,CASMI_MOL_32355,32355,COCc1ccc(C(=O)C2CCC(=O)C2)cc1,0.5770150643714425,binned_cosine_1Da,32,False,predicted_spectrum,7016
CASMI2022,massformer,completed,7,7,16,CASMI_MOL_1196794,CASMI_MOL_34281,34281,CCCc1c(O)ccc2c(CC)cc(=O)oc12,0.5765518176250981,binned_cosine_1Da,33,False,predicted_spectrum,7016
CASMI2022,massformer,completed,7,7,16,CASMI_MOL_1196794,CASMI_MOL_32565,32565,Cc1cc(=O)oc2cc(O)c(C(C)(C)C)cc12,0.5745265287770932,binned_cosine_1Da,34,False,predicted_spectrum,7016
CASMI2022,massformer,completed,7,7,16,CASMI_MOL_1196794,CASMI_MOL_30996,30996,COC(=O)c1ccc(C(=O)C(C)=C(C)C)cc1,0.5730856190915204,binned_cosine_1Da,35,False,predicted_spectrum,7016
CASMI2022,massformer,completed,7,7,16,CASMI_MOL_1196794,CASMI_MOL_35277,35277,CCCCc1cc(=O)oc2cc(OC)ccc12,0.5712073589989497,binned_cosine_1Da,36,False,predicted_spectrum,7016
CASMI2022,massformer,completed,7,7,16,CASMI_MOL_1196794,CASMI_MOL_34649,34649,COc1ccc(C2=C(C)C(C)(C)OC2=O)cc1,0.5703495860117801,binned_cosine_1Da,37,False,predicted_spectrum,7016
CASMI2022,massformer,completed,7,7,16,CASMI_MOL_1196794,CASMI_MOL_31975,31975,Cc1ccc(C(C)(C)C)c2oc(=O)cc(O)c12,0.5702917547842948,binned_cosine_1Da,38,False,predicted_spectrum,7016
CASMI2022,massformer,completed,7,7,16,CASMI_MOL_1196794,CASMI_MOL_31854,31854,COC(=O)c1cc(C=O)cc(C2CCCC2)c1,0.5698493558795221,binned_cosine_1Da,39,False,predicted_spectrum,7016
CASMI2022,massformer,completed,7,7,16,CASMI_MOL_1196794,CASMI_MOL_31552,31552,COc1c(C=O)oc2ccc(C(C)(C)C)cc12,0.5696413602993418,binned_cosine_1Da,40,False,predicted_spectrum,7016
CASMI2022,massformer,completed,7,7,16,CASMI_MOL_1196794,CASMI_MOL_33537,33537,C=CC1CC1(C(=O)OC)c1ccc(CO)cc1,0.5695895668490296,binned_cosine_1Da,41,False,predicted_spectrum,7016
CASMI2022,massformer,completed,7,7,16,CASMI_MOL_1196794,CASMI_MOL_31795,31795,CCCc1cc(=O)oc2c(CC)c(O)ccc12,0.5643985678776716,binned_cosine_1Da,42,False,predicted_spectrum,7016
CASMI2022,massformer,completed,7,7,16,CASMI_MOL_1196794,CASMI_MOL_31006,31006,COC(=O)C1(c2ccccc2)CCCC(=O)C1,0.564006629940097,binned_cosine_1Da,43,False,predicted_spectrum,7016
CASMI2022,massformer,completed,7,7,16,CASMI_MOL_1196794,CASMI_MOL_31320,31320,COC(=O)C1(c2ccccc2)CCCC(=O)C1,0.5640065075012826,binned_cosine_1Da,44,False,predicted_spectrum,7016
CASMI2022,massformer,completed,7,7,16,CASMI_MOL_1196794,CASMI_MOL_34195,34195,COC(=O)C1(c2ccc(CO)cc2)CC=CC1,0.5632776725658248,binned_cosine_1Da,45,False,predicted_spectrum,7016
CASMI2022,massformer,completed,7,7,16,CASMI_MOL_1196794,CASMI_MOL_32113,32113,CCC(=O)C1CC1c1ccc(C(=O)OC)cc1,0.5623363782099524,binned_cosine_1Da,46,False,predicted_spectrum,7016
CASMI2022,massformer,completed,7,7,16,CASMI_MOL_1196794,CASMI_MOL_28521,28521,CC(C)(C)c1cccc(-c2cc(O)oc2O)c1,0.5618635698553573,binned_cosine_1Da,47,False,predicted_spectrum,7016
CASMI2022,massformer,completed,7,7,16,CASMI_MOL_1196794,CASMI_MOL_31551,31551,COc1oc2ccc(C(C)(C)C)cc2c1C=O,0.5617969487714454,binned_cosine_1Da,48,False,predicted_spectrum,7016
CASMI2022,massformer,completed,7,7,16,CASMI_MOL_1196794,CASMI_MOL_28825,28825,CCCCc1cc2ccc(OC)cc2oc1=O,0.5615733503124787,binned_cosine_1Da,49,False,predicted_spectrum,7016
CASMI2022,massformer,completed,7,7,16,CASMI_MOL_1196794,CASMI_MOL_31040,31040,COc1ccc(C(=O)C2=C(C)CC2)cc1OC,0.5613374174814263,binned_cosine_1Da,50,False,predicted_spectrum,7016
CASMI2022,massformer,completed,7,7,16,CASMI_MOL_1196794,CASMI_MOL_28821,28821,COC(=O)c1cc(C2C=CCCC2)ccc1O,0.5588355481057843,binned_cosine_1Da,51,False,predicted_spectrum,7016
CASMI2022,massformer,completed,7,7,16,CASMI_MOL_1196794,CASMI_MOL_30572,30572,CC1CC(C(=O)c2ccc3c(c2)CCO3)CO1,0.5585327937033879,binned_cosine_1Da,52,False,predicted_spectrum,7016
CASMI2022,massformer,completed,7,7,16,CASMI_MOL_1196794,CASMI_MOL_30520,30520,CC1CCC(=O)c2cc3c(cc21)OCCCO3,0.558084655692699,binned_cosine_1Da,53,False,predicted_spectrum,7016
CASMI2022,massformer,completed,7,7,16,CASMI_MOL_1196794,CASMI_MOL_31824,31824,Cc1cc(=O)oc2cc(C(C)(C)C)cc(O)c12,0.5560424096905074,binned_cosine_1Da,54,False,predicted_spectrum,7016
CASMI2022,massformer,completed,7,7,16,CASMI_MOL_1196794,CASMI_MOL_28557,28557,CC(C)(C)c1ccc2c(c1)C(=O)OC(C=O)C2,0.5551195239804008,binned_cosine_1Da,55,False,predicted_spectrum,7016
CASMI2022,massformer,completed,7,7,16,CASMI_MOL_1196794,CASMI_MOL_32219,32219,CC(C)(C)c1ccc2c(c1)C(=O)OC(=O)CC2,0.5545558871988354,binned_cosine_1Da,56,False,predicted_spectrum,7016
CASMI2022,massformer,completed,7,7,16,CASMI_MOL_1196794,CASMI_MOL_34370,34370,CC(=O)c1ccc2c(c1)C1OC1(C)C(C)(C)O2,0.5527700908553442,binned_cosine_1Da,57,False,predicted_spectrum,7016
CASMI2022,massformer,completed,7,7,16,CASMI_MOL_1196794,CASMI_MOL_34489,34489,COc1cc2oc(=O)cc(C(C)C)c2cc1C,0.5525214071259578,binned_cosine_1Da,58,False,predicted_spectrum,7016
CASMI2022,massformer,completed,7,7,16,CASMI_MOL_1196794,CASMI_MOL_32343,32343,CC1(C)CC(=O)c2cc3c(cc21)OCCCO3,0.5520316889496888,binned_cosine_1Da,59,False,predicted_spectrum,7016
CASMI2022,massformer,completed,7,7,16,CASMI_MOL_1196794,CASMI_MOL_30965,30965,CCCOc1cccc(C(=O)C2=CCCO2)c1,0.5505578205786803,binned_cosine_1Da,60,False,predicted_spectrum,7016
CASMI2022,massformer,completed,7,7,16,CASMI_MOL_1196794,CASMI_MOL_35331,35331,CCCc1cc(=O)oc2c(C)c(OC)ccc12,0.5461553290137297,binned_cosine_1Da,61,False,predicted_spectrum,7016
CASMI2022,massformer,completed,7,7,16,CASMI_MOL_1196794,CASMI_MOL_31223,31223,COC(=O)c1ccc(C2CC(C)=CCO2)cc1,0.5441139164739995,binned_cosine_1Da,62,False,predicted_spectrum,7016
CASMI2022,massformer,completed,7,7,16,CASMI_MOL_1196794,CASMI_MOL_33608,33608,COC(=O)c1ccc(C2CC(C)=CCO2)cc1,0.5441139164739995,binned_cosine_1Da,63,False,predicted_spectrum,7016
CASMI2022,massformer,completed,7,7,16,CASMI_MOL_1196794,CASMI_MOL_33654,33654,C=C(C)C1(C)Cc2cc(C(=O)OC)ccc2O1,0.5439815471053269,binned_cosine_1Da,64,False,predicted_spectrum,7016
CASMI2022,massformer,completed,7,7,16,CASMI_MOL_1196794,CASMI_MOL_33141,33141,O=C(c1ccc2c(c1)CCCO2)C1CCOC1,0.5438381988536984,binned_cosine_1Da,65,False,predicted_spectrum,7016
CASMI2022,massformer,completed,7,7,16,CASMI_MOL_1196794,CASMI_MOL_28555,28555,CC(C)(C)c1ccccc1-c1cc(O)oc1O,0.5436055322053976,binned_cosine_1Da,66,False,predicted_spectrum,7016
CASMI2022,massformer,completed,7,7,16,CASMI_MOL_1196794,CASMI_MOL_31729,31729,CCCCc1cc2c(=O)c(C)coc2cc1O,0.5419448175203609,binned_cosine_1Da,67,False,predicted_spectrum,7016
CASMI2022,massformer,completed,7,7,16,CASMI_MOL_1196794,CASMI_MOL_32345,32345,CC1OCCC1C(=O)c1ccc2c(c1)CCO2,0.5409779603098831,binned_cosine_1Da,68,False,predicted_spectrum,7016
CASMI2022,massformer,completed,7,7,16,CASMI_MOL_1196794,CASMI_MOL_35260,35260,CCCc1c(C)c2cc(O)c(C)cc2oc1=O,0.5409602010634513,binned_cosine_1Da,69,False,predicted_spectrum,7016
CASMI2022,massformer,completed,7,7,16,CASMI_MOL_1196794,CASMI_MOL_34531,34531,COc1cc(OC)cc(C2CC=CCC2=O)c1,0.5406868493301216,binned_cosine_1Da,70,False,predicted_spectrum,7016
CASMI2022,massformer,completed,7,7,16,CASMI_MOL_1196794,CASMI_MOL_28439,28439,C=CC(C)(C)C(=O)c1ccc(C(=O)OC)cc1,0.5395362101373755,binned_cosine_1Da,71,False,predicted_spectrum,7016
CASMI2022,massformer,completed,7,7,16,CASMI_MOL_1196794,CASMI_MOL_33097,33097,O=C1CCCC1c1ccc2c(c1)OCCCO2,0.5389740117991823,binned_cosine_1Da,72,False,predicted_spectrum,7016
CASMI2022,massformer,completed,7,7,16,CASMI_MOL_1196794,CASMI_MOL_29958,29958,COC(=O)c1cccc(C2CCCC(=O)C2)c1,0.5388136960738223,binned_cosine_1Da,73,False,predicted_spectrum,7016
CASMI2022,massformer,completed,7,7,16,CASMI_MOL_1196794,CASMI_MOL_29959,29959,COC(=O)c1cccc(C2CCCC(=O)C2)c1,0.5388135312095503,binned_cosine_1Da,74,False,predicted_spectrum,7016
CASMI2022,massformer,completed,7,7,16,CASMI_MOL_1196794,CASMI_MOL_29845,29845,CC(C)(C)c1ccc(-c2c(O)coc2O)cc1,0.5374490123300824,binned_cosine_1Da,75,False,predicted_spectrum,7016
CASMI2022,massformer,completed,7,7,16,CASMI_MOL_1196794,CASMI_MOL_30370,30370,CC(C)(C)c1ccc(-c2c(O)coc2O)cc1,0.5374490123300824,binned_cosine_1Da,76,False,predicted_spectrum,7016
CASMI2022,massformer,completed,7,7,16,CASMI_MOL_1196794,CASMI_MOL_32595,32595,CCc1cc2c(C)c(C)c(=O)oc2cc1OC,0.5371083101291272,binned_cosine_1Da,77,False,predicted_spectrum,7016
CASMI2022,massformer,completed,7,7,16,CASMI_MOL_1196794,CASMI_MOL_33765,33765,CC1(C)CCC(=O)c2cc3c(cc21)OCCO3,0.5360992937518864,binned_cosine_1Da,78,False,predicted_spectrum,7016
CASMI2022,massformer,completed,7,7,16,CASMI_MOL_1196794,CASMI_MOL_30100,30100,COC(=O)c1ccc2c(c1)C1OC1CC2(C)C,0.5358549515755088,binned_cosine_1Da,79,False,predicted_spectrum,7016
CASMI2022,massformer,completed,7,7,16,CASMI_MOL_1196794,CASMI_MOL_31311,31311,COc1ccc(-c2cc(C)c(C)o2)c(OC)c1,0.535427367111981,binned_cosine_1Da,80,False,predicted_spectrum,7016
CASMI2022,massformer,completed,7,7,16,CASMI_MOL_1196794,CASMI_MOL_31604,31604,CCC1(C(=O)OC)CCc2ccccc2C1=O,0.5351944172559348,binned_cosine_1Da,81,False,predicted_spectrum,7016
CASMI2022,massformer,completed,7,7,16,CASMI_MOL_1196794,CASMI_MOL_31606,31606,CCC1(C(=O)OC)CCc2ccccc2C1=O,0.5351944131599964,binned_cosine_1Da,82,False,predicted_spectrum,7016
CASMI2022,massformer,completed,7,7,16,CASMI_MOL_1196794,CASMI_MOL_35385,35385,CCC1(C(=O)OC)CCc2ccccc2C1=O,0.5351944131599964,binned_cosine_1Da,83,False,predicted_spectrum,7016
CASMI2022,massformer,completed,7,7,16,CASMI_MOL_1196794,CASMI_MOL_31823,31823,Cc1cc(=O)oc2cc(O)cc(C(C)(C)C)c12,0.533845476676734,binned_cosine_1Da,84,False,predicted_spectrum,7016
CASMI2022,massformer,completed,7,7,16,CASMI_MOL_1196794,CASMI_MOL_30211,30211,CCc1ccc(OC)cc1C1C(=O)CCC1=O,0.5332604476516569,binned_cosine_1Da,85,False,predicted_spectrum,7016
CASMI2022,massformer,completed,7,7,16,CASMI_MOL_1196794,CASMI_MOL_34887,34887,COC(=O)c1ccc(C2CCCC(=O)C2)cc1,0.5324363585282251,binned_cosine_1Da,86,False,predicted_spectrum,7016
CASMI2022,massformer,completed,7,7,16,CASMI_MOL_1196794,CASMI_MOL_29862,29862,COC(=O)c1ccc(C2CCCC(=O)C2)cc1,0.5324362991492865,binned_cosine_1Da,87,False,predicted_spectrum,7016
CASMI2022,massformer,completed,7,7,16,CASMI_MOL_1196794,CASMI_MOL_31525,31525,CC(C)(C)c1ccc(-c2cc(O)oc2O)cc1,0.5323602587922147,binned_cosine_1Da,88,False,predicted_spectrum,7016
CASMI2022,massformer,completed,7,7,16,CASMI_MOL_1196794,CASMI_MOL_32274,32274,CC(C)(C)c1ccc(-c2cc(O)oc2O)cc1,0.5323602587922147,binned_cosine_1Da,89,False,predicted_spectrum,7016
CASMI2022,massformer,completed,7,7,16,CASMI_MOL_1196794,CASMI_MOL_31526,31526,CC(C)(C)c1ccc(-c2cc(O)oc2O)cc1,0.5323601843131167,binned_cosine_1Da,90,False,predicted_spectrum,7016
CASMI2022,massformer,completed,7,7,16,CASMI_MOL_1196794,CASMI_MOL_32966,32966,Cc1cc(C(C)(C)C)cc2c(C(=O)O)coc12,0.5301159137179232,binned_cosine_1Da,91,False,predicted_spectrum,7016
CASMI2022,massformer,completed,7,7,16,CASMI_MOL_1196794,CASMI_MOL_32744,32744,CCc1c(C)c2c(CC)cc(O)cc2oc1=O,0.5297261872097019,binned_cosine_1Da,92,False,predicted_spectrum,7016
CASMI2022,massformer,completed,7,7,16,CASMI_MOL_1196794,CASMI_MOL_31685,31685,CCc1c(C)c2c(CC)cc(O)cc2oc1=O,0.5297261676380014,binned_cosine_1Da,93,False,predicted_spectrum,7016
CASMI2022,massformer,completed,7,7,16,CASMI_MOL_1196794,CASMI_MOL_32745,32745,CCc1c(C)c2c(CC)cc(O)cc2oc1=O,0.5297261676380014,binned_cosine_1Da,94,False,predicted_spectrum,7016
CASMI2022,massformer,completed,7,7,16,CASMI_MOL_1196794,CASMI_MOL_33113,33113,Cc1cc(C(C)(C)C)cc2cc(C(=O)O)oc12,0.5290517271870625,binned_cosine_1Da,95,False,predicted_spectrum,7016
CASMI2022,massformer,completed,7,7,16,CASMI_MOL_1196794,CASMI_MOL_30898,30898,CCOC(=O)C1(C(=O)c2ccccc2)CC1C,0.5289071450029629,binned_cosine_1Da,96,False,predicted_spectrum,7016
CASMI2022,massformer,completed,7,7,16,CASMI_MOL_1196794,CASMI_MOL_30583,30583,O=C(c1cccc2c1OCCC2)C1CCOC1,0.5287072372330787,binned_cosine_1Da,97,False,predicted_spectrum,7016
CASMI2022,massformer,completed,7,7,16,CASMI_MOL_1196794,CASMI_MOL_32358,32358,COCc1cccc(C(=O)C2CCC(=O)C2)c1,0.528470216016579,binned_cosine_1Da,98,False,predicted_spectrum,7016
CASMI2022,massformer,completed,7,7,16,CASMI_MOL_1196794,CASMI_MOL_34128,34128,CCCc1c(CC)c2cc(O)ccc2oc1=O,0.5283314595397227,binned_cosine_1Da,99,False,predicted_spectrum,7016
CASMI2022,massformer,completed,7,7,16,CASMI_MOL_1196794,CASMI_MOL_28768,28768,C=C(C)C1Cc2cc(C(C)=O)cc(OC)c2O1,0.5276668413401754,binned_cosine_1Da,100,False,predicted_spectrum,7016
CASMI2022,massformer,completed,7,7,16,CASMI_MOL_1196794,CASMI_MOL_1196794,1196794,CCC1(C)C(=O)C=Cc2c1oc(C)c(C)c2=O,0.4587740174302095,binned_cosine_1Da,370,True,predicted_spectrum,7016
CASMI2022,massformer,completed,9,9,21,CASMI_MOL_1196796,CASMI_MOL_38797,38797,O=C1CC(=O)OC(COc2cccc3ccccc23)(c2ccccc2)C1,0.5092823096330679,binned_cosine_1Da,1,False,predicted_spectrum,8632
CASMI2022,massformer,completed,9,9,21,CASMI_MOL_1196796,CASMI_MOL_44652,44652,O=C(COc1ccc(-c2ccccc2)cc1)Cc1cccc(C(=O)O)c1,0.5039166488332233,binned_cosine_1Da,2,False,predicted_spectrum,8632
CASMI2022,massformer,completed,9,9,21,CASMI_MOL_1196796,CASMI_MOL_44534,44534,C=CC1=CCC(c2ccc(-c3ccc(OC(F)(F)F)cc3)cc2)OC1,0.495266798090378,binned_cosine_1Da,3,False,predicted_spectrum,8632
CASMI2022,massformer,completed,9,9,21,CASMI_MOL_1196796,CASMI_MOL_43963,43963,O=C(O)c1oc2ccccc2c1CCCOc1cccc2ccccc12,0.4892541380435333,binned_cosine_1Da,4,False,predicted_spectrum,8632
CASMI2022,massformer,completed,9,9,21,CASMI_MOL_1196796,CASMI_MOL_38796,38796,O=C1CC(=O)OC(COc2ccc3ccccc3c2)(c2ccccc2)C1,0.4889411987110141,binned_cosine_1Da,5,False,predicted_spectrum,8632
CASMI2022,massformer,completed,9,9,21,CASMI_MOL_1196796,CASMI_MOL_38762,38762,O=C(C=Cc1ccc(OCO)cc1)Oc1ccccc1-c1ccccc1,0.4776074747315138,binned_cosine_1Da,6,False,predicted_spectrum,8632
CASMI2022,massformer,completed,9,9,21,CASMI_MOL_1196796,CASMI_MOL_38431,38431,FC(F)(F)CCOC1=C(c2ccccc2)C=COC1c1ccccc1,0.474401779641163,binned_cosine_1Da,7,False,predicted_spectrum,8632
CASMI2022,massformer,completed,9,9,21,CASMI_MOL_1196796,CASMI_MOL_43242,43242,O=C(O)C(CCCS)CC1(C(=O)O)C=CC=C(c2ccccc2)C1,0.46904069413814453,binned_cosine_1Da,8,False,predicted_spectrum,8632
CASMI2022,massformer,completed,9,9,21,CASMI_MOL_1196796,CASMI_MOL_43181,43181,C=Cc1ccc(OC(=O)c2ccc(-c3ccc(OCO)cc3)cc2)cc1,0.46137298028282175,binned_cosine_1Da,9,False,predicted_spectrum,8632
CASMI2022,massformer,completed,9,9,21,CASMI_MOL_1196796,CASMI_MOL_38953,38953,COc1ccc(OC(=Cc2ccc(-c3ccccc3)cc2)C(=O)O)cc1,0.45994234302701253,binned_cosine_1Da,10,False,predicted_spectrum,8632
CASMI2022,massformer,completed,9,9,21,CASMI_MOL_1196796,CASMI_MOL_42019,42019,O=C(OC1(C2C3C4C5C6C4C2C6C53)C2C3C4C5C3C1C5C42)C(F)(F)F,0.459178166770824,binned_cosine_1Da,11,False,predicted_spectrum,8632
CASMI2022,massformer,completed,9,9,21,CASMI_MOL_1196796,CASMI_MOL_42932,42932,O=C(CCC(=O)Oc1ccccc1-c1ccccc1)Oc1ccccc1,0.45805163334068866,binned_cosine_1Da,12,False,predicted_spectrum,8632
CASMI2022,massformer,completed,9,9,21,CASMI_MOL_1196796,CASMI_MOL_38588,38588,O=C(O)C1CC(C(=O)Oc2cccc3ccccc23)C1c1ccccc1,0.4534608727359924,binned_cosine_1Da,13,False,predicted_spectrum,8632
CASMI2022,massformer,completed,9,9,21,CASMI_MOL_1196796,CASMI_MOL_38457,38457,O=C(O)C1CC(C(=O)Oc2cccc3ccccc23)C1c1ccccc1,0.4534608172766138,binned_cosine_1Da,14,False,predicted_spectrum,8632
CASMI2022,massformer,completed,9,9,21,CASMI_MOL_1196796,CASMI_MOL_43111,43111,O=C(O)C1CC(C(=O)Oc2cccc3ccccc23)C1c1ccccc1,0.4534608172766138,binned_cosine_1Da,15,False,predicted_spectrum,8632
CASMI2022,massformer,completed,9,9,21,CASMI_MOL_1196796,CASMI_MOL_43112,43112,O=C(O)C1CC(C(=O)Oc2cccc3ccccc23)C1c1ccccc1,0.4534608172766138,binned_cosine_1Da,16,False,predicted_spectrum,8632
CASMI2022,massformer,completed,9,9,21,CASMI_MOL_1196796,CASMI_MOL_44564,44564,O=C(O)C(CCc1ccccc1)Oc1ccc2oc3ccccc3c2c1,0.4527141899566403,binned_cosine_1Da,17,False,predicted_spectrum,8632
CASMI2022,massformer,completed,9,9,21,CASMI_MOL_1196796,CASMI_MOL_38851,38851,O=C(O)C1=C(C(=O)Oc2c3ccccc3cc3ccccc23)CCCC1,0.4487565002260641,binned_cosine_1Da,18,False,predicted_spectrum,8632
CASMI2022,massformer,completed,9,9,21,CASMI_MOL_1196796,CASMI_MOL_44612,44612,C=CC(=O)CC#Cc1ccc(-c2ccc(OCOC(=O)C=C)cc2)cc1,0.4476581849003333,binned_cosine_1Da,19,False,predicted_spectrum,8632
CASMI2022,massformer,completed,9,9,21,CASMI_MOL_1196796,CASMI_MOL_39093,39093,O=[N+]([O-])c1ccc(N(Cc2ccccc2)c2cncc3nncn23)cc1,0.4441363584734345,binned_cosine_1Da,20,False,predicted_spectrum,8632
CASMI2022,massformer,completed,9,9,21,CASMI_MOL_1196796,CASMI_MOL_43561,43561,O=C(O)CCOc1cccc(C=CC(=O)c2ccc3ccccc3c2)c1,0.4427318001429397,binned_cosine_1Da,21,False,predicted_spectrum,8632
CASMI2022,massformer,completed,9,9,21,CASMI_MOL_1196796,CASMI_MOL_45162,45162,O=C(O)CCOc1cccc(C=CC(=O)c2ccc3ccccc3c2)c1,0.4427317861744832,binned_cosine_1Da,22,False,predicted_spectrum,8632
CASMI2022,massformer,completed,9,9,21,CASMI_MOL_1196796,CASMI_MOL_39020,39020,O=[N+]([O-])c1ccccc1N(Cc1ccccc1)c1cncc2nncn12,0.44139084381329247,binned_cosine_1Da,23,False,predicted_spectrum,8632
CASMI2022,massformer,completed,9,9,21,CASMI_MOL_1196796,CASMI_MOL_38746,38746,O=C(c1ccc(OC(F)(F)F)cc1)C1CC=C(c2ccccc2)CC1,0.43998016911483084,binned_cosine_1Da,24,False,predicted_spectrum,8632
CASMI2022,massformer,completed,9,9,21,CASMI_MOL_1196796,CASMI_MOL_41975,41975,OC(C#CC1(O)CC(c2ccccc2)C1)c1ccc(C(F)(F)F)cc1,0.4399267012458137,binned_cosine_1Da,25,False,predicted_spectrum,8632
CASMI2022,massformer,completed,9,9,21,CASMI_MOL_1196796,CASMI_MOL_37947,37947,CC(=O)C=NN=P(c1ccccc1)(c1ccccc1)c1ccccc1,0.4392835589061152,binned_cosine_1Da,26,False,predicted_spectrum,8632
CASMI2022,massformer,completed,9,9,21,CASMI_MOL_1196796,CASMI_MOL_39003,39003,O=[N+]([O-])c1cccc(N(Cc2ccccc2)c2cncc3nncn23)c1,0.4391236518979793,binned_cosine_1Da,27,False,predicted_spectrum,8632
CASMI2022,massformer,completed,9,9,21,CASMI_MOL_1196796,CASMI_MOL_39468,39468,COC(=O)C(CC#Cc1ccccc1)(CC#Cc1ccccc1)C(=O)O,0.4383825301805292,binned_cosine_1Da,28,False,predicted_spectrum,8632
CASMI2022,massformer,completed,9,9,21,CASMI_MOL_1196796,CASMI_MOL_37839,37839,CCc1ccc(-c2ccc(C(=O)Oc3ccc(C(=O)O)cc3)cc2)cc1,0.4378977326588944,binned_cosine_1Da,29,False,predicted_spectrum,8632
CASMI2022,massformer,completed,9,9,21,CASMI_MOL_1196796,CASMI_MOL_42945,42945,C#CCOC(=O)c1ccc(OC)c(OCc2cccc3ccccc23)c1,0.43457713434899553,binned_cosine_1Da,30,False,predicted_spectrum,8632
CASMI2022,massformer,completed,9,9,21,CASMI_MOL_1196796,CASMI_MOL_45627,45627,CC12C=CC(=O)C=C1CCC1OC3(CC=C12)C(=O)c1ccccc1C3=O,0.43341360608940505,binned_cosine_1Da,31,False,predicted_spectrum,8632
CASMI2022,massformer,completed,9,9,21,CASMI_MOL_1196796,CASMI_MOL_37564,37564,CCC(C)(C)OC(F)(CC(C)(CF)OC(F)(F)F)C(F)(F)F,0.43312864109331534,binned_cosine_1Da,32,False,predicted_spectrum,8632
CASMI2022,massformer,completed,9,9,21,CASMI_MOL_1196796,CASMI_MOL_44743,44743,O=C(OCc1ccccc1)OC1OC1(c1ccccc1)c1ccccc1,0.4315399685353695,binned_cosine_1Da,33,False,predicted_spectrum,8632
CASMI2022,massformer,completed,9,9,21,CASMI_MOL_1196796,CASMI_MOL_42944,42944,C#CCOC(=O)c1ccc(OCc2cccc3ccccc23)c(OC)c1,0.4297551089824222,binned_cosine_1Da,34,False,predicted_spectrum,8632
CASMI2022,massformer,completed,9,9,21,CASMI_MOL_1196796,CASMI_MOL_44348,44348,O=C(C=Cc1ccc2c(c1)CCCC2)c1ccc(OC(F)(F)F)cc1,0.42960497255069063,binned_cosine_1Da,35,False,predicted_spectrum,8632
CASMI2022,massformer,completed,9,9,21,CASMI_MOL_1196796,CASMI_MOL_37549,37549,O=CCOc1ccc(-c2cccc(C(=O)OCc3ccccc3)c2)cc1,0.4295135087315559,binned_cosine_1Da,36,False,predicted_spectrum,8632
CASMI2022,massformer,completed,9,9,21,CASMI_MOL_1196796,CASMI_MOL_40452,40452,O=C(OC1c2ccccc2-c2ccccc21)C1C2CC3OC(=O)C1C3C2,0.4274669800571264,binned_cosine_1Da,37,False,predicted_spectrum,8632
CASMI2022,massformer,completed,9,9,21,CASMI_MOL_1196796,CASMI_MOL_45626,45626,O=C(C#CCCCCOc1ccc(-c2ccccc2)cc1)C(F)(F)F,0.4273349618054504,binned_cosine_1Da,38,False,predicted_spectrum,8632
CASMI2022,massformer,completed,9,9,21,CASMI_MOL_1196796,CASMI_MOL_38658,38658,CC(C)COC(=O)COC1=CC2(SC1Cc1ccccc1)C1OC12,0.425400367796682,binned_cosine_1Da,39,False,predicted_spectrum,8632
CASMI2022,massformer,completed,9,9,21,CASMI_MOL_1196796,CASMI_MOL_44389,44389,O=C(CCCCC(=O)OC#Cc1ccccc1)OC#Cc1ccccc1,0.42511026413502795,binned_cosine_1Da,40,False,predicted_spectrum,8632
CASMI2022,massformer,completed,9,9,21,CASMI_MOL_1196796,CASMI_MOL_43396,43396,C#CCOC(=O)CCC(=O)OCc1c2ccccc2cc2ccccc12,0.42432673991535813,binned_cosine_1Da,41,False,predicted_spectrum,8632
CASMI2022,massformer,completed,9,9,21,CASMI_MOL_1196796,CASMI_MOL_42936,42936,Cc1ccccc1OC(=O)C=CC(=O)OCc1ccc2ccccc2c1,0.4234563857223618,binned_cosine_1Da,42,False,predicted_spectrum,8632
CASMI2022,massformer,completed,9,9,21,CASMI_MOL_1196796,CASMI_MOL_39129,39129,O=C(O)C(=O)Cc1ccccc1-c1ccc(OCc2ccccc2)cc1,0.42066861534501915,binned_cosine_1Da,43,False,predicted_spectrum,8632
CASMI2022,massformer,completed,9,9,21,CASMI_MOL_1196796,CASMI_MOL_44122,44122,C=CCOc1ccccc1-c1ccc(C(=O)Oc2ccc(O)cc2)cc1,0.4206669977168714,binned_cosine_1Da,44,False,predicted_spectrum,8632
CASMI2022,massformer,completed,9,9,21,CASMI_MOL_1196796,CASMI_MOL_37938,37938,CCOC(=O)c1cccc2c1OC(c1ccccc1)(c1ccccc1)O2,0.4173348929014915,binned_cosine_1Da,45,False,predicted_spectrum,8632
CASMI2022,massformer,completed,9,9,21,CASMI_MOL_1196796,CASMI_MOL_38946,38946,O=C(O)c1ccc(C=Cc2ccccc2OCc2ccccc2)cc1O,0.4162617440121273,binned_cosine_1Da,46,False,predicted_spectrum,8632
CASMI2022,massformer,completed,9,9,21,CASMI_MOL_1196796,CASMI_MOL_44949,44949,O=C(O)c1ccc(C=Cc2ccccc2OCc2ccccc2)cc1O,0.4162617440121273,binned_cosine_1Da,47,False,predicted_spectrum,8632
CASMI2022,massformer,completed,9,9,21,CASMI_MOL_1196796,CASMI_MOL_37977,37977,CC(C)(C)OC(F)(F)C(F)(C(F)(F)F)C(F)(F)OC(C)(C)C,0.4150309679972813,binned_cosine_1Da,48,False,predicted_spectrum,8632
CASMI2022,massformer,completed,9,9,21,CASMI_MOL_1196796,CASMI_MOL_44907,44907,O=[N+]([O-])c1ccc(N=NC(N=Nc2ccccc2)c2ccccc2)nc1,0.4145824901910103,binned_cosine_1Da,49,False,predicted_spectrum,8632
CASMI2022,massformer,completed,9,9,21,CASMI_MOL_1196796,CASMI_MOL_39856,39856,COc1ccc(C=CC(=O)CC(=O)c2cc3ccccc3cc2O)cc1,0.4136603822150982,binned_cosine_1Da,50,False,predicted_spectrum,8632
CASMI2022,massformer,completed,9,9,21,CASMI_MOL_1196796,CASMI_MOL_40144,40144,CC(C)(C)OC(F)(F)OC(F)(C(F)(F)F)C(F)(F)C(C)(C)C,0.41365939772335636,binned_cosine_1Da,51,False,predicted_spectrum,8632
CASMI2022,massformer,completed,9,9,21,CASMI_MOL_1196796,CASMI_MOL_38704,38704,N=C(N=C(CCCl)c1ccc(-c2ccccc2)cc1)c1ccccc1,0.4131131989038475,binned_cosine_1Da,52,False,predicted_spectrum,8632
CASMI2022,massformer,completed,9,9,21,CASMI_MOL_1196796,CASMI_MOL_44347,44347,O=C(C=Cc1ccc(OC(F)(F)F)cc1)c1ccc2c(c1)CCCC2,0.4115715550742575,binned_cosine_1Da,53,False,predicted_spectrum,8632
CASMI2022,massformer,completed,9,9,21,CASMI_MOL_1196796,CASMI_MOL_38714,38714,Cc1ccc(OC(F)(F)F)c(-c2ccc(OC3=CCCC=C3)cc2)c1,0.41146219817044105,binned_cosine_1Da,54,False,predicted_spectrum,8632
CASMI2022,massformer,completed,9,9,21,CASMI_MOL_1196796,CASMI_MOL_39096,39096,O=[N+]([O-])c1ccc(CN(c2ccccc2)c2cncc3nncn23)cc1,0.41037648148084827,binned_cosine_1Da,55,False,predicted_spectrum,8632
CASMI2022,massformer,completed,9,9,21,CASMI_MOL_1196796,CASMI_MOL_38601,38601,C=CC=C(C=C)C(=O)CC(SCCO)c1ccc(C(=O)OC)cc1,0.4094393758096722,binned_cosine_1Da,56,False,predicted_spectrum,8632
CASMI2022,massformer,completed,9,9,21,CASMI_MOL_1196796,CASMI_MOL_44171,44171,O=C(C=Cc1ccc(O)cc1)c1ccc(O)c(Cc2ccccc2)c1O,0.40909043891241287,binned_cosine_1Da,57,False,predicted_spectrum,8632
CASMI2022,massformer,completed,9,9,21,CASMI_MOL_1196796,CASMI_MOL_45449,45449,COc1ccc(C(=O)COC(=O)c2ccc3c4c(cccc24)CC3)cc1,0.40893296591836564,binned_cosine_1Da,58,False,predicted_spectrum,8632
CASMI2022,massformer,completed,9,9,21,CASMI_MOL_1196796,CASMI_MOL_39524,39524,CC(=O)Oc1cccc2c1C=CC2CC(=O)Oc1ccc2c(c1)C=CC2,0.4064074109454713,binned_cosine_1Da,59,False,predicted_spectrum,8632
CASMI2022,massformer,completed,9,9,21,CASMI_MOL_1196796,CASMI_MOL_38549,38549,O=Cc1ccc(CC(C=O)c2ccc(-c3ccc(O)c(O)c3)cc2)cc1,0.4047596242840931,binned_cosine_1Da,60,False,predicted_spectrum,8632
CASMI2022,massformer,completed,9,9,21,CASMI_MOL_1196796,CASMI_MOL_44421,44421,COC(=O)c1ccc(C=C(C=Cc2ccc(C)cc2)C(F)(F)F)cc1,0.40431734909997386,binned_cosine_1Da,61,False,predicted_spectrum,8632
CASMI2022,massformer,completed,9,9,21,CASMI_MOL_1196796,CASMI_MOL_44608,44608,COC(=O)c1ccc(C(=O)Oc2ccc(-c3ccc(C)cc3)cc2)cc1,0.4043129670209209,binned_cosine_1Da,62,False,predicted_spectrum,8632
CASMI2022,massformer,completed,9,9,21,CASMI_MOL_1196796,CASMI_MOL_40469,40469,O=C(Cc1ccc(C=Cc2cc(O)cc(O)c2)cc1)c1ccccc1O,0.4042559606024557,binned_cosine_1Da,63,False,predicted_spectrum,8632
CASMI2022,massformer,completed,9,9,21,CASMI_MOL_1196796,CASMI_MOL_43720,43720,O=C(Cc1ccc(C=Cc2cc(O)cc(O)c2)cc1)c1ccccc1O,0.4042559533469644,binned_cosine_1Da,64,False,predicted_spectrum,8632
CASMI2022,massformer,completed,9,9,21,CASMI_MOL_1196796,CASMI_MOL_41949,41949,COc1ccc(COC(C)CC=CS(=O)(=O)c2ccccc2)cc1,0.4040860609355091,binned_cosine_1Da,65,False,predicted_spectrum,8632
CASMI2022,massformer,completed,9,9,21,CASMI_MOL_1196796,CASMI_MOL_45493,45493,COc1ccc(COC(C)CC=CS(=O)(=O)c2ccccc2)cc1,0.4040860609355091,binned_cosine_1Da,66,False,predicted_spectrum,8632
CASMI2022,massformer,completed,9,9,21,CASMI_MOL_1196796,CASMI_MOL_44961,44961,O=[N+]([O-])c1ccc(N=NC(N=Nc2ccccn2)c2ccccc2)cc1,0.40358363431290445,binned_cosine_1Da,67,False,predicted_spectrum,8632
CASMI2022,massformer,completed,9,9,21,CASMI_MOL_1196796,CASMI_MOL_40502,40502,O=C(O)C(CCc1ccccc1)[S+]([O-])CCCOc1ccccc1,0.40335256580029527,binned_cosine_1Da,68,False,predicted_spectrum,8632
CASMI2022,massformer,completed,9,9,21,CASMI_MOL_1196796,CASMI_MOL_37991,37991,Cc1ccc(OC(F)(F)F)c(C2=CCC(Oc3ccccc3)C=C2)c1,0.40288333280423333,binned_cosine_1Da,69,False,predicted_spectrum,8632
CASMI2022,massformer,completed,9,9,21,CASMI_MOL_1196796,CASMI_MOL_38863,38863,O=C(Oc1ccccc1)Oc1c2c(c(O)c3ccccc13)C1CCC2C1,0.400877157051844,binned_cosine_1Da,70,False,predicted_spectrum,8632
CASMI2022,massformer,completed,9,9,21,CASMI_MOL_1196796,CASMI_MOL_38031,38031,COc1ccc(S(=O)(=O)Cc2ccc(CC(=O)C(C)C)cc2)cc1,0.4007992604258441,binned_cosine_1Da,71,False,predicted_spectrum,8632
CASMI2022,massformer,completed,9,9,21,CASMI_MOL_1196796,CASMI_MOL_43239,43239,O=C(O)C=Cc1ccccc1OC(Oc1ccccc1)c1ccccc1,0.4005996341007275,binned_cosine_1Da,72,False,predicted_spectrum,8632
CASMI2022,massformer,completed,9,9,21,CASMI_MOL_1196796,CASMI_MOL_38219,38219,COc1cc(C(C)C)c(C(=O)CS(=O)(=O)c2ccccc2)cc1C,0.40046803839860756,binned_cosine_1Da,73,False,predicted_spectrum,8632
CASMI2022,massformer,completed,9,9,21,CASMI_MOL_1196796,CASMI_MOL_38952,38952,COc1ccccc1OC(=Cc1ccc(-c2ccccc2)cc1)C(=O)O,0.4004556461032069,binned_cosine_1Da,74,False,predicted_spectrum,8632
CASMI2022,massformer,completed,9,9,21,CASMI_MOL_1196796,CASMI_MOL_44130,44130,O=C(O)C=Cc1ccccc1OCc1cccc(Oc2ccccc2)c1,0.4003236839854697,binned_cosine_1Da,75,False,predicted_spectrum,8632
CASMI2022,massformer,completed,9,9,21,CASMI_MOL_1196796,CASMI_MOL_44328,44328,O=C(O)c1cccc(O)c1C=Cc1ccccc1OCc1ccccc1,0.39988751089035685,binned_cosine_1Da,76,False,predicted_spectrum,8632
CASMI2022,massformer,completed,9,9,21,CASMI_MOL_1196796,CASMI_MOL_38571,38571,N=C(N=C(CCc1ccccc1)c1ccccc1)c1cccc(Cl)c1,0.39961845289059095,binned_cosine_1Da,77,False,predicted_spectrum,8632
CASMI2022,massformer,completed,9,9,21,CASMI_MOL_1196796,CASMI_MOL_43085,43085,CS(=O)(=O)CCc1ccc(C2OCC(c3ccccc3)CO2)cc1,0.3994113264392341,binned_cosine_1Da,78,False,predicted_spectrum,8632
CASMI2022,massformer,completed,9,9,21,CASMI_MOL_1196796,CASMI_MOL_43422,43422,C=CCOc1ccc(C(=O)Oc2ccc(-c3ccc(O)cc3)cc2)cc1,0.39906185020750173,binned_cosine_1Da,79,False,predicted_spectrum,8632
CASMI2022,massformer,completed,9,9,21,CASMI_MOL_1196796,CASMI_MOL_44111,44111,Cc1ccc(S(=O)(=O)CCCCc2ccc(CC(=O)O)cc2)cc1,0.39867319840747817,binned_cosine_1Da,80,False,predicted_spectrum,8632
CASMI2022,massformer,completed,9,9,21,CASMI_MOL_1196796,CASMI_MOL_43165,43165,CC#CC#COC(=O)CC(C(=O)OC#CC#CC)C(C)c1ccccc1,0.39848844421587887,binned_cosine_1Da,81,False,predicted_spectrum,8632
CASMI2022,massformer,completed,9,9,21,CASMI_MOL_1196796,CASMI_MOL_37972,37972,O=C(C=Cc1ccccc1OCc1ccccc1)c1ccc(O)cc1O,0.3981136348970347,binned_cosine_1Da,82,False,predicted_spectrum,8632
CASMI2022,massformer,completed,9,9,21,CASMI_MOL_1196796,CASMI_MOL_43132,43132,CCC(=O)Oc1cccc(OC(=O)c2cccc(-c3ccccc3)c2)c1,0.39728887651106715,binned_cosine_1Da,83,False,predicted_spectrum,8632
CASMI2022,massformer,completed,9,9,21,CASMI_MOL_1196796,CASMI_MOL_38020,38020,Cc1ccccc1OCC(O)(c1ccc2ccccc2c1)C(F)(F)F,0.3972702804952311,binned_cosine_1Da,84,False,predicted_spectrum,8632
CASMI2022,massformer,completed,9,9,21,CASMI_MOL_1196796,CASMI_MOL_38753,38753,Cc1ccc(S(=O)(=O)CCc2ccc(C(C)(C)C(=O)O)cc2)cc1,0.39717616919619575,binned_cosine_1Da,85,False,predicted_spectrum,8632
CASMI2022,massformer,completed,9,9,21,CASMI_MOL_1196796,CASMI_MOL_39957,39957,O=C(Cc1ccc(Oc2ccccc2)cc1)C(=O)OCc1ccccc1,0.39650943048049425,binned_cosine_1Da,86,False,predicted_spectrum,8632
CASMI2022,massformer,completed,9,9,21,CASMI_MOL_1196796,CASMI_MOL_38061,38061,O=C(Cc1ccc(O)cc1)c1cccc(C(=O)Cc2ccc(O)cc2)c1,0.39646916586667436,binned_cosine_1Da,87,False,predicted_spectrum,8632
CASMI2022,massformer,completed,9,9,21,CASMI_MOL_1196796,CASMI_MOL_39457,39457,O=C(OCc1ccccc1)C(=O)c1ccc(C(O)c2ccccc2)cc1,0.3961066146744199,binned_cosine_1Da,88,False,predicted_spectrum,8632
CASMI2022,massformer,completed,9,9,21,CASMI_MOL_1196796,CASMI_MOL_41295,41295,CN=C(NCCc1nc(C(F)(F)F)cs1)NCCn1cccn1,0.39610013071044065,binned_cosine_1Da,89,False,predicted_spectrum,8632
CASMI2022,massformer,completed,9,9,21,CASMI_MOL_1196796,CASMI_MOL_37973,37973,C=CCc1ccc2c(c1)OC(C#Cc1ccccc1)(C(=O)OC)CC2=O,0.39603524622323344,binned_cosine_1Da,90,False,predicted_spectrum,8632
CASMI2022,massformer,completed,9,9,21,CASMI_MOL_1196796,CASMI_MOL_44095,44095,COC(=O)C(C)(CCSCc1ccccc1)Oc1ccc(O)cc1,0.3955658008023639,binned_cosine_1Da,91,False,predicted_spectrum,8632
CASMI2022,massformer,completed,9,9,21,CASMI_MOL_1196796,CASMI_MOL_45444,45444,CC(C)c1ccc(COC(=O)c2cccc(CS(C)(=O)=O)c2)cc1,0.39505402876995144,binned_cosine_1Da,92,False,predicted_spectrum,8632
CASMI2022,massformer,completed,9,9,21,CASMI_MOL_1196796,CASMI_MOL_41987,41987,CC(=O)OC(C#CC#CC(OC(C)=O)c1ccccc1)c1ccccc1,0.39501630042372554,binned_cosine_1Da,93,False,predicted_spectrum,8632
CASMI2022,massformer,completed,9,9,21,CASMI_MOL_1196796,CASMI_MOL_44170,44170,ClC1C=CC=CC1(c1ccccc1)C(c1ccccc1)n1ccnc1,0.39463331485890457,binned_cosine_1Da,94,False,predicted_spectrum,8632
CASMI2022,massformer,completed,9,9,21,CASMI_MOL_1196796,CASMI_MOL_44232,44232,O=C(O)c1ccccc1Oc1cccc(OCC=Cc2ccccc2)c1,0.394204434841011,binned_cosine_1Da,95,False,predicted_spectrum,8632
CASMI2022,massformer,completed,9,9,21,CASMI_MOL_1196796,CASMI_MOL_44222,44222,COc1cc(C=CC(=O)CC(=O)c2ccc3ccccc3c2)ccc1O,0.394188509768136,binned_cosine_1Da,96,False,predicted_spectrum,8632
CASMI2022,massformer,completed,9,9,21,CASMI_MOL_1196796,CASMI_MOL_44221,44221,COc1cc(C=CC(=O)CC(=O)c2ccc3ccccc3c2)ccc1O,0.3941884932021362,binned_cosine_1Da,97,False,predicted_spectrum,8632
CASMI2022,massformer,completed,9,9,21,CASMI_MOL_1196796,CASMI_MOL_44308,44308,O=C(O)c1c(CCOc2ccccc2)ccc2c1Cc1ccccc1O2,0.3941219656356205,binned_cosine_1Da,98,False,predicted_spectrum,8632
CASMI2022,massformer,completed,9,9,21,CASMI_MOL_1196796,CASMI_MOL_41032,41032,ClC1CC=CC=C1C(c1ccccc1)(c1ccccc1)n1ccnc1,0.39348688306218205,binned_cosine_1Da,99,False,predicted_spectrum,8632
CASMI2022,massformer,completed,9,9,21,CASMI_MOL_1196796,CASMI_MOL_38051,38051,C=C1C=Cc2cc3c(cc2O1)OC(=O)C(CC(=O)Cc1ccccc1)C3,0.39343796140958825,binned_cosine_1Da,100,False,predicted_spectrum,8632
CASMI2022,massformer,completed,9,9,21,CASMI_MOL_1196796,CASMI_MOL_1196796,1196796,Cc1ccc(C2(c3ccc(C)c(O)c3)OC(=O)c3ccccc32)cc1O,0.06538065566851745,binned_cosine_1Da,3582,True,predicted_spectrum,8632
