dataset,model,status,query_id,spectrum_id,casmi_id,true_candidate_id,candidate_id,candidate_mol_id,candidate_smiles,score,score_name,rank,is_correct,prediction_status,candidate_count
CASMI2022,iceberg,completed,0,0,3,CASMI_MOL_1196787,CASMI_MOL_299,299,COc1ccc(-c2oc3c(CC=C(C)C)c(O)cc(O)c3c(=O)c2OC2OC(C)C(O)C(OC(C)=O)C2OC2OC(CO)C(O)C(O)C2O)cc1,0.5146937451183766,binned_cosine_1Da,1,False,predicted_spectrum,1241
CASMI2022,iceberg,completed,0,0,3,CASMI_MOL_1196787,CASMI_MOL_478,478,COc1ccc(-c2oc3c(CC=C(C)C)c(O)cc(O)c3c(=O)c2OC2OC(C)C(O)C(OC(C)=O)C2OC2OC(CO)C(O)C(O)C2O)cc1,0.5146937451183766,binned_cosine_1Da,2,False,predicted_spectrum,1241
CASMI2022,iceberg,completed,0,0,3,CASMI_MOL_1196787,CASMI_MOL_675,675,COc1ccc(-c2oc3c(CC=C(C)C)c(O)cc(O)c3c(=O)c2OC2OC(C)C(O)C(OC(C)=O)C2OC2OC(CO)C(O)C(O)C2O)cc1,0.5146937451183766,binned_cosine_1Da,3,False,predicted_spectrum,1241
CASMI2022,iceberg,completed,0,0,3,CASMI_MOL_1196787,CASMI_MOL_1171,1171,COc1ccc(-c2oc3c(CC=C(C)C)c(O)cc(O)c3c(=O)c2OC2OC(C)C(O)C(OC(C)=O)C2OC2OC(CO)C(O)C(O)C2O)cc1,0.5146937451183766,binned_cosine_1Da,4,False,predicted_spectrum,1241
CASMI2022,iceberg,completed,0,0,3,CASMI_MOL_1196787,CASMI_MOL_1193,1193,COc1ccc(-c2oc3c(CC=C(C)C)c(O)cc(O)c3c(=O)c2OC2OC(C)C(O)C(OC(C)=O)C2OC2OC(CO)C(O)C(O)C2O)cc1,0.5146937451183766,binned_cosine_1Da,5,False,predicted_spectrum,1241
CASMI2022,iceberg,completed,0,0,3,CASMI_MOL_1196787,CASMI_MOL_1194,1194,COc1ccc(-c2oc3c(CC=C(C)C)c(O)cc(O)c3c(=O)c2OC2OC(C)C(O)C(OC(C)=O)C2OC2OC(CO)C(O)C(O)C2O)cc1,0.5146937451183766,binned_cosine_1Da,6,False,predicted_spectrum,1241
CASMI2022,iceberg,completed,0,0,3,CASMI_MOL_1196787,CASMI_MOL_297,297,COc1ccc(-c2oc3c(CC=C(C)C)c(O)cc(O)c3c(=O)c2OC2OC(C)C(OC(C)=O)C(OC3OC(CO)C(O)C(O)C3O)C2O)cc1,0.5071501029843641,binned_cosine_1Da,7,False,predicted_spectrum,1241
CASMI2022,iceberg,completed,0,0,3,CASMI_MOL_1196787,CASMI_MOL_298,298,COc1ccc(-c2oc3c(CC=C(C)C)c(O)cc(O)c3c(=O)c2OC2OC(C)C(OC(C)=O)C(OC3OC(CO)C(O)C(O)C3O)C2O)cc1,0.5071501029843641,binned_cosine_1Da,8,False,predicted_spectrum,1241
CASMI2022,iceberg,completed,0,0,3,CASMI_MOL_1196787,CASMI_MOL_305,305,COc1ccc(-c2oc3c(CC=C(C)C)c(O)cc(O)c3c(=O)c2OC2OC(C)C(OC(C)=O)C(OC3OC(CO)C(O)C(O)C3O)C2O)cc1,0.5071501029843641,binned_cosine_1Da,9,False,predicted_spectrum,1241
CASMI2022,iceberg,completed,0,0,3,CASMI_MOL_1196787,CASMI_MOL_471,471,COc1ccc(-c2oc3c(CC=C(C)C)c(O)cc(O)c3c(=O)c2OC2OC(C)C(OC(C)=O)C(OC3OC(CO)C(O)C(O)C3O)C2O)cc1,0.5071501029843641,binned_cosine_1Da,10,False,predicted_spectrum,1241
CASMI2022,iceberg,completed,0,0,3,CASMI_MOL_1196787,CASMI_MOL_1170,1170,COc1ccc(-c2oc3c(CC=C(C)C)c(O)cc(O)c3c(=O)c2OC2OC(C)C(OC(C)=O)C(OC3OC(CO)C(O)C(O)C3O)C2O)cc1,0.5071501029843641,binned_cosine_1Da,11,False,predicted_spectrum,1241
CASMI2022,iceberg,completed,0,0,3,CASMI_MOL_1196787,CASMI_MOL_1196787,1196787,COc1ccc(-c2oc3c(CC=C(C)C)c(O)cc(O)c3c(=O)c2OC2OC(C)C(OC(C)=O)C(OC3OC(CO)C(O)C(O)C3O)C2O)cc1,0.5071501029843641,binned_cosine_1Da,12,True,predicted_spectrum,1241
CASMI2022,iceberg,completed,0,0,3,CASMI_MOL_1196787,CASMI_MOL_646,646,NC(c1cn(C2OC(CO)C(O)C(O)C2O)nn1)(c1cn(C2OC(CO)C(O)C(O)C2O)nn1)c1cn(C2OC(CO)C(O)C(O)C2O)nn1,0.3350217597132346,binned_cosine_1Da,13,False,predicted_spectrum,1241
CASMI2022,iceberg,completed,0,0,3,CASMI_MOL_1196787,CASMI_MOL_939,939,CC1(C)OC2OC(COC3OC(CO)C(O)C3OC3OC(CO)C(O)C3O)C(OC3OC(CO)C(O)C3OC3OC(CO)C(O)C3O)C2O1,0.3187039565621145,binned_cosine_1Da,14,False,predicted_spectrum,1241
CASMI2022,iceberg,completed,0,0,3,CASMI_MOL_1196787,CASMI_MOL_1039,1039,CC(=O)OC1CCC2(C)C(C1)CC(OC=O)C1C2CC(OC=O)C2(C)C(C(C)CCC(=O)OC(C(F)(F)F)C(F)(F)S(=O)(=O)O)CCC12,0.302380448176708,binned_cosine_1Da,15,False,predicted_spectrum,1241
CASMI2022,iceberg,completed,0,0,3,CASMI_MOL_1196787,CASMI_MOL_304,304,CC(=O)OC1CC(C)(O)C23OC(C)(C)C(C(OC(=O)c4ccoc4)C(OC(=O)c4ccoc4)C2(COC(=O)C(C)C)C1OC(C)=O)C3OC(C)=O,0.2833833648129779,binned_cosine_1Da,16,False,predicted_spectrum,1241
CASMI2022,iceberg,completed,0,0,3,CASMI_MOL_1196787,CASMI_MOL_1212,1212,CC(=O)OC1CC(C)(O)C23OC(C)(C)C(C(OC(=O)c4ccoc4)C(OC(=O)c4ccoc4)C2(COC(=O)C(C)C)C1OC(C)=O)C3OC(C)=O,0.2833833648129779,binned_cosine_1Da,17,False,predicted_spectrum,1241
CASMI2022,iceberg,completed,0,0,3,CASMI_MOL_1196787,CASMI_MOL_1216,1216,CC(=O)OC1CC(C)(O)C23OC(C)(C)C(C(OC(=O)c4ccoc4)C(OC(=O)c4ccoc4)C2(COC(=O)C(C)C)C1OC(C)=O)C3OC(C)=O,0.2833833648129779,binned_cosine_1Da,18,False,predicted_spectrum,1241
CASMI2022,iceberg,completed,0,0,3,CASMI_MOL_1196787,CASMI_MOL_1069,1069,CC=C(C)C(=O)OC1CC(OC(C)=O)C2(C(=O)OC)COC3C(=O)C(C)(C45OC4(C)C4CC5OC5OC=CC54O)C4C(O)(C(=O)OC)OCC14C32,0.2696154002384103,binned_cosine_1Da,19,False,predicted_spectrum,1241
CASMI2022,iceberg,completed,0,0,3,CASMI_MOL_1196787,CASMI_MOL_1073,1073,OCC1OC(Oc2ccc3ccccc3c2)C(O)C(O)C1OC1OC(CO)C(OC2OC3COC(c4ccccc4)OC3C(O)C2O)C(O)C1O,0.2576229675155994,binned_cosine_1Da,20,False,predicted_spectrum,1241
CASMI2022,iceberg,completed,0,0,3,CASMI_MOL_1196787,CASMI_MOL_1147,1147,CC(=O)OC1CCC2(C)C(C1)CC(OC=O)C1C2CC(OC=O)C2(C)C(C(C)CCC(=O)OC(C(F)(F)F)C(F)(F)SOOO)CCC12,0.2540010973870344,binned_cosine_1Da,21,False,predicted_spectrum,1241
CASMI2022,iceberg,completed,0,0,3,CASMI_MOL_1196787,CASMI_MOL_1182,1182,COC(=O)CC1C2(C)CC34OC5(C)OC3(C2OC(C)=O)C(O)C2(O5)C3CC(=O)OC(c5ccoc5)C3(C)C3OC(C)(O)OC2(C3OC(C)=O)C14C,0.249899739935115,binned_cosine_1Da,22,False,predicted_spectrum,1241
CASMI2022,iceberg,completed,0,0,3,CASMI_MOL_1196787,CASMI_MOL_834,834,CC(=O)COC(=O)CCNC(=O)C(N)CSCC1OC(OC2C(CO)OC(OC3C(CO)OCC(O)C3O)C(O)C2O)C(O)C(O)C1O,0.2400381298216486,binned_cosine_1Da,23,False,predicted_spectrum,1241
CASMI2022,iceberg,completed,0,0,3,CASMI_MOL_1196787,CASMI_MOL_836,836,COC(=O)CC1C2(C)CC3(O)C(O)(C2O)C2OC(C)=CC4C(C)(C(OC(C)=O)c5ccoc5)C(OC(C)=O)C(OC(C)=O)C5(OC(=O)OC425)C13C,0.2292598955476561,binned_cosine_1Da,24,False,predicted_spectrum,1241
CASMI2022,iceberg,completed,0,0,3,CASMI_MOL_1196787,CASMI_MOL_1004,1004,CCCCCC1CCC(C(F)(F)OC2CCC(C(F)(F)Oc3cc(F)c(C(F)(F)Oc4ccc(OC=C(F)F)c(F)c4)c(F)c3)CC2)CC1,0.2170507251640638,binned_cosine_1Da,25,False,predicted_spectrum,1241
CASMI2022,iceberg,completed,0,0,3,CASMI_MOL_1196787,CASMI_MOL_1181,1181,COC(=O)C1=CC(=O)CC2C3(C)CC(c4ccoc4)OC(=O)C3CC(OC3OC(COC(C)=O)C(OC(C)=O)C(OC(C)=O)C3OC(C)=O)C12C,0.2040750899794373,binned_cosine_1Da,26,False,predicted_spectrum,1241
CASMI2022,iceberg,completed,0,0,3,CASMI_MOL_1196787,CASMI_MOL_579,579,CC(C)(C)C(C#CCC(COCC(CC#CC(OC(=O)c1ccccc1)C(C)(C)C)OS(C)(=O)=O)OS(C)(=O)=O)OC(=O)c1ccccc1,0.1810607579221843,binned_cosine_1Da,27,False,predicted_spectrum,1241
CASMI2022,iceberg,completed,0,0,3,CASMI_MOL_1196787,CASMI_MOL_1148,1148,CCOc1cc(C2=NC(c3ccc(Cl)cc3)C(c3ccc(Cl)cc3)N2C(=O)N2CCN(CC(=O)N3CCOCC3)CC2)c(OCC)cc1C#N,0.177369621186313,binned_cosine_1Da,28,False,predicted_spectrum,1241
CASMI2022,iceberg,completed,0,0,3,CASMI_MOL_1196787,CASMI_MOL_1137,1137,Fc1cc(OCCCCCC2CO2)ccc1COc1ccc(OCc2ccc(OCCCCCC3CO3)cc2F)c(C(F)(F)F)c1C(F)(F)F,0.1719007207168386,binned_cosine_1Da,29,False,predicted_spectrum,1241
CASMI2022,iceberg,completed,0,0,3,CASMI_MOL_1196787,CASMI_MOL_1132,1132,CCOc1cc(C(F)(F)F)ccc1C1=NC(c2ccc(Cl)cc2)C(c2ccc(Cl)cc2)N1C(=O)N1CCN(C(=O)CNCCN(C)C)CC1,0.1693681339756532,binned_cosine_1Da,30,False,predicted_spectrum,1241
CASMI2022,iceberg,completed,0,0,3,CASMI_MOL_1196787,CASMI_MOL_1183,1183,CNCC(=O)OCc1cccnc1NCC(=O)OC(C)N1C=NN(CC(O)(c2ccc(F)cc2F)C(C)c2nc(-c3ccc(C#N)cc3)cs2)C1,0.1590974426979988,binned_cosine_1Da,31,False,predicted_spectrum,1241
CASMI2022,iceberg,completed,0,0,3,CASMI_MOL_1196787,CASMI_MOL_1156,1156,COC(=O)C1c2cc3c(O)c4c(OC5CC(O)C(O)C(C)O5)ccc(O)c4c(O)c3c(O)c2C(OC2OC(C)C(O)C(C)(O)C2OC)=CC1(C)O,0.1590893880211897,binned_cosine_1Da,32,False,predicted_spectrum,1241
CASMI2022,iceberg,completed,0,0,3,CASMI_MOL_1196787,CASMI_MOL_1206,1206,OC1C(COCc2ccccc2)OC(OC2C(COCc3ccccc3)OC(n3cnc4c(Cl)ncnc43)C2O)C(OCc2ccccc2)C1O,0.1568131065347784,binned_cosine_1Da,33,False,predicted_spectrum,1241
CASMI2022,iceberg,completed,0,0,3,CASMI_MOL_1196787,CASMI_MOL_1157,1157,COC(=O)CC1C2(C)CC34OC5(C)OC67C(CC(=O)OC6C3(O)C2O)C(C)(C(OC(C)=O)c2ccoc2)C(OC(C)=O)CC7(O5)C14COC(C)=O,0.1533660297922863,binned_cosine_1Da,34,False,predicted_spectrum,1241
CASMI2022,iceberg,completed,0,0,3,CASMI_MOL_1196787,CASMI_MOL_946,946,COC(=O)C1=COC(OC2OC(COC(=O)C=Cc3ccc(OC)cc3)C(OC(C)=O)C(OC(C)=O)C2OC(C)=O)C2C1CC(OC(C)=O)C2C,0.1511940700286904,binned_cosine_1Da,35,False,predicted_spectrum,1241
CASMI2022,iceberg,completed,0,0,3,CASMI_MOL_1196787,CASMI_MOL_1155,1155,CCCCCCCC(=O)OC(C)c1ccc(OC(=O)c2ccc(-c3ccc(OCCOCC(F)(F)C(F)(F)C(F)(F)C(F)F)cc3)cc2)cc1,0.1386329483850506,binned_cosine_1Da,36,False,predicted_spectrum,1241
CASMI2022,iceberg,completed,0,0,3,CASMI_MOL_1196787,CASMI_MOL_941,941,COC(=O)CC1C2(C)CC3(O)C(O)(C2OC(C)=O)C2OC(=O)C4OC(c5ccoc5)C56CC45C2(O)C(O)(C(OC(=O)C(C)C)C6OC(C)=O)C13C,0.1326237915825876,binned_cosine_1Da,37,False,predicted_spectrum,1241
CASMI2022,iceberg,completed,0,0,3,CASMI_MOL_1196787,CASMI_MOL_1163,1163,COC(=O)CC1C2(C)CC3(O)C(O)(C2OC(C)=O)C2OC(=O)C4OC(c5ccoc5)C56CC45C2(O)C(O)(C(OC(=O)C(C)C)C6OC(C)=O)C13C,0.1326237915825876,binned_cosine_1Da,38,False,predicted_spectrum,1241
CASMI2022,iceberg,completed,0,0,3,CASMI_MOL_1196787,CASMI_MOL_640,640,O=C(CCCCCCCCCC(=O)Oc1ccc(-c2ccc(-c3ccc(F)c(F)c3)cc2)c(F)c1)OCc1ccc(-c2ccc(F)c(F)c2)c(F)c1,0.1308777724695596,binned_cosine_1Da,39,False,predicted_spectrum,1241
CASMI2022,iceberg,completed,0,0,3,CASMI_MOL_1196787,CASMI_MOL_1166,1166,COC(=O)C(OC(C)=O)C1C2(C)CC3(O)C(OC(C)=O)(C2OC(C)=O)C2OC4(C)OC5(CCC6(C)C(c7ccoc7)OC(=O)CC6(O)C25O4)C13C,0.1304667029306701,binned_cosine_1Da,40,False,predicted_spectrum,1241
CASMI2022,iceberg,completed,0,0,3,CASMI_MOL_1196787,CASMI_MOL_1218,1218,Cc1cc(C)c2cccc(OCc3c(Cl)ccc(S(=O)(=O)NC4(C(=O)N5CCN(C(=O)CC(N)CCCN)CC5)CCCC4)c3Cl)c2n1,0.1289609629596075,binned_cosine_1Da,41,False,predicted_spectrum,1241
CASMI2022,iceberg,completed,0,0,3,CASMI_MOL_1196787,CASMI_MOL_1081,1081,CC(=O)N(C(=O)C1NCCC1O)c1ccc(-c2ccc(CN(C(=O)C(N)c3ccc(O)cc3)C3C(=O)N4C3SC(C)(C)C4C(=O)O)c(=O)[nH]2)cc1,0.1233773061556291,binned_cosine_1Da,42,False,predicted_spectrum,1241
CASMI2022,iceberg,completed,0,0,3,CASMI_MOL_1196787,CASMI_MOL_911,911,CC(CCCCC(=O)OCOC(=O)CCCCCOC(=O)C(Cc1ccc(OC#N)cc1)N=C=O)OC(=O)C(Cc1ccc(N=C=O)cc1)N=C=O,0.1175987225553955,binned_cosine_1Da,43,False,predicted_spectrum,1241
CASMI2022,iceberg,completed,0,0,3,CASMI_MOL_1196787,CASMI_MOL_535,535,COC(=O)NC(C(=O)Nc1cccc(F)c1CCC1CNCC(C)N1S(=O)(=O)c1ccc(F)cc1)C(c1ccc(Cl)cc1)C1CCOCC1,0.1169071274568827,binned_cosine_1Da,44,False,predicted_spectrum,1241
CASMI2022,iceberg,completed,0,0,3,CASMI_MOL_1196787,CASMI_MOL_679,679,COC(=O)NC(C(=O)Nc1cccc(F)c1CCC1CNCC(C)N1S(=O)(=O)c1ccc(F)cc1)C(c1ccc(Cl)cc1)C1CCOCC1,0.1169071274568827,binned_cosine_1Da,45,False,predicted_spectrum,1241
CASMI2022,iceberg,completed,0,0,3,CASMI_MOL_1196787,CASMI_MOL_786,786,COC(=O)NC(C(=O)Nc1cccc(F)c1CCC1CNCC(C)N1S(=O)(=O)c1ccc(F)cc1)C(c1ccc(Cl)cc1)C1CCOCC1,0.1169071274568827,binned_cosine_1Da,46,False,predicted_spectrum,1241
CASMI2022,iceberg,completed,0,0,3,CASMI_MOL_1196787,CASMI_MOL_921,921,COC(=O)NC(C(=O)Nc1cccc(F)c1CCC1CNCC(C)N1S(=O)(=O)c1ccc(F)cc1)C(c1ccc(Cl)cc1)C1CCOCC1,0.1169071274568827,binned_cosine_1Da,47,False,predicted_spectrum,1241
CASMI2022,iceberg,completed,0,0,3,CASMI_MOL_1196787,CASMI_MOL_1054,1054,C=C(COC(c1ccccc1)(c1ccccc1)c1ccccc1)C(c1ccccc1)C(OC(C)c1cc(C(F)(F)F)cc(C(F)(F)F)c1)C(=O)OC,0.11649292593484,binned_cosine_1Da,48,False,predicted_spectrum,1241
CASMI2022,iceberg,completed,0,0,3,CASMI_MOL_1196787,CASMI_MOL_959,959,C=CC(=O)OCCCCOc1ccc(C(=O)Oc2ccc(C(=O)OC3COC4C(OC(=O)C=Cc5ccc(-c6ccccc6)cc5)COC34)cc2)cc1,0.1143693059726989,binned_cosine_1Da,49,False,predicted_spectrum,1241
CASMI2022,iceberg,completed,0,0,3,CASMI_MOL_1196787,CASMI_MOL_1143,1143,C=CC(=O)OCCCCOc1ccc(C(=O)Oc2ccc(C(=O)OC3COC4C(OC(=O)C=Cc5ccc(-c6ccccc6)cc5)COC34)cc2)cc1,0.1143693059726989,binned_cosine_1Da,50,False,predicted_spectrum,1241
CASMI2022,iceberg,completed,0,0,3,CASMI_MOL_1196787,CASMI_MOL_338,338,Cc1ccc(C(=O)Nc2ccc(C(=O)N3CCc4cc(C(=O)Cc5c(F)cccc5F)sc4-c4ccccc43)cc2)c(N2CC3(CCOCC3)C2)n1,0.1105184462846366,binned_cosine_1Da,51,False,predicted_spectrum,1241
CASMI2022,iceberg,completed,0,0,3,CASMI_MOL_1196787,CASMI_MOL_944,944,C=CC(=O)OCC(COc1ccc2ccccc2c1)OC(=O)Nc1ccc(C)c(NC(=O)OC(COC(=O)C=C)COc2ccc3ccccc3c2)c1,0.1104945739763408,binned_cosine_1Da,52,False,predicted_spectrum,1241
CASMI2022,iceberg,completed,0,0,3,CASMI_MOL_1196787,CASMI_MOL_654,654,CSCCC(=O)NC(Cc1ccccc1)C(=O)NC(Cc1ccccc1)C(=O)NCC(N)C(=O)NC(CC(=O)O)C(=O)NC(CS)C(=O)O,0.1094451288885973,binned_cosine_1Da,53,False,predicted_spectrum,1241
CASMI2022,iceberg,completed,0,0,3,CASMI_MOL_1196787,CASMI_MOL_577,577,O=C(CN1CCN(Cc2nc(-c3ccc(COc4ccc(F)cc4)cc3)no2)CC1)NN=Cc1ccc(OCc2cccc(C(F)(F)F)c2)cc1O,0.1049611271653973,binned_cosine_1Da,54,False,predicted_spectrum,1241
CASMI2022,iceberg,completed,0,0,3,CASMI_MOL_1196787,CASMI_MOL_622,622,O=C(CN1CCN(Cc2nc(-c3ccc(COc4ccc(F)cc4)cc3)no2)CC1)NN=Cc1ccc(OCc2cccc(C(F)(F)F)c2)cc1O,0.1049611271653973,binned_cosine_1Da,55,False,predicted_spectrum,1241
CASMI2022,iceberg,completed,0,0,3,CASMI_MOL_1196787,CASMI_MOL_35,35,c1ccc(N(c2ccc(-c3cccc4ccccc34)cc2)c2ccccc2-n2c3ccccc3c3ccccc32)c(-c2ccc3sc4ccccc4c3c2)c1,0.1036818485935089,binned_cosine_1Da,56,False,predicted_spectrum,1241
CASMI2022,iceberg,completed,0,0,3,CASMI_MOL_1196787,CASMI_MOL_625,625,CC(NP(=O)(OCC1OC(n2cnc3c(=O)[nH]c(N)nc32)C2(C)OC(C)(C)OC12)Oc1cccc2ccccc12)C(=O)OCCc1ccccc1,0.1023502196235938,binned_cosine_1Da,57,False,predicted_spectrum,1241
CASMI2022,iceberg,completed,0,0,3,CASMI_MOL_1196787,CASMI_MOL_84,84,c1ccc(-n2c3ccccc3c3ccccc32)c(-c2ccc(-c3ccc(N(c4cccc5ccccc45)c4cccc5c4sc4ccccc45)cc3)cc2)c1,0.1018219996335866,binned_cosine_1Da,58,False,predicted_spectrum,1241
CASMI2022,iceberg,completed,0,0,3,CASMI_MOL_1196787,CASMI_MOL_80,80,c1ccc(-n2c3ccccc3c3ccccc32)c(-c2ccc(-c3ccc(N(c4cccc5ccccc45)c4cccc5sc6ccccc6c45)cc3)cc2)c1,0.1017866128441802,binned_cosine_1Da,59,False,predicted_spectrum,1241
CASMI2022,iceberg,completed,0,0,3,CASMI_MOL_1196787,CASMI_MOL_840,840,CC(F)(F)Oc1cccc(CNC(=O)c2cn(CC(F)CCn3ccc(NC(=O)CN4CCN(C(=O)CC(F)(F)F)CC4)c(F)c3=O)nn2)c1,0.1015654298239227,binned_cosine_1Da,60,False,predicted_spectrum,1241
CASMI2022,iceberg,completed,0,0,3,CASMI_MOL_1196787,CASMI_MOL_72,72,c1ccc(N(c2ccc(-c3cccc4ccccc34)cc2)c2ccccc2-n2c3ccccc3c3ccccc32)c(-c2ccc3c(c2)sc2ccccc23)c1,0.1014920897485672,binned_cosine_1Da,61,False,predicted_spectrum,1241
CASMI2022,iceberg,completed,0,0,3,CASMI_MOL_1196787,CASMI_MOL_504,504,CNCC(=O)OCc1cccnc1N(C)C(=O)OC(C)N1C=NN(CC(O)(c2cc(F)ccc2F)C(C)c2nc(-c3ccc(C#N)cc3)cs2)C1,0.1011490510899716,binned_cosine_1Da,62,False,predicted_spectrum,1241
CASMI2022,iceberg,completed,0,0,3,CASMI_MOL_1196787,CASMI_MOL_838,838,CNCC(=O)OCc1cccnc1N(C)C(=O)OC(C)N1C=NN(CC(O)(c2cc(F)ccc2F)C(C)c2nc(-c3ccc(C#N)cc3)cs2)C1,0.1011490510899716,binned_cosine_1Da,63,False,predicted_spectrum,1241
CASMI2022,iceberg,completed,0,0,3,CASMI_MOL_1196787,CASMI_MOL_951,951,CNCC(=O)OCc1cccnc1N(C)C(=O)OC(C)N1C=NN(CC(O)(c2cc(F)ccc2F)C(C)c2nc(-c3ccc(C#N)cc3)cs2)C1,0.1011490510899716,binned_cosine_1Da,64,False,predicted_spectrum,1241
CASMI2022,iceberg,completed,0,0,3,CASMI_MOL_1196787,CASMI_MOL_626,626,CC1(C)OC2C(COP(=O)(NC(C)(C)C(=O)OCc3ccccc3)Oc3cccc4ccccc34)OC(n3cnc4c(=O)[nH]c(N)nc43)C2(C)O1,0.1010146190261202,binned_cosine_1Da,65,False,predicted_spectrum,1241
CASMI2022,iceberg,completed,0,0,3,CASMI_MOL_1196787,CASMI_MOL_143,143,C=C(C=C(F)C(Cl)=CC)C1N2C(=NC1(C)c1ccc(Cl)nc1)SC(C(=O)N1CC(F)CC1C(=O)N1CC3(CC3)NCC1CC)=C2C(C)C,0.0999326037024247,binned_cosine_1Da,66,False,predicted_spectrum,1241
CASMI2022,iceberg,completed,0,0,3,CASMI_MOL_1196787,CASMI_MOL_677,677,CCCCCCCC(C)OC(=O)c1ccc(-c2ccc(OC(=O)c3ccc(OCCCOCC(F)(F)C(F)(F)C(F)(F)F)cc3F)cc2)cc1,0.099529181772058,binned_cosine_1Da,67,False,predicted_spectrum,1241
CASMI2022,iceberg,completed,0,0,3,CASMI_MOL_1196787,CASMI_MOL_88,88,c1ccc(-n2c3ccccc3c3ccccc32)c(-c2ccc(-c3ccc(N(c4ccc5c(c4)sc4ccccc45)c4cccc5ccccc45)cc3)cc2)c1,0.0987348069609267,binned_cosine_1Da,68,False,predicted_spectrum,1241
CASMI2022,iceberg,completed,0,0,3,CASMI_MOL_1196787,CASMI_MOL_407,407,CCc1cc(-c2cc(Cl)c3c(c2)C(=O)N(C(C(=O)Nc2nccs2)c2ncn4c2CC(F)C4)C3)ccc1C1CCN(C(=O)OC(C)(C)C)CC1,0.0987182118462813,binned_cosine_1Da,69,False,predicted_spectrum,1241
CASMI2022,iceberg,completed,0,0,3,CASMI_MOL_1196787,CASMI_MOL_792,792,COc1nc(N)nc2c1nc(C)n2C1OC(COP(=O)(NC(C)C(=O)OC2Cc3ccccc3C2)Oc2cccc3ccccc23)C(O)C1(C)O,0.0978570337951531,binned_cosine_1Da,70,False,predicted_spectrum,1241
CASMI2022,iceberg,completed,0,0,3,CASMI_MOL_1196787,CASMI_MOL_331,331,Cc1cccc(F)c1CC(=O)c1cc2c(s1)-c1ccccc1N(C(=O)c1ccc(NC(=O)c3cc(F)cnc3N3CC4(CCOCC4)C3)cc1)CC2,0.0976381973625471,binned_cosine_1Da,71,False,predicted_spectrum,1241
CASMI2022,iceberg,completed,0,0,3,CASMI_MOL_1196787,CASMI_MOL_81,81,c1ccc(-n2c3ccccc3c3ccccc32)c(-c2ccc(-c3ccc(N(c4ccc5sc6ccccc6c5c4)c4cccc5ccccc45)cc3)cc2)c1,0.0971917469865164,binned_cosine_1Da,72,False,predicted_spectrum,1241
CASMI2022,iceberg,completed,0,0,3,CASMI_MOL_1196787,CASMI_MOL_45,45,c1cc(-c2cccc3ccccc23)cc(N(c2ccccc2-c2ccc3sc4ccccc4c3c2)c2ccccc2-n2c3ccccc3c3ccccc32)c1,0.0946329350170447,binned_cosine_1Da,73,False,predicted_spectrum,1241
CASMI2022,iceberg,completed,0,0,3,CASMI_MOL_1196787,CASMI_MOL_37,37,c1ccc(N(c2ccc(-c3ccc4ccccc4c3)cc2)c2ccccc2-n2c3ccccc3c3ccccc32)c(-c2ccc3sc4ccccc4c3c2)c1,0.0946264996325369,binned_cosine_1Da,74,False,predicted_spectrum,1241
CASMI2022,iceberg,completed,0,0,3,CASMI_MOL_1196787,CASMI_MOL_336,336,Cc1cnc(N2CC3(CCOCC3)C2)c(C(=O)Nc2ccc(C(=O)N3CCc4cc(C(=O)Cc5c(F)cccc5F)sc4-c4ccccc43)cc2)c1,0.0944792307853547,binned_cosine_1Da,75,False,predicted_spectrum,1241
CASMI2022,iceberg,completed,0,0,3,CASMI_MOL_1196787,CASMI_MOL_77,77,c1cc(-c2ccc3ccccc3c2)cc(N(c2ccccc2-c2ccc3sc4ccccc4c3c2)c2ccccc2-n2c3ccccc3c3ccccc32)c1,0.0940364468882886,binned_cosine_1Da,76,False,predicted_spectrum,1241
CASMI2022,iceberg,completed,0,0,3,CASMI_MOL_1196787,CASMI_MOL_546,546,CCOC(=O)C(C(=O)OCC)c1ccccc1COC(=O)Cc1ccc(C(=O)Nc2c(-c3ccccc3)cccc2C(F)(F)F)c(C(=O)N(C)C)c1,0.092707823515761,binned_cosine_1Da,77,False,predicted_spectrum,1241
CASMI2022,iceberg,completed,0,0,3,CASMI_MOL_1196787,CASMI_MOL_1196,1196,CCOC(=O)C(C(=O)OCC)c1ccccc1COC(=O)Cc1ccc(NC(=O)c2ccccc2-c2ccc(C(F)(F)F)cc2)c(C(=O)N(C)C)c1,0.0926802092855043,binned_cosine_1Da,78,False,predicted_spectrum,1241
CASMI2022,iceberg,completed,0,0,3,CASMI_MOL_1196787,CASMI_MOL_1047,1047,CCCC(C)(C)n1c(=O)c2cc3c(=O)n(-c4cc(C(c5ccc(O)c(C(C)(CC)CC)c5)(C(F)(F)F)C(F)(F)F)ccc4O)c(=O)c3cc2c1=O,0.0921258177024365,binned_cosine_1Da,79,False,predicted_spectrum,1241
CASMI2022,iceberg,completed,0,0,3,CASMI_MOL_1196787,CASMI_MOL_1040,1040,CC(C)(C)c1ccc(C(c2ccc(-c3ccc(C(c4ccc(C(C)(C)C)cc4)(C(F)(F)F)C(F)(F)F)cc3)cc2)(C(F)(F)F)C(F)(F)F)cc1,0.0920035917483857,binned_cosine_1Da,80,False,predicted_spectrum,1241
CASMI2022,iceberg,completed,0,0,3,CASMI_MOL_1196787,CASMI_MOL_1130,1130,COc1nc(N)nc2c1ncn2C1OC(COc2ccc3ccccc3c2O[P+]([O-])=NC(C(=O)OC(C)c2ccccc2)C(C)C)C(O)C1(C)O,0.0916581338207304,binned_cosine_1Da,81,False,predicted_spectrum,1241
CASMI2022,iceberg,completed,0,0,3,CASMI_MOL_1196787,CASMI_MOL_1007,1007,CC(NC(=O)CNC(=O)CNc1ncc(C=O)s1)C(=O)NCC(=O)NC(Cc1ccc(O)cc1)C(=O)NCC(=O)NC(C)C(=O)NCC(N)=O,0.0913815093001636,binned_cosine_1Da,82,False,predicted_spectrum,1241
CASMI2022,iceberg,completed,0,0,3,CASMI_MOL_1196787,CASMI_MOL_573,573,O=C(O)CCNC(=O)c1ccc(CC(C(=O)Nc2ccc(OC(F)(F)P)c(SCc3ccccc3)c2)c2ccc(C3CCCCC3)cc2)cc1,0.0912243963245968,binned_cosine_1Da,83,False,predicted_spectrum,1241
CASMI2022,iceberg,completed,0,0,3,CASMI_MOL_1196787,CASMI_MOL_1136,1136,CCN(CC)c1ccc2c(-c3ccc(S(=O)(=O)NC(Cc4ccccc4)C(=O)NC)cc3S(=O)(=O)[O-])c3ccc(=[N+](CC)CC)cc-3oc2c1,0.0910958093528958,binned_cosine_1Da,84,False,predicted_spectrum,1241
CASMI2022,iceberg,completed,0,0,3,CASMI_MOL_1196787,CASMI_MOL_93,93,c1cc(-c2ccc(N(c3cccc4ccccc34)c3cccc4c3sc3ccccc34)cc2)cc(-c2ccccc2-n2c3ccccc3c3ccccc32)c1,0.0897641718547125,binned_cosine_1Da,85,False,predicted_spectrum,1241
CASMI2022,iceberg,completed,0,0,3,CASMI_MOL_1196787,CASMI_MOL_428,428,c1cc(-c2cccc3ccccc23)cc(N(c2ccccc2-c2cccc3c2sc2ccccc23)c2ccccc2-n2c3ccccc3c3ccccc32)c1,0.0891014432078553,binned_cosine_1Da,86,False,predicted_spectrum,1241
CASMI2022,iceberg,completed,0,0,3,CASMI_MOL_1196787,CASMI_MOL_74,74,c1cc(-c2cccc3ccccc23)cc(N(c2ccccc2-c2ccc3c(c2)sc2ccccc23)c2ccccc2-n2c3ccccc3c3ccccc32)c1,0.0888217690419882,binned_cosine_1Da,87,False,predicted_spectrum,1241
CASMI2022,iceberg,completed,0,0,3,CASMI_MOL_1196787,CASMI_MOL_64,64,c1cc(-c2ccc3ccccc3c2)cc(N(c2ccccc2-c2ccc3c(c2)sc2ccccc23)c2ccccc2-n2c3ccccc3c3ccccc32)c1,0.0882728085728947,binned_cosine_1Da,88,False,predicted_spectrum,1241
CASMI2022,iceberg,completed,0,0,3,CASMI_MOL_1196787,CASMI_MOL_871,871,COc1cc(CC(NC(=O)OC2C3COC4OCC2C4C3)C(O)CN(CC(C)C)S(=O)(=O)c2ccc3nc(NC4CC4)sc3c2)ccc1F,0.0881642877182376,binned_cosine_1Da,89,False,predicted_spectrum,1241
CASMI2022,iceberg,completed,0,0,3,CASMI_MOL_1196787,CASMI_MOL_578,578,O=C(CN1CCN(Cc2nc(-c3ccc(COc4ccccc4C(F)(F)F)cc3)no2)CC1)NN=Cc1ccc(OCc2cccc(F)c2)cc1O,0.0876032506303425,binned_cosine_1Da,90,False,predicted_spectrum,1241
CASMI2022,iceberg,completed,0,0,3,CASMI_MOL_1196787,CASMI_MOL_621,621,O=C(CN1CCN(Cc2nc(-c3ccc(COc4ccccc4C(F)(F)F)cc3)no2)CC1)NN=Cc1ccc(OCc2cccc(F)c2)cc1O,0.0876032506303425,binned_cosine_1Da,91,False,predicted_spectrum,1241
CASMI2022,iceberg,completed,0,0,3,CASMI_MOL_1196787,CASMI_MOL_490,490,CC1CNCC(CCc2c(F)cccc2NC(=O)C(C(c2ccc(Cl)cc2)C2CCOCC2)N(C)C(=O)O)N1S(=O)(=O)c1ccc(F)cc1,0.087449677751835,binned_cosine_1Da,92,False,predicted_spectrum,1241
CASMI2022,iceberg,completed,0,0,3,CASMI_MOL_1196787,CASMI_MOL_798,798,CC(=O)NC1C(=O)N2C(C(=O)OC(c3ccccc3)c3ccccc3)=C(CSc3ccc(CC(=O)NCCOCCOCCN)cc3)CSC12,0.0871836655780392,binned_cosine_1Da,93,False,predicted_spectrum,1241
CASMI2022,iceberg,completed,0,0,3,CASMI_MOL_1196787,CASMI_MOL_926,926,Cc1ccc(-c2ccc(-c3nc(-c4ccc(CN(CC(=O)O)C(=O)c5ccc(NC(=O)Cc6ccc(C)cc6C(F)(F)F)cc5)cc4)no3)cc2)cc1,0.0866105347408255,binned_cosine_1Da,94,False,predicted_spectrum,1241
CASMI2022,iceberg,completed,0,0,3,CASMI_MOL_1196787,CASMI_MOL_91,91,c1cc(-c2ccc(N(c3cccc4ccccc34)c3cccc4sc5ccccc5c34)cc2)cc(-c2ccccc2-n2c3ccccc3c3ccccc32)c1,0.0860657499077342,binned_cosine_1Da,95,False,predicted_spectrum,1241
CASMI2022,iceberg,completed,0,0,3,CASMI_MOL_1196787,CASMI_MOL_1213,1213,COc1ccc(CC2COC(=O)C2(O)Cc2ccc(OC3OC(COC(C)=O)C(OC(C)=O)C(OC(C)=O)C3OC(C)=O)c(OC)c2)cc1OC,0.0854630551816239,binned_cosine_1Da,96,False,predicted_spectrum,1241
CASMI2022,iceberg,completed,0,0,3,CASMI_MOL_1196787,CASMI_MOL_1075,1075,O=C1COc2ccc(cc2)CC(C(=O)O)NC(=O)C(Cc2ccccc2)NC(=O)C(Cc2cccc3ccccc23)NC(=O)C(Cc2cccs2)N1,0.0850084672891878,binned_cosine_1Da,97,False,predicted_spectrum,1241
CASMI2022,iceberg,completed,0,0,3,CASMI_MOL_1196787,CASMI_MOL_426,426,c1ccc(N(c2ccc(-c3ccc4ccccc4c3)cc2)c2ccccc2-n2c3ccccc3c3ccccc32)c(-c2ccc3c(c2)sc2ccccc23)c1,0.0846807970276172,binned_cosine_1Da,98,False,predicted_spectrum,1241
CASMI2022,iceberg,completed,0,0,3,CASMI_MOL_1196787,CASMI_MOL_76,76,c1ccc(N(c2ccc(-c3ccc4ccccc4c3)cc2)c2ccccc2-n2c3ccccc3c3ccccc32)c(-c2cccc3c2sc2ccccc23)c1,0.0845957786315777,binned_cosine_1Da,99,False,predicted_spectrum,1241
CASMI2022,iceberg,completed,0,0,3,CASMI_MOL_1196787,CASMI_MOL_949,949,CC(=O)N1CCC(C(=O)N(CCCN2CC3CN(C(=O)c4cnn(-c5ccc(Cl)cc5)c4C(F)(F)F)CC3C2)c2ccc(C)c(Cl)c2)CC1,0.0844650806512024,binned_cosine_1Da,100,False,predicted_spectrum,1241
CASMI2022,iceberg,completed,3,3,9,CASMI_MOL_1196790,CASMI_MOL_12110,12110,CCCC(=O)N1CSCC1C(=O)Nc1cccc(CNCC)c1,0.3648729933897605,binned_cosine_1Da,1,False,predicted_spectrum,8524
CASMI2022,iceberg,completed,3,3,9,CASMI_MOL_1196790,CASMI_MOL_10407,10407,CN(C)CCc1c[nH]c2ccc(CS(=O)(=O)N3CCCC3)cc12,0.3595389906171004,binned_cosine_1Da,2,False,predicted_spectrum,8524
CASMI2022,iceberg,completed,3,3,9,CASMI_MOL_1196790,CASMI_MOL_18217,18217,CN(C)CCc1c[nH]c2ccc(CS(=O)(=O)N3CCCC3)cc12,0.3595389906171004,binned_cosine_1Da,3,False,predicted_spectrum,8524
CASMI2022,iceberg,completed,3,3,9,CASMI_MOL_1196790,CASMI_MOL_1196790,1196790,CN(C)CCc1c[nH]c2ccc(CS(=O)(=O)N3CCCC3)cc12,0.3595389906171004,binned_cosine_1Da,4,True,predicted_spectrum,8524
CASMI2022,iceberg,completed,3,3,9,CASMI_MOL_1196790,CASMI_MOL_10015,10015,CN(CCN(CCOCCNCC(=O)O)CC(=O)O)CC(=O)O,0.3592628859790838,binned_cosine_1Da,5,False,predicted_spectrum,8524
CASMI2022,iceberg,completed,3,3,9,CASMI_MOL_1196790,CASMI_MOL_15504,15504,CC(c1c[nH]c2ccc(CS(=O)(=O)N3CCCC3)cc12)N(C)C,0.3440170409084319,binned_cosine_1Da,6,False,predicted_spectrum,8524
CASMI2022,iceberg,completed,3,3,9,CASMI_MOL_1196790,CASMI_MOL_10389,10389,CCNCC1(C(=O)O)CN(N2CCCC2)c2ccc(F)cc2C1=O,0.3231653735723968,binned_cosine_1Da,7,False,predicted_spectrum,8524
CASMI2022,iceberg,completed,3,3,9,CASMI_MOL_1196790,CASMI_MOL_14949,14949,CC(COc1ccc(F)cc1)NC(=O)CCc1nc(C(C)C)no1,0.3169703762376615,binned_cosine_1Da,8,False,predicted_spectrum,8524
CASMI2022,iceberg,completed,3,3,9,CASMI_MOL_1196790,CASMI_MOL_15868,15868,CN(C)CCc1c[nH]c2cc(CS(=O)(=O)N3CCCC3)ccc12,0.3063395006433457,binned_cosine_1Da,9,False,predicted_spectrum,8524
CASMI2022,iceberg,completed,3,3,9,CASMI_MOL_1196790,CASMI_MOL_9925,9925,CC(C(=O)N1CCN(c2nnnn2C)CC1)N(C)CC(F)(F)F,0.295769731171884,binned_cosine_1Da,10,False,predicted_spectrum,8524
CASMI2022,iceberg,completed,3,3,9,CASMI_MOL_1196790,CASMI_MOL_12509,12509,CCNCC1CCN(C(=O)c2ccccc2SCC(N)=O)CC1,0.2874550387823553,binned_cosine_1Da,11,False,predicted_spectrum,8524
CASMI2022,iceberg,completed,3,3,9,CASMI_MOL_1196790,CASMI_MOL_17308,17308,CN(C)CCc1cc2cc(CS(=O)(=O)N3CCCC3)ccc2[nH]1,0.2766095770101998,binned_cosine_1Da,12,False,predicted_spectrum,8524
CASMI2022,iceberg,completed,3,3,9,CASMI_MOL_1196790,CASMI_MOL_12679,12679,CN(C)Cc1c(C(=O)O)nc2sc3c(n12)CC(C)(C)CC3(C)C,0.2688181932100921,binned_cosine_1Da,13,False,predicted_spectrum,8524
CASMI2022,iceberg,completed,3,3,9,CASMI_MOL_1196790,CASMI_MOL_17307,17307,C=CCNS(=O)(=O)CCc1ccc2[nH]cc(CCN(C)C)c2c1,0.2672918910599642,binned_cosine_1Da,14,False,predicted_spectrum,8524
CASMI2022,iceberg,completed,3,3,9,CASMI_MOL_1196790,CASMI_MOL_14318,14318,CCC(Sc1ccccc1)C(=O)N1CCCN(CC(N)=O)CC1,0.2653475440551013,binned_cosine_1Da,15,False,predicted_spectrum,8524
CASMI2022,iceberg,completed,3,3,9,CASMI_MOL_1196790,CASMI_MOL_14319,14319,CCC(Sc1ccccc1)C(=O)N1CCCN(CC(N)=O)CC1,0.2653475440551013,binned_cosine_1Da,16,False,predicted_spectrum,8524
CASMI2022,iceberg,completed,3,3,9,CASMI_MOL_1196790,CASMI_MOL_15995,15995,CCC(Sc1ccccc1)C(=O)N1CCCN(CC(N)=O)CC1,0.2653475440551013,binned_cosine_1Da,17,False,predicted_spectrum,8524
CASMI2022,iceberg,completed,3,3,9,CASMI_MOL_1196790,CASMI_MOL_13151,13151,Cc1onc(C(C)(C)C)c1C(=O)NCC(c1cccs1)N(C)C,0.2631630134182084,binned_cosine_1Da,18,False,predicted_spectrum,8524
CASMI2022,iceberg,completed,3,3,9,CASMI_MOL_1196790,CASMI_MOL_14899,14899,COOCN(CCN(C)CC=O)CCN(CC(=O)O)CC(=O)O,0.2628896238428975,binned_cosine_1Da,19,False,predicted_spectrum,8524
CASMI2022,iceberg,completed,3,3,9,CASMI_MOL_1196790,CASMI_MOL_12789,12789,CN(C)CC(C)(C)CNC(=O)c1ccc2c(c1)NC(=O)CCS2,0.2618502901484659,binned_cosine_1Da,20,False,predicted_spectrum,8524
CASMI2022,iceberg,completed,3,3,9,CASMI_MOL_1196790,CASMI_MOL_15076,15076,CC1CCc2c(sc3nc(CN(C)C)n(CCCO)c(=O)c23)C1,0.2603313578623271,binned_cosine_1Da,21,False,predicted_spectrum,8524
CASMI2022,iceberg,completed,3,3,9,CASMI_MOL_1196790,CASMI_MOL_12790,12790,CC1Sc2ccc(C(=O)NCC(C)(C)CN(C)C)cc2NC1=O,0.2599327401137994,binned_cosine_1Da,22,False,predicted_spectrum,8524
CASMI2022,iceberg,completed,3,3,9,CASMI_MOL_1196790,CASMI_MOL_10039,10039,CN(C)C(C#Cc1ccccc1)(C#Cc1ccccc1)c1ccccc1,0.2524279848044079,binned_cosine_1Da,23,False,predicted_spectrum,8524
CASMI2022,iceberg,completed,3,3,9,CASMI_MOL_1196790,CASMI_MOL_14859,14859,CC(N)C(=O)OCCOC(=O)C(N)C(C)OC(=O)C(N)C(C)O,0.243408440755743,binned_cosine_1Da,24,False,predicted_spectrum,8524
CASMI2022,iceberg,completed,3,3,9,CASMI_MOL_1196790,CASMI_MOL_13165,13165,CC(=Cc1cccs1)C(=O)N1CCN(C(=O)CCN(C)C)CC1,0.2415842612120553,binned_cosine_1Da,25,False,predicted_spectrum,8524
CASMI2022,iceberg,completed,3,3,9,CASMI_MOL_1196790,CASMI_MOL_15666,15666,C=CCn1cc(CCN(C)C)c2cc(CS(=O)(=O)NC)ccc21,0.2393678534248494,binned_cosine_1Da,26,False,predicted_spectrum,8524
CASMI2022,iceberg,completed,3,3,9,CASMI_MOL_1196790,CASMI_MOL_10947,10947,CCNCC[S+]([O-])NC(=O)Nc1c2c(cc3c1CCC3)CCC2,0.2373207004492598,binned_cosine_1Da,27,False,predicted_spectrum,8524
CASMI2022,iceberg,completed,3,3,9,CASMI_MOL_1196790,CASMI_MOL_12335,12335,CN(C)C(CNC1CCN(CC(F)(F)F)CC1)c1cccs1,0.2371367238487074,binned_cosine_1Da,28,False,predicted_spectrum,8524
CASMI2022,iceberg,completed,3,3,9,CASMI_MOL_1196790,CASMI_MOL_15659,15659,CN(C)CCc1cn(CS(=O)(=O)C2CCCN2)c2ccccc12,0.2357168039963125,binned_cosine_1Da,29,False,predicted_spectrum,8524
CASMI2022,iceberg,completed,3,3,9,CASMI_MOL_1196790,CASMI_MOL_15972,15972,Cc1cc(SC(C)(C)C)ccc1NC(=O)NCC(=O)NC1CC1,0.235637562322848,binned_cosine_1Da,30,False,predicted_spectrum,8524
CASMI2022,iceberg,completed,3,3,9,CASMI_MOL_1196790,CASMI_MOL_16773,16773,CC(C)CS(=O)(=O)c1ncc(CN(C)C)n1Cc1ccccc1,0.2334675566893928,binned_cosine_1Da,31,False,predicted_spectrum,8524
CASMI2022,iceberg,completed,3,3,9,CASMI_MOL_1196790,CASMI_MOL_10880,10880,CCCCCNc1ccc2c3c(oc2c1F)=C(F)C(OCC)CC=3,0.2274638936587298,binned_cosine_1Da,32,False,predicted_spectrum,8524
CASMI2022,iceberg,completed,3,3,9,CASMI_MOL_1196790,CASMI_MOL_17293,17293,Cc1c(F)ccc2c1C1(CC(C)O2)NC(=O)N(CCN(C)C)C1=O,0.225215537338259,binned_cosine_1Da,33,False,predicted_spectrum,8524
CASMI2022,iceberg,completed,3,3,9,CASMI_MOL_1196790,CASMI_MOL_17292,17292,CC1CC2(NC(=O)N(CCCN(C)C)C2=O)c2cc(F)ccc2O1,0.224064044735185,binned_cosine_1Da,34,False,predicted_spectrum,8524
CASMI2022,iceberg,completed,3,3,9,CASMI_MOL_1196790,CASMI_MOL_16031,16031,Cc1cccc(OCCN(C)Cn2nc(C(C)(C)C)oc2=S)c1,0.2211662078750162,binned_cosine_1Da,35,False,predicted_spectrum,8524
CASMI2022,iceberg,completed,3,3,9,CASMI_MOL_1196790,CASMI_MOL_9854,9854,C=CC(=O)N(CC)CC(=O)NCc1nc2c(s1)CC(C)(C)CC2,0.2208212157479704,binned_cosine_1Da,36,False,predicted_spectrum,8524
CASMI2022,iceberg,completed,3,3,9,CASMI_MOL_1196790,CASMI_MOL_10050,10050,CCCN(CCNC)C(=N)SC=C(C)C(=O)Oc1ccccc1,0.2184394790855727,binned_cosine_1Da,37,False,predicted_spectrum,8524
CASMI2022,iceberg,completed,3,3,9,CASMI_MOL_1196790,CASMI_MOL_14903,14903,CC(=N)NCCCC(NCC1(O)OCC(O)C(O)C1O)OC=O,0.2180945786205874,binned_cosine_1Da,38,False,predicted_spectrum,8524
CASMI2022,iceberg,completed,3,3,9,CASMI_MOL_1196790,CASMI_MOL_11115,11115,CC1CCc2c(C(=O)NC3CCN(CC(N)=O)CC3)csc2C1,0.214876092636373,binned_cosine_1Da,39,False,predicted_spectrum,8524
CASMI2022,iceberg,completed,3,3,9,CASMI_MOL_1196790,CASMI_MOL_17630,17630,Cc1cccc(C)c1CNCc1ccc(Oc2ccc(F)cc2)cc1,0.213857758445325,binned_cosine_1Da,40,False,predicted_spectrum,8524
CASMI2022,iceberg,completed,3,3,9,CASMI_MOL_1196790,CASMI_MOL_16081,16081,Fc1ccccc1Oc1ccc(CNCCCc2ccccc2)cc1,0.2131481845212063,binned_cosine_1Da,41,False,predicted_spectrum,8524
CASMI2022,iceberg,completed,3,3,9,CASMI_MOL_1196790,CASMI_MOL_15639,15639,C=C(C)C(=O)OCCN1C(O)N(CCO)C(O)N(CCO)C1O,0.2130101650491371,binned_cosine_1Da,42,False,predicted_spectrum,8524
CASMI2022,iceberg,completed,3,3,9,CASMI_MOL_1196790,CASMI_MOL_15480,15480,CNC(C)(C)c1c[nH]c2ccc(CS(=O)(=O)N3CCCC3)cc12,0.2101958090982154,binned_cosine_1Da,43,False,predicted_spectrum,8524
CASMI2022,iceberg,completed,3,3,9,CASMI_MOL_1196790,CASMI_MOL_11047,11047,CCn1ccc2cc(CN3CCCN(S(C)(=O)=O)CC3)ccc21,0.2100336442286758,binned_cosine_1Da,44,False,predicted_spectrum,8524
CASMI2022,iceberg,completed,3,3,9,CASMI_MOL_1196790,CASMI_MOL_17635,17635,CC(C)(NCc1ccc(Oc2ccc(F)cc2)cc1)c1ccccc1,0.2075074898989855,binned_cosine_1Da,45,False,predicted_spectrum,8524
CASMI2022,iceberg,completed,3,3,9,CASMI_MOL_1196790,CASMI_MOL_12972,12972,CSCC(CCO)NC(=O)NCCc1c[nH]c2c(C)cccc12,0.2059477076373475,binned_cosine_1Da,46,False,predicted_spectrum,8524
CASMI2022,iceberg,completed,3,3,9,CASMI_MOL_1196790,CASMI_MOL_14704,14704,CC1CN(C(=O)CCC(=O)NCCN(C)C)c2ccccc2S1,0.2042123577251584,binned_cosine_1Da,47,False,predicted_spectrum,8524
CASMI2022,iceberg,completed,3,3,9,CASMI_MOL_1196790,CASMI_MOL_14705,14705,CC1CN(C(=O)CCC(=O)NCCN(C)C)c2ccccc2S1,0.2042123577251584,binned_cosine_1Da,48,False,predicted_spectrum,8524
CASMI2022,iceberg,completed,3,3,9,CASMI_MOL_1196790,CASMI_MOL_17273,17273,CC1CN(C(=O)CCC(=O)NCCN(C)C)c2ccccc2S1,0.2042123577251584,binned_cosine_1Da,49,False,predicted_spectrum,8524
CASMI2022,iceberg,completed,3,3,9,CASMI_MOL_1196790,CASMI_MOL_14904,14904,CC(=N)CCNCC(NCC1(O)OCC(O)C(O)C1O)OC=O,0.202092101305238,binned_cosine_1Da,50,False,predicted_spectrum,8524
CASMI2022,iceberg,completed,3,3,9,CASMI_MOL_1196790,CASMI_MOL_12020,12020,Cc1nc(NCC2CCC(N(C)C)(C(F)(F)F)CC2)sc1C,0.2019131360439806,binned_cosine_1Da,51,False,predicted_spectrum,8524
CASMI2022,iceberg,completed,3,3,9,CASMI_MOL_1196790,CASMI_MOL_12219,12219,NC(=O)C1CCN(C2CN(C(=O)COc3ccccc3F)C2)CC1,0.2018261630350879,binned_cosine_1Da,52,False,predicted_spectrum,8524
CASMI2022,iceberg,completed,3,3,9,CASMI_MOL_1196790,CASMI_MOL_13566,13566,Cc1cc(N(C)C)ccc1-c1ccc2ccc3cccc4ccc1c2c34,0.2012616235196537,binned_cosine_1Da,53,False,predicted_spectrum,8524
CASMI2022,iceberg,completed,3,3,9,CASMI_MOL_1196790,CASMI_MOL_12842,12842,Cc1noc(CCCC(=O)NC(C)CC(O)c2ccc(F)cc2)n1,0.2002928076793832,binned_cosine_1Da,54,False,predicted_spectrum,8524
CASMI2022,iceberg,completed,3,3,9,CASMI_MOL_1196790,CASMI_MOL_10948,10948,CN(C)CC[S+]([O-])NC(=O)Nc1c2c(cc3c1CCC3)CCC2,0.1990324346732869,binned_cosine_1Da,55,False,predicted_spectrum,8524
CASMI2022,iceberg,completed,3,3,9,CASMI_MOL_1196790,CASMI_MOL_11440,11440,CN(C)CCN1C(=O)CCC12CCCN(C(=O)c1cccs1)C2,0.1989902123303534,binned_cosine_1Da,56,False,predicted_spectrum,8524
CASMI2022,iceberg,completed,3,3,9,CASMI_MOL_1196790,CASMI_MOL_13900,13900,CN(C)CCN1C(=O)CCC12CCCN(C(=O)c1cccs1)C2,0.1989902123303534,binned_cosine_1Da,57,False,predicted_spectrum,8524
CASMI2022,iceberg,completed,3,3,9,CASMI_MOL_1196790,CASMI_MOL_13901,13901,CN(C)CCN1C(=O)CCC12CCCN(C(=O)c1cccs1)C2,0.1989902123303534,binned_cosine_1Da,58,False,predicted_spectrum,8524
CASMI2022,iceberg,completed,3,3,9,CASMI_MOL_1196790,CASMI_MOL_16059,16059,CCCCCCC(=O)NC(=S)Nc1cccc(C(=O)NCC)c1,0.1986696533820433,binned_cosine_1Da,59,False,predicted_spectrum,8524
CASMI2022,iceberg,completed,3,3,9,CASMI_MOL_1196790,CASMI_MOL_14553,14553,CC(SCc1ccccc1)C(=O)N1CCCN(CC(N)=O)CC1,0.1981675349443771,binned_cosine_1Da,60,False,predicted_spectrum,8524
CASMI2022,iceberg,completed,3,3,9,CASMI_MOL_1196790,CASMI_MOL_14554,14554,CC(SCc1ccccc1)C(=O)N1CCCN(CC(N)=O)CC1,0.1981675349443771,binned_cosine_1Da,61,False,predicted_spectrum,8524
CASMI2022,iceberg,completed,3,3,9,CASMI_MOL_1196790,CASMI_MOL_16471,16471,CC(SCc1ccccc1)C(=O)N1CCCN(CC(N)=O)CC1,0.1981675349443771,binned_cosine_1Da,62,False,predicted_spectrum,8524
CASMI2022,iceberg,completed,3,3,9,CASMI_MOL_1196790,CASMI_MOL_15173,15173,CC1=C(CC(N)=O)c2cc(F)ccc2C1=Cc1ccc(C(C)C)cc1,0.1981002624998428,binned_cosine_1Da,63,False,predicted_spectrum,8524
CASMI2022,iceberg,completed,3,3,9,CASMI_MOL_1196790,CASMI_MOL_16061,16061,CC1=C(CC(N)=O)c2cc(F)ccc2C1=Cc1ccc(C(C)C)cc1,0.1981002624998428,binned_cosine_1Da,64,False,predicted_spectrum,8524
CASMI2022,iceberg,completed,3,3,9,CASMI_MOL_1196790,CASMI_MOL_16062,16062,CC1=C(CC(N)=O)c2cc(F)ccc2C1=Cc1ccc(C(C)C)cc1,0.1981002624998428,binned_cosine_1Da,65,False,predicted_spectrum,8524
CASMI2022,iceberg,completed,3,3,9,CASMI_MOL_1196790,CASMI_MOL_16052,16052,CCCCCCC(=O)NC(=S)Nc1ccccc1C(=O)NCC,0.197396776951113,binned_cosine_1Da,66,False,predicted_spectrum,8524
CASMI2022,iceberg,completed,3,3,9,CASMI_MOL_1196790,CASMI_MOL_14359,14359,CS(=O)(=O)NCCCN1CCCCC1c1cc2ccccc2[nH]1,0.1968149190615382,binned_cosine_1Da,67,False,predicted_spectrum,8524
CASMI2022,iceberg,completed,3,3,9,CASMI_MOL_1196790,CASMI_MOL_14360,14360,CS(=O)(=O)NCCCN1CCCCC1c1cc2ccccc2[nH]1,0.1968149190615382,binned_cosine_1Da,68,False,predicted_spectrum,8524
CASMI2022,iceberg,completed,3,3,9,CASMI_MOL_1196790,CASMI_MOL_16104,16104,CS(=O)(=O)NCCCN1CCCCC1c1cc2ccccc2[nH]1,0.1968149190615382,binned_cosine_1Da,69,False,predicted_spectrum,8524
CASMI2022,iceberg,completed,3,3,9,CASMI_MOL_1196790,CASMI_MOL_12973,12973,CSC(CO)C(C)NC(=O)NCCc1c[nH]c2c(C)cccc12,0.1967674003747513,binned_cosine_1Da,70,False,predicted_spectrum,8524
CASMI2022,iceberg,completed,3,3,9,CASMI_MOL_1196790,CASMI_MOL_14409,14409,CC(C)Sc1ccc(C(C)NC(=O)NCC(=O)NC2CC2)cc1,0.1967381511887287,binned_cosine_1Da,71,False,predicted_spectrum,8524
CASMI2022,iceberg,completed,3,3,9,CASMI_MOL_1196790,CASMI_MOL_14410,14410,CC(C)Sc1ccc(C(C)NC(=O)NCC(=O)NC2CC2)cc1,0.1967381511887287,binned_cosine_1Da,72,False,predicted_spectrum,8524
CASMI2022,iceberg,completed,3,3,9,CASMI_MOL_1196790,CASMI_MOL_16137,16137,CC(C)Sc1ccc(C(C)NC(=O)NCC(=O)NC2CC2)cc1,0.1967381511887287,binned_cosine_1Da,73,False,predicted_spectrum,8524
CASMI2022,iceberg,completed,3,3,9,CASMI_MOL_1196790,CASMI_MOL_13491,13491,CCNS(=O)(=O)C1CCN(Cc2cc3c(C)c(C)ccc3[nH]2)C1,0.1966996386925641,binned_cosine_1Da,74,False,predicted_spectrum,8524
CASMI2022,iceberg,completed,3,3,9,CASMI_MOL_1196790,CASMI_MOL_13678,13678,CCNS(=O)(=O)C1CCN(Cc2cc3c(C)c(C)ccc3[nH]2)C1,0.1966996386925641,binned_cosine_1Da,75,False,predicted_spectrum,8524
CASMI2022,iceberg,completed,3,3,9,CASMI_MOL_1196790,CASMI_MOL_13679,13679,CCNS(=O)(=O)C1CCN(Cc2cc3c(C)c(C)ccc3[nH]2)C1,0.1966996386925641,binned_cosine_1Da,76,False,predicted_spectrum,8524
CASMI2022,iceberg,completed,3,3,9,CASMI_MOL_1196790,CASMI_MOL_11550,11550,CCNC(=O)c1ccc(NC(=O)N2CCSCCC2C)c(C)c1,0.1960036771464454,binned_cosine_1Da,77,False,predicted_spectrum,8524
CASMI2022,iceberg,completed,3,3,9,CASMI_MOL_1196790,CASMI_MOL_11551,11551,CCNC(=O)c1ccc(NC(=O)N2CCSCCC2C)c(C)c1,0.1960036771464454,binned_cosine_1Da,78,False,predicted_spectrum,8524
CASMI2022,iceberg,completed,3,3,9,CASMI_MOL_1196790,CASMI_MOL_12166,12166,CCNC(=O)c1ccc(NC(=O)N2CCSCCC2C)c(C)c1,0.1960036771464454,binned_cosine_1Da,79,False,predicted_spectrum,8524
CASMI2022,iceberg,completed,3,3,9,CASMI_MOL_1196790,CASMI_MOL_14072,14072,Cc1ccc(C(CNC(=O)c2sc(C(C)C)nc2C)N(C)C)o1,0.1952386658763044,binned_cosine_1Da,80,False,predicted_spectrum,8524
CASMI2022,iceberg,completed,3,3,9,CASMI_MOL_1196790,CASMI_MOL_14073,14073,Cc1ccc(C(CNC(=O)c2sc(C(C)C)nc2C)N(C)C)o1,0.1952386658763044,binned_cosine_1Da,81,False,predicted_spectrum,8524
CASMI2022,iceberg,completed,3,3,9,CASMI_MOL_1196790,CASMI_MOL_15295,15295,Cc1ccc(C(CNC(=O)c2sc(C(C)C)nc2C)N(C)C)o1,0.1952386658763044,binned_cosine_1Da,82,False,predicted_spectrum,8524
CASMI2022,iceberg,completed,3,3,9,CASMI_MOL_1196790,CASMI_MOL_13022,13022,CSC(CO)C(C)NC(=O)NCCCn1ccc2ccccc21,0.1946042997878524,binned_cosine_1Da,83,False,predicted_spectrum,8524
CASMI2022,iceberg,completed,3,3,9,CASMI_MOL_1196790,CASMI_MOL_9799,9799,CC(C)c1ccc(F)c2c1n(C)c(=O)n2C(C)CCC(=O)NC=O,0.1943643518182623,binned_cosine_1Da,84,False,predicted_spectrum,8524
CASMI2022,iceberg,completed,3,3,9,CASMI_MOL_1196790,CASMI_MOL_12882,12882,Cc1ccc(-c2noc(CCC(=O)NC(C)CCCO)n2)cc1F,0.1941393550082125,binned_cosine_1Da,85,False,predicted_spectrum,8524
CASMI2022,iceberg,completed,3,3,9,CASMI_MOL_1196790,CASMI_MOL_11669,11669,CCCCCS(=O)(=O)n1c(N2CCNCC2)cc2ccccc21,0.1940857438714817,binned_cosine_1Da,86,False,predicted_spectrum,8524
CASMI2022,iceberg,completed,3,3,9,CASMI_MOL_1196790,CASMI_MOL_12570,12570,CCNCCNC(=O)c1ccccc1SCC(=O)N1CCCC1,0.1925993605676451,binned_cosine_1Da,87,False,predicted_spectrum,8524
CASMI2022,iceberg,completed,3,3,9,CASMI_MOL_1196790,CASMI_MOL_13848,13848,Cc1noc(C)c1C(C)NC(=O)NCC(C)Oc1cccc(F)c1,0.1925917152854495,binned_cosine_1Da,88,False,predicted_spectrum,8524
CASMI2022,iceberg,completed,3,3,9,CASMI_MOL_1196790,CASMI_MOL_13849,13849,Cc1noc(C)c1C(C)NC(=O)NCC(C)Oc1cccc(F)c1,0.1925917152854495,binned_cosine_1Da,89,False,predicted_spectrum,8524
CASMI2022,iceberg,completed,3,3,9,CASMI_MOL_1196790,CASMI_MOL_13850,13850,Cc1noc(C)c1C(C)NC(=O)NCC(C)Oc1cccc(F)c1,0.1925917152854495,binned_cosine_1Da,90,False,predicted_spectrum,8524
CASMI2022,iceberg,completed,3,3,9,CASMI_MOL_1196790,CASMI_MOL_13851,13851,Cc1noc(C)c1C(C)NC(=O)NCC(C)Oc1cccc(F)c1,0.1925917152854495,binned_cosine_1Da,91,False,predicted_spectrum,8524
CASMI2022,iceberg,completed,3,3,9,CASMI_MOL_1196790,CASMI_MOL_15398,15398,Cc1noc(C)c1C(C)NC(=O)NCC(C)Oc1cccc(F)c1,0.1925917152854495,binned_cosine_1Da,92,False,predicted_spectrum,8524
CASMI2022,iceberg,completed,3,3,9,CASMI_MOL_1196790,CASMI_MOL_15832,15832,CC(C)c1cc2c(CN3CCN(S(C)(=O)=O)CC3)cccc2[nH]1,0.1923606496360154,binned_cosine_1Da,93,False,predicted_spectrum,8524
CASMI2022,iceberg,completed,3,3,9,CASMI_MOL_1196790,CASMI_MOL_17870,17870,CN(C)CCCNC(=S)Nc1ccc2c(c1)OC1(CCCC1)O2,0.1923529259016184,binned_cosine_1Da,94,False,predicted_spectrum,8524
CASMI2022,iceberg,completed,3,3,9,CASMI_MOL_1196790,CASMI_MOL_13009,13009,CSCC(CCO)NC(=O)NCCc1c[nH]c2cccc(C)c12,0.1921018833060449,binned_cosine_1Da,95,False,predicted_spectrum,8524
CASMI2022,iceberg,completed,3,3,9,CASMI_MOL_1196790,CASMI_MOL_17349,17349,CN1CCN(Nc2ncnc(Nc3cc(F)ccc3F)c2N)CC1,0.1918091806068665,binned_cosine_1Da,96,False,predicted_spectrum,8524
CASMI2022,iceberg,completed,3,3,9,CASMI_MOL_1196790,CASMI_MOL_12908,12908,CCN(CC(C)(C)O)C(=O)c1nn(-c2ccc(F)cc2C)cc1O,0.1908351372387731,binned_cosine_1Da,97,False,predicted_spectrum,8524
CASMI2022,iceberg,completed,3,3,9,CASMI_MOL_1196790,CASMI_MOL_13020,13020,CSC(CO)C(C)NC(=O)NCCc1c[nH]c2cccc(C)c12,0.1902797446460133,binned_cosine_1Da,98,False,predicted_spectrum,8524
CASMI2022,iceberg,completed,3,3,9,CASMI_MOL_1196790,CASMI_MOL_17347,17347,CN1CCN(Nc2ncnc(Nc3ccc(F)c(F)c3)c2N)CC1,0.1900264596333421,binned_cosine_1Da,99,False,predicted_spectrum,8524
CASMI2022,iceberg,completed,3,3,9,CASMI_MOL_1196790,CASMI_MOL_10263,10263,CN(C)CC(=O)N1CCC2(C1)CN(c1cccc(F)c1)C(=O)CO2,0.1896968383950941,binned_cosine_1Da,100,False,predicted_spectrum,8524
CASMI2022,iceberg,completed,4,4,10,CASMI_MOL_1196791,CASMI_MOL_19775,19775,CC(C)COC(=O)C(C#N)=Cc1ccc(OCCOc2ccc(OCc3ccccc3)cc2)cc1,0.5801537186767446,binned_cosine_1Da,1,False,predicted_spectrum,7594
CASMI2022,iceberg,completed,4,4,10,CASMI_MOL_1196791,CASMI_MOL_19778,19778,CC(C)COC(=O)C(C#N)=Cc1cccc(OCCOc2ccc(OCc3ccccc3)cc2)c1,0.5766849199430042,binned_cosine_1Da,2,False,predicted_spectrum,7594
CASMI2022,iceberg,completed,4,4,10,CASMI_MOL_1196791,CASMI_MOL_19777,19777,CCCCOC(=O)C(C#N)=Cc1cccc(OCCOc2ccc(OCc3ccccc3)cc2)c1,0.5721878086489272,binned_cosine_1Da,3,False,predicted_spectrum,7594
CASMI2022,iceberg,completed,4,4,10,CASMI_MOL_1196791,CASMI_MOL_19776,19776,CC(C)(C)OC(=O)C(C#N)=Cc1cccc(OCCOc2ccc(OCc3ccccc3)cc2)c1,0.569262975989776,binned_cosine_1Da,4,False,predicted_spectrum,7594
CASMI2022,iceberg,completed,4,4,10,CASMI_MOL_1196791,CASMI_MOL_25765,25765,COc1ccc(NC(=S)N(CCc2ccccc2C)Cc2cc3ccc(C)cc3[nH]c2=O)cc1,0.5393276572760273,binned_cosine_1Da,5,False,predicted_spectrum,7594
CASMI2022,iceberg,completed,4,4,10,CASMI_MOL_1196791,CASMI_MOL_19773,19773,CC(C)(C)OC(=O)C(C#N)=Cc1ccc(OCCOc2ccc(OCc3ccccc3)cc2)cc1,0.5351767555819654,binned_cosine_1Da,6,False,predicted_spectrum,7594
CASMI2022,iceberg,completed,4,4,10,CASMI_MOL_1196791,CASMI_MOL_19774,19774,CCCCOC(=O)C(C#N)=Cc1ccc(OCCOc2ccc(OCc3ccccc3)cc2)cc1,0.5329425678302798,binned_cosine_1Da,7,False,predicted_spectrum,7594
CASMI2022,iceberg,completed,4,4,10,CASMI_MOL_1196791,CASMI_MOL_22140,22140,CCOc1ccc2[nH]cc(CCNc3ncc([N+](=O)[O-])c(Nc4ccc5[nH]c(C)cc5c4)n3)c2c1,0.5286507219364354,binned_cosine_1Da,8,False,predicted_spectrum,7594
CASMI2022,iceberg,completed,4,4,10,CASMI_MOL_1196791,CASMI_MOL_19772,19772,CC(C)OC(=O)C(C#N)=Cc1cccc(OCCCOc2ccc(OCc3ccccc3)cc2)c1,0.518070670110414,binned_cosine_1Da,9,False,predicted_spectrum,7594
CASMI2022,iceberg,completed,4,4,10,CASMI_MOL_1196791,CASMI_MOL_25058,25058,Nc1ncnc2c1ncn2CC(=O)N(CCn1c(O)c2c(c1O)C1C=CC2C1)Cc1ccccc1,0.5060814962039387,binned_cosine_1Da,10,False,predicted_spectrum,7594
CASMI2022,iceberg,completed,4,4,10,CASMI_MOL_1196791,CASMI_MOL_25013,25013,CC1(CC(=O)N(OCc2ccccc2)C(=O)CC2(C)COc3ccccc32)COc2ccccc21,0.5046840131782967,binned_cosine_1Da,11,False,predicted_spectrum,7594
CASMI2022,iceberg,completed,4,4,10,CASMI_MOL_1196791,CASMI_MOL_20715,20715,O=C(O)CC1CCc2c1[nH]c1ccc(OCc3ccc(C4CCCC4)c(C(F)(F)CF)c3)cc21,0.5034638320630271,binned_cosine_1Da,12,False,predicted_spectrum,7594
CASMI2022,iceberg,completed,4,4,10,CASMI_MOL_1196791,CASMI_MOL_20712,20712,O=C(O)CC1CCc2c1[nH]c1ccc(OCc3ccc(C4CCCC4)c(C(F)C(F)F)c3)cc21,0.4998370646593826,binned_cosine_1Da,13,False,predicted_spectrum,7594
CASMI2022,iceberg,completed,4,4,10,CASMI_MOL_1196791,CASMI_MOL_25518,25518,Cc1cccc(NC(=O)CSc2cn(CCNC(=O)c3cc(C)cc(C)c3)c3ccccc23)c1,0.4981541514235492,binned_cosine_1Da,14,False,predicted_spectrum,7594
CASMI2022,iceberg,completed,4,4,10,CASMI_MOL_1196791,CASMI_MOL_19216,19216,C=Cc1sc(C=C(F)C=C(C#N)C(C=CC)=CC(=C)C(C)(C)c2ccccc2C)c(O)c1C=C,0.490384030783641,binned_cosine_1Da,15,False,predicted_spectrum,7594
CASMI2022,iceberg,completed,4,4,10,CASMI_MOL_1196791,CASMI_MOL_25425,25425,Cc1cc(C)cc(C(=O)NCCn2cc(SCC(=O)NCc3ccccc3)c3ccccc32)c1,0.4893327407925215,binned_cosine_1Da,16,False,predicted_spectrum,7594
CASMI2022,iceberg,completed,4,4,10,CASMI_MOL_1196791,CASMI_MOL_25448,25448,Cc1ccc(CN(CCc2c[nH]c3ccccc23)C(=O)CN(C(=O)c2cccs2)C2CC2)cc1,0.4893140485808885,binned_cosine_1Da,17,False,predicted_spectrum,7594
CASMI2022,iceberg,completed,4,4,10,CASMI_MOL_1196791,CASMI_MOL_25482,25482,O=[N+]([O-])c1c(N2CCN(c3ccccc3O)CC2)ncnc1N1CCc2c([nH]c3ccccc23)C1,0.4847861540580734,binned_cosine_1Da,18,False,predicted_spectrum,7594
CASMI2022,iceberg,completed,4,4,10,CASMI_MOL_1196791,CASMI_MOL_24143,24143,O=C(CN(C(=O)Cc1cccs1)C1CC1)N(CCc1c[nH]c2ccccc12)Cc1ccccc1,0.4838292449319332,binned_cosine_1Da,19,False,predicted_spectrum,7594
CASMI2022,iceberg,completed,4,4,10,CASMI_MOL_1196791,CASMI_MOL_25769,25769,CCc1ccccc1NC(=S)N(Cc1ccc(OC)cc1)Cc1cc2cccc(C)c2[nH]c1=O,0.4811343390049405,binned_cosine_1Da,20,False,predicted_spectrum,7594
CASMI2022,iceberg,completed,4,4,10,CASMI_MOL_1196791,CASMI_MOL_25568,25568,Cc1cc(C)cc(NC(=O)CSc2cn(CCNC(=O)c3ccccc3C)c3ccccc23)c1,0.4796478257606196,binned_cosine_1Da,21,False,predicted_spectrum,7594
CASMI2022,iceberg,completed,4,4,10,CASMI_MOL_1196791,CASMI_MOL_19590,19590,CCOC(=O)COc1c(C)ccc2c1CCCC(OC(=O)N(c1ccccc1)c1ccccc1)=C2,0.4726713858830664,binned_cosine_1Da,22,False,predicted_spectrum,7594
CASMI2022,iceberg,completed,4,4,10,CASMI_MOL_1196791,CASMI_MOL_25462,25462,CN1C(=CC(=O)COC(=O)c2ccccc2OCCOc2ccccc2)C(C)(C)c2ccccc21,0.4721507018947377,binned_cosine_1Da,23,False,predicted_spectrum,7594
CASMI2022,iceberg,completed,4,4,10,CASMI_MOL_1196791,CASMI_MOL_19946,19946,Cc1ccc(C(=O)N2CCc3ccc(C(CC(=O)O)c4cc5c(cc4C)OCO5)cc3C2)cc1C,0.4701903793716186,binned_cosine_1Da,24,False,predicted_spectrum,7594
CASMI2022,iceberg,completed,4,4,10,CASMI_MOL_1196791,CASMI_MOL_19948,19948,Cc1ccc(C(=O)N2CCc3ccc(C(CC(=O)O)c4cc5c(cc4C)OCO5)cc3C2)cc1C,0.4701903793716186,binned_cosine_1Da,25,False,predicted_spectrum,7594
CASMI2022,iceberg,completed,4,4,10,CASMI_MOL_1196791,CASMI_MOL_19949,19949,Cc1ccc(C(=O)N2CCc3ccc(C(CC(=O)O)c4cc5c(cc4C)OCO5)cc3C2)cc1C,0.4701903793716186,binned_cosine_1Da,26,False,predicted_spectrum,7594
CASMI2022,iceberg,completed,4,4,10,CASMI_MOL_1196791,CASMI_MOL_22581,22581,Cc1ccc2c(c1)C(COc1ccc(C(=O)N3c4ccccc4C(CC(=O)O)C3C)c(C)c1)CO2,0.4673698198738382,binned_cosine_1Da,27,False,predicted_spectrum,7594
CASMI2022,iceberg,completed,4,4,10,CASMI_MOL_1196791,CASMI_MOL_24911,24911,Cc1ccc(C=CC(=O)NC(=S)Nc2ccc(NC(=O)c3ccc(C(C)(C)C)cc3)cc2)cc1,0.4672190163970089,binned_cosine_1Da,28,False,predicted_spectrum,7594
CASMI2022,iceberg,completed,4,4,10,CASMI_MOL_1196791,CASMI_MOL_19771,19771,CC(C)OC(=O)C(C#N)=Cc1ccc(OCCCOc2ccc(OCc3ccccc3)cc2)cc1,0.466719223230748,binned_cosine_1Da,29,False,predicted_spectrum,7594
CASMI2022,iceberg,completed,4,4,10,CASMI_MOL_1196791,CASMI_MOL_25532,25532,Cc1ccccc1C(=O)NCCn1cc(SCC(=O)NCCc2ccccc2)c2ccccc21,0.4656846719353485,binned_cosine_1Da,30,False,predicted_spectrum,7594
CASMI2022,iceberg,completed,4,4,10,CASMI_MOL_1196791,CASMI_MOL_20713,20713,O=C(O)CC1CCc2c1[nH]c1ccc(OCc3ccc(C4CCCC4)c(CC(F)(F)F)c3)cc21,0.4655788135972103,binned_cosine_1Da,31,False,predicted_spectrum,7594
CASMI2022,iceberg,completed,4,4,10,CASMI_MOL_1196791,CASMI_MOL_20714,20714,O=C(O)CC1CCc2c1[nH]c1ccc(OCc3ccc(C4CCCC4)c(CC(F)(F)F)c3)cc21,0.4655788135972103,binned_cosine_1Da,32,False,predicted_spectrum,7594
CASMI2022,iceberg,completed,4,4,10,CASMI_MOL_1196791,CASMI_MOL_24665,24665,Cc1cccc(OC(C)(Cc2ccc(OCCc3nc(-c4ccccc4)oc3C)cc2)C(=O)O)c1,0.4640211441638598,binned_cosine_1Da,33,False,predicted_spectrum,7594
CASMI2022,iceberg,completed,4,4,10,CASMI_MOL_1196791,CASMI_MOL_19550,19550,CC(C)(C)c1ccc(CC(NC(=O)Nc2ccc3ccccc3c2)c2ccc(C(N)=O)s2)cc1,0.4632603068694408,binned_cosine_1Da,34,False,predicted_spectrum,7594
CASMI2022,iceberg,completed,4,4,10,CASMI_MOL_1196791,CASMI_MOL_25338,25338,Cc1ccc(C)c(NC(=O)CSc2cn(CCNC(=O)c3ccccc3C)c3ccccc23)c1,0.4592066719854344,binned_cosine_1Da,35,False,predicted_spectrum,7594
CASMI2022,iceberg,completed,4,4,10,CASMI_MOL_1196791,CASMI_MOL_25517,25517,Cc1ccc(NC(=O)CSc2cn(CCNC(=O)c3cc(C)cc(C)c3)c3ccccc23)cc1,0.4589517328138821,binned_cosine_1Da,36,False,predicted_spectrum,7594
CASMI2022,iceberg,completed,4,4,10,CASMI_MOL_1196791,CASMI_MOL_25785,25785,COc1ccc(CN(Cc2cc3cc(C)ccc3[nH]c2=O)C(=S)NCCc2ccccc2)cc1,0.45892699385688,binned_cosine_1Da,37,False,predicted_spectrum,7594
CASMI2022,iceberg,completed,4,4,10,CASMI_MOL_1196791,CASMI_MOL_19034,19034,CC(=O)OC1(Oc2ccc(C(C)(C)C)cc2)CC(C(=O)Nc2ccccc2)C(=O)c2ccccc21,0.4584724459290566,binned_cosine_1Da,38,False,predicted_spectrum,7594
CASMI2022,iceberg,completed,4,4,10,CASMI_MOL_1196791,CASMI_MOL_19395,19395,CCOC(=O)C=C(C=Cc1ccc(C=CC=Cc2ccc(N(CC)CC)cc2)s1)C(C#N)C#N,0.4573655104469539,binned_cosine_1Da,39,False,predicted_spectrum,7594
CASMI2022,iceberg,completed,4,4,10,CASMI_MOL_1196791,CASMI_MOL_22783,22783,CCCc1ccc(OCc2ccc(OCc3nc(-c4ccccc4)oc3C)cc2)c(CC(=O)O)c1,0.4554110693828818,binned_cosine_1Da,40,False,predicted_spectrum,7594
CASMI2022,iceberg,completed,4,4,10,CASMI_MOL_1196791,CASMI_MOL_25782,25782,COc1ccc(CN(Cc2cc3ccc(C)cc3[nH]c2=O)C(=S)NCCc2ccccc2)cc1,0.4552617386160015,binned_cosine_1Da,41,False,predicted_spectrum,7594
CASMI2022,iceberg,completed,4,4,10,CASMI_MOL_1196791,CASMI_MOL_25575,25575,Cc1ccccc1C(=O)NCCn1cc(SCC(=O)Nc2cccc(C)c2C)c2ccccc21,0.4549461546080633,binned_cosine_1Da,42,False,predicted_spectrum,7594
CASMI2022,iceberg,completed,4,4,10,CASMI_MOL_1196791,CASMI_MOL_18717,18717,Cc1ccc(C(O)C(C(=O)Oc2c(C)cc(C)cc2C)c2nc3cc(C)ccc3oc2=O)c(C)c1,0.4529593344077384,binned_cosine_1Da,43,False,predicted_spectrum,7594
CASMI2022,iceberg,completed,4,4,10,CASMI_MOL_1196791,CASMI_MOL_19882,19882,Cc1ccc(C(O)C(C(=O)Oc2c(C)cc(C)cc2C)c2nc3cc(C)ccc3oc2=O)c(C)c1,0.4529593344077384,binned_cosine_1Da,44,False,predicted_spectrum,7594
CASMI2022,iceberg,completed,4,4,10,CASMI_MOL_1196791,CASMI_MOL_22054,22054,Cc1ccc(C(O)C(C(=O)Oc2c(C)cc(C)cc2C)c2nc3cc(C)ccc3oc2=O)c(C)c1,0.4529593344077384,binned_cosine_1Da,45,False,predicted_spectrum,7594
CASMI2022,iceberg,completed,4,4,10,CASMI_MOL_1196791,CASMI_MOL_20763,20763,CN(C(=O)O)c1cccc(C(CN2CCC(O)C2)N(C)C(=O)COc2ccc3c(c2)OCO3)c1,0.4513649331479656,binned_cosine_1Da,46,False,predicted_spectrum,7594
CASMI2022,iceberg,completed,4,4,10,CASMI_MOL_1196791,CASMI_MOL_20764,20764,CN(C(=O)O)c1cccc(C(CN2CCC(O)C2)N(C)C(=O)COc2ccc3c(c2)OCO3)c1,0.4513649331479656,binned_cosine_1Da,47,False,predicted_spectrum,7594
CASMI2022,iceberg,completed,4,4,10,CASMI_MOL_1196791,CASMI_MOL_25779,25779,COc1ccc(CN(Cc2cc3cccc(C)c3[nH]c2=O)C(=S)NCCc2ccccc2)cc1,0.4509498123738177,binned_cosine_1Da,48,False,predicted_spectrum,7594
CASMI2022,iceberg,completed,4,4,10,CASMI_MOL_1196791,CASMI_MOL_19618,19618,COc1cc(-c2nn(CCO)c3ncnc(N)c23)ccc1NC(=O)Cc1cc2ccccc2n1C,0.4507520454581904,binned_cosine_1Da,49,False,predicted_spectrum,7594
CASMI2022,iceberg,completed,4,4,10,CASMI_MOL_1196791,CASMI_MOL_22582,22582,Cc1cc(OCC2COc3c(C)cccc32)ccc1C(=O)N1c2ccccc2C(CC(=O)O)C1C,0.4494502080400498,binned_cosine_1Da,50,False,predicted_spectrum,7594
CASMI2022,iceberg,completed,4,4,10,CASMI_MOL_1196791,CASMI_MOL_25156,25156,Cc1ccccc1OC(C)(Cc1ccc(OCCc2nc(-c3ccccc3)oc2C)cc1)C(=O)O,0.4474503077455091,binned_cosine_1Da,51,False,predicted_spectrum,7594
CASMI2022,iceberg,completed,4,4,10,CASMI_MOL_1196791,CASMI_MOL_22023,22023,CC(C)(CC(O)(Cc1ccccc1)C(=O)Nc1ccc2c(O)occ2c1)c1cccc2c1OCC2,0.4465054903563305,binned_cosine_1Da,52,False,predicted_spectrum,7594
CASMI2022,iceberg,completed,4,4,10,CASMI_MOL_1196791,CASMI_MOL_24912,24912,Cc1ccc(C=CC(=O)NC(=S)Nc2cccc(NC(=O)c3ccc(C(C)(C)C)cc3)c2)cc1,0.4463106430777817,binned_cosine_1Da,53,False,predicted_spectrum,7594
CASMI2022,iceberg,completed,4,4,10,CASMI_MOL_1196791,CASMI_MOL_25114,25114,CC(C)Oc1cccc(OCc2cccc(C(=O)n3cc(CCCC(=O)O)c4ccccc43)c2)c1,0.4431361930556147,binned_cosine_1Da,54,False,predicted_spectrum,7594
CASMI2022,iceberg,completed,4,4,10,CASMI_MOL_1196791,CASMI_MOL_24664,24664,Cc1ccc(OC(C)(Cc2ccc(OCCc3nc(-c4ccccc4)oc3C)cc2)C(=O)O)cc1,0.4424144167741067,binned_cosine_1Da,55,False,predicted_spectrum,7594
CASMI2022,iceberg,completed,4,4,10,CASMI_MOL_1196791,CASMI_MOL_25303,25303,Cc1ccc(S(=O)(=O)c2cnc3ccccc3c2N2CCN(c3cc(C)ccc3C)CC2)cc1,0.4420755914224957,binned_cosine_1Da,56,False,predicted_spectrum,7594
CASMI2022,iceberg,completed,4,4,10,CASMI_MOL_1196791,CASMI_MOL_23609,23609,Cc1ccc(COc2ccc(N=Nc3ccc(N=Nc4ccc(C)cc4)cc3)c3cccnc23)cc1,0.4405590521279393,binned_cosine_1Da,57,False,predicted_spectrum,7594
CASMI2022,iceberg,completed,4,4,10,CASMI_MOL_1196791,CASMI_MOL_20105,20105,COc1ccc2c(c1)OC(c1ccc(C(=O)O)cc1)CC2NC(=O)C1(c2ccccc2)CCCC1,0.4401635459439175,binned_cosine_1Da,58,False,predicted_spectrum,7594
CASMI2022,iceberg,completed,4,4,10,CASMI_MOL_1196791,CASMI_MOL_25607,25607,COc1ccc(CN(Cc2cc3cccc(C)c3[nH]c2=O)C(=S)NC(C)c2ccccc2)cc1,0.4392279721552879,binned_cosine_1Da,59,False,predicted_spectrum,7594
CASMI2022,iceberg,completed,4,4,10,CASMI_MOL_1196791,CASMI_MOL_25780,25780,COc1ccc(CN(Cc2cc3cccc(C)c3[nH]c2=O)C(=S)NC(C)c2ccccc2)cc1,0.4392279721552879,binned_cosine_1Da,60,False,predicted_spectrum,7594
CASMI2022,iceberg,completed,4,4,10,CASMI_MOL_1196791,CASMI_MOL_25781,25781,COc1ccc(CN(Cc2cc3cccc(C)c3[nH]c2=O)C(=S)NC(C)c2ccccc2)cc1,0.4392279721552879,binned_cosine_1Da,61,False,predicted_spectrum,7594
CASMI2022,iceberg,completed,4,4,10,CASMI_MOL_1196791,CASMI_MOL_24801,24801,CC(C)(C)CC(=O)Nc1cccc(SC(C(=O)Nc2ccc3cc[nH]c3c2)c2ccccc2)c1,0.4390370259243345,binned_cosine_1Da,62,False,predicted_spectrum,7594
CASMI2022,iceberg,completed,4,4,10,CASMI_MOL_1196791,CASMI_MOL_25437,25437,Cc1cccc(NC(=O)CSc2cn(CCNC(=O)c3ccc(C)c(C)c3)c3ccccc23)c1,0.4389943820465017,binned_cosine_1Da,63,False,predicted_spectrum,7594
CASMI2022,iceberg,completed,4,4,10,CASMI_MOL_1196791,CASMI_MOL_23945,23945,CCCc1c(OCCCCOc2ccc(C=CC(=O)O)cc2)ccc2c(-c3ccccc3)noc12,0.4387335686928453,binned_cosine_1Da,64,False,predicted_spectrum,7594
CASMI2022,iceberg,completed,4,4,10,CASMI_MOL_1196791,CASMI_MOL_23050,23050,CNC(=O)C(Cc1ccccc1)NC(=O)C(Cc1cc2cccc(OC)c2o1)C(O)CONO,0.4384693741532786,binned_cosine_1Da,65,False,predicted_spectrum,7594
CASMI2022,iceberg,completed,4,4,10,CASMI_MOL_1196791,CASMI_MOL_18444,18444,O=C(Cn1c(O)c2c(c1O)CC=CC2)NCCC1CN(c2ncnc3[nH]ncc23)c2ccccc21,0.4384513607592278,binned_cosine_1Da,66,False,predicted_spectrum,7594
CASMI2022,iceberg,completed,4,4,10,CASMI_MOL_1196791,CASMI_MOL_19387,19387,CN(N)Cc1ccc2c(c1)CCC2NC(=O)c1cc(C(=O)NCc2ccc3cnoc3c2)ncn1,0.4378122383434843,binned_cosine_1Da,67,False,predicted_spectrum,7594
CASMI2022,iceberg,completed,4,4,10,CASMI_MOL_1196791,CASMI_MOL_22629,22629,CCC(Cc1ccc(OCCc2nc(-c3ccccc3)oc2C)cc1)(Oc1ccccc1)C(=O)O,0.4374096641813882,binned_cosine_1Da,68,False,predicted_spectrum,7594
CASMI2022,iceberg,completed,4,4,10,CASMI_MOL_1196791,CASMI_MOL_25099,25099,CCC(Cc1ccc(OCCc2nc(-c3ccccc3)oc2C)cc1)(Oc1ccccc1)C(=O)O,0.4374096641813882,binned_cosine_1Da,69,False,predicted_spectrum,7594
CASMI2022,iceberg,completed,4,4,10,CASMI_MOL_1196791,CASMI_MOL_19947,19947,Cc1ccc(C(=O)N2CCc3ccc(C(CC(=O)O)c4ccc5c(c4C)OCO5)cc3C2)cc1C,0.4342386170763636,binned_cosine_1Da,70,False,predicted_spectrum,7594
CASMI2022,iceberg,completed,4,4,10,CASMI_MOL_1196791,CASMI_MOL_19950,19950,Cc1ccc(C(=O)N2CCc3ccc(C(CC(=O)O)c4ccc5c(c4C)OCO5)cc3C2)cc1C,0.4342386170763636,binned_cosine_1Da,71,False,predicted_spectrum,7594
CASMI2022,iceberg,completed,4,4,10,CASMI_MOL_1196791,CASMI_MOL_19951,19951,Cc1ccc(C(=O)N2CCc3ccc(C(CC(=O)O)c4ccc5c(c4C)OCO5)cc3C2)cc1C,0.4342386170763636,binned_cosine_1Da,72,False,predicted_spectrum,7594
CASMI2022,iceberg,completed,4,4,10,CASMI_MOL_1196791,CASMI_MOL_25440,25440,Cc1ccc(NC(=O)CSc2cn(CCNC(=O)c3ccccc3C)c3ccccc23)c(C)c1,0.4333817621735782,binned_cosine_1Da,73,False,predicted_spectrum,7594
CASMI2022,iceberg,completed,4,4,10,CASMI_MOL_1196791,CASMI_MOL_19580,19580,CC(N)(OC(=O)C(F)(F)F)C(=O)ON=C(CCC(=O)NC1CCCC1)CCc1ccccc1,0.4319073672811461,binned_cosine_1Da,74,False,predicted_spectrum,7594
CASMI2022,iceberg,completed,4,4,10,CASMI_MOL_1196791,CASMI_MOL_25605,25605,COc1ccc(CN(Cc2cc3ccc(C)cc3[nH]c2=O)C(=S)Nc2ccc(C)cc2C)cc1,0.4317636175072851,binned_cosine_1Da,75,False,predicted_spectrum,7594
CASMI2022,iceberg,completed,4,4,10,CASMI_MOL_1196791,CASMI_MOL_25313,25313,COc1ccc(CN(Cc2cc3ccc(C)cc3[nH]c2=O)C(=S)NC(C)c2ccccc2)cc1,0.4308784737792367,binned_cosine_1Da,76,False,predicted_spectrum,7594
CASMI2022,iceberg,completed,4,4,10,CASMI_MOL_1196791,CASMI_MOL_25608,25608,COc1ccc(CN(Cc2cc3ccc(C)cc3[nH]c2=O)C(=S)NC(C)c2ccccc2)cc1,0.4308784737792367,binned_cosine_1Da,77,False,predicted_spectrum,7594
CASMI2022,iceberg,completed,4,4,10,CASMI_MOL_1196791,CASMI_MOL_25783,25783,COc1ccc(CN(Cc2cc3ccc(C)cc3[nH]c2=O)C(=S)NC(C)c2ccccc2)cc1,0.4308784737792367,binned_cosine_1Da,78,False,predicted_spectrum,7594
CASMI2022,iceberg,completed,4,4,10,CASMI_MOL_1196791,CASMI_MOL_24441,24441,Cc1nc(NCCc2c(C)[nH]c3c(F)ccc(C)c23)cc(NCc2cccc(C(F)(F)F)c2)n1,0.4305598240997198,binned_cosine_1Da,79,False,predicted_spectrum,7594
CASMI2022,iceberg,completed,4,4,10,CASMI_MOL_1196791,CASMI_MOL_25383,25383,Cc1ccc(C(=O)NCCn2cc(SCC(=O)Nc3cccc(C)c3C)c3ccccc32)cc1,0.429216935773199,binned_cosine_1Da,80,False,predicted_spectrum,7594
CASMI2022,iceberg,completed,4,4,10,CASMI_MOL_1196791,CASMI_MOL_19383,19383,CC1=C(C(c2cccnc2)C2C(=O)c3cc(C)cc(C)c3OC2O)C(O)Oc2c(C)cc(C)cc21,0.4288764682658674,binned_cosine_1Da,81,False,predicted_spectrum,7594
CASMI2022,iceberg,completed,4,4,10,CASMI_MOL_1196791,CASMI_MOL_18861,18861,CN(C)c1cc2ccn(C)c2cc1SCC(C=O)NC(=O)c1cccc(Cc2ccccc2)c1,0.4285520360565784,binned_cosine_1Da,82,False,predicted_spectrum,7594
CASMI2022,iceberg,completed,4,4,10,CASMI_MOL_1196791,CASMI_MOL_20398,20398,O=C(CCC1NC(=O)c2ccccc2NC1=O)Nc1n[nH]c(CCCc2c[nH]c3ccccc23)n1,0.4285281598416329,binned_cosine_1Da,83,False,predicted_spectrum,7594
CASMI2022,iceberg,completed,4,4,10,CASMI_MOL_1196791,CASMI_MOL_20852,20852,O=C(CCC1NC(=O)c2ccccc2NC1=O)Nc1n[nH]c(CCCc2c[nH]c3ccccc23)n1,0.4285281598416329,binned_cosine_1Da,84,False,predicted_spectrum,7594
CASMI2022,iceberg,completed,4,4,10,CASMI_MOL_1196791,CASMI_MOL_21968,21968,O=C(CCC1NC(=O)c2ccccc2NC1=O)Nc1n[nH]c(CCCc2c[nH]c3ccccc23)n1,0.4285281598416329,binned_cosine_1Da,85,False,predicted_spectrum,7594
CASMI2022,iceberg,completed,4,4,10,CASMI_MOL_1196791,CASMI_MOL_23502,23502,CCCCN1C(=O)CCC(C(=O)OCc2cc(F)cc3c2OCOC3)C1c1ccccc1OC,0.4282150572024584,binned_cosine_1Da,86,False,predicted_spectrum,7594
CASMI2022,iceberg,completed,4,4,10,CASMI_MOL_1196791,CASMI_MOL_18447,18447,O=C(NCCC1CN(c2ncnc3[nH]ncc23)c2ccccc21)Nc1ccc2c(c1)OCCCO2,0.4266217495346109,binned_cosine_1Da,87,False,predicted_spectrum,7594
CASMI2022,iceberg,completed,4,4,10,CASMI_MOL_1196791,CASMI_MOL_23626,23626,Cc1c(C#CCOC(=O)N(c2ccccc2)c2ccccc2)cccc1OCC(=O)OC(C)(C)C,0.4265957093620087,binned_cosine_1Da,88,False,predicted_spectrum,7594
CASMI2022,iceberg,completed,4,4,10,CASMI_MOL_1196791,CASMI_MOL_18448,18448,Cc1nn(C)c(Oc2cccnc2)c1NC(=O)C=CC(=O)C(C#N)C1N(C)c2ccccc2N1C,0.4262966083805961,binned_cosine_1Da,89,False,predicted_spectrum,7594
CASMI2022,iceberg,completed,4,4,10,CASMI_MOL_1196791,CASMI_MOL_20674,20674,COc1ccc(CCC(=O)N2CCC3(CC2)OC(=O)c2ccccc23)cc1OCc1ccccc1,0.4262872419361163,binned_cosine_1Da,90,False,predicted_spectrum,7594
CASMI2022,iceberg,completed,4,4,10,CASMI_MOL_1196791,CASMI_MOL_25742,25742,CCc1ccccc1NC(=S)N(Cc1ccc(OC)cc1)Cc1cc2ccc(C)cc2[nH]c1=O,0.4258067359409246,binned_cosine_1Da,91,False,predicted_spectrum,7594
CASMI2022,iceberg,completed,4,4,10,CASMI_MOL_1196791,CASMI_MOL_25599,25599,CCc1ccc(NC(=S)N(Cc2ccc(OC)cc2)Cc2cc3cccc(C)c3[nH]c2=O)cc1,0.4253004984720345,binned_cosine_1Da,92,False,predicted_spectrum,7594
CASMI2022,iceberg,completed,4,4,10,CASMI_MOL_1196791,CASMI_MOL_24869,24869,CCOC(CN1C(=O)C(CC(=O)O)(NC(=O)Nc2ccc(CO)cc2)c2ccccc21)OCC,0.4247444638476968,binned_cosine_1Da,93,False,predicted_spectrum,7594
CASMI2022,iceberg,completed,4,4,10,CASMI_MOL_1196791,CASMI_MOL_21732,21732,CCCCn1c(=NN=Nc2ccc([N+](=O)[O-])cc2)n(N=Cc2ccc(OC)cc2)c2ccccc21,0.4232617805352224,binned_cosine_1Da,94,False,predicted_spectrum,7594
CASMI2022,iceberg,completed,4,4,10,CASMI_MOL_1196791,CASMI_MOL_22548,22548,CCCCn1c(=NN=Nc2ccc([N+](=O)[O-])cc2)n(N=Cc2ccc(OC)cc2)c2ccccc21,0.4232617805352224,binned_cosine_1Da,95,False,predicted_spectrum,7594
CASMI2022,iceberg,completed,4,4,10,CASMI_MOL_1196791,CASMI_MOL_25603,25603,CCc1ccccc1NC(=S)N(Cc1ccc(OC)cc1)Cc1cc2cc(C)ccc2[nH]c1=O,0.4224223727497589,binned_cosine_1Da,96,False,predicted_spectrum,7594
CASMI2022,iceberg,completed,4,4,10,CASMI_MOL_1196791,CASMI_MOL_19352,19352,C=CC(=CC=CCCC(=O)O)COc1cccc2c1N(Cc1ccc(C(F)(F)F)cc1)CCC2,0.4221044596102614,binned_cosine_1Da,97,False,predicted_spectrum,7594
CASMI2022,iceberg,completed,4,4,10,CASMI_MOL_1196791,CASMI_MOL_22926,22926,CC(CC(=O)N1CCc2sccc2C1c1ccccc1)C(=O)NCCc1c[nH]c2ccccc12,0.4204357480595379,binned_cosine_1Da,98,False,predicted_spectrum,7594
CASMI2022,iceberg,completed,4,4,10,CASMI_MOL_1196791,CASMI_MOL_23520,23520,CCN1CCN(c2ccc(NC(=O)COc3ccc(C4SCCCS4)cc3)c(C)c2)CC1,0.4201266266161997,binned_cosine_1Da,99,False,predicted_spectrum,7594
CASMI2022,iceberg,completed,4,4,10,CASMI_MOL_1196791,CASMI_MOL_22141,22141,CCOc1ccc2[nH]cc(CCc3nc(N)nc(Nc4ccc5[nH]c(C)cc5c4)c3[N+](=O)[O-])c2c1,0.4199875109990133,binned_cosine_1Da,100,False,predicted_spectrum,7594
CASMI2022,iceberg,completed,4,4,10,CASMI_MOL_1196791,CASMI_MOL_1196791,1196791,Cn1c(CNc2ccc(C(=N)N)cc2)nc2cc(C(=O)N(CCC(=O)O)c3ccccn3)ccc21,0.3113079611196266,binned_cosine_1Da,621,True,predicted_spectrum,7594
CASMI2022,iceberg,completed,5,5,11,CASMI_MOL_1196792,CASMI_MOL_26884,26884,CCCCCCCC(=O)Nc1nnc(SCCCCCCCCCCSc2nnc(NC(=O)CCCCCCC)s2)s1,0.2947906253129384,binned_cosine_1Da,1,False,predicted_spectrum,1074
CASMI2022,iceberg,completed,5,5,11,CASMI_MOL_1196792,CASMI_MOL_25824,25824,C=CC1(C)CC=CC(C)C(=O)OCC2OC(OC(C)(C=C)CC=CC(C)C(=O)OCC3OC(O1)C(O)C(O)C3O)C(O)C(O)C2O,0.2630258083339915,binned_cosine_1Da,2,False,predicted_spectrum,1074
CASMI2022,iceberg,completed,5,5,11,CASMI_MOL_1196792,CASMI_MOL_25928,25928,C=CC1(C)CC=CC(C)C(=O)OCC2OC(OC(C)(C=C)CC=CC(C)C(=O)OCC3OC(O1)C(O)C(O)C3O)C(O)C(O)C2O,0.2630258083339915,binned_cosine_1Da,3,False,predicted_spectrum,1074
CASMI2022,iceberg,completed,5,5,11,CASMI_MOL_1196792,CASMI_MOL_25929,25929,C=CC1(C)CC=CC(C)C(=O)OCC2OC(OC(C)(C=C)CC=CC(C)C(=O)OCC3OC(O1)C(O)C(O)C3O)C(O)C(O)C2O,0.2630258083339915,binned_cosine_1Da,4,False,predicted_spectrum,1074
CASMI2022,iceberg,completed,5,5,11,CASMI_MOL_1196792,CASMI_MOL_25934,25934,C=CC1(C)CC=CC(C)C(=O)OCC2OC(OC(C)(C=C)CC=CC(C)C(=O)OCC3OC(O1)C(O)C(O)C3O)C(O)C(O)C2O,0.2630258083339915,binned_cosine_1Da,5,False,predicted_spectrum,1074
CASMI2022,iceberg,completed,5,5,11,CASMI_MOL_1196792,CASMI_MOL_25936,25936,C=CC1(C)CC=CC(C)C(=O)OCC2OC(OC(C)(C=C)CC=CC(C)C(=O)OCC3OC(O1)C(O)C(O)C3O)C(O)C(O)C2O,0.2630258083339915,binned_cosine_1Da,6,False,predicted_spectrum,1074
CASMI2022,iceberg,completed,5,5,11,CASMI_MOL_1196792,CASMI_MOL_26024,26024,C=CC1(C)CC=CC(C)C(=O)OCC2OC(OC(C)(C=C)CC=CC(C)C(=O)OCC3OC(O1)C(O)C(O)C3O)C(O)C(O)C2O,0.2630258083339915,binned_cosine_1Da,7,False,predicted_spectrum,1074
CASMI2022,iceberg,completed,5,5,11,CASMI_MOL_1196792,CASMI_MOL_26329,26329,C=CC1(C)CC=CC(C)C(=O)OCC2OC(OC(C)(C=C)CC=CC(C)C(=O)OCC3OC(O1)C(O)C(O)C3O)C(O)C(O)C2O,0.2630258083339915,binned_cosine_1Da,8,False,predicted_spectrum,1074
CASMI2022,iceberg,completed,5,5,11,CASMI_MOL_1196792,CASMI_MOL_26736,26736,C=CC1(C)CC=CC(C)C(=O)OCC2OC(OC(C)(C=C)CC=CC(C)C(=O)OCC3OC(O1)C(O)C(O)C3O)C(O)C(O)C2O,0.2630258083339915,binned_cosine_1Da,9,False,predicted_spectrum,1074
CASMI2022,iceberg,completed,5,5,11,CASMI_MOL_1196792,CASMI_MOL_26737,26737,C=CC1(C)CC=CC(C)C(=O)OCC2OC(OC(C)(C=C)CC=CC(C)C(=O)OCC3OC(O1)C(O)C(O)C3O)C(O)C(O)C2O,0.2630258083339915,binned_cosine_1Da,10,False,predicted_spectrum,1074
CASMI2022,iceberg,completed,5,5,11,CASMI_MOL_1196792,CASMI_MOL_26765,26765,C=CC1(C)CC=CC(C)C(=O)OCC2OC(OC(C)(C=C)CC=CC(C)C(=O)OCC3OC(O1)C(O)C(O)C3O)C(O)C(O)C2O,0.2630258083339915,binned_cosine_1Da,11,False,predicted_spectrum,1074
CASMI2022,iceberg,completed,5,5,11,CASMI_MOL_1196792,CASMI_MOL_26766,26766,C=CC1(C)CC=CC(C)C(=O)OCC2OC(OC(C)(C=C)CC=CC(C)C(=O)OCC3OC(O1)C(O)C(O)C3O)C(O)C(O)C2O,0.2630258083339915,binned_cosine_1Da,12,False,predicted_spectrum,1074
CASMI2022,iceberg,completed,5,5,11,CASMI_MOL_1196792,CASMI_MOL_26799,26799,C=CC1(C)CC=CC(C)C(=O)OCC2OC(OC(C)(C=C)CC=CC(C)C(=O)OCC3OC(O1)C(O)C(O)C3O)C(O)C(O)C2O,0.2630258083339915,binned_cosine_1Da,13,False,predicted_spectrum,1074
CASMI2022,iceberg,completed,5,5,11,CASMI_MOL_1196792,CASMI_MOL_26817,26817,C=CC1(C)CC=CC(C)C(=O)OCC2OC(OC(C)(C=C)CC=CC(C)C(=O)OCC3OC(O1)C(O)C(O)C3O)C(O)C(O)C2O,0.2630258083339915,binned_cosine_1Da,14,False,predicted_spectrum,1074
CASMI2022,iceberg,completed,5,5,11,CASMI_MOL_1196792,CASMI_MOL_26852,26852,C=CC1(C)CC=CC(C)C(=O)OCC2OC(OC(C)(C=C)CC=CC(C)C(=O)OCC3OC(O1)C(O)C(O)C3O)C(O)C(O)C2O,0.2630258083339915,binned_cosine_1Da,15,False,predicted_spectrum,1074
CASMI2022,iceberg,completed,5,5,11,CASMI_MOL_1196792,CASMI_MOL_26876,26876,C=CC1(C)CC=CC(C)C(=O)OCC2OC(OC(C)(C=C)CC=CC(C)C(=O)OCC3OC(O1)C(O)C(O)C3O)C(O)C(O)C2O,0.2630258083339915,binned_cosine_1Da,16,False,predicted_spectrum,1074
CASMI2022,iceberg,completed,5,5,11,CASMI_MOL_1196792,CASMI_MOL_26517,26517,CCC(C)CC(OCC(O)C1COC2OC(OC3C(C)CCCC3OC(COC(=O)c3ccccc3)O1)C(O)C(O)C2O)C(=O)O,0.2615427268766823,binned_cosine_1Da,17,False,predicted_spectrum,1074
CASMI2022,iceberg,completed,5,5,11,CASMI_MOL_1196792,CASMI_MOL_26224,26224,CCCC(=O)OCC(OC(=O)CCC)C(OC(=O)CCC)C(Cn1c2nc(=O)[nH]c(=O)c-2nc2cc(C)c(C)cc21)OC(=O)CCC,0.2597237498211903,binned_cosine_1Da,18,False,predicted_spectrum,1074
CASMI2022,iceberg,completed,5,5,11,CASMI_MOL_1196792,CASMI_MOL_26227,26227,CCCC(=O)OCC(OC(=O)CCC)C(OC(=O)CCC)C(Cn1c2nc(=O)[nH]c(=O)c-2nc2cc(C)c(C)cc21)OC(=O)CCC,0.2597237498211903,binned_cosine_1Da,19,False,predicted_spectrum,1074
CASMI2022,iceberg,completed,5,5,11,CASMI_MOL_1196792,CASMI_MOL_26356,26356,CCCC(=O)OCC(OC(=O)CCC)C(OC(=O)CCC)C(Cn1c2nc(=O)[nH]c(=O)c-2nc2cc(C)c(C)cc21)OC(=O)CCC,0.2597237498211903,binned_cosine_1Da,20,False,predicted_spectrum,1074
CASMI2022,iceberg,completed,5,5,11,CASMI_MOL_1196792,CASMI_MOL_26739,26739,CCCC(=O)OCC(OC(=O)CCC)C(OC(=O)CCC)C(Cn1c2nc(=O)[nH]c(=O)c-2nc2cc(C)c(C)cc21)OC(=O)CCC,0.2597237498211903,binned_cosine_1Da,21,False,predicted_spectrum,1074
CASMI2022,iceberg,completed,5,5,11,CASMI_MOL_1196792,CASMI_MOL_26780,26780,CCCC(=O)OCC(OC(=O)CCC)C(OC(=O)CCC)C(Cn1c2nc(=O)[nH]c(=O)c-2nc2cc(C)c(C)cc21)OC(=O)CCC,0.2597237498211903,binned_cosine_1Da,22,False,predicted_spectrum,1074
CASMI2022,iceberg,completed,5,5,11,CASMI_MOL_1196792,CASMI_MOL_26794,26794,CCCC(=O)OCC(OC(=O)CCC)C(OC(=O)CCC)C(Cn1c2nc(=O)[nH]c(=O)c-2nc2cc(C)c(C)cc21)OC(=O)CCC,0.2597237498211903,binned_cosine_1Da,23,False,predicted_spectrum,1074
CASMI2022,iceberg,completed,5,5,11,CASMI_MOL_1196792,CASMI_MOL_26886,26886,CCCC(=O)OCC(OC(=O)CCC)C(OC(=O)CCC)C(Cn1c2nc(=O)[nH]c(=O)c-2nc2cc(C)c(C)cc21)OC(=O)CCC,0.2597237498211903,binned_cosine_1Da,24,False,predicted_spectrum,1074
CASMI2022,iceberg,completed,5,5,11,CASMI_MOL_1196792,CASMI_MOL_26887,26887,CCCC(=O)OCC(OC(=O)CCC)C(OC(=O)CCC)C(Cn1c2nc(=O)[nH]c(=O)c-2nc2cc(C)c(C)cc21)OC(=O)CCC,0.2597237498211903,binned_cosine_1Da,25,False,predicted_spectrum,1074
CASMI2022,iceberg,completed,5,5,11,CASMI_MOL_1196792,CASMI_MOL_1196792,1196792,CCCC(=O)OCC(OC(=O)CCC)C(OC(=O)CCC)C(Cn1c2nc(=O)[nH]c(=O)c-2nc2cc(C)c(C)cc21)OC(=O)CCC,0.2597237498211903,binned_cosine_1Da,26,True,predicted_spectrum,1074
CASMI2022,iceberg,completed,5,5,11,CASMI_MOL_1196792,CASMI_MOL_25874,25874,Cc1ccc(S(=O)(=O)OCCOCCOCCOCCOCCOCCOCCOCCOCCOCCOCCO)cc1,0.2454307164044287,binned_cosine_1Da,27,False,predicted_spectrum,1074
CASMI2022,iceberg,completed,5,5,11,CASMI_MOL_1196792,CASMI_MOL_26885,26885,CCCCC(CC)COC(=O)CSP(=O)(SCC(=O)OCC(CC)CCCC)SCC(=O)OCC(CC)CCCC,0.2359987905866047,binned_cosine_1Da,28,False,predicted_spectrum,1074
CASMI2022,iceberg,completed,5,5,11,CASMI_MOL_1196792,CASMI_MOL_26348,26348,CC(C)CCCCCOC(=O)CSP(=O)(SCC(=O)OCCCCCC(C)C)SCC(=O)OCCCCCC(C)C,0.2328266905059638,binned_cosine_1Da,29,False,predicted_spectrum,1074
CASMI2022,iceberg,completed,5,5,11,CASMI_MOL_1196792,CASMI_MOL_26388,26388,COC(=O)C=C1CC2CC(CO)OC(=O)CC(O)CC3CCCC(O)(CC4CCOC(C=CC(C)(C)C(O)(O2)C1OC(C)=O)O4)O3,0.229650638514593,binned_cosine_1Da,30,False,predicted_spectrum,1074
CASMI2022,iceberg,completed,5,5,11,CASMI_MOL_1196792,CASMI_MOL_26331,26331,CC1CCC2C(CC3(Cc4ccc(F)cc4)C(=O)OC4OC5(C)CCC6C(C)CCC3C46OO5)C(=O)OC3OC4(C)CCC1C32OO4,0.2268899190035702,binned_cosine_1Da,31,False,predicted_spectrum,1074
CASMI2022,iceberg,completed,5,5,11,CASMI_MOL_1196792,CASMI_MOL_26706,26706,CC1CCC2C(CC3(Cc4ccc(F)cc4)C(=O)OC4OC5(C)CCC6C(C)CCC3C46OO5)C(=O)OC3OC4(C)CCC1C32OO4,0.2268899190035702,binned_cosine_1Da,32,False,predicted_spectrum,1074
CASMI2022,iceberg,completed,5,5,11,CASMI_MOL_1196792,CASMI_MOL_26815,26815,CC1CCC2C(CC3(Cc4ccc(F)cc4)C(=O)OC4OC5(C)CCC6C(C)CCC3C46OO5)C(=O)OC3OC4(C)CCC1C32OO4,0.2268899190035702,binned_cosine_1Da,33,False,predicted_spectrum,1074
CASMI2022,iceberg,completed,5,5,11,CASMI_MOL_1196792,CASMI_MOL_26605,26605,CCCCCC1COC(c2ccc(C3CCC(C4CCC(C(F)(F)Oc5cc(F)c(C=C(F)F)c(F)c5)CC4)CC3)c(F)c2)OC1,0.2240705892354792,binned_cosine_1Da,34,False,predicted_spectrum,1074
CASMI2022,iceberg,completed,5,5,11,CASMI_MOL_1196792,CASMI_MOL_26553,26553,Cc1cc(CC(NC(=O)N2CCC(N3Cc4sccc4NC3=O)CC2)C(=O)N2CCC(N3CCN(C)CC3)CC2)cc(Cl)c1N,0.2222949312725662,binned_cosine_1Da,35,False,predicted_spectrum,1074
CASMI2022,iceberg,completed,5,5,11,CASMI_MOL_1196792,CASMI_MOL_26330,26330,CC1CCC2C(CC3(Cc4cccc(F)c4)C(=O)OC4OC5(C)CCC6C(C)CCC3C46OO5)C(=O)OC3OC4(C)CCC1C32OO4,0.2217738811320183,binned_cosine_1Da,36,False,predicted_spectrum,1074
CASMI2022,iceberg,completed,5,5,11,CASMI_MOL_1196792,CASMI_MOL_26705,26705,CC1CCC2C(CC3(Cc4cccc(F)c4)C(=O)OC4OC5(C)CCC6C(C)CCC3C46OO5)C(=O)OC3OC4(C)CCC1C32OO4,0.2217738811320183,binned_cosine_1Da,37,False,predicted_spectrum,1074
CASMI2022,iceberg,completed,5,5,11,CASMI_MOL_1196792,CASMI_MOL_26818,26818,CC1CCC2C(CC3(Cc4cccc(F)c4)C(=O)OC4OC5(C)CCC6C(C)CCC3C46OO5)C(=O)OC3OC4(C)CCC1C32OO4,0.2217738811320183,binned_cosine_1Da,38,False,predicted_spectrum,1074
CASMI2022,iceberg,completed,5,5,11,CASMI_MOL_1196792,CASMI_MOL_26068,26068,Cc1c(CCCCCCCCCc2ccc(-c3ccc(OC(F)(F)F)cc3)c(C)c2C)ccc(-c2ccc(OC(F)(F)F)cc2)c1C,0.2171233582846419,binned_cosine_1Da,39,False,predicted_spectrum,1074
CASMI2022,iceberg,completed,5,5,11,CASMI_MOL_1196792,CASMI_MOL_26309,26309,CCCCCCCCn1c(=O)nc2n(CC(OC(C)=O)C(OC(C)=O)C(COC(C)=O)OC(C)=O)c3cc(C)c(C)cc3nc-2c1=O,0.2131878667925575,binned_cosine_1Da,40,False,predicted_spectrum,1074
CASMI2022,iceberg,completed,5,5,11,CASMI_MOL_1196792,CASMI_MOL_26546,26546,Cc1cc(CC(NC(=O)N2CCC(N3Cc4sccc4NC3=O)CC2)C(=O)N2CCN(C3CCN(C)CC3)CC2)cc(Cl)c1N,0.2131480048529738,binned_cosine_1Da,41,False,predicted_spectrum,1074
CASMI2022,iceberg,completed,5,5,11,CASMI_MOL_1196792,CASMI_MOL_26066,26066,Cc1cc(OC(F)(F)F)ccc1-c1cc(C)c(CCCCCCCc2c(C)cc(-c3ccc(OC(F)(F)F)cc3C)cc2C)c(C)c1,0.2082092899139229,binned_cosine_1Da,42,False,predicted_spectrum,1074
CASMI2022,iceberg,completed,5,5,11,CASMI_MOL_1196792,CASMI_MOL_26205,26205,CC(=O)N1CCN(C2CCC(n3nc(-c4ccc(Oc5ccccc5)c([N+](=O)[O-])c4)c4c(NC(=O)OC(C)(C)C)ncnc43)CC2)CC1,0.2076864331147345,binned_cosine_1Da,43,False,predicted_spectrum,1074
CASMI2022,iceberg,completed,5,5,11,CASMI_MOL_1196792,CASMI_MOL_26583,26583,CC(C)(C)OC(=O)C1CC(Oc2ccc(Cl)cn2)CN1C(=O)C(NC(=O)C(NC(=O)c1cnccn1)C1CCCCC1)C(C)(C)C,0.2029579869123939,binned_cosine_1Da,44,False,predicted_spectrum,1074
CASMI2022,iceberg,completed,5,5,11,CASMI_MOL_1196792,CASMI_MOL_26555,26555,Cc1cc(CC(NC(=O)N2CCC(N3Cc4cscc4NC3=O)CC2)C(=O)N2CCN(C3CCN(C)CC3)CC2)cc(Cl)c1N,0.202496679642837,binned_cosine_1Da,45,False,predicted_spectrum,1074
CASMI2022,iceberg,completed,5,5,11,CASMI_MOL_1196792,CASMI_MOL_26318,26318,CC1OC(OC2C(OC3CCC4(C)C5=C(CCC4C3(C)C)C(O)OC(c3coc(O)c3)C5)OC(CO)C(O)C2O)C(O)C(O)C1O,0.2024291921003723,binned_cosine_1Da,46,False,predicted_spectrum,1074
CASMI2022,iceberg,completed,5,5,11,CASMI_MOL_1196792,CASMI_MOL_25897,25897,NCc1cccc(OCCOCCOCCOCCOCCOCCC(=O)Nc2cccc3c2CN(C2CCC(=O)NC2=O)C3=O)c1,0.2023266277558509,binned_cosine_1Da,47,False,predicted_spectrum,1074
CASMI2022,iceberg,completed,5,5,11,CASMI_MOL_1196792,CASMI_MOL_26432,26432,CCC(C=NCC(=O)OC)C(=O)C(Cc1cncn1C(c1ccccc1)(c1ccccc1)c1ccccc1)NC(=O)OCc1ccccc1,0.1951284569208471,binned_cosine_1Da,48,False,predicted_spectrum,1074
CASMI2022,iceberg,completed,5,5,11,CASMI_MOL_1196792,CASMI_MOL_26473,26473,CCC(C=NCC(=O)OC)C(=O)C(Cc1cncn1C(c1ccccc1)(c1ccccc1)c1ccccc1)NC(=O)OCc1ccccc1,0.1951284569208471,binned_cosine_1Da,49,False,predicted_spectrum,1074
CASMI2022,iceberg,completed,5,5,11,CASMI_MOL_1196792,CASMI_MOL_26659,26659,CC=CCOC(=O)C(C)(N)C(=O)C(Cc1cncn1C(c1ccccc1)(c1ccccc1)c1ccccc1)NC(=O)OCc1ccccc1,0.194693556670382,binned_cosine_1Da,50,False,predicted_spectrum,1074
CASMI2022,iceberg,completed,5,5,11,CASMI_MOL_1196792,CASMI_MOL_26009,26009,O=C(O)CN(CC(=O)O)CC(=O)NC(CCCCNC(=O)OCc1ccccc1)C(=O)NCCCCCC(=O)OCc1ccccc1,0.1926552683957036,binned_cosine_1Da,51,False,predicted_spectrum,1074
CASMI2022,iceberg,completed,5,5,11,CASMI_MOL_1196792,CASMI_MOL_26010,26010,O=C(O)CN(CC(=O)O)CC(=O)NC(CCCCNC(=O)OCc1ccccc1)C(=O)NCCCCCC(=O)OCc1ccccc1,0.1926552683957036,binned_cosine_1Da,52,False,predicted_spectrum,1074
CASMI2022,iceberg,completed,5,5,11,CASMI_MOL_1196792,CASMI_MOL_26052,26052,Cc1ccccc1C(C)COC(=O)Nc1cc(F)c(OCCN2CCCC2=O)c(CN(C)C(=O)CNc2ccc3c(N)nccc3c2)c1,0.1919322565349004,binned_cosine_1Da,53,False,predicted_spectrum,1074
CASMI2022,iceberg,completed,5,5,11,CASMI_MOL_1196792,CASMI_MOL_26373,26373,COc1cc2c(cc1OC)OCCOCCOCCOCCOc1cc(OC)c(OC)cc1OCCOCCOCCOCCO2,0.1858569536750284,binned_cosine_1Da,54,False,predicted_spectrum,1074
CASMI2022,iceberg,completed,5,5,11,CASMI_MOL_1196792,CASMI_MOL_26551,26551,Cc1cc(CC(NC(=O)N2CCC(N3Cc4cscc4NC3=O)CC2)C(=O)N2CCC(N3CCN(C)CC3)CC2)cc(Cl)c1N,0.1855121418481873,binned_cosine_1Da,55,False,predicted_spectrum,1074
CASMI2022,iceberg,completed,5,5,11,CASMI_MOL_1196792,CASMI_MOL_26714,26714,Cc1cc2c(C(=O)NCC3CCCCC3)c(O)c(O)cc2c(O)c1-c1c(C)cc2c(C(=O)NCC3CCCCC3)c(O)c(O)cc2c1O,0.1845824245951219,binned_cosine_1Da,56,False,predicted_spectrum,1074
CASMI2022,iceberg,completed,5,5,11,CASMI_MOL_1196792,CASMI_MOL_25945,25945,[H]OCC1OC(OC2C(O)C(CO[H])OC3OC32)C(C)C(OC2OC(CO[H])C3OC(=O)OC3C2OC2OC(C)C(C)C(C)C2C)C1O,0.18280758925559,binned_cosine_1Da,57,False,predicted_spectrum,1074
CASMI2022,iceberg,completed,5,5,11,CASMI_MOL_1196792,CASMI_MOL_26577,26577,[H]OCC1OC(OC2C(O)C(CO[H])OC3OC32)C(C)C(OC2OC(CO[H])C3OC(=O)OC3C2OC2OC(C)C(C)C(C)C2C)C1O,0.18280758925559,binned_cosine_1Da,58,False,predicted_spectrum,1074
CASMI2022,iceberg,completed,5,5,11,CASMI_MOL_1196792,CASMI_MOL_26554,26554,CCc1cc(CC(NC(=O)N2CCC(N3Cc4sccc4NC3=O)CC2)C(=O)N2CCN(C3CCNCC3)CC2)cc(Cl)c1N,0.1807464362017617,binned_cosine_1Da,59,False,predicted_spectrum,1074
CASMI2022,iceberg,completed,5,5,11,CASMI_MOL_1196792,CASMI_MOL_26563,26563,CC=C(C)C=CC1=C(C)C(=O)C(OC(=O)CCC(=O)OCC2OC(O)C(O)C(O)C2OC2OC(CC)C(O)C(O)C2O)CC1(C)C,0.1772773062964134,binned_cosine_1Da,60,False,predicted_spectrum,1074
CASMI2022,iceberg,completed,5,5,11,CASMI_MOL_1196792,CASMI_MOL_26255,26255,CC(COC(=O)CCCC=CCC1C(O)CC(O)C1C=CC(F)(F)COc1ccccc1)NC(=O)OCCCCCCO[N+](=O)[O-],0.1761986527952676,binned_cosine_1Da,61,False,predicted_spectrum,1074
CASMI2022,iceberg,completed,5,5,11,CASMI_MOL_1196792,CASMI_MOL_26256,26256,CC(COC(=O)CCCC=CCC1C(O)CC(O)C1C=CC(F)(F)COc1ccccc1)NC(=O)OCCCCCCO[N+](=O)[O-],0.1761986527952676,binned_cosine_1Da,62,False,predicted_spectrum,1074
CASMI2022,iceberg,completed,5,5,11,CASMI_MOL_1196792,CASMI_MOL_26257,26257,CC(COC(=O)CCCC=CCC1C(O)CC(O)C1C=CC(F)(F)COc1ccccc1)NC(=O)OCCCCCCO[N+](=O)[O-],0.1761986527952676,binned_cosine_1Da,63,False,predicted_spectrum,1074
CASMI2022,iceberg,completed,5,5,11,CASMI_MOL_1196792,CASMI_MOL_25869,25869,CC1OCC(OCC(COC2COC(C)OC2)OCC(S)COC(COC2COC(C)OC2)COC2COC(C)OC2)CO1,0.1748510308249296,binned_cosine_1Da,64,False,predicted_spectrum,1074
CASMI2022,iceberg,completed,5,5,11,CASMI_MOL_1196792,CASMI_MOL_26604,26604,CCCCCC1COC(C2CCC(c3ccc(C4CCC(C(F)(F)Oc5cc(F)c(C=C(F)F)c(F)c5)CC4)c(F)c3)CC2)OC1,0.170216480622865,binned_cosine_1Da,65,False,predicted_spectrum,1074
CASMI2022,iceberg,completed,5,5,11,CASMI_MOL_1196792,CASMI_MOL_26446,26446,CC(=O)NCCN(CCC(=O)NCCOC1OC(CO)C(O)C(O)C1O)CCC(=O)NCCOC1OC(CO)C(O)C(O)C1O,0.16952940083473,binned_cosine_1Da,66,False,predicted_spectrum,1074
CASMI2022,iceberg,completed,5,5,11,CASMI_MOL_1196792,CASMI_MOL_26878,26878,CC(C)CCN(C(CO)CCCCNC(=O)N(Cc1ccc(F)cc1)Cc1ccc2c(c1)OCCO2)S(=O)(=O)c1ccc(N)cc1,0.1672110189478126,binned_cosine_1Da,67,False,predicted_spectrum,1074
CASMI2022,iceberg,completed,5,5,11,CASMI_MOL_1196792,CASMI_MOL_26602,26602,CCCCCC1CCC(C2COC(c3ccc(C4CCC(C(F)(F)Oc5cc(F)c(C=C(F)F)c(F)c5)CC4)c(F)c3)OC2)CC1,0.1657052265905491,binned_cosine_1Da,68,False,predicted_spectrum,1074
CASMI2022,iceberg,completed,5,5,11,CASMI_MOL_1196792,CASMI_MOL_26763,26763,CCCCCC(=O)Oc1cc2c(cc1OC(=O)CCCCC)C1C(=O)N(Cc3ccc(OC)cc3)C2C(=O)N1Cc1ccc(OC)cc1,0.1635427946227557,binned_cosine_1Da,69,False,predicted_spectrum,1074
CASMI2022,iceberg,completed,5,5,11,CASMI_MOL_1196792,CASMI_MOL_26808,26808,CC(C)(C)OC(=O)C(C(C(=O)OC(C)(C)C)N1C(=O)NC2(CCCCC2)C1=O)=P(c1ccccc1)(c1ccccc1)c1ccccc1,0.1633071128916641,binned_cosine_1Da,70,False,predicted_spectrum,1074
CASMI2022,iceberg,completed,5,5,11,CASMI_MOL_1196792,CASMI_MOL_26126,26126,CCC1C2CN(C(=O)C(C3(C)COC3)NC(=O)OC3CC4CC4C3CCCCC(F)(F)c3nc4ccc(OC)cc4nc3O2)C1C=O,0.1622334020451164,binned_cosine_1Da,71,False,predicted_spectrum,1074
CASMI2022,iceberg,completed,5,5,11,CASMI_MOL_1196792,CASMI_MOL_26635,26635,CC(C)(C)NC(=O)N(Cc1ccc(F)cc1)CC(O)C(Cc1ccccc1)NC(=O)C(CC(N)=O)NC(=O)c1ccc2ccccc2n1,0.1620566202824932,binned_cosine_1Da,72,False,predicted_spectrum,1074
CASMI2022,iceberg,completed,5,5,11,CASMI_MOL_1196792,CASMI_MOL_26450,26450,C=C1CC23CCC4C(C)(C(=O)OC5OC(C(=O)O)C(O)C(O)C5O)CCCC4(C)C2CCC1(OC1OC(CO)C(O)C(O)C1O)C3,0.1616318616184417,binned_cosine_1Da,73,False,predicted_spectrum,1074
CASMI2022,iceberg,completed,5,5,11,CASMI_MOL_1196792,CASMI_MOL_25946,25946,CC(C)(C)OC1OC(C(=O)O)C(C(CNN)OC(C(=O)O)C(CNN)OC2OC(C(=O)O)C(C(C)(C)C)C(O)C2O)C(O)C1O,0.1612707596610172,binned_cosine_1Da,74,False,predicted_spectrum,1074
CASMI2022,iceberg,completed,5,5,11,CASMI_MOL_1196792,CASMI_MOL_26135,26135,CC(C)(C)OC1OC(C(=O)O)C(C(CNN)OC(C(=O)O)C(CNN)OC2OC(C(=O)O)C(C(C)(C)C)C(O)C2O)C(O)C1O,0.1612707596610172,binned_cosine_1Da,75,False,predicted_spectrum,1074
CASMI2022,iceberg,completed,5,5,11,CASMI_MOL_1196792,CASMI_MOL_26578,26578,CC(C)(C)OC1OC(C(=O)O)C(C(CNN)OC(C(=O)O)C(CNN)OC2OC(C(=O)O)C(C(C)(C)C)C(O)C2O)C(O)C1O,0.1612707596610172,binned_cosine_1Da,76,False,predicted_spectrum,1074
CASMI2022,iceberg,completed,5,5,11,CASMI_MOL_1196792,CASMI_MOL_26125,26125,COc1ccc(C(OCC2(CO)CCN(C(=O)CCCCCNC(=O)C(F)(F)F)CC2)(c2ccccc2)c2ccc(OC)cc2)cc1,0.1591942120309378,binned_cosine_1Da,77,False,predicted_spectrum,1074
CASMI2022,iceberg,completed,5,5,11,CASMI_MOL_1196792,CASMI_MOL_26310,26310,CCCCCCCCOc1c(C[P+]([O-])(OCC)OCC)cc(C[P+]([O-])(OCC)OCC)cc1C[P+]([O-])(OCC)OCC,0.1583730752212334,binned_cosine_1Da,78,False,predicted_spectrum,1074
CASMI2022,iceberg,completed,5,5,11,CASMI_MOL_1196792,CASMI_MOL_26543,26543,CCc1cc(CC(NC(=O)N2CCC(N3Cc4sccc4NC3=O)CC2)C(=O)N2CCC(N3CCNCC3)CC2)cc(Cl)c1N,0.1582043683749221,binned_cosine_1Da,79,False,predicted_spectrum,1074
CASMI2022,iceberg,completed,5,5,11,CASMI_MOL_1196792,CASMI_MOL_26200,26200,C=C(C=CC=CC)C(CN1CCC(OCCOCCOCCOCCOCCOC)C1)N(C)C(=O)Cc1ccc(Cl)c(Cl)c1,0.1568802642354306,binned_cosine_1Da,80,False,predicted_spectrum,1074
CASMI2022,iceberg,completed,5,5,11,CASMI_MOL_1196792,CASMI_MOL_25906,25906,COC(=O)NC(C(=O)NCC(F)CCC(CO)N(CCC(C)C)S(=O)(=O)c1ccc(N)cc1)C(c1ccccc1)c1ccccc1,0.1561134644191084,binned_cosine_1Da,81,False,predicted_spectrum,1074
CASMI2022,iceberg,completed,5,5,11,CASMI_MOL_1196792,CASMI_MOL_26070,26070,COC(=O)NC(C(=O)NCC(F)CCC(CO)N(CCC(C)C)S(=O)(=O)c1ccc(N)cc1)C(c1ccccc1)c1ccccc1,0.1561134644191084,binned_cosine_1Da,82,False,predicted_spectrum,1074
CASMI2022,iceberg,completed,5,5,11,CASMI_MOL_1196792,CASMI_MOL_26267,26267,COC(=O)NC(C(=O)NCC(F)CCC(CO)N(CCC(C)C)S(=O)(=O)c1ccc(N)cc1)C(c1ccccc1)c1ccccc1,0.1561134644191084,binned_cosine_1Da,83,False,predicted_spectrum,1074
CASMI2022,iceberg,completed,5,5,11,CASMI_MOL_1196792,CASMI_MOL_26436,26436,COC(=O)NC(C(=O)NCC(F)CCC(CO)N(CCC(C)C)S(=O)(=O)c1ccc(N)cc1)C(c1ccccc1)c1ccccc1,0.1561134644191084,binned_cosine_1Da,84,False,predicted_spectrum,1074
CASMI2022,iceberg,completed,5,5,11,CASMI_MOL_1196792,CASMI_MOL_26513,26513,COC(=O)NC(C(=O)NCC(F)CCC(CO)N(CCC(C)C)S(=O)(=O)c1ccc(N)cc1)C(c1ccccc1)c1ccccc1,0.1561134644191084,binned_cosine_1Da,85,False,predicted_spectrum,1074
CASMI2022,iceberg,completed,5,5,11,CASMI_MOL_1196792,CASMI_MOL_26630,26630,COC(=O)NC(C(=O)NCC(F)CCC(CO)N(CCC(C)C)S(=O)(=O)c1ccc(N)cc1)C(c1ccccc1)c1ccccc1,0.1561134644191084,binned_cosine_1Da,86,False,predicted_spectrum,1074
CASMI2022,iceberg,completed,5,5,11,CASMI_MOL_1196792,CASMI_MOL_26417,26417,CCCCC(CC)CSCC(=O)OP(=O)(OC(=O)CSCC(CC)CCCC)OC(=O)CSCC(CC)CCCC,0.1551336378345443,binned_cosine_1Da,87,False,predicted_spectrum,1074
CASMI2022,iceberg,completed,5,5,11,CASMI_MOL_1196792,CASMI_MOL_26374,26374,Fc1ccc(-c2ccc(-c3ccc(CCCCCCCCCc4cccc(-c5ccc(-c6ccc(F)c(F)c6)cc5)c4)cc3)cc2)cc1F,0.1544312130626586,binned_cosine_1Da,88,False,predicted_spectrum,1074
CASMI2022,iceberg,completed,5,5,11,CASMI_MOL_1196792,CASMI_MOL_26764,26764,CC=CCNC(C(=O)OC)C(=O)C(Cc1cncn1C(c1ccccc1)(c1ccccc1)c1ccccc1)NC(=O)OCc1ccccc1,0.1535022636573542,binned_cosine_1Da,89,False,predicted_spectrum,1074
CASMI2022,iceberg,completed,5,5,11,CASMI_MOL_1196792,CASMI_MOL_26729,26729,COc1cc(OS(=O)(=O)CCCN(C)CCN(C)C)ccc1-c1ccc2c(c1COc1cc(F)ccc1C)N(C)C(=O)C(C)(C)N2,0.1534266170312444,binned_cosine_1Da,90,False,predicted_spectrum,1074
CASMI2022,iceberg,completed,5,5,11,CASMI_MOL_1196792,CASMI_MOL_26380,26380,CCCCC1CCC(CCC2CCC(C(F)(F)OC3CCC(C(F)(F)Oc4cc(F)c(OC=C(F)F)c(F)c4)CC3)CC2)OC1,0.1497640658945076,binned_cosine_1Da,91,False,predicted_spectrum,1074
CASMI2022,iceberg,completed,5,5,11,CASMI_MOL_1196792,CASMI_MOL_26741,26741,CC(C=CCC(=O)N(CCO)Cc1ccccc1)C1(O)C(=O)N(Cc2ccc(NC(=O)Cc3c[nH]c4ccccc34)cc2)c2ccccc21,0.1496763931175367,binned_cosine_1Da,92,False,predicted_spectrum,1074
CASMI2022,iceberg,completed,5,5,11,CASMI_MOL_1196792,CASMI_MOL_26760,26760,CC(C=CCC(=O)N(CCO)Cc1ccccc1)C1(O)C(=O)N(Cc2ccc(NC(=O)Cc3c[nH]c4ccccc34)cc2)c2ccccc21,0.1496763931175367,binned_cosine_1Da,93,False,predicted_spectrum,1074
CASMI2022,iceberg,completed,5,5,11,CASMI_MOL_1196792,CASMI_MOL_26545,26545,Cc1cc(CC(NC(=O)N2CCC(N3Cc4ccsc4NC3=O)CC2)C(=O)N2CCC(N3CCN(C)CC3)CC2)cc(Cl)c1N,0.1495454015149422,binned_cosine_1Da,94,False,predicted_spectrum,1074
CASMI2022,iceberg,completed,5,5,11,CASMI_MOL_1196792,CASMI_MOL_26547,26547,Cc1cc(CC(NC(=O)N2CCC(N3Cc4ccsc4NC3=O)CC2)C(=O)N2CCN(C3CCN(C)CC3)CC2)cc(Cl)c1N,0.146952300513881,binned_cosine_1Da,95,False,predicted_spectrum,1074
CASMI2022,iceberg,completed,5,5,11,CASMI_MOL_1196792,CASMI_MOL_26116,26116,COc1ccc(C=C(N=C(C)CCCCC(C)C=Cc2ccc(F)cc2)C(=O)NCC(C)C(=O)OC(CC(C)C)C(=O)O)cc1Cl,0.1463790706651676,binned_cosine_1Da,96,False,predicted_spectrum,1074
CASMI2022,iceberg,completed,5,5,11,CASMI_MOL_1196792,CASMI_MOL_26049,26049,CC(C)c1cc2c(c(O)c1OC1OC(CO)C(O)C(O)C1O)C1(C)CCCC(C)(C(=O)OC3OC(CO)C(O)C(O)C3O)C1CC2,0.1455958027095332,binned_cosine_1Da,97,False,predicted_spectrum,1074
CASMI2022,iceberg,completed,5,5,11,CASMI_MOL_1196792,CASMI_MOL_26263,26263,CC(C)c1cc2c(c(O)c1OC1OC(CO)C(O)C(O)C1O)C1(C)CCCC(C)(C(=O)OC3OC(CO)C(O)C(O)C3O)C1CC2,0.1455958027095332,binned_cosine_1Da,98,False,predicted_spectrum,1074
CASMI2022,iceberg,completed,5,5,11,CASMI_MOL_1196792,CASMI_MOL_26411,26411,CC=CCN(CC(=O)OC)C(=O)C(Cc1cncn1C(c1ccccc1)(c1ccccc1)c1ccccc1)NC(=O)OCc1ccccc1,0.1455236080914445,binned_cosine_1Da,99,False,predicted_spectrum,1074
CASMI2022,iceberg,completed,5,5,11,CASMI_MOL_1196792,CASMI_MOL_25916,25916,CC(=O)NC1C(OCc2ccccc2)OC2COC(c3ccccc3)OC2C1OC(C)C(=O)NNC(=O)C(C)NC(=O)OC(C)(C)C,0.1453119937262854,binned_cosine_1Da,100,False,predicted_spectrum,1074
CASMI2022,iceberg,completed,6,6,15,CASMI_MOL_1196793,CASMI_MOL_27039,27039,CC=C(C)C(=O)OC(C)C(C)(O)C(=O)OC1CC(C)(C)C2CC=C(C)C(CC=C(C)CC(=O)O)C2(C)C1,0.6145216740233898,binned_cosine_1Da,1,False,predicted_spectrum,1524
CASMI2022,iceberg,completed,6,6,15,CASMI_MOL_1196793,CASMI_MOL_27040,27040,CC=C(C)C(=O)OC(C)C(C)(O)C(=O)OC1CC(C)(C)C2CC=C(C)C(CC=C(C)CC(=O)O)C2(C)C1,0.6145216740233898,binned_cosine_1Da,2,False,predicted_spectrum,1524
CASMI2022,iceberg,completed,6,6,15,CASMI_MOL_1196793,CASMI_MOL_27696,27696,CCCC=CC1CC2(C)C(=CC1=O)CCC1C2C(OCOC)CC2(C)C1CCC2C1(OCO)COCO1,0.5963552861544775,binned_cosine_1Da,3,False,predicted_spectrum,1524
CASMI2022,iceberg,completed,6,6,15,CASMI_MOL_1196793,CASMI_MOL_28163,28163,Oc1c(C2CCCC2)cc(CSCc2cc(C3CCCC3)c(O)c(C3CCCC3)c2)cc1C1CCCC1,0.5711287562300456,binned_cosine_1Da,4,False,predicted_spectrum,1524
CASMI2022,iceberg,completed,6,6,15,CASMI_MOL_1196793,CASMI_MOL_27878,27878,CCCCCC=CC=C1CCC(=O)C1CC=CCCC(OC1CCCCO1)(OC1CCCCO1)C(=O)O,0.5707054228264643,binned_cosine_1Da,5,False,predicted_spectrum,1524
CASMI2022,iceberg,completed,6,6,15,CASMI_MOL_1196793,CASMI_MOL_27517,27517,CCC=CCC=CCC=CCC=CCC=CCC=CCCC(=O)NCC(=O)CNC(=O)c1cnc(C)cn1,0.5582681076174294,binned_cosine_1Da,6,False,predicted_spectrum,1524
CASMI2022,iceberg,completed,6,6,15,CASMI_MOL_1196793,CASMI_MOL_28162,28162,Oc1c(CSCc2cc(C3CCCC3)cc(C3CCCC3)c2O)cc(C2CCCC2)cc1C1CCCC1,0.5451654739697142,binned_cosine_1Da,7,False,predicted_spectrum,1524
CASMI2022,iceberg,completed,6,6,15,CASMI_MOL_1196793,CASMI_MOL_27512,27512,COC1C=CC(C)C2OC(O)(C(C)C(=O)OC(c3ccccc3)CCCCC1OC)C(OC)C(C)C2C,0.5433471676008639,binned_cosine_1Da,8,False,predicted_spectrum,1524
CASMI2022,iceberg,completed,6,6,15,CASMI_MOL_1196793,CASMI_MOL_27868,27868,COC1C=CC(C)C2OC(O)(C(C)C(=O)OC(c3ccccc3)CCCCC1OC)C(OC)C(C)C2C,0.5433471676008639,binned_cosine_1Da,9,False,predicted_spectrum,1524
CASMI2022,iceberg,completed,6,6,15,CASMI_MOL_1196793,CASMI_MOL_28278,28278,COC1CC(C2COC(C)(C)O2)OC(=O)C(C)=CC(C)=CC(C)=CC(C)C(O)C=CC(C)=CCCC1O,0.5431478616390378,binned_cosine_1Da,10,False,predicted_spectrum,1524
CASMI2022,iceberg,completed,6,6,15,CASMI_MOL_1196793,CASMI_MOL_27026,27026,CC(=O)OC1CC(O)CC2C=CC3C4CCC(C(C)(O)C(O)CC5OCC(=O)C5C)C4(C)CCC3C21C,0.5362268113163441,binned_cosine_1Da,11,False,predicted_spectrum,1524
CASMI2022,iceberg,completed,6,6,15,CASMI_MOL_1196793,CASMI_MOL_27027,27027,CC(=O)OC1CC(O)CC2C=CC3C4CCC(C(C)(O)C(O)CC5OCC(=O)C5C)C4(C)CCC3C21C,0.5362268113163441,binned_cosine_1Da,12,False,predicted_spectrum,1524
CASMI2022,iceberg,completed,6,6,15,CASMI_MOL_1196793,CASMI_MOL_27028,27028,CC(=O)OC1CC(O)CC2C=CC3C4CCC(C(C)(O)C(O)CC5OCC(=O)C5C)C4(C)CCC3C21C,0.5362268113163441,binned_cosine_1Da,13,False,predicted_spectrum,1524
CASMI2022,iceberg,completed,6,6,15,CASMI_MOL_1196793,CASMI_MOL_27300,27300,C=C(CO)C(=O)OCC(COC(=O)C(C)CO)C1CCC(CCc2ccc(CCCC(C)C)cc2)CO1,0.5273401974945974,binned_cosine_1Da,14,False,predicted_spectrum,1524
CASMI2022,iceberg,completed,6,6,15,CASMI_MOL_1196793,CASMI_MOL_27984,27984,CCCC#CCCCC1CCC(=O)C1CC=CCCC(OC1CCCCO1)(OC1CCCCO1)C(=O)O,0.5262198307522049,binned_cosine_1Da,15,False,predicted_spectrum,1524
CASMI2022,iceberg,completed,6,6,15,CASMI_MOL_1196793,CASMI_MOL_27249,27249,CC(C=CC(OC(=O)c1ccccc1)C(C)C)=C1CCC2C3CC=C4CC(S)CCC4(C)C3CCC12C,0.5190367548408923,binned_cosine_1Da,16,False,predicted_spectrum,1524
CASMI2022,iceberg,completed,6,6,15,CASMI_MOL_1196793,CASMI_MOL_28164,28164,Oc1c(CSCc2cc(C3CCCC3)c(O)c(C3CCCC3)c2)cc(C2CCCC2)cc1C1CCCC1,0.514094479498477,binned_cosine_1Da,17,False,predicted_spectrum,1524
CASMI2022,iceberg,completed,6,6,15,CASMI_MOL_1196793,CASMI_MOL_28319,28319,Cc1cc(C2CCCC2)c(O)c(Sc2c(O)c(C3CCCC3)cc(C)c2C2CCCC2)c1C1CCCC1,0.5064736620439545,binned_cosine_1Da,18,False,predicted_spectrum,1524
CASMI2022,iceberg,completed,6,6,15,CASMI_MOL_1196793,CASMI_MOL_28010,28010,CC=CC1C=C2CC(=O)C(C)C(CCC3CC(CC(=O)OC)OC(C)(C)O3)C2C(OC(=O)C(C)CC)C1,0.5025679631560462,binned_cosine_1Da,19,False,predicted_spectrum,1524
CASMI2022,iceberg,completed,6,6,15,CASMI_MOL_1196793,CASMI_MOL_27257,27257,CC1(C)C(OC2CC(O)C(O)CO2)CCC23CC24CCC2(C)C5CCC(CO)OC5C(=O)C2C4CCC13,0.5020295874819427,binned_cosine_1Da,20,False,predicted_spectrum,1524
CASMI2022,iceberg,completed,6,6,15,CASMI_MOL_1196793,CASMI_MOL_27648,27648,CC(=O)OC1CC2(C)C(=CC13SCCS3)CCC1C2CCC2(C)C(C(C)CCCC(C)C)CCC12,0.4909814446575439,binned_cosine_1Da,21,False,predicted_spectrum,1524
CASMI2022,iceberg,completed,6,6,15,CASMI_MOL_1196793,CASMI_MOL_27433,27433,CC1(C(=O)O)CC2C3=CCC4C5(C)CCC(O)C(C)(CO)C5CCC4(C)C3(C)CCC2(C(=O)O)CC1O,0.4731635750503271,binned_cosine_1Da,22,False,predicted_spectrum,1524
CASMI2022,iceberg,completed,6,6,15,CASMI_MOL_1196793,CASMI_MOL_27434,27434,CC1(C(=O)O)CC2C3=CCC4C5(C)CCC(O)C(C)(CO)C5CCC4(C)C3(C)CCC2(C(=O)O)CC1O,0.4731635750503271,binned_cosine_1Da,23,False,predicted_spectrum,1524
CASMI2022,iceberg,completed,6,6,15,CASMI_MOL_1196793,CASMI_MOL_27759,27759,C=C(C)C1CCC(C)=CC1c1c(O)cc(CCCCC)cc1OC(=O)COCCOCCOCCOC,0.4644770665464164,binned_cosine_1Da,24,False,predicted_spectrum,1524
CASMI2022,iceberg,completed,6,6,15,CASMI_MOL_1196793,CASMI_MOL_28098,28098,C=C(C)C1CCC(C)=CC1c1c(O)cc(CCCCC)cc1OC(=O)COCCOCCOCCOC,0.4644770665464164,binned_cosine_1Da,25,False,predicted_spectrum,1524
CASMI2022,iceberg,completed,6,6,15,CASMI_MOL_1196793,CASMI_MOL_27378,27378,C=C(C)C1CCC(C)=CC1c1c(O)cc(CCCCC)cc1OCCOCCOCCOCCC(=O)O,0.4586057106409583,binned_cosine_1Da,26,False,predicted_spectrum,1524
CASMI2022,iceberg,completed,6,6,15,CASMI_MOL_1196793,CASMI_MOL_27609,27609,CC1(C)CCC2(C(=O)O)CCC3(C)C(=CCC4C5(C)CC(O)C(O)C(C)(C(=O)O)C5C(O)CC43C)C2C1,0.4568818676539175,binned_cosine_1Da,27,False,predicted_spectrum,1524
CASMI2022,iceberg,completed,6,6,15,CASMI_MOL_1196793,CASMI_MOL_27811,27811,C=CC(CCC=C(C)C)(Cc1ccc(C)cc1)S(=O)(=O)C(C=C)(CCC=C(C)C)Cc1ccc(C)cc1,0.4548249455528009,binned_cosine_1Da,28,False,predicted_spectrum,1524
CASMI2022,iceberg,completed,6,6,15,CASMI_MOL_1196793,CASMI_MOL_27270,27270,CCCCCc1cc(OC(=O)COCCOCCOCCOC)c2c(c1)OC(C)(C)C1CCC(C)=CC21,0.4503625893966868,binned_cosine_1Da,29,False,predicted_spectrum,1524
CASMI2022,iceberg,completed,6,6,15,CASMI_MOL_1196793,CASMI_MOL_27348,27348,CCCCCc1cc(OC(=O)COCCOCCOCCOC)c2c(c1)OC(C)(C)C1CCC(C)=CC21,0.4503625893966868,binned_cosine_1Da,30,False,predicted_spectrum,1524
CASMI2022,iceberg,completed,6,6,15,CASMI_MOL_1196793,CASMI_MOL_27720,27720,CCCCCc1cc(OC(=O)COCCOCCOCCOC)c2c(c1)OC(C)(C)C1CCC(C)=CC21,0.4503625893966868,binned_cosine_1Da,31,False,predicted_spectrum,1524
CASMI2022,iceberg,completed,6,6,15,CASMI_MOL_1196793,CASMI_MOL_28078,28078,CCCCCc1cc(OC(=O)COCCOCCOCCOC)c2c(c1)OC(C)(C)C1CCC(C)=CC21,0.4503625893966868,binned_cosine_1Da,32,False,predicted_spectrum,1524
CASMI2022,iceberg,completed,6,6,15,CASMI_MOL_1196793,CASMI_MOL_27080,27080,CC(=CCCC(C)=CCc1cc(OC2OCC(O)C(O)C2O)c(C)c(C)c1O)CCC=C(C)CCCO,0.4494076057303714,binned_cosine_1Da,33,False,predicted_spectrum,1524
CASMI2022,iceberg,completed,6,6,15,CASMI_MOL_1196793,CASMI_MOL_28282,28282,CC(=CCCC(C)=CCc1cc(OC2OCC(O)C(O)C2O)c(C)c(C)c1O)CCC=C(C)CCCO,0.4494076057303714,binned_cosine_1Da,34,False,predicted_spectrum,1524
CASMI2022,iceberg,completed,6,6,15,CASMI_MOL_1196793,CASMI_MOL_28271,28271,COC(=O)C1(COC(C)=O)CCC2(C)C(CCC3C4(C)CCC(OC(C)=O)C(C)(C)C4CCC32C)C1=O,0.4463180341295411,binned_cosine_1Da,35,False,predicted_spectrum,1524
CASMI2022,iceberg,completed,6,6,15,CASMI_MOL_1196793,CASMI_MOL_28303,28303,COC(=O)C1(COC(C)=O)CCC2(C)C(CCC3C4(C)CCC(OC(C)=O)C(C)(C)C4CCC32C)C1=O,0.4463180341295411,binned_cosine_1Da,36,False,predicted_spectrum,1524
CASMI2022,iceberg,completed,6,6,15,CASMI_MOL_1196793,CASMI_MOL_27032,27032,CC(C)(O)C(O)C1CC(C2CC=C3C2(C)CC(O)C2C4(C)C=CC(=O)C(C)(C)C4CC(O)C32C)C(O)O1,0.4430055629855124,binned_cosine_1Da,37,False,predicted_spectrum,1524
CASMI2022,iceberg,completed,6,6,15,CASMI_MOL_1196793,CASMI_MOL_27033,27033,CC(C)(O)C(O)C1CC(C2CC=C3C2(C)CC(O)C2C4(C)C=CC(=O)C(C)(C)C4CC(O)C32C)C(O)O1,0.4430055629855124,binned_cosine_1Da,38,False,predicted_spectrum,1524
CASMI2022,iceberg,completed,6,6,15,CASMI_MOL_1196793,CASMI_MOL_27601,27601,CC(C)(O)C(O)C1CC(C2CC=C3C2(C)CC(O)C2C4(C)C=CC(=O)C(C)(C)C4CC(O)C32C)C(O)O1,0.4430055629855124,binned_cosine_1Da,39,False,predicted_spectrum,1524
CASMI2022,iceberg,completed,6,6,15,CASMI_MOL_1196793,CASMI_MOL_27431,27431,CC1(C(=O)O)CCC2(C(=O)O)C(O)CC3(C)C(=CCC4C5(C)CCC(O)C(C)(CO)C5CCC43C)C2C1,0.4426544673788314,binned_cosine_1Da,40,False,predicted_spectrum,1524
CASMI2022,iceberg,completed,6,6,15,CASMI_MOL_1196793,CASMI_MOL_27432,27432,CC1(C(=O)O)CCC2(C(=O)O)C(O)CC3(C)C(=CCC4C5(C)CCC(O)C(C)(CO)C5CCC43C)C2C1,0.4426544673788314,binned_cosine_1Da,41,False,predicted_spectrum,1524
CASMI2022,iceberg,completed,6,6,15,CASMI_MOL_1196793,CASMI_MOL_27728,27728,CCCCCC(C=CC1C(=O)CC(OC2CCCCO2)C1CC=CC=CCC(=O)O)OC1CCCCO1,0.4392152974178104,binned_cosine_1Da,42,False,predicted_spectrum,1524
CASMI2022,iceberg,completed,6,6,15,CASMI_MOL_1196793,CASMI_MOL_27975,27975,CCCCCC(C=CC1C(=O)CC(OC2CCCCO2)C1CC=CC=CCC(=O)O)OC1CCCCO1,0.4392152974178104,binned_cosine_1Da,43,False,predicted_spectrum,1524
CASMI2022,iceberg,completed,6,6,15,CASMI_MOL_1196793,CASMI_MOL_28248,28248,CCCCCC(C=CC1C(=O)CC(OC2CCCCO2)C1CC=CC=CCC(=O)O)OC1CCCCO1,0.4392152974178104,binned_cosine_1Da,44,False,predicted_spectrum,1524
CASMI2022,iceberg,completed,6,6,15,CASMI_MOL_1196793,CASMI_MOL_28333,28333,CCCCCc1ccc(C(=O)N2CCC3(CC2)C(=O)N(CC(=O)NCCCC)CN3c2ccccc2)cc1,0.4380647556090701,binned_cosine_1Da,45,False,predicted_spectrum,1524
CASMI2022,iceberg,completed,6,6,15,CASMI_MOL_1196793,CASMI_MOL_28361,28361,CCCCCc1ccc(C(=O)N2CCC3(CC2)C(=O)N(CC(=O)N(CC)CC)CN3c2ccccc2)cc1,0.4366822783832787,binned_cosine_1Da,46,False,predicted_spectrum,1524
CASMI2022,iceberg,completed,6,6,15,CASMI_MOL_1196793,CASMI_MOL_27403,27403,CCCCCCCCCCCCSCCc1ccc(OCc2ccccc2)c(OCc2ccccc2)c1,0.433763212199157,binned_cosine_1Da,47,False,predicted_spectrum,1524
CASMI2022,iceberg,completed,6,6,15,CASMI_MOL_1196793,CASMI_MOL_27446,27446,CC(C)(C)OC(=O)N1CCC(N(Cc2ccccc2)C(=O)CNc2cccc3c2CCN(CC2CC2)C3)C1,0.4326498585469388,binned_cosine_1Da,48,False,predicted_spectrum,1524
CASMI2022,iceberg,completed,6,6,15,CASMI_MOL_1196793,CASMI_MOL_27910,27910,CCOc1cc2c(c(F)c1F)OC(C1CCC(C(=O)OC3CCC(C4CCC(C)CC4)CC3)CC1)CC2,0.4288132516856995,binned_cosine_1Da,49,False,predicted_spectrum,1524
CASMI2022,iceberg,completed,6,6,15,CASMI_MOL_1196793,CASMI_MOL_28235,28235,CC(C)COC1(OCC(C)C)OCC(=O)C2(CCC3C4CC=C5CC(=O)CCC5(C)C4C(O)CC32C)O1,0.4264097158053418,binned_cosine_1Da,50,False,predicted_spectrum,1524
CASMI2022,iceberg,completed,6,6,15,CASMI_MOL_1196793,CASMI_MOL_27995,27995,CCCC#CCCCC1CCC(=O)C1CCCC=C(OC1CCCCO1)C(OC1CCCCO1)C(=O)O,0.4250925005613872,binned_cosine_1Da,51,False,predicted_spectrum,1524
CASMI2022,iceberg,completed,6,6,15,CASMI_MOL_1196793,CASMI_MOL_27178,27178,CC(C)(O)C=CC(=O)C(C)(O)C1C(O)CC2(C)C3CC=C4C(CC(=O)C(O)C4(C)C)C3(C)C(O)CC12C,0.4201083103262656,binned_cosine_1Da,52,False,predicted_spectrum,1524
CASMI2022,iceberg,completed,6,6,15,CASMI_MOL_1196793,CASMI_MOL_27387,27387,CC(C)(O)C=CC(=O)C(C)(O)C1C(O)CC2(C)C3CC=C4C(CC(=O)C(O)C4(C)C)C3(C)C(O)CC12C,0.4201083103262656,binned_cosine_1Da,53,False,predicted_spectrum,1524
CASMI2022,iceberg,completed,6,6,15,CASMI_MOL_1196793,CASMI_MOL_27476,27476,CC(C)(O)C=CC(=O)C(C)(O)C1C(O)CC2(C)C3CC=C4C(CC(=O)C(O)C4(C)C)C3(C)C(O)CC12C,0.4201083103262656,binned_cosine_1Da,54,False,predicted_spectrum,1524
CASMI2022,iceberg,completed,6,6,15,CASMI_MOL_1196793,CASMI_MOL_26920,26920,C=C(C)C(=O)OCC(COC(=O)C(C)(C)CO)Cc1ccc(CCC2OCC(CCCCC)CO2)cc1,0.4196606762530704,binned_cosine_1Da,55,False,predicted_spectrum,1524
CASMI2022,iceberg,completed,6,6,15,CASMI_MOL_1196793,CASMI_MOL_27031,27031,CC(=CC(O)CC(C)(O)C1C(O)CC2(C)C3CC=C4C(CC(=O)C(O)C4(C)C)C3(C)C(=O)CC12C)CO,0.4156808727664124,binned_cosine_1Da,56,False,predicted_spectrum,1524
CASMI2022,iceberg,completed,6,6,15,CASMI_MOL_1196793,CASMI_MOL_27074,27074,CC(=CC(O)CC(C)(O)C1C(O)CC2(C)C3CC=C4C(CC(=O)C(O)C4(C)C)C3(C)C(=O)CC12C)CO,0.4156808727664124,binned_cosine_1Da,57,False,predicted_spectrum,1524
CASMI2022,iceberg,completed,6,6,15,CASMI_MOL_1196793,CASMI_MOL_27638,27638,CC(=CC(O)CC(C)(O)C1C(O)CC2(C)C3CC=C4C(CC(=O)C(O)C4(C)C)C3(C)C(=O)CC12C)CO,0.4156808727664124,binned_cosine_1Da,58,False,predicted_spectrum,1524
CASMI2022,iceberg,completed,6,6,15,CASMI_MOL_1196793,CASMI_MOL_28022,28022,CC(=CC(O)CC(C)(O)C1C(O)CC2(C)C3CC=C4C(CC(=O)C(O)C4(C)C)C3(C)C(=O)CC12C)CO,0.4156808727664124,binned_cosine_1Da,59,False,predicted_spectrum,1524
CASMI2022,iceberg,completed,6,6,15,CASMI_MOL_1196793,CASMI_MOL_28042,28042,CC(=CC(O)CC(C)(O)C1C(O)CC2(C)C3CC=C4C(CC(=O)C(O)C4(C)C)C3(C)C(=O)CC12C)CO,0.4156808727664124,binned_cosine_1Da,60,False,predicted_spectrum,1524
CASMI2022,iceberg,completed,6,6,15,CASMI_MOL_1196793,CASMI_MOL_28338,28338,CCCCc1ccc(C(=O)N(CCCOC)CC(=O)Nc2cc(C(C)(C)C)nn2-c2ccc(C)cc2)cc1,0.415037676744883,binned_cosine_1Da,61,False,predicted_spectrum,1524
CASMI2022,iceberg,completed,6,6,15,CASMI_MOL_1196793,CASMI_MOL_27429,27429,C=CCC(OCOC)C(C)=CC1OC(C(C)C(O)C=CC(OC)C(C)OCc2ccccc2)CC1OC,0.4133385621418917,binned_cosine_1Da,62,False,predicted_spectrum,1524
CASMI2022,iceberg,completed,6,6,15,CASMI_MOL_1196793,CASMI_MOL_28066,28066,COc1ccccc1C=CCN(CCN1CCN(C(=O)NC2CCCCC2)CC1)C(=O)c1ccc(C)cc1,0.4101232646679126,binned_cosine_1Da,63,False,predicted_spectrum,1524
CASMI2022,iceberg,completed,6,6,15,CASMI_MOL_1196793,CASMI_MOL_28348,28348,CCCCCc1ccc(C(=O)N2CCC3(CC2)C(=O)N(CC(=O)NC(C)CC)CN3c2ccccc2)cc1,0.408945528825783,binned_cosine_1Da,64,False,predicted_spectrum,1524
CASMI2022,iceberg,completed,6,6,15,CASMI_MOL_1196793,CASMI_MOL_28050,28050,COc1ccc(C(CC(C)C)NC(=O)C2CCN(Cc3nc(-c4ccc(C(C)(C)C)cc4)no3)CC2)cc1,0.4045505848664349,binned_cosine_1Da,65,False,predicted_spectrum,1524
CASMI2022,iceberg,completed,6,6,15,CASMI_MOL_1196793,CASMI_MOL_26914,26914,CC(CC=CC1CCC(=O)C(=O)C1(C)C)C(=O)CC1(C)C(C)CC(O)C1C(C)(O)C(=O)C=CC(C)(C)O,0.4031831625953264,binned_cosine_1Da,66,False,predicted_spectrum,1524
CASMI2022,iceberg,completed,6,6,15,CASMI_MOL_1196793,CASMI_MOL_27918,27918,CC(C)(C)OC(=O)NC1c2cc(C(=O)N3CCC4(CC3)CCN(c3ccncc3)CC4)ccc2CC1(C)C,0.4002067334328112,binned_cosine_1Da,67,False,predicted_spectrum,1524
CASMI2022,iceberg,completed,6,6,15,CASMI_MOL_1196793,CASMI_MOL_27011,27011,CCCCCCC(C=C(C)C(O)C(C)C(=O)OC1CCC(C)C2(C)C=c3c(C)c(O)oc3=CC12O)CO,0.3996308513256687,binned_cosine_1Da,68,False,predicted_spectrum,1524
CASMI2022,iceberg,completed,6,6,15,CASMI_MOL_1196793,CASMI_MOL_27012,27012,CCCCCCC(C=C(C)C(O)C(C)C(=O)OC1CCC(C)C2(C)C=c3c(C)c(O)oc3=CC12O)CO,0.3996308513256687,binned_cosine_1Da,69,False,predicted_spectrum,1524
CASMI2022,iceberg,completed,6,6,15,CASMI_MOL_1196793,CASMI_MOL_27073,27073,CCCCCCC(C=C(C)C(O)C(C)C(=O)OC1CCC(C)C2(C)C=c3c(C)c(O)oc3=CC12O)CO,0.3996308513256687,binned_cosine_1Da,70,False,predicted_spectrum,1524
CASMI2022,iceberg,completed,6,6,15,CASMI_MOL_1196793,CASMI_MOL_28029,28029,CCCCCCC(C=C(C)C(O)C(C)C(=O)OC1CCC(C)C2(C)C=c3c(C)c(O)oc3=CC12O)CO,0.3996308513256687,binned_cosine_1Da,71,False,predicted_spectrum,1524
CASMI2022,iceberg,completed,6,6,15,CASMI_MOL_1196793,CASMI_MOL_28344,28344,CCCCCCc1ccc(C(=O)N2CCC3(CC2)C(=O)N(CC(=O)NCCC)CN3c2ccccc2)cc1,0.3975096322933856,binned_cosine_1Da,72,False,predicted_spectrum,1524
CASMI2022,iceberg,completed,6,6,15,CASMI_MOL_1196793,CASMI_MOL_27169,27169,CCCCCCCCCC(O)CCC1C(OC(=O)COC)CC2Cc3c(cccc3OCC(=O)O)CC21,0.3961955245531458,binned_cosine_1Da,73,False,predicted_spectrum,1524
CASMI2022,iceberg,completed,6,6,15,CASMI_MOL_1196793,CASMI_MOL_28351,28351,CCCCCc1ccc(C(=O)N(CCOC)CC(=O)Nc2cc(C(C)(C)C)nn2-c2ccc(C)cc2)cc1,0.3935394800332358,binned_cosine_1Da,74,False,predicted_spectrum,1524
CASMI2022,iceberg,completed,6,6,15,CASMI_MOL_1196793,CASMI_MOL_28372,28372,CCCCCCc1ccc(C(=O)N2CCC3(CC2)C(=O)N(CC(=O)NC(C)C)CN3c2ccccc2)cc1,0.392946811254269,binned_cosine_1Da,75,False,predicted_spectrum,1524
CASMI2022,iceberg,completed,6,6,15,CASMI_MOL_1196793,CASMI_MOL_27327,27327,CCCCCCCCCCOc1ccc(OC(=O)c2ccc(OCCCCCCCC)c(F)c2F)cc1,0.3917320883630769,binned_cosine_1Da,76,False,predicted_spectrum,1524
CASMI2022,iceberg,completed,6,6,15,CASMI_MOL_1196793,CASMI_MOL_27570,27570,CCCCCCOCCCCCCC(=O)C1(C)CCc2c(C)c(OC(=O)CCC(=O)O)c(C)c(C)c2O1,0.3903037632107973,binned_cosine_1Da,77,False,predicted_spectrum,1524
CASMI2022,iceberg,completed,6,6,15,CASMI_MOL_1196793,CASMI_MOL_27725,27725,CC(=O)C1CCC(C)CC1C(=O)OCC(O)COc1cc(C(C)(C)C)c(OCC2CO2)cc1C(C)(C)C,0.3876176669663246,binned_cosine_1Da,78,False,predicted_spectrum,1524
CASMI2022,iceberg,completed,6,6,15,CASMI_MOL_1196793,CASMI_MOL_27919,27919,CC(C)(C)OC(=O)NC1CC(C)(C)c2ccc(C(=O)N3CCC4(CC3)CCN(c3ccncc3)CC4)cc21,0.383844099318704,binned_cosine_1Da,79,False,predicted_spectrum,1524
CASMI2022,iceberg,completed,6,6,15,CASMI_MOL_1196793,CASMI_MOL_27841,27841,CC1(C)CCC2(C(=O)O)CCC3(C)C(=CCC4C3(C)CCC3C(C)(C(=O)O)CC(O)C(O)(O)C34C)C2C1,0.3827443161627649,binned_cosine_1Da,80,False,predicted_spectrum,1524
CASMI2022,iceberg,completed,6,6,15,CASMI_MOL_1196793,CASMI_MOL_27849,27849,CC1(C)CCC2(C(=O)O)CCC3(C)C(=CCC4C3(C)CCC3C(C)(C(=O)O)CC(O)C(O)(O)C34C)C2C1,0.3827443161627649,binned_cosine_1Da,81,False,predicted_spectrum,1524
CASMI2022,iceberg,completed,6,6,15,CASMI_MOL_1196793,CASMI_MOL_28230,28230,CC1CCC(c2cccc(NC(=O)N3CCC4(CC3)OCCO4)c2)(N2CCN(c3ccccc3)CC2)CC1,0.37924713301283,binned_cosine_1Da,82,False,predicted_spectrum,1524
CASMI2022,iceberg,completed,6,6,15,CASMI_MOL_1196793,CASMI_MOL_27840,27840,CC1(C)CCC2(C(=O)O)CCC3(C)C(=CCC4C5(C)CC(O)C(O)(O)C(C)(C(=O)O)C5CCC43C)C2C1,0.3780357139147243,binned_cosine_1Da,83,False,predicted_spectrum,1524
CASMI2022,iceberg,completed,6,6,15,CASMI_MOL_1196793,CASMI_MOL_27847,27847,CC1(C)CCC2(C(=O)O)CCC3(C)C(=CCC4C5(C)CC(O)C(O)(O)C(C)(C(=O)O)C5CCC43C)C2C1,0.3780357139147243,binned_cosine_1Da,84,False,predicted_spectrum,1524
CASMI2022,iceberg,completed,6,6,15,CASMI_MOL_1196793,CASMI_MOL_27163,27163,CCCCCCCCCC(O)CCC1C(OC(=O)C(C)O)CC2Cc3c(cccc3OCC(=O)O)CC21,0.3773547785197133,binned_cosine_1Da,85,False,predicted_spectrum,1524
CASMI2022,iceberg,completed,6,6,15,CASMI_MOL_1196793,CASMI_MOL_27165,27165,CCCCCCCCCC(O)CCC1C(OC(=O)C(C)O)CC2Cc3c(cccc3OCC(=O)O)CC21,0.3773547785197133,binned_cosine_1Da,86,False,predicted_spectrum,1524
CASMI2022,iceberg,completed,6,6,15,CASMI_MOL_1196793,CASMI_MOL_27363,27363,CC1(C)CCC2(C(=O)O)CCC3(C)C(=CCC4C5(C)C(=O)C(O)C(O)C(CO)(CO)C5CCC43C)C2C1,0.3773120200460599,binned_cosine_1Da,87,False,predicted_spectrum,1524
CASMI2022,iceberg,completed,6,6,15,CASMI_MOL_1196793,CASMI_MOL_28367,28367,CCCCc1ccc(C(=O)N(CCOC)CC(=O)Nc2cc(C(C)(C)C)nn2-c2ccc(C)cc2C)cc1,0.3772808826150782,binned_cosine_1Da,88,False,predicted_spectrum,1524
CASMI2022,iceberg,completed,6,6,15,CASMI_MOL_1196793,CASMI_MOL_27410,27410,CCN1CCCCCCN(C(=O)CCn2ncc3ccccc32)C(CC(C)C)COc2ccccc2C1=O,0.3755437381886599,binned_cosine_1Da,89,False,predicted_spectrum,1524
CASMI2022,iceberg,completed,6,6,15,CASMI_MOL_1196793,CASMI_MOL_27602,27602,CC1=C(C(=O)OC(=O)C2=C(C)CCC3(COC(C)(C)CO3)C2(C)C)C(C)(C)C2(CC1)COC(C)(C)CO2,0.375062296264086,binned_cosine_1Da,90,False,predicted_spectrum,1524
CASMI2022,iceberg,completed,6,6,15,CASMI_MOL_1196793,CASMI_MOL_28274,28274,COC(=O)CC1(C(=O)OC)CCC2(C)C(CCC3C4(C)CCC(OC(C)=O)C(C)(C)C4CCC32C)C1=O,0.3743650302396163,binned_cosine_1Da,91,False,predicted_spectrum,1524
CASMI2022,iceberg,completed,6,6,15,CASMI_MOL_1196793,CASMI_MOL_28147,28147,CC1CCC(C(C)C(=O)O)C2=CC(C)(OOC3(C)CCC4C(=CO3)C(C(C)C(=O)O)CCC4C)CCC21,0.3727915716778928,binned_cosine_1Da,92,False,predicted_spectrum,1524
CASMI2022,iceberg,completed,6,6,15,CASMI_MOL_1196793,CASMI_MOL_27437,27437,CNC(C)C(=O)NC(C(=O)N1Cc2cc(C)ccc2CC1C(=O)NC1CCCc2ccccc21)C(C)(C)C,0.3722837124278402,binned_cosine_1Da,93,False,predicted_spectrum,1524
CASMI2022,iceberg,completed,6,6,15,CASMI_MOL_1196793,CASMI_MOL_28160,28160,CCCCCC(CCCC(CCCc1ccc(C(=O)OCC)cc1)(C(=O)CC)C(=O)OCC)OC(C)=O,0.3711526570506263,binned_cosine_1Da,94,False,predicted_spectrum,1524
CASMI2022,iceberg,completed,6,6,15,CASMI_MOL_1196793,CASMI_MOL_28233,28233,CCCCCCCCOc1ccc2c(c1CCC)OC(CCC(=O)OCC)(CCC(=O)OCC)CC2=O,0.3704241056644217,binned_cosine_1Da,95,False,predicted_spectrum,1524
CASMI2022,iceberg,completed,6,6,15,CASMI_MOL_1196793,CASMI_MOL_27963,27963,Cc1ccccc1P(Cc1cc(C(C)(C)C)ccc1CP(C(C)(C)C)C(C)(C)C)c1ccccc1C,0.3696575125258817,binned_cosine_1Da,96,False,predicted_spectrum,1524
CASMI2022,iceberg,completed,6,6,15,CASMI_MOL_1196793,CASMI_MOL_26897,26897,[H]C(=O)OCc1ccc(CC(=O)C(CCCNC(N)=O)NC(=O)C(CC(=O)CCC(C)(C)C)C(C)C)cc1,0.3691445325057033,binned_cosine_1Da,97,False,predicted_spectrum,1524
CASMI2022,iceberg,completed,6,6,15,CASMI_MOL_1196793,CASMI_MOL_27324,27324,CCCCCCCCCCCCc1ccc(S(OC(=O)CCC)(c2ccccc2)c2ccccc2)cc1,0.3663736484668615,binned_cosine_1Da,98,False,predicted_spectrum,1524
CASMI2022,iceberg,completed,6,6,15,CASMI_MOL_1196793,CASMI_MOL_28159,28159,CCCCCC(C)(CCCC(CCCc1ccc(C(=O)OCC)cc1)(C(C)=O)C(=O)OCC)OC(C)=O,0.3659321999077227,binned_cosine_1Da,99,False,predicted_spectrum,1524
CASMI2022,iceberg,completed,6,6,15,CASMI_MOL_1196793,CASMI_MOL_27160,27160,CCCCCCCCCC(CCC1C(O)CC2Cc3c(cccc3OCC(=O)O)CC21)OC(=O)C(C)O,0.3658156006568338,binned_cosine_1Da,100,False,predicted_spectrum,1524
CASMI2022,iceberg,completed,6,6,15,CASMI_MOL_1196793,CASMI_MOL_1196793,1196793,CC1CCC2(C(=O)O)CCC3(C)C(=CCC4C5(C)CC(O)C(O)C(C)(C(=O)O)C5CCC43C)C2C1(C)O,0.2620326554203684,binned_cosine_1Da,538,True,predicted_spectrum,1524
CASMI2022,iceberg,completed,7,7,16,CASMI_MOL_1196794,CASMI_MOL_34466,34466,CCOC(=O)C1=C(C)C(=O)C2=C1C1CCC2C1,0.5923254519752391,binned_cosine_1Da,1,False,predicted_spectrum,7016
CASMI2022,iceberg,completed,7,7,16,CASMI_MOL_1196794,CASMI_MOL_33346,33346,CCOc1ccc2c(=O)cc(CC)oc2c1C,0.5905819145888181,binned_cosine_1Da,2,False,predicted_spectrum,7016
CASMI2022,iceberg,completed,7,7,16,CASMI_MOL_1196794,CASMI_MOL_33820,33820,CCOC(=O)c1ccc(C(=O)C2CCC2)cc1,0.5901088062765282,binned_cosine_1Da,3,False,predicted_spectrum,7016
CASMI2022,iceberg,completed,7,7,16,CASMI_MOL_1196794,CASMI_MOL_30775,30775,CCOC(=O)C1(CCCF)COCCC1=O,0.5837526735003423,binned_cosine_1Da,4,False,predicted_spectrum,7016
CASMI2022,iceberg,completed,7,7,16,CASMI_MOL_1196794,CASMI_MOL_28924,28924,CCc1cc2c(C)c(O)c(C)c(C)c2oc1=O,0.5520881204623719,binned_cosine_1Da,5,False,predicted_spectrum,7016
CASMI2022,iceberg,completed,7,7,16,CASMI_MOL_1196794,CASMI_MOL_30255,30255,CCOC(=O)C(=O)c1ccc(C2CCC2)cc1,0.5450398101693046,binned_cosine_1Da,6,False,predicted_spectrum,7016
CASMI2022,iceberg,completed,7,7,16,CASMI_MOL_1196794,CASMI_MOL_31856,31856,C#Cc1ccc(OC(CC)C(=O)OCC)cc1,0.5239013283952034,binned_cosine_1Da,7,False,predicted_spectrum,7016
CASMI2022,iceberg,completed,7,7,16,CASMI_MOL_1196794,CASMI_MOL_35326,35326,CCCc1cc(=O)oc2cc(OCC)ccc12,0.5216307082672853,binned_cosine_1Da,8,False,predicted_spectrum,7016
CASMI2022,iceberg,completed,7,7,16,CASMI_MOL_1196794,CASMI_MOL_33219,33219,CCOC(=O)c1ccc(C(=O)C2(C)CC2)cc1,0.5185727678085192,binned_cosine_1Da,9,False,predicted_spectrum,7016
CASMI2022,iceberg,completed,7,7,16,CASMI_MOL_1196794,CASMI_MOL_30258,30258,CCOC(=O)C(=O)c1ccc2c(c1)C(C)CC2,0.5182431414437482,binned_cosine_1Da,10,False,predicted_spectrum,7016
CASMI2022,iceberg,completed,7,7,16,CASMI_MOL_1196794,CASMI_MOL_32806,32806,CCOC(=O)c1ccc(C(=O)CC2CC2)cc1,0.5135029437155082,binned_cosine_1Da,11,False,predicted_spectrum,7016
CASMI2022,iceberg,completed,7,7,16,CASMI_MOL_1196794,CASMI_MOL_35305,35305,CCOc1ccc2c(CC)cc(=O)oc2c1C,0.5044675124113389,binned_cosine_1Da,12,False,predicted_spectrum,7016
CASMI2022,iceberg,completed,7,7,16,CASMI_MOL_1196794,CASMI_MOL_30190,30190,C#CC(CC)C(=O)Oc1ccccc1OCC,0.5002854047317398,binned_cosine_1Da,13,False,predicted_spectrum,7016
CASMI2022,iceberg,completed,7,7,16,CASMI_MOL_1196794,CASMI_MOL_35307,35307,CCOc1ccc2c(C)c(CC)c(=O)oc2c1,0.4973507790750071,binned_cosine_1Da,14,False,predicted_spectrum,7016
CASMI2022,iceberg,completed,7,7,16,CASMI_MOL_1196794,CASMI_MOL_31661,31661,CCOC(=O)c1ccc(C(=O)C=C(C)C)cc1,0.4913474415608039,binned_cosine_1Da,15,False,predicted_spectrum,7016
CASMI2022,iceberg,completed,7,7,16,CASMI_MOL_1196794,CASMI_MOL_33191,33191,CCOC(=O)c1ccc(C(=O)C=C(C)C)cc1,0.4913474415608039,binned_cosine_1Da,16,False,predicted_spectrum,7016
CASMI2022,iceberg,completed,7,7,16,CASMI_MOL_1196794,CASMI_MOL_29976,29976,CCOC(=O)c1ccc2c(c1)C(=O)CC2(C)C,0.4869898905656208,binned_cosine_1Da,17,False,predicted_spectrum,7016
CASMI2022,iceberg,completed,7,7,16,CASMI_MOL_1196794,CASMI_MOL_30161,30161,CCOC(=O)c1ccc2c(c1)C(=O)CC2(C)C,0.4869898905656208,binned_cosine_1Da,18,False,predicted_spectrum,7016
CASMI2022,iceberg,completed,7,7,16,CASMI_MOL_1196794,CASMI_MOL_29799,29799,CCOc1ccc2oc(C)c(C(=O)CC)c2c1,0.4819742718758008,binned_cosine_1Da,19,False,predicted_spectrum,7016
CASMI2022,iceberg,completed,7,7,16,CASMI_MOL_1196794,CASMI_MOL_32969,32969,CCn1ncnc1CNCCOCCCl,0.4768291570942508,binned_cosine_1Da,20,False,predicted_spectrum,7016
CASMI2022,iceberg,completed,7,7,16,CASMI_MOL_1196794,CASMI_MOL_28788,28788,CCC1(C)C=CC(=O)c2c1oc(C)c(C)c2=O,0.4743286608547223,binned_cosine_1Da,21,False,predicted_spectrum,7016
CASMI2022,iceberg,completed,7,7,16,CASMI_MOL_1196794,CASMI_MOL_29551,29551,CCC1(C)C=CC(=O)c2c1oc(C)c(C)c2=O,0.4743286608547223,binned_cosine_1Da,22,False,predicted_spectrum,7016
CASMI2022,iceberg,completed,7,7,16,CASMI_MOL_1196794,CASMI_MOL_34528,34528,CCOC(=O)C(=O)c1ccc2c(c1)CCCC2,0.4657231213939853,binned_cosine_1Da,23,False,predicted_spectrum,7016
CASMI2022,iceberg,completed,7,7,16,CASMI_MOL_1196794,CASMI_MOL_29827,29827,CCCc1cc(=O)oc2ccc(OCC)cc12,0.4633922783042214,binned_cosine_1Da,24,False,predicted_spectrum,7016
CASMI2022,iceberg,completed,7,7,16,CASMI_MOL_1196794,CASMI_MOL_28724,28724,CCC1(C)C(=O)C=Cc2c1oc(C)c(C)c2=O,0.4605960285506249,binned_cosine_1Da,25,False,predicted_spectrum,7016
CASMI2022,iceberg,completed,7,7,16,CASMI_MOL_1196794,CASMI_MOL_34425,34425,CCC1(C)C(=O)C=Cc2c1oc(C)c(C)c2=O,0.4605960285506249,binned_cosine_1Da,26,False,predicted_spectrum,7016
CASMI2022,iceberg,completed,7,7,16,CASMI_MOL_1196794,CASMI_MOL_35413,35413,CCC1(C)C(=O)C=Cc2c1oc(C)c(C)c2=O,0.4605960285506249,binned_cosine_1Da,27,False,predicted_spectrum,7016
CASMI2022,iceberg,completed,7,7,16,CASMI_MOL_1196794,CASMI_MOL_1196794,1196794,CCC1(C)C(=O)C=Cc2c1oc(C)c(C)c2=O,0.4605960285506249,binned_cosine_1Da,28,True,predicted_spectrum,7016
CASMI2022,iceberg,completed,7,7,16,CASMI_MOL_1196794,CASMI_MOL_30603,30603,CCOC(C)(C)C(=O)c1cc2ccccc2o1,0.4603514842203472,binned_cosine_1Da,29,False,predicted_spectrum,7016
CASMI2022,iceberg,completed,7,7,16,CASMI_MOL_1196794,CASMI_MOL_30025,30025,CCOC(=O)C(=O)c1ccc2c(c1)CC(C)C2,0.4601040442909784,binned_cosine_1Da,30,False,predicted_spectrum,7016
CASMI2022,iceberg,completed,7,7,16,CASMI_MOL_1196794,CASMI_MOL_30026,30026,CCOC(=O)C(=O)c1ccc2c(c1)CC(C)C2,0.4601040442909784,binned_cosine_1Da,31,False,predicted_spectrum,7016
CASMI2022,iceberg,completed,7,7,16,CASMI_MOL_1196794,CASMI_MOL_30259,30259,CCOC(=O)C(=O)c1ccc2c(c1)CC(C)C2,0.4601040442909784,binned_cosine_1Da,32,False,predicted_spectrum,7016
CASMI2022,iceberg,completed,7,7,16,CASMI_MOL_1196794,CASMI_MOL_31037,31037,CCC1(CC)C=CC(=O)c2c(O)ccc(O)c21,0.4587988182840969,binned_cosine_1Da,33,False,predicted_spectrum,7016
CASMI2022,iceberg,completed,7,7,16,CASMI_MOL_1196794,CASMI_MOL_31300,31300,CCOC(=O)C1(c2ccccc2)CC1(C)C=O,0.458037336575413,binned_cosine_1Da,34,False,predicted_spectrum,7016
CASMI2022,iceberg,completed,7,7,16,CASMI_MOL_1196794,CASMI_MOL_28476,28476,C#Cc1c(OCC)cc(C(C)=O)cc1OCC,0.4542568090987731,binned_cosine_1Da,35,False,predicted_spectrum,7016
CASMI2022,iceberg,completed,7,7,16,CASMI_MOL_1196794,CASMI_MOL_33335,33335,C=CCc1c(CC)c(C)c2coc(O)c2c1O,0.4516850002709925,binned_cosine_1Da,36,False,predicted_spectrum,7016
CASMI2022,iceberg,completed,7,7,16,CASMI_MOL_1196794,CASMI_MOL_35306,35306,CCOc1ccc2c(C)c(C)c(=O)oc2c1C,0.4507882416129627,binned_cosine_1Da,37,False,predicted_spectrum,7016
CASMI2022,iceberg,completed,7,7,16,CASMI_MOL_1196794,CASMI_MOL_33101,33101,CC(C)CCOCCn1nnnc1CCl,0.4503077457654089,binned_cosine_1Da,38,False,predicted_spectrum,7016
CASMI2022,iceberg,completed,7,7,16,CASMI_MOL_1196794,CASMI_MOL_33754,33754,CCOC(=O)c1ccc(C2CCC(=O)C2)cc1,0.4501194390254516,binned_cosine_1Da,39,False,predicted_spectrum,7016
CASMI2022,iceberg,completed,7,7,16,CASMI_MOL_1196794,CASMI_MOL_33755,33755,CCOC(=O)c1ccc(C2CCC(=O)C2)cc1,0.4501194390254516,binned_cosine_1Da,40,False,predicted_spectrum,7016
CASMI2022,iceberg,completed,7,7,16,CASMI_MOL_1196794,CASMI_MOL_34393,34393,CCOC(=O)c1ccc(C2CCC(=O)C2)cc1,0.4501194390254516,binned_cosine_1Da,41,False,predicted_spectrum,7016
CASMI2022,iceberg,completed,7,7,16,CASMI_MOL_1196794,CASMI_MOL_30735,30735,C#CCCCOc1ccc(C(=O)OCC)cc1,0.4495437338809615,binned_cosine_1Da,42,False,predicted_spectrum,7016
CASMI2022,iceberg,completed,7,7,16,CASMI_MOL_1196794,CASMI_MOL_32760,32760,CCOC(=O)c1ccc(C2CCCC2=O)cc1,0.4485014314209653,binned_cosine_1Da,43,False,predicted_spectrum,7016
CASMI2022,iceberg,completed,7,7,16,CASMI_MOL_1196794,CASMI_MOL_30261,30261,CCOC(=O)C(=O)c1ccc(C)c2c1CCC2,0.4433558429697668,binned_cosine_1Da,44,False,predicted_spectrum,7016
CASMI2022,iceberg,completed,7,7,16,CASMI_MOL_1196794,CASMI_MOL_33140,33140,CCOc1cc2c(c3c1CCC3=O)OC(C)C2,0.4432933590164259,binned_cosine_1Da,45,False,predicted_spectrum,7016
CASMI2022,iceberg,completed,7,7,16,CASMI_MOL_1196794,CASMI_MOL_30257,30257,CCOC(=O)C(=O)c1ccccc1C1CCC1,0.4432514301444627,binned_cosine_1Da,46,False,predicted_spectrum,7016
CASMI2022,iceberg,completed,7,7,16,CASMI_MOL_1196794,CASMI_MOL_34759,34759,CCOC(=O)c1cc2c(cc1C(C)=O)CCC2,0.4401187135660476,binned_cosine_1Da,47,False,predicted_spectrum,7016
CASMI2022,iceberg,completed,7,7,16,CASMI_MOL_1196794,CASMI_MOL_35289,35289,CCOc1cc(C)cc2oc(=O)cc(CC)c12,0.4365953792220094,binned_cosine_1Da,48,False,predicted_spectrum,7016
CASMI2022,iceberg,completed,7,7,16,CASMI_MOL_1196794,CASMI_MOL_28870,28870,CCOC(=O)c1cc2cc(C)c(C)c(C)c2o1,0.4353168986628607,binned_cosine_1Da,49,False,predicted_spectrum,7016
CASMI2022,iceberg,completed,7,7,16,CASMI_MOL_1196794,CASMI_MOL_29962,29962,Oc1oc(O)c2c1C1C3CC(C4CCCC43)C21,0.435027759560793,binned_cosine_1Da,50,False,predicted_spectrum,7016
CASMI2022,iceberg,completed,7,7,16,CASMI_MOL_1196794,CASMI_MOL_33177,33177,[C-]#[N+]C([CH]NNc1ccccc1)C(=O)OCC,0.4338167323924567,binned_cosine_1Da,51,False,predicted_spectrum,7016
CASMI2022,iceberg,completed,7,7,16,CASMI_MOL_1196794,CASMI_MOL_34913,34913,CCOC(=O)C1=C2C(=O)C3C4CCC(C4)C3C12,0.4332154257187194,binned_cosine_1Da,52,False,predicted_spectrum,7016
CASMI2022,iceberg,completed,7,7,16,CASMI_MOL_1196794,CASMI_MOL_35353,35353,Cc1cc(C)c2c(c1C)C(=O)OC(=O)C2(C)C,0.4316964855530514,binned_cosine_1Da,53,False,predicted_spectrum,7016
CASMI2022,iceberg,completed,7,7,16,CASMI_MOL_1196794,CASMI_MOL_33821,33821,CCOC(=O)c1cccc(C(=O)C2CCC2)c1,0.4314695677256289,binned_cosine_1Da,54,False,predicted_spectrum,7016
CASMI2022,iceberg,completed,7,7,16,CASMI_MOL_1196794,CASMI_MOL_33722,33722,CCc1ccc(C2(CC)CC(=O)OC2=O)cc1,0.430074675215411,binned_cosine_1Da,55,False,predicted_spectrum,7016
CASMI2022,iceberg,completed,7,7,16,CASMI_MOL_1196794,CASMI_MOL_35308,35308,CCOc1cc2oc(=O)cc(C)c2cc1CC,0.4288325314089838,binned_cosine_1Da,56,False,predicted_spectrum,7016
CASMI2022,iceberg,completed,7,7,16,CASMI_MOL_1196794,CASMI_MOL_30088,30088,CCOC(=O)C(C)=CC(=O)c1ccc(C)cc1,0.4279512667744048,binned_cosine_1Da,57,False,predicted_spectrum,7016
CASMI2022,iceberg,completed,7,7,16,CASMI_MOL_1196794,CASMI_MOL_31958,31958,CCOC(=O)C(C)=CC(=O)c1ccc(C)cc1,0.4279512667744048,binned_cosine_1Da,58,False,predicted_spectrum,7016
CASMI2022,iceberg,completed,7,7,16,CASMI_MOL_1196794,CASMI_MOL_32369,32369,CCOC(=O)C1(C(=O)c2ccccc2)CCC1,0.4259835002980083,binned_cosine_1Da,59,False,predicted_spectrum,7016
CASMI2022,iceberg,completed,7,7,16,CASMI_MOL_1196794,CASMI_MOL_33627,33627,CCOC=C1CCc2ccc(OC)cc2C1=O,0.4251676362155847,binned_cosine_1Da,60,False,predicted_spectrum,7016
CASMI2022,iceberg,completed,7,7,16,CASMI_MOL_1196794,CASMI_MOL_35218,35218,CCOC=C1CCc2ccc(OC)cc2C1=O,0.4251676362155847,binned_cosine_1Da,61,False,predicted_spectrum,7016
CASMI2022,iceberg,completed,7,7,16,CASMI_MOL_1196794,CASMI_MOL_35384,35384,CCOC=C1CCc2ccc(OC)cc2C1=O,0.4251676362155847,binned_cosine_1Da,62,False,predicted_spectrum,7016
CASMI2022,iceberg,completed,7,7,16,CASMI_MOL_1196794,CASMI_MOL_33287,33287,CCOC(=O)C1(CC(=O)c2ccccc2)CC1,0.4202353938350198,binned_cosine_1Da,63,False,predicted_spectrum,7016
CASMI2022,iceberg,completed,7,7,16,CASMI_MOL_1196794,CASMI_MOL_34852,34852,CCOC(=O)Cc1ccc(C(=O)C2CC2)cc1,0.4177818051445257,binned_cosine_1Da,64,False,predicted_spectrum,7016
CASMI2022,iceberg,completed,7,7,16,CASMI_MOL_1196794,CASMI_MOL_28901,28901,CCC(C)c1cc(=O)c2ccc(OC)cc2o1,0.4162902803453972,binned_cosine_1Da,65,False,predicted_spectrum,7016
CASMI2022,iceberg,completed,7,7,16,CASMI_MOL_1196794,CASMI_MOL_33822,33822,CCOC(=O)c1ccccc1C(=O)C1CCC1,0.4159839639586605,binned_cosine_1Da,66,False,predicted_spectrum,7016
CASMI2022,iceberg,completed,7,7,16,CASMI_MOL_1196794,CASMI_MOL_34952,34952,CCOC(=O)c1c(C)ccc2c1C(=O)CC2C,0.4149719745756317,binned_cosine_1Da,67,False,predicted_spectrum,7016
CASMI2022,iceberg,completed,7,7,16,CASMI_MOL_1196794,CASMI_MOL_33932,33932,CCOC(=O)c1ccc(C2=CCCCO2)cc1,0.4114358214632314,binned_cosine_1Da,68,False,predicted_spectrum,7016
CASMI2022,iceberg,completed,7,7,16,CASMI_MOL_1196794,CASMI_MOL_35351,35351,Cc1cc(C)c2c(c1C)C(C)(C)C(=O)OC2=O,0.4072990099220399,binned_cosine_1Da,69,False,predicted_spectrum,7016
CASMI2022,iceberg,completed,7,7,16,CASMI_MOL_1196794,CASMI_MOL_31206,31206,CCOC(=O)C1(c2ccccc2)CCCC1=O,0.4070010132272803,binned_cosine_1Da,70,False,predicted_spectrum,7016
CASMI2022,iceberg,completed,7,7,16,CASMI_MOL_1196794,CASMI_MOL_35015,35015,CCOC(=O)C1(c2ccccc2)CCCC1=O,0.4070010132272803,binned_cosine_1Da,71,False,predicted_spectrum,7016
CASMI2022,iceberg,completed,7,7,16,CASMI_MOL_1196794,CASMI_MOL_28411,28411,CCc1cc2occ(C(C)C)c(=O)c2cc1O,0.4067155603006326,binned_cosine_1Da,72,False,predicted_spectrum,7016
CASMI2022,iceberg,completed,7,7,16,CASMI_MOL_1196794,CASMI_MOL_29868,29868,CCOC(=O)Cc1coc2cc(C)c(C)cc12,0.4043927616291156,binned_cosine_1Da,73,False,predicted_spectrum,7016
CASMI2022,iceberg,completed,7,7,16,CASMI_MOL_1196794,CASMI_MOL_33788,33788,CCOC(=O)C(=C=O)C(C)(C)c1ccccc1,0.4042530587765648,binned_cosine_1Da,74,False,predicted_spectrum,7016
CASMI2022,iceberg,completed,7,7,16,CASMI_MOL_1196794,CASMI_MOL_31676,31676,CCOC(=O)c1ccc(C2CCC=CO2)cc1,0.4041489210691426,binned_cosine_1Da,75,False,predicted_spectrum,7016
CASMI2022,iceberg,completed,7,7,16,CASMI_MOL_1196794,CASMI_MOL_30007,30007,CCOC(=O)C(C)c1ccc2c(c1)C(=O)CC2,0.4032077365681346,binned_cosine_1Da,76,False,predicted_spectrum,7016
CASMI2022,iceberg,completed,7,7,16,CASMI_MOL_1196794,CASMI_MOL_30008,30008,CCOC(=O)C(C)c1ccc2c(c1)C(=O)CC2,0.4032077365681346,binned_cosine_1Da,77,False,predicted_spectrum,7016
CASMI2022,iceberg,completed,7,7,16,CASMI_MOL_1196794,CASMI_MOL_29451,29451,CCN(C(C)CCCl)N1C=NCNC1=O,0.4031868319080454,binned_cosine_1Da,78,False,predicted_spectrum,7016
CASMI2022,iceberg,completed,7,7,16,CASMI_MOL_1196794,CASMI_MOL_34814,34814,CCOC(=O)c1ccc(C#CC(C)(C)O)cc1,0.4013333756595838,binned_cosine_1Da,79,False,predicted_spectrum,7016
CASMI2022,iceberg,completed,7,7,16,CASMI_MOL_1196794,CASMI_MOL_29169,29169,CCC(C)c1cc(=O)c2ccc(O)c(C)c2o1,0.4005049384328463,binned_cosine_1Da,80,False,predicted_spectrum,7016
CASMI2022,iceberg,completed,7,7,16,CASMI_MOL_1196794,CASMI_MOL_33890,33890,CCOC(=O)Cc1c2ccc(c1C)CCC2=O,0.4001873104813004,binned_cosine_1Da,81,False,predicted_spectrum,7016
CASMI2022,iceberg,completed,7,7,16,CASMI_MOL_1196794,CASMI_MOL_33866,33866,CCOC(=O)c1cc(C)c2oc(C)c(C)c2c1,0.3998860692689517,binned_cosine_1Da,82,False,predicted_spectrum,7016
CASMI2022,iceberg,completed,7,7,16,CASMI_MOL_1196794,CASMI_MOL_33483,33483,CCCc1cc(=O)c2c(C)cc(OC)cc2o1,0.3976440280932051,binned_cosine_1Da,83,False,predicted_spectrum,7016
CASMI2022,iceberg,completed,7,7,16,CASMI_MOL_1196794,CASMI_MOL_34052,34052,CCOC(=O)c1ccc2c(c1)CCCC2C=O,0.3975041078418376,binned_cosine_1Da,84,False,predicted_spectrum,7016
CASMI2022,iceberg,completed,7,7,16,CASMI_MOL_1196794,CASMI_MOL_31573,31573,C=C(C)c1oc2c(C)c(OCC)ccc2c1O,0.3973559946033518,binned_cosine_1Da,85,False,predicted_spectrum,7016
CASMI2022,iceberg,completed,7,7,16,CASMI_MOL_1196794,CASMI_MOL_33541,33541,C=CCc1c(O)c(C(C)=O)cc2c1OCCC2,0.3970838397777351,binned_cosine_1Da,86,False,predicted_spectrum,7016
CASMI2022,iceberg,completed,7,7,16,CASMI_MOL_1196794,CASMI_MOL_31580,31580,CCOC(=O)C(=O)C=Cc1ccc(CC)cc1,0.3963022460966926,binned_cosine_1Da,87,False,predicted_spectrum,7016
CASMI2022,iceberg,completed,7,7,16,CASMI_MOL_1196794,CASMI_MOL_33454,33454,Cc1c(C)c(C)c2c(=O)c(C)c(O)oc2c1C,0.395359109741041,binned_cosine_1Da,88,False,predicted_spectrum,7016
CASMI2022,iceberg,completed,7,7,16,CASMI_MOL_1196794,CASMI_MOL_32967,32967,CCOC(=O)c1coc2c(C)c(C)cc(C)c12,0.3942870847780566,binned_cosine_1Da,89,False,predicted_spectrum,7016
CASMI2022,iceberg,completed,7,7,16,CASMI_MOL_1196794,CASMI_MOL_32603,32603,CCOC(=O)C1=Cc2cc(OC)ccc2CC1,0.3936125825162513,binned_cosine_1Da,90,False,predicted_spectrum,7016
CASMI2022,iceberg,completed,7,7,16,CASMI_MOL_1196794,CASMI_MOL_34037,34037,C#Cc1ccc(OC(C)(C)C(=O)OCC)cc1,0.3916030449399084,binned_cosine_1Da,91,False,predicted_spectrum,7016
CASMI2022,iceberg,completed,7,7,16,CASMI_MOL_1196794,CASMI_MOL_33458,33458,CCOc1cc(O)c2c(OCC)cccc2c1,0.3899314595133671,binned_cosine_1Da,92,False,predicted_spectrum,7016
CASMI2022,iceberg,completed,7,7,16,CASMI_MOL_1196794,CASMI_MOL_34543,34543,CCOC(=O)C(F)(CCC(=O)CC)C(C)=O,0.3894733817947063,binned_cosine_1Da,93,False,predicted_spectrum,7016
CASMI2022,iceberg,completed,7,7,16,CASMI_MOL_1196794,CASMI_MOL_30898,30898,CCOC(=O)C1(C(=O)c2ccccc2)CC1C,0.3871808209743128,binned_cosine_1Da,94,False,predicted_spectrum,7016
CASMI2022,iceberg,completed,7,7,16,CASMI_MOL_1196794,CASMI_MOL_29517,29517,Oc1oc(O)c2c(C3CCCCC3)cccc12,0.3869895314197422,binned_cosine_1Da,95,False,predicted_spectrum,7016
CASMI2022,iceberg,completed,7,7,16,CASMI_MOL_1196794,CASMI_MOL_32981,32981,CCOc1ccc2oc(C(=O)C(C)C)cc2c1,0.3857207718854939,binned_cosine_1Da,96,False,predicted_spectrum,7016
CASMI2022,iceberg,completed,7,7,16,CASMI_MOL_1196794,CASMI_MOL_31620,31620,CCOC(=O)C1(C)CCc2ccccc2C1=O,0.3834596137154447,binned_cosine_1Da,97,False,predicted_spectrum,7016
CASMI2022,iceberg,completed,7,7,16,CASMI_MOL_1196794,CASMI_MOL_31639,31639,CCOC(=O)C1(C)CCc2ccccc2C1=O,0.3834596137154447,binned_cosine_1Da,98,False,predicted_spectrum,7016
CASMI2022,iceberg,completed,7,7,16,CASMI_MOL_1196794,CASMI_MOL_35252,35252,CCOC(=O)C1(C)CCc2ccccc2C1=O,0.3834596137154447,binned_cosine_1Da,99,False,predicted_spectrum,7016
CASMI2022,iceberg,completed,7,7,16,CASMI_MOL_1196794,CASMI_MOL_35034,35034,C=CCc1c(O)c2c(c(C)c1OC)CCC2=O,0.3823664309906286,binned_cosine_1Da,100,False,predicted_spectrum,7016
CASMI2022,iceberg,completed,9,9,21,CASMI_MOL_1196796,CASMI_MOL_38075,38075,O=C(OCc1ccccc1)c1cccc(Cc2ccccc2)c1C(=O)O,0.6917227239138153,binned_cosine_1Da,1,False,predicted_spectrum,8632
CASMI2022,iceberg,completed,9,9,21,CASMI_MOL_1196796,CASMI_MOL_39457,39457,O=C(OCc1ccccc1)C(=O)c1ccc(C(O)c2ccccc2)cc1,0.6917159773486163,binned_cosine_1Da,2,False,predicted_spectrum,8632
CASMI2022,iceberg,completed,9,9,21,CASMI_MOL_1196796,CASMI_MOL_45496,45496,O=C(COC(=O)c1cccc(C(O)c2ccccc2)c1)c1ccccc1,0.6874233187152046,binned_cosine_1Da,3,False,predicted_spectrum,8632
CASMI2022,iceberg,completed,9,9,21,CASMI_MOL_1196796,CASMI_MOL_38029,38029,O=C(O)c1c(O)cccc1C=Cc1ccc(OCc2ccccc2)cc1,0.6299168796024369,binned_cosine_1Da,4,False,predicted_spectrum,8632
CASMI2022,iceberg,completed,9,9,21,CASMI_MOL_1196796,CASMI_MOL_41238,41238,O=C(O)C(=Cc1ccc(OCc2ccccc2)cc1)c1ccc(O)cc1,0.6238828502908762,binned_cosine_1Da,5,False,predicted_spectrum,8632
CASMI2022,iceberg,completed,9,9,21,CASMI_MOL_1196796,CASMI_MOL_38946,38946,O=C(O)c1ccc(C=Cc2ccccc2OCc2ccccc2)cc1O,0.5975149122004554,binned_cosine_1Da,6,False,predicted_spectrum,8632
CASMI2022,iceberg,completed,9,9,21,CASMI_MOL_1196796,CASMI_MOL_44949,44949,O=C(O)c1ccc(C=Cc2ccccc2OCc2ccccc2)cc1O,0.5975149122004554,binned_cosine_1Da,7,False,predicted_spectrum,8632
CASMI2022,iceberg,completed,9,9,21,CASMI_MOL_1196796,CASMI_MOL_44859,44859,COc1ccc(C2C=C(c3ccccc3)Oc3cc(C)oc(=O)c32)cc1,0.5875824707329702,binned_cosine_1Da,8,False,predicted_spectrum,8632
CASMI2022,iceberg,completed,9,9,21,CASMI_MOL_1196796,CASMI_MOL_38693,38693,COc1cc(CO)ccc1OCC1=Cc2cccc3cccc(c23)C1=O,0.5841217465790354,binned_cosine_1Da,9,False,predicted_spectrum,8632
CASMI2022,iceberg,completed,9,9,21,CASMI_MOL_1196796,CASMI_MOL_42845,42845,CC(=O)Oc1ccc(C(c2ccccc2)c2ccccc2C(=O)O)cc1,0.5839032067863122,binned_cosine_1Da,10,False,predicted_spectrum,8632
CASMI2022,iceberg,completed,9,9,21,CASMI_MOL_1196796,CASMI_MOL_42846,42846,CC(=O)Oc1ccc(C(c2ccccc2)c2ccccc2C(=O)O)cc1,0.5839032067863122,binned_cosine_1Da,11,False,predicted_spectrum,8632
CASMI2022,iceberg,completed,9,9,21,CASMI_MOL_1196796,CASMI_MOL_44162,44162,O=C(COc1ccccc1C(=O)C(O)c1ccccc1)c1ccccc1,0.5819154735056841,binned_cosine_1Da,12,False,predicted_spectrum,8632
CASMI2022,iceberg,completed,9,9,21,CASMI_MOL_1196796,CASMI_MOL_41239,41239,O=C(O)C(=Cc1ccc(OCc2ccccc2)cc1)c1cccc(O)c1,0.5731170577469974,binned_cosine_1Da,13,False,predicted_spectrum,8632
CASMI2022,iceberg,completed,9,9,21,CASMI_MOL_1196796,CASMI_MOL_41244,41244,O=C(O)C(=Cc1ccccc1OCc1ccccc1)c1ccc(O)cc1,0.5676085248339067,binned_cosine_1Da,14,False,predicted_spectrum,8632
CASMI2022,iceberg,completed,9,9,21,CASMI_MOL_1196796,CASMI_MOL_39521,39521,O=C(Cc1cccc(Oc2ccccc2)c1)C(=O)OCc1ccccc1,0.5657216917390154,binned_cosine_1Da,15,False,predicted_spectrum,8632
CASMI2022,iceberg,completed,9,9,21,CASMI_MOL_1196796,CASMI_MOL_38309,38309,c1ccc(C(Cc2ccc3c(c2)OCO3)c2ccc3c(c2)OCO3)cc1,0.5529091345395938,binned_cosine_1Da,16,False,predicted_spectrum,8632
CASMI2022,iceberg,completed,9,9,21,CASMI_MOL_1196796,CASMI_MOL_41240,41240,O=C(O)C(=Cc1cccc(OCc2ccccc2)c1)c1ccc(O)cc1,0.5522258191674193,binned_cosine_1Da,17,False,predicted_spectrum,8632
CASMI2022,iceberg,completed,9,9,21,CASMI_MOL_1196796,CASMI_MOL_38980,38980,Cc1cc(OCCCS(C)(=O)=O)c(C=O)c(C)c1-c1ccccc1,0.5474679612247448,binned_cosine_1Da,18,False,predicted_spectrum,8632
CASMI2022,iceberg,completed,9,9,21,CASMI_MOL_1196796,CASMI_MOL_44134,44134,Cc1ccc(Cc2cc(OC(=O)c3ccccc3)ccc2C(=O)O)cc1,0.5423958030178659,binned_cosine_1Da,19,False,predicted_spectrum,8632
CASMI2022,iceberg,completed,9,9,21,CASMI_MOL_1196796,CASMI_MOL_43407,43407,COc1ccccc1C(=O)c1ccccc1C(=O)c1ccccc1OC,0.5413197170249862,binned_cosine_1Da,20,False,predicted_spectrum,8632
CASMI2022,iceberg,completed,9,9,21,CASMI_MOL_1196796,CASMI_MOL_37895,37895,CC(SC(=O)c1ccccc1)C(OCc1ccccc1)C(O)CO,0.5393266528289092,binned_cosine_1Da,21,False,predicted_spectrum,8632
CASMI2022,iceberg,completed,9,9,21,CASMI_MOL_1196796,CASMI_MOL_44515,44515,Cc1cc(C(=O)c2ccccc2)c(C(=O)O)cc1OCc1ccccc1,0.5355811027896168,binned_cosine_1Da,22,False,predicted_spectrum,8632
CASMI2022,iceberg,completed,9,9,21,CASMI_MOL_1196796,CASMI_MOL_39970,39970,CCC(=O)c1cc(O)c2c(c1)OC(c1ccccc1)(c1ccccc1)O2,0.5352968225750558,binned_cosine_1Da,23,False,predicted_spectrum,8632
CASMI2022,iceberg,completed,9,9,21,CASMI_MOL_1196796,CASMI_MOL_44743,44743,O=C(OCc1ccccc1)OC1OC1(c1ccccc1)c1ccccc1,0.5336465729655412,binned_cosine_1Da,24,False,predicted_spectrum,8632
CASMI2022,iceberg,completed,9,9,21,CASMI_MOL_1196796,CASMI_MOL_39129,39129,O=C(O)C(=O)Cc1ccccc1-c1ccc(OCc2ccccc2)cc1,0.5297675919456569,binned_cosine_1Da,25,False,predicted_spectrum,8632
CASMI2022,iceberg,completed,9,9,21,CASMI_MOL_1196796,CASMI_MOL_44328,44328,O=C(O)c1cccc(O)c1C=Cc1ccccc1OCc1ccccc1,0.5235963190935996,binned_cosine_1Da,26,False,predicted_spectrum,8632
CASMI2022,iceberg,completed,9,9,21,CASMI_MOL_1196796,CASMI_MOL_41245,41245,O=C(O)C(=Cc1ccccc1OCc1ccccc1)c1cccc(O)c1,0.5224587781055015,binned_cosine_1Da,27,False,predicted_spectrum,8632
CASMI2022,iceberg,completed,9,9,21,CASMI_MOL_1196796,CASMI_MOL_38955,38955,O=C(Cc1ccc(OC(=O)c2ccccc2)cc1)OCc1ccccc1,0.5223288687169414,binned_cosine_1Da,28,False,predicted_spectrum,8632
CASMI2022,iceberg,completed,9,9,21,CASMI_MOL_1196796,CASMI_MOL_44377,44377,Oc1ccc(C=Cc2cccc(C=Cc3ccc(O)c(O)c3)c2)cc1O,0.5206027071990574,binned_cosine_1Da,29,False,predicted_spectrum,8632
CASMI2022,iceberg,completed,9,9,21,CASMI_MOL_1196796,CASMI_MOL_45601,45601,Oc1ccc(C=Cc2cccc(C=Cc3ccc(O)c(O)c3)c2)cc1O,0.5206027071990574,binned_cosine_1Da,30,False,predicted_spectrum,8632
CASMI2022,iceberg,completed,9,9,21,CASMI_MOL_1196796,CASMI_MOL_42991,42991,O=C1C(O)c2ccc(OCc3ccccc3)cc2OC1c1ccccc1,0.519538448387423,binned_cosine_1Da,31,False,predicted_spectrum,8632
CASMI2022,iceberg,completed,9,9,21,CASMI_MOL_1196796,CASMI_MOL_44105,44105,Cc1cccc(Cc2ccccc2OC(=O)c2ccc(C(=O)O)cc2)c1,0.5179251916658424,binned_cosine_1Da,32,False,predicted_spectrum,8632
CASMI2022,iceberg,completed,9,9,21,CASMI_MOL_1196796,CASMI_MOL_39130,39130,O=C(O)C(=O)Cc1ccccc1-c1cccc(OCc2ccccc2)c1,0.5161018189369341,binned_cosine_1Da,33,False,predicted_spectrum,8632
CASMI2022,iceberg,completed,9,9,21,CASMI_MOL_1196796,CASMI_MOL_44202,44202,COc1ccc(-c2ccc(C(=O)Oc3ccc(C(C)=O)cc3)cc2)cc1,0.5159167083963763,binned_cosine_1Da,34,False,predicted_spectrum,8632
CASMI2022,iceberg,completed,9,9,21,CASMI_MOL_1196796,CASMI_MOL_37549,37549,O=CCOc1ccc(-c2cccc(C(=O)OCc3ccccc3)c2)cc1,0.5141700931074196,binned_cosine_1Da,35,False,predicted_spectrum,8632
CASMI2022,iceberg,completed,9,9,21,CASMI_MOL_1196796,CASMI_MOL_45572,45572,Cc1cccc(OCCCOc2ccc(SCC(=O)O)cc2)c1C,0.5112653623015115,binned_cosine_1Da,36,False,predicted_spectrum,8632
CASMI2022,iceberg,completed,9,9,21,CASMI_MOL_1196796,CASMI_MOL_43978,43978,COc1ccccc1C(=O)c1ccc(C(=O)c2ccccc2OC)cc1,0.5094748006483638,binned_cosine_1Da,37,False,predicted_spectrum,8632
CASMI2022,iceberg,completed,9,9,21,CASMI_MOL_1196796,CASMI_MOL_44893,44893,Cc1ccc(S(=O)(=O)CCC(=O)Oc2c(C)cc(C)cc2C)cc1,0.5090650077316086,binned_cosine_1Da,38,False,predicted_spectrum,8632
CASMI2022,iceberg,completed,9,9,21,CASMI_MOL_1196796,CASMI_MOL_43271,43271,Cc1ccc(-c2ccc(OCCCS(C)(=O)=O)cc2)c(C)c1C=O,0.5090018232140896,binned_cosine_1Da,39,False,predicted_spectrum,8632
CASMI2022,iceberg,completed,9,9,21,CASMI_MOL_1196796,CASMI_MOL_39957,39957,O=C(Cc1ccc(Oc2ccccc2)cc1)C(=O)OCc1ccccc1,0.5080079083143654,binned_cosine_1Da,40,False,predicted_spectrum,8632
CASMI2022,iceberg,completed,9,9,21,CASMI_MOL_1196796,CASMI_MOL_41095,41095,COc1ccc(C2(c3ccccc3)OC2C(=O)Oc2ccccc2)cc1,0.5061562318520412,binned_cosine_1Da,41,False,predicted_spectrum,8632
CASMI2022,iceberg,completed,9,9,21,CASMI_MOL_1196796,CASMI_MOL_43224,43224,O=Cc1cc(Cc2ccccc2)c(OCc2ccccc2)c(C(=O)O)c1,0.5051998410773342,binned_cosine_1Da,42,False,predicted_spectrum,8632
CASMI2022,iceberg,completed,9,9,21,CASMI_MOL_1196796,CASMI_MOL_43225,43225,O=CCCc1cc(O)c2c(c1)OC(c1ccccc1)(c1ccccc1)O2,0.5049271552559419,binned_cosine_1Da,43,False,predicted_spectrum,8632
CASMI2022,iceberg,completed,9,9,21,CASMI_MOL_1196796,CASMI_MOL_41241,41241,O=C(O)C(=Cc1cccc(OCc2ccccc2)c1)c1cccc(O)c1,0.5043159672343248,binned_cosine_1Da,44,False,predicted_spectrum,8632
CASMI2022,iceberg,completed,9,9,21,CASMI_MOL_1196796,CASMI_MOL_44326,44326,COc1ccc(C(=O)C(=O)c2ccccc2)c(-c2ccccc2)c1OC,0.503959428940728,binned_cosine_1Da,45,False,predicted_spectrum,8632
CASMI2022,iceberg,completed,9,9,21,CASMI_MOL_1196796,CASMI_MOL_42063,42063,O=Cc1c(O)ccc(O)c1C1OC(c2ccccc2)Cc2ccccc21,0.5036920544592578,binned_cosine_1Da,46,False,predicted_spectrum,8632
CASMI2022,iceberg,completed,9,9,21,CASMI_MOL_1196796,CASMI_MOL_38696,38696,CC(c1ccccc1)(c1ccc(C(=O)O)cc1)c1ccc(C(=O)O)cc1,0.5026861900021671,binned_cosine_1Da,47,False,predicted_spectrum,8632
CASMI2022,iceberg,completed,9,9,21,CASMI_MOL_1196796,CASMI_MOL_45449,45449,COc1ccc(C(=O)COC(=O)c2ccc3c4c(cccc24)CC3)cc1,0.5022434212078415,binned_cosine_1Da,48,False,predicted_spectrum,8632
CASMI2022,iceberg,completed,9,9,21,CASMI_MOL_1196796,CASMI_MOL_38363,38363,Cc1cc(OCCCS(C)(=O)=O)cc2c1-c1ccccc1COC2,0.4999584880200254,binned_cosine_1Da,49,False,predicted_spectrum,8632
CASMI2022,iceberg,completed,9,9,21,CASMI_MOL_1196796,CASMI_MOL_44609,44609,O=C(Cc1ccccc1O)c1cccc(C(=O)Cc2ccccc2O)c1,0.4964339524787253,binned_cosine_1Da,50,False,predicted_spectrum,8632
CASMI2022,iceberg,completed,9,9,21,CASMI_MOL_1196796,CASMI_MOL_44329,44329,C=C(c1ccccc1OCc1ccccc1)c1c(O)cccc1C(=O)O,0.4960371823684734,binned_cosine_1Da,51,False,predicted_spectrum,8632
CASMI2022,iceberg,completed,9,9,21,CASMI_MOL_1196796,CASMI_MOL_43164,43164,O=CC=C(c1cccc(OCc2ccccc2)c1)c1ccc(O)cc1O,0.4958155487562561,binned_cosine_1Da,52,False,predicted_spectrum,8632
CASMI2022,iceberg,completed,9,9,21,CASMI_MOL_1196796,CASMI_MOL_45606,45606,CC(=O)Oc1ccc(C(OC(=O)c2ccccc2)c2ccccc2)cc1,0.4951005496709597,binned_cosine_1Da,53,False,predicted_spectrum,8632
CASMI2022,iceberg,completed,9,9,21,CASMI_MOL_1196796,CASMI_MOL_38060,38060,Cc1ccc(C2=Cc3cc(O)cc(O)c3C2c2cc(O)cc(O)c2)cc1,0.4942898034081827,binned_cosine_1Da,54,False,predicted_spectrum,8632
CASMI2022,iceberg,completed,9,9,21,CASMI_MOL_1196796,CASMI_MOL_42133,42133,COc1ccc(NC(=S)NCCSCc2ccccc2C)cc1,0.4941930604049461,binned_cosine_1Da,55,False,predicted_spectrum,8632
CASMI2022,iceberg,completed,9,9,21,CASMI_MOL_1196796,CASMI_MOL_38342,38342,CC(Oc1ccccc1-c1ccc(C(=O)c2ccccc2)cc1)C(=O)O,0.4932050988870078,binned_cosine_1Da,56,False,predicted_spectrum,8632
CASMI2022,iceberg,completed,9,9,21,CASMI_MOL_1196796,CASMI_MOL_44461,44461,Cc1ccc(S(=O)(=O)CCC(=O)Oc2c(C)ccc(C)c2C)cc1,0.4924900959077132,binned_cosine_1Da,57,False,predicted_spectrum,8632
CASMI2022,iceberg,completed,9,9,21,CASMI_MOL_1196796,CASMI_MOL_38356,38356,COC(=O)c1cc(C(=O)OCc2ccccc2)cc2c1=CC=CC=CC=2,0.4905067403110477,binned_cosine_1Da,58,False,predicted_spectrum,8632
CASMI2022,iceberg,completed,9,9,21,CASMI_MOL_1196796,CASMI_MOL_38659,38659,COC(=O)c1cc(C(=O)OCc2ccccc2)cc2c1=CC=CC=CC=2,0.4905067403110477,binned_cosine_1Da,59,False,predicted_spectrum,8632
CASMI2022,iceberg,completed,9,9,21,CASMI_MOL_1196796,CASMI_MOL_44229,44229,COCOc1cc(Sc2ccc(C(C)C)cc2)cc(C(=O)OC)c1,0.4905014832207953,binned_cosine_1Da,60,False,predicted_spectrum,8632
CASMI2022,iceberg,completed,9,9,21,CASMI_MOL_1196796,CASMI_MOL_38362,38362,CC1Cc2cc(OCCCS(C)(=O)=O)ccc2-c2ccccc2O1,0.4885304128998307,binned_cosine_1Da,61,False,predicted_spectrum,8632
CASMI2022,iceberg,completed,9,9,21,CASMI_MOL_1196796,CASMI_MOL_43935,43935,Cc1cc(C2(c3ccc(O)cc3C)OC(=O)c3ccccc32)ccc1O,0.4875337890533219,binned_cosine_1Da,62,False,predicted_spectrum,8632
CASMI2022,iceberg,completed,9,9,21,CASMI_MOL_1196796,CASMI_MOL_39486,39486,O=C(OCc1ccccc1)C(=O)c1ccc(OCc2ccccc2)cc1,0.485951345905748,binned_cosine_1Da,63,False,predicted_spectrum,8632
CASMI2022,iceberg,completed,9,9,21,CASMI_MOL_1196796,CASMI_MOL_44330,44330,C=Cc1ccc(C(=O)O)c(-c2ccccc2OCc2ccccc2)c1O,0.4833228055668684,binned_cosine_1Da,64,False,predicted_spectrum,8632
CASMI2022,iceberg,completed,9,9,21,CASMI_MOL_1196796,CASMI_MOL_40202,40202,Cc1ccccc1Oc1ccc(C(=O)c2ccc3c(c2)OCCO3)cc1,0.483025643232443,binned_cosine_1Da,65,False,predicted_spectrum,8632
CASMI2022,iceberg,completed,9,9,21,CASMI_MOL_1196796,CASMI_MOL_43539,43539,COCOc1cc(C=Cc2ccc(SC)cc2)cc(OCOC)c1,0.4829256122232248,binned_cosine_1Da,66,False,predicted_spectrum,8632
CASMI2022,iceberg,completed,9,9,21,CASMI_MOL_1196796,CASMI_MOL_44597,44597,COCOc1cc(C=Cc2ccc(SC)cc2)cc(OCOC)c1,0.4829256122232248,binned_cosine_1Da,67,False,predicted_spectrum,8632
CASMI2022,iceberg,completed,9,9,21,CASMI_MOL_1196796,CASMI_MOL_38845,38845,Cc1ccccc1C(=O)Oc1ccccc1C(=O)C(O)c1ccccc1,0.4825352547701117,binned_cosine_1Da,68,False,predicted_spectrum,8632
CASMI2022,iceberg,completed,9,9,21,CASMI_MOL_1196796,CASMI_MOL_42072,42072,COc1ccccc1C1C(=O)c2ccc(O)cc2OC1c1ccccc1,0.4813308791923028,binned_cosine_1Da,69,False,predicted_spectrum,8632
CASMI2022,iceberg,completed,9,9,21,CASMI_MOL_1196796,CASMI_MOL_37513,37513,O=C1c2ccccc2C(O)C1c1ccc(O)c(Cc2ccccc2)c1O,0.4810383394473187,binned_cosine_1Da,70,False,predicted_spectrum,8632
CASMI2022,iceberg,completed,9,9,21,CASMI_MOL_1196796,CASMI_MOL_39478,39478,O=C(OC(C(=O)OCc1ccccc1)c1ccccc1)c1ccccc1,0.480967957659288,binned_cosine_1Da,71,False,predicted_spectrum,8632
CASMI2022,iceberg,completed,9,9,21,CASMI_MOL_1196796,CASMI_MOL_44694,44694,COc1cc(C(C)=O)cc2c1OC(c1ccccc1)(c1ccccc1)O2,0.4791256177756804,binned_cosine_1Da,72,False,predicted_spectrum,8632
CASMI2022,iceberg,completed,9,9,21,CASMI_MOL_1196796,CASMI_MOL_38180,38180,NC(=O)c1ccc(-n2ccc(OCCC3CCC34CC4)n2)nc1Cl,0.4791125858481287,binned_cosine_1Da,73,False,predicted_spectrum,8632
CASMI2022,iceberg,completed,9,9,21,CASMI_MOL_1196796,CASMI_MOL_38350,38350,COc1c(C(C)=O)ccc2c1OC(c1ccccc1)(c1ccccc1)O2,0.4789252799243736,binned_cosine_1Da,74,False,predicted_spectrum,8632
CASMI2022,iceberg,completed,9,9,21,CASMI_MOL_1196796,CASMI_MOL_41958,41958,COC(=O)C(=Cc1ccc2ccccc2c1)COc1ccccc1C=O,0.4785526195634527,binned_cosine_1Da,75,False,predicted_spectrum,8632
CASMI2022,iceberg,completed,9,9,21,CASMI_MOL_1196796,CASMI_MOL_37859,37859,COC(=O)c1cc2c(cc1C)OC(c1ccccc1)(c1ccccc1)O2,0.4770110878207561,binned_cosine_1Da,76,False,predicted_spectrum,8632
CASMI2022,iceberg,completed,9,9,21,CASMI_MOL_1196796,CASMI_MOL_40469,40469,O=C(Cc1ccc(C=Cc2cc(O)cc(O)c2)cc1)c1ccccc1O,0.4768351197781473,binned_cosine_1Da,77,False,predicted_spectrum,8632
CASMI2022,iceberg,completed,9,9,21,CASMI_MOL_1196796,CASMI_MOL_43720,43720,O=C(Cc1ccc(C=Cc2cc(O)cc(O)c2)cc1)c1ccccc1O,0.4768351197781473,binned_cosine_1Da,78,False,predicted_spectrum,8632
CASMI2022,iceberg,completed,9,9,21,CASMI_MOL_1196796,CASMI_MOL_43381,43381,CCC(CC)(Cc1ccc(C(=O)O)s1)C(=O)OCc1ccccc1,0.4765128489066749,binned_cosine_1Da,79,False,predicted_spectrum,8632
CASMI2022,iceberg,completed,9,9,21,CASMI_MOL_1196796,CASMI_MOL_42999,42999,NN(C(=O)Nc1ccc(N2CCOCC2)c(Cl)c1)c1ccccc1,0.4763905336942075,binned_cosine_1Da,80,False,predicted_spectrum,8632
CASMI2022,iceberg,completed,9,9,21,CASMI_MOL_1196796,CASMI_MOL_44203,44203,COc1cccc(-c2ccc(C(=O)Oc3ccc(C(C)=O)cc3)cc2)c1,0.4762478715444441,binned_cosine_1Da,81,False,predicted_spectrum,8632
CASMI2022,iceberg,completed,9,9,21,CASMI_MOL_1196796,CASMI_MOL_37919,37919,Cc1cc(C2(c3ccc(O)c(C)c3)C(=O)Oc3ccccc32)ccc1O,0.4760530906101451,binned_cosine_1Da,82,False,predicted_spectrum,8632
CASMI2022,iceberg,completed,9,9,21,CASMI_MOL_1196796,CASMI_MOL_44750,44750,CCOC(=O)C(CCc1ccc(-c2ccccc2)cc1)S(C)(=O)=O,0.4743918749235674,binned_cosine_1Da,83,False,predicted_spectrum,8632
CASMI2022,iceberg,completed,9,9,21,CASMI_MOL_1196796,CASMI_MOL_44163,44163,O=C(COC(O)(C(=O)c1ccccc1)c1ccccc1)c1ccccc1,0.4743770484976604,binned_cosine_1Da,84,False,predicted_spectrum,8632
CASMI2022,iceberg,completed,9,9,21,CASMI_MOL_1196796,CASMI_MOL_37897,37897,Cc1cc(=O)[nH]c(N2CCN(C(=O)c3ccc(CCl)cc3)CC2)n1,0.4742833201082569,binned_cosine_1Da,85,False,predicted_spectrum,8632
CASMI2022,iceberg,completed,9,9,21,CASMI_MOL_1196796,CASMI_MOL_40452,40452,O=C(OC1c2ccccc2-c2ccccc21)C1C2CC3OC(=O)C1C3C2,0.473313635416618,binned_cosine_1Da,86,False,predicted_spectrum,8632
CASMI2022,iceberg,completed,9,9,21,CASMI_MOL_1196796,CASMI_MOL_44167,44167,CS(=O)(=O)C1(OC2CC2)C=CC(c2ccccc2)C=C1OC1CC1,0.4712691774281466,binned_cosine_1Da,87,False,predicted_spectrum,8632
CASMI2022,iceberg,completed,9,9,21,CASMI_MOL_1196796,CASMI_MOL_38369,38369,Cc1cccc(C)c1-c1ccc(OCCCS(C)(=O)=O)c(C=O)c1,0.4708110950265701,binned_cosine_1Da,88,False,predicted_spectrum,8632
CASMI2022,iceberg,completed,9,9,21,CASMI_MOL_1196796,CASMI_MOL_37938,37938,CCOC(=O)c1cccc2c1OC(c1ccccc1)(c1ccccc1)O2,0.4702362819987219,binned_cosine_1Da,89,False,predicted_spectrum,8632
CASMI2022,iceberg,completed,9,9,21,CASMI_MOL_1196796,CASMI_MOL_42077,42077,Cc1ccc(C(=O)c2ccc(C(=O)c3ccc(C)cc3O)cc2)c(O)c1,0.4697561771797269,binned_cosine_1Da,90,False,predicted_spectrum,8632
CASMI2022,iceberg,completed,9,9,21,CASMI_MOL_1196796,CASMI_MOL_37867,37867,CCOC(=O)C(SC)(c1ccccc1)c1ccc(OC)c(OC)c1,0.4688428162390014,binned_cosine_1Da,91,False,predicted_spectrum,8632
CASMI2022,iceberg,completed,9,9,21,CASMI_MOL_1196796,CASMI_MOL_44129,44129,COC1CC(=O)c2ccc3cc(C(=O)OCc4ccccc4)ccc3c21,0.4676838116613361,binned_cosine_1Da,92,False,predicted_spectrum,8632
CASMI2022,iceberg,completed,9,9,21,CASMI_MOL_1196796,CASMI_MOL_38646,38646,COC(=O)c1cc(C)cc2c1OC(c1ccccc1)(c1ccccc1)O2,0.4676170134305035,binned_cosine_1Da,93,False,predicted_spectrum,8632
CASMI2022,iceberg,completed,9,9,21,CASMI_MOL_1196796,CASMI_MOL_41968,41968,COC(=O)c1ccccc1COc1ccccc1C(=O)c1ccccc1,0.467585081236366,binned_cosine_1Da,94,False,predicted_spectrum,8632
CASMI2022,iceberg,completed,9,9,21,CASMI_MOL_1196796,CASMI_MOL_38128,38128,Cc1ccc2c(c1)C(=O)c1ccccc1C2(OO)Oc1ccccc1C,0.4666576834852399,binned_cosine_1Da,95,False,predicted_spectrum,8632
CASMI2022,iceberg,completed,9,9,21,CASMI_MOL_1196796,CASMI_MOL_41997,41997,Cc1c(C=CCCC(=O)OCCCS)c(O)c2ccccc2c1O,0.4663901748172987,binned_cosine_1Da,96,False,predicted_spectrum,8632
CASMI2022,iceberg,completed,9,9,21,CASMI_MOL_1196796,CASMI_MOL_40751,40751,Cc1c(Cl)cccc1NC(=O)NCCn1cnc(C2CC2)cc1=O,0.4661735589404955,binned_cosine_1Da,97,False,predicted_spectrum,8632
CASMI2022,iceberg,completed,9,9,21,CASMI_MOL_1196796,CASMI_MOL_38065,38065,CC(C)S(=O)(=O)Cc1ccc(CCc2ccc3c(c2)OCO3)cc1,0.4659852720662109,binned_cosine_1Da,98,False,predicted_spectrum,8632
CASMI2022,iceberg,completed,9,9,21,CASMI_MOL_1196796,CASMI_MOL_41056,41056,O=C(CCc1ccc(OC(=O)c2ccccc2)cc1)Oc1ccccc1,0.4650832096036699,binned_cosine_1Da,99,False,predicted_spectrum,8632
CASMI2022,iceberg,completed,9,9,21,CASMI_MOL_1196796,CASMI_MOL_37861,37861,CC=CC(=O)Oc1ccc2cc3cc(OC(=O)C=CC)ccc3cc2c1,0.4646804021378673,binned_cosine_1Da,100,False,predicted_spectrum,8632
CASMI2022,iceberg,completed,9,9,21,CASMI_MOL_1196796,CASMI_MOL_1196796,1196796,Cc1ccc(C2(c3ccc(C)c(O)c3)OC(=O)c3ccccc32)cc1O,0.4503056973566493,binned_cosine_1Da,131,True,predicted_spectrum,8632
CASMI2022,iceberg,completed,10,10,22,CASMI_MOL_1196797,CASMI_MOL_46005,46005,O=C1CCC(N2Cc3ccc(CNC(=O)c4nnc(C(F)(F)F)s4)cc3C2=O)C(=O)N1,0.6606968793913643,binned_cosine_1Da,1,False,predicted_spectrum,2797
CASMI2022,iceberg,completed,10,10,22,CASMI_MOL_1196797,CASMI_MOL_47084,47084,CN1CCc2nc(C(=O)NCCNS(=O)(=O)c3cc4cc(Cl)ccc4[nH]3)sc2C1,0.4934891346352212,binned_cosine_1Da,2,False,predicted_spectrum,2797
CASMI2022,iceberg,completed,10,10,22,CASMI_MOL_1196797,CASMI_MOL_48672,48672,Cc1cc(C)c2oc(-c3cc(NC(=S)NC(=O)c4ccc(F)cc4)ccc3Cl)nc2c1,0.4445124029348771,binned_cosine_1Da,3,False,predicted_spectrum,2797
CASMI2022,iceberg,completed,10,10,22,CASMI_MOL_1196797,CASMI_MOL_46899,46899,O=C(Nc1ccc(Oc2ccnc(C(=O)O)c2)cc1)NC1C=CC(Cl)=C(C(F)(F)F)C1,0.4424989021318718,binned_cosine_1Da,4,False,predicted_spectrum,2797
CASMI2022,iceberg,completed,10,10,22,CASMI_MOL_1196797,CASMI_MOL_48327,48327,CCC(Sc1nnc2c3ccccc3n(C)c2n1)C(=O)Nc1nnc(C(F)(F)F)s1,0.4347987418522958,binned_cosine_1Da,5,False,predicted_spectrum,2797
CASMI2022,iceberg,completed,10,10,22,CASMI_MOL_1196797,CASMI_MOL_48328,48328,CCC(Sc1nnc2c3ccccc3n(C)c2n1)C(=O)Nc1nnc(C(F)(F)F)s1,0.4347987418522958,binned_cosine_1Da,6,False,predicted_spectrum,2797
CASMI2022,iceberg,completed,10,10,22,CASMI_MOL_1196797,CASMI_MOL_48329,48329,CCC(Sc1nnc2c3ccccc3n(C)c2n1)C(=O)Nc1nnc(C(F)(F)F)s1,0.4347987418522958,binned_cosine_1Da,7,False,predicted_spectrum,2797
CASMI2022,iceberg,completed,10,10,22,CASMI_MOL_1196797,CASMI_MOL_46973,46973,O=C(Nc1ccc(Oc2cncc(C(=O)O)c2)cc1)NC1C=CC(Cl)=C(C(F)(F)F)C1,0.4329278154915724,binned_cosine_1Da,8,False,predicted_spectrum,2797
CASMI2022,iceberg,completed,10,10,22,CASMI_MOL_1196797,CASMI_MOL_47908,47908,Cc1ccc(NC(=O)CSc2nc3ccccc3c(=O)n2-c2ccc(Cl)cc2)cc1F,0.419046956533315,binned_cosine_1Da,9,False,predicted_spectrum,2797
CASMI2022,iceberg,completed,10,10,22,CASMI_MOL_1196797,CASMI_MOL_48673,48673,Cc1cc2nc(-c3cc(NC(=S)NC(=O)c4ccc(F)cc4)ccc3Cl)oc2cc1C,0.4148708918996758,binned_cosine_1Da,10,False,predicted_spectrum,2797
CASMI2022,iceberg,completed,10,10,22,CASMI_MOL_1196797,CASMI_MOL_48111,48111,COC(=O)c1c(NC(=S)NNC(=O)CSCc2ccc(F)cc2)sc2c1CCC2,0.4123425277885219,binned_cosine_1Da,11,False,predicted_spectrum,2797
CASMI2022,iceberg,completed,10,10,22,CASMI_MOL_1196797,CASMI_MOL_46574,46574,COc1ccc(Nc2cc(C)nc(NCCNS(=O)(=O)c3ccc(Cl)s3)n2)cc1,0.4095103870838982,binned_cosine_1Da,12,False,predicted_spectrum,2797
CASMI2022,iceberg,completed,10,10,22,CASMI_MOL_1196797,CASMI_MOL_46505,46505,O=C(COC(=O)c1nc(-c2ccc(F)cc2)n(-c2ccc(F)cc2)n1)c1ccc(Cl)cc1,0.409246640681857,binned_cosine_1Da,13,False,predicted_spectrum,2797
CASMI2022,iceberg,completed,10,10,22,CASMI_MOL_1196797,CASMI_MOL_46082,46082,O=C(CCCN1C(=O)c2cc(Cl)c(Cl)cc2C1=O)Nc1ccc(-c2ccccc2)cn1,0.4079221260081407,binned_cosine_1Da,14,False,predicted_spectrum,2797
CASMI2022,iceberg,completed,10,10,22,CASMI_MOL_1196797,CASMI_MOL_47825,47825,O=C(CSc1ncccc1C(=O)O)NC1CCN(Cc2ccc(Cl)c(Cl)c2)CC1,0.4052661879540497,binned_cosine_1Da,15,False,predicted_spectrum,2797
CASMI2022,iceberg,completed,10,10,22,CASMI_MOL_1196797,CASMI_MOL_46362,46362,O=C(COc1ccc(Cl)cc1)N=Nc1c(O)n(Cc2ccccc2Cl)c2ccccc12,0.4005926755392364,binned_cosine_1Da,16,False,predicted_spectrum,2797
CASMI2022,iceberg,completed,10,10,22,CASMI_MOL_1196797,CASMI_MOL_46363,46363,O=C(COc1cccc(Cl)c1)N=Nc1c(O)n(Cc2ccccc2Cl)c2ccccc12,0.3992900142287062,binned_cosine_1Da,17,False,predicted_spectrum,2797
CASMI2022,iceberg,completed,10,10,22,CASMI_MOL_1196797,CASMI_MOL_48279,48279,O=[N+]([O-])c1cc(-c2nn(CNc3ccccc3)c(=S)o2)ccc1Nc1ccc(Cl)cc1,0.3960867781506274,binned_cosine_1Da,18,False,predicted_spectrum,2797
CASMI2022,iceberg,completed,10,10,22,CASMI_MOL_1196797,CASMI_MOL_48484,48484,Cc1ccc(S(=O)(=O)NC(=O)n2cc(-c3ccncn3)c(-c3ccccc3Cl)n2)cc1,0.3888171972081925,binned_cosine_1Da,19,False,predicted_spectrum,2797
CASMI2022,iceberg,completed,10,10,22,CASMI_MOL_1196797,CASMI_MOL_48619,48619,Cc1ccc(NC(=O)CSc2nc3ccccc3c(=O)n2-c2cccc(Cl)c2)cc1F,0.3857613250766472,binned_cosine_1Da,20,False,predicted_spectrum,2797
CASMI2022,iceberg,completed,10,10,22,CASMI_MOL_1196797,CASMI_MOL_47243,47243,CC(=O)NC(CC(=O)N1CCN(C(=O)c2cccc(Cl)c2Cl)CC1)c1cccs1,0.3838061010686452,binned_cosine_1Da,21,False,predicted_spectrum,2797
CASMI2022,iceberg,completed,10,10,22,CASMI_MOL_1196797,CASMI_MOL_48180,48180,Cc1ccc(NC(=O)CSc2nc3ccccc3c(=O)n2-c2ccccc2Cl)c(F)c1,0.3784088799064624,binned_cosine_1Da,22,False,predicted_spectrum,2797
CASMI2022,iceberg,completed,10,10,22,CASMI_MOL_1196797,CASMI_MOL_46364,46364,O=C(COc1ccccc1Cl)N=Nc1c(O)n(Cc2ccccc2Cl)c2ccccc12,0.3706508785069576,binned_cosine_1Da,23,False,predicted_spectrum,2797
CASMI2022,iceberg,completed,10,10,22,CASMI_MOL_1196797,CASMI_MOL_47824,47824,O=C(CSc1ccc(C(=O)O)cn1)NC1CCN(Cc2ccc(Cl)c(Cl)c2)CC1,0.3657515268296137,binned_cosine_1Da,24,False,predicted_spectrum,2797
CASMI2022,iceberg,completed,10,10,22,CASMI_MOL_1196797,CASMI_MOL_48095,48095,Cc1nc(-c2cc(F)c(C)c(F)c2F)sc1CSc1ccc(OC(C)C(=O)O)cc1,0.3633375606472947,binned_cosine_1Da,25,False,predicted_spectrum,2797
CASMI2022,iceberg,completed,10,10,22,CASMI_MOL_1196797,CASMI_MOL_47740,47740,CC1(c2ccc([N+](=O)[O-])cc2)Oc2ccc(Cl)cc2C2CC(c3ccc(Cl)cc3)=NN21,0.3541713310377472,binned_cosine_1Da,26,False,predicted_spectrum,2797
CASMI2022,iceberg,completed,10,10,22,CASMI_MOL_1196797,CASMI_MOL_47741,47741,CC1(c2ccc([N+](=O)[O-])cc2)Oc2ccc(Cl)cc2C2CC(c3ccc(Cl)cc3)=NN21,0.3541713310377472,binned_cosine_1Da,27,False,predicted_spectrum,2797
CASMI2022,iceberg,completed,10,10,22,CASMI_MOL_1196797,CASMI_MOL_48311,48311,CC1(c2ccc([N+](=O)[O-])cc2)Oc2ccc(Cl)cc2C2CC(c3ccc(Cl)cc3)=NN21,0.3541713310377472,binned_cosine_1Da,28,False,predicted_spectrum,2797
CASMI2022,iceberg,completed,10,10,22,CASMI_MOL_1196797,CASMI_MOL_48312,48312,CC1(c2ccc([N+](=O)[O-])cc2)Oc2ccc(Cl)cc2C2CC(c3ccc(Cl)cc3)=NN21,0.3541713310377472,binned_cosine_1Da,29,False,predicted_spectrum,2797
CASMI2022,iceberg,completed,10,10,22,CASMI_MOL_1196797,CASMI_MOL_48476,48476,CC1(c2ccc([N+](=O)[O-])cc2)Oc2ccc(Cl)cc2C2CC(c3ccc(Cl)cc3)=NN21,0.3541713310377472,binned_cosine_1Da,30,False,predicted_spectrum,2797
CASMI2022,iceberg,completed,10,10,22,CASMI_MOL_1196797,CASMI_MOL_48655,48655,CCc1ccc2oc(-c3cc(NC(=S)NC(=O)c4ccc(F)cc4)ccc3Cl)nc2c1,0.3522728381762667,binned_cosine_1Da,31,False,predicted_spectrum,2797
CASMI2022,iceberg,completed,10,10,22,CASMI_MOL_1196797,CASMI_MOL_46900,46900,Cc1cc2[nH]c(-c3cc(NC(=O)c4ccc5c(c4)OCCO5)ccc3Cl)nc2cc1Cl,0.3499482807380046,binned_cosine_1Da,32,False,predicted_spectrum,2797
CASMI2022,iceberg,completed,10,10,22,CASMI_MOL_1196797,CASMI_MOL_47852,47852,CC(=O)NCCc1ccc(C(=O)CSc2ncnc3scc(-c4ccccc4)c23)s1,0.3479255711844878,binned_cosine_1Da,33,False,predicted_spectrum,2797
CASMI2022,iceberg,completed,10,10,22,CASMI_MOL_1196797,CASMI_MOL_48634,48634,CCc1ccc2oc(-c3cc(NC(=S)NC(=O)c4ccccc4F)ccc3Cl)nc2c1,0.3475024062261959,binned_cosine_1Da,34,False,predicted_spectrum,2797
CASMI2022,iceberg,completed,10,10,22,CASMI_MOL_1196797,CASMI_MOL_46725,46725,COC(=O)c1cccc(CSc2nnc(-c3ccccc3Cl)n2-c2ccccc2F)c1,0.3471364148400421,binned_cosine_1Da,35,False,predicted_spectrum,2797
CASMI2022,iceberg,completed,10,10,22,CASMI_MOL_1196797,CASMI_MOL_48160,48160,CSc1cccc(NC(=O)Cn2c(=O)nc(-c3ccccc3F)c3cc(Cl)ccc32)c1,0.3469596981687428,binned_cosine_1Da,36,False,predicted_spectrum,2797
CASMI2022,iceberg,completed,10,10,22,CASMI_MOL_1196797,CASMI_MOL_47019,47019,CN1CCc2nc(C(=O)NCC(N)S(=O)(=O)c3cc4cc(Cl)ccc4[nH]3)sc2C1,0.3437557879913462,binned_cosine_1Da,37,False,predicted_spectrum,2797
CASMI2022,iceberg,completed,10,10,22,CASMI_MOL_1196797,CASMI_MOL_47055,47055,O=[N+]([O-])c1cc2oc(-c3ccc(C4CCC(c5c(F)cccc5F)=N4)cc3)nc2cc1Cl,0.3434627173632468,binned_cosine_1Da,38,False,predicted_spectrum,2797
CASMI2022,iceberg,completed,10,10,22,CASMI_MOL_1196797,CASMI_MOL_46416,46416,N#Cc1ccccc1OS(=O)(=O)CCc1cccc(C=CS(=O)(=O)c2ccccc2)c1,0.3415465703297761,binned_cosine_1Da,39,False,predicted_spectrum,2797
CASMI2022,iceberg,completed,10,10,22,CASMI_MOL_1196797,CASMI_MOL_46360,46360,O=C(COc1ccccc1Cl)N=Nc1c(O)n(Cc2ccc(Cl)cc2)c2ccccc12,0.3359868652154709,binned_cosine_1Da,40,False,predicted_spectrum,2797
CASMI2022,iceberg,completed,10,10,22,CASMI_MOL_1196797,CASMI_MOL_46115,46115,CC(SC1=C(C(=O)O)N2C(=O)C(C(C)O)C2(Cc2ccc([N+](=O)[O-])cc2)S1)C(N)=O,0.3329010341596728,binned_cosine_1Da,41,False,predicted_spectrum,2797
CASMI2022,iceberg,completed,10,10,22,CASMI_MOL_1196797,CASMI_MOL_47688,47688,CC(=O)N1CCc2c(sc(NC(=O)Cc3cccs3)c2-c2nc3ccccc3s2)C1,0.3310463457098144,binned_cosine_1Da,42,False,predicted_spectrum,2797
CASMI2022,iceberg,completed,10,10,22,CASMI_MOL_1196797,CASMI_MOL_48198,48198,Cc1ccc(NC(=O)CSc2nc3ccccc3c(=O)n2-c2cccc(Cl)c2)c(F)c1,0.3254904620943983,binned_cosine_1Da,43,False,predicted_spectrum,2797
CASMI2022,iceberg,completed,10,10,22,CASMI_MOL_1196797,CASMI_MOL_47526,47526,CC(Sc1nc2ccccc2c(=O)n1-c1cccc(Cl)c1)C(=O)Nc1ccccc1F,0.3197760301719006,binned_cosine_1Da,44,False,predicted_spectrum,2797
CASMI2022,iceberg,completed,10,10,22,CASMI_MOL_1196797,CASMI_MOL_47242,47242,O=C(NCCCC(=O)N1CCN(C(=O)c2cccc(Cl)c2Cl)CC1)c1ccsc1,0.3172445049240979,binned_cosine_1Da,45,False,predicted_spectrum,2797
CASMI2022,iceberg,completed,10,10,22,CASMI_MOL_1196797,CASMI_MOL_46148,46148,OC1COC2C(Oc3nc4cc(Cl)c(CCc5cccc(Cl)c5F)nc4[nH]3)COC12,0.3166104825169543,binned_cosine_1Da,46,False,predicted_spectrum,2797
CASMI2022,iceberg,completed,10,10,22,CASMI_MOL_1196797,CASMI_MOL_45972,45972,CC(Nc1ccc(Cl)cc1C(=O)O)c1cc(Cl)cn2c(=O)cc(-c3ccccc3)nc12,0.3139689584839474,binned_cosine_1Da,47,False,predicted_spectrum,2797
CASMI2022,iceberg,completed,10,10,22,CASMI_MOL_1196797,CASMI_MOL_46361,46361,O=C(COc1ccc(Cl)cc1)N=Nc1c(O)n(Cc2ccc(Cl)cc2)c2ccccc12,0.3120412527296829,binned_cosine_1Da,48,False,predicted_spectrum,2797
CASMI2022,iceberg,completed,10,10,22,CASMI_MOL_1196797,CASMI_MOL_46743,46743,O=C(NC(CC1CCCCC1)C(=O)O)c1ccc(Cl)c(-c2ccc(Cl)cc2Cl)c1,0.3120007756469202,binned_cosine_1Da,49,False,predicted_spectrum,2797
CASMI2022,iceberg,completed,10,10,22,CASMI_MOL_1196797,CASMI_MOL_47018,47018,O=C(NC(CC1CCCCC1)C(=O)O)c1ccc(Cl)c(-c2ccc(Cl)cc2Cl)c1,0.3120007756469202,binned_cosine_1Da,50,False,predicted_spectrum,2797
CASMI2022,iceberg,completed,10,10,22,CASMI_MOL_1196797,CASMI_MOL_47155,47155,COc1ccc2c(Cl)c(C(=O)NNC(=O)c3ccc(Nc4ncccn4)cc3)sc2c1,0.3109801583149109,binned_cosine_1Da,51,False,predicted_spectrum,2797
CASMI2022,iceberg,completed,10,10,22,CASMI_MOL_1196797,CASMI_MOL_46826,46826,Cc1cc(SCc2sc(-c3cc(F)c(C)c(F)c3F)nc2C)ccc1OCC(=O)O,0.3102408126924991,binned_cosine_1Da,52,False,predicted_spectrum,2797
CASMI2022,iceberg,completed,10,10,22,CASMI_MOL_1196797,CASMI_MOL_48290,48290,Cc1nc(-c2ccc(C(F)(F)F)cc2)sc1CSc1ccc(OCCC(=O)O)cc1,0.3100514617641762,binned_cosine_1Da,53,False,predicted_spectrum,2797
CASMI2022,iceberg,completed,10,10,22,CASMI_MOL_1196797,CASMI_MOL_46359,46359,O=C(COc1cccc(Cl)c1)N=Nc1c(O)n(Cc2ccc(Cl)cc2)c2ccccc12,0.3095032775484871,binned_cosine_1Da,54,False,predicted_spectrum,2797
CASMI2022,iceberg,completed,10,10,22,CASMI_MOL_1196797,CASMI_MOL_46919,46919,O=C(c1ccc(Oc2ccc(Cl)cc2)cc1)C(COc1ccc(Cl)cc1)n1cncn1,0.3093069396591502,binned_cosine_1Da,55,False,predicted_spectrum,2797
CASMI2022,iceberg,completed,10,10,22,CASMI_MOL_1196797,CASMI_MOL_47872,47872,N#CC(C(=O)N1CCCC1)=c1sc(=Cc2cccc(Cl)c2)c(=O)n1-c1ccc(F)cc1,0.3085390750855376,binned_cosine_1Da,56,False,predicted_spectrum,2797
CASMI2022,iceberg,completed,10,10,22,CASMI_MOL_1196797,CASMI_MOL_46946,46946,Cc1nc(OCc2ccc(F)cc2COC(N)=O)c(Cl)c(=O)n1-c1c(F)cccc1F,0.3060958069602474,binned_cosine_1Da,57,False,predicted_spectrum,2797
CASMI2022,iceberg,completed,10,10,22,CASMI_MOL_1196797,CASMI_MOL_48482,48482,O=C(c1cc(Cl)nc(Cl)c1)N1CCC(N(C2CC2)S(=O)(=O)c2ccccc2)CC1,0.3059400698044094,binned_cosine_1Da,58,False,predicted_spectrum,2797
CASMI2022,iceberg,completed,10,10,22,CASMI_MOL_1196797,CASMI_MOL_46893,46893,Cc1cc(-c2noc(C(F)(F)F)n2)cc(C)c1OCCSc1n[nH]c(C(F)(F)F)n1,0.3049937869981622,binned_cosine_1Da,59,False,predicted_spectrum,2797
CASMI2022,iceberg,completed,10,10,22,CASMI_MOL_1196797,CASMI_MOL_46998,46998,Oc1cc2c(cc1-c1c(O)n(Cc3ccc(C(F)(F)F)o3)c3ccccc13)OC(F)(F)O2,0.3048539325001391,binned_cosine_1Da,60,False,predicted_spectrum,2797
CASMI2022,iceberg,completed,10,10,22,CASMI_MOL_1196797,CASMI_MOL_47025,47025,O=C(c1c(F)ccc(NS(=O)(=O)C2CCCCC2)c1F)c1c[nH]c2nccc(Cl)c12,0.3041277577130395,binned_cosine_1Da,61,False,predicted_spectrum,2797
CASMI2022,iceberg,completed,10,10,22,CASMI_MOL_1196797,CASMI_MOL_47398,47398,COc1ccc(Cl)cc1NC(=O)Cn1c(C(=O)c2ccc(Cl)cc2)nc2ccccc21,0.3013419993839288,binned_cosine_1Da,62,False,predicted_spectrum,2797
CASMI2022,iceberg,completed,10,10,22,CASMI_MOL_1196797,CASMI_MOL_48297,48297,COC(=O)COc1ccc(SCc2sc(-c3ccc(C(F)(F)F)cc3)nc2C)cc1,0.3003041434456284,binned_cosine_1Da,63,False,predicted_spectrum,2797
CASMI2022,iceberg,completed,10,10,22,CASMI_MOL_1196797,CASMI_MOL_47197,47197,CS(=O)(=O)c1cc(C(=O)NCc2ccc(S(=O)(=O)NC3CC3)cc2)cc([N+](=O)[O-])c1,0.299818877551861,binned_cosine_1Da,64,False,predicted_spectrum,2797
CASMI2022,iceberg,completed,10,10,22,CASMI_MOL_1196797,CASMI_MOL_47996,47996,Cc1nc(-c2ccc(C(F)(F)F)cc2)sc1CSc1ccc(OC(C)C(=O)O)cc1,0.2976268142945412,binned_cosine_1Da,65,False,predicted_spectrum,2797
CASMI2022,iceberg,completed,10,10,22,CASMI_MOL_1196797,CASMI_MOL_48339,48339,O=c1c(=Cc2cn(-c3ccccc3)nc2-c2ccccc2)sc2nc(-c3cccs3)nn12,0.2951677260237577,binned_cosine_1Da,66,False,predicted_spectrum,2797
CASMI2022,iceberg,completed,10,10,22,CASMI_MOL_1196797,CASMI_MOL_48449,48449,O=c1c(=Cc2cn(-c3ccccc3)nc2-c2ccccc2)sc2nc(-c3cccs3)nn12,0.2951677260237577,binned_cosine_1Da,67,False,predicted_spectrum,2797
CASMI2022,iceberg,completed,10,10,22,CASMI_MOL_1196797,CASMI_MOL_46932,46932,Cc1ccc(S(=O)(=O)n2nc(N)c3c2CC(c2cccs2)(c2cccs2)C=C3)cc1,0.293854107706241,binned_cosine_1Da,68,False,predicted_spectrum,2797
CASMI2022,iceberg,completed,10,10,22,CASMI_MOL_1196797,CASMI_MOL_46286,46286,CC1(NC(=O)COc2ccc(Cl)c(F)c2)CC(=NC(=O)COc2ccc(Cl)cn2)C1,0.2931521383212355,binned_cosine_1Da,69,False,predicted_spectrum,2797
CASMI2022,iceberg,completed,10,10,22,CASMI_MOL_1196797,CASMI_MOL_46598,46598,Cc1cc2sc3c(-c4ccc(N(c5ccccc5)c5ccccc5)cc4)csc3c2s1,0.2869458802954344,binned_cosine_1Da,70,False,predicted_spectrum,2797
CASMI2022,iceberg,completed,10,10,22,CASMI_MOL_1196797,CASMI_MOL_47414,47414,O=C(CSc1nnc(-c2ccccc2Cl)n1-c1ccccc1F)OCc1ccccc1,0.2863592637648988,binned_cosine_1Da,71,False,predicted_spectrum,2797
CASMI2022,iceberg,completed,10,10,22,CASMI_MOL_1196797,CASMI_MOL_46558,46558,O=S(=O)(c1cc(-c2c[nH]c(-c3ccc(F)c(F)c3)n2)ccc1Cl)N1CCC(O)CC1,0.2845253473898897,binned_cosine_1Da,72,False,predicted_spectrum,2797
CASMI2022,iceberg,completed,10,10,22,CASMI_MOL_1196797,CASMI_MOL_46329,46329,CCOC(=O)C1C(C)=Nc2snc(COS(C)(=O)=O)c2C1c1cccc([N+](=O)[O-])c1,0.2838613891992072,binned_cosine_1Da,73,False,predicted_spectrum,2797
CASMI2022,iceberg,completed,10,10,22,CASMI_MOL_1196797,CASMI_MOL_46009,46009,N#CC(C(=O)N1CCCC1)=c1sc(=Cc2ccccc2Cl)c(=O)n1-c1ccccc1F,0.2833698352662981,binned_cosine_1Da,74,False,predicted_spectrum,2797
CASMI2022,iceberg,completed,10,10,22,CASMI_MOL_1196797,CASMI_MOL_48412,48412,N#CC(C(=O)N1CCCC1)=c1sc(=Cc2ccccc2Cl)c(=O)n1-c1ccccc1F,0.2833698352662981,binned_cosine_1Da,75,False,predicted_spectrum,2797
CASMI2022,iceberg,completed,10,10,22,CASMI_MOL_1196797,CASMI_MOL_48608,48608,N#CC(C(=O)N1CCCC1)=c1sc(=Cc2ccccc2Cl)c(=O)n1-c1ccccc1F,0.2833698352662981,binned_cosine_1Da,76,False,predicted_spectrum,2797
CASMI2022,iceberg,completed,10,10,22,CASMI_MOL_1196797,CASMI_MOL_46662,46662,CS(=O)(=O)Nc1cccc(-c2csc(-c3ccnc(SCc4ccccc4)c3)n2)c1,0.2773382009654653,binned_cosine_1Da,77,False,predicted_spectrum,2797
CASMI2022,iceberg,completed,10,10,22,CASMI_MOL_1196797,CASMI_MOL_48006,48006,Cc1nc(OCc2ccc(F)cc2CNC(=O)O)c(Cl)c(=O)n1-c1c(F)cccc1F,0.2763148446039331,binned_cosine_1Da,78,False,predicted_spectrum,2797
CASMI2022,iceberg,completed,10,10,22,CASMI_MOL_1196797,CASMI_MOL_47174,47174,Cc1sc(NC(=O)Cc2sc(-c3ccccc3)nc2-c2cccs2)c(C(N)=O)c1C,0.2761655645898333,binned_cosine_1Da,79,False,predicted_spectrum,2797
CASMI2022,iceberg,completed,10,10,22,CASMI_MOL_1196797,CASMI_MOL_47082,47082,CC(=O)c1ccc(S(=O)(=O)n2cc(CCC(=O)O)c3cc(-c4ccsc4)ccc32)cc1,0.2714651953419676,binned_cosine_1Da,80,False,predicted_spectrum,2797
CASMI2022,iceberg,completed,10,10,22,CASMI_MOL_1196797,CASMI_MOL_46933,46933,Cc1ccc(S(=O)(=O)n2nc(N)c3c2CC(c2ccsc2)(c2ccsc2)C=C3)cc1,0.26969055196762,binned_cosine_1Da,81,False,predicted_spectrum,2797
CASMI2022,iceberg,completed,10,10,22,CASMI_MOL_1196797,CASMI_MOL_47052,47052,Cc1cc(OCC(=O)O)cc(SCc2sc(-c3ccc(C(F)(F)F)cc3)nc2C)c1,0.2695900357364433,binned_cosine_1Da,82,False,predicted_spectrum,2797
CASMI2022,iceberg,completed,10,10,22,CASMI_MOL_1196797,CASMI_MOL_48506,48506,CN(C(=O)CSc1nc2ccccc2c(=O)n1-c1ccc(F)c(Cl)c1)c1ccccc1,0.2694018175691711,binned_cosine_1Da,83,False,predicted_spectrum,2797
CASMI2022,iceberg,completed,10,10,22,CASMI_MOL_1196797,CASMI_MOL_46653,46653,Cc1sc2nc(NC(=O)c3cc(S(=O)(=O)N4CCCCC4)ccc3Cl)nn2c1C,0.2687713273779414,binned_cosine_1Da,84,False,predicted_spectrum,2797
CASMI2022,iceberg,completed,10,10,22,CASMI_MOL_1196797,CASMI_MOL_46937,46937,CC(c1ccc2[nH]nnc2c1)N(C1CCCCNC1=O)S(=O)(=O)c1ccc(Cl)s1,0.2669609810692164,binned_cosine_1Da,85,False,predicted_spectrum,2797
CASMI2022,iceberg,completed,10,10,22,CASMI_MOL_1196797,CASMI_MOL_47125,47125,COc1ccc2sc(SCCCCOc3c4ccoc4cc4oc(=O)ccc34)nc2c1,0.2666672296414517,binned_cosine_1Da,86,False,predicted_spectrum,2797
CASMI2022,iceberg,completed,10,10,22,CASMI_MOL_1196797,CASMI_MOL_48576,48576,COc1ccc(Cl)cc1NC(=O)CSc1nc(-c2ccccc2)nc2ccc(F)cc12,0.2665280336684911,binned_cosine_1Da,87,False,predicted_spectrum,2797
CASMI2022,iceberg,completed,10,10,22,CASMI_MOL_1196797,CASMI_MOL_48148,48148,Cc1c(C(=O)NC(=S)Nc2ccccc2-c2nn3c(C)nnc3s2)cccc1[N+](=O)[O-],0.2664951507893104,binned_cosine_1Da,88,False,predicted_spectrum,2797
CASMI2022,iceberg,completed,10,10,22,CASMI_MOL_1196797,CASMI_MOL_48577,48577,C=c1c(=Cc2c(O)[nH]c(=O)n(-c3ccc(Cl)cc3)c2=O)cc(C)n1-c1ccc(Cl)cc1,0.2655031095765391,binned_cosine_1Da,89,False,predicted_spectrum,2797
CASMI2022,iceberg,completed,10,10,22,CASMI_MOL_1196797,CASMI_MOL_48746,48746,C=c1c(=Cc2c(O)[nH]c(=O)n(-c3ccc(Cl)cc3)c2=O)cc(C)n1-c1ccc(Cl)cc1,0.2655031095765391,binned_cosine_1Da,90,False,predicted_spectrum,2797
CASMI2022,iceberg,completed,10,10,22,CASMI_MOL_1196797,CASMI_MOL_47391,47391,O=C(NCCCC(=O)N1CCN(C(=O)c2ccc(Cl)cc2Cl)CC1)c1ccsc1,0.2628733496813636,binned_cosine_1Da,91,False,predicted_spectrum,2797
CASMI2022,iceberg,completed,10,10,22,CASMI_MOL_1196797,CASMI_MOL_47026,47026,O=C(c1c(F)ccc(NS(=O)(=O)C2CCCCC2)c1F)c1c[nH]c2ncc(Cl)cc12,0.2588370525643825,binned_cosine_1Da,92,False,predicted_spectrum,2797
CASMI2022,iceberg,completed,10,10,22,CASMI_MOL_1196797,CASMI_MOL_47382,47382,COCCn1c(SC(C)C(=O)Nc2ccc(F)c(F)c2)nc2cc(Cl)ccc2c1=O,0.2581548087355081,binned_cosine_1Da,93,False,predicted_spectrum,2797
CASMI2022,iceberg,completed,10,10,22,CASMI_MOL_1196797,CASMI_MOL_46307,46307,Nc1c(N=Nc2ccc(S(=O)(=O)O)cc2)c(-c2ccc(Cl)cc2)nn1-c1ccccc1,0.2580672152571885,binned_cosine_1Da,94,False,predicted_spectrum,2797
CASMI2022,iceberg,completed,10,10,22,CASMI_MOL_1196797,CASMI_MOL_46959,46959,CS(=O)(=O)c1ccc(Oc2cccc(-c3ccnc4c(S(C)(=O)=O)cccc34)c2)cc1,0.256505288467272,binned_cosine_1Da,95,False,predicted_spectrum,2797
CASMI2022,iceberg,completed,10,10,22,CASMI_MOL_1196797,CASMI_MOL_46144,46144,O=C(O)c1cn(-c2ncns2)c2nc(N3CC(C(=O)CCC(F)(F)F)C3)ccc2c1=O,0.2562200591166926,binned_cosine_1Da,96,False,predicted_spectrum,2797
CASMI2022,iceberg,completed,10,10,22,CASMI_MOL_1196797,CASMI_MOL_47053,47053,Cc1ccc(SCc2sc(-c3ccc(C(F)(F)F)cc3)nc2C)cc1OCC(=O)O,0.2553150665107428,binned_cosine_1Da,97,False,predicted_spectrum,2797
CASMI2022,iceberg,completed,10,10,22,CASMI_MOL_1196797,CASMI_MOL_46910,46910,CCCCOc1cc(Cl)ccc1-c1nsc(COc2ccc(F)c(C(N)=O)c2F)n1,0.2546196910706072,binned_cosine_1Da,98,False,predicted_spectrum,2797
CASMI2022,iceberg,completed,10,10,22,CASMI_MOL_1196797,CASMI_MOL_48489,48489,NC(=O)c1cc(-c2ccccc2)sc1NC(=O)CCCSc1nc2ccccc2s1,0.254490706070536,binned_cosine_1Da,99,False,predicted_spectrum,2797
CASMI2022,iceberg,completed,10,10,22,CASMI_MOL_1196797,CASMI_MOL_46934,46934,Cc1nc(-c2ccc(C(F)(F)F)cc2)sc1COC(SCC(=O)O)c1ccccc1,0.253953154242084,binned_cosine_1Da,100,False,predicted_spectrum,2797
CASMI2022,iceberg,completed,10,10,22,CASMI_MOL_1196797,CASMI_MOL_1196797,1196797,Cc1cc(SCc2sc(-c3ccc(C(F)(F)F)cc3)nc2C)ccc1OCC(=O)O,0.234639215242941,binned_cosine_1Da,147,True,predicted_spectrum,2797
CASMI2022,iceberg,completed,11,11,23,CASMI_MOL_1196798,CASMI_MOL_52344,52344,Cc1cn(-c2ccc(Cl)c(C(=O)NCC3(O)CCCCCC3)c2)c(=O)n1CC(=O)N(C)C1CC1,0.3773996533559201,binned_cosine_1Da,1,False,predicted_spectrum,6368
CASMI2022,iceberg,completed,11,11,23,CASMI_MOL_1196798,CASMI_MOL_50589,50589,COc1ccc(Cl)cc1-n1c(O)c(CCCCNC(=O)N(C)C)n(CC2CC3C=CC2C3)c1=O,0.3642694364137946,binned_cosine_1Da,2,False,predicted_spectrum,6368
CASMI2022,iceberg,completed,11,11,23,CASMI_MOL_1196798,CASMI_MOL_50403,50403,CCCc1nc(C)c2c(=O)[nH]c(-c3cc(S(=O)(=O)NCCC4CN(C)C4)ccc3OCC)nn12,0.3192321948116751,binned_cosine_1Da,3,False,predicted_spectrum,6368
CASMI2022,iceberg,completed,11,11,23,CASMI_MOL_1196798,CASMI_MOL_51942,51942,CCCCCCCCCCCCCCCCCC(=O)OCC(COP(=O)(Cl)Cl)OC,0.3183227377799626,binned_cosine_1Da,4,False,predicted_spectrum,6368
CASMI2022,iceberg,completed,11,11,23,CASMI_MOL_1196798,CASMI_MOL_54027,54027,N#Cc1ccccc1S(=O)(=O)N1CCN(C(=O)CN2CCN(CC(=O)N3CCCC3)CC2)CC1,0.3131596382012155,binned_cosine_1Da,5,False,predicted_spectrum,6368
CASMI2022,iceberg,completed,11,11,23,CASMI_MOL_1196798,CASMI_MOL_54397,54397,CC(C)C(NC(=O)C(CCC(N)=O)NC(=O)C(N)CCC(=O)O)C(=O)NC(CC(N)=O)C(=O)O,0.3095034369721585,binned_cosine_1Da,6,False,predicted_spectrum,6368
CASMI2022,iceberg,completed,11,11,23,CASMI_MOL_1196798,CASMI_MOL_54382,54382,CC(C)C(NC(=O)C(CCC(=O)O)NC(=O)C(N)CCC(N)=O)C(=O)NC(CC(N)=O)C(=O)O,0.3087896046178956,binned_cosine_1Da,7,False,predicted_spectrum,6368
CASMI2022,iceberg,completed,11,11,23,CASMI_MOL_1196798,CASMI_MOL_54380,54380,CC(C)C(NC(=O)C(CCC(N)=O)NC(=O)C(N)CCC(N)=O)C(=O)NC(CC(=O)O)C(=O)O,0.3009025839525435,binned_cosine_1Da,8,False,predicted_spectrum,6368
CASMI2022,iceberg,completed,11,11,23,CASMI_MOL_1196798,CASMI_MOL_50349,50349,CCCc1nn(C)c2c(=O)[nH]c(-c3cc(S(=O)(=O)N4CCC(CN)CC4)ccc3OCC)nc12,0.2974486734659818,binned_cosine_1Da,9,False,predicted_spectrum,6368
CASMI2022,iceberg,completed,11,11,23,CASMI_MOL_1196798,CASMI_MOL_54299,54299,CC(C)C(N)C(=O)NC(CCC(=O)O)C(=O)NC(CCC(N)=O)C(=O)NC(CC(N)=O)C(=O)O,0.2822817653503855,binned_cosine_1Da,10,False,predicted_spectrum,6368
CASMI2022,iceberg,completed,11,11,23,CASMI_MOL_1196798,CASMI_MOL_50497,50497,CCCc1nc(C)c2c(=O)[nH]c(-c3cc(S(=O)(=O)N4CCN(CC)CC4)ccc3OCC)nn12,0.2737744392204153,binned_cosine_1Da,11,False,predicted_spectrum,6368
CASMI2022,iceberg,completed,11,11,23,CASMI_MOL_1196798,CASMI_MOL_50459,50459,CCCc1nc(C)c2c(=O)[nH]c(-c3cc(S(=O)(=O)N(C)N4CCCCC4)ccc3OCC)nn12,0.26629976251089,binned_cosine_1Da,12,False,predicted_spectrum,6368
CASMI2022,iceberg,completed,11,11,23,CASMI_MOL_1196798,CASMI_MOL_54296,54296,CC(C)C(N)C(=O)NC(CCC(N)=O)C(=O)NC(CCC(=O)O)C(=O)NC(CC(N)=O)C(=O)O,0.2650734288267419,binned_cosine_1Da,13,False,predicted_spectrum,6368
CASMI2022,iceberg,completed,11,11,23,CASMI_MOL_1196798,CASMI_MOL_50426,50426,CCCc1nn(C)c2c(=O)[nH]c(-c3cc(S(=O)(=O)N4CCCN(C)CC4)ccc3OCC)nc12,0.2636281604944266,binned_cosine_1Da,14,False,predicted_spectrum,6368
CASMI2022,iceberg,completed,11,11,23,CASMI_MOL_1196798,CASMI_MOL_54125,54125,CC(C)C(NC(=O)C(CCC(=O)O)NC(=O)C(CC(N)=O)NC(=O)C(N)CCC(N)=O)C(=O)O,0.261932545751128,binned_cosine_1Da,15,False,predicted_spectrum,6368
CASMI2022,iceberg,completed,11,11,23,CASMI_MOL_1196798,CASMI_MOL_50433,50433,CCCc1nc(C)c2c(=O)[nH]c(-c3cc(OCC)ccc3S(=O)(=O)N3CCN(CC)CC3)nn12,0.2614566319206984,binned_cosine_1Da,16,False,predicted_spectrum,6368
CASMI2022,iceberg,completed,11,11,23,CASMI_MOL_1196798,CASMI_MOL_50292,50292,CC(Cl)=C(C=NNC=O)N1CCc2c(nnn2Cc2ccc(F)cc2CN2CCN(C)CC2)C1,0.2596775080234109,binned_cosine_1Da,17,False,predicted_spectrum,6368
CASMI2022,iceberg,completed,11,11,23,CASMI_MOL_1196798,CASMI_MOL_50523,50523,COC1OC2(CC=CO2)C(OCc2ccccc2)C(OCc2ccccc2)C1OCc1ccccc1,0.2578739904365426,binned_cosine_1Da,18,False,predicted_spectrum,6368
CASMI2022,iceberg,completed,11,11,23,CASMI_MOL_1196798,CASMI_MOL_53614,53614,COC1OC2(CC=CO2)C(OCc2ccccc2)C(OCc2ccccc2)C1OCc1ccccc1,0.2578739904365426,binned_cosine_1Da,19,False,predicted_spectrum,6368
CASMI2022,iceberg,completed,11,11,23,CASMI_MOL_1196798,CASMI_MOL_54398,54398,CC(C)C(NC(=O)C(CC(N)=O)NC(=O)C(CCC(N)=O)NC(=O)C(N)CCC(=O)O)C(=O)O,0.2569986080700677,binned_cosine_1Da,20,False,predicted_spectrum,6368
CASMI2022,iceberg,completed,11,11,23,CASMI_MOL_1196798,CASMI_MOL_54387,54387,CC(C)C(NC(=O)C(CCC(N)=O)NC(=O)C(CC(=O)O)NC(=O)C(N)CCC(N)=O)C(=O)O,0.2559135271908656,binned_cosine_1Da,21,False,predicted_spectrum,6368
CASMI2022,iceberg,completed,11,11,23,CASMI_MOL_1196798,CASMI_MOL_50476,50476,CCCc1nn(C)c2c(=O)[nH]c(-c3cc(S(=O)(=O)N4CCN(CC)CC4)ccc3OCC)nc12,0.2505366023170021,binned_cosine_1Da,22,False,predicted_spectrum,6368
CASMI2022,iceberg,completed,11,11,23,CASMI_MOL_1196798,CASMI_MOL_52106,52106,CCCc1nn(C)c2c(=O)[nH]c(-c3cc(S(=O)(=O)N4CCN(CC)CC4)ccc3OCC)nc12,0.2505366023170021,binned_cosine_1Da,23,False,predicted_spectrum,6368
CASMI2022,iceberg,completed,11,11,23,CASMI_MOL_1196798,CASMI_MOL_1196798,1196798,CCCc1nn(C)c2c(=O)[nH]c(-c3cc(S(=O)(=O)N4CCN(CC)CC4)ccc3OCC)nc12,0.2505366023170021,binned_cosine_1Da,24,True,predicted_spectrum,6368
CASMI2022,iceberg,completed,11,11,23,CASMI_MOL_1196798,CASMI_MOL_54416,54416,CC(C)C(NC(=O)C(CCC(N)=O)NC(=O)C(N)CC(=O)O)C(=O)NC(CCC(N)=O)C(=O)O,0.2499637512386415,binned_cosine_1Da,25,False,predicted_spectrum,6368
CASMI2022,iceberg,completed,11,11,23,CASMI_MOL_1196798,CASMI_MOL_54402,54402,CC(C)C(NC(=O)C(CCC(N)=O)NC(=O)C(CC(N)=O)NC(=O)C(N)CCC(=O)O)C(=O)O,0.2491455729985668,binned_cosine_1Da,26,False,predicted_spectrum,6368
CASMI2022,iceberg,completed,11,11,23,CASMI_MOL_1196798,CASMI_MOL_53814,53814,O=C(CN1CCN(CC(=O)NC2CCCCCCC2)CC1)Nc1ccc(Cl)c(C(F)(F)F)c1,0.246409787792272,binned_cosine_1Da,27,False,predicted_spectrum,6368
CASMI2022,iceberg,completed,11,11,23,CASMI_MOL_1196798,CASMI_MOL_50460,50460,CCCc1nc(C)c2c(=O)[nH]c(-c3cc(S(=O)(=O)N4CCCN(C)CC4)ccc3OCC)nn12,0.2463121021481929,binned_cosine_1Da,28,False,predicted_spectrum,6368
CASMI2022,iceberg,completed,11,11,23,CASMI_MOL_1196798,CASMI_MOL_54426,54426,N=C(N)NCCCC(N)C(=O)N1CCCC1C(=O)NC(CS)C(=O)NC(CC(N)=O)C(=O)O,0.2429410155992089,binned_cosine_1Da,29,False,predicted_spectrum,6368
CASMI2022,iceberg,completed,11,11,23,CASMI_MOL_1196798,CASMI_MOL_54298,54298,CC(C)C(N)C(=O)NC(CCC(N)=O)C(=O)NC(CC(N)=O)C(=O)NC(CCC(=O)O)C(=O)O,0.2416688307154514,binned_cosine_1Da,30,False,predicted_spectrum,6368
CASMI2022,iceberg,completed,11,11,23,CASMI_MOL_1196798,CASMI_MOL_49245,49245,CCCc1nc(C)c2c(=O)[nH]nc(-c3ccc(OCC)c(S(=O)(=O)N4CCN(CC)CC4)c3)n12,0.2416431710521925,binned_cosine_1Da,31,False,predicted_spectrum,6368
CASMI2022,iceberg,completed,11,11,23,CASMI_MOL_1196798,CASMI_MOL_54295,54295,CC(C)C(N)C(=O)NC(CCC(N)=O)C(=O)NC(CCC(N)=O)C(=O)NC(CC(=O)O)C(=O)O,0.241286925126501,binned_cosine_1Da,32,False,predicted_spectrum,6368
CASMI2022,iceberg,completed,11,11,23,CASMI_MOL_1196798,CASMI_MOL_53482,53482,Cc1ccnc(NC(=O)C2CCN(S(=O)(=O)c3c(C)nn(CC(=O)N4CCCC4)c3C)CC2)c1,0.2400731629843057,binned_cosine_1Da,33,False,predicted_spectrum,6368
CASMI2022,iceberg,completed,11,11,23,CASMI_MOL_1196798,CASMI_MOL_50489,50489,CCCOc1ccc(S(=O)(=O)NC2CCN(C)C2)cc1-c1nc(=O)c2c([nH]1)c(CCC)nn2C,0.238180064759651,binned_cosine_1Da,34,False,predicted_spectrum,6368
CASMI2022,iceberg,completed,11,11,23,CASMI_MOL_1196798,CASMI_MOL_54383,54383,CC(C)C(NC(=O)C(CC(N)=O)NC(=O)C(CCC(=O)O)NC(=O)C(N)CCC(N)=O)C(=O)O,0.2380428426050511,binned_cosine_1Da,35,False,predicted_spectrum,6368
CASMI2022,iceberg,completed,11,11,23,CASMI_MOL_1196798,CASMI_MOL_52630,52630,CCCc1nc(C)c2c(=O)n(-c3cccc(S(=O)(=O)N4CCN(CC)CC4)c3)c(OCC)nn12,0.2367120155001595,binned_cosine_1Da,36,False,predicted_spectrum,6368
CASMI2022,iceberg,completed,11,11,23,CASMI_MOL_1196798,CASMI_MOL_50595,50595,Cc1cccc(N2CCN(S(=O)(=O)C3CNC(c4nnc(C(=O)N5CCCC5)o4)C3)CC2)c1C,0.236461882389164,binned_cosine_1Da,37,False,predicted_spectrum,6368
CASMI2022,iceberg,completed,11,11,23,CASMI_MOL_1196798,CASMI_MOL_50085,50085,COC(=O)C1CC(=NC(=N)N)C(NC(C)=O)C(C(CCOC(=O)O)OC(=O)NCCCCN)O1,0.2341818108206992,binned_cosine_1Da,38,False,predicted_spectrum,6368
CASMI2022,iceberg,completed,11,11,23,CASMI_MOL_1196798,CASMI_MOL_54306,54306,N=C(N)NCCCC(NC(=O)C(CS)NC(=O)C1CCCN1)C(=O)NC(CC(N)=O)C(=O)O,0.2337966276104088,binned_cosine_1Da,39,False,predicted_spectrum,6368
CASMI2022,iceberg,completed,11,11,23,CASMI_MOL_1196798,CASMI_MOL_54310,54310,N=C(N)NCCCC(NC(=O)C1CCCN1)C(=O)NC(CC(N)=O)C(=O)NC(CS)C(=O)O,0.2331747024961782,binned_cosine_1Da,40,False,predicted_spectrum,6368
CASMI2022,iceberg,completed,11,11,23,CASMI_MOL_1196798,CASMI_MOL_49247,49247,CCCc1nc(C)c2c(=O)[nH]nc(-c3cc(S(=O)(=O)N4CCN(CC)CC4)ccc3OCC)n12,0.2322049987409611,binned_cosine_1Da,41,False,predicted_spectrum,6368
CASMI2022,iceberg,completed,11,11,23,CASMI_MOL_1196798,CASMI_MOL_50371,50371,CCCc1ncc2c(=O)[nH]c(Cc3cc(S(=O)(=O)N4CCN(CC)CC4)ccc3OCC)nn12,0.2297608710996242,binned_cosine_1Da,42,False,predicted_spectrum,6368
CASMI2022,iceberg,completed,11,11,23,CASMI_MOL_1196798,CASMI_MOL_50089,50089,CNC(=O)C(Cc1ccccc1)NC(=O)C(CCCN=C(N)N)NS(=O)(=O)Cc1ccccc1,0.2269256566818149,binned_cosine_1Da,43,False,predicted_spectrum,6368
CASMI2022,iceberg,completed,11,11,23,CASMI_MOL_1196798,CASMI_MOL_52838,52838,CNC(C)C(=O)NC(C(=O)N1CCCC1C(=O)Nc1snnc1-c1ccccc1)C(C)(C)OC,0.2260254010158325,binned_cosine_1Da,44,False,predicted_spectrum,6368
CASMI2022,iceberg,completed,11,11,23,CASMI_MOL_1196798,CASMI_MOL_53451,53451,CNC(C)C(=O)NC(C(=O)N1CCCC1C(=O)Nc1snnc1-c1ccccc1)C(C)(C)OC,0.2260254010158325,binned_cosine_1Da,45,False,predicted_spectrum,6368
CASMI2022,iceberg,completed,11,11,23,CASMI_MOL_1196798,CASMI_MOL_54026,54026,COCCOc1ccc(C(F)(F)F)cc1NC(=O)CN1CCN(CC(=O)N2CCOCC2)CC1,0.2253151688138756,binned_cosine_1Da,46,False,predicted_spectrum,6368
CASMI2022,iceberg,completed,11,11,23,CASMI_MOL_1196798,CASMI_MOL_54410,54410,N=C(N)NCCCC(NC(=O)C(N)CS)C(=O)NC(CC(N)=O)C(=O)N1CCCC1C(=O)O,0.2252944250923582,binned_cosine_1Da,47,False,predicted_spectrum,6368
CASMI2022,iceberg,completed,11,11,23,CASMI_MOL_1196798,CASMI_MOL_54307,54307,N=C(N)NCCCC(NC(=O)C(CS)NC(=O)C(CC(N)=O)NC(=O)C1CCCN1)C(=O)O,0.2249948051922024,binned_cosine_1Da,48,False,predicted_spectrum,6368
CASMI2022,iceberg,completed,11,11,23,CASMI_MOL_1196798,CASMI_MOL_51089,51089,CCCCOCC1(CF)OC(n2ccc(=O)[nH]c2=O)C(C)(OC(=O)C(=O)OC)C1OCCCC,0.2245646316750348,binned_cosine_1Da,49,False,predicted_spectrum,6368
CASMI2022,iceberg,completed,11,11,23,CASMI_MOL_1196798,CASMI_MOL_51090,51090,CCCCOCC1(CF)OC(n2ccc(=O)[nH]c2=O)C(C)(OC(=O)C(=O)OC)C1OCCCC,0.2245646316750348,binned_cosine_1Da,50,False,predicted_spectrum,6368
CASMI2022,iceberg,completed,11,11,23,CASMI_MOL_1196798,CASMI_MOL_54301,54301,CC(C)C(N)C(=O)NC(CC(=O)O)C(=O)NC(CCC(N)=O)C(=O)NC(CCC(N)=O)C(=O)O,0.2227154886173329,binned_cosine_1Da,51,False,predicted_spectrum,6368
CASMI2022,iceberg,completed,11,11,23,CASMI_MOL_1196798,CASMI_MOL_54309,54309,N=C(N)NCCCC(NC(=O)C1CCCN1)C(=O)NC(CS)C(=O)NC(CC(N)=O)C(=O)O,0.221334139913873,binned_cosine_1Da,52,False,predicted_spectrum,6368
CASMI2022,iceberg,completed,11,11,23,CASMI_MOL_1196798,CASMI_MOL_50477,50477,CCCc1nn(C)c2c(=O)[nH]c(-c3cc(S(=O)(=O)N4CC(C)NC(C)C4)ccc3OCC)nc12,0.2184273565233273,binned_cosine_1Da,53,False,predicted_spectrum,6368
CASMI2022,iceberg,completed,11,11,23,CASMI_MOL_1196798,CASMI_MOL_50490,50490,CCCc1nn(C)c2c(=O)[nH]c(-c3cc(S(=O)(=O)N4CC(C)NC(C)C4)ccc3OCC)nc12,0.2184273565233273,binned_cosine_1Da,54,False,predicted_spectrum,6368
CASMI2022,iceberg,completed,11,11,23,CASMI_MOL_1196798,CASMI_MOL_50382,50382,CCOc1ccc(S(=O)(=O)N2CCN(CC)CC2)cc1-c1nc(=O)n2c(C)nc(C(C)C)c2[nH]1,0.2179331156916677,binned_cosine_1Da,55,False,predicted_spectrum,6368
CASMI2022,iceberg,completed,11,11,23,CASMI_MOL_1196798,CASMI_MOL_50474,50474,CCCOc1ccc(S(=O)(=O)N2CCN(C)CC2)cc1-c1nc(=O)c2c([nH]1)c(CCC)nn2C,0.2173679985241577,binned_cosine_1Da,56,False,predicted_spectrum,6368
CASMI2022,iceberg,completed,11,11,23,CASMI_MOL_1196798,CASMI_MOL_54305,54305,N=C(N)NCCCC(NC(=O)C(CC(N)=O)NC(=O)C(CS)NC(=O)C1CCCN1)C(=O)O,0.2166230038596897,binned_cosine_1Da,57,False,predicted_spectrum,6368
CASMI2022,iceberg,completed,11,11,23,CASMI_MOL_1196798,CASMI_MOL_50559,50559,CC(C)Oc1ccc(-c2ncc(C3C=CC=C4C(NC(=O)CN5CCCC5)CCC43)s2)cc1C#N,0.2160430135737385,binned_cosine_1Da,58,False,predicted_spectrum,6368
CASMI2022,iceberg,completed,11,11,23,CASMI_MOL_1196798,CASMI_MOL_54308,54308,N=C(N)NCCCC(NC(=O)C(CC(N)=O)NC(=O)C1CCCN1)C(=O)NC(CS)C(=O)O,0.2155369801337437,binned_cosine_1Da,59,False,predicted_spectrum,6368
CASMI2022,iceberg,completed,11,11,23,CASMI_MOL_1196798,CASMI_MOL_50596,50596,O=C(c1nnc(C2CC(S(=O)(=O)NC3CCN(Cc4ccccc4)CC3)CN2)o1)N1CCCC1,0.2152980672245976,binned_cosine_1Da,60,False,predicted_spectrum,6368
CASMI2022,iceberg,completed,11,11,23,CASMI_MOL_1196798,CASMI_MOL_54143,54143,CC(C)C(NC(=O)C(CCC(N)=O)NC(=O)C(N)CC(N)=O)C(=O)NC(CCC(=O)O)C(=O)O,0.2143268774460229,binned_cosine_1Da,61,False,predicted_spectrum,6368
CASMI2022,iceberg,completed,11,11,23,CASMI_MOL_1196798,CASMI_MOL_54408,54408,N=C(N)NCCCC(NC(=O)C(CC(N)=O)NC(=O)C(N)CS)C(=O)N1CCCC1C(=O)O,0.2133105319500394,binned_cosine_1Da,62,False,predicted_spectrum,6368
CASMI2022,iceberg,completed,11,11,23,CASMI_MOL_1196798,CASMI_MOL_50372,50372,CCCc1ncc2c(=O)[nH]c(Cc3cccc(S(=O)(=O)N4CCN(CC)CC4)c3OCC)nn12,0.212916467742027,binned_cosine_1Da,63,False,predicted_spectrum,6368
CASMI2022,iceberg,completed,11,11,23,CASMI_MOL_1196798,CASMI_MOL_54302,54302,CC(C)C(N)C(=O)NC(CC(N)=O)C(=O)NC(CCC(N)=O)C(=O)NC(CCC(=O)O)C(=O)O,0.2110302426175415,binned_cosine_1Da,64,False,predicted_spectrum,6368
CASMI2022,iceberg,completed,11,11,23,CASMI_MOL_1196798,CASMI_MOL_50362,50362,CCCc1nc(C)c2c(=O)[nH]c(-c3cc(S(=O)(=O)C(C)N4CCNCC4)ccc3OCC)nn12,0.2109303934244964,binned_cosine_1Da,65,False,predicted_spectrum,6368
CASMI2022,iceberg,completed,11,11,23,CASMI_MOL_1196798,CASMI_MOL_54381,54381,CC(C)C(NC(=O)C(CC(=O)O)NC(=O)C(CCC(N)=O)NC(=O)C(N)CCC(N)=O)C(=O)O,0.2108201891487884,binned_cosine_1Da,66,False,predicted_spectrum,6368
CASMI2022,iceberg,completed,11,11,23,CASMI_MOL_1196798,CASMI_MOL_54430,54430,N=C(N)NCCCC(N)C(=O)NC(CC(N)=O)C(=O)N1CCCC1C(=O)NC(CS)C(=O)O,0.2107788301192155,binned_cosine_1Da,67,False,predicted_spectrum,6368
CASMI2022,iceberg,completed,11,11,23,CASMI_MOL_1196798,CASMI_MOL_50481,50481,CCCc1nc(C)n2c(=O)[nH]c(-c3cc(S(=O)(=O)N4CCN(CC)CC4)ccc3OCC)nc12,0.2106064830891706,binned_cosine_1Da,68,False,predicted_spectrum,6368
CASMI2022,iceberg,completed,11,11,23,CASMI_MOL_1196798,CASMI_MOL_53166,53166,O=C(N1CCCC1)N1CCC(C(=O)N(CCc2ccccc2)c2nc(-c3ccccc3)cs2)CC1,0.2100206022879739,binned_cosine_1Da,69,False,predicted_spectrum,6368
CASMI2022,iceberg,completed,11,11,23,CASMI_MOL_1196798,CASMI_MOL_50495,50495,CCOc1ccc(S(=O)(=O)NC2CCN(C)C2)cc1-c1nc(=O)c2c([nH]1)c(CC(C)C)nn2C,0.2085919788146522,binned_cosine_1Da,70,False,predicted_spectrum,6368
CASMI2022,iceberg,completed,11,11,23,CASMI_MOL_1196798,CASMI_MOL_54419,54419,CC(C)C(NC(=O)C(CCC(N)=O)NC(=O)C(CCC(N)=O)NC(=O)C(N)CC(=O)O)C(=O)O,0.2080386147413802,binned_cosine_1Da,71,False,predicted_spectrum,6368
CASMI2022,iceberg,completed,11,11,23,CASMI_MOL_1196798,CASMI_MOL_52601,52601,CCCc1ncc2c(=O)n(C)c(-c3cc(S(=O)(=O)N4CCN(CC)CC4)ccc3OCC)nn12,0.2075514976596227,binned_cosine_1Da,72,False,predicted_spectrum,6368
CASMI2022,iceberg,completed,11,11,23,CASMI_MOL_1196798,CASMI_MOL_52858,52858,CCC(CC(C)(CC(C)C(=O)O)C(=O)OC1(CC)CCCC1)C(=O)OCC(F)(F)C(F)(F)F,0.2068996229755353,binned_cosine_1Da,73,False,predicted_spectrum,6368
CASMI2022,iceberg,completed,11,11,23,CASMI_MOL_1196798,CASMI_MOL_50767,50767,CC1CCCC(NC(=O)CN2CCN(CC(=O)Nc3ccc(Cl)c(C(F)(F)F)c3)CC2)C1C,0.205422398434751,binned_cosine_1Da,74,False,predicted_spectrum,6368
CASMI2022,iceberg,completed,11,11,23,CASMI_MOL_1196798,CASMI_MOL_50768,50768,CC1CCCC(NC(=O)CN2CCN(CC(=O)Nc3ccc(Cl)c(C(F)(F)F)c3)CC2)C1C,0.205422398434751,binned_cosine_1Da,75,False,predicted_spectrum,6368
CASMI2022,iceberg,completed,11,11,23,CASMI_MOL_1196798,CASMI_MOL_53671,53671,CC1CCCC(NC(=O)CN2CCN(CC(=O)Nc3ccc(Cl)c(C(F)(F)F)c3)CC2)C1C,0.205422398434751,binned_cosine_1Da,76,False,predicted_spectrum,6368
CASMI2022,iceberg,completed,11,11,23,CASMI_MOL_1196798,CASMI_MOL_53819,53819,CC1CCCC(NC(=O)CN2CCN(CC(=O)Nc3ccc(Cl)c(C(F)(F)F)c3)CC2)C1C,0.205422398434751,binned_cosine_1Da,77,False,predicted_spectrum,6368
CASMI2022,iceberg,completed,11,11,23,CASMI_MOL_1196798,CASMI_MOL_53820,53820,CC1CCCC(NC(=O)CN2CCN(CC(=O)Nc3ccc(Cl)c(C(F)(F)F)c3)CC2)C1C,0.205422398434751,binned_cosine_1Da,78,False,predicted_spectrum,6368
CASMI2022,iceberg,completed,11,11,23,CASMI_MOL_1196798,CASMI_MOL_53821,53821,CC1CCCC(NC(=O)CN2CCN(CC(=O)Nc3ccc(Cl)c(C(F)(F)F)c3)CC2)C1C,0.205422398434751,binned_cosine_1Da,79,False,predicted_spectrum,6368
CASMI2022,iceberg,completed,11,11,23,CASMI_MOL_1196798,CASMI_MOL_53822,53822,CC1CCCC(NC(=O)CN2CCN(CC(=O)Nc3ccc(Cl)c(C(F)(F)F)c3)CC2)C1C,0.205422398434751,binned_cosine_1Da,80,False,predicted_spectrum,6368
CASMI2022,iceberg,completed,11,11,23,CASMI_MOL_1196798,CASMI_MOL_54731,54731,CC(C)C1CCNC1C(=O)N1CCCC1C(=O)NCc1cc(Cl)ccc1CC(N)C(F)(F)F,0.2049958152154171,binned_cosine_1Da,81,False,predicted_spectrum,6368
CASMI2022,iceberg,completed,11,11,23,CASMI_MOL_1196798,CASMI_MOL_54427,54427,N=C(N)NCCCC(N)C(=O)N1CCCC1C(=O)NC(CC(N)=O)C(=O)NC(CS)C(=O)O,0.2042446667922103,binned_cosine_1Da,82,False,predicted_spectrum,6368
CASMI2022,iceberg,completed,11,11,23,CASMI_MOL_1196798,CASMI_MOL_51749,51749,CC(=O)Nc1cccc(NC(=O)CN2CCN(c3c(C)nn(C4CCS(=O)(=O)C4)c3C)CC2)c1,0.2036935247607215,binned_cosine_1Da,83,False,predicted_spectrum,6368
CASMI2022,iceberg,completed,11,11,23,CASMI_MOL_1196798,CASMI_MOL_50560,50560,CC(C)Oc1ccc(-c2ncc(C3C=CC=C4C(NCC(=O)N5CCCC5)CCC43)s2)cc1C#N,0.2033666445187913,binned_cosine_1Da,84,False,predicted_spectrum,6368
CASMI2022,iceberg,completed,11,11,23,CASMI_MOL_1196798,CASMI_MOL_52593,52593,CCCc1nc(C)c2c(=O)c(-c3cc(S(=O)(=O)N4CCN(CC)CC4)ccc3OCC)n[nH]n12,0.2033409322759409,binned_cosine_1Da,85,False,predicted_spectrum,6368
CASMI2022,iceberg,completed,11,11,23,CASMI_MOL_1196798,CASMI_MOL_54406,54406,N=C(N)NCCCC(NC(=O)C1CCCN1C(=O)C(N)CS)C(=O)NC(CC(N)=O)C(=O)O,0.2032251256022488,binned_cosine_1Da,86,False,predicted_spectrum,6368
CASMI2022,iceberg,completed,11,11,23,CASMI_MOL_1196798,CASMI_MOL_53672,53672,CC(C(=O)N(C)C1CCCCC1)N1CCN(CC(=O)Nc2ccc(Cl)c(C(F)(F)F)c2)CC1,0.2031682849526338,binned_cosine_1Da,87,False,predicted_spectrum,6368
CASMI2022,iceberg,completed,11,11,23,CASMI_MOL_1196798,CASMI_MOL_53809,53809,CC(C(=O)N(C)C1CCCCC1)N1CCN(CC(=O)Nc2ccc(Cl)c(C(F)(F)F)c2)CC1,0.2031682849526338,binned_cosine_1Da,88,False,predicted_spectrum,6368
CASMI2022,iceberg,completed,11,11,23,CASMI_MOL_1196798,CASMI_MOL_53810,53810,CC(C(=O)N(C)C1CCCCC1)N1CCN(CC(=O)Nc2ccc(Cl)c(C(F)(F)F)c2)CC1,0.2031682849526338,binned_cosine_1Da,89,False,predicted_spectrum,6368
CASMI2022,iceberg,completed,11,11,23,CASMI_MOL_1196798,CASMI_MOL_50484,50484,CCCOc1ccc(S(=O)(=O)NC2CCCN2C)cc1-c1nc(=O)c2c([nH]1)c(CCC)nn2C,0.2022877533770779,binned_cosine_1Da,90,False,predicted_spectrum,6368
CASMI2022,iceberg,completed,11,11,23,CASMI_MOL_1196798,CASMI_MOL_49482,49482,Cc1nc(CC(=O)NC2(C)CC2)c(C2OCCO2)c(NC(C)(C)c2cccc3c2OCC3(F)F)n1,0.2013909082798518,binned_cosine_1Da,91,False,predicted_spectrum,6368
CASMI2022,iceberg,completed,11,11,23,CASMI_MOL_1196798,CASMI_MOL_49079,49079,CC1CNCCN1c1cc(N2CCNCC2C)c(S(=O)(=O)N(C)C)cc1S(=O)(=O)N(C)C,0.2012615522004663,binned_cosine_1Da,92,False,predicted_spectrum,6368
CASMI2022,iceberg,completed,11,11,23,CASMI_MOL_1196798,CASMI_MOL_49899,49899,CC(C)Oc1ccc(-c2ncc(-c3cccc4c3CCC4NOCCN3CCCC3)s2)cc1C#N,0.201110474412568,binned_cosine_1Da,93,False,predicted_spectrum,6368
CASMI2022,iceberg,completed,11,11,23,CASMI_MOL_1196798,CASMI_MOL_50173,50173,CCCCCCCCCCCCNC(=O)n1nc(Oc2ncc(C(F)(F)F)cc2Cl)cc1C,0.2009945852993498,binned_cosine_1Da,94,False,predicted_spectrum,6368
CASMI2022,iceberg,completed,11,11,23,CASMI_MOL_1196798,CASMI_MOL_50483,50483,CCCn1c(C)nc2[nH]c(-c3cc(S(=O)(=O)N4CCN(CC)CC4)ccc3OCC)nc(=O)c21,0.2001543657219212,binned_cosine_1Da,95,False,predicted_spectrum,6368
CASMI2022,iceberg,completed,11,11,23,CASMI_MOL_1196798,CASMI_MOL_54300,54300,CC(C)C(N)C(=O)NC(CCC(=O)O)C(=O)NC(CC(N)=O)C(=O)NC(CCC(N)=O)C(=O)O,0.1991042367733286,binned_cosine_1Da,96,False,predicted_spectrum,6368
CASMI2022,iceberg,completed,11,11,23,CASMI_MOL_1196798,CASMI_MOL_54344,54344,N=C(N)NCCCC(NC(=O)C1CCCN1C(=O)C(CS)NC(=O)C(N)CC(N)=O)C(=O)O,0.1975779096876297,binned_cosine_1Da,97,False,predicted_spectrum,6368
CASMI2022,iceberg,completed,11,11,23,CASMI_MOL_1196798,CASMI_MOL_50561,50561,CC(C)Oc1ccc(C2=NCC(c3cccc4c3CCC4NC(=O)CN3CCCC3)S2)cc1C#N,0.1970954225680188,binned_cosine_1Da,98,False,predicted_spectrum,6368
CASMI2022,iceberg,completed,11,11,23,CASMI_MOL_1196798,CASMI_MOL_53922,53922,CCOc1ccc(S(=O)(=O)N2CCN(CCC(=O)N3CCN(c4ncccn4)CC3)CC2)cc1,0.1949063396700979,binned_cosine_1Da,99,False,predicted_spectrum,6368
CASMI2022,iceberg,completed,11,11,23,CASMI_MOL_1196798,CASMI_MOL_50390,50390,CCCOc1ccc(S(=O)(=O)N2CCN(CC)CC2)cc1-c1nc(=O)c2c(ncn2CCC)[nH]1,0.1940538951618584,binned_cosine_1Da,100,False,predicted_spectrum,6368
CASMI2022,iceberg,completed,12,12,26,CASMI_MOL_1196799,CASMI_MOL_62993,62993,CCCN(C=O)C(C)c1ccccc1,0.7965864272114535,binned_cosine_1Da,1,False,predicted_spectrum,9462
CASMI2022,iceberg,completed,12,12,26,CASMI_MOL_1196799,CASMI_MOL_62814,62814,CC(C)C1ON1C(C)c1ccccc1,0.7742868642235996,binned_cosine_1Da,2,False,predicted_spectrum,9462
CASMI2022,iceberg,completed,12,12,26,CASMI_MOL_1196799,CASMI_MOL_62816,62816,CC(C)C1ON1C(C)c1ccccc1,0.7742868642235996,binned_cosine_1Da,3,False,predicted_spectrum,9462
CASMI2022,iceberg,completed,12,12,26,CASMI_MOL_1196799,CASMI_MOL_62990,62990,CC(C)C1ON1C(C)c1ccccc1,0.7742868642235996,binned_cosine_1Da,4,False,predicted_spectrum,9462
CASMI2022,iceberg,completed,12,12,26,CASMI_MOL_1196799,CASMI_MOL_63127,63127,CCN(Cc1ccc(C)cc1)C(C)=O,0.7734090376351809,binned_cosine_1Da,5,False,predicted_spectrum,9462
CASMI2022,iceberg,completed,12,12,26,CASMI_MOL_1196799,CASMI_MOL_62131,62131,COCC1CN1C(C)c1ccccc1,0.75623808081776,binned_cosine_1Da,6,False,predicted_spectrum,9462
CASMI2022,iceberg,completed,12,12,26,CASMI_MOL_1196799,CASMI_MOL_62965,62965,CC(c1ccccc1)N1CCOCC1,0.7523334862833648,binned_cosine_1Da,7,False,predicted_spectrum,9462
CASMI2022,iceberg,completed,12,12,26,CASMI_MOL_1196799,CASMI_MOL_59662,59662,CC(=O)CCNCc1ccc(C)cc1,0.7385650642401617,binned_cosine_1Da,8,False,predicted_spectrum,9462
CASMI2022,iceberg,completed,12,12,26,CASMI_MOL_1196799,CASMI_MOL_58014,58014,CC(c1ccccc1)N1CCC1CO,0.7368903472888239,binned_cosine_1Da,9,False,predicted_spectrum,9462
CASMI2022,iceberg,completed,12,12,26,CASMI_MOL_1196799,CASMI_MOL_58015,58015,CC(c1ccccc1)N1CCC1CO,0.7368903472888239,binned_cosine_1Da,10,False,predicted_spectrum,9462
CASMI2022,iceberg,completed,12,12,26,CASMI_MOL_1196799,CASMI_MOL_62132,62132,CC(c1ccccc1)N1CCC1CO,0.7368903472888239,binned_cosine_1Da,11,False,predicted_spectrum,9462
CASMI2022,iceberg,completed,12,12,26,CASMI_MOL_1196799,CASMI_MOL_62293,62293,CC(C)C=[N+]([O-])C(C)c1ccccc1,0.7360988591532953,binned_cosine_1Da,12,False,predicted_spectrum,9462
CASMI2022,iceberg,completed,12,12,26,CASMI_MOL_1196799,CASMI_MOL_62994,62994,CC(c1ccccc1)N1CCCC1O,0.7338379062324478,binned_cosine_1Da,13,False,predicted_spectrum,9462
CASMI2022,iceberg,completed,12,12,26,CASMI_MOL_1196799,CASMI_MOL_59563,59563,CCCC=NOCc1ccc(C)cc1,0.7268160861378944,binned_cosine_1Da,14,False,predicted_spectrum,9462
CASMI2022,iceberg,completed,12,12,26,CASMI_MOL_1196799,CASMI_MOL_63330,63330,CCC(C)=NOCc1ccc(C)cc1,0.7261690880994469,binned_cosine_1Da,15,False,predicted_spectrum,9462
CASMI2022,iceberg,completed,12,12,26,CASMI_MOL_1196799,CASMI_MOL_59319,59319,COC1CN(C(C)c2ccccc2)C1,0.7237447276255293,binned_cosine_1Da,16,False,predicted_spectrum,9462
CASMI2022,iceberg,completed,12,12,26,CASMI_MOL_1196799,CASMI_MOL_58164,58164,CC(NC1CCC1O)c1ccccc1,0.7202437280282132,binned_cosine_1Da,17,False,predicted_spectrum,9462
CASMI2022,iceberg,completed,12,12,26,CASMI_MOL_1196799,CASMI_MOL_62847,62847,CCN(C(C)=O)C(C)c1ccccc1,0.7151734131299241,binned_cosine_1Da,18,False,predicted_spectrum,9462
CASMI2022,iceberg,completed,12,12,26,CASMI_MOL_1196799,CASMI_MOL_62848,62848,CCN(C(C)=O)C(C)c1ccccc1,0.7151734131299241,binned_cosine_1Da,19,False,predicted_spectrum,9462
CASMI2022,iceberg,completed,12,12,26,CASMI_MOL_1196799,CASMI_MOL_57735,57735,CC(C)C=NOC(C)c1ccccc1,0.7138211419279373,binned_cosine_1Da,20,False,predicted_spectrum,9462
CASMI2022,iceberg,completed,12,12,26,CASMI_MOL_1196799,CASMI_MOL_57687,57687,CCC(C)CNC(=O)c1ccccc1,0.711400455404972,binned_cosine_1Da,21,False,predicted_spectrum,9462
CASMI2022,iceberg,completed,12,12,26,CASMI_MOL_1196799,CASMI_MOL_58615,58615,CCC(C)CNC(=O)c1ccccc1,0.711400455404972,binned_cosine_1Da,22,False,predicted_spectrum,9462
CASMI2022,iceberg,completed,12,12,26,CASMI_MOL_1196799,CASMI_MOL_60756,60756,CC(=O)CCNCc1ccccc1C,0.711334290166463,binned_cosine_1Da,23,False,predicted_spectrum,9462
CASMI2022,iceberg,completed,12,12,26,CASMI_MOL_1196799,CASMI_MOL_63042,63042,Cc1cccc(CNC2(CO)CC2)c1,0.7097424130737314,binned_cosine_1Da,24,False,predicted_spectrum,9462
CASMI2022,iceberg,completed,12,12,26,CASMI_MOL_1196799,CASMI_MOL_57893,57893,CC(c1ccccc1)N1CC(O)C1C,0.7093993121047177,binned_cosine_1Da,25,False,predicted_spectrum,9462
CASMI2022,iceberg,completed,12,12,26,CASMI_MOL_1196799,CASMI_MOL_62224,62224,CC(c1ccccc1)N1CC(O)C1C,0.7093993121047177,binned_cosine_1Da,26,False,predicted_spectrum,9462
CASMI2022,iceberg,completed,12,12,26,CASMI_MOL_1196799,CASMI_MOL_63114,63114,Cc1ccc(CNCC2COC2)cc1,0.7084156228863728,binned_cosine_1Da,27,False,predicted_spectrum,9462
CASMI2022,iceberg,completed,12,12,26,CASMI_MOL_1196799,CASMI_MOL_59539,59539,Cc1ccc(CN2CCCOC2)cc1,0.70645521017841,binned_cosine_1Da,28,False,predicted_spectrum,9462
CASMI2022,iceberg,completed,12,12,26,CASMI_MOL_1196799,CASMI_MOL_59532,59532,CCOCC=NC(C)c1ccccc1,0.7037650176122372,binned_cosine_1Da,29,False,predicted_spectrum,9462
CASMI2022,iceberg,completed,12,12,26,CASMI_MOL_1196799,CASMI_MOL_60656,60656,Cc1ccccc1CNC1(CO)CC1,0.7020161492756216,binned_cosine_1Da,30,False,predicted_spectrum,9462
CASMI2022,iceberg,completed,12,12,26,CASMI_MOL_1196799,CASMI_MOL_56799,56799,CCC(C)=NOCc1ccccc1C,0.7010553026646407,binned_cosine_1Da,31,False,predicted_spectrum,9462
CASMI2022,iceberg,completed,12,12,26,CASMI_MOL_1196799,CASMI_MOL_57526,57526,Cc1ccc(CN2COC(C)C2)cc1,0.7003093829039647,binned_cosine_1Da,32,False,predicted_spectrum,9462
CASMI2022,iceberg,completed,12,12,26,CASMI_MOL_1196799,CASMI_MOL_58624,58624,CCCNC(=O)C(C)c1ccccc1,0.699910516107149,binned_cosine_1Da,33,False,predicted_spectrum,9462
CASMI2022,iceberg,completed,12,12,26,CASMI_MOL_1196799,CASMI_MOL_57264,57264,CC(c1ccccc1)N1CC(CO)C1,0.6989898501900857,binned_cosine_1Da,34,False,predicted_spectrum,9462
CASMI2022,iceberg,completed,12,12,26,CASMI_MOL_1196799,CASMI_MOL_58933,58933,Cc1ccccc1CNCCCC=O,0.696359427666406,binned_cosine_1Da,35,False,predicted_spectrum,9462
CASMI2022,iceberg,completed,12,12,26,CASMI_MOL_1196799,CASMI_MOL_60657,60657,Cc1ccc(CNC2(CO)CC2)cc1,0.6949640273417679,binned_cosine_1Da,36,False,predicted_spectrum,9462
CASMI2022,iceberg,completed,12,12,26,CASMI_MOL_1196799,CASMI_MOL_63329,63329,CCC(C)=NOCCc1ccccc1,0.6947906117131626,binned_cosine_1Da,37,False,predicted_spectrum,9462
CASMI2022,iceberg,completed,12,12,26,CASMI_MOL_1196799,CASMI_MOL_59566,59566,CCCC=NOCc1cccc(C)c1,0.6909987964399881,binned_cosine_1Da,38,False,predicted_spectrum,9462
CASMI2022,iceberg,completed,12,12,26,CASMI_MOL_1196799,CASMI_MOL_60755,60755,CC(=O)CCNCc1cccc(C)c1,0.6891941514145735,binned_cosine_1Da,39,False,predicted_spectrum,9462
CASMI2022,iceberg,completed,12,12,26,CASMI_MOL_1196799,CASMI_MOL_60591,60591,CC(NC1(CO)CC1)c1ccccc1,0.6868564185036032,binned_cosine_1Da,40,False,predicted_spectrum,9462
CASMI2022,iceberg,completed,12,12,26,CASMI_MOL_1196799,CASMI_MOL_55222,55222,CCC(C)N(C)C(=O)c1ccccc1,0.68178193524727,binned_cosine_1Da,41,False,predicted_spectrum,9462
CASMI2022,iceberg,completed,12,12,26,CASMI_MOL_1196799,CASMI_MOL_1196799,1196799,CC(C)NC(=O)CCc1ccccc1,0.6800015760622599,binned_cosine_1Da,42,True,predicted_spectrum,9462
CASMI2022,iceberg,completed,12,12,26,CASMI_MOL_1196799,CASMI_MOL_59443,59443,COCC1CN1CCc1ccccc1,0.6728666137602426,binned_cosine_1Da,43,False,predicted_spectrum,9462
CASMI2022,iceberg,completed,12,12,26,CASMI_MOL_1196799,CASMI_MOL_59382,59382,Cc1ccc(CNCC2CCO2)cc1,0.6704115950760029,binned_cosine_1Da,44,False,predicted_spectrum,9462
CASMI2022,iceberg,completed,12,12,26,CASMI_MOL_1196799,CASMI_MOL_58293,58293,Cc1cccc(CNC2CCC2O)c1,0.6698733636731565,binned_cosine_1Da,45,False,predicted_spectrum,9462
CASMI2022,iceberg,completed,12,12,26,CASMI_MOL_1196799,CASMI_MOL_59006,59006,Cc1cccc(CNC2CCC2O)c1,0.6698733636731565,binned_cosine_1Da,46,False,predicted_spectrum,9462
CASMI2022,iceberg,completed,12,12,26,CASMI_MOL_1196799,CASMI_MOL_59567,59567,Cc1ccc(CON=CC(C)C)cc1,0.6697454260998308,binned_cosine_1Da,47,False,predicted_spectrum,9462
CASMI2022,iceberg,completed,12,12,26,CASMI_MOL_1196799,CASMI_MOL_59564,59564,Cc1ccccc1CON=CC(C)C,0.6683809637669417,binned_cosine_1Da,48,False,predicted_spectrum,9462
CASMI2022,iceberg,completed,12,12,26,CASMI_MOL_1196799,CASMI_MOL_59568,59568,CCCC=NOCc1ccccc1C,0.6670157547792961,binned_cosine_1Da,49,False,predicted_spectrum,9462
CASMI2022,iceberg,completed,12,12,26,CASMI_MOL_1196799,CASMI_MOL_57525,57525,Cc1ccccc1CN1COC(C)C1,0.6648326230716186,binned_cosine_1Da,50,False,predicted_spectrum,9462
CASMI2022,iceberg,completed,12,12,26,CASMI_MOL_1196799,CASMI_MOL_64386,64386,Cc1ccc(COC2(C)CNC2)cc1,0.65732371645591,binned_cosine_1Da,51,False,predicted_spectrum,9462
CASMI2022,iceberg,completed,12,12,26,CASMI_MOL_1196799,CASMI_MOL_63130,63130,CC(CC=O)NCCc1ccccc1,0.6562131434269171,binned_cosine_1Da,52,False,predicted_spectrum,9462
CASMI2022,iceberg,completed,12,12,26,CASMI_MOL_1196799,CASMI_MOL_58053,58053,Cc1ccc(CNC2CCC2O)cc1,0.6551600132328879,binned_cosine_1Da,53,False,predicted_spectrum,9462
CASMI2022,iceberg,completed,12,12,26,CASMI_MOL_1196799,CASMI_MOL_55305,55305,CCN(C)C(=O)Cc1ccc(C)cc1,0.6523831522273725,binned_cosine_1Da,54,False,predicted_spectrum,9462
CASMI2022,iceberg,completed,12,12,26,CASMI_MOL_1196799,CASMI_MOL_58148,58148,Cc1ccccc1CNC1CCC1O,0.6510104323800862,binned_cosine_1Da,55,False,predicted_spectrum,9462
CASMI2022,iceberg,completed,12,12,26,CASMI_MOL_1196799,CASMI_MOL_59011,59011,Cc1ccccc1CNC1CCC1O,0.6510104323800862,binned_cosine_1Da,56,False,predicted_spectrum,9462
CASMI2022,iceberg,completed,12,12,26,CASMI_MOL_1196799,CASMI_MOL_57739,57739,CC(c1ccccc1)[N+]1([O-])CCCC1,0.6500736222156553,binned_cosine_1Da,57,False,predicted_spectrum,9462
CASMI2022,iceberg,completed,12,12,26,CASMI_MOL_1196799,CASMI_MOL_57939,57939,Cc1cccc(CN(C)C2COC2)c1,0.6495160068583427,binned_cosine_1Da,58,False,predicted_spectrum,9462
CASMI2022,iceberg,completed,12,12,26,CASMI_MOL_1196799,CASMI_MOL_60899,60899,Cc1ccc(COCC2CNC2)cc1,0.6450289434951683,binned_cosine_1Da,59,False,predicted_spectrum,9462
CASMI2022,iceberg,completed,12,12,26,CASMI_MOL_1196799,CASMI_MOL_60379,60379,CC(C)C(N)CC(=O)c1ccccc1,0.6443141687618569,binned_cosine_1Da,60,False,predicted_spectrum,9462
CASMI2022,iceberg,completed,12,12,26,CASMI_MOL_1196799,CASMI_MOL_59551,59551,CCCN(C=O)CCc1ccccc1,0.6422824325628781,binned_cosine_1Da,61,False,predicted_spectrum,9462
CASMI2022,iceberg,completed,12,12,26,CASMI_MOL_1196799,CASMI_MOL_55306,55306,C#CC(C=CC1CC1)N1CCOCC1,0.6408540721680438,binned_cosine_1Da,62,False,predicted_spectrum,9462
CASMI2022,iceberg,completed,12,12,26,CASMI_MOL_1196799,CASMI_MOL_63060,63060,Cc1ccccc1CN1CCCOC1,0.6389847451378877,binned_cosine_1Da,63,False,predicted_spectrum,9462
CASMI2022,iceberg,completed,12,12,26,CASMI_MOL_1196799,CASMI_MOL_60721,60721,CC(OC1CCNC1)c1ccccc1,0.6373050863024721,binned_cosine_1Da,64,False,predicted_spectrum,9462
CASMI2022,iceberg,completed,12,12,26,CASMI_MOL_1196799,CASMI_MOL_60722,60722,CC(OC1CCNC1)c1ccccc1,0.6373050863024721,binned_cosine_1Da,65,False,predicted_spectrum,9462
CASMI2022,iceberg,completed,12,12,26,CASMI_MOL_1196799,CASMI_MOL_62604,62604,CC(OC1CCNC1)c1ccccc1,0.6373050863024721,binned_cosine_1Da,66,False,predicted_spectrum,9462
CASMI2022,iceberg,completed,12,12,26,CASMI_MOL_1196799,CASMI_MOL_62605,62605,CC(OC1CCNC1)c1ccccc1,0.6373050863024721,binned_cosine_1Da,67,False,predicted_spectrum,9462
CASMI2022,iceberg,completed,12,12,26,CASMI_MOL_1196799,CASMI_MOL_62606,62606,CC(OC1CCNC1)c1ccccc1,0.6373050863024721,binned_cosine_1Da,68,False,predicted_spectrum,9462
CASMI2022,iceberg,completed,12,12,26,CASMI_MOL_1196799,CASMI_MOL_62607,62607,CC(OC1CCNC1)c1ccccc1,0.6373050863024721,binned_cosine_1Da,69,False,predicted_spectrum,9462
CASMI2022,iceberg,completed,12,12,26,CASMI_MOL_1196799,CASMI_MOL_60897,60897,Cc1ccccc1COCC1CCN1,0.6372014181461446,binned_cosine_1Da,70,False,predicted_spectrum,9462
CASMI2022,iceberg,completed,12,12,26,CASMI_MOL_1196799,CASMI_MOL_59569,59569,Cc1cccc(CON=CC(C)C)c1,0.6307929161679466,binned_cosine_1Da,71,False,predicted_spectrum,9462
CASMI2022,iceberg,completed,12,12,26,CASMI_MOL_1196799,CASMI_MOL_60377,60377,CCCC(N)CC(=O)c1ccccc1,0.6302302002479305,binned_cosine_1Da,72,False,predicted_spectrum,9462
CASMI2022,iceberg,completed,12,12,26,CASMI_MOL_1196799,CASMI_MOL_64227,64227,Cc1ccccc1CC1(O)CN(C)C1,0.6283969336749267,binned_cosine_1Da,73,False,predicted_spectrum,9462
CASMI2022,iceberg,completed,12,12,26,CASMI_MOL_1196799,CASMI_MOL_64382,64382,CC(OC1(C)CNC1)c1ccccc1,0.626389591947639,binned_cosine_1Da,74,False,predicted_spectrum,9462
CASMI2022,iceberg,completed,12,12,26,CASMI_MOL_1196799,CASMI_MOL_62071,62071,C=C(CN)COC(C)c1ccccc1,0.6234353616573634,binned_cosine_1Da,75,False,predicted_spectrum,9462
CASMI2022,iceberg,completed,12,12,26,CASMI_MOL_1196799,CASMI_MOL_62332,62332,CC(NC1(O)CC1C)c1ccccc1,0.6221190583274058,binned_cosine_1Da,76,False,predicted_spectrum,9462
CASMI2022,iceberg,completed,12,12,26,CASMI_MOL_1196799,CASMI_MOL_62333,62333,CC(NC1(O)CC1C)c1ccccc1,0.6221190583274058,binned_cosine_1Da,77,False,predicted_spectrum,9462
CASMI2022,iceberg,completed,12,12,26,CASMI_MOL_1196799,CASMI_MOL_56102,56102,CCN(C)C(=O)C(C)c1ccccc1,0.6200026271662449,binned_cosine_1Da,78,False,predicted_spectrum,9462
CASMI2022,iceberg,completed,12,12,26,CASMI_MOL_1196799,CASMI_MOL_60896,60896,Cc1ccc(COCC2CCN2)cc1,0.6169094265236502,binned_cosine_1Da,79,False,predicted_spectrum,9462
CASMI2022,iceberg,completed,12,12,26,CASMI_MOL_1196799,CASMI_MOL_60532,60532,OCC1(NCCc2ccccc2)CC1,0.6163707740137472,binned_cosine_1Da,80,False,predicted_spectrum,9462
CASMI2022,iceberg,completed,12,12,26,CASMI_MOL_1196799,CASMI_MOL_56944,56944,Cc1cccc(COCC=CCN)c1,0.6156822509787135,binned_cosine_1Da,81,False,predicted_spectrum,9462
CASMI2022,iceberg,completed,12,12,26,CASMI_MOL_1196799,CASMI_MOL_64384,64384,Cc1ccccc1COC1(C)CNC1,0.6154553091848742,binned_cosine_1Da,82,False,predicted_spectrum,9462
CASMI2022,iceberg,completed,12,12,26,CASMI_MOL_1196799,CASMI_MOL_57433,57433,C=C(OCCCCN)c1ccccc1,0.6071543460091542,binned_cosine_1Da,83,False,predicted_spectrum,9462
CASMI2022,iceberg,completed,12,12,26,CASMI_MOL_1196799,CASMI_MOL_60444,60444,CNC(C)C(=O)Cc1ccccc1C,0.6070423125364327,binned_cosine_1Da,84,False,predicted_spectrum,9462
CASMI2022,iceberg,completed,12,12,26,CASMI_MOL_1196799,CASMI_MOL_62976,62976,C=C(OC)N(C)CCc1ccccc1,0.6062898825741567,binned_cosine_1Da,85,False,predicted_spectrum,9462
CASMI2022,iceberg,completed,12,12,26,CASMI_MOL_1196799,CASMI_MOL_62362,62362,COCC(C)=NC(C)c1ccccc1,0.6059290000491122,binned_cosine_1Da,86,False,predicted_spectrum,9462
CASMI2022,iceberg,completed,12,12,26,CASMI_MOL_1196799,CASMI_MOL_63132,63132,CC(C=O)CNCCc1ccccc1,0.6054303243581896,binned_cosine_1Da,87,False,predicted_spectrum,9462
CASMI2022,iceberg,completed,12,12,26,CASMI_MOL_1196799,CASMI_MOL_62880,62880,CCN(C)C(=O)CCc1ccccc1,0.604288236742473,binned_cosine_1Da,88,False,predicted_spectrum,9462
CASMI2022,iceberg,completed,12,12,26,CASMI_MOL_1196799,CASMI_MOL_60014,60014,CC1(C)CNC(C)(c2ccccc2)O1,0.603618163500162,binned_cosine_1Da,89,False,predicted_spectrum,9462
CASMI2022,iceberg,completed,12,12,26,CASMI_MOL_1196799,CASMI_MOL_64383,64383,Cc1cccc(COC2(C)CNC2)c1,0.6016768458325683,binned_cosine_1Da,90,False,predicted_spectrum,9462
CASMI2022,iceberg,completed,12,12,26,CASMI_MOL_1196799,CASMI_MOL_60463,60463,CCNCC(=O)Cc1ccccc1C,0.60026723281067,binned_cosine_1Da,91,False,predicted_spectrum,9462
CASMI2022,iceberg,completed,12,12,26,CASMI_MOL_1196799,CASMI_MOL_60431,60431,CC(C)(N)CCC(=O)c1ccccc1,0.5959773334843842,binned_cosine_1Da,92,False,predicted_spectrum,9462
CASMI2022,iceberg,completed,12,12,26,CASMI_MOL_1196799,CASMI_MOL_58937,58937,CCC1(c2ccccc2)NC(C)CO1,0.5953377328931946,binned_cosine_1Da,93,False,predicted_spectrum,9462
CASMI2022,iceberg,completed,12,12,26,CASMI_MOL_1196799,CASMI_MOL_62925,62925,CC(CCN)CC(=O)c1ccccc1,0.5949001966838903,binned_cosine_1Da,94,False,predicted_spectrum,9462
CASMI2022,iceberg,completed,12,12,26,CASMI_MOL_1196799,CASMI_MOL_64385,64385,CC1(OCCc2ccccc2)CNC1,0.5948619078933696,binned_cosine_1Da,95,False,predicted_spectrum,9462
CASMI2022,iceberg,completed,12,12,26,CASMI_MOL_1196799,CASMI_MOL_60474,60474,CC(C)(N)C(=O)CCc1ccccc1,0.5945457519637012,binned_cosine_1Da,96,False,predicted_spectrum,9462
CASMI2022,iceberg,completed,12,12,26,CASMI_MOL_1196799,CASMI_MOL_60464,60464,CCNCC(=O)Cc1cccc(C)c1,0.5928094539628942,binned_cosine_1Da,97,False,predicted_spectrum,9462
CASMI2022,iceberg,completed,12,12,26,CASMI_MOL_1196799,CASMI_MOL_60446,60446,CNC(C)C(=O)Cc1ccc(C)cc1,0.5913117922925952,binned_cosine_1Da,98,False,predicted_spectrum,9462
CASMI2022,iceberg,completed,12,12,26,CASMI_MOL_1196799,CASMI_MOL_63153,63153,CNC(C)C(=O)Cc1ccc(C)cc1,0.5913117922925952,binned_cosine_1Da,99,False,predicted_spectrum,9462
CASMI2022,iceberg,completed,12,12,26,CASMI_MOL_1196799,CASMI_MOL_60900,60900,Cc1ccccc1COCC1CNC1,0.5894377893710676,binned_cosine_1Da,100,False,predicted_spectrum,9462
CASMI2022,iceberg,completed,15,15,34,CASMI_MOL_1196802,CASMI_MOL_73229,73229,O=C(CCN1CCC1)N1CCN(CCCN2c3ccccc3Sc3ccc(C(F)(F)F)cc32)CC1,0.4225109090520411,binned_cosine_1Da,1,False,predicted_spectrum,4775
CASMI2022,iceberg,completed,15,15,34,CASMI_MOL_1196802,CASMI_MOL_70200,70200,CCCc1nn(C)c2c(=O)[nH]c(-c3cc(S(=O)(=O)N4CC(N(C)CCO)C4)ccc3OCC)nc12,0.3831607067393603,binned_cosine_1Da,2,False,predicted_spectrum,4775
CASMI2022,iceberg,completed,15,15,34,CASMI_MOL_1196802,CASMI_MOL_71112,71112,CCCc1nn(C)c2c(=O)[nH]c(-c3cc(S(=O)(=O)N4CCN(CCO)CC4)ccc3OCC)nc12,0.3531359060745967,binned_cosine_1Da,3,False,predicted_spectrum,4775
CASMI2022,iceberg,completed,15,15,34,CASMI_MOL_1196802,CASMI_MOL_72304,72304,CCCc1nn(C)c2c(=O)[nH]c(-c3cc(S(=O)(=O)N4CCN(CCO)CC4)ccc3OCC)nc12,0.3531359060745967,binned_cosine_1Da,4,False,predicted_spectrum,4775
CASMI2022,iceberg,completed,15,15,34,CASMI_MOL_1196802,CASMI_MOL_1196802,1196802,CCCc1nn(C)c2c(=O)[nH]c(-c3cc(S(=O)(=O)N4CCN(CCO)CC4)ccc3OCC)nc12,0.3531359060745967,binned_cosine_1Da,5,True,predicted_spectrum,4775
CASMI2022,iceberg,completed,15,15,34,CASMI_MOL_1196802,CASMI_MOL_71107,71107,CCCc1nc(C)c2c(=O)[nH]c(-c3cc(S(=O)(=O)N4CCN(CCO)CC4)ccc3OCC)nn12,0.3441879817383589,binned_cosine_1Da,6,False,predicted_spectrum,4775
CASMI2022,iceberg,completed,15,15,34,CASMI_MOL_1196802,CASMI_MOL_70195,70195,CCCc1nc(C)c2c(=O)[nH]c(-c3cc(S(=O)(=O)N4CC(N(C)CCO)C4)ccc3OCC)nn12,0.3412930388968096,binned_cosine_1Da,7,False,predicted_spectrum,4775
CASMI2022,iceberg,completed,15,15,34,CASMI_MOL_1196802,CASMI_MOL_69698,69698,CCCc1nn(C)c2c(=O)[nH]c(-c3cc(S(=O)(=O)NC4CN(CCOC)C4)ccc3OCC)nc12,0.3406121027894956,binned_cosine_1Da,8,False,predicted_spectrum,4775
CASMI2022,iceberg,completed,15,15,34,CASMI_MOL_1196802,CASMI_MOL_71567,71567,O=S(=O)(c1ccc2c(c1)OCCCO2)N1CCN(c2ccc(N3CCN(CCO)CC3)nn2)CC1,0.3386933882916077,binned_cosine_1Da,9,False,predicted_spectrum,4775
CASMI2022,iceberg,completed,15,15,34,CASMI_MOL_1196802,CASMI_MOL_69853,69853,COc1cc2c(Nc3nccs3)nc(N3CCC(F)(F)CC3)nc2cc1OCCCN1CCCC1,0.3358605350122026,binned_cosine_1Da,10,False,predicted_spectrum,4775
CASMI2022,iceberg,completed,15,15,34,CASMI_MOL_1196802,CASMI_MOL_71262,71262,CC(OC(=O)N1CCN(Cc2ccc(Cl)cc2N2CCC(C(=O)N(C)C)CC2)CC1)C(F)(F)F,0.3110258484299171,binned_cosine_1Da,11,False,predicted_spectrum,4775
CASMI2022,iceberg,completed,15,15,34,CASMI_MOL_1196802,CASMI_MOL_73054,73054,CCOC(=O)C(C(C)C)N(CCN1CCCCC1)S(=O)(=O)c1ccc(Sc2ccccc2)cc1,0.3107513685854579,binned_cosine_1Da,12,False,predicted_spectrum,4775
CASMI2022,iceberg,completed,15,15,34,CASMI_MOL_1196802,CASMI_MOL_69699,69699,CCCc1nc(C)c2c(=O)[nH]c(-c3cc(S(=O)(=O)NC4CN(CCOC)C4)ccc3OCC)nn12,0.3056957623991887,binned_cosine_1Da,13,False,predicted_spectrum,4775
CASMI2022,iceberg,completed,15,15,34,CASMI_MOL_1196802,CASMI_MOL_69700,69700,CCCc1nc(C)c2c(=O)[nH]c(-c3cc(S(=O)(=O)N4CC(NCCOC)C4)ccc3OCC)nn12,0.3031046339013876,binned_cosine_1Da,14,False,predicted_spectrum,4775
CASMI2022,iceberg,completed,15,15,34,CASMI_MOL_1196802,CASMI_MOL_70574,70574,C=CC(=CC=CC)C(C)(COC)OC(=C)C(=CC=CC=CSC=S)OCCC(C=C)CC=CF,0.2965147672478746,binned_cosine_1Da,15,False,predicted_spectrum,4775
CASMI2022,iceberg,completed,15,15,34,CASMI_MOL_1196802,CASMI_MOL_73665,73665,CCc1nc2cc(OCC(O)CN3CCN(CC(=O)Nc4cccc5ccccc45)CC3)ccc2s1,0.2959913230170258,binned_cosine_1Da,16,False,predicted_spectrum,4775
CASMI2022,iceberg,completed,15,15,34,CASMI_MOL_1196802,CASMI_MOL_69697,69697,CCCc1nn(C)c2c(=O)[nH]c(-c3cc(S(=O)(=O)N4CC(NCCOC)C4)ccc3OCC)nc12,0.2919032940365776,binned_cosine_1Da,17,False,predicted_spectrum,4775
CASMI2022,iceberg,completed,15,15,34,CASMI_MOL_1196802,CASMI_MOL_74161,74161,NC(=O)CCC(NC(=O)C(N)CO)C(=O)NC(CO)C(=O)NC(CO)C(=O)N1CCCC1C(=O)O,0.2905269864874899,binned_cosine_1Da,18,False,predicted_spectrum,4775
CASMI2022,iceberg,completed,15,15,34,CASMI_MOL_1196802,CASMI_MOL_70159,70159,CCCc1nn(C)c2c(=O)[nH]c(-c3cc(S(=O)(=O)NC4CN(CC(C)O)C4)ccc3OCC)nc12,0.2888228675222391,binned_cosine_1Da,19,False,predicted_spectrum,4775
CASMI2022,iceberg,completed,15,15,34,CASMI_MOL_1196802,CASMI_MOL_69854,69854,COc1cc2c(Nc3cscn3)nc(N3CCC(F)(F)CC3)nc2cc1OCCCN1CCCC1,0.2842812703427715,binned_cosine_1Da,20,False,predicted_spectrum,4775
CASMI2022,iceberg,completed,15,15,34,CASMI_MOL_1196802,CASMI_MOL_71022,71022,CCCc1c2[nH]c(-c3cc(S(=O)(=O)N4CCN(CCO)CC4)ccc3OCC)nc(=O)c2nn1C,0.2811428803514377,binned_cosine_1Da,21,False,predicted_spectrum,4775
CASMI2022,iceberg,completed,15,15,34,CASMI_MOL_1196802,CASMI_MOL_72982,72982,CCCOCC(O)COCC(O)C(F)(F)C(F)(F)C(F)(F)C(O)COCC(O)COCCC,0.2777911812659823,binned_cosine_1Da,22,False,predicted_spectrum,4775
CASMI2022,iceberg,completed,15,15,34,CASMI_MOL_1196802,CASMI_MOL_71111,71111,CCCc1nc(C)n2c(=O)[nH]c(-c3cc(S(=O)(=O)N4CCN(CCO)CC4)ccc3OCC)nc12,0.2774150940727345,binned_cosine_1Da,23,False,predicted_spectrum,4775
CASMI2022,iceberg,completed,15,15,34,CASMI_MOL_1196802,CASMI_MOL_70194,70194,CCCc1nc(C)c2c(=O)[nH]c(-c3cc(S(=O)(=O)N4CC(NCCCO)C4)ccc3OCC)nn12,0.2771428260098281,binned_cosine_1Da,24,False,predicted_spectrum,4775
CASMI2022,iceberg,completed,15,15,34,CASMI_MOL_1196802,CASMI_MOL_71464,71464,CC1(c2noc(-c3cccnc3)n2)CCN(C(=O)C2CCN(S(=O)(=O)N3CCOCC3)CC2)CC1,0.2744532404018612,binned_cosine_1Da,25,False,predicted_spectrum,4775
CASMI2022,iceberg,completed,15,15,34,CASMI_MOL_1196802,CASMI_MOL_73669,73669,COC(=O)C#CC(O)C(OCc1ccccc1)C(OCc1ccccc1)C(O)COCc1ccccc1,0.2735558312937387,binned_cosine_1Da,26,False,predicted_spectrum,4775
CASMI2022,iceberg,completed,15,15,34,CASMI_MOL_1196802,CASMI_MOL_73484,73484,NCCCCC(NC(=O)CNC(=O)C(CC(=O)O)NC(=O)CNC(=O)C(N)CCC(=O)O)C(=O)O,0.2721115954654111,binned_cosine_1Da,27,False,predicted_spectrum,4775
CASMI2022,iceberg,completed,15,15,34,CASMI_MOL_1196802,CASMI_MOL_73842,73842,NCCCCC(NC(=O)C(CC(=O)O)NC(=O)C(CC(=O)O)NC(=O)C(N)CCC(N)=O)C(=O)O,0.2706285736855553,binned_cosine_1Da,28,False,predicted_spectrum,4775
CASMI2022,iceberg,completed,15,15,34,CASMI_MOL_1196802,CASMI_MOL_70196,70196,CCCc1nc(C)c2c(=O)[nH]c(-c3cc(S(=O)(=O)NC4CN(CCCO)C4)ccc3OCC)nn12,0.2697439127099993,binned_cosine_1Da,29,False,predicted_spectrum,4775
CASMI2022,iceberg,completed,15,15,34,CASMI_MOL_1196802,CASMI_MOL_73836,73836,NCCCCC(NC(=O)C(N)CCC(N)=O)C(=O)NC(CC(=O)O)C(=O)NC(CC(=O)O)C(=O)O,0.2692577114133697,binned_cosine_1Da,30,False,predicted_spectrum,4775
CASMI2022,iceberg,completed,15,15,34,CASMI_MOL_1196802,CASMI_MOL_72279,72279,CCOc1cccc(-c2ccc3nc(-c4ccccc4)c(CN4CCN(S(=O)(=O)CC)CC4)n3c2)c1,0.2681740317490422,binned_cosine_1Da,31,False,predicted_spectrum,4775
CASMI2022,iceberg,completed,15,15,34,CASMI_MOL_1196802,CASMI_MOL_74151,74151,NC(=O)CCC(NC(=O)C(CO)NC(=O)C(CO)NC(=O)C(N)CO)C(=O)N1CCCC1C(=O)O,0.2647631375295272,binned_cosine_1Da,32,False,predicted_spectrum,4775
CASMI2022,iceberg,completed,15,15,34,CASMI_MOL_1196802,CASMI_MOL_71621,71621,C=CC1(C)CC(=O)C23OC(c4cccs4)OC4CCC(C)(C)C(C(O)C(OC(C)=O)C2(C)O1)C43C,0.2633491950789474,binned_cosine_1Da,33,False,predicted_spectrum,4775
CASMI2022,iceberg,completed,15,15,34,CASMI_MOL_1196802,CASMI_MOL_71053,71053,CCCc1nc(C)c2c(=O)[nH]c(-c3cc(S(=O)(=O)N4CCC(O)N(C)CC4)ccc3OCC)nn12,0.2613802652295081,binned_cosine_1Da,34,False,predicted_spectrum,4775
CASMI2022,iceberg,completed,15,15,34,CASMI_MOL_1196802,CASMI_MOL_70273,70273,Cc1nc(-c2c(Cl)nn(C)c2COC(=O)N(C)C2CCCC2)ccc1OC1CCCC(C(=O)O)C1,0.2567269001326478,binned_cosine_1Da,35,False,predicted_spectrum,4775
CASMI2022,iceberg,completed,15,15,34,CASMI_MOL_1196802,CASMI_MOL_71465,71465,CC1(c2noc(-c3ccccn3)n2)CCN(C(=O)C2CCN(S(=O)(=O)N3CCOCC3)CC2)CC1,0.2553045109667002,binned_cosine_1Da,36,False,predicted_spectrum,4775
CASMI2022,iceberg,completed,15,15,34,CASMI_MOL_1196802,CASMI_MOL_70624,70624,CC(C)(C)C(C=O)Cn1c(=O)cnn(-c2ccc(Cl)c(C(=O)NCC3(O)CCCCCC3)c2)c1=O,0.2547320790654054,binned_cosine_1Da,37,False,predicted_spectrum,4775
CASMI2022,iceberg,completed,15,15,34,CASMI_MOL_1196802,CASMI_MOL_73684,73684,Cn1c(=O)c2c(ncn2CC(O)CN2CCN(CC(O)C[S+]([O-])c3ccccc3)CC2)n(C)c1=O,0.2544666188097649,binned_cosine_1Da,38,False,predicted_spectrum,4775
CASMI2022,iceberg,completed,15,15,34,CASMI_MOL_1196802,CASMI_MOL_73886,73886,NCCCCC(NC(=O)C(CCC(N)=O)NC(=O)C(CC(=O)O)NC(=O)C(N)CC(=O)O)C(=O)O,0.2544424623587187,binned_cosine_1Da,39,False,predicted_spectrum,4775
CASMI2022,iceberg,completed,15,15,34,CASMI_MOL_1196802,CASMI_MOL_73463,73463,CS(=O)(=O)N1CCN(C(=O)C2CCNCC2)C(C(=O)NC(Cc2c[nH]c3ccccc23)C(N)=O)C1,0.2538087262228326,binned_cosine_1Da,40,False,predicted_spectrum,4775
CASMI2022,iceberg,completed,15,15,34,CASMI_MOL_1196802,CASMI_MOL_70201,70201,CCCc1nn(C)c2c(=O)[nH]c(-c3cc(S(=O)(=O)NC4CN(CCCO)C4)ccc3OCC)nc12,0.2530263804330363,binned_cosine_1Da,41,False,predicted_spectrum,4775
CASMI2022,iceberg,completed,15,15,34,CASMI_MOL_1196802,CASMI_MOL_73868,73868,NCCCCC(NC(=O)C(CC(N)=O)NC(=O)C(CC(=O)O)NC(=O)C(N)CCC(=O)O)C(=O)O,0.2519927786714925,binned_cosine_1Da,42,False,predicted_spectrum,4775
CASMI2022,iceberg,completed,15,15,34,CASMI_MOL_1196802,CASMI_MOL_73992,73992,Cn1c(=O)c2c(ncn2CC(O)CN2CCN(CCCS(=O)(=O)c3ccccc3)CC2)n(C)c1=O,0.2483165060849772,binned_cosine_1Da,43,False,predicted_spectrum,4775
CASMI2022,iceberg,completed,15,15,34,CASMI_MOL_1196802,CASMI_MOL_73882,73882,NCCCCC(NC(=O)C(CC(=O)O)NC(=O)C(CCC(N)=O)NC(=O)C(N)CC(=O)O)C(=O)O,0.2467015251568229,binned_cosine_1Da,44,False,predicted_spectrum,4775
CASMI2022,iceberg,completed,15,15,34,CASMI_MOL_1196802,CASMI_MOL_73683,73683,Cc1cccc(S(=O)(=O)CCN2CCN(CC(O)Cn3cnc4c3c(=O)n(C)c(=O)n4C)CC2)c1,0.2454290048246603,binned_cosine_1Da,45,False,predicted_spectrum,4775
CASMI2022,iceberg,completed,15,15,34,CASMI_MOL_1196802,CASMI_MOL_73884,73884,NCCCCC(NC(=O)C(CC(N)=O)NC(=O)C(CCC(=O)O)NC(=O)C(N)CC(=O)O)C(=O)O,0.2452225426755067,binned_cosine_1Da,46,False,predicted_spectrum,4775
CASMI2022,iceberg,completed,15,15,34,CASMI_MOL_1196802,CASMI_MOL_70199,70199,CCCc1nn(C)c2c(=O)[nH]c(-c3cc(S(=O)(=O)N4CC(NCCCO)C4)ccc3OCC)nc12,0.2440388850847892,binned_cosine_1Da,47,False,predicted_spectrum,4775
CASMI2022,iceberg,completed,15,15,34,CASMI_MOL_1196802,CASMI_MOL_73870,73870,NCCCCC(NC(=O)C(CC(=O)O)NC(=O)C(CC(N)=O)NC(=O)C(N)CCC(=O)O)C(=O)O,0.243538357229842,binned_cosine_1Da,48,False,predicted_spectrum,4775
CASMI2022,iceberg,completed,15,15,34,CASMI_MOL_1196802,CASMI_MOL_74271,74271,CC(C)(C)c1ccc2c(c1)N(Cc1nc(C(=O)N3CCN(Cc4ccccc4)CC3)cs1)C(=O)CO2,0.2427642207429575,binned_cosine_1Da,49,False,predicted_spectrum,4775
CASMI2022,iceberg,completed,15,15,34,CASMI_MOL_1196802,CASMI_MOL_74069,74069,CC(O)C(NC(=O)C(CO)NC(=O)C(CC(N)=O)NC(=O)C(CO)NC(=O)C1CCCN1)C(=O)O,0.2427550061775314,binned_cosine_1Da,50,False,predicted_spectrum,4775
CASMI2022,iceberg,completed,15,15,34,CASMI_MOL_1196802,CASMI_MOL_73888,73888,NCCCCC(NC(=O)C(CCC(=O)O)NC(=O)C(CC(N)=O)NC(=O)C(N)CC(=O)O)C(=O)O,0.2421274375647562,binned_cosine_1Da,51,False,predicted_spectrum,4775
CASMI2022,iceberg,completed,15,15,34,CASMI_MOL_1196802,CASMI_MOL_69718,69718,CC12CC(NC(=O)c3c(O)c4cc(-c5ccc(F)cc5)cnc4n(CCN4CC5(COC5)C4)c3=O)(C1)C2,0.2418433187014012,binned_cosine_1Da,52,False,predicted_spectrum,4775
CASMI2022,iceberg,completed,15,15,34,CASMI_MOL_1196802,CASMI_MOL_70869,70869,CC1CC(COP(NCC(=O)OC2CCCCC2)Oc2ccccc2)OC1n1ccc(N)nc1=O,0.2414896814927633,binned_cosine_1Da,53,False,predicted_spectrum,4775
CASMI2022,iceberg,completed,15,15,34,CASMI_MOL_1196802,CASMI_MOL_70001,70001,CS(=O)(=O)N1CCN(C(=O)C2CCNCC2)CC1C(=O)NC(Cc1c[nH]c2ccccc12)C(N)=O,0.2413601443703491,binned_cosine_1Da,54,False,predicted_spectrum,4775
CASMI2022,iceberg,completed,15,15,34,CASMI_MOL_1196802,CASMI_MOL_73462,73462,CS(=O)(=O)N1CCN(C(=O)C2CCNCC2)CC1C(=O)NC(Cc1c[nH]c2ccccc12)C(N)=O,0.2413601443703491,binned_cosine_1Da,55,False,predicted_spectrum,4775
CASMI2022,iceberg,completed,15,15,34,CASMI_MOL_1196802,CASMI_MOL_70700,70700,CN1CCN(C(=O)c2noc(C(CCCC3CCCCC3)CC(=O)OOC(=O)C(F)(F)F)n2)CC1,0.2401401892007639,binned_cosine_1Da,56,False,predicted_spectrum,4775
CASMI2022,iceberg,completed,15,15,34,CASMI_MOL_1196802,CASMI_MOL_70800,70800,CCCCC(NC(=O)CCC(C)CNC(=O)COc1ccccc1)C(=O)CSCc1ccsc1,0.2391909404651455,binned_cosine_1Da,57,False,predicted_spectrum,4775
CASMI2022,iceberg,completed,15,15,34,CASMI_MOL_1196802,CASMI_MOL_73861,73861,NCCCCC(N)C(=O)NC(CC(=O)O)C(=O)NC(CC(=O)O)C(=O)NC(CCC(N)=O)C(=O)O,0.2383072160423249,binned_cosine_1Da,58,False,predicted_spectrum,4775
CASMI2022,iceberg,completed,15,15,34,CASMI_MOL_1196802,CASMI_MOL_73071,73071,CCOc1ccccc1N1CCN(S(=O)(=O)c2nn(C)cc2C(=O)N2CCC(C(N)=O)CC2)CC1,0.2374657968930393,binned_cosine_1Da,59,False,predicted_spectrum,4775
CASMI2022,iceberg,completed,15,15,34,CASMI_MOL_1196802,CASMI_MOL_74066,74066,CCC(CC)(c1ccc(OCC2(O)CCCC2)c(C)c1)c1ccc(OS(=O)(=O)CC(=O)O)c(C)c1,0.2371177574459797,binned_cosine_1Da,60,False,predicted_spectrum,4775
CASMI2022,iceberg,completed,15,15,34,CASMI_MOL_1196802,CASMI_MOL_71045,71045,CCCc1nn(C)c2c(=O)[nH]c(-c3cc(S(=O)(=O)NCCN4CCOCC4)ccc3OCC)nc12,0.2352942891409848,binned_cosine_1Da,61,False,predicted_spectrum,4775
CASMI2022,iceberg,completed,15,15,34,CASMI_MOL_1196802,CASMI_MOL_71435,71435,CC1CC(C)CN(S(=O)(=O)c2ccc(-c3ccc(S(=O)(=O)N4CC(C)CC(C)C4)cc3)cc2)C1,0.2351022580471712,binned_cosine_1Da,62,False,predicted_spectrum,4775
CASMI2022,iceberg,completed,15,15,34,CASMI_MOL_1196802,CASMI_MOL_73096,73096,CC1CC(C)CN(S(=O)(=O)c2ccc(-c3ccc(S(=O)(=O)N4CC(C)CC(C)C4)cc3)cc2)C1,0.2351022580471712,binned_cosine_1Da,63,False,predicted_spectrum,4775
CASMI2022,iceberg,completed,15,15,34,CASMI_MOL_1196802,CASMI_MOL_73138,73138,CC1CC(C)CN(S(=O)(=O)c2ccc(-c3ccc(S(=O)(=O)N4CC(C)CC(C)C4)cc3)cc2)C1,0.2351022580471712,binned_cosine_1Da,64,False,predicted_spectrum,4775
CASMI2022,iceberg,completed,15,15,34,CASMI_MOL_1196802,CASMI_MOL_73139,73139,CC1CC(C)CN(S(=O)(=O)c2ccc(-c3ccc(S(=O)(=O)N4CC(C)CC(C)C4)cc3)cc2)C1,0.2351022580471712,binned_cosine_1Da,65,False,predicted_spectrum,4775
CASMI2022,iceberg,completed,15,15,34,CASMI_MOL_1196802,CASMI_MOL_73547,73547,CC1CC(C)CN(S(=O)(=O)c2ccc(-c3ccc(S(=O)(=O)N4CC(C)CC(C)C4)cc3)cc2)C1,0.2351022580471712,binned_cosine_1Da,66,False,predicted_spectrum,4775
CASMI2022,iceberg,completed,15,15,34,CASMI_MOL_1196802,CASMI_MOL_73841,73841,NCCCCC(NC(=O)C(CC(=O)O)NC(=O)C(N)CCC(N)=O)C(=O)NC(CC(=O)O)C(=O)O,0.2344141631511387,binned_cosine_1Da,67,False,predicted_spectrum,4775
CASMI2022,iceberg,completed,15,15,34,CASMI_MOL_1196802,CASMI_MOL_73381,73381,CC1(C)CC(N(CCN(C(=O)c2cccs2)C2CCOC(C)(C)C2)C(=O)c2cccs2)CCO1,0.2341959432301768,binned_cosine_1Da,68,False,predicted_spectrum,4775
CASMI2022,iceberg,completed,15,15,34,CASMI_MOL_1196802,CASMI_MOL_73389,73389,CC1(C)CC(N(CCN(C(=O)c2cccs2)C2CCOC(C)(C)C2)C(=O)c2cccs2)CCO1,0.2341959432301768,binned_cosine_1Da,69,False,predicted_spectrum,4775
CASMI2022,iceberg,completed,15,15,34,CASMI_MOL_1196802,CASMI_MOL_73390,73390,CC1(C)CC(N(CCN(C(=O)c2cccs2)C2CCOC(C)(C)C2)C(=O)c2cccs2)CCO1,0.2341959432301768,binned_cosine_1Da,70,False,predicted_spectrum,4775
CASMI2022,iceberg,completed,15,15,34,CASMI_MOL_1196802,CASMI_MOL_73391,73391,CC1(C)CC(N(CCN(C(=O)c2cccs2)C2CCOC(C)(C)C2)C(=O)c2cccs2)CCO1,0.2341959432301768,binned_cosine_1Da,71,False,predicted_spectrum,4775
CASMI2022,iceberg,completed,15,15,34,CASMI_MOL_1196802,CASMI_MOL_71242,71242,Cc1cc(OCC2(CC(=O)N3CCOCC3)CN(C(=O)CCn3ccnc3C)CCO2)ccc1Cl,0.2324321529074228,binned_cosine_1Da,72,False,predicted_spectrum,4775
CASMI2022,iceberg,completed,15,15,34,CASMI_MOL_1196802,CASMI_MOL_71326,71326,Cc1cc(OCC2(CC(=O)N3CCOCC3)CN(C(=O)CCn3ccnc3C)CCO2)ccc1Cl,0.2324321529074228,binned_cosine_1Da,73,False,predicted_spectrum,4775
CASMI2022,iceberg,completed,15,15,34,CASMI_MOL_1196802,CASMI_MOL_71327,71327,Cc1cc(OCC2(CC(=O)N3CCOCC3)CN(C(=O)CCn3ccnc3C)CCO2)ccc1Cl,0.2324321529074228,binned_cosine_1Da,74,False,predicted_spectrum,4775
CASMI2022,iceberg,completed,15,15,34,CASMI_MOL_1196802,CASMI_MOL_71054,71054,CCCc1nn(C)c2c(=O)[nH]c(-c3cc(S(=O)(=O)N4CCC(O)N(C)CC4)ccc3OCC)nc12,0.2321100603576064,binned_cosine_1Da,75,False,predicted_spectrum,4775
CASMI2022,iceberg,completed,15,15,34,CASMI_MOL_1196802,CASMI_MOL_74037,74037,CN(C)Cc1ccc(C2=CCC(N(CCN3CCCC3)C(=O)Nc3ccc(F)c(Cl)c3)CC2)s1,0.2315799583227962,binned_cosine_1Da,76,False,predicted_spectrum,4775
CASMI2022,iceberg,completed,15,15,34,CASMI_MOL_1196802,CASMI_MOL_70651,70651,CN(C(=O)C(Cc1ccc(C(=N)N)cc1)NS(=O)(=O)c1ccc(-c2ccccc2)cc1)C1CCCC1,0.2313614750489162,binned_cosine_1Da,77,False,predicted_spectrum,4775
CASMI2022,iceberg,completed,15,15,34,CASMI_MOL_1196802,CASMI_MOL_73711,73711,CCCCOc1ccc(OC(=O)c2ccc(OC(=O)c3ccc(OCC4(CC)COC4)cc3)cc2)cc1,0.23114070295298,binned_cosine_1Da,78,False,predicted_spectrum,4775
CASMI2022,iceberg,completed,15,15,34,CASMI_MOL_1196802,CASMI_MOL_70802,70802,CCCCC(NC(=O)C(CC(C)C)NC(=O)OCc1ccccc1)C(=O)CSCc1ccsc1,0.2294674647637487,binned_cosine_1Da,79,False,predicted_spectrum,4775
CASMI2022,iceberg,completed,15,15,34,CASMI_MOL_1196802,CASMI_MOL_71002,71002,CCCc1nn(C)c2c(=O)[nH]c(-c3cc(S(=O)(=O)N4CCC[N+](C)([O-])CC4)ccc3OCC)nc12,0.2293696836259231,binned_cosine_1Da,80,False,predicted_spectrum,4775
CASMI2022,iceberg,completed,15,15,34,CASMI_MOL_1196802,CASMI_MOL_71013,71013,CCCc1nc(C)c2c(=O)[nH]c(-c3cc(S(=O)(=O)N4CCN(C(C)O)CC4)ccc3OCC)nn12,0.2264507657223035,binned_cosine_1Da,81,False,predicted_spectrum,4775
CASMI2022,iceberg,completed,15,15,34,CASMI_MOL_1196802,CASMI_MOL_74024,74024,CC1(OCc2ccccc2)OC2C(=O)COC(OCc3ccccc3)C2OC1(C)OCc1ccccc1,0.2260478663863458,binned_cosine_1Da,82,False,predicted_spectrum,4775
CASMI2022,iceberg,completed,15,15,34,CASMI_MOL_1196802,CASMI_MOL_70237,70237,CCCc1nn(C)c2c(=O)[nH]c(-c3cc(S(=O)(=O)N4CC[N+]([O-])(CC)CC4)ccc3OCC)nc12,0.225791951222853,binned_cosine_1Da,83,False,predicted_spectrum,4775
CASMI2022,iceberg,completed,15,15,34,CASMI_MOL_1196802,CASMI_MOL_69703,69703,O=C(NC1CC2(CC2)C1)c1c(O)c2cc(-c3ccc(F)cc3)cnc2n(CCN2CC3CC2CO3)c1=O,0.2219663830915025,binned_cosine_1Da,84,False,predicted_spectrum,4775
CASMI2022,iceberg,completed,15,15,34,CASMI_MOL_1196802,CASMI_MOL_73867,73867,NCCCCC(NC(=O)C(CC(=O)O)NC(=O)C(N)CCC(=O)O)C(=O)NC(CC(N)=O)C(=O)O,0.220725976819391,binned_cosine_1Da,85,False,predicted_spectrum,4775
CASMI2022,iceberg,completed,15,15,34,CASMI_MOL_1196802,CASMI_MOL_71113,71113,CCCc1nc(C)c2c(=O)[nH]c(-c3cc(S(=O)(=O)N4CC[N+]([O-])(CC)CC4)ccc3OCC)nn12,0.2196386965224568,binned_cosine_1Da,86,False,predicted_spectrum,4775
CASMI2022,iceberg,completed,15,15,34,CASMI_MOL_1196802,CASMI_MOL_73863,73863,NCCCCC(N)C(=O)NC(CC(N)=O)C(=O)NC(CCC(=O)O)C(=O)NC(CC(=O)O)C(=O)O,0.2191135260956627,binned_cosine_1Da,87,False,predicted_spectrum,4775
CASMI2022,iceberg,completed,15,15,34,CASMI_MOL_1196802,CASMI_MOL_73856,73856,NCCCCC(N)C(=O)NC(CCC(N)=O)C(=O)NC(CC(=O)O)C(=O)NC(CC(=O)O)C(=O)O,0.2189600377386946,binned_cosine_1Da,88,False,predicted_spectrum,4775
CASMI2022,iceberg,completed,15,15,34,CASMI_MOL_1196802,CASMI_MOL_74061,74061,CCC(CC)(c1ccc(OCC(=O)C(C)(C)C)c(C)c1)c1ccc(OS(=O)(=O)CC(=O)O)c(C)c1,0.2186785197325788,binned_cosine_1Da,89,False,predicted_spectrum,4775
CASMI2022,iceberg,completed,15,15,34,CASMI_MOL_1196802,CASMI_MOL_71817,71817,COC1OC(=COC(C)=O)C(OCc2ccccc2)C(OCc2ccccc2)C1OCc1ccccc1,0.217979037615797,binned_cosine_1Da,90,False,predicted_spectrum,4775
CASMI2022,iceberg,completed,15,15,34,CASMI_MOL_1196802,CASMI_MOL_74017,74017,COC1OC(=COC(C)=O)C(OCc2ccccc2)C(OCc2ccccc2)C1OCc1ccccc1,0.217979037615797,binned_cosine_1Da,91,False,predicted_spectrum,4775
CASMI2022,iceberg,completed,15,15,34,CASMI_MOL_1196802,CASMI_MOL_74019,74019,COC1OC(=COC(C)=O)C(OCc2ccccc2)C(OCc2ccccc2)C1OCc1ccccc1,0.217979037615797,binned_cosine_1Da,92,False,predicted_spectrum,4775
CASMI2022,iceberg,completed,15,15,34,CASMI_MOL_1196802,CASMI_MOL_74093,74093,COC1OC(=COC(C)=O)C(OCc2ccccc2)C(OCc2ccccc2)C1OCc1ccccc1,0.217979037615797,binned_cosine_1Da,93,False,predicted_spectrum,4775
CASMI2022,iceberg,completed,15,15,34,CASMI_MOL_1196802,CASMI_MOL_74097,74097,COC1OC(=COC(C)=O)C(OCc2ccccc2)C(OCc2ccccc2)C1OCc1ccccc1,0.217979037615797,binned_cosine_1Da,94,False,predicted_spectrum,4775
CASMI2022,iceberg,completed,15,15,34,CASMI_MOL_1196802,CASMI_MOL_74099,74099,COC1OC(=COC(C)=O)C(OCc2ccccc2)C(OCc2ccccc2)C1OCc1ccccc1,0.217979037615797,binned_cosine_1Da,95,False,predicted_spectrum,4775
CASMI2022,iceberg,completed,15,15,34,CASMI_MOL_1196802,CASMI_MOL_73612,73612,NCCCCC(NC(=O)C(N)CCC(=O)O)C(=O)NC(CC(N)=O)C(=O)NC(CC(=O)O)C(=O)O,0.2177383590918226,binned_cosine_1Da,96,False,predicted_spectrum,4775
CASMI2022,iceberg,completed,15,15,34,CASMI_MOL_1196802,CASMI_MOL_73879,73879,NCCCCC(NC(=O)C(N)CC(=O)O)C(=O)NC(CC(=O)O)C(=O)NC(CCC(N)=O)C(=O)O,0.2175740918367051,binned_cosine_1Da,97,False,predicted_spectrum,4775
CASMI2022,iceberg,completed,15,15,34,CASMI_MOL_1196802,CASMI_MOL_69903,69903,CC(=O)C(=NNc1ccc2c(c1)C(=O)NC2=O)C(=O)Nc1ccc(C(=O)NCCCN2CCCC2)cc1,0.2167632317788685,binned_cosine_1Da,98,False,predicted_spectrum,4775
CASMI2022,iceberg,completed,15,15,34,CASMI_MOL_1196802,CASMI_MOL_73616,73616,NCCCCC(NC(=O)C(CC(=O)O)NC(=O)C(CCC(=O)O)NC(=O)C(N)CC(N)=O)C(=O)O,0.2164590869178737,binned_cosine_1Da,99,False,predicted_spectrum,4775
CASMI2022,iceberg,completed,15,15,34,CASMI_MOL_1196802,CASMI_MOL_72904,72904,O=C(CCN1CCCCC1)N1C=CC(c2cc3c(Nc4ccc5[nH]nc(Cl)c5c4)ncnc3[nH]2)CC1,0.216369200001996,binned_cosine_1Da,100,False,predicted_spectrum,4775
