dataset,model,status,query_id,spectrum_id,casmi_id,true_candidate_id,candidate_id,candidate_mol_id,candidate_smiles,score,score_name,rank,is_correct,prediction_status,candidate_count
CASMI2022,massformer,completed,132,132,311,CASMI_MOL_1196929,CASMI_MOL_715585,715585,O=C(O)CCCC#CC=C1C(=O)C=CC1CCC(=O)C1CCCCC1,0.5698918126434402,binned_cosine_1Da,1,False,predicted_spectrum,9018
CASMI2022,massformer,completed,132,132,311,CASMI_MOL_1196929,CASMI_MOL_715586,715586,O=C(O)CCCC#CC=C1C(=O)C=CC1CCC(=O)C1CCCCC1,0.5698918126434402,binned_cosine_1Da,2,False,predicted_spectrum,9018
CASMI2022,massformer,completed,132,132,311,CASMI_MOL_1196929,CASMI_MOL_715383,715383,O=C(CCCC1CCCCC1)c1c(O)oc(Cc2ccccc2)c1O,0.5535944527660692,binned_cosine_1Da,3,False,predicted_spectrum,9018
CASMI2022,massformer,completed,132,132,311,CASMI_MOL_1196929,CASMI_MOL_716035,716035,Cc1ccc(C=CC(=O)OC(C)C(=O)C23CC4CC(CC(C4)C2)C3)o1,0.5375403964398575,binned_cosine_1Da,4,False,predicted_spectrum,9018
CASMI2022,massformer,completed,132,132,311,CASMI_MOL_1196929,CASMI_MOL_715421,715421,CCCCCC(O)C=CC1CCC(=O)C1CCCSCC(=O)O,0.5336099546041275,binned_cosine_1Da,5,False,predicted_spectrum,9018
CASMI2022,massformer,completed,132,132,311,CASMI_MOL_1196929,CASMI_MOL_708829,708829,CC(=O)CC(c1c(O)c2ccccc2oc1=O)C1CCCCCCC1,0.5265002050504533,binned_cosine_1Da,6,False,predicted_spectrum,9018
CASMI2022,massformer,completed,132,132,311,CASMI_MOL_1196929,CASMI_MOL_715360,715360,O=CC1C(F)CC(OC2CCCCO2)C1CC=CCCCC(=O)O,0.5249841422826811,binned_cosine_1Da,7,False,predicted_spectrum,9018
CASMI2022,massformer,completed,132,132,311,CASMI_MOL_1196929,CASMI_MOL_715376,715376,C=CC(=O)OC12CC(C3CCCC31)C1C3CCC(C3)C12OC(=O)C=C,0.5195504216505924,binned_cosine_1Da,8,False,predicted_spectrum,9018
CASMI2022,massformer,completed,132,132,311,CASMI_MOL_1196929,CASMI_MOL_709519,709519,CCC(=O)CC(CCC#Cc1cccc(O)c1)(OC=O)C1CCCC1,0.5105726382667356,binned_cosine_1Da,9,False,predicted_spectrum,9018
CASMI2022,massformer,completed,132,132,311,CASMI_MOL_1196929,CASMI_MOL_714034,714034,CCCCCC1CCC(C(=O)Oc2ccc3oc(=O)ccc3c2)CC1,0.5099521988707523,binned_cosine_1Da,10,False,predicted_spectrum,9018
CASMI2022,massformer,completed,132,132,311,CASMI_MOL_1196929,CASMI_MOL_715572,715572,C#CCCCC#CCCCC(C(=O)O)C1(C)C(=O)C=C(C)C(=O)C1C,0.5054010151046116,binned_cosine_1Da,11,False,predicted_spectrum,9018
CASMI2022,massformer,completed,132,132,311,CASMI_MOL_1196929,CASMI_MOL_709083,709083,CC(C#CC1=C(C)CCCC1(C)C)=CC=C(C(=O)O)C(C)=CC(=O)O,0.5050420627291954,binned_cosine_1Da,12,False,predicted_spectrum,9018
CASMI2022,massformer,completed,132,132,311,CASMI_MOL_1196929,CASMI_MOL_707490,707490,COC1=CC=CC(C#CCCC2(C3CCCC3)CC(=O)CC(=O)O2)C1,0.5037979347191197,binned_cosine_1Da,13,False,predicted_spectrum,9018
CASMI2022,massformer,completed,132,132,311,CASMI_MOL_1196929,CASMI_MOL_711316,711316,CC(F)(F)C(F)COC(=O)C12CC3CC4C5CC(CC41)CC2C5C3,0.5033522983026436,binned_cosine_1Da,14,False,predicted_spectrum,9018
CASMI2022,massformer,completed,132,132,311,CASMI_MOL_1196929,CASMI_MOL_715325,715325,CC(C)C(=O)Oc1ccccc1OC(=O)C12CC3CC(CC(C3)C1)C2,0.5020454222685251,binned_cosine_1Da,15,False,predicted_spectrum,9018
CASMI2022,massformer,completed,132,132,311,CASMI_MOL_1196929,CASMI_MOL_707571,707571,CC(=CC1CCC(C)CC1)COC(=O)C1CCS(=O)(=O)C1(C)C,0.4999007922315996,binned_cosine_1Da,16,False,predicted_spectrum,9018
CASMI2022,massformer,completed,132,132,311,CASMI_MOL_1196929,CASMI_MOL_709035,709035,CC1=CC(=O)C(C)(CCCCC#CCCCC#CC(=O)O)C(C)C1=O,0.4994655669803539,binned_cosine_1Da,17,False,predicted_spectrum,9018
CASMI2022,massformer,completed,132,132,311,CASMI_MOL_1196929,CASMI_MOL_711894,711894,CC(CCOc1cccc(-c2ccc(C(=O)O)o2)c1)C1CCCCC1,0.4957031854595878,binned_cosine_1Da,18,False,predicted_spectrum,9018
CASMI2022,massformer,completed,132,132,311,CASMI_MOL_1196929,CASMI_MOL_708856,708856,C=C(C)C(=O)Oc1ccccc1C(=O)OC1CCC2CCCCC2C1,0.4936993823558372,binned_cosine_1Da,19,False,predicted_spectrum,9018
CASMI2022,massformer,completed,132,132,311,CASMI_MOL_1196929,CASMI_MOL_709193,709193,C=C(C)C(=O)Oc1ccccc1C(=O)OC1CCC2CCCCC2C1,0.4936993823558372,binned_cosine_1Da,20,False,predicted_spectrum,9018
CASMI2022,massformer,completed,132,132,311,CASMI_MOL_1196929,CASMI_MOL_709221,709221,C#CCCCC(=O)OC1CCC2(C)CC3OC(=O)C(=C)C3CC2C1=C,0.4933399453312673,binned_cosine_1Da,21,False,predicted_spectrum,9018
CASMI2022,massformer,completed,132,132,311,CASMI_MOL_1196929,CASMI_MOL_716026,716026,C#CCCCC(=O)OC1(C)CCC2=C(C)CCC3C(=C)C(=O)OC3C21,0.4895905695615267,binned_cosine_1Da,22,False,predicted_spectrum,9018
CASMI2022,massformer,completed,132,132,311,CASMI_MOL_1196929,CASMI_MOL_714039,714039,COC(=O)C1C(O)CCCC1SCC12CCC(CC1O)C2(C)C,0.4893471032585286,binned_cosine_1Da,23,False,predicted_spectrum,9018
CASMI2022,massformer,completed,132,132,311,CASMI_MOL_1196929,CASMI_MOL_714040,714040,COC(=O)C1C(O)CCCC1SCC12CCC(CC1O)C2(C)C,0.4893471032585286,binned_cosine_1Da,24,False,predicted_spectrum,9018
CASMI2022,massformer,completed,132,132,311,CASMI_MOL_1196929,CASMI_MOL_715462,715462,C=C(C)C(=O)OC12CC3CC(CC(COC(=O)C4=CC=CC4)(C3)C1)C2,0.488472934964999,binned_cosine_1Da,25,False,predicted_spectrum,9018
CASMI2022,massformer,completed,132,132,311,CASMI_MOL_1196929,CASMI_MOL_712710,712710,CC(C)(F)COC(=O)C12CC3CC(C1)C1(OCC(CO)O1)C(C3)C2,0.486856213857388,binned_cosine_1Da,26,False,predicted_spectrum,9018
CASMI2022,massformer,completed,132,132,311,CASMI_MOL_1196929,CASMI_MOL_709346,709346,C=C1C(C(C)C)CC2OC23C2(C)CCc4c(coc4O)C2CC2OC123,0.4846318375331575,binned_cosine_1Da,27,False,predicted_spectrum,9018
CASMI2022,massformer,completed,132,132,311,CASMI_MOL_1196929,CASMI_MOL_709347,709347,C=C1C(C(C)C)CC2OC23C2(C)CCc4c(coc4O)C2CC2OC123,0.4846318375331575,binned_cosine_1Da,28,False,predicted_spectrum,9018
CASMI2022,massformer,completed,132,132,311,CASMI_MOL_1196929,CASMI_MOL_709348,709348,C=C1C(C(C)C)CC2OC23C2(C)CCc4c(coc4O)C2CC2OC123,0.4846318375331575,binned_cosine_1Da,29,False,predicted_spectrum,9018
CASMI2022,massformer,completed,132,132,311,CASMI_MOL_1196929,CASMI_MOL_709195,709195,O=C(O)C1(C2C(O)CC3C4CCc5cc(O)ccc5C4CCC32)CC1,0.4819665698458086,binned_cosine_1Da,30,False,predicted_spectrum,9018
CASMI2022,massformer,completed,132,132,311,CASMI_MOL_1196929,CASMI_MOL_708628,708628,CCC(C)(C)C(=O)OC12CC3CC(CC(CS(C)(=O)=O)(C3)C1)C2,0.4767262998613885,binned_cosine_1Da,31,False,predicted_spectrum,9018
CASMI2022,massformer,completed,132,132,311,CASMI_MOL_1196929,CASMI_MOL_708300,708300,CCCCCCCCCCCCC1(S(=O)(=O)O)C=CC=CC1=O,0.4749583859408579,binned_cosine_1Da,32,False,predicted_spectrum,9018
CASMI2022,massformer,completed,132,132,311,CASMI_MOL_1196929,CASMI_MOL_715610,715610,C=CC(=C=Cc1ccc(OC2CCCCO2)cc1)OC1CCCCO1,0.4714258790165003,binned_cosine_1Da,33,False,predicted_spectrum,9018
CASMI2022,massformer,completed,132,132,311,CASMI_MOL_1196929,CASMI_MOL_713852,713852,CC(C)C[S+]([O-])CC1CCCCC2CC3C(=O)OC(C)(C)OC213,0.4709300908581567,binned_cosine_1Da,34,False,predicted_spectrum,9018
CASMI2022,massformer,completed,132,132,311,CASMI_MOL_1196929,CASMI_MOL_708048,708048,CC(C)(C)C1CCC(OC(=O)C2CC23CCS(=O)(=O)CC3)CC1,0.467190369684619,binned_cosine_1Da,35,False,predicted_spectrum,9018
CASMI2022,massformer,completed,132,132,311,CASMI_MOL_1196929,CASMI_MOL_715612,715612,O=Cc1ccc(C=CC2CCC(=O)C2CCCCCCC(=O)O)cc1,0.4655421182564493,binned_cosine_1Da,36,False,predicted_spectrum,9018
CASMI2022,massformer,completed,132,132,311,CASMI_MOL_1196929,CASMI_MOL_716027,716027,O=Cc1ccc(C=CC2CCC(=O)C2CCCCCCC(=O)O)cc1,0.4655421182564493,binned_cosine_1Da,37,False,predicted_spectrum,9018
CASMI2022,massformer,completed,132,132,311,CASMI_MOL_1196929,CASMI_MOL_713945,713945,CCCCC12CCCCC1C(=O)C(=O)C2(C)C(=O)Oc1ccccc1,0.4650825650941018,binned_cosine_1Da,38,False,predicted_spectrum,9018
CASMI2022,massformer,completed,132,132,311,CASMI_MOL_1196929,CASMI_MOL_708385,708385,C=C1OC2C=C1CCC1OC1(C)CCC1C(=C)C(=O)OC1C=C(C)C2,0.4650483485508656,binned_cosine_1Da,39,False,predicted_spectrum,9018
CASMI2022,massformer,completed,132,132,311,CASMI_MOL_1196929,CASMI_MOL_715583,715583,COC(=O)CCCC#CC=C1C(=O)C=CC1CCC(=O)C1CCCC1,0.463785322044958,binned_cosine_1Da,40,False,predicted_spectrum,9018
CASMI2022,massformer,completed,132,132,311,CASMI_MOL_1196929,CASMI_MOL_715584,715584,COC(=O)CCCC#CC=C1C(=O)C=CC1CCC(=O)C1CCCC1,0.463785322044958,binned_cosine_1Da,41,False,predicted_spectrum,9018
CASMI2022,massformer,completed,132,132,311,CASMI_MOL_1196929,CASMI_MOL_708407,708407,O=C(OC1CC#CC=CC1)C1=C(C(=O)OC2CCCCC2)CCCC1,0.4621551621048486,binned_cosine_1Da,42,False,predicted_spectrum,9018
CASMI2022,massformer,completed,132,132,311,CASMI_MOL_1196929,CASMI_MOL_714209,714209,Cc1ccc(C(=O)COC(=O)C23CC4CC(CC(O)(C4)C2)C3)c(C)c1,0.4605230121332723,binned_cosine_1Da,43,False,predicted_spectrum,9018
CASMI2022,massformer,completed,132,132,311,CASMI_MOL_1196929,CASMI_MOL_709124,709124,COc1ccc2c(c1OC)=C(C(=O)OCC13CCC(CC1)CC3)CC=2,0.4591922988677164,binned_cosine_1Da,44,False,predicted_spectrum,9018
CASMI2022,massformer,completed,132,132,311,CASMI_MOL_1196929,CASMI_MOL_709254,709254,Cc1ccc(C#CCCC(O)(CC(=O)CC(=O)O)C2CCCC2)cc1,0.455642021226618,binned_cosine_1Da,45,False,predicted_spectrum,9018
CASMI2022,massformer,completed,132,132,311,CASMI_MOL_1196929,CASMI_MOL_715559,715559,CCCC(O)C=CC=CC#CC(O)CC=CCC=CCC(F)(F)F,0.4537947538089192,binned_cosine_1Da,46,False,predicted_spectrum,9018
CASMI2022,massformer,completed,132,132,311,CASMI_MOL_1196929,CASMI_MOL_714053,714053,CC#CC(=O)Oc1ccc(C(=O)OC2CC(C)CCC2C(C)C)cc1,0.450555538976974,binned_cosine_1Da,47,False,predicted_spectrum,9018
CASMI2022,massformer,completed,132,132,311,CASMI_MOL_1196929,CASMI_MOL_714127,714127,Cc1ccc(C(=O)C(C)OC(=O)C23CC4CC(CC(O)(C4)C2)C3)cc1,0.4488675684580024,binned_cosine_1Da,48,False,predicted_spectrum,9018
CASMI2022,massformer,completed,132,132,311,CASMI_MOL_1196929,CASMI_MOL_714128,714128,Cc1ccc(C(=O)C(C)OC(=O)C23CC4CC(CC(O)(C4)C2)C3)cc1,0.4488675684580024,binned_cosine_1Da,49,False,predicted_spectrum,9018
CASMI2022,massformer,completed,132,132,311,CASMI_MOL_1196929,CASMI_MOL_715891,715891,O=C(OCC1CC=CCC1)C1CCN(c2ccc3nnnn3n2)CC1,0.4467448395300631,binned_cosine_1Da,50,False,predicted_spectrum,9018
CASMI2022,massformer,completed,132,132,311,CASMI_MOL_1196929,CASMI_MOL_707491,707491,Cc1coc(O)c1CCC1(C)CCC2OC23C(=O)C(C(C)C)=CC=C13,0.4464341843743791,binned_cosine_1Da,51,False,predicted_spectrum,9018
CASMI2022,massformer,completed,132,132,311,CASMI_MOL_1196929,CASMI_MOL_714038,714038,COC(=O)C1C(O)CCC1SCC12CCC(CC1OC)C2(C)C,0.4463316921052493,binned_cosine_1Da,52,False,predicted_spectrum,9018
CASMI2022,massformer,completed,132,132,311,CASMI_MOL_1196929,CASMI_MOL_711065,711065,COC(=O)C1CC1CCC12CCC13CCC3(c1cccc(O)c1)OC2,0.4450071511659774,binned_cosine_1Da,53,False,predicted_spectrum,9018
CASMI2022,massformer,completed,132,132,311,CASMI_MOL_1196929,CASMI_MOL_709465,709465,CC(C)CC1(C(=O)Oc2ccc3c(c2)OC(=O)CCC=C3)CC1(C)C,0.4449756898032495,binned_cosine_1Da,54,False,predicted_spectrum,9018
CASMI2022,massformer,completed,132,132,311,CASMI_MOL_1196929,CASMI_MOL_715613,715613,O=Cc1cccc(C=CC2CCC(=O)C2CCCCCCC(=O)O)c1,0.4426770355002812,binned_cosine_1Da,55,False,predicted_spectrum,9018
CASMI2022,massformer,completed,132,132,311,CASMI_MOL_1196929,CASMI_MOL_716028,716028,O=Cc1cccc(C=CC2CCC(=O)C2CCCCCCC(=O)O)c1,0.4426770355002812,binned_cosine_1Da,56,False,predicted_spectrum,9018
CASMI2022,massformer,completed,132,132,311,CASMI_MOL_1196929,CASMI_MOL_716017,716017,CC1CCC(C(C)C)C(OCC2C(=O)C(=O)c3ccccc3C2=O)C1,0.4426029890975365,binned_cosine_1Da,57,False,predicted_spectrum,9018
CASMI2022,massformer,completed,132,132,311,CASMI_MOL_1196929,CASMI_MOL_708303,708303,CC(C)(C)C1CC=C(Cc2c(O)c(O)c3c(O)cccc3c2O)CC1,0.4421457332559347,binned_cosine_1Da,58,False,predicted_spectrum,9018
CASMI2022,massformer,completed,132,132,311,CASMI_MOL_1196929,CASMI_MOL_715754,715754,CCCCCCCCCC(=O)Oc1ccc2cc(C(=O)O)ccc2c1,0.4410060847305109,binned_cosine_1Da,59,False,predicted_spectrum,9018
CASMI2022,massformer,completed,132,132,311,CASMI_MOL_1196929,CASMI_MOL_709458,709458,CC(=O)Oc1ccccc1C(=O)OCC1CC2CC1C1CC(C)CC21,0.4395313206689623,binned_cosine_1Da,60,False,predicted_spectrum,9018
CASMI2022,massformer,completed,132,132,311,CASMI_MOL_1196929,CASMI_MOL_715323,715323,CCOC(=O)c1cccc(C(=O)OCC23CC4CC(CC(C4)C2)C3)c1,0.4372622458351127,binned_cosine_1Da,61,False,predicted_spectrum,9018
CASMI2022,massformer,completed,132,132,311,CASMI_MOL_1196929,CASMI_MOL_712257,712257,C=C1C2CCC3(C(=O)C(=C)C4C5(C)CCCC4(C(=O)OC5)C3C2)C1O,0.4364438340505325,binned_cosine_1Da,62,False,predicted_spectrum,9018
CASMI2022,massformer,completed,132,132,311,CASMI_MOL_1196929,CASMI_MOL_712260,712260,C=C1C2CCC3(C(=O)C(=C)C4C5(C)CCCC4(C(=O)OC5)C3C2)C1O,0.4364438340505325,binned_cosine_1Da,63,False,predicted_spectrum,9018
CASMI2022,massformer,completed,132,132,311,CASMI_MOL_1196929,CASMI_MOL_712791,712791,C=C1C2CCC3(C(=O)C(=C)C4C5(C)CCCC4(C(=O)OC5)C3C2)C1O,0.4364438340505325,binned_cosine_1Da,64,False,predicted_spectrum,9018
CASMI2022,massformer,completed,132,132,311,CASMI_MOL_1196929,CASMI_MOL_716019,716019,C=C1C2CCC3(C(=O)C(=C)C4C5(C)CCCC4(C(=O)OC5)C3C2)C1O,0.4364438340505325,binned_cosine_1Da,65,False,predicted_spectrum,9018
CASMI2022,massformer,completed,132,132,311,CASMI_MOL_1196929,CASMI_MOL_712259,712259,C=C1C(=O)C23CCC1CC2C1(CCCC)C(=O)OCCC1C(=C)C3=O,0.4357822612677006,binned_cosine_1Da,66,False,predicted_spectrum,9018
CASMI2022,massformer,completed,132,132,311,CASMI_MOL_1196929,CASMI_MOL_714075,714075,CC(C)(C)C1CCC(CC23OC2(O)C(=O)c2ccccc2C3=O)CC1,0.435442924600034,binned_cosine_1Da,67,False,predicted_spectrum,9018
CASMI2022,massformer,completed,132,132,311,CASMI_MOL_1196929,CASMI_MOL_709294,709294,C=CC=C(C=C)C1=COCC(CC=C)(C2CC2C(=O)C(=O)CC)C1O,0.434856922031329,binned_cosine_1Da,68,False,predicted_spectrum,9018
CASMI2022,massformer,completed,132,132,311,CASMI_MOL_1196929,CASMI_MOL_715324,715324,CCOC(=O)c1ccc(C(=O)OCC23CC4CC(CC(C4)C2)C3)cc1,0.4346724045164957,binned_cosine_1Da,69,False,predicted_spectrum,9018
CASMI2022,massformer,completed,132,132,311,CASMI_MOL_1196929,CASMI_MOL_709481,709481,O=C1C=C2CC(CC3(C4CCCCC4)CC(=O)CC3=O)C(=O)C2CC1,0.4340500926554074,binned_cosine_1Da,70,False,predicted_spectrum,9018
CASMI2022,massformer,completed,132,132,311,CASMI_MOL_1196929,CASMI_MOL_715463,715463,COC(=O)c1ccccc1C#CC1(OC(C)=O)C(C)CCCC1(C)C,0.4326955491314763,binned_cosine_1Da,71,False,predicted_spectrum,9018
CASMI2022,massformer,completed,132,132,311,CASMI_MOL_1196929,CASMI_MOL_711879,711879,C=C1C2CC3C45CCCC6(CC6(C)C4CC(O)C34C(C2)C14O)OC5=O,0.4295761223395747,binned_cosine_1Da,72,False,predicted_spectrum,9018
CASMI2022,massformer,completed,132,132,311,CASMI_MOL_1196929,CASMI_MOL_711904,711904,CCOc1ccc(OCC2CCC(C=CCCF)CC2)c(F)c1F,0.429225022789709,binned_cosine_1Da,73,False,predicted_spectrum,9018
CASMI2022,massformer,completed,132,132,311,CASMI_MOL_1196929,CASMI_MOL_712693,712693,CCOc1ccc(OCC2CCC(C=CCCF)CC2)c(F)c1F,0.429225022789709,binned_cosine_1Da,74,False,predicted_spectrum,9018
CASMI2022,massformer,completed,132,132,311,CASMI_MOL_1196929,CASMI_MOL_709119,709119,CC1CC(OC(=O)C=Cc2ccc3c(c2)OCO3)C2(C)CC(C)(C)C12,0.4289180318713904,binned_cosine_1Da,75,False,predicted_spectrum,9018
CASMI2022,massformer,completed,132,132,311,CASMI_MOL_1196929,CASMI_MOL_711909,711909,CC1CC(OC(=O)C=Cc2ccc3c(c2)OCO3)C2(C)CC(C)(C)C12,0.4289180318713904,binned_cosine_1Da,76,False,predicted_spectrum,9018
CASMI2022,massformer,completed,132,132,311,CASMI_MOL_1196929,CASMI_MOL_709188,709188,C=C(C)C(=O)Oc1ccccc1C(=O)OC1C2(C)CCC(C2)C1(C)C,0.4286186203883437,binned_cosine_1Da,77,False,predicted_spectrum,9018
CASMI2022,massformer,completed,132,132,311,CASMI_MOL_1196929,CASMI_MOL_708291,708291,CC1(OC(=O)C2C3CC4OC(=O)C2C4C3)C2CC3CC4CC1C4(C3)C2,0.4283578015443374,binned_cosine_1Da,78,False,predicted_spectrum,9018
CASMI2022,massformer,completed,132,132,311,CASMI_MOL_1196929,CASMI_MOL_709329,709329,CCC1(C)C(OC(=O)C=CC2=C=C=C3OCOC3=C2)CC(C)C1(C)C,0.4282755720611205,binned_cosine_1Da,79,False,predicted_spectrum,9018
CASMI2022,massformer,completed,132,132,311,CASMI_MOL_1196929,CASMI_MOL_714214,714214,Cc1cc(C)c(C(=O)COC(=O)C2CC3CCCC(C2)C3=O)c(C)c1,0.4281019410515216,binned_cosine_1Da,80,False,predicted_spectrum,9018
CASMI2022,massformer,completed,132,132,311,CASMI_MOL_1196929,CASMI_MOL_714215,714215,Cc1cc(C)c(C(=O)COC(=O)C2CC3CCCC(C2)C3=O)c(C)c1,0.4281019410515216,binned_cosine_1Da,81,False,predicted_spectrum,9018
CASMI2022,massformer,completed,132,132,311,CASMI_MOL_1196929,CASMI_MOL_709295,709295,CCC(C)C1=CCC2C3(C)CCc4c(coc4O)C3CC3OC32C1=O,0.4275113305250676,binned_cosine_1Da,82,False,predicted_spectrum,9018
CASMI2022,massformer,completed,132,132,311,CASMI_MOL_1196929,CASMI_MOL_709897,709897,CCOC(=O)CC1OC(C2CCCCC2)Cc2oc3ccccc3c21,0.4266447899977844,binned_cosine_1Da,83,False,predicted_spectrum,9018
CASMI2022,massformer,completed,132,132,311,CASMI_MOL_1196929,CASMI_MOL_716451,716451,COCCCSCC1C2CCC(O2)C1CC=CCCCC(=O)O,0.4251931650945278,binned_cosine_1Da,84,False,predicted_spectrum,9018
CASMI2022,massformer,completed,132,132,311,CASMI_MOL_1196929,CASMI_MOL_709077,709077,CC(=O)C1=CC=C2C3CCC4CC(=O)CCC4(C(=O)O)C3CCC12C,0.4249412246666026,binned_cosine_1Da,85,False,predicted_spectrum,9018
CASMI2022,massformer,completed,132,132,311,CASMI_MOL_1196929,CASMI_MOL_713853,713853,C=CCCCCC(C[S+]([O-])CC(C)C)=C1CC(=O)OC(C)(C)O1,0.4237931080189968,binned_cosine_1Da,86,False,predicted_spectrum,9018
CASMI2022,massformer,completed,132,132,311,CASMI_MOL_1196929,CASMI_MOL_712258,712258,C=C1C(=O)C23CCC1CC2C1(CCCC)C(=O)OCC(C)=C1CC3=O,0.4235770182930526,binned_cosine_1Da,87,False,predicted_spectrum,9018
CASMI2022,massformer,completed,132,132,311,CASMI_MOL_1196929,CASMI_MOL_709022,709022,CCCCCCCOc1ccccc1C(O)(C(=O)O)c1ccccc1,0.4224181082230471,binned_cosine_1Da,88,False,predicted_spectrum,9018
CASMI2022,massformer,completed,132,132,311,CASMI_MOL_1196929,CASMI_MOL_714031,714031,CCCCCCCCCCCCc1cc(O)ccc1S(=O)(=O)O,0.4215573995796434,binned_cosine_1Da,89,False,predicted_spectrum,9018
CASMI2022,massformer,completed,132,132,311,CASMI_MOL_1196929,CASMI_MOL_711376,711376,CCOC(=O)c1ccc(COC(=O)C23CC4CC(CC(C4)C2)C3)cc1,0.4203913496696137,binned_cosine_1Da,90,False,predicted_spectrum,9018
CASMI2022,massformer,completed,132,132,311,CASMI_MOL_1196929,CASMI_MOL_708359,708359,COc1ccc2c(c1)C(C=CC(C)=CC(=O)O)=CCCCCCCO2,0.4196457230291553,binned_cosine_1Da,91,False,predicted_spectrum,9018
CASMI2022,massformer,completed,132,132,311,CASMI_MOL_1196929,CASMI_MOL_710276,710276,CC(C)c1c(F)c(F)c(O)c(F)c1OCC1(C)CCC=CCCC1,0.4192735980629437,binned_cosine_1Da,92,False,predicted_spectrum,9018
CASMI2022,massformer,completed,132,132,311,CASMI_MOL_1196929,CASMI_MOL_709995,709995,COC1(C(=O)O)CC23CCC4c5ccoc5C=CC4(C)C2CCC1C3,0.4189867899090377,binned_cosine_1Da,93,False,predicted_spectrum,9018
CASMI2022,massformer,completed,132,132,311,CASMI_MOL_1196929,CASMI_MOL_715476,715476,COC1(C(=O)O)CC23CCC4c5ccoc5C=CC4(C)C2CCC1C3,0.4189867899090377,binned_cosine_1Da,94,False,predicted_spectrum,9018
CASMI2022,massformer,completed,132,132,311,CASMI_MOL_1196929,CASMI_MOL_708739,708739,O=C(O)C=CC(=O)OC1CCC2C(=CCC3C4CC=CC4CCC23)C1,0.4189610330621672,binned_cosine_1Da,95,False,predicted_spectrum,9018
CASMI2022,massformer,completed,132,132,311,CASMI_MOL_1196929,CASMI_MOL_716450,716450,CC(C)C(O)C=CC1C(O)CC2CC(CCSCC(=O)O)CC21,0.4189106027503729,binned_cosine_1Da,96,False,predicted_spectrum,9018
CASMI2022,massformer,completed,132,132,311,CASMI_MOL_1196929,CASMI_MOL_709187,709187,C=C(C)C(=O)Oc1ccccc1C(=O)OC1CC2CCC1(C)C2(C)C,0.4188434184127101,binned_cosine_1Da,97,False,predicted_spectrum,9018
CASMI2022,massformer,completed,132,132,311,CASMI_MOL_1196929,CASMI_MOL_708673,708673,Cc1c(O)oc(OC=C2C(=O)CC3C4=C(CCCC4(C)C)CC23)c1C,0.4186200794452144,binned_cosine_1Da,98,False,predicted_spectrum,9018
CASMI2022,massformer,completed,132,132,311,CASMI_MOL_1196929,CASMI_MOL_708674,708674,Cc1c(O)oc(OC=C2C(=O)CC3C4=C(CCCC4(C)C)CC23)c1C,0.4186200794452144,binned_cosine_1Da,99,False,predicted_spectrum,9018
CASMI2022,massformer,completed,132,132,311,CASMI_MOL_1196929,CASMI_MOL_708675,708675,Cc1c(O)oc(OC=C2C(=O)CC3C4=C(CCCC4(C)C)CC23)c1C,0.4186200794452144,binned_cosine_1Da,100,False,predicted_spectrum,9018
CASMI2022,massformer,completed,132,132,311,CASMI_MOL_1196929,CASMI_MOL_1196929,1196929,CCC(C)=CC=CCC(=O)OC1=CC=C2CC(=O)C(=O)CC2(C)C1C,0.416155418969506,binned_cosine_1Da,103,True,predicted_spectrum,9018
CASMI2022,massformer,completed,135,135,315,CASMI_MOL_1196933,CASMI_MOL_733740,733740,Cc1nc(CC(C)C)sc1C(=O)NCCCCN1CCCC(C)C1,0.7529484497927204,binned_cosine_1Da,1,False,predicted_spectrum,6577
CASMI2022,massformer,completed,135,135,315,CASMI_MOL_1196933,CASMI_MOL_733743,733743,Cc1nc(CC(C)C)sc1C(=O)NCCCCN1CCC(C)CC1,0.746995240896357,binned_cosine_1Da,2,False,predicted_spectrum,6577
CASMI2022,massformer,completed,135,135,315,CASMI_MOL_1196933,CASMI_MOL_735339,735339,CC(NC(=S)NCCN1CCOCC1)C12CC3CC(CC(C3)C1)C2,0.7388444436561366,binned_cosine_1Da,3,False,predicted_spectrum,6577
CASMI2022,massformer,completed,135,135,315,CASMI_MOL_1196933,CASMI_MOL_735340,735340,CC(NC(=S)NCCN1CCOCC1)C12CC3CC(CC(C3)C1)C2,0.7388444436561366,binned_cosine_1Da,4,False,predicted_spectrum,6577
CASMI2022,massformer,completed,135,135,315,CASMI_MOL_1196933,CASMI_MOL_735530,735530,CC(NC(=S)NCCN1CCOCC1)C12CC3CC(CC(C3)C1)C2,0.7388444436561366,binned_cosine_1Da,5,False,predicted_spectrum,6577
CASMI2022,massformer,completed,135,135,315,CASMI_MOL_1196933,CASMI_MOL_732761,732761,CC12CC3(C)CC(C)(C1)CC(C(Cl)C(=O)NC1CCCCC1)(C2)C3,0.7364488525175193,binned_cosine_1Da,6,False,predicted_spectrum,6577
CASMI2022,massformer,completed,135,135,315,CASMI_MOL_1196933,CASMI_MOL_732762,732762,CC12CC3(C)CC(C)(C1)CC(C(Cl)C(=O)NC1CCCCC1)(C2)C3,0.7364488525175193,binned_cosine_1Da,7,False,predicted_spectrum,6577
CASMI2022,massformer,completed,135,135,315,CASMI_MOL_1196933,CASMI_MOL_735615,735615,CC12CC3(C)CC(C)(C1)CC(C(Cl)C(=O)NC1CCCCC1)(C2)C3,0.7364488525175193,binned_cosine_1Da,8,False,predicted_spectrum,6577
CASMI2022,massformer,completed,135,135,315,CASMI_MOL_1196933,CASMI_MOL_735208,735208,S=C(NCCCN1CCOCC1)NCC12CC3CC(CC(C3)C1)C2,0.7354286727233256,binned_cosine_1Da,9,False,predicted_spectrum,6577
CASMI2022,massformer,completed,135,135,315,CASMI_MOL_1196933,CASMI_MOL_733741,733741,Cc1nc(CC(C)C)sc1C(=O)NCCCCN1CCCCC1C,0.7346124279419132,binned_cosine_1Da,10,False,predicted_spectrum,6577
CASMI2022,massformer,completed,135,135,315,CASMI_MOL_1196933,CASMI_MOL_733519,733519,CC(C)(C)c1nc(CC(=O)NCCCCCN2CCCCC2)cs1,0.7275088427662983,binned_cosine_1Da,11,False,predicted_spectrum,6577
CASMI2022,massformer,completed,135,135,315,CASMI_MOL_1196933,CASMI_MOL_731718,731718,CN=C(NC1C2CCOC2C1(C)C)N1CCSC2(CCCCC2)C1,0.7237888406576092,binned_cosine_1Da,12,False,predicted_spectrum,6577
CASMI2022,massformer,completed,135,135,315,CASMI_MOL_1196933,CASMI_MOL_729717,729717,CC1NNC(C)C1N(CC1CCCS1)C(=O)C=CC1CCCCC1,0.7235371246899138,binned_cosine_1Da,13,False,predicted_spectrum,6577
CASMI2022,massformer,completed,135,135,315,CASMI_MOL_1196933,CASMI_MOL_732854,732854,NNC(=O)c1nc(C2CCCCCCCCCCCCCC2)cs1,0.7187159089959253,binned_cosine_1Da,14,False,predicted_spectrum,6577
CASMI2022,massformer,completed,135,135,315,CASMI_MOL_1196933,CASMI_MOL_733808,733808,CCCc1nc(C)c(C(=O)NCCCCN2CC(C)CC(C)C2)s1,0.7168457911748406,binned_cosine_1Da,15,False,predicted_spectrum,6577
CASMI2022,massformer,completed,135,135,315,CASMI_MOL_1196933,CASMI_MOL_733765,733765,CCCCc1nc(CN2CCC(C(=O)NC(C)C(C)C)CC2)cs1,0.7140332904738491,binned_cosine_1Da,16,False,predicted_spectrum,6577
CASMI2022,massformer,completed,135,135,315,CASMI_MOL_1196933,CASMI_MOL_732908,732908,O=C(CNC(=S)NCC1CCCCC1)N1CCC2CCCCC2C1,0.7133673423685962,binned_cosine_1Da,17,False,predicted_spectrum,6577
CASMI2022,massformer,completed,135,135,315,CASMI_MOL_1196933,CASMI_MOL_732826,732826,CCCCCCCCCOc1ccc(CNC2CCCC2)cc1Cl,0.7092843338981699,binned_cosine_1Da,18,False,predicted_spectrum,6577
CASMI2022,massformer,completed,135,135,315,CASMI_MOL_1196933,CASMI_MOL_729094,729094,CC1CCC(F)C2CC(C(=O)NC3C(=O)NCC4CCCCC43)NC12,0.7078934983819044,binned_cosine_1Da,19,False,predicted_spectrum,6577
CASMI2022,massformer,completed,135,135,315,CASMI_MOL_1196933,CASMI_MOL_730861,730861,O=C(NCC1(N2CCSCC2)CCCC1)C1CC2CCCCC2N1,0.7059931104283803,binned_cosine_1Da,20,False,predicted_spectrum,6577
CASMI2022,massformer,completed,135,135,315,CASMI_MOL_1196933,CASMI_MOL_730476,730476,CC(C)(C)c1ncc(CNCC2(N3CCOCC3)CCCCC2)s1,0.7031912017807419,binned_cosine_1Da,21,False,predicted_spectrum,6577
CASMI2022,massformer,completed,135,135,315,CASMI_MOL_1196933,CASMI_MOL_734001,734001,CCCc1cc(C(=O)NCC(C(C)C)N2CCN(C)CC2)sc1C,0.7024940019323425,binned_cosine_1Da,22,False,predicted_spectrum,6577
CASMI2022,massformer,completed,135,135,315,CASMI_MOL_1196933,CASMI_MOL_734002,734002,CCCc1cc(C(=O)NCC(C(C)C)N2CCN(C)CC2)sc1C,0.7024940019323425,binned_cosine_1Da,23,False,predicted_spectrum,6577
CASMI2022,massformer,completed,135,135,315,CASMI_MOL_1196933,CASMI_MOL_734141,734141,CCCc1cc(C(=O)NCC(C(C)C)N2CCN(C)CC2)sc1C,0.7024940019323425,binned_cosine_1Da,24,False,predicted_spectrum,6577
CASMI2022,massformer,completed,135,135,315,CASMI_MOL_1196933,CASMI_MOL_729274,729274,O=C(CN1CCCC2C3CCCCC3CCC21)C1CCC(Cl)CC1,0.7020112498908315,binned_cosine_1Da,25,False,predicted_spectrum,6577
CASMI2022,massformer,completed,135,135,315,CASMI_MOL_1196933,CASMI_MOL_734800,734800,COCCCNC(=S)N1CCN(C2C3CC4CC(C3)CC2C4)CC1,0.7009856175141608,binned_cosine_1Da,26,False,predicted_spectrum,6577
CASMI2022,massformer,completed,135,135,315,CASMI_MOL_1196933,CASMI_MOL_730266,730266,CC1CNC(C2CNC(C3CCC(C(F)(F)F)CC3)C(F)C2)NC1,0.700800717400958,binned_cosine_1Da,27,False,predicted_spectrum,6577
CASMI2022,massformer,completed,135,135,315,CASMI_MOL_1196933,CASMI_MOL_730967,730967,CC(C)(C)c1ncc(CNCC2(N3CCCCC3)CCOCC2)s1,0.7004557018734199,binned_cosine_1Da,28,False,predicted_spectrum,6577
CASMI2022,massformer,completed,135,135,315,CASMI_MOL_1196933,CASMI_MOL_730860,730860,O=C(CC1CC2CCC(C1)N2)NCC1(N2CCSCC2)CCCC1,0.7001627586678478,binned_cosine_1Da,29,False,predicted_spectrum,6577
CASMI2022,massformer,completed,135,135,315,CASMI_MOL_1196933,CASMI_MOL_730489,730489,O=C(NCC1(N2CCSCC2)CCCC1)C12CCCCC1CNC2,0.6985303009540942,binned_cosine_1Da,30,False,predicted_spectrum,6577
CASMI2022,massformer,completed,135,135,315,CASMI_MOL_1196933,CASMI_MOL_729833,729833,CC(NC(=S)NNC1CCCCC1O)C12CC3CC(CC(C3)C1)C2,0.6975748177747457,binned_cosine_1Da,31,False,predicted_spectrum,6577
CASMI2022,massformer,completed,135,135,315,CASMI_MOL_1196933,CASMI_MOL_734946,734946,CC(C)CCN1CCN(Cc2nc3c(s2)CCCC3)CC1CCO,0.6965446554023721,binned_cosine_1Da,32,False,predicted_spectrum,6577
CASMI2022,massformer,completed,135,135,315,CASMI_MOL_1196933,CASMI_MOL_730477,730477,CC(C)(C)c1nc(CNCC2(N3CCOCC3)CCCCC2)cs1,0.6955457985441816,binned_cosine_1Da,33,False,predicted_spectrum,6577
CASMI2022,massformer,completed,135,135,315,CASMI_MOL_1196933,CASMI_MOL_730825,730825,NC1C2CCC(C2)C1C(=O)NCC1(N2CCSCC2)CCCCC1,0.6951632801600972,binned_cosine_1Da,34,False,predicted_spectrum,6577
CASMI2022,massformer,completed,135,135,315,CASMI_MOL_1196933,CASMI_MOL_730966,730966,CC(C)(C)c1nc(CNCC2(N3CCCCC3)CCOCC2)cs1,0.6951311172085459,binned_cosine_1Da,35,False,predicted_spectrum,6577
CASMI2022,massformer,completed,135,135,315,CASMI_MOL_1196933,CASMI_MOL_733774,733774,Cc1nc(C(C)(C)C)sc1C(=O)NCCCN1CC(C)CC(C)C1,0.6944947459689843,binned_cosine_1Da,36,False,predicted_spectrum,6577
CASMI2022,massformer,completed,135,135,315,CASMI_MOL_1196933,CASMI_MOL_729593,729593,CCC1CC(C)C(N=C2NC(=O)C(C)(CC3CCN(C)CC3)S2)C1,0.6932040330663553,binned_cosine_1Da,37,False,predicted_spectrum,6577
CASMI2022,massformer,completed,135,135,315,CASMI_MOL_1196933,CASMI_MOL_732827,732827,O=c1[nH]c2ccccc2n1C1CCCCN1CC1C2CCC(C2)C12CC2,0.6928018400534149,binned_cosine_1Da,38,False,predicted_spectrum,6577
CASMI2022,massformer,completed,135,135,315,CASMI_MOL_1196933,CASMI_MOL_730077,730077,CCCCCN1CCC2N(Cc3csc(C)n3)CCCC2(CO)C1,0.692019279145875,binned_cosine_1Da,39,False,predicted_spectrum,6577
CASMI2022,massformer,completed,135,135,315,CASMI_MOL_1196933,CASMI_MOL_733686,733686,CCCCCN1CCC2N(Cc3csc(C)n3)CCCC2(CO)C1,0.692019279145875,binned_cosine_1Da,40,False,predicted_spectrum,6577
CASMI2022,massformer,completed,135,135,315,CASMI_MOL_1196933,CASMI_MOL_730755,730755,O=C(NCC1(N2CCSCC2)CCCCC1)C1CC12CCNCC2,0.6918638857711817,binned_cosine_1Da,41,False,predicted_spectrum,6577
CASMI2022,massformer,completed,135,135,315,CASMI_MOL_1196933,CASMI_MOL_730167,730167,O=C(N1CCCC2(CCN(CCN3CCCC3)C2=O)C1)C1(F)CCC1,0.6895682407945656,binned_cosine_1Da,42,False,predicted_spectrum,6577
CASMI2022,massformer,completed,135,135,315,CASMI_MOL_1196933,CASMI_MOL_735350,735350,CC(NC(=S)N1CCN(CCO)CC1)C12CC3CC(CC(C3)C1)C2,0.6895007254531033,binned_cosine_1Da,43,False,predicted_spectrum,6577
CASMI2022,massformer,completed,135,135,315,CASMI_MOL_1196933,CASMI_MOL_735351,735351,CC(NC(=S)N1CCN(CCO)CC1)C12CC3CC(CC(C3)C1)C2,0.6895007254531033,binned_cosine_1Da,44,False,predicted_spectrum,6577
CASMI2022,massformer,completed,135,135,315,CASMI_MOL_1196933,CASMI_MOL_735531,735531,CC(NC(=S)N1CCN(CCO)CC1)C12CC3CC(CC(C3)C1)C2,0.6895007254531033,binned_cosine_1Da,45,False,predicted_spectrum,6577
CASMI2022,massformer,completed,135,135,315,CASMI_MOL_1196933,CASMI_MOL_733448,733448,CC(C(=O)NC1C2CC3CC1CC(C(N)=O)(C3)C2)N1CCCC(F)C1,0.689298412253655,binned_cosine_1Da,46,False,predicted_spectrum,6577
CASMI2022,massformer,completed,135,135,315,CASMI_MOL_1196933,CASMI_MOL_729559,729559,O=C(C1CN(SC2CCCCC2)C1)N1CCCN(C2CCC2)CC1,0.6888267100970091,binned_cosine_1Da,47,False,predicted_spectrum,6577
CASMI2022,massformer,completed,135,135,315,CASMI_MOL_1196933,CASMI_MOL_730169,730169,O=C1CCC2(CCN(C(=O)C3(F)CCC3)CC2)N1CCN1CCCC1,0.6883871135812244,binned_cosine_1Da,48,False,predicted_spectrum,6577
CASMI2022,massformer,completed,135,135,315,CASMI_MOL_1196933,CASMI_MOL_734589,734589,CCc1nc(C(C)C)ccc1-c1nc2c(cc1C)c(C(C)CO)cn2C,0.6872916705455661,binned_cosine_1Da,49,False,predicted_spectrum,6577
CASMI2022,massformer,completed,135,135,315,CASMI_MOL_1196933,CASMI_MOL_733601,733601,CCc1cc2c(nc1-c1ccc(C(C)C)nc1OC)c(C)cn2C(C)C,0.6862562082929632,binned_cosine_1Da,50,False,predicted_spectrum,6577
CASMI2022,massformer,completed,135,135,315,CASMI_MOL_1196933,CASMI_MOL_733258,733258,CCc1nc2c(-c3cc(C)c(OC)cc3C)ncc(C(CC)CC)c2[nH]1,0.6859628279054983,binned_cosine_1Da,51,False,predicted_spectrum,6577
CASMI2022,massformer,completed,135,135,315,CASMI_MOL_1196933,CASMI_MOL_733432,733432,CC(=O)N1c2cc(N(C)C)c(N)cc2C(C)(c2ccccc2)CC1(C)C,0.6857665451197659,binned_cosine_1Da,52,False,predicted_spectrum,6577
CASMI2022,massformer,completed,135,135,315,CASMI_MOL_1196933,CASMI_MOL_733600,733600,CCc1nc(OC(C)C)ccc1-c1nc2c(C)cn(C(C)C)c2cc1C,0.6857096799012926,binned_cosine_1Da,53,False,predicted_spectrum,6577
CASMI2022,massformer,completed,135,135,315,CASMI_MOL_1196933,CASMI_MOL_729523,729523,C=C(C)N(C(C)=CC)c1cc(C(C)=CCO)cc(-n2c(C)ccc2C)n1,0.6855543691383312,binned_cosine_1Da,54,False,predicted_spectrum,6577
CASMI2022,massformer,completed,135,135,315,CASMI_MOL_1196933,CASMI_MOL_729584,729584,CCOc1ccc(-c2nc3c(cc2C)N(C(C)C)CC=C3C)c(CC)n1,0.6850529213123833,binned_cosine_1Da,55,False,predicted_spectrum,6577
CASMI2022,massformer,completed,135,135,315,CASMI_MOL_1196933,CASMI_MOL_729895,729895,Cc1cc(C)c2c(-c3cc(C(C)(C)C)c(O)c(C(C)(C)C)c3)[nH]nc2n1,0.6835415918810734,binned_cosine_1Da,56,False,predicted_spectrum,6577
CASMI2022,massformer,completed,135,135,315,CASMI_MOL_1196933,CASMI_MOL_729622,729622,CCc1cc2c(nc1-c1ccc(C(C)C)nc1OC)C(C)=CCN2CC,0.6829024334775256,binned_cosine_1Da,57,False,predicted_spectrum,6577
CASMI2022,massformer,completed,135,135,315,CASMI_MOL_1196933,CASMI_MOL_733742,733742,Cc1nc(CC(C)C)sc1C(=O)NCCCN1CC(C)CC(C)C1,0.6825526717582475,binned_cosine_1Da,58,False,predicted_spectrum,6577
CASMI2022,massformer,completed,135,135,315,CASMI_MOL_1196933,CASMI_MOL_733592,733592,CCc1cc2c(C(C)C)cn(C)c2nc1-c1ccc(C(C)C)nc1OC,0.6816511252854764,binned_cosine_1Da,59,False,predicted_spectrum,6577
CASMI2022,massformer,completed,135,135,315,CASMI_MOL_1196933,CASMI_MOL_733404,733404,CN(C)C=C(C#N)C(=O)c1cc2c(C(C)(C)C)cc(C(C)(C)C)cc2[nH]1,0.6811296349612082,binned_cosine_1Da,60,False,predicted_spectrum,6577
CASMI2022,massformer,completed,135,135,315,CASMI_MOL_1196933,CASMI_MOL_733405,733405,CN(C)C=C(C#N)C(=O)c1cc2c(C(C)(C)C)cc(C(C)(C)C)cc2[nH]1,0.6811296349612082,binned_cosine_1Da,61,False,predicted_spectrum,6577
CASMI2022,massformer,completed,135,135,315,CASMI_MOL_1196933,CASMI_MOL_730103,730103,O=C1CCC(N2CCC(N3CCSCC3)CC2)CCN1CC1CC1,0.6803767065797229,binned_cosine_1Da,62,False,predicted_spectrum,6577
CASMI2022,massformer,completed,135,135,315,CASMI_MOL_1196933,CASMI_MOL_731029,731029,NP1OC2CCC3CCCCC3C2C2C(CCC3CCCCC32)O1,0.6803478866103309,binned_cosine_1Da,63,False,predicted_spectrum,6577
CASMI2022,massformer,completed,135,135,315,CASMI_MOL_1196933,CASMI_MOL_732878,732878,O=CC1=CCC2CCCCCCCCCCCCCC2CN=C1Cl,0.6800760683292726,binned_cosine_1Da,64,False,predicted_spectrum,6577
CASMI2022,massformer,completed,135,135,315,CASMI_MOL_1196933,CASMI_MOL_733013,733013,CN(C)Cc1csc(CN2CC(CO)C(CN3CCCCC3)C2)c1,0.6780849426084153,binned_cosine_1Da,65,False,predicted_spectrum,6577
CASMI2022,massformer,completed,135,135,315,CASMI_MOL_1196933,CASMI_MOL_733219,733219,CN(C)Cc1csc(CN2CC(CO)C(CN3CCCCC3)C2)c1,0.6780849426084153,binned_cosine_1Da,66,False,predicted_spectrum,6577
CASMI2022,massformer,completed,135,135,315,CASMI_MOL_1196933,CASMI_MOL_733383,733383,CCC(C)C(=O)Nc1ncc(-c2ccccc2)nc1CC1CCCCC1,0.677596920505837,binned_cosine_1Da,67,False,predicted_spectrum,6577
CASMI2022,massformer,completed,135,135,315,CASMI_MOL_1196933,CASMI_MOL_733926,733926,CCN(CC)C(=O)c1c2c3c(cccc3n1C)C1=CC(C)CN(C)C1C2,0.676563373423815,binned_cosine_1Da,68,False,predicted_spectrum,6577
CASMI2022,massformer,completed,135,135,315,CASMI_MOL_1196933,CASMI_MOL_729583,729583,CCOc1ccc(-c2nc3c(cc2CC)C(CC)=CCN3C)c(CC)n1,0.675996282421803,binned_cosine_1Da,69,False,predicted_spectrum,6577
CASMI2022,massformer,completed,135,135,315,CASMI_MOL_1196933,CASMI_MOL_729257,729257,CC(C)C(C)c1nc2c(s1)CCN(CCCCN1CCOCC1)C2,0.6759326932428718,binned_cosine_1Da,70,False,predicted_spectrum,6577
CASMI2022,massformer,completed,135,135,315,CASMI_MOL_1196933,CASMI_MOL_733373,733373,CCNc1cc2c(cc1N)C(C)(c1ccccc1)CC(C)(C)N2C(C)=O,0.6757455214626489,binned_cosine_1Da,71,False,predicted_spectrum,6577
CASMI2022,massformer,completed,135,135,315,CASMI_MOL_1196933,CASMI_MOL_729397,729397,CCCCc1ccc(Nc2c[nH]c3cn(C)c(=O)cc23)cc1CCCC,0.6756495668161893,binned_cosine_1Da,72,False,predicted_spectrum,6577
CASMI2022,massformer,completed,135,135,315,CASMI_MOL_1196933,CASMI_MOL_734820,734820,CCC(CC)c1cc(C)nc2c1NC(=O)CN2c1c(C)cc(C)cc1C,0.6755024444923727,binned_cosine_1Da,73,False,predicted_spectrum,6577
CASMI2022,massformer,completed,135,135,315,CASMI_MOL_1196933,CASMI_MOL_729879,729879,CCC1CC(=NC(=O)C(C)C)c2c(-c3ccc(C)cc3)cn(CC)c2N1,0.6752925217577678,binned_cosine_1Da,74,False,predicted_spectrum,6577
CASMI2022,massformer,completed,135,135,315,CASMI_MOL_1196933,CASMI_MOL_732893,732893,C=CS(=C)N1CCC2(CC1)N=C(CCCCCCCCC)NC2=O,0.6746438075398807,binned_cosine_1Da,75,False,predicted_spectrum,6577
CASMI2022,massformer,completed,135,135,315,CASMI_MOL_1196933,CASMI_MOL_730146,730146,OCC1CCCCN1CCNCc1ccc(CN2CCCCC2)s1,0.6741332869561049,binned_cosine_1Da,76,False,predicted_spectrum,6577
CASMI2022,massformer,completed,135,135,315,CASMI_MOL_1196933,CASMI_MOL_732936,732936,CC(C(=O)Nc1cccc2ccccc12)N1CCN(C2CCCC2)CC1,0.672839830108488,binned_cosine_1Da,77,False,predicted_spectrum,6577
CASMI2022,massformer,completed,135,135,315,CASMI_MOL_1196933,CASMI_MOL_729767,729767,CC(C)Cc1ccc(-c2cn3c(=O)c(C(C)C)c(C(C)C)[nH]c3n2)cc1,0.6722411766142992,binned_cosine_1Da,78,False,predicted_spectrum,6577
CASMI2022,massformer,completed,135,135,315,CASMI_MOL_1196933,CASMI_MOL_730386,730386,CC(C)Cn1cnc2c1C1(CCN(C3CCC3)CC1)Oc1ccccc1-2,0.6715820813115948,binned_cosine_1Da,79,False,predicted_spectrum,6577
CASMI2022,massformer,completed,135,135,315,CASMI_MOL_1196933,CASMI_MOL_729458,729458,CCCCc1nc(C)nc2c1C(C)(C)C(=O)N2c1c(C)cc(C)cc1C,0.6711261988053,binned_cosine_1Da,80,False,predicted_spectrum,6577
CASMI2022,massformer,completed,135,135,315,CASMI_MOL_1196933,CASMI_MOL_729921,729921,CC(C)(C)c1cc(-c2nc3cc(CN)ccc3[nH]2)c(O)c(C(C)(C)C)c1,0.6710427273377276,binned_cosine_1Da,81,False,predicted_spectrum,6577
CASMI2022,massformer,completed,135,135,315,CASMI_MOL_1196933,CASMI_MOL_733930,733930,C=C1C(C)=C(C)N(C)C(=C)N1c1cc(C(C)=CC(=O)NC)c(C)cc1C,0.6708670623347711,binned_cosine_1Da,82,False,predicted_spectrum,6577
CASMI2022,massformer,completed,135,135,315,CASMI_MOL_1196933,CASMI_MOL_735583,735583,O=C(CN1CCN(C2CCCCC2)CC1)Nc1cccc2ccccc12,0.6707260267511752,binned_cosine_1Da,83,False,predicted_spectrum,6577
CASMI2022,massformer,completed,135,135,315,CASMI_MOL_1196933,CASMI_MOL_733437,733437,CC(NC(=O)N1CC(N2CCCCCC2)C1)c1cccc2ccccc12,0.6703753314865979,binned_cosine_1Da,84,False,predicted_spectrum,6577
CASMI2022,massformer,completed,135,135,315,CASMI_MOL_1196933,CASMI_MOL_733352,733352,O=C(NCCc1cccc2ccccc12)N1CC(N2CCCCCC2)C1,0.670344725169225,binned_cosine_1Da,85,False,predicted_spectrum,6577
CASMI2022,massformer,completed,135,135,315,CASMI_MOL_1196933,CASMI_MOL_734771,734771,CN1CCC(O)(c2ccc3[nH]cc(C4=CCN5CCCC5C4)c3c2)CC1,0.6700921748404937,binned_cosine_1Da,86,False,predicted_spectrum,6577
CASMI2022,massformer,completed,135,135,315,CASMI_MOL_1196933,CASMI_MOL_735110,735110,CN1CCC(O)(c2ccc3[nH]cc(C4=CCN5CCCC5C4)c3c2)CC1,0.6700921748404937,binned_cosine_1Da,87,False,predicted_spectrum,6577
CASMI2022,massformer,completed,135,135,315,CASMI_MOL_1196933,CASMI_MOL_731764,731764,CN=C(NC1CCCC(SC)C1)NC1C2CCOC2C12CCCC2,0.6693153569121687,binned_cosine_1Da,88,False,predicted_spectrum,6577
CASMI2022,massformer,completed,135,135,315,CASMI_MOL_1196933,CASMI_MOL_735032,735032,CCN(CC)C1C(=O)Nc2ccc(C)cc2C1c1ccc(N(C)C)cc1,0.6685461985639697,binned_cosine_1Da,89,False,predicted_spectrum,6577
CASMI2022,massformer,completed,135,135,315,CASMI_MOL_1196933,CASMI_MOL_733289,733289,CN1CC=C(c2c[nH]c3ccc(C4(O)CCN5CCCC5C4)cc23)CC1,0.6681686911206225,binned_cosine_1Da,90,False,predicted_spectrum,6577
CASMI2022,massformer,completed,135,135,315,CASMI_MOL_1196933,CASMI_MOL_733290,733290,CN1CC=C(c2c[nH]c3ccc(C4(O)CCN5CCCC5C4)cc23)CC1,0.6681686911206225,binned_cosine_1Da,91,False,predicted_spectrum,6577
CASMI2022,massformer,completed,135,135,315,CASMI_MOL_1196933,CASMI_MOL_734808,734808,CN1CCN(C(=O)Cc2cccc3ccccc23)C(CN2CCCC2)C1,0.668037578179509,binned_cosine_1Da,92,False,predicted_spectrum,6577
CASMI2022,massformer,completed,135,135,315,CASMI_MOL_1196933,CASMI_MOL_731617,731617,CCN(CC)C(=O)N1c2ccccc2C(N(CC)CC)c2ccccc21,0.6673416137185532,binned_cosine_1Da,93,False,predicted_spectrum,6577
CASMI2022,massformer,completed,135,135,315,CASMI_MOL_1196933,CASMI_MOL_733672,733672,Cc1ccc(C2CN(C(=O)C3C4CNCC43)C3C4CCN(CC4)C23)cc1,0.6672980441210797,binned_cosine_1Da,94,False,predicted_spectrum,6577
CASMI2022,massformer,completed,135,135,315,CASMI_MOL_1196933,CASMI_MOL_732935,732935,O=C(CCN1CCN(C2CCCC2)CC1)Nc1cccc2ccccc12,0.6668358028545902,binned_cosine_1Da,95,False,predicted_spectrum,6577
CASMI2022,massformer,completed,135,135,315,CASMI_MOL_1196933,CASMI_MOL_733158,733158,Cn1cc(C(C)(O)c2ccc(C=C3CCN(C4CCC4)CC3)cc2)cn1,0.6668312003572093,binned_cosine_1Da,96,False,predicted_spectrum,6577
CASMI2022,massformer,completed,135,135,315,CASMI_MOL_1196933,CASMI_MOL_731600,731600,CC(C)CNC(=O)c1cc(C2CCN(CC3CC3)C2)nc2ccccc12,0.6667911983054665,binned_cosine_1Da,97,False,predicted_spectrum,6577
CASMI2022,massformer,completed,135,135,315,CASMI_MOL_1196933,CASMI_MOL_732684,732684,CC(C)CNC(=O)c1cc(C2CCN(CC3CC3)C2)nc2ccccc12,0.6667911983054665,binned_cosine_1Da,98,False,predicted_spectrum,6577
CASMI2022,massformer,completed,135,135,315,CASMI_MOL_1196933,CASMI_MOL_732685,732685,CC(C)CNC(=O)c1cc(C2CCN(CC3CC3)C2)nc2ccccc12,0.6667911983054665,binned_cosine_1Da,99,False,predicted_spectrum,6577
CASMI2022,massformer,completed,135,135,315,CASMI_MOL_1196933,CASMI_MOL_732724,732724,CC1CCCCN1CCCNC(=O)Nc1ccccc1-c1ccccc1,0.6666708373043747,binned_cosine_1Da,100,False,predicted_spectrum,6577
CASMI2022,massformer,completed,135,135,315,CASMI_MOL_1196933,CASMI_MOL_1196933,1196933,CCC(C)(C)c1cc(-n2nc3ccccc3n2)c(O)c(C(C)(C)CC)c1,0.3264220233048853,binned_cosine_1Da,2543,True,predicted_spectrum,6577
CASMI2022,massformer,completed,136,136,316,CASMI_MOL_1196934,CASMI_MOL_742253,742253,CCCCC(C(=O)OC)C1(O)CCOC(CCC)C1,0.735650483939383,binned_cosine_1Da,1,False,predicted_spectrum,9626
CASMI2022,massformer,completed,136,136,316,CASMI_MOL_1196934,CASMI_MOL_742478,742478,CCCCC1CCC(CC(O)COC)(C(=O)O)CC1,0.7336039000197287,binned_cosine_1Da,2,False,predicted_spectrum,9626
CASMI2022,massformer,completed,136,136,316,CASMI_MOL_1196934,CASMI_MOL_742267,742267,CCCCC(C(=O)OC)C1(O)CCOC(C)(CC)C1,0.730555819350912,binned_cosine_1Da,3,False,predicted_spectrum,9626
CASMI2022,massformer,completed,136,136,316,CASMI_MOL_1196934,CASMI_MOL_745044,745044,CCC1C(O)CC(O)C1CCCCCCC(=O)OC,0.7296718649528041,binned_cosine_1Da,4,False,predicted_spectrum,9626
CASMI2022,massformer,completed,136,136,316,CASMI_MOL_1196934,CASMI_MOL_745045,745045,CCC1C(O)CC(O)C1CCCCCCC(=O)OC,0.7296718649528041,binned_cosine_1Da,5,False,predicted_spectrum,9626
CASMI2022,massformer,completed,136,136,316,CASMI_MOL_1196934,CASMI_MOL_742475,742475,CCCC1CCC(CC(O)COCC)(C(=O)O)CC1,0.7278558517682822,binned_cosine_1Da,6,False,predicted_spectrum,9626
CASMI2022,massformer,completed,136,136,316,CASMI_MOL_1196934,CASMI_MOL_741441,741441,CCCC1CC(O)(C(CCC)C(=O)OCC)CCO1,0.7277677608858037,binned_cosine_1Da,7,False,predicted_spectrum,9626
CASMI2022,massformer,completed,136,136,316,CASMI_MOL_1196934,CASMI_MOL_742473,742473,CC(C)OCC(O)CC1(C(=O)O)CCC(C)(C)CC1,0.7243980511483654,binned_cosine_1Da,8,False,predicted_spectrum,9626
CASMI2022,massformer,completed,136,136,316,CASMI_MOL_1196934,CASMI_MOL_737977,737977,COCCOCCCC1CC(C)(C)CCC1C(=O)O,0.7231393094516494,binned_cosine_1Da,9,False,predicted_spectrum,9626
CASMI2022,massformer,completed,136,136,316,CASMI_MOL_1196934,CASMI_MOL_739969,739969,COCCOCCCC1(C(=O)O)CCC(C)(C)CC1,0.7225262752000794,binned_cosine_1Da,10,False,predicted_spectrum,9626
CASMI2022,massformer,completed,136,136,316,CASMI_MOL_1196934,CASMI_MOL_742266,742266,CCCCC(C(=O)OC)C1(O)CC(C)(C)OC1(C)C,0.7222527370112938,binned_cosine_1Da,11,False,predicted_spectrum,9626
CASMI2022,massformer,completed,136,136,316,CASMI_MOL_1196934,CASMI_MOL_738553,738553,CCCCOCC(O)CC1(C(=O)O)CCC(CC)C1,0.7209655479275164,binned_cosine_1Da,12,False,predicted_spectrum,9626
CASMI2022,massformer,completed,136,136,316,CASMI_MOL_1196934,CASMI_MOL_737971,737971,CCCCOCC(O)CC1(C(=O)O)CCCCCC1,0.7204577286378904,binned_cosine_1Da,13,False,predicted_spectrum,9626
CASMI2022,massformer,completed,136,136,316,CASMI_MOL_1196934,CASMI_MOL_736896,736896,CCCCC(CCCC)(CCCCC(=O)O)C(=O)O,0.7195548475725082,binned_cosine_1Da,14,False,predicted_spectrum,9626
CASMI2022,massformer,completed,136,136,316,CASMI_MOL_1196934,CASMI_MOL_740370,740370,CCCC(O)CC1CCC(C)(C(=O)OCC)C1(C)O,0.7195367570940117,binned_cosine_1Da,15,False,predicted_spectrum,9626
CASMI2022,massformer,completed,136,136,316,CASMI_MOL_1196934,CASMI_MOL_740371,740371,CCCC(O)CC1CCC(C)(C(=O)OCC)C1(C)O,0.7195367570940117,binned_cosine_1Da,16,False,predicted_spectrum,9626
CASMI2022,massformer,completed,136,136,316,CASMI_MOL_1196934,CASMI_MOL_737985,737985,COCCCOCCC1(C(=O)O)CCC(C)(C)CC1,0.7193246659365639,binned_cosine_1Da,17,False,predicted_spectrum,9626
CASMI2022,massformer,completed,136,136,316,CASMI_MOL_1196934,CASMI_MOL_741444,741444,CCCC(C(=O)OCC)C1(O)CCOC(C)(CC)C1,0.7192920062172796,binned_cosine_1Da,18,False,predicted_spectrum,9626
CASMI2022,massformer,completed,136,136,316,CASMI_MOL_1196934,CASMI_MOL_742472,742472,CCC1CCCC(CC(O)COC(C)C)(C(=O)O)C1,0.7189010061093789,binned_cosine_1Da,19,False,predicted_spectrum,9626
CASMI2022,massformer,completed,136,136,316,CASMI_MOL_1196934,CASMI_MOL_737973,737973,CCCC1CCC(=O)C(CC(O)COCCOC)C1,0.7187045388504867,binned_cosine_1Da,20,False,predicted_spectrum,9626
CASMI2022,massformer,completed,136,136,316,CASMI_MOL_1196934,CASMI_MOL_742476,742476,CCCCC1CCC(CCOCCO)(C(=O)O)CC1,0.7181662481557748,binned_cosine_1Da,21,False,predicted_spectrum,9626
CASMI2022,massformer,completed,136,136,316,CASMI_MOL_1196934,CASMI_MOL_745187,745187,CCCC(CCC)C(=O)C(O)CC1(O)C(O)C1(C)C,0.7180257316491816,binned_cosine_1Da,22,False,predicted_spectrum,9626
CASMI2022,massformer,completed,136,136,316,CASMI_MOL_1196934,CASMI_MOL_743568,743568,CCCC1CCC(CCOCCOC)(C(=O)O)CC1,0.7179159011302435,binned_cosine_1Da,23,False,predicted_spectrum,9626
CASMI2022,massformer,completed,136,136,316,CASMI_MOL_1196934,CASMI_MOL_737972,737972,CCCCOCC(O)CC1(C(=O)O)CCCC(C)C1,0.7173417338199836,binned_cosine_1Da,24,False,predicted_spectrum,9626
CASMI2022,massformer,completed,136,136,316,CASMI_MOL_1196934,CASMI_MOL_735887,735887,CCCCC(CC)(CCCCCCC(=O)O)C(=O)O,0.7168822555667502,binned_cosine_1Da,25,False,predicted_spectrum,9626
CASMI2022,massformer,completed,136,136,316,CASMI_MOL_1196934,CASMI_MOL_742096,742096,CC(C)OCC(O)CC1(C(=O)O)CCCCCCC1,0.7166893855720724,binned_cosine_1Da,26,False,predicted_spectrum,9626
CASMI2022,massformer,completed,136,136,316,CASMI_MOL_1196934,CASMI_MOL_737087,737087,CCC(C)CC(CCC(=O)O)(CC(C)CC)C(=O)O,0.7165102041742927,binned_cosine_1Da,27,False,predicted_spectrum,9626
CASMI2022,massformer,completed,136,136,316,CASMI_MOL_1196934,CASMI_MOL_736010,736010,CCCC(CC)(CCCCCCCC(=O)O)C(=O)O,0.7159926381468111,binned_cosine_1Da,28,False,predicted_spectrum,9626
CASMI2022,massformer,completed,136,136,316,CASMI_MOL_1196934,CASMI_MOL_741023,741023,CCCC(CCC(CCC)(CCC)C(=O)O)C(=O)O,0.7159197942763842,binned_cosine_1Da,29,False,predicted_spectrum,9626
CASMI2022,massformer,completed,136,136,316,CASMI_MOL_1196934,CASMI_MOL_740033,740033,CCC1CCCC(CCOCCCOC)(C(=O)O)C1,0.7153201037944138,binned_cosine_1Da,30,False,predicted_spectrum,9626
CASMI2022,massformer,completed,136,136,316,CASMI_MOL_1196934,CASMI_MOL_738628,738628,CCC1CCC(=O)C(CC(O)COC(C)COC)C1,0.7147087211103342,binned_cosine_1Da,31,False,predicted_spectrum,9626
CASMI2022,massformer,completed,136,136,316,CASMI_MOL_1196934,CASMI_MOL_739968,739968,CCC1CCCC(CCCOCCOC)(C(=O)O)C1,0.7143195416881271,binned_cosine_1Da,32,False,predicted_spectrum,9626
CASMI2022,massformer,completed,136,136,316,CASMI_MOL_1196934,CASMI_MOL_741077,741077,CCC(CC)CC(C)(CCCCCC(=O)O)C(=O)O,0.7141608780296307,binned_cosine_1Da,33,False,predicted_spectrum,9626
CASMI2022,massformer,completed,136,136,316,CASMI_MOL_1196934,CASMI_MOL_738554,738554,CCCCOCC(O)CC1(C(=O)O)CCC(C)CC1,0.7137033425740046,binned_cosine_1Da,34,False,predicted_spectrum,9626
CASMI2022,massformer,completed,136,136,316,CASMI_MOL_1196934,CASMI_MOL_736004,736004,CCCCC(C)(CCCCCCCC(=O)O)C(=O)O,0.713462958911469,binned_cosine_1Da,35,False,predicted_spectrum,9626
CASMI2022,massformer,completed,136,136,316,CASMI_MOL_1196934,CASMI_MOL_736067,736067,CCCCC(CCCC)(CCC(=O)O)CCC(=O)O,0.7133267398301097,binned_cosine_1Da,36,False,predicted_spectrum,9626
CASMI2022,massformer,completed,136,136,316,CASMI_MOL_1196934,CASMI_MOL_736095,736095,CCCC(O)CCCCCCCC(=O)CC(=O)OC,0.7126035679534343,binned_cosine_1Da,37,False,predicted_spectrum,9626
CASMI2022,massformer,completed,136,136,316,CASMI_MOL_1196934,CASMI_MOL_739967,739967,COCCOCCCC1(C(=O)O)CCCCCCC1,0.7123946259220745,binned_cosine_1Da,38,False,predicted_spectrum,9626
CASMI2022,massformer,completed,136,136,316,CASMI_MOL_1196934,CASMI_MOL_740943,740943,CCCC(CC)(C(=O)O)C(CC)(CC(C)C)C(=O)O,0.7117510425433288,binned_cosine_1Da,39,False,predicted_spectrum,9626
CASMI2022,massformer,completed,136,136,316,CASMI_MOL_1196934,CASMI_MOL_741070,741070,CCCCCC(CCC)CC(C)(CC(=O)O)C(=O)O,0.7110640388677628,binned_cosine_1Da,40,False,predicted_spectrum,9626
CASMI2022,massformer,completed,136,136,316,CASMI_MOL_1196934,CASMI_MOL_740368,740368,CCOC(=O)C1(C)CCC(CC(O)C(C)C)C1(C)O,0.7109757070995878,binned_cosine_1Da,41,False,predicted_spectrum,9626
CASMI2022,massformer,completed,136,136,316,CASMI_MOL_1196934,CASMI_MOL_740369,740369,CCOC(=O)C1(C)CCC(CC(O)C(C)C)C1(C)O,0.7109757070995878,binned_cosine_1Da,42,False,predicted_spectrum,9626
CASMI2022,massformer,completed,136,136,316,CASMI_MOL_1196934,CASMI_MOL_745095,745095,CCC1CC(CC)C(CC(O)CC(=O)OCOC)C1,0.7108365501825346,binned_cosine_1Da,43,False,predicted_spectrum,9626
CASMI2022,massformer,completed,136,136,316,CASMI_MOL_1196934,CASMI_MOL_742474,742474,CCC1CCC(CC(O)COC(C)C)(C(=O)O)CC1,0.7105718291229055,binned_cosine_1Da,44,False,predicted_spectrum,9626
CASMI2022,massformer,completed,136,136,316,CASMI_MOL_1196934,CASMI_MOL_738845,738845,CCCCCCCOCC1(O)CCC(C(=O)O)CC1,0.710395737009856,binned_cosine_1Da,45,False,predicted_spectrum,9626
CASMI2022,massformer,completed,136,136,316,CASMI_MOL_1196934,CASMI_MOL_740944,740944,CCCC(C(=O)O)C(CC)(CC(C)C)C(=O)OCC,0.7101304717972073,binned_cosine_1Da,46,False,predicted_spectrum,9626
CASMI2022,massformer,completed,136,136,316,CASMI_MOL_1196934,CASMI_MOL_736867,736867,CCCCC(C(=O)O)(C(=O)O)C(CC)(CC)CCC,0.7100832088172799,binned_cosine_1Da,47,False,predicted_spectrum,9626
CASMI2022,massformer,completed,136,136,316,CASMI_MOL_1196934,CASMI_MOL_740032,740032,COCCCOCCC1(C(=O)O)CCCCCCC1,0.7099957666277636,binned_cosine_1Da,48,False,predicted_spectrum,9626
CASMI2022,massformer,completed,136,136,316,CASMI_MOL_1196934,CASMI_MOL_736098,736098,CCC(O)CCCCCCCCC(=O)CC(=O)OC,0.709921443926784,binned_cosine_1Da,49,False,predicted_spectrum,9626
CASMI2022,massformer,completed,136,136,316,CASMI_MOL_1196934,CASMI_MOL_737978,737978,CCC1CCC(CCCOCCOC)(C(=O)O)CC1,0.7095645414053673,binned_cosine_1Da,50,False,predicted_spectrum,9626
CASMI2022,massformer,completed,136,136,316,CASMI_MOL_1196934,CASMI_MOL_741045,741045,CC(C)CC(C)(CC(C)C)C(C)(CC(=O)O)C(=O)O,0.7093100583193036,binned_cosine_1Da,51,False,predicted_spectrum,9626
CASMI2022,massformer,completed,136,136,316,CASMI_MOL_1196934,CASMI_MOL_741037,741037,C=C(C(=O)OCCCCCC)C(O)CCCCCO,0.709117177199322,binned_cosine_1Da,52,False,predicted_spectrum,9626
CASMI2022,massformer,completed,136,136,316,CASMI_MOL_1196934,CASMI_MOL_741089,741089,CCCCCC(CCCCC)(CCC(=O)O)C(=O)O,0.7089528186273276,binned_cosine_1Da,53,False,predicted_spectrum,9626
CASMI2022,massformer,completed,136,136,316,CASMI_MOL_1196934,CASMI_MOL_740399,740399,CCCCCCCCCC(O)CC(=O)CC(=O)OC,0.7085217481325741,binned_cosine_1Da,54,False,predicted_spectrum,9626
CASMI2022,massformer,completed,136,136,316,CASMI_MOL_1196934,CASMI_MOL_736852,736852,CC(CCCC(C)(O)C1CCC(C)(O)C1C)C(=O)O,0.7083382320848822,binned_cosine_1Da,55,False,predicted_spectrum,9626
CASMI2022,massformer,completed,136,136,316,CASMI_MOL_1196934,CASMI_MOL_736853,736853,CC(CCCC(C)(O)C1CCC(C)(O)C1C)C(=O)O,0.7083382320848822,binned_cosine_1Da,56,False,predicted_spectrum,9626
CASMI2022,massformer,completed,136,136,316,CASMI_MOL_1196934,CASMI_MOL_736854,736854,CC(CCCC(C)(O)C1CCC(C)(O)C1C)C(=O)O,0.7083382320848822,binned_cosine_1Da,57,False,predicted_spectrum,9626
CASMI2022,massformer,completed,136,136,316,CASMI_MOL_1196934,CASMI_MOL_740416,740416,CC(CCCC(C)(O)C1CCC(C)(O)C1C)C(=O)O,0.7083382320848822,binned_cosine_1Da,58,False,predicted_spectrum,9626
CASMI2022,massformer,completed,136,136,316,CASMI_MOL_1196934,CASMI_MOL_742670,742670,CC(CCCC(C)(O)C1CCC(C)(O)C1C)C(=O)O,0.7083382320848822,binned_cosine_1Da,59,False,predicted_spectrum,9626
CASMI2022,massformer,completed,136,136,316,CASMI_MOL_1196934,CASMI_MOL_744985,744985,CC(CCCC(C)(O)C1CCC(C)(O)C1C)C(=O)O,0.7083382320848822,binned_cosine_1Da,60,False,predicted_spectrum,9626
CASMI2022,massformer,completed,136,136,316,CASMI_MOL_1196934,CASMI_MOL_742268,742268,CCCCC(C(=O)OC)C1(O)CCOC(C(C)C)C1,0.7082613742205414,binned_cosine_1Da,61,False,predicted_spectrum,9626
CASMI2022,massformer,completed,136,136,316,CASMI_MOL_1196934,CASMI_MOL_740034,740034,CCC1CCC(CCOCCCOC)(C(=O)O)CC1,0.7080872451773108,binned_cosine_1Da,62,False,predicted_spectrum,9626
CASMI2022,massformer,completed,136,136,316,CASMI_MOL_1196934,CASMI_MOL_745142,745142,C=C(C(=O)O)C(O)CCCCCCCCCCCO,0.70764422725585,binned_cosine_1Da,63,False,predicted_spectrum,9626
CASMI2022,massformer,completed,136,136,316,CASMI_MOL_1196934,CASMI_MOL_741038,741038,C=C(C(=O)OCCCCC)C(O)CCCCCCO,0.7065701407254988,binned_cosine_1Da,64,False,predicted_spectrum,9626
CASMI2022,massformer,completed,136,136,316,CASMI_MOL_1196934,CASMI_MOL_745134,745134,CCCCCC(CCCCC)(CC(=O)OC)C(=O)O,0.7061162527196045,binned_cosine_1Da,65,False,predicted_spectrum,9626
CASMI2022,massformer,completed,136,136,316,CASMI_MOL_1196934,CASMI_MOL_736516,736516,CCCC(CC)C(CCCCCCC(=O)O)C(=O)O,0.7059505133651424,binned_cosine_1Da,66,False,predicted_spectrum,9626
CASMI2022,massformer,completed,136,136,316,CASMI_MOL_1196934,CASMI_MOL_741052,741052,CCC(C)(C(=O)O)C(CC(C)C)(CC(C)C)C(=O)O,0.7059160788886074,binned_cosine_1Da,67,False,predicted_spectrum,9626
CASMI2022,massformer,completed,136,136,316,CASMI_MOL_1196934,CASMI_MOL_741443,741443,CCCC(C(=O)OCC)C1(O)CC(C)(C)OC1(C)C,0.7053833936375619,binned_cosine_1Da,68,False,predicted_spectrum,9626
CASMI2022,massformer,completed,136,136,316,CASMI_MOL_1196934,CASMI_MOL_741138,741138,O=CCCCCCCCCCCCC(=O)OCCO,0.7047507982010556,binned_cosine_1Da,69,False,predicted_spectrum,9626
CASMI2022,massformer,completed,136,136,316,CASMI_MOL_1196934,CASMI_MOL_740931,740931,C=C(CCCCCCCCCCCC(O)O)C(=O)O,0.7046615311588293,binned_cosine_1Da,70,False,predicted_spectrum,9626
CASMI2022,massformer,completed,136,136,316,CASMI_MOL_1196934,CASMI_MOL_736515,736515,CCC(CC)C(CCCCCCCC(=O)O)C(=O)O,0.7043542274330836,binned_cosine_1Da,71,False,predicted_spectrum,9626
CASMI2022,massformer,completed,136,136,316,CASMI_MOL_1196934,CASMI_MOL_736238,736238,C=C(C)C(=O)OCC(C)C(O)C(C)(CO)CC(C)C,0.704090170927031,binned_cosine_1Da,72,False,predicted_spectrum,9626
CASMI2022,massformer,completed,136,136,316,CASMI_MOL_1196934,CASMI_MOL_741075,741075,CCC(CC)CC(C)(CCCC(C)C(=O)O)C(=O)O,0.7039642521178834,binned_cosine_1Da,73,False,predicted_spectrum,9626
CASMI2022,massformer,completed,136,136,316,CASMI_MOL_1196934,CASMI_MOL_736097,736097,COC(=O)CC(=O)CCCCCCCCCC(C)O,0.703828825519927,binned_cosine_1Da,74,False,predicted_spectrum,9626
CASMI2022,massformer,completed,136,136,316,CASMI_MOL_1196934,CASMI_MOL_735765,735765,CCC(=O)OC1(C)CCC(O)C(C(C)CC)C1(C)O,0.7037523188718746,binned_cosine_1Da,75,False,predicted_spectrum,9626
CASMI2022,massformer,completed,136,136,316,CASMI_MOL_1196934,CASMI_MOL_741016,741016,CCCCCC(CCCCC)(CC(=O)O)C(=O)OC,0.7037239208779871,binned_cosine_1Da,76,False,predicted_spectrum,9626
CASMI2022,massformer,completed,136,136,316,CASMI_MOL_1196934,CASMI_MOL_741017,741017,CCCCC(C)(CC)CC(CCCC(=O)O)C(=O)O,0.7035409137370039,binned_cosine_1Da,77,False,predicted_spectrum,9626
CASMI2022,massformer,completed,136,136,316,CASMI_MOL_1196934,CASMI_MOL_740834,740834,CCCCCCCCCCCC(=O)C(=O)C(O)CO,0.7032714069328254,binned_cosine_1Da,78,False,predicted_spectrum,9626
CASMI2022,massformer,completed,136,136,316,CASMI_MOL_1196934,CASMI_MOL_736873,736873,CCCC(CCCC(=O)O)C(CCC)CCC(=O)O,0.7030996025358295,binned_cosine_1Da,79,False,predicted_spectrum,9626
CASMI2022,massformer,completed,136,136,316,CASMI_MOL_1196934,CASMI_MOL_739966,739966,CCC1CCC(C(=O)O)C(CCCOCCOC)C1,0.7029153832955906,binned_cosine_1Da,80,False,predicted_spectrum,9626
CASMI2022,massformer,completed,136,136,316,CASMI_MOL_1196934,CASMI_MOL_740382,740382,CCCCCCC1CC(O)CC(CC(=O)OCC)O1,0.7025931440517156,binned_cosine_1Da,81,False,predicted_spectrum,9626
CASMI2022,massformer,completed,136,136,316,CASMI_MOL_1196934,CASMI_MOL_736009,736009,CCC(CCCCCCCC(=O)O)CCC(=O)OC,0.7025548477704144,binned_cosine_1Da,82,False,predicted_spectrum,9626
CASMI2022,massformer,completed,136,136,316,CASMI_MOL_1196934,CASMI_MOL_741086,741086,CC(C)CC(CCCCC(=O)O)(CC(C)C)C(=O)O,0.7022341949602611,binned_cosine_1Da,83,False,predicted_spectrum,9626
CASMI2022,massformer,completed,136,136,316,CASMI_MOL_1196934,CASMI_MOL_741009,741009,CCCCC(CCCCCCC(=O)O)CCC(=O)O,0.701955820813776,binned_cosine_1Da,84,False,predicted_spectrum,9626
CASMI2022,massformer,completed,136,136,316,CASMI_MOL_1196934,CASMI_MOL_737133,737133,CCCC(C)(C)C(C(=O)O)C(C(=O)O)C(C)(C)CC,0.7013724270345126,binned_cosine_1Da,85,False,predicted_spectrum,9626
CASMI2022,massformer,completed,136,136,316,CASMI_MOL_1196934,CASMI_MOL_740437,740437,CCCCCCCCCCCC(=O)C(C)(O)C(=O)O,0.7007936043644516,binned_cosine_1Da,86,False,predicted_spectrum,9626
CASMI2022,massformer,completed,136,136,316,CASMI_MOL_1196934,CASMI_MOL_740438,740438,CCCCCCCCCCCC(=O)C(C)(O)C(=O)O,0.7007936043644516,binned_cosine_1Da,87,False,predicted_spectrum,9626
CASMI2022,massformer,completed,136,136,316,CASMI_MOL_1196934,CASMI_MOL_740941,740941,CCC(CC(C)C)(C(=O)O)C(CC)(C(=O)O)C(C)C,0.7006512998003699,binned_cosine_1Da,88,False,predicted_spectrum,9626
CASMI2022,massformer,completed,136,136,316,CASMI_MOL_1196934,CASMI_MOL_738037,738037,CCOC(=O)C(CC(C)C)(CC(CC)CC)C(=O)O,0.7003911734337258,binned_cosine_1Da,89,False,predicted_spectrum,9626
CASMI2022,massformer,completed,136,136,316,CASMI_MOL_1196934,CASMI_MOL_736016,736016,CCCCCCCCCCC(=O)CCC(O)C(=O)O,0.7003813762477412,binned_cosine_1Da,90,False,predicted_spectrum,9626
CASMI2022,massformer,completed,136,136,316,CASMI_MOL_1196934,CASMI_MOL_735660,735660,CCCCCCCCCC(CCCC(=O)O)OC=O,0.7003180832440747,binned_cosine_1Da,91,False,predicted_spectrum,9626
CASMI2022,massformer,completed,136,136,316,CASMI_MOL_1196934,CASMI_MOL_740913,740913,CCC(CCCCCCCCC(=O)O)CCC(=O)O,0.7001305771728918,binned_cosine_1Da,92,False,predicted_spectrum,9626
CASMI2022,massformer,completed,136,136,316,CASMI_MOL_1196934,CASMI_MOL_736788,736788,CCCCCC1(CC)CC(CC)C(C(O)C(=O)O)O1,0.6997381234819782,binned_cosine_1Da,93,False,predicted_spectrum,9626
CASMI2022,massformer,completed,136,136,316,CASMI_MOL_1196934,CASMI_MOL_741014,741014,CCCCC(CC(C)(C)CC(C)CC(=O)O)C(=O)O,0.6997073909523968,binned_cosine_1Da,94,False,predicted_spectrum,9626
CASMI2022,massformer,completed,136,136,316,CASMI_MOL_1196934,CASMI_MOL_745179,745179,CCCCCCCCCCCC(=O)C(O)(O)C(C)=O,0.6995081270305695,binned_cosine_1Da,95,False,predicted_spectrum,9626
CASMI2022,massformer,completed,136,136,316,CASMI_MOL_1196934,CASMI_MOL_740995,740995,CCC(C)(C)CC(CC(=O)O)(C(=O)O)C(C)(C)CC,0.6994382724246436,binned_cosine_1Da,96,False,predicted_spectrum,9626
CASMI2022,massformer,completed,136,136,316,CASMI_MOL_1196934,CASMI_MOL_736675,736675,CCC=CCCCCCCCCOC(=O)C(O)CO,0.6992667088202461,binned_cosine_1Da,97,False,predicted_spectrum,9626
CASMI2022,massformer,completed,136,136,316,CASMI_MOL_1196934,CASMI_MOL_740923,740923,CC(C)CCC(CCC(=O)O)(CCC(C)C)C(=O)O,0.6992096312216798,binned_cosine_1Da,98,False,predicted_spectrum,9626
CASMI2022,massformer,completed,136,136,316,CASMI_MOL_1196934,CASMI_MOL_740942,740942,CCOC(=O)C(CC)(CC(C)C)C(C(=O)O)C(C)C,0.6988884174221371,binned_cosine_1Da,99,False,predicted_spectrum,9626
CASMI2022,massformer,completed,136,136,316,CASMI_MOL_1196934,CASMI_MOL_741082,741082,CCCCCCC(CCC(=O)O)C(CCC)C(=O)O,0.698234101986984,binned_cosine_1Da,100,False,predicted_spectrum,9626
CASMI2022,massformer,completed,136,136,316,CASMI_MOL_1196934,CASMI_MOL_1196934,1196934,CC(C)CCCCCCC(O)C1CC(CO)OC1=O,0.6729851312227318,binned_cosine_1Da,268,True,predicted_spectrum,9626
CASMI2022,massformer,completed,137,137,317,CASMI_MOL_1196935,CASMI_MOL_745712,745712,COc1ccc(-c2cc(=O)c3c(O)c(OC)c(OCC=C(C)C)c(OC)c3o2)cc1,0.4322591719618623,binned_cosine_1Da,1,False,predicted_spectrum,8774
CASMI2022,massformer,completed,137,137,317,CASMI_MOL_1196935,CASMI_MOL_753002,753002,COc1cc(-c2oc3cc(OCC=C(C)C)cc(OC)c3c(=O)c2OC)ccc1O,0.4282502285423489,binned_cosine_1Da,2,False,predicted_spectrum,8774
CASMI2022,massformer,completed,137,137,317,CASMI_MOL_1196935,CASMI_MOL_752131,752131,COc1cc(O)c2c(=O)c(OC)c(-c3ccc(OCC=C(C)C)c(OC)c3)oc2c1,0.4257570743496988,binned_cosine_1Da,3,False,predicted_spectrum,8774
CASMI2022,massformer,completed,137,137,317,CASMI_MOL_1196935,CASMI_MOL_753928,753928,COc1ccc(-c2oc3cc(OCC=C(C)C)cc(O)c3c(=O)c2OC)cc1OC,0.4248894374931613,binned_cosine_1Da,4,False,predicted_spectrum,8774
CASMI2022,massformer,completed,137,137,317,CASMI_MOL_1196935,CASMI_MOL_753262,753262,COc1cc(-c2cc3cc(CCCOC(C)=O)cc(OC)c3o2)ccc1OC(C)=O,0.4157114159093917,binned_cosine_1Da,5,False,predicted_spectrum,8774
CASMI2022,massformer,completed,137,137,317,CASMI_MOL_1196935,CASMI_MOL_746625,746625,CCCc1cc(-c2cc(=O)c3c(O)cc(OCC(=O)OCC)cc3o2)ccc1OC,0.4012370969287437,binned_cosine_1Da,6,False,predicted_spectrum,8774
CASMI2022,massformer,completed,137,137,317,CASMI_MOL_1196935,CASMI_MOL_748403,748403,CC(C)=CCCC(C)=CCOc1c(O)cc2oc3c(O)ccc(O)c3c(=O)c2c1O,0.3985263349373005,binned_cosine_1Da,7,False,predicted_spectrum,8774
CASMI2022,massformer,completed,137,137,317,CASMI_MOL_1196935,CASMI_MOL_752967,752967,COC(=O)CCCCc1oc2cc(OC)cc(O)c2c(=O)c1-c1ccc(OC)cc1,0.3968518476200284,binned_cosine_1Da,8,False,predicted_spectrum,8774
CASMI2022,massformer,completed,137,137,317,CASMI_MOL_1196935,CASMI_MOL_752465,752465,CCOC(=O)CCOc1ccc2c(=O)c(-c3ccc(OC)c(OC)c3)c(C)oc2c1,0.3933307394751159,binned_cosine_1Da,9,False,predicted_spectrum,8774
CASMI2022,massformer,completed,137,137,317,CASMI_MOL_1196935,CASMI_MOL_753706,753706,CCOC(=O)COc1c(-c2ccc(OC)c(OC)c2)oc2cc(C)c(C)cc2c1=O,0.3797226067934877,binned_cosine_1Da,10,False,predicted_spectrum,8774
CASMI2022,massformer,completed,137,137,317,CASMI_MOL_1196935,CASMI_MOL_752901,752901,CCOC(=O)C(C)Oc1ccc2oc(=O)c(-c3ccc(OC)c(OC)c3)c(C)c2c1,0.3795153041444262,binned_cosine_1Da,11,False,predicted_spectrum,8774
CASMI2022,massformer,completed,137,137,317,CASMI_MOL_1196935,CASMI_MOL_753779,753779,CCOC(=O)C(C)Oc1ccc2oc(=O)c(-c3ccc(OC)c(OC)c3)c(C)c2c1,0.3795153041444262,binned_cosine_1Da,12,False,predicted_spectrum,8774
CASMI2022,massformer,completed,137,137,317,CASMI_MOL_1196935,CASMI_MOL_753780,753780,CCOC(=O)C(C)Oc1ccc2oc(=O)c(-c3ccc(OC)c(OC)c3)c(C)c2c1,0.3795153041444262,binned_cosine_1Da,13,False,predicted_spectrum,8774
CASMI2022,massformer,completed,137,137,317,CASMI_MOL_1196935,CASMI_MOL_747463,747463,CC(C)=CCc1c(O)c(O)c(O)c2c(=O)c3c(CC=C(C)C)c(O)c(O)cc3oc12,0.3750694866570211,binned_cosine_1Da,14,False,predicted_spectrum,8774
CASMI2022,massformer,completed,137,137,317,CASMI_MOL_1196935,CASMI_MOL_752038,752038,COc1ccc(-c2oc3cc(O)c(OC)c(O)c3c(=O)c2OC)cc1CC=C(C)C,0.3713946769239176,binned_cosine_1Da,15,False,predicted_spectrum,8774
CASMI2022,massformer,completed,137,137,317,CASMI_MOL_1196935,CASMI_MOL_748386,748386,CCCCC(=O)c1c(OC)cc2c(c1OC)C(=O)c1c(OC)cc(OC)cc1C2=O,0.3704275405757212,binned_cosine_1Da,16,False,predicted_spectrum,8774
CASMI2022,massformer,completed,137,137,317,CASMI_MOL_1196935,CASMI_MOL_752907,752907,CCOC(=O)C(C)Oc1ccc2c(C)c(-c3ccc(OC)c(OC)c3)c(=O)oc2c1,0.3691679191908385,binned_cosine_1Da,17,False,predicted_spectrum,8774
CASMI2022,massformer,completed,137,137,317,CASMI_MOL_1196935,CASMI_MOL_753782,753782,CCOC(=O)C(C)Oc1ccc2c(C)c(-c3ccc(OC)c(OC)c3)c(=O)oc2c1,0.3691679191908385,binned_cosine_1Da,18,False,predicted_spectrum,8774
CASMI2022,massformer,completed,137,137,317,CASMI_MOL_1196935,CASMI_MOL_753783,753783,CCOC(=O)C(C)Oc1ccc2c(C)c(-c3ccc(OC)c(OC)c3)c(=O)oc2c1,0.3691679191908385,binned_cosine_1Da,19,False,predicted_spectrum,8774
CASMI2022,massformer,completed,137,137,317,CASMI_MOL_1196935,CASMI_MOL_746196,746196,COc1ccc(-c2oc3c(CC=C(C)C)c(O)cc(O)c3c(=O)c2OCCO)cc1,0.3669690223794609,binned_cosine_1Da,20,False,predicted_spectrum,8774
CASMI2022,massformer,completed,137,137,317,CASMI_MOL_1196935,CASMI_MOL_751187,751187,COc1ccc2c(c1)C(OC(=O)C(C)(C)C)C1(O)c3cc(OC)ccc3C(=O)C21O,0.3617397275312115,binned_cosine_1Da,21,False,predicted_spectrum,8774
CASMI2022,massformer,completed,137,137,317,CASMI_MOL_1196935,CASMI_MOL_745599,745599,CC(=O)COc1cc(OCC(C)=O)cc(-c2cc(OCC(C)=O)cc(C(C)=O)c2)c1,0.3615594778350171,binned_cosine_1Da,22,False,predicted_spectrum,8774
CASMI2022,massformer,completed,137,137,317,CASMI_MOL_1196935,CASMI_MOL_746102,746102,CCOCCOc1ccc(-c2cc(=O)c3cc(C(=O)O)ccc3o2)c(OC(C)C)c1,0.3615111786549631,binned_cosine_1Da,23,False,predicted_spectrum,8774
CASMI2022,massformer,completed,137,137,317,CASMI_MOL_1196935,CASMI_MOL_752981,752981,COC(=O)CCCCCCc1oc2cc(O)cc(O)c2c(=O)c1-c1ccc(O)cc1,0.3598063664594123,binned_cosine_1Da,24,False,predicted_spectrum,8774
CASMI2022,massformer,completed,137,137,317,CASMI_MOL_1196935,CASMI_MOL_748680,748680,COc1ccc(OC)c(-c2cc3ccc(OCC(=O)OC(C)(C)C)cc3oc2=O)c1,0.3569463901184229,binned_cosine_1Da,25,False,predicted_spectrum,8774
CASMI2022,massformer,completed,137,137,317,CASMI_MOL_1196935,CASMI_MOL_751584,751584,COc1cc(-c2oc3c(CC=C(C)C)c(OC)cc(O)c3c(=O)c2OC)ccc1O,0.3558948962147326,binned_cosine_1Da,26,False,predicted_spectrum,8774
CASMI2022,massformer,completed,137,137,317,CASMI_MOL_1196935,CASMI_MOL_752143,752143,COc1ccc(-c2oc3c(CC=C(C)C)c(O)cc(O)c3c(=O)c2OC)cc1OC,0.3547362957933003,binned_cosine_1Da,27,False,predicted_spectrum,8774
CASMI2022,massformer,completed,137,137,317,CASMI_MOL_1196935,CASMI_MOL_753986,753986,COc1ccc(OC)c(-c2c(C)c3cc(OCC(=O)OC(C)C)ccc3oc2=O)c1,0.3522041735019808,binned_cosine_1Da,28,False,predicted_spectrum,8774
CASMI2022,massformer,completed,137,137,317,CASMI_MOL_1196935,CASMI_MOL_751188,751188,COc1ccc2c(c1)C1(O)C(=O)c3ccc(OC)cc3C1(O)C2OC(=O)C(C)(C)C,0.3513329894144957,binned_cosine_1Da,29,False,predicted_spectrum,8774
CASMI2022,massformer,completed,137,137,317,CASMI_MOL_1196935,CASMI_MOL_753980,753980,COc1ccc(-c2c(C)c3cc(OCC(=O)OC(C)C)ccc3oc2=O)c(OC)c1,0.3509161892899101,binned_cosine_1Da,30,False,predicted_spectrum,8774
CASMI2022,massformer,completed,137,137,317,CASMI_MOL_1196935,CASMI_MOL_749387,749387,[H]C([H])(NC(=O)c1cc(C(=O)NC([H])([H])c2ccc(C(=O)O)cc2)ncn1)c1ccc(F)cc1,0.3419101808339626,binned_cosine_1Da,31,False,predicted_spectrum,8774
CASMI2022,massformer,completed,137,137,317,CASMI_MOL_1196935,CASMI_MOL_749247,749247,CC=CC(=O)OC1c2c(ccc3c(C)cc(=O)oc23)OC(C)(C)C1OC(=O)C=CC,0.3391448557162178,binned_cosine_1Da,32,False,predicted_spectrum,8774
CASMI2022,massformer,completed,137,137,317,CASMI_MOL_1196935,CASMI_MOL_753230,753230,COc1ccc(Oc2coc3c(CC=C(C)C)c(OC)cc(O)c3c2=O)c(OC)c1,0.3385188006590705,binned_cosine_1Da,33,False,predicted_spectrum,8774
CASMI2022,massformer,completed,137,137,317,CASMI_MOL_1196935,CASMI_MOL_748765,748765,COc1ccc(-c2coc3cc(OCC(=O)OC(C)(C)C)ccc3c2=O)cc1OC,0.3342006428812011,binned_cosine_1Da,34,False,predicted_spectrum,8774
CASMI2022,massformer,completed,137,137,317,CASMI_MOL_1196935,CASMI_MOL_750427,750427,CCCCC(Oc1cc(O)cc(-c2ccc(OC(F)(F)F)cc2)c1)C(=O)OCC,0.3340274054332585,binned_cosine_1Da,35,False,predicted_spectrum,8774
CASMI2022,massformer,completed,137,137,317,CASMI_MOL_1196935,CASMI_MOL_748321,748321,COc1ccc(-c2coc3cc(O)c(CC=C(C)C)c(O)c3c2=O)c(OC)c1OC,0.3317401163947435,binned_cosine_1Da,36,False,predicted_spectrum,8774
CASMI2022,massformer,completed,137,137,317,CASMI_MOL_1196935,CASMI_MOL_745819,745819,CC(=O)OC1C(C)C(COC(=O)C(O)CC(=O)O)OC1N1C=CCC(C(N)=O)=C1,0.3305569436824034,binned_cosine_1Da,37,False,predicted_spectrum,8774
CASMI2022,massformer,completed,137,137,317,CASMI_MOL_1196935,CASMI_MOL_745843,745843,CC(=O)OC1C(C)C(COC(=O)C(O)CC(=O)O)OC1N1C=CCC(C(N)=O)=C1,0.3305569436824034,binned_cosine_1Da,38,False,predicted_spectrum,8774
CASMI2022,massformer,completed,137,137,317,CASMI_MOL_1196935,CASMI_MOL_745762,745762,CC(=O)OC1C(C)C(COC(=O)CC(O)C(=O)O)OC1N1C=CCC(C(N)=O)=C1,0.3305451704956192,binned_cosine_1Da,39,False,predicted_spectrum,8774
CASMI2022,massformer,completed,137,137,317,CASMI_MOL_1196935,CASMI_MOL_745836,745836,CC(=O)OC1C(C)C(COC(=O)CC(O)C(=O)O)OC1N1C=CCC(C(N)=O)=C1,0.3305451704956192,binned_cosine_1Da,40,False,predicted_spectrum,8774
CASMI2022,massformer,completed,137,137,317,CASMI_MOL_1196935,CASMI_MOL_745671,745671,COc1c(C(CC(C)C)OC(C)=O)ccc2c1C(=O)C1(O2)C(=O)C=C(C)C=C1C=O,0.328597791867411,binned_cosine_1Da,41,False,predicted_spectrum,8774
CASMI2022,massformer,completed,137,137,317,CASMI_MOL_1196935,CASMI_MOL_745672,745672,COc1c(C(CC(C)C)OC(C)=O)ccc2c1C(=O)C1(O2)C(=O)C=C(C)C=C1C=O,0.328597791867411,binned_cosine_1Da,42,False,predicted_spectrum,8774
CASMI2022,massformer,completed,137,137,317,CASMI_MOL_1196935,CASMI_MOL_745673,745673,COc1c(C(CC(C)C)OC(C)=O)ccc2c1C(=O)C1(O2)C(=O)C=C(C)C=C1C=O,0.328597791867411,binned_cosine_1Da,43,False,predicted_spectrum,8774
CASMI2022,massformer,completed,137,137,317,CASMI_MOL_1196935,CASMI_MOL_750426,750426,CCCCC(Oc1ccc(-c2ccc(OC(F)(F)F)cc2)cc1O)C(=O)OCC,0.3271438944541848,binned_cosine_1Da,44,False,predicted_spectrum,8774
CASMI2022,massformer,completed,137,137,317,CASMI_MOL_1196935,CASMI_MOL_745360,745360,CC(=O)OC1C(COC(=O)C(C)N)OC(N2C=CCC(C(=O)O)=C2)C1OC(C)=O,0.3247542391940895,binned_cosine_1Da,45,False,predicted_spectrum,8774
CASMI2022,massformer,completed,137,137,317,CASMI_MOL_1196935,CASMI_MOL_752132,752132,COc1cc(-c2oc3cc(O)cc(O)c3c(=O)c2CC=C(C)C)cc(OC)c1OC,0.317457280117617,binned_cosine_1Da,46,False,predicted_spectrum,8774
CASMI2022,massformer,completed,137,137,317,CASMI_MOL_1196935,CASMI_MOL_752310,752310,CCCCOc1ccc(Nc2ncnc(NNC(=O)c3ccco3)c2[N+](=O)[O-])cc1,0.3145536218994482,binned_cosine_1Da,47,False,predicted_spectrum,8774
CASMI2022,massformer,completed,137,137,317,CASMI_MOL_1196935,CASMI_MOL_746733,746733,CCCOC(=O)CN(c1cc([N+](=O)[O-])ccc1O)C(C(=O)OCC)C(=O)OCC,0.3113608759180613,binned_cosine_1Da,48,False,predicted_spectrum,8774
CASMI2022,massformer,completed,137,137,317,CASMI_MOL_1196935,CASMI_MOL_748572,748572,COC(=O)CC(CC(C)C)c1c(O)c(O)c(O)c2c(=O)cc(-c3ccccc3)oc12,0.311242496636023,binned_cosine_1Da,49,False,predicted_spectrum,8774
CASMI2022,massformer,completed,137,137,317,CASMI_MOL_1196935,CASMI_MOL_748573,748573,COC(=O)CC(CC(C)C)c1c(O)c(O)c(O)c2c(=O)cc(-c3ccccc3)oc12,0.311242496636023,binned_cosine_1Da,50,False,predicted_spectrum,8774
CASMI2022,massformer,completed,137,137,317,CASMI_MOL_1196935,CASMI_MOL_749358,749358,COC(=O)CC(CC(C)C)c1c(O)c(O)c(O)c2c(=O)cc(-c3ccccc3)oc12,0.311242496636023,binned_cosine_1Da,51,False,predicted_spectrum,8774
CASMI2022,massformer,completed,137,137,317,CASMI_MOL_1196935,CASMI_MOL_746708,746708,CCCOC(=O)CN(c1ccc([N+](=O)[O-])cc1O)C(C(=O)OCC)C(=O)OCC,0.3074651175948296,binned_cosine_1Da,52,False,predicted_spectrum,8774
CASMI2022,massformer,completed,137,137,317,CASMI_MOL_1196935,CASMI_MOL_749391,749391,CSc1ccc(C=C2C(C)=C(CC(=O)OCCCCO)c3cc(F)ccc32)cc1,0.3063031714382893,binned_cosine_1Da,53,False,predicted_spectrum,8774
CASMI2022,massformer,completed,137,137,317,CASMI_MOL_1196935,CASMI_MOL_753190,753190,CCC1(c2ccc(OC(C)=O)cc2OC(C)=O)CCc2ccc(OC(C)=O)cc2O1,0.3042230425452864,binned_cosine_1Da,54,False,predicted_spectrum,8774
CASMI2022,massformer,completed,137,137,317,CASMI_MOL_1196935,CASMI_MOL_748412,748412,COc1cc(O)c(-c2oc3cc(OC)c(CC=C(C)C)c(O)c3c2C=O)c(OC)c1,0.3028059687968759,binned_cosine_1Da,55,False,predicted_spectrum,8774
CASMI2022,massformer,completed,137,137,317,CASMI_MOL_1196935,CASMI_MOL_746528,746528,COc1ccc(-c2oc3cc(OC=CC(C)C)cc(O)c3c(=O)c2OC)cc1OC,0.3009890399188579,binned_cosine_1Da,56,False,predicted_spectrum,8774
CASMI2022,massformer,completed,137,137,317,CASMI_MOL_1196935,CASMI_MOL_752966,752966,COc1ccc(-c2c(CCCCC(=O)O)oc3cc(OC)cc(OC)c3c2=O)cc1,0.2943558506696873,binned_cosine_1Da,57,False,predicted_spectrum,8774
CASMI2022,massformer,completed,137,137,317,CASMI_MOL_1196935,CASMI_MOL_751575,751575,COc1c(C(CC(C)C)OC(C)=O)ccc2c1C(=O)Oc1cc(C)cc(C=O)c1O2,0.2934234777125892,binned_cosine_1Da,58,False,predicted_spectrum,8774
CASMI2022,massformer,completed,137,137,317,CASMI_MOL_1196935,CASMI_MOL_751545,751545,COc1cc(-c2cc(=O)c3c(O)cc(O)c(CC=C(C)C)c3o2)cc(OC)c1OC,0.292408982503974,binned_cosine_1Da,59,False,predicted_spectrum,8774
CASMI2022,massformer,completed,137,137,317,CASMI_MOL_1196935,CASMI_MOL_752546,752546,CCCc1c(OCCCOc2ccc3oc(C(=O)O)cc3c2)ccc(C(C)=O)c1O,0.2908862260957522,binned_cosine_1Da,60,False,predicted_spectrum,8774
CASMI2022,massformer,completed,137,137,317,CASMI_MOL_1196935,CASMI_MOL_747838,747838,CCOc1c(O)ccc(-c2cccc3c2COC3=O)c1OCC(=O)OC1CCCC1,0.2908639221538499,binned_cosine_1Da,61,False,predicted_spectrum,8774
CASMI2022,massformer,completed,137,137,317,CASMI_MOL_1196935,CASMI_MOL_747839,747839,CCOc1c(O)ccc(-c2cccc3c2COC3=O)c1OCC(=O)OCC1CCC1,0.2888512749181962,binned_cosine_1Da,62,False,predicted_spectrum,8774
CASMI2022,massformer,completed,137,137,317,CASMI_MOL_1196935,CASMI_MOL_749609,749609,CCC(=O)OC1C=C2C=c3oc(O)c(C)c3=CC2(C)C(C)C1OC(=O)c1ccco1,0.288744591464423,binned_cosine_1Da,63,False,predicted_spectrum,8774
CASMI2022,massformer,completed,137,137,317,CASMI_MOL_1196935,CASMI_MOL_748370,748370,CC(=O)OC1COC(c2ccc(-c3ccccc3)cc2)C(OC(C)=O)C1OC(C)=O,0.2856743256499553,binned_cosine_1Da,64,False,predicted_spectrum,8774
CASMI2022,massformer,completed,137,137,317,CASMI_MOL_1196935,CASMI_MOL_748349,748349,CC1=C(CC(=O)OC(C)(C)C)c2cc(F)ccc2C1=Cc1ccc([S+](C)[O-])cc1,0.2854001642708609,binned_cosine_1Da,65,False,predicted_spectrum,8774
CASMI2022,massformer,completed,137,137,317,CASMI_MOL_1196935,CASMI_MOL_750476,750476,CCCc1c(OCCCOc2c(C(=O)O)oc3ccccc23)ccc(C(C)=O)c1O,0.2852998592464097,binned_cosine_1Da,66,False,predicted_spectrum,8774
CASMI2022,massformer,completed,137,137,317,CASMI_MOL_1196935,CASMI_MOL_753150,753150,CCCCOC1=C(C(=O)O)C(c2ccc3c(c2)OCO3)Oc2ccc(OCC)cc21,0.2831508533413588,binned_cosine_1Da,67,False,predicted_spectrum,8774
CASMI2022,massformer,completed,137,137,317,CASMI_MOL_1196935,CASMI_MOL_749495,749495,CCC(=O)OC1(COc2c(-c3cccc4c3COC4=O)ccc(OC)c2OC)CC1,0.28120511740783,binned_cosine_1Da,68,False,predicted_spectrum,8774
CASMI2022,massformer,completed,137,137,317,CASMI_MOL_1196935,CASMI_MOL_745620,745620,CC(CCC(=O)On1c(O)ccc1O)OCCC(C)C(=O)On1c(O)ccc1O,0.2809864325503111,binned_cosine_1Da,69,False,predicted_spectrum,8774
CASMI2022,massformer,completed,137,137,317,CASMI_MOL_1196935,CASMI_MOL_753781,753781,COc1ccc(-c2c(C)c3cc(OCC(=O)OC(C)C)ccc3oc2=O)cc1OC,0.2805407267473944,binned_cosine_1Da,70,False,predicted_spectrum,8774
CASMI2022,massformer,completed,137,137,317,CASMI_MOL_1196935,CASMI_MOL_749129,749129,CCCCc1oc2ccc(C(=O)OC)cc2c1C(=O)c1ccc(OOCCO)cc1,0.2790588634443823,binned_cosine_1Da,71,False,predicted_spectrum,8774
CASMI2022,massformer,completed,137,137,317,CASMI_MOL_1196935,CASMI_MOL_750598,750598,CCOC(=O)c1ccn(-c2ccc(NC(=O)NCC(O)c3cccc(F)c3)cc2)n1,0.27867697581268,binned_cosine_1Da,72,False,predicted_spectrum,8774
CASMI2022,massformer,completed,137,137,317,CASMI_MOL_1196935,CASMI_MOL_747963,747963,CCOC(=O)CCCOc1c(F)cc(-c2ccccc2Oc2ccccc2)cc1F,0.2762027962090186,binned_cosine_1Da,73,False,predicted_spectrum,8774
CASMI2022,massformer,completed,137,137,317,CASMI_MOL_1196935,CASMI_MOL_751382,751382,CC(C)(C)c1cc(NC(=O)COc2ccccc2[N+](=O)[O-])n(-c2ccc(F)cc2)n1,0.2760272483299447,binned_cosine_1Da,74,False,predicted_spectrum,8774
CASMI2022,massformer,completed,137,137,317,CASMI_MOL_1196935,CASMI_MOL_748362,748362,CC1OC(n2cnc3c(N)ncnc32)CC1(O)C(=O)CCc1ccc([N+](=O)[O-])cc1,0.2757130705522583,binned_cosine_1Da,75,False,predicted_spectrum,8774
CASMI2022,massformer,completed,137,137,317,CASMI_MOL_1196935,CASMI_MOL_746410,746410,COC1=C=C(OC)C(OC)=CC(CC2C(=O)OCC2Cc2ccc3c(c2)OCO3)=C1,0.2752464571676878,binned_cosine_1Da,76,False,predicted_spectrum,8774
CASMI2022,massformer,completed,137,137,317,CASMI_MOL_1196935,CASMI_MOL_749504,749504,CCCOC(=O)C1(Oc2c(-c3cccc4c3COC4=O)ccc(OC)c2OC)CC1,0.2751713476755272,binned_cosine_1Da,77,False,predicted_spectrum,8774
CASMI2022,massformer,completed,137,137,317,CASMI_MOL_1196935,CASMI_MOL_753990,753990,CC(C)(C)c1cc(NC(=O)COc2cc(F)ccc2[N+](=O)[O-])n(-c2ccccc2)n1,0.2744199646598556,binned_cosine_1Da,78,False,predicted_spectrum,8774
CASMI2022,massformer,completed,137,137,317,CASMI_MOL_1196935,CASMI_MOL_749505,749505,CCC(=O)OC1(COc2c(-c3ccc4c(c3)COC4=O)ccc(OC)c2OC)CC1,0.2731593499092251,binned_cosine_1Da,79,False,predicted_spectrum,8774
CASMI2022,massformer,completed,137,137,317,CASMI_MOL_1196935,CASMI_MOL_749958,749958,CCCOC(=O)C1(Oc2c(-c3ccc4c(c3)COC4=O)ccc(OC)c2OC)CC1,0.2713062750756851,binned_cosine_1Da,80,False,predicted_spectrum,8774
CASMI2022,massformer,completed,137,137,317,CASMI_MOL_1196935,CASMI_MOL_750668,750668,CCOc1cc(C(=O)Nc2ccc(C)c(-n3nnnc3C)c2)c([N+](=O)[O-])cc1OC,0.2706228864860447,binned_cosine_1Da,81,False,predicted_spectrum,8774
CASMI2022,massformer,completed,137,137,317,CASMI_MOL_1196935,CASMI_MOL_749966,749966,COc1ccc(-c2ccc3c(c2)COC3=O)c(OCC(=O)OC2CCCC2)c1OC,0.2703581230691814,binned_cosine_1Da,82,False,predicted_spectrum,8774
CASMI2022,massformer,completed,137,137,317,CASMI_MOL_1196935,CASMI_MOL_749961,749961,COc1ccc(-c2ccc3c(c2)COC3=O)c(OCCOC(=O)C2CCC2)c1OC,0.269209469721441,binned_cosine_1Da,83,False,predicted_spectrum,8774
CASMI2022,massformer,completed,137,137,317,CASMI_MOL_1196935,CASMI_MOL_749501,749501,COc1ccc(-c2cccc3c2COC3=O)c(OCC(=O)OC2CCCC2)c1OC,0.2691944840245671,binned_cosine_1Da,84,False,predicted_spectrum,8774
CASMI2022,massformer,completed,137,137,317,CASMI_MOL_1196935,CASMI_MOL_752993,752993,COc1ccc(C(=O)CC(=O)c2c(OC)cc3c(c2O)C=CC(C)(C)O3)c(OC)c1,0.2689450218144709,binned_cosine_1Da,85,False,predicted_spectrum,8774
CASMI2022,massformer,completed,137,137,317,CASMI_MOL_1196935,CASMI_MOL_751206,751206,CCOC(=O)C1NC2CC(OC(C)=O)CC3(OC(=O)N(C(C)=O)C13)C2OC(C)=O,0.2687424102614293,binned_cosine_1Da,86,False,predicted_spectrum,8774
CASMI2022,massformer,completed,137,137,317,CASMI_MOL_1196935,CASMI_MOL_751860,751860,O=C(NC1CC1)c1ccc(N2CCN(C(=O)c3ccc(F)cc3)CC2)c([N+](=O)[O-])c1,0.2663724338151151,binned_cosine_1Da,87,False,predicted_spectrum,8774
CASMI2022,massformer,completed,137,137,317,CASMI_MOL_1196935,CASMI_MOL_749964,749964,CCOc1c(OC)ccc(-c2ccc3c(c2)COC3=O)c1OCC(=O)OC1CCC1,0.2649574621907622,binned_cosine_1Da,88,False,predicted_spectrum,8774
CASMI2022,massformer,completed,137,137,317,CASMI_MOL_1196935,CASMI_MOL_749810,749810,COc1ccc(C=CC(=O)CC(=O)C=Cc2cc(OC)c(OC)c(OC)c2)cc1O,0.2645036927644784,binned_cosine_1Da,89,False,predicted_spectrum,8774
CASMI2022,massformer,completed,137,137,317,CASMI_MOL_1196935,CASMI_MOL_749811,749811,COc1ccc(C=CC(=O)CC(=O)C=Cc2cc(OC)c(OC)c(OC)c2)cc1O,0.2645036927644784,binned_cosine_1Da,90,False,predicted_spectrum,8774
CASMI2022,massformer,completed,137,137,317,CASMI_MOL_1196935,CASMI_MOL_753204,753204,CC(C)=CCc1c(O)cc2c(c1O)C(=O)Oc1c(cc(O)c(O)c1CC=C(C)C)O2,0.2633329738783992,binned_cosine_1Da,91,False,predicted_spectrum,8774
CASMI2022,massformer,completed,137,137,317,CASMI_MOL_1196935,CASMI_MOL_746018,746018,C=C(C)C(=O)Oc1cc(OC)ccc1-c1ccc(OC(=O)C(=C)COC)cc1OC,0.2632495003362778,binned_cosine_1Da,92,False,predicted_spectrum,8774
CASMI2022,massformer,completed,137,137,317,CASMI_MOL_1196935,CASMI_MOL_746349,746349,CCOC(=O)CCc1cc2ccc(F)cc2c(Oc2ccc(SCC)cc2)c1C,0.2629933427678998,binned_cosine_1Da,93,False,predicted_spectrum,8774
CASMI2022,massformer,completed,137,137,317,CASMI_MOL_1196935,CASMI_MOL_753163,753163,COc1cc(O)c(CC=C(C)C)c(OC)c1C(=O)CC(=O)c1ccc2c(c1)OCO2,0.2620432218371056,binned_cosine_1Da,94,False,predicted_spectrum,8774
CASMI2022,massformer,completed,137,137,317,CASMI_MOL_1196935,CASMI_MOL_749632,749632,COc1cc(C2Oc3ccc(C=CCOC(C)=O)cc3C2COC(C)=O)ccc1O,0.2618237450054097,binned_cosine_1Da,95,False,predicted_spectrum,8774
CASMI2022,massformer,completed,137,137,317,CASMI_MOL_1196935,CASMI_MOL_746548,746548,COC(=O)CCC(C)Oc1c(F)cc(-c2cccc(Oc3ccccc3)c2)cc1F,0.2617671609400213,binned_cosine_1Da,96,False,predicted_spectrum,8774
CASMI2022,massformer,completed,137,137,317,CASMI_MOL_1196935,CASMI_MOL_745690,745690,COc1cc(C2CC(=O)c3c(cc(O)c(CC=C(C)CCC=O)c3O)O2)ccc1O,0.2599081956420127,binned_cosine_1Da,97,False,predicted_spectrum,8774
CASMI2022,massformer,completed,137,137,317,CASMI_MOL_1196935,CASMI_MOL_745704,745704,COc1cc(C2CC(=O)c3c(cc(O)c(CC=C(C)CCC=O)c3O)O2)ccc1O,0.2599081956420127,binned_cosine_1Da,98,False,predicted_spectrum,8774
CASMI2022,massformer,completed,137,137,317,CASMI_MOL_1196935,CASMI_MOL_749464,749464,COc1cc(C2CC(=O)c3c(cc(O)c(CC=C(C)CCC=O)c3O)O2)ccc1O,0.2599081956420127,binned_cosine_1Da,99,False,predicted_spectrum,8774
CASMI2022,massformer,completed,137,137,317,CASMI_MOL_1196935,CASMI_MOL_749962,749962,COc1ccc(-c2ccc3c(c2)COC3=O)c(OCC(=O)OCC2CCC2)c1OC,0.2598853597589773,binned_cosine_1Da,100,False,predicted_spectrum,8774
CASMI2022,massformer,completed,137,137,317,CASMI_MOL_1196935,CASMI_MOL_1196935,1196935,COc1cc2c(cc1OC)C1(O)C(=O)c3ccc(O)c(CC=C(C)C)c3OC1CO2,0.2572308891515935,binned_cosine_1Da,106,True,predicted_spectrum,8774
CASMI2022,massformer,completed,138,138,318,CASMI_MOL_1196936,CASMI_MOL_762653,762653,[C-]#[N+]CC1=CCN(c2ccc(N3CC(CNC(C)=O)OC3=O)cc2F)CC1C,0.6354469562697899,binned_cosine_1Da,1,False,predicted_spectrum,8939
CASMI2022,massformer,completed,138,138,318,CASMI_MOL_1196936,CASMI_MOL_754525,754525,CNc1cc(Nc2cc(OCCCN)ccc2OC)nc2c(C(=O)O)cnn12,0.6290629552152166,binned_cosine_1Da,2,False,predicted_spectrum,8939
CASMI2022,massformer,completed,138,138,318,CASMI_MOL_1196936,CASMI_MOL_756605,756605,CNC(=O)C=Cc1ccc(NCCCc2c(N)[nH]c(N)nc2=O)cc1C(=O)O,0.6253781660612147,binned_cosine_1Da,3,False,predicted_spectrum,8939
CASMI2022,massformer,completed,138,138,318,CASMI_MOL_1196936,CASMI_MOL_762654,762654,[C-]#[N+]C(C)=C1CCN(c2ccc(N3CC(CNC(C)=O)OC3=O)cc2F)CC1,0.6231450234268585,binned_cosine_1Da,4,False,predicted_spectrum,8939
CASMI2022,massformer,completed,138,138,318,CASMI_MOL_1196936,CASMI_MOL_760707,760707,[C-]#[N+]C=C1CCN(c2ccc(N3CC(CNC(C)=O)OC3=O)cc2F)CC1C,0.6157575521653326,binned_cosine_1Da,5,False,predicted_spectrum,8939
CASMI2022,massformer,completed,138,138,318,CASMI_MOL_1196936,CASMI_MOL_762657,762657,[C-]#[N+]C=C1CCN(c2ccc(N3CC(CNC(C)=O)OC3=O)cc2F)CC1C,0.6157575521653326,binned_cosine_1Da,6,False,predicted_spectrum,8939
CASMI2022,massformer,completed,138,138,318,CASMI_MOL_1196936,CASMI_MOL_755584,755584,CC(=O)NCC1CN(c2ccc(N3CC=C(CC#N)C(C)C3)c(F)c2)C(=O)O1,0.6153122983349788,binned_cosine_1Da,7,False,predicted_spectrum,8939
CASMI2022,massformer,completed,138,138,318,CASMI_MOL_1196936,CASMI_MOL_761688,761688,CC(=O)NCC1CN(c2ccc(N3CC=C(CC#N)C(C)C3)c(F)c2)C(=O)O1,0.6153122983349788,binned_cosine_1Da,8,False,predicted_spectrum,8939
CASMI2022,massformer,completed,138,138,318,CASMI_MOL_1196936,CASMI_MOL_756398,756398,NC(=O)c1cnc(Nc2ccc3c(c2)NCC(O)CO3)nc1NC1CC(O)C1,0.6126191986560394,binned_cosine_1Da,9,False,predicted_spectrum,8939
CASMI2022,massformer,completed,138,138,318,CASMI_MOL_1196936,CASMI_MOL_761976,761976,CC(=O)NCC1CN(c2ccc(N3CCC(=C(C)C#N)CC3)c(F)c2)C(=O)O1,0.6041494592017808,binned_cosine_1Da,10,False,predicted_spectrum,8939
CASMI2022,massformer,completed,138,138,318,CASMI_MOL_1196936,CASMI_MOL_754983,754983,[H]CCCCCC(=O)COc1cccc2c1C(=O)N(C1CCC(C)=NC1=O)C2=O,0.5969124937476062,binned_cosine_1Da,11,False,predicted_spectrum,8939
CASMI2022,massformer,completed,138,138,318,CASMI_MOL_1196936,CASMI_MOL_761052,761052,CC(=O)NCC1CN(c2ccc(N3CCC(=CC#N)C(C)C3)c(F)c2)C(=O)O1,0.5966526188343519,binned_cosine_1Da,12,False,predicted_spectrum,8939
CASMI2022,massformer,completed,138,138,318,CASMI_MOL_1196936,CASMI_MOL_761980,761980,CC(=O)NCC1CN(c2ccc(N3CCC(=CC#N)C(C)C3)c(F)c2)C(=O)O1,0.5966526188343519,binned_cosine_1Da,13,False,predicted_spectrum,8939
CASMI2022,massformer,completed,138,138,318,CASMI_MOL_1196936,CASMI_MOL_761981,761981,CC(=O)NCC1CN(c2ccc(N3CCC(=CC#N)C(C)C3)c(F)c2)C(=O)O1,0.5966526188343519,binned_cosine_1Da,14,False,predicted_spectrum,8939
CASMI2022,massformer,completed,138,138,318,CASMI_MOL_1196936,CASMI_MOL_762606,762606,[C-]#[N+]C1CC12CCN(c1ccc(N3CC(CNC(C)=O)OC3=O)cc1F)CC2,0.5942410067464199,binned_cosine_1Da,15,False,predicted_spectrum,8939
CASMI2022,massformer,completed,138,138,318,CASMI_MOL_1196936,CASMI_MOL_761902,761902,CC(=O)NCC1CN(c2ccc(N3CCC(=CCC#N)CC3)c(F)c2)C(=O)O1,0.5929199553143222,binned_cosine_1Da,16,False,predicted_spectrum,8939
CASMI2022,massformer,completed,138,138,318,CASMI_MOL_1196936,CASMI_MOL_761903,761903,CC(=O)NCC1CN(c2ccc(N3CCC(=CCC#N)CC3)c(F)c2)C(=O)O1,0.5929199553143222,binned_cosine_1Da,17,False,predicted_spectrum,8939
CASMI2022,massformer,completed,138,138,318,CASMI_MOL_1196936,CASMI_MOL_755391,755391,CC#CC(=O)ONC(=O)c1cc(F)c(N2CCCC(N)C2)c2c(C)c(C)[nH]c12,0.5907000727725622,binned_cosine_1Da,18,False,predicted_spectrum,8939
CASMI2022,massformer,completed,138,138,318,CASMI_MOL_1196936,CASMI_MOL_762655,762655,[C-]#[N+]C=C1CCN(c2ccc(N3CC(CNC(=O)CC)OC3=O)cc2F)CC1,0.5879382499334138,binned_cosine_1Da,19,False,predicted_spectrum,8939
CASMI2022,massformer,completed,138,138,318,CASMI_MOL_1196936,CASMI_MOL_755836,755836,COC1(c2ccc(F)cc2)C(=CCCCO)C=C(c2c[nH]nn2)CC1C(N)=O,0.5781058243869094,binned_cosine_1Da,20,False,predicted_spectrum,8939
CASMI2022,massformer,completed,138,138,318,CASMI_MOL_1196936,CASMI_MOL_754267,754267,CC#CC(=O)OC1C(N)CCCN1c1c(F)cc(C(N)=O)c2[nH]c(C)c(C)c12,0.5780291752372868,binned_cosine_1Da,21,False,predicted_spectrum,8939
CASMI2022,massformer,completed,138,138,318,CASMI_MOL_1196936,CASMI_MOL_756829,756829,COc1ccc2c(c1)nc(NCCCCNC(=O)CC(=O)O)c1nnc(C)n12,0.5766588004524226,binned_cosine_1Da,22,False,predicted_spectrum,8939
CASMI2022,massformer,completed,138,138,318,CASMI_MOL_1196936,CASMI_MOL_762656,762656,[C-]#[N+]C=C1CCN(c2ccc(N3CC(CN(C)C(C)=O)OC3=O)cc2F)CC1,0.5719025154552422,binned_cosine_1Da,23,False,predicted_spectrum,8939
CASMI2022,massformer,completed,138,138,318,CASMI_MOL_1196936,CASMI_MOL_758561,758561,CC(=C1C=C(c2ccc(N)c(C(N)=O)n2)C=CC1(C)F)C1(O)CCN(C)C1=O,0.5662422760195565,binned_cosine_1Da,24,False,predicted_spectrum,8939
CASMI2022,massformer,completed,138,138,318,CASMI_MOL_1196936,CASMI_MOL_762103,762103,CCCc1c(C(=O)NC2CC2)nnn1-c1ccc(NC(=O)CNC(=O)O)cc1,0.5598374966087521,binned_cosine_1Da,25,False,predicted_spectrum,8939
CASMI2022,massformer,completed,138,138,318,CASMI_MOL_1196936,CASMI_MOL_761978,761978,CCC(=O)NCC1CN(c2ccc(N3CCC(=CC#N)CC3)c(F)c2)C(=O)O1,0.5589223454374576,binned_cosine_1Da,26,False,predicted_spectrum,8939
CASMI2022,massformer,completed,138,138,318,CASMI_MOL_1196936,CASMI_MOL_754971,754971,N=C(N)CC(=O)OCc1cccc(N2CCC(O)(c3cccnc3)CC2)c1F,0.555884931980338,binned_cosine_1Da,27,False,predicted_spectrum,8939
CASMI2022,massformer,completed,138,138,318,CASMI_MOL_1196936,CASMI_MOL_762074,762074,CC(=O)NCC1CN(c2ccc(N3CCC4(CC3)CC4C#N)c(F)c2)C(=O)O1,0.5543409802857223,binned_cosine_1Da,28,False,predicted_spectrum,8939
CASMI2022,massformer,completed,138,138,318,CASMI_MOL_1196936,CASMI_MOL_758039,758039,CC(=O)CC(=O)C1C(=O)C2C(=O)c3c(cc(C)c(C)c3O)CC2CC1CCO,0.5494604838616685,binned_cosine_1Da,29,False,predicted_spectrum,8939
CASMI2022,massformer,completed,138,138,318,CASMI_MOL_1196936,CASMI_MOL_758524,758524,CC(=O)CC(=O)C1C(=O)C2C(=O)c3c(cc(C)c(C)c3O)CC2CC1CCO,0.5494604838616685,binned_cosine_1Da,30,False,predicted_spectrum,8939
CASMI2022,massformer,completed,138,138,318,CASMI_MOL_1196936,CASMI_MOL_761706,761706,CC(=O)C1=NCCC(c2cccnc2Oc2ccc(Nc3ccccn3)cc2)C1,0.547116799985756,binned_cosine_1Da,31,False,predicted_spectrum,8939
CASMI2022,massformer,completed,138,138,318,CASMI_MOL_1196936,CASMI_MOL_756803,756803,CC1CNc2c(N3CCC(C4(N)CC4)C3)c(F)cc3cc(C(=O)O)c(=O)n1c23,0.5451477389209061,binned_cosine_1Da,32,False,predicted_spectrum,8939
CASMI2022,massformer,completed,138,138,318,CASMI_MOL_1196936,CASMI_MOL_756804,756804,CC1CNc2c(N3CCC(C4(N)CC4)C3)c(F)cc3cc(C(=O)O)c(=O)n1c23,0.5451477389209061,binned_cosine_1Da,33,False,predicted_spectrum,8939
CASMI2022,massformer,completed,138,138,318,CASMI_MOL_1196936,CASMI_MOL_755119,755119,CCC1C(COC2=CC=CC3=CC(C(N)=O)n4nc(C)cc4C32)NC(=O)C1F,0.5411241024222668,binned_cosine_1Da,34,False,predicted_spectrum,8939
CASMI2022,massformer,completed,138,138,318,CASMI_MOL_1196936,CASMI_MOL_755177,755177,CCC1C(COC2=CC=CC3=CC(C(N)=O)n4nc(C)cc4C32)NC(=O)C1F,0.5411241024222668,binned_cosine_1Da,35,False,predicted_spectrum,8939
CASMI2022,massformer,completed,138,138,318,CASMI_MOL_1196936,CASMI_MOL_758471,758471,C=CC(=O)C1CC(Nc2ncnc(N)c2-c2ccc(Oc3ccccc3)cc2)C1,0.5390727492867698,binned_cosine_1Da,36,False,predicted_spectrum,8939
CASMI2022,massformer,completed,138,138,318,CASMI_MOL_1196936,CASMI_MOL_762101,762101,CC(CN)=C1CCCN(c2nc3c(cc2F)c(=O)c(C(=O)O)cn3C2CC2)C1,0.5382728634366439,binned_cosine_1Da,37,False,predicted_spectrum,8939
CASMI2022,massformer,completed,138,138,318,CASMI_MOL_1196936,CASMI_MOL_762102,762102,CC(CN)=C1CCCN(c2nc3c(cc2F)c(=O)c(C(=O)O)cn3C2CC2)C1,0.5382728634366439,binned_cosine_1Da,38,False,predicted_spectrum,8939
CASMI2022,massformer,completed,138,138,318,CASMI_MOL_1196936,CASMI_MOL_762718,762718,CC(CN)=C1CCCN(c2nc3c(cc2F)c(=O)c(C(=O)O)cn3C2CC2)C1,0.5382728634366439,binned_cosine_1Da,39,False,predicted_spectrum,8939
CASMI2022,massformer,completed,138,138,318,CASMI_MOL_1196936,CASMI_MOL_760731,760731,CC(=O)NCC1CN(c2ccc(N3CC4C(C3)C4C(C)C#N)c(F)c2)C(=O)O1,0.5382475770552957,binned_cosine_1Da,40,False,predicted_spectrum,8939
CASMI2022,massformer,completed,138,138,318,CASMI_MOL_1196936,CASMI_MOL_761895,761895,CC(=O)NCC1CN(c2ccc(N3CC4C(C3)C4C(C)C#N)c(F)c2)C(=O)O1,0.5382475770552957,binned_cosine_1Da,41,False,predicted_spectrum,8939
CASMI2022,massformer,completed,138,138,318,CASMI_MOL_1196936,CASMI_MOL_756065,756065,CC(=O)Nc1cc(C)c(Nc2cc(OC3CCN(C(=O)O)CC3)ncn2)cn1,0.5372020631646829,binned_cosine_1Da,42,False,predicted_spectrum,8939
CASMI2022,massformer,completed,138,138,318,CASMI_MOL_1196936,CASMI_MOL_755801,755801,CC1CN2c3cc4[nH]nc(N)c4cc3CC3(C(=O)NC(=O)NC3O)C2C(C)O1,0.5365993036236204,binned_cosine_1Da,43,False,predicted_spectrum,8939
CASMI2022,massformer,completed,138,138,318,CASMI_MOL_1196936,CASMI_MOL_758363,758363,CC(C(=O)Nc1cc2c(cc1N)OCO2)N1CCN(c2ccc(F)cc2)CC1,0.5363809468591931,binned_cosine_1Da,44,False,predicted_spectrum,8939
CASMI2022,massformer,completed,138,138,318,CASMI_MOL_1196936,CASMI_MOL_755736,755736,CC=C(C=CCC)C1(N)CCC(Oc2cc3cc[nH]c(=O)c3cc2Cl)CC1,0.5355335067267989,binned_cosine_1Da,45,False,predicted_spectrum,8939
CASMI2022,massformer,completed,138,138,318,CASMI_MOL_1196936,CASMI_MOL_761839,761839,CC12CCN(c3nc4c(cc3F)c(=O)c(C(=O)O)cn4C3CC3)CC1C(N)C2,0.535032358077613,binned_cosine_1Da,46,False,predicted_spectrum,8939
CASMI2022,massformer,completed,138,138,318,CASMI_MOL_1196936,CASMI_MOL_757165,757165,CC(C)NC(=O)c1ccc(NC2CCN(c3cnn(C)c3)C2=O)c([N+](=O)[O-])c1,0.5347010186791784,binned_cosine_1Da,47,False,predicted_spectrum,8939
CASMI2022,massformer,completed,138,138,318,CASMI_MOL_1196936,CASMI_MOL_761977,761977,CC(=O)N(C)CC1CN(c2ccc(N3CCC(=CC#N)CC3)c(F)c2)C(=O)O1,0.5341498241538309,binned_cosine_1Da,48,False,predicted_spectrum,8939
CASMI2022,massformer,completed,138,138,318,CASMI_MOL_1196936,CASMI_MOL_754224,754224,O=C1NCCCNC(=O)c2cc(=O)cc([nH]2)Nc2cc([nH]n2)C2CCC(C2)O1,0.5337189107328532,binned_cosine_1Da,49,False,predicted_spectrum,8939
CASMI2022,massformer,completed,138,138,318,CASMI_MOL_1196936,CASMI_MOL_758461,758461,CC(C)CC(C)(N)COc1ccc(-c2cc(NC(=O)O)ncc2F)cc1C#N,0.5319403624608368,binned_cosine_1Da,50,False,predicted_spectrum,8939
CASMI2022,massformer,completed,138,138,318,CASMI_MOL_1196936,CASMI_MOL_755476,755476,COOC1CNc2cc(Nc3ncc(C(N)=O)c(NC4CC4)n3)ccc2OC1,0.5270851243789629,binned_cosine_1Da,51,False,predicted_spectrum,8939
CASMI2022,massformer,completed,138,138,318,CASMI_MOL_1196936,CASMI_MOL_762710,762710,CC(=O)N1CC=C(c2cccnc2Oc2ccc(Nc3ccccn3)cc2)CC1,0.5253229081875438,binned_cosine_1Da,52,False,predicted_spectrum,8939
CASMI2022,massformer,completed,138,138,318,CASMI_MOL_1196936,CASMI_MOL_758465,758465,CC(C)CC(C)(COc1ccc(-c2ccnc(N)c2F)cc1C#N)NC(=O)O,0.5231900165706008,binned_cosine_1Da,53,False,predicted_spectrum,8939
CASMI2022,massformer,completed,138,138,318,CASMI_MOL_1196936,CASMI_MOL_760819,760819,Nc1cnc(-c2ccc(C3CCC3)c(OCC3CCCN3C(=O)O)c2F)cn1,0.5225989121238057,binned_cosine_1Da,54,False,predicted_spectrum,8939
CASMI2022,massformer,completed,138,138,318,CASMI_MOL_1196936,CASMI_MOL_761068,761068,CCC(=N)C1CCCN(c2nc3c(cc2F)c(=O)c(C(=O)O)cn3C2CC2)C1,0.5212033400309756,binned_cosine_1Da,55,False,predicted_spectrum,8939
CASMI2022,massformer,completed,138,138,318,CASMI_MOL_1196936,CASMI_MOL_756399,756399,NC(=O)c1cnc(Nc2ccc3c(c2)NCC(O)CO3)nc1NC1CCOC1,0.5195991818637538,binned_cosine_1Da,56,False,predicted_spectrum,8939
CASMI2022,massformer,completed,138,138,318,CASMI_MOL_1196936,CASMI_MOL_758364,758364,CCN1CCN(c2ccc(C(=O)Nc3cc4c(cc3N)OCO4)cc2F)CC1,0.5188618124269256,binned_cosine_1Da,57,False,predicted_spectrum,8939
CASMI2022,massformer,completed,138,138,318,CASMI_MOL_1196936,CASMI_MOL_755263,755263,CC1=NN(c2ccccc2)C(O)C1=CC=Cc1c(C)[nH]n(-c2ccccc2)c1=O,0.5177465345335862,binned_cosine_1Da,58,False,predicted_spectrum,8939
CASMI2022,massformer,completed,138,138,318,CASMI_MOL_1196936,CASMI_MOL_760724,760724,NC1CC1Nc1ncnc2c1ncn2C1C=CC(COC(=O)CCC(=O)O)C1,0.5139453849176233,binned_cosine_1Da,59,False,predicted_spectrum,8939
CASMI2022,massformer,completed,138,138,318,CASMI_MOL_1196936,CASMI_MOL_761915,761915,NC1CC1Nc1ncnc2c1ncn2C1C=CC(COC(=O)CCC(=O)O)C1,0.5139453849176233,binned_cosine_1Da,60,False,predicted_spectrum,8939
CASMI2022,massformer,completed,138,138,318,CASMI_MOL_1196936,CASMI_MOL_757821,757821,CC(=O)C1C(=O)C(C(C)=O)C23CCC=CCCC12C(C(C)=O)C(=O)C3C(C)=O,0.512542815226311,binned_cosine_1Da,61,False,predicted_spectrum,8939
CASMI2022,massformer,completed,138,138,318,CASMI_MOL_1196936,CASMI_MOL_757822,757822,CC(=O)C1C(=O)C(C(C)=O)C23CCC=CCCC12C(C(C)=O)C(=O)C3C(C)=O,0.512542815226311,binned_cosine_1Da,62,False,predicted_spectrum,8939
CASMI2022,massformer,completed,138,138,318,CASMI_MOL_1196936,CASMI_MOL_757867,757867,CC(=O)C1C(=O)C(C(C)=O)C23CCC=CCCC12C(C(C)=O)C(=O)C3C(C)=O,0.512542815226311,binned_cosine_1Da,63,False,predicted_spectrum,8939
CASMI2022,massformer,completed,138,138,318,CASMI_MOL_1196936,CASMI_MOL_758634,758634,CC(=O)C1C(=O)C(C(C)=O)C23CCC=CCCC12C(C(C)=O)C(=O)C3C(C)=O,0.512542815226311,binned_cosine_1Da,64,False,predicted_spectrum,8939
CASMI2022,massformer,completed,138,138,318,CASMI_MOL_1196936,CASMI_MOL_760138,760138,CC(=O)C1C(=O)C(C(C)=O)C23CCC=CCCC12C(C(C)=O)C(=O)C3C(C)=O,0.512542815226311,binned_cosine_1Da,65,False,predicted_spectrum,8939
CASMI2022,massformer,completed,138,138,318,CASMI_MOL_1196936,CASMI_MOL_756812,756812,O=CNC1(C2=NCCC(c3[nH]c4cccc(O)c4c3Nc3ccccc3)=C2)CC1,0.5112807998553817,binned_cosine_1Da,66,False,predicted_spectrum,8939
CASMI2022,massformer,completed,138,138,318,CASMI_MOL_1196936,CASMI_MOL_761877,761877,COc1c(N2CC3=CCC(N)C3C2)c(F)c(C)c2c(=O)[nH]c(=O)n(C3CC3)c12,0.509450197100545,binned_cosine_1Da,67,False,predicted_spectrum,8939
CASMI2022,massformer,completed,138,138,318,CASMI_MOL_1196936,CASMI_MOL_756558,756558,CC(=NNC(=O)CCn1c(C)nc2ccccc21)c1c(O)ccc2ccccc12,0.5086075098514148,binned_cosine_1Da,68,False,predicted_spectrum,8939
CASMI2022,massformer,completed,138,138,318,CASMI_MOL_1196936,CASMI_MOL_762510,762510,Cc1n[nH]c(-c2cccc(NC(=O)CCCOc3cccc4ccccc34)c2)n1,0.5077080663556658,binned_cosine_1Da,69,False,predicted_spectrum,8939
CASMI2022,massformer,completed,138,138,318,CASMI_MOL_1196936,CASMI_MOL_754225,754225,CC12CCC(C1)OC(=O)NCCOC(=O)Nc1cccc(n1)Nc1cc2[nH]n1,0.5074989383602033,binned_cosine_1Da,70,False,predicted_spectrum,8939
CASMI2022,massformer,completed,138,138,318,CASMI_MOL_1196936,CASMI_MOL_756785,756785,CCCC(=O)Nc1[nH]nc2cc(-c3ccc(O)cc3)c(Nc3ccccc3)cc12,0.5068782126907161,binned_cosine_1Da,71,False,predicted_spectrum,8939
CASMI2022,massformer,completed,138,138,318,CASMI_MOL_1196936,CASMI_MOL_758463,758463,CC(C)CC(C)(N)COc1ccc(-c2ccnc(NC(=O)O)c2F)cc1C#N,0.5060938460996119,binned_cosine_1Da,72,False,predicted_spectrum,8939
CASMI2022,massformer,completed,138,138,318,CASMI_MOL_1196936,CASMI_MOL_755236,755236,Cc1cc(-n2nc(N)c(=O)[nH]c2=O)cc(C)c1OC1=NNC(O)C(C(C)C)=C1,0.5033890404477264,binned_cosine_1Da,73,False,predicted_spectrum,8939
CASMI2022,massformer,completed,138,138,318,CASMI_MOL_1196936,CASMI_MOL_754422,754422,COCc1cc(N2CCC(C3(C)NC(=O)NC3=O)CC2)c2cc(F)ccc2n1,0.5026666175702289,binned_cosine_1Da,74,False,predicted_spectrum,8939
CASMI2022,massformer,completed,138,138,318,CASMI_MOL_1196936,CASMI_MOL_758464,758464,CC(COc1ccc(-c2ccnc(N)c2F)cc1C#N)CC(C)(C)NC(=O)O,0.502225823865451,binned_cosine_1Da,75,False,predicted_spectrum,8939
CASMI2022,massformer,completed,138,138,318,CASMI_MOL_1196936,CASMI_MOL_758072,758072,CCc1ccc(O)c2c1CC(CC1CC(=O)C(C(C)=O)C(=O)C1CO)CC2=O,0.5013190152008121,binned_cosine_1Da,76,False,predicted_spectrum,8939
CASMI2022,massformer,completed,138,138,318,CASMI_MOL_1196936,CASMI_MOL_758523,758523,CCc1ccc(O)c2c1CC(CC1CC(=O)C(C(C)=O)C(=O)C1CO)CC2=O,0.5013190152008121,binned_cosine_1Da,77,False,predicted_spectrum,8939
CASMI2022,massformer,completed,138,138,318,CASMI_MOL_1196936,CASMI_MOL_761402,761402,C=c1[nH]c(=Cc2c(O)[nH]c3ccc(F)cc23)c(C)c1CNCCCC(O)=NO,0.4997896548624501,binned_cosine_1Da,78,False,predicted_spectrum,8939
CASMI2022,massformer,completed,138,138,318,CASMI_MOL_1196936,CASMI_MOL_760686,760686,CC(=O)N1C=C(c2cccnc2Oc2ccc(Nc3ccccn3)cc2)CCC1,0.4995227607590514,binned_cosine_1Da,79,False,predicted_spectrum,8939
CASMI2022,massformer,completed,138,138,318,CASMI_MOL_1196936,CASMI_MOL_756968,756968,CC(N)C(=O)OCCN1C(=N)CCC(N2C(=N)c3cc(N)ccc3C2=O)C1=O,0.4990550327045488,binned_cosine_1Da,80,False,predicted_spectrum,8939
CASMI2022,massformer,completed,138,138,318,CASMI_MOL_1196936,CASMI_MOL_760605,760605,O=C(O)CCCC=Cc1c(CCCCCC(=O)O)c(O)c2ccccc2c1O,0.4975435817129164,binned_cosine_1Da,81,False,predicted_spectrum,8939
CASMI2022,massformer,completed,138,138,318,CASMI_MOL_1196936,CASMI_MOL_755172,755172,Cc1cc(-n2nc(N)c(=O)[nH]c2=O)cc(C)c1OC1=NNC(=O)C(C(C)C)C1,0.4960749658665332,binned_cosine_1Da,82,False,predicted_spectrum,8939
CASMI2022,massformer,completed,138,138,318,CASMI_MOL_1196936,CASMI_MOL_756976,756976,COC(=O)c1ccc(N2CCN(C)CC2)c(NC(=O)c2ccc(F)c(N)c2)c1,0.4959919125740965,binned_cosine_1Da,83,False,predicted_spectrum,8939
CASMI2022,massformer,completed,138,138,318,CASMI_MOL_1196936,CASMI_MOL_758279,758279,CC(=O)N1CCN(c2ccc(-c3nc(C4(N)CCC4)no3)cc2[N+](=O)[O-])CC1,0.4916887369909899,binned_cosine_1Da,84,False,predicted_spectrum,8939
CASMI2022,massformer,completed,138,138,318,CASMI_MOL_1196936,CASMI_MOL_756529,756529,COc1cc2nc(N3CCC4(CC3)NC(=O)N(C)C4=O)nc(N)c2cc1OC,0.4916112624088704,binned_cosine_1Da,85,False,predicted_spectrum,8939
CASMI2022,massformer,completed,138,138,318,CASMI_MOL_1196936,CASMI_MOL_757105,757105,N#Cc1ccc(Cn2nc(-c3ccc(N)cc3)c3c2CCCC3CC(=O)O)cc1,0.4910092170168897,binned_cosine_1Da,86,False,predicted_spectrum,8939
CASMI2022,massformer,completed,138,138,318,CASMI_MOL_1196936,CASMI_MOL_760820,760820,Nc1cnc(-c2ccc(C3CCC3)c(OCC3CCN(C(=O)O)C3)c2F)cn1,0.4909179243429983,binned_cosine_1Da,87,False,predicted_spectrum,8939
CASMI2022,massformer,completed,138,138,318,CASMI_MOL_1196936,CASMI_MOL_755714,755714,CNCC=C1CCN(c2nc3c(cc2F)c(=O)c(C(=O)O)cn3C2CC2)CC1,0.4898262810557873,binned_cosine_1Da,88,False,predicted_spectrum,8939
CASMI2022,massformer,completed,138,138,318,CASMI_MOL_1196936,CASMI_MOL_754573,754573,CC(O)CONC(=O)C1=CCn2cncc2C1Nc1ccc(C2CC2)cc1F,0.4875525785524663,binned_cosine_1Da,89,False,predicted_spectrum,8939
CASMI2022,massformer,completed,138,138,318,CASMI_MOL_1196936,CASMI_MOL_754454,754454,CC(c1cccc2c1OCO2)C1(C)CN(c2ccnc(F)c2)CCN1C(N)=O,0.4838679655895774,binned_cosine_1Da,90,False,predicted_spectrum,8939
CASMI2022,massformer,completed,138,138,318,CASMI_MOL_1196936,CASMI_MOL_761687,761687,COc1cc(Cc2c[nH]c3ncccc23)ccc1OCC1=NC2C=CC=CC2N1,0.4829634906512153,binned_cosine_1Da,91,False,predicted_spectrum,8939
CASMI2022,massformer,completed,138,138,318,CASMI_MOL_1196936,CASMI_MOL_756153,756153,CCCC(=O)NCc1ccn2c(-c3ccc(O)cc3)c(-c3ccccn3)nc2c1,0.4828510711227612,binned_cosine_1Da,92,False,predicted_spectrum,8939
CASMI2022,massformer,completed,138,138,318,CASMI_MOL_1196936,CASMI_MOL_760720,760720,COc1c(N2CC3C=CC(N)C3C2)c(F)c(C)c2c(=O)[nH]c(=O)n(C3CC3)c12,0.482106333022597,binned_cosine_1Da,93,False,predicted_spectrum,8939
CASMI2022,massformer,completed,138,138,318,CASMI_MOL_1196936,CASMI_MOL_755828,755828,CC(=O)Nc1ccccc1N1C(=O)NC(=O)C2(O)N=CN(C3CCNCC3)C12,0.4801628892214766,binned_cosine_1Da,94,False,predicted_spectrum,8939
CASMI2022,massformer,completed,138,138,318,CASMI_MOL_1196936,CASMI_MOL_761444,761444,COCC(=O)N1CCc2[nH]cnc2C12CCN(C(=O)c1c[nH]c(=O)cn1)CC2,0.4800531856263876,binned_cosine_1Da,95,False,predicted_spectrum,8939
CASMI2022,massformer,completed,138,138,318,CASMI_MOL_1196936,CASMI_MOL_761888,761888,Cc1ncc(O)c(C(=O)c2ccc(C(=O)NC3CCCNCC3N)cc2)c1F,0.4798016098525609,binned_cosine_1Da,96,False,predicted_spectrum,8939
CASMI2022,massformer,completed,138,138,318,CASMI_MOL_1196936,CASMI_MOL_757158,757158,CC(Nc1cc(C#N)nc2ccccc12)c1ccc(OCC(=O)NC2CC2)cc1,0.4797010649764307,binned_cosine_1Da,97,False,predicted_spectrum,8939
CASMI2022,massformer,completed,138,138,318,CASMI_MOL_1196936,CASMI_MOL_758011,758011,Cc1cc2nc3[nH]c(=O)n(CCNCCC(N)C(=O)O)c(=O)c3nc2cc1C,0.4789761600716257,binned_cosine_1Da,98,False,predicted_spectrum,8939
CASMI2022,massformer,completed,138,138,318,CASMI_MOL_1196936,CASMI_MOL_761074,761074,O=CCC1C=C(c2cccnc2Oc2ccc(Nc3ccccn3)cc2)CCN1,0.4787906736905337,binned_cosine_1Da,99,False,predicted_spectrum,8939
CASMI2022,massformer,completed,138,138,318,CASMI_MOL_1196936,CASMI_MOL_754948,754948,Cc1ccc(-c2nn(-c3ccccc3)c3cc(C(=O)NC(C)CO)ccc23)nc1,0.4779948252443559,binned_cosine_1Da,100,False,predicted_spectrum,8939
CASMI2022,massformer,completed,138,138,318,CASMI_MOL_1196936,CASMI_MOL_1196936,1196936,COc1cc2c(c(OC)c1OC)-c1c(cc3c(c1O)OCO3)CC(C)C(C)C2,0.1290574776437386,binned_cosine_1Da,5945,True,predicted_spectrum,8939
CASMI2022,massformer,completed,139,139,319,CASMI_MOL_1196937,CASMI_MOL_762956,762956,C1=Cc2c(c3cc(-c4ccc5c6ccccc6n(-c6ccc7cc(-c8ccccc8)ccc7c6)c5c4)c4sc5ccccc5c4c3n2-c2nc(-c3ccccc3)c3sc4ccccc4c3n2)CC1,,binned_cosine_1Da,1,False,prediction_failed,631
CASMI2022,massformer,completed,139,139,319,CASMI_MOL_1196937,CASMI_MOL_762956,762956,C1=Cc2c(c3cc(-c4ccc5c6ccccc6n(-c6ccc7cc(-c8ccccc8)ccc7c6)c5c4)c4sc5ccccc5c4c3n2-c2nc(-c3ccccc3)c3sc4ccccc4c3n2)CC1,,binned_cosine_1Da,2,False,prediction_failed,631
CASMI2022,massformer,completed,139,139,319,CASMI_MOL_1196937,CASMI_MOL_762957,762957,CCCCC(CC)CCc1ccc(-c2cc3sc(-c4c(C#N)c(C#N)c(-c5cc6sc(-c7ccc(CCC(CC)CCCC)cc7F)cc6s5)c5nsnc45)cc3s2)c(F)c1,,binned_cosine_1Da,3,False,prediction_failed,631
CASMI2022,massformer,completed,139,139,319,CASMI_MOL_1196937,CASMI_MOL_762957,762957,CCCCC(CC)CCc1ccc(-c2cc3sc(-c4c(C#N)c(C#N)c(-c5cc6sc(-c7ccc(CCC(CC)CCCC)cc7F)cc6s5)c5nsnc45)cc3s2)c(F)c1,,binned_cosine_1Da,4,False,prediction_failed,631
CASMI2022,massformer,completed,139,139,319,CASMI_MOL_1196937,CASMI_MOL_762958,762958,C=CC(=O)Nc1ccc(-c2nc(N)nc(N=CC(=O)Nc3ccc(-c4ncnc(Cl)c4-c4ccc(Oc5nccc(C)n5)c(F)c4)cc3)c2-c2ccc(Oc3nccc(C)n3)c(F)c2)cc1,,binned_cosine_1Da,5,False,prediction_failed,631
CASMI2022,massformer,completed,139,139,319,CASMI_MOL_1196937,CASMI_MOL_762958,762958,C=CC(=O)Nc1ccc(-c2nc(N)nc(N=CC(=O)Nc3ccc(-c4ncnc(Cl)c4-c4ccc(Oc5nccc(C)n5)c(F)c4)cc3)c2-c2ccc(Oc3nccc(C)n3)c(F)c2)cc1,,binned_cosine_1Da,6,False,prediction_failed,631
CASMI2022,massformer,completed,139,139,319,CASMI_MOL_1196937,CASMI_MOL_762959,762959,O=C1CCC(N2C(=O)c3cc(F)c(N4CCN(CCOc5ccc(-c6cnc7[nH]cc(C(=O)c8c(F)ccc(NS(=O)(=O)N9CCC(F)C9)c8F)c7c6)cc5)CC4)cc3C2=O)C(=O)N1,,binned_cosine_1Da,7,False,prediction_failed,631
CASMI2022,massformer,completed,139,139,319,CASMI_MOL_1196937,CASMI_MOL_762959,762959,O=C1CCC(N2C(=O)c3cc(F)c(N4CCN(CCOc5ccc(-c6cnc7[nH]cc(C(=O)c8c(F)ccc(NS(=O)(=O)N9CCC(F)C9)c8F)c7c6)cc5)CC4)cc3C2=O)C(=O)N1,,binned_cosine_1Da,8,False,prediction_failed,631
CASMI2022,massformer,completed,139,139,319,CASMI_MOL_1196937,CASMI_MOL_762960,762960,c1ccc2cc3cc(N(c4ccc5c(c4)oc4ccccc45)c4cc5sc6nc(N(c7ccc8cc9ccccc9cc8c7)c7ccc8c(c7)oc7ccccc78)cnc6c5nn4)ccc3cc2c1,,binned_cosine_1Da,9,False,prediction_failed,631
CASMI2022,massformer,completed,139,139,319,CASMI_MOL_1196937,CASMI_MOL_762960,762960,c1ccc2cc3cc(N(c4ccc5c(c4)oc4ccccc45)c4cc5sc6nc(N(c7ccc8cc9ccccc9cc8c7)c7ccc8c(c7)oc7ccccc78)cnc6c5nn4)ccc3cc2c1,,binned_cosine_1Da,10,False,prediction_failed,631
CASMI2022,massformer,completed,139,139,319,CASMI_MOL_1196937,CASMI_MOL_762961,762961,c1ccc2cc3cc(N(c4ccc5c(c4)oc4ccccc45)c4cnc5c(c4)sc4nc(N(c6ccc7cc8ccccc8cc7c6)c6ccc7c(c6)oc6ccccc67)nnc45)ccc3cc2c1,,binned_cosine_1Da,11,False,prediction_failed,631
CASMI2022,massformer,completed,139,139,319,CASMI_MOL_1196937,CASMI_MOL_762961,762961,c1ccc2cc3cc(N(c4ccc5c(c4)oc4ccccc45)c4cnc5c(c4)sc4nc(N(c6ccc7cc8ccccc8cc7c6)c6ccc7c(c6)oc6ccccc67)nnc45)ccc3cc2c1,,binned_cosine_1Da,12,False,prediction_failed,631
CASMI2022,massformer,completed,139,139,319,CASMI_MOL_1196937,CASMI_MOL_762962,762962,c1ccc2c(N(c3ccc4c(c3)oc3ccccc34)c3cc4sc5nc(N(c6ccc7c(c6)oc6ccccc67)c6c7ccccc7cc7ccccc67)ncc5c4nn3)c3ccccc3cc2c1,,binned_cosine_1Da,13,False,prediction_failed,631
CASMI2022,massformer,completed,139,139,319,CASMI_MOL_1196937,CASMI_MOL_762962,762962,c1ccc2c(N(c3ccc4c(c3)oc3ccccc34)c3cc4sc5nc(N(c6ccc7c(c6)oc6ccccc67)c6c7ccccc7cc7ccccc67)ncc5c4nn3)c3ccccc3cc2c1,,binned_cosine_1Da,14,False,prediction_failed,631
CASMI2022,massformer,completed,139,139,319,CASMI_MOL_1196937,CASMI_MOL_762963,762963,c1ccc2cc3cc(N(c4ccc5c(c4)oc4ccccc45)c4cc5sc6nc(N(c7ccc8cc9ccccc9cc8c7)c7ccc8c(c7)oc7ccccc78)ncc6c5nn4)ccc3cc2c1,,binned_cosine_1Da,15,False,prediction_failed,631
CASMI2022,massformer,completed,139,139,319,CASMI_MOL_1196937,CASMI_MOL_762963,762963,c1ccc2cc3cc(N(c4ccc5c(c4)oc4ccccc45)c4cc5sc6nc(N(c7ccc8cc9ccccc9cc8c7)c7ccc8c(c7)oc7ccccc78)ncc6c5nn4)ccc3cc2c1,,binned_cosine_1Da,16,False,prediction_failed,631
CASMI2022,massformer,completed,139,139,319,CASMI_MOL_1196937,CASMI_MOL_762964,762964,c1ccc2cc3cc(N(c4ccc5c(c4)oc4ccccc45)c4cnc5c(n4)sc4nc(N(c6ccc7cc8ccccc8cc7c6)c6ccc7c(c6)oc6ccccc67)cnc45)ccc3cc2c1,,binned_cosine_1Da,17,False,prediction_failed,631
CASMI2022,massformer,completed,139,139,319,CASMI_MOL_1196937,CASMI_MOL_762964,762964,c1ccc2cc3cc(N(c4ccc5c(c4)oc4ccccc45)c4cnc5c(n4)sc4nc(N(c6ccc7cc8ccccc8cc7c6)c6ccc7c(c6)oc6ccccc67)cnc45)ccc3cc2c1,,binned_cosine_1Da,18,False,prediction_failed,631
CASMI2022,massformer,completed,139,139,319,CASMI_MOL_1196937,CASMI_MOL_762965,762965,c1ccc2c(N(c3ccc4c(c3)oc3ccccc34)c3ncc4c(n3)sc3nc(N(c5ccc6c(c5)oc5ccccc56)c5c6ccccc6cc6ccccc56)ncc34)c3ccccc3cc2c1,,binned_cosine_1Da,19,False,prediction_failed,631
CASMI2022,massformer,completed,139,139,319,CASMI_MOL_1196937,CASMI_MOL_762965,762965,c1ccc2c(N(c3ccc4c(c3)oc3ccccc34)c3ncc4c(n3)sc3nc(N(c5ccc6c(c5)oc5ccccc56)c5c6ccccc6cc6ccccc56)ncc34)c3ccccc3cc2c1,,binned_cosine_1Da,20,False,prediction_failed,631
CASMI2022,massformer,completed,139,139,319,CASMI_MOL_1196937,CASMI_MOL_762966,762966,c1ccc2cc3cc(N(c4ccc5c(c4)oc4ccccc45)c4cc5sc6nc(N(c7ccc8cc9ccccc9cc8c7)c7ccc8c(c7)oc7ccccc78)nnc6c5cn4)ccc3cc2c1,,binned_cosine_1Da,21,False,prediction_failed,631
CASMI2022,massformer,completed,139,139,319,CASMI_MOL_1196937,CASMI_MOL_762966,762966,c1ccc2cc3cc(N(c4ccc5c(c4)oc4ccccc45)c4cc5sc6nc(N(c7ccc8cc9ccccc9cc8c7)c7ccc8c(c7)oc7ccccc78)nnc6c5cn4)ccc3cc2c1,,binned_cosine_1Da,22,False,prediction_failed,631
CASMI2022,massformer,completed,139,139,319,CASMI_MOL_1196937,CASMI_MOL_762967,762967,c1ccc2cc3cc(N(c4ccc5c(c4)oc4ccccc45)c4ncc5c(n4)sc4nc(N(c6ccc7cc8ccccc8cc7c6)c6ccc7c(c6)oc6ccccc67)ncc45)ccc3cc2c1,,binned_cosine_1Da,23,False,prediction_failed,631
CASMI2022,massformer,completed,139,139,319,CASMI_MOL_1196937,CASMI_MOL_762967,762967,c1ccc2cc3cc(N(c4ccc5c(c4)oc4ccccc45)c4ncc5c(n4)sc4nc(N(c6ccc7cc8ccccc8cc7c6)c6ccc7c(c6)oc6ccccc67)ncc45)ccc3cc2c1,,binned_cosine_1Da,24,False,prediction_failed,631
CASMI2022,massformer,completed,139,139,319,CASMI_MOL_1196937,CASMI_MOL_762968,762968,c1ccc2c(N(c3ccc4c(c3)oc3ccccc34)c3cc4sc5nc(N(c6ccc7c(c6)oc6ccccc67)c6c7ccccc7cc7ccccc67)cnc5c4nn3)c3ccccc3cc2c1,,binned_cosine_1Da,25,False,prediction_failed,631
CASMI2022,massformer,completed,139,139,319,CASMI_MOL_1196937,CASMI_MOL_762968,762968,c1ccc2c(N(c3ccc4c(c3)oc3ccccc34)c3cc4sc5nc(N(c6ccc7c(c6)oc6ccccc67)c6c7ccccc7cc7ccccc67)cnc5c4nn3)c3ccccc3cc2c1,,binned_cosine_1Da,26,False,prediction_failed,631
CASMI2022,massformer,completed,139,139,319,CASMI_MOL_1196937,CASMI_MOL_762969,762969,c1ccc2c(N(c3ccc4c(c3)oc3ccccc34)c3cnc4c(n3)sc3nc(N(c5ccc6c(c5)oc5ccccc56)c5c6ccccc6cc6ccccc56)cnc34)c3ccccc3cc2c1,,binned_cosine_1Da,27,False,prediction_failed,631
CASMI2022,massformer,completed,139,139,319,CASMI_MOL_1196937,CASMI_MOL_762969,762969,c1ccc2c(N(c3ccc4c(c3)oc3ccccc34)c3cnc4c(n3)sc3nc(N(c5ccc6c(c5)oc5ccccc56)c5c6ccccc6cc6ccccc56)cnc34)c3ccccc3cc2c1,,binned_cosine_1Da,28,False,prediction_failed,631
CASMI2022,massformer,completed,139,139,319,CASMI_MOL_1196937,CASMI_MOL_762970,762970,c1ccc2c(N(c3ccc4c(c3)oc3ccccc34)c3ccc4c(n3)sc3nc(N(c5ccc6c(c5)oc5ccccc56)c5c6ccccc6cc6ccccc56)nnc34)c3ccccc3cc2c1,,binned_cosine_1Da,29,False,prediction_failed,631
CASMI2022,massformer,completed,139,139,319,CASMI_MOL_1196937,CASMI_MOL_762970,762970,c1ccc2c(N(c3ccc4c(c3)oc3ccccc34)c3ccc4c(n3)sc3nc(N(c5ccc6c(c5)oc5ccccc56)c5c6ccccc6cc6ccccc56)nnc34)c3ccccc3cc2c1,,binned_cosine_1Da,30,False,prediction_failed,631
CASMI2022,massformer,completed,139,139,319,CASMI_MOL_1196937,CASMI_MOL_762971,762971,c1ccc2cc3cc(N(c4ccc5c(c4)oc4ccccc45)c4cc5sc6cc(N(c7ccc8cc9ccccc9cc8c7)c7ccc8c(c7)oc7ccccc78)nnc6c5nn4)ccc3cc2c1,,binned_cosine_1Da,31,False,prediction_failed,631
CASMI2022,massformer,completed,139,139,319,CASMI_MOL_1196937,CASMI_MOL_762971,762971,c1ccc2cc3cc(N(c4ccc5c(c4)oc4ccccc45)c4cc5sc6cc(N(c7ccc8cc9ccccc9cc8c7)c7ccc8c(c7)oc7ccccc78)nnc6c5nn4)ccc3cc2c1,,binned_cosine_1Da,32,False,prediction_failed,631
CASMI2022,massformer,completed,139,139,319,CASMI_MOL_1196937,CASMI_MOL_762972,762972,c1ccc2cc3cc(N(c4ccc5c(c4)oc4ccccc45)c4ccc5c(n4)sc4nc(N(c6ccc7cc8ccccc8cc7c6)c6ccc7c(c6)oc6ccccc67)nnc45)ccc3cc2c1,,binned_cosine_1Da,33,False,prediction_failed,631
CASMI2022,massformer,completed,139,139,319,CASMI_MOL_1196937,CASMI_MOL_762972,762972,c1ccc2cc3cc(N(c4ccc5c(c4)oc4ccccc45)c4ccc5c(n4)sc4nc(N(c6ccc7cc8ccccc8cc7c6)c6ccc7c(c6)oc6ccccc67)nnc45)ccc3cc2c1,,binned_cosine_1Da,34,False,prediction_failed,631
CASMI2022,massformer,completed,139,139,319,CASMI_MOL_1196937,CASMI_MOL_762973,762973,c1ccc2c(N(c3ccc4c(c3)oc3ccccc34)c3cc4sc5cc(N(c6ccc7c(c6)oc6ccccc67)c6c7ccccc7cc7ccccc67)nnc5c4nn3)c3ccccc3cc2c1,,binned_cosine_1Da,35,False,prediction_failed,631
CASMI2022,massformer,completed,139,139,319,CASMI_MOL_1196937,CASMI_MOL_762973,762973,c1ccc2c(N(c3ccc4c(c3)oc3ccccc34)c3cc4sc5cc(N(c6ccc7c(c6)oc6ccccc67)c6c7ccccc7cc7ccccc67)nnc5c4nn3)c3ccccc3cc2c1,,binned_cosine_1Da,36,False,prediction_failed,631
CASMI2022,massformer,completed,139,139,319,CASMI_MOL_1196937,CASMI_MOL_762974,762974,c1ccc2cc3cc(N(c4ccc5c(c4)oc4ccccc45)c4cnc5c(n4)sc4nc(N(c6ccc7cc8ccccc8cc7c6)c6ccc7c(c6)oc6ccccc67)ncc45)ccc3cc2c1,,binned_cosine_1Da,37,False,prediction_failed,631
CASMI2022,massformer,completed,139,139,319,CASMI_MOL_1196937,CASMI_MOL_762974,762974,c1ccc2cc3cc(N(c4ccc5c(c4)oc4ccccc45)c4cnc5c(n4)sc4nc(N(c6ccc7cc8ccccc8cc7c6)c6ccc7c(c6)oc6ccccc67)ncc45)ccc3cc2c1,,binned_cosine_1Da,38,False,prediction_failed,631
CASMI2022,massformer,completed,139,139,319,CASMI_MOL_1196937,CASMI_MOL_762975,762975,c1ccc2c(N(c3ccc4c(c3)oc3ccccc34)c3cnc4c(c3)sc3nc(N(c5ccc6c(c5)oc5ccccc56)c5c6ccccc6cc6ccccc56)nnc34)c3ccccc3cc2c1,,binned_cosine_1Da,39,False,prediction_failed,631
CASMI2022,massformer,completed,139,139,319,CASMI_MOL_1196937,CASMI_MOL_762975,762975,c1ccc2c(N(c3ccc4c(c3)oc3ccccc34)c3cnc4c(c3)sc3nc(N(c5ccc6c(c5)oc5ccccc56)c5c6ccccc6cc6ccccc56)nnc34)c3ccccc3cc2c1,,binned_cosine_1Da,40,False,prediction_failed,631
CASMI2022,massformer,completed,139,139,319,CASMI_MOL_1196937,CASMI_MOL_762976,762976,c1ccc2c(N(c3ccc4c(c3)oc3ccccc34)c3cc4sc5nc(N(c6ccc7c(c6)oc6ccccc67)c6c7ccccc7cc7ccccc67)nnc5c4cn3)c3ccccc3cc2c1,,binned_cosine_1Da,41,False,prediction_failed,631
CASMI2022,massformer,completed,139,139,319,CASMI_MOL_1196937,CASMI_MOL_762976,762976,c1ccc2c(N(c3ccc4c(c3)oc3ccccc34)c3cc4sc5nc(N(c6ccc7c(c6)oc6ccccc67)c6c7ccccc7cc7ccccc67)nnc5c4cn3)c3ccccc3cc2c1,,binned_cosine_1Da,42,False,prediction_failed,631
CASMI2022,massformer,completed,139,139,319,CASMI_MOL_1196937,CASMI_MOL_762977,762977,c1ccc2c(N(c3ccc4c(c3)oc3ccccc34)c3cnc4c(n3)sc3nc(N(c5ccc6c(c5)oc5ccccc56)c5c6ccccc6cc6ccccc56)ncc34)c3ccccc3cc2c1,,binned_cosine_1Da,43,False,prediction_failed,631
CASMI2022,massformer,completed,139,139,319,CASMI_MOL_1196937,CASMI_MOL_762977,762977,c1ccc2c(N(c3ccc4c(c3)oc3ccccc34)c3cnc4c(n3)sc3nc(N(c5ccc6c(c5)oc5ccccc56)c5c6ccccc6cc6ccccc56)ncc34)c3ccccc3cc2c1,,binned_cosine_1Da,44,False,prediction_failed,631
CASMI2022,massformer,completed,139,139,319,CASMI_MOL_1196937,CASMI_MOL_762978,762978,c1ccc(-c2ccc3nc(-c4cc(-c5ccc(-c6ccc7c(c6)C6(c8ccccc8Oc8ccccc86)c6ccccc6-7)cc5)cc(-c5nc6ccc(-c7ccccc7)cc6s5)c4)sc3c2)cc1,,binned_cosine_1Da,45,False,prediction_failed,631
CASMI2022,massformer,completed,139,139,319,CASMI_MOL_1196937,CASMI_MOL_762978,762978,c1ccc(-c2ccc3nc(-c4cc(-c5ccc(-c6ccc7c(c6)C6(c8ccccc8Oc8ccccc86)c6ccccc6-7)cc5)cc(-c5nc6ccc(-c7ccccc7)cc6s5)c4)sc3c2)cc1,,binned_cosine_1Da,46,False,prediction_failed,631
CASMI2022,massformer,completed,139,139,319,CASMI_MOL_1196937,CASMI_MOL_762979,762979,c1cc(-c2cccc(-c3cc(-c4nc5ccccc5s4)cc(-c4nc5ccccc5s4)c3)c2)cc(-c2cccc(-c3ccc4c(c3)-c3ccccc3C43c4ccccc4Oc4ccccc43)c2)c1,,binned_cosine_1Da,47,False,prediction_failed,631
CASMI2022,massformer,completed,139,139,319,CASMI_MOL_1196937,CASMI_MOL_762979,762979,c1cc(-c2cccc(-c3cc(-c4nc5ccccc5s4)cc(-c4nc5ccccc5s4)c3)c2)cc(-c2cccc(-c3ccc4c(c3)-c3ccccc3C43c4ccccc4Oc4ccccc43)c2)c1,,binned_cosine_1Da,48,False,prediction_failed,631
CASMI2022,massformer,completed,139,139,319,CASMI_MOL_1196937,CASMI_MOL_762980,762980,c1ccc(-c2nc3ccc(-c4cc(-c5cccc(-c6ccc7c(c6)C6(c8ccccc8Oc8ccccc86)c6ccccc6-7)c5)cc(-c5ccc6nc(-c7ccccc7)sc6c5)c4)cc3s2)cc1,,binned_cosine_1Da,49,False,prediction_failed,631
CASMI2022,massformer,completed,139,139,319,CASMI_MOL_1196937,CASMI_MOL_762980,762980,c1ccc(-c2nc3ccc(-c4cc(-c5cccc(-c6ccc7c(c6)C6(c8ccccc8Oc8ccccc86)c6ccccc6-7)c5)cc(-c5ccc6nc(-c7ccccc7)sc6c5)c4)cc3s2)cc1,,binned_cosine_1Da,50,False,prediction_failed,631
CASMI2022,massformer,completed,139,139,319,CASMI_MOL_1196937,CASMI_MOL_762981,762981,CC(C)(C)OC(=O)Nc1nc(C(=NOC(C)(C)C(=O)OC(C)(C)C)C(=O)NC2C(=O)N3C(C(=O)OC(c4ccccc4)c4ccccc4)=C(c4ccc(CCl)cn4)CSC23)cs1,,binned_cosine_1Da,51,False,prediction_failed,631
CASMI2022,massformer,completed,139,139,319,CASMI_MOL_1196937,CASMI_MOL_762981,762981,CC(C)(C)OC(=O)Nc1nc(C(=NOC(C)(C)C(=O)OC(C)(C)C)C(=O)NC2C(=O)N3C(C(=O)OC(c4ccccc4)c4ccccc4)=C(c4ccc(CCl)cn4)CSC23)cs1,,binned_cosine_1Da,52,False,prediction_failed,631
CASMI2022,massformer,completed,139,139,319,CASMI_MOL_1196937,CASMI_MOL_762982,762982,C=C(C=CC=CC=C1N(CCCCCC(=O)O)c2ccc(S(=O)(=O)O)cc2C1(C)C)C(C)(CCCCS(=O)(=O)O)c1cc(S(=O)(=O)O)ccc1NCCCCS(=O)(=O)O,,binned_cosine_1Da,53,False,prediction_failed,631
CASMI2022,massformer,completed,139,139,319,CASMI_MOL_1196937,CASMI_MOL_762982,762982,C=C(C=CC=CC=C1N(CCCCCC(=O)O)c2ccc(S(=O)(=O)O)cc2C1(C)C)C(C)(CCCCS(=O)(=O)O)c1cc(S(=O)(=O)O)ccc1NCCCCS(=O)(=O)O,,binned_cosine_1Da,54,False,prediction_failed,631
CASMI2022,massformer,completed,139,139,319,CASMI_MOL_1196937,CASMI_MOL_762983,762983,CC1=NC(=O)C(N2C(=O)c3cccc(OCCOCCOCCOc4ccc(-c5cnc6[nH]cc(C(=O)c7c(F)ccc(NS(=O)(=O)N8CCC(F)C8)c7F)c6c5)cc4)c3C2=O)CC1,,binned_cosine_1Da,55,False,prediction_failed,631
CASMI2022,massformer,completed,139,139,319,CASMI_MOL_1196937,CASMI_MOL_762983,762983,CC1=NC(=O)C(N2C(=O)c3cccc(OCCOCCOCCOc4ccc(-c5cnc6[nH]cc(C(=O)c7c(F)ccc(NS(=O)(=O)N8CCC(F)C8)c7F)c6c5)cc4)c3C2=O)CC1,,binned_cosine_1Da,56,False,prediction_failed,631
CASMI2022,massformer,completed,139,139,319,CASMI_MOL_1196937,CASMI_MOL_762984,762984,CC1=NC(=O)C(N2C(=O)c3ccc(OCCOCCOCCOc4ccc(-c5cnc6[nH]cc(C(=O)c7c(F)ccc(NS(=O)(=O)N8CCC(F)C8)c7F)c6c5)cc4)cc3C2=O)CC1,,binned_cosine_1Da,57,False,prediction_failed,631
CASMI2022,massformer,completed,139,139,319,CASMI_MOL_1196937,CASMI_MOL_762984,762984,CC1=NC(=O)C(N2C(=O)c3ccc(OCCOCCOCCOc4ccc(-c5cnc6[nH]cc(C(=O)c7c(F)ccc(NS(=O)(=O)N8CCC(F)C8)c7F)c6c5)cc4)cc3C2=O)CC1,,binned_cosine_1Da,58,False,prediction_failed,631
CASMI2022,massformer,completed,139,139,319,CASMI_MOL_1196937,CASMI_MOL_762985,762985,CC1OC(OCC2OC(Oc3c(-c4ccc(O)cc4)oc4cc(OC5OC(CO)C(O)C(O)C5O)cc(O)c4c3=O)C(O)C(O)C2OC(=O)C=Cc2ccc(O)cc2)C(O)C(O)C1O,,binned_cosine_1Da,59,False,prediction_failed,631
CASMI2022,massformer,completed,139,139,319,CASMI_MOL_1196937,CASMI_MOL_762985,762985,CC1OC(OCC2OC(Oc3c(-c4ccc(O)cc4)oc4cc(OC5OC(CO)C(O)C(O)C5O)cc(O)c4c3=O)C(O)C(O)C2OC(=O)C=Cc2ccc(O)cc2)C(O)C(O)C1O,,binned_cosine_1Da,60,False,prediction_failed,631
CASMI2022,massformer,completed,139,139,319,CASMI_MOL_1196937,CASMI_MOL_762986,762986,CC1OC(OCC2OC(Oc3c(-c4ccc(O)cc4)oc4cc(OC5OC(CO)C(O)C(O)C5O)cc(O)c4c3=O)C(O)C(O)C2OC(=O)C=Cc2ccc(O)cc2)C(O)C(O)C1O,,binned_cosine_1Da,61,False,prediction_failed,631
CASMI2022,massformer,completed,139,139,319,CASMI_MOL_1196937,CASMI_MOL_762986,762986,CC1OC(OCC2OC(Oc3c(-c4ccc(O)cc4)oc4cc(OC5OC(CO)C(O)C(O)C5O)cc(O)c4c3=O)C(O)C(O)C2OC(=O)C=Cc2ccc(O)cc2)C(O)C(O)C1O,,binned_cosine_1Da,62,False,prediction_failed,631
CASMI2022,massformer,completed,139,139,319,CASMI_MOL_1196937,CASMI_MOL_762987,762987,CC1OC(OCC2OC(Oc3c(-c4ccc(O)cc4)oc4cc(OC5OC(CO)C(O)C(O)C5O)cc(O)c4c3=O)C(O)C(O)C2OC(=O)C=Cc2ccc(O)cc2)C(O)C(O)C1O,,binned_cosine_1Da,63,False,prediction_failed,631
CASMI2022,massformer,completed,139,139,319,CASMI_MOL_1196937,CASMI_MOL_762987,762987,CC1OC(OCC2OC(Oc3c(-c4ccc(O)cc4)oc4cc(OC5OC(CO)C(O)C(O)C5O)cc(O)c4c3=O)C(O)C(O)C2OC(=O)C=Cc2ccc(O)cc2)C(O)C(O)C1O,,binned_cosine_1Da,64,False,prediction_failed,631
CASMI2022,massformer,completed,139,139,319,CASMI_MOL_1196937,CASMI_MOL_762988,762988,CC1OC(Oc2c(-c3ccc(O)cc3)oc3cc(OC4OC(CO)C(O)C(O)C4O)cc(O)c3c2=O)C(OC2OC(COC(=O)C=Cc3ccc(O)cc3)C(O)C(O)C2O)C(O)C1O,,binned_cosine_1Da,65,False,prediction_failed,631
CASMI2022,massformer,completed,139,139,319,CASMI_MOL_1196937,CASMI_MOL_762988,762988,CC1OC(Oc2c(-c3ccc(O)cc3)oc3cc(OC4OC(CO)C(O)C(O)C4O)cc(O)c3c2=O)C(OC2OC(COC(=O)C=Cc3ccc(O)cc3)C(O)C(O)C2O)C(O)C1O,,binned_cosine_1Da,66,False,prediction_failed,631
CASMI2022,massformer,completed,139,139,319,CASMI_MOL_1196937,CASMI_MOL_762989,762989,COc1cc(C=CC(=O)OCC2OC(c3c(OC4OCC(O)(CO)C4O)c(C4OC(CO)C(O)C(O)C4O)c(O)c4c(=O)cc(-c5ccc(O)cc5)oc34)C(O)C(O)C2O)ccc1O,,binned_cosine_1Da,67,False,prediction_failed,631
CASMI2022,massformer,completed,139,139,319,CASMI_MOL_1196937,CASMI_MOL_762989,762989,COc1cc(C=CC(=O)OCC2OC(c3c(OC4OCC(O)(CO)C4O)c(C4OC(CO)C(O)C(O)C4O)c(O)c4c(=O)cc(-c5ccc(O)cc5)oc34)C(O)C(O)C2O)ccc1O,,binned_cosine_1Da,68,False,prediction_failed,631
CASMI2022,massformer,completed,139,139,319,CASMI_MOL_1196937,CASMI_MOL_762990,762990,CC1OC(Oc2c(-c3ccc(O)cc3)oc3cc(OC4OC(CO)C(O)C(O)C4O)cc(O)c3c2=O)C(OC2OC(CO)C(OC(=O)C=Cc3ccc(O)cc3)C(O)C2O)C(O)C1O,,binned_cosine_1Da,69,False,prediction_failed,631
CASMI2022,massformer,completed,139,139,319,CASMI_MOL_1196937,CASMI_MOL_762990,762990,CC1OC(Oc2c(-c3ccc(O)cc3)oc3cc(OC4OC(CO)C(O)C(O)C4O)cc(O)c3c2=O)C(OC2OC(CO)C(OC(=O)C=Cc3ccc(O)cc3)C(O)C2O)C(O)C1O,,binned_cosine_1Da,70,False,prediction_failed,631
CASMI2022,massformer,completed,139,139,319,CASMI_MOL_1196937,CASMI_MOL_762991,762991,CC1OC(Oc2c(-c3ccc(O)cc3)oc3cc(OC4OC(COC(=O)C=Cc5ccc(O)cc5)C(O)C(O)C4O)c(C4OC(CO)C(O)C(O)C4O)c(O)c3c2=O)C(O)C(O)C1O,,binned_cosine_1Da,71,False,prediction_failed,631
CASMI2022,massformer,completed,139,139,319,CASMI_MOL_1196937,CASMI_MOL_762991,762991,CC1OC(Oc2c(-c3ccc(O)cc3)oc3cc(OC4OC(COC(=O)C=Cc5ccc(O)cc5)C(O)C(O)C4O)c(C4OC(CO)C(O)C(O)C4O)c(O)c3c2=O)C(O)C(O)C1O,,binned_cosine_1Da,72,False,prediction_failed,631
CASMI2022,massformer,completed,139,139,319,CASMI_MOL_1196937,CASMI_MOL_762992,762992,O=C(C=Cc1ccc(O)cc1)OCC1OC(Oc2cc3c(OC4OC(CO)C(O)C(O)C4O)cc(=O)cc-3oc2-c2ccc(O)cc2)C(OC2OC(CO)C(O)C(O)C2O)C(O)C1O,,binned_cosine_1Da,73,False,prediction_failed,631
CASMI2022,massformer,completed,139,139,319,CASMI_MOL_1196937,CASMI_MOL_762992,762992,O=C(C=Cc1ccc(O)cc1)OCC1OC(Oc2cc3c(OC4OC(CO)C(O)C(O)C4O)cc(=O)cc-3oc2-c2ccc(O)cc2)C(OC2OC(CO)C(O)C(O)C2O)C(O)C1O,,binned_cosine_1Da,74,False,prediction_failed,631
CASMI2022,massformer,completed,139,139,319,CASMI_MOL_1196937,CASMI_MOL_762993,762993,CC1OC(Oc2c(-c3ccc(O)cc3)oc3cc(OC4OC(CO)C(O)C(O)C4O)cc(O)c3c2=O)C(OC2OC(COC(=O)C=Cc3ccc(O)cc3)C(O)C(O)C2O)C(O)C1O,,binned_cosine_1Da,75,False,prediction_failed,631
CASMI2022,massformer,completed,139,139,319,CASMI_MOL_1196937,CASMI_MOL_762993,762993,CC1OC(Oc2c(-c3ccc(O)cc3)oc3cc(OC4OC(CO)C(O)C(O)C4O)cc(O)c3c2=O)C(OC2OC(COC(=O)C=Cc3ccc(O)cc3)C(O)C(O)C2O)C(O)C1O,,binned_cosine_1Da,76,False,prediction_failed,631
CASMI2022,massformer,completed,139,139,319,CASMI_MOL_1196937,CASMI_MOL_762994,762994,CC1OC(Oc2c(-c3ccc(O)cc3)oc3cc(OC4OC(COC(=O)C=Cc5ccc(O)cc5)C(O)C(O)C4O)cc(O)c3c2=O)C(O)C(O)C1OC1OC(CO)C(O)C(O)C1O,,binned_cosine_1Da,77,False,prediction_failed,631
CASMI2022,massformer,completed,139,139,319,CASMI_MOL_1196937,CASMI_MOL_762994,762994,CC1OC(Oc2c(-c3ccc(O)cc3)oc3cc(OC4OC(COC(=O)C=Cc5ccc(O)cc5)C(O)C(O)C4O)cc(O)c3c2=O)C(O)C(O)C1OC1OC(CO)C(O)C(O)C1O,,binned_cosine_1Da,78,False,prediction_failed,631
CASMI2022,massformer,completed,139,139,319,CASMI_MOL_1196937,CASMI_MOL_762995,762995,O=C(C=Cc1ccc(O)cc1)OCC1OC(OC2C(c3c(O)cc4oc(-c5ccc(OC6OC(CO)C(O)C(O)C6O)cc5)cc(=O)c4c3O)OC(CO)C(O)C2O)C(O)C(O)C1O,,binned_cosine_1Da,79,False,prediction_failed,631
CASMI2022,massformer,completed,139,139,319,CASMI_MOL_1196937,CASMI_MOL_762995,762995,O=C(C=Cc1ccc(O)cc1)OCC1OC(OC2C(c3c(O)cc4oc(-c5ccc(OC6OC(CO)C(O)C(O)C6O)cc5)cc(=O)c4c3O)OC(CO)C(O)C2O)C(O)C(O)C1O,,binned_cosine_1Da,80,False,prediction_failed,631
CASMI2022,massformer,completed,139,139,319,CASMI_MOL_1196937,CASMI_MOL_762996,762996,CC1OC(OCC2OC(Oc3c(-c4ccc(O)c(O)c4)oc4cc(OC5OC(C)C(O)C(O)C5O)cc(O)c4c3=O)C(O)C(O)C2OC(=O)C=Cc2ccc(O)cc2)C(O)C(O)C1O,,binned_cosine_1Da,81,False,prediction_failed,631
CASMI2022,massformer,completed,139,139,319,CASMI_MOL_1196937,CASMI_MOL_762996,762996,CC1OC(OCC2OC(Oc3c(-c4ccc(O)c(O)c4)oc4cc(OC5OC(C)C(O)C(O)C5O)cc(O)c4c3=O)C(O)C(O)C2OC(=O)C=Cc2ccc(O)cc2)C(O)C(O)C1O,,binned_cosine_1Da,82,False,prediction_failed,631
CASMI2022,massformer,completed,139,139,319,CASMI_MOL_1196937,CASMI_MOL_762997,762997,CC1OC(Oc2cc(O)c3c(=O)c(OC4OC(CO)C(O)C(O)C4O)c(-c4ccc(O)cc4)oc3c2)C(O)C(OC2OC(COC(=O)C=Cc3ccc(O)cc3)C(O)C(O)C2O)C1O,,binned_cosine_1Da,83,False,prediction_failed,631
CASMI2022,massformer,completed,139,139,319,CASMI_MOL_1196937,CASMI_MOL_762997,762997,CC1OC(Oc2cc(O)c3c(=O)c(OC4OC(CO)C(O)C(O)C4O)c(-c4ccc(O)cc4)oc3c2)C(O)C(OC2OC(COC(=O)C=Cc3ccc(O)cc3)C(O)C(O)C2O)C1O,,binned_cosine_1Da,84,False,prediction_failed,631
CASMI2022,massformer,completed,139,139,319,CASMI_MOL_1196937,CASMI_MOL_762998,762998,CC1OC(OCC2OC(Oc3c(-c4ccc(O)cc4)oc4cc(OC5OC(C)C(O)C(O)C5O)cc(O)c4c3=O)C(O)C(O)C2OC(=O)C=Cc2ccc(O)c(O)c2)C(O)C(O)C1O,,binned_cosine_1Da,85,False,prediction_failed,631
CASMI2022,massformer,completed,139,139,319,CASMI_MOL_1196937,CASMI_MOL_762998,762998,CC1OC(OCC2OC(Oc3c(-c4ccc(O)cc4)oc4cc(OC5OC(C)C(O)C(O)C5O)cc(O)c4c3=O)C(O)C(O)C2OC(=O)C=Cc2ccc(O)c(O)c2)C(O)C(O)C1O,,binned_cosine_1Da,86,False,prediction_failed,631
CASMI2022,massformer,completed,139,139,319,CASMI_MOL_1196937,CASMI_MOL_762999,762999,CC1OC(Oc2c(-c3ccc(O)cc3)oc3cc(OC4OC(COC(=O)C=Cc5ccc(O)cc5)C(O)C(O)C4O)cc(O)c3c2=O)C(OC2OC(CO)C(O)C(O)C2O)C(O)C1O,,binned_cosine_1Da,87,False,prediction_failed,631
CASMI2022,massformer,completed,139,139,319,CASMI_MOL_1196937,CASMI_MOL_762999,762999,CC1OC(Oc2c(-c3ccc(O)cc3)oc3cc(OC4OC(COC(=O)C=Cc5ccc(O)cc5)C(O)C(O)C4O)cc(O)c3c2=O)C(OC2OC(CO)C(O)C(O)C2O)C(O)C1O,,binned_cosine_1Da,88,False,prediction_failed,631
CASMI2022,massformer,completed,139,139,319,CASMI_MOL_1196937,CASMI_MOL_763000,763000,OCC1OC(OC2Cc3c(O)cc(O)c(C4c5c(O)cc(O)cc5OC(c5ccc(O)c(O)c5)C4OC4OC(CO)C(O)C(O)C4O)c3OC2c2ccc(O)c(O)c2)C(O)C(O)C1O,,binned_cosine_1Da,89,False,prediction_failed,631
CASMI2022,massformer,completed,139,139,319,CASMI_MOL_1196937,CASMI_MOL_763000,763000,OCC1OC(OC2Cc3c(O)cc(O)c(C4c5c(O)cc(O)cc5OC(c5ccc(O)c(O)c5)C4OC4OC(CO)C(O)C(O)C4O)c3OC2c2ccc(O)c(O)c2)C(O)C(O)C1O,,binned_cosine_1Da,90,False,prediction_failed,631
CASMI2022,massformer,completed,139,139,319,CASMI_MOL_1196937,CASMI_MOL_763001,763001,OCC1OC(OC2Cc3c(O)cc(O)c(C4c5c(O)cc(O)cc5OC(c5ccc(O)c(O)c5)C4OC4OC(CO)C(O)C(O)C4O)c3OC2c2ccc(O)c(O)c2)C(O)C(O)C1O,,binned_cosine_1Da,91,False,prediction_failed,631
CASMI2022,massformer,completed,139,139,319,CASMI_MOL_1196937,CASMI_MOL_763001,763001,OCC1OC(OC2Cc3c(O)cc(O)c(C4c5c(O)cc(O)cc5OC(c5ccc(O)c(O)c5)C4OC4OC(CO)C(O)C(O)C4O)c3OC2c2ccc(O)c(O)c2)C(O)C(O)C1O,,binned_cosine_1Da,92,False,prediction_failed,631
CASMI2022,massformer,completed,139,139,319,CASMI_MOL_1196937,CASMI_MOL_763002,763002,CC1OC(OCC2OC(Oc3c(-c4ccc(O)cc4)oc4cc(OC5OC(CO)C(O)C(O)C5O)cc(O)c4c3=O)C(O)C(O)C2O)C(O)C(O)C1OC(=O)C=Cc1ccc(O)cc1,,binned_cosine_1Da,93,False,prediction_failed,631
CASMI2022,massformer,completed,139,139,319,CASMI_MOL_1196937,CASMI_MOL_763002,763002,CC1OC(OCC2OC(Oc3c(-c4ccc(O)cc4)oc4cc(OC5OC(CO)C(O)C(O)C5O)cc(O)c4c3=O)C(O)C(O)C2O)C(O)C(O)C1OC(=O)C=Cc1ccc(O)cc1,,binned_cosine_1Da,94,False,prediction_failed,631
CASMI2022,massformer,completed,139,139,319,CASMI_MOL_1196937,CASMI_MOL_763003,763003,CC1OC(OCC2OC(Oc3c(-c4ccc(O)cc4)oc4cc(OC5OC(CO)C(O)C(O)C5O)cc(O)c4c3=O)C(O)C(O)C2O)C(O)C(O)C1OC(=O)C=Cc1ccc(O)cc1,,binned_cosine_1Da,95,False,prediction_failed,631
CASMI2022,massformer,completed,139,139,319,CASMI_MOL_1196937,CASMI_MOL_763003,763003,CC1OC(OCC2OC(Oc3c(-c4ccc(O)cc4)oc4cc(OC5OC(CO)C(O)C(O)C5O)cc(O)c4c3=O)C(O)C(O)C2O)C(O)C(O)C1OC(=O)C=Cc1ccc(O)cc1,,binned_cosine_1Da,96,False,prediction_failed,631
CASMI2022,massformer,completed,139,139,319,CASMI_MOL_1196937,CASMI_MOL_763004,763004,CC1OC(Oc2cc(O)c3c(=O)c(OC4OC(C)C(O)C(O)C4OC4OC(COC(=O)C=Cc5ccc(O)c(O)c5)C(O)C(O)C4O)c(-c4ccc(O)cc4)oc3c2)C(O)C(O)C1O,,binned_cosine_1Da,97,False,prediction_failed,631
CASMI2022,massformer,completed,139,139,319,CASMI_MOL_1196937,CASMI_MOL_763004,763004,CC1OC(Oc2cc(O)c3c(=O)c(OC4OC(C)C(O)C(O)C4OC4OC(COC(=O)C=Cc5ccc(O)c(O)c5)C(O)C(O)C4O)c(-c4ccc(O)cc4)oc3c2)C(O)C(O)C1O,,binned_cosine_1Da,98,False,prediction_failed,631
CASMI2022,massformer,completed,139,139,319,CASMI_MOL_1196937,CASMI_MOL_763005,763005,CC1OC(OCC2OC(Oc3c(-c4ccc(O)c(O)c4)oc4cc(OC5OC(C)C(O)C(O)C5O)cc(O)c4c3=O)C(O)C(O)C2OC(=O)C=Cc2ccc(O)cc2)C(O)C(O)C1O,,binned_cosine_1Da,99,False,prediction_failed,631
CASMI2022,massformer,completed,139,139,319,CASMI_MOL_1196937,CASMI_MOL_763005,763005,CC1OC(OCC2OC(Oc3c(-c4ccc(O)c(O)c4)oc4cc(OC5OC(C)C(O)C(O)C5O)cc(O)c4c3=O)C(O)C(O)C2OC(=O)C=Cc2ccc(O)cc2)C(O)C(O)C1O,,binned_cosine_1Da,100,False,prediction_failed,631
CASMI2022,massformer,completed,139,139,319,CASMI_MOL_1196937,CASMI_MOL_1196937,1196937,CC1OC(OC2C(Oc3c(-c4ccc(O)cc4)oc4cc(OC5OC(CO)C(O)C(O)C5OC(=O)C=Cc5ccc(O)cc5)cc(O)c4c3=O)OC(CO)C(O)C2O)C(O)C(O)C1O,,binned_cosine_1Da,631,True,prediction_failed,631
CASMI2022,massformer,completed,140,140,320,CASMI_MOL_1196939,CASMI_MOL_764517,764517,CCCCCCC1C=CC(c2ccc(O)cc2)C(=O)O1,0.6712554359455101,binned_cosine_1Da,1,False,predicted_spectrum,9134
CASMI2022,massformer,completed,140,140,320,CASMI_MOL_1196939,CASMI_MOL_764121,764121,O=CC=CC=CCCCC(=O)CCC=CC=CCC=O,0.6677048407200805,binned_cosine_1Da,2,False,predicted_spectrum,9134
CASMI2022,massformer,completed,140,140,320,CASMI_MOL_1196939,CASMI_MOL_765963,765963,C=C(C)COc1cccc(C2(C(=O)O)CCCCC2)c1,0.6568523737363091,binned_cosine_1Da,3,False,predicted_spectrum,9134
CASMI2022,massformer,completed,140,140,320,CASMI_MOL_1196939,CASMI_MOL_763535,763535,CC1(C)C2CCC1(C)C(c1cc(C=O)c(O)cc1O)C2,0.655503039557656,binned_cosine_1Da,4,False,predicted_spectrum,9134
CASMI2022,massformer,completed,140,140,320,CASMI_MOL_1196939,CASMI_MOL_765964,765964,C=C(C)COc1ccccc1C1(C(=O)O)CCCCC1,0.6537285213758526,binned_cosine_1Da,5,False,predicted_spectrum,9134
CASMI2022,massformer,completed,140,140,320,CASMI_MOL_1196939,CASMI_MOL_768947,768947,C=CCCC1CCC(c2ccc(C(=O)O)c(O)c2)CC1,0.652239881547096,binned_cosine_1Da,6,False,predicted_spectrum,9134
CASMI2022,massformer,completed,140,140,320,CASMI_MOL_1196939,CASMI_MOL_765953,765953,O=C(O)C1(c2ccccc2OC2CCC2)CCCCC1,0.6491914444332052,binned_cosine_1Da,7,False,predicted_spectrum,9134
CASMI2022,massformer,completed,140,140,320,CASMI_MOL_1196939,CASMI_MOL_771030,771030,CCOC(=O)c1ccccc1OC1CC2CCC(C2)C1,0.6491219188677713,binned_cosine_1Da,8,False,predicted_spectrum,9134
CASMI2022,massformer,completed,140,140,320,CASMI_MOL_1196939,CASMI_MOL_767114,767114,C=CCCCCCC1(C(=O)O)CCOc2ccccc21,0.6488200627834712,binned_cosine_1Da,9,False,predicted_spectrum,9134
CASMI2022,massformer,completed,140,140,320,CASMI_MOL_1196939,CASMI_MOL_771517,771517,COc1ccccc1C1(C(=O)O)CC2(CCCCC2)C1,0.6484201805810943,binned_cosine_1Da,10,False,predicted_spectrum,9134
CASMI2022,massformer,completed,140,140,320,CASMI_MOL_1196939,CASMI_MOL_764300,764300,CCC1CCCC(OC(=O)C=Cc2cccc(O)c2)C1,0.6473240584732725,binned_cosine_1Da,11,False,predicted_spectrum,9134
CASMI2022,massformer,completed,140,140,320,CASMI_MOL_1196939,CASMI_MOL_765962,765962,C=C(C)COc1ccc(C2(C(=O)O)CCCCC2)cc1,0.6469428034198103,binned_cosine_1Da,12,False,predicted_spectrum,9134
CASMI2022,massformer,completed,140,140,320,CASMI_MOL_1196939,CASMI_MOL_765082,765082,CC1(C2(C)Oc3ccccc3O2)CCCCCC(=O)C1,0.6458607467908448,binned_cosine_1Da,13,False,predicted_spectrum,9134
CASMI2022,massformer,completed,140,140,320,CASMI_MOL_1196939,CASMI_MOL_764128,764128,CC1(C)CCCC2Oc3c(O)cc(C=O)cc3CC21C,0.6454028526590985,binned_cosine_1Da,14,False,predicted_spectrum,9134
CASMI2022,massformer,completed,140,140,320,CASMI_MOL_1196939,CASMI_MOL_765536,765536,CC1CCCC(C)(C)CC(=O)C(=O)c2cc(O)ccc21,0.6450459480223147,binned_cosine_1Da,15,False,predicted_spectrum,9134
CASMI2022,massformer,completed,140,140,320,CASMI_MOL_1196939,CASMI_MOL_766402,766402,COC1(C(=O)c2cccc3c2OCC3)CCCC(C)C1,0.6446585868256738,binned_cosine_1Da,16,False,predicted_spectrum,9134
CASMI2022,massformer,completed,140,140,320,CASMI_MOL_1196939,CASMI_MOL_765961,765961,CC1(C)Cc2cc(C3(C(=O)O)CCCCC3)ccc2O1,0.6443792568324174,binned_cosine_1Da,17,False,predicted_spectrum,9134
CASMI2022,massformer,completed,140,140,320,CASMI_MOL_1196939,CASMI_MOL_765943,765943,CC1(C)Cc2ccc(C3(C(=O)O)CCCCC3)cc2O1,0.6443464085604006,binned_cosine_1Da,18,False,predicted_spectrum,9134
CASMI2022,massformer,completed,140,140,320,CASMI_MOL_1196939,CASMI_MOL_771191,771191,C=C(C)C(=O)Oc1ccccc1OC1CCC(C)CC1,0.6440906851468511,binned_cosine_1Da,19,False,predicted_spectrum,9134
CASMI2022,massformer,completed,140,140,320,CASMI_MOL_1196939,CASMI_MOL_767113,767113,C=CCCCCCC1(C(=O)O)COc2ccccc2C1,0.6434966564472461,binned_cosine_1Da,20,False,predicted_spectrum,9134
CASMI2022,massformer,completed,140,140,320,CASMI_MOL_1196939,CASMI_MOL_764120,764120,CC=CC1(C=CC)CC(C=CC)(C=CC)C(=O)OC1=O,0.6431732744462924,binned_cosine_1Da,21,False,predicted_spectrum,9134
CASMI2022,massformer,completed,140,140,320,CASMI_MOL_1196939,CASMI_MOL_771190,771190,C=C(C)C(=O)Oc1ccc(OC2CCC(C)CC2)cc1,0.6428314272436331,binned_cosine_1Da,22,False,predicted_spectrum,9134
CASMI2022,massformer,completed,140,140,320,CASMI_MOL_1196939,CASMI_MOL_772351,772351,CC#CCC(C)(C)C(=O)C=CC1CCC2OC(=O)CC12,0.642670694299485,binned_cosine_1Da,23,False,predicted_spectrum,9134
CASMI2022,massformer,completed,140,140,320,CASMI_MOL_1196939,CASMI_MOL_763682,763682,CCCCCC=CC(O)C#CC#CC=CCOC(C)=O,0.6425253820181936,binned_cosine_1Da,24,False,predicted_spectrum,9134
CASMI2022,massformer,completed,140,140,320,CASMI_MOL_1196939,CASMI_MOL_763683,763683,CCCCCC=CC(O)C#CC#CC=CCOC(C)=O,0.6425253820181936,binned_cosine_1Da,25,False,predicted_spectrum,9134
CASMI2022,massformer,completed,140,140,320,CASMI_MOL_1196939,CASMI_MOL_768327,768327,CCCCCC=CC(O)C#CC#CC=CCOC(C)=O,0.6425253820181936,binned_cosine_1Da,26,False,predicted_spectrum,9134
CASMI2022,massformer,completed,140,140,320,CASMI_MOL_1196939,CASMI_MOL_768857,768857,CCCCCC=CC(O)C#CC#CC=CCOC(C)=O,0.6425253820181936,binned_cosine_1Da,27,False,predicted_spectrum,9134
CASMI2022,massformer,completed,140,140,320,CASMI_MOL_1196939,CASMI_MOL_768367,768367,O=C1CCCCCCCCOc2ccccc2C(=O)C1,0.6421377092580258,binned_cosine_1Da,28,False,predicted_spectrum,9134
CASMI2022,massformer,completed,140,140,320,CASMI_MOL_1196939,CASMI_MOL_767554,767554,CC=Cc1ccc(OCC(=O)C2CCCC2)c(OC)c1,0.64212204904907,binned_cosine_1Da,29,False,predicted_spectrum,9134
CASMI2022,massformer,completed,140,140,320,CASMI_MOL_1196939,CASMI_MOL_765965,765965,COc1cc(C2(C(=O)O)CCCCC2)ccc1C1CC1,0.6418392707431597,binned_cosine_1Da,30,False,predicted_spectrum,9134
CASMI2022,massformer,completed,140,140,320,CASMI_MOL_1196939,CASMI_MOL_767376,767376,COC1CCCC(Oc2ccc3c(c2)C(=O)CCC3)C1,0.641673375875488,binned_cosine_1Da,31,False,predicted_spectrum,9134
CASMI2022,massformer,completed,140,140,320,CASMI_MOL_1196939,CASMI_MOL_765272,765272,CCCCCCC1(c2ccccc2)CC(=O)CC(=O)O1,0.6416392590071853,binned_cosine_1Da,32,False,predicted_spectrum,9134
CASMI2022,massformer,completed,140,140,320,CASMI_MOL_1196939,CASMI_MOL_765273,765273,CCCCCCC1(c2ccccc2)CC(=O)CC(=O)O1,0.6416392590071853,binned_cosine_1Da,33,False,predicted_spectrum,9134
CASMI2022,massformer,completed,140,140,320,CASMI_MOL_1196939,CASMI_MOL_764318,764318,CCC#CCC(C)CC#CC1C(O)CC2OC(=O)CC21,0.6415168329077751,binned_cosine_1Da,34,False,predicted_spectrum,9134
CASMI2022,massformer,completed,140,140,320,CASMI_MOL_1196939,CASMI_MOL_771189,771189,C=C(C)C(=O)Oc1ccc(C)cc1OC1CCCCC1,0.6414208588059745,binned_cosine_1Da,35,False,predicted_spectrum,9134
CASMI2022,massformer,completed,140,140,320,CASMI_MOL_1196939,CASMI_MOL_764163,764163,CCC=CC=C1C=CC(=O)C1CCC1CCCC(=O)O1,0.641300596015648,binned_cosine_1Da,36,False,predicted_spectrum,9134
CASMI2022,massformer,completed,140,140,320,CASMI_MOL_1196939,CASMI_MOL_772238,772238,Cc1oc(=O)c(C(=O)C=CC2CCCCC2)c(C)c1C,0.6411878759608726,binned_cosine_1Da,37,False,predicted_spectrum,9134
CASMI2022,massformer,completed,140,140,320,CASMI_MOL_1196939,CASMI_MOL_763401,763401,CCCCCCCC(O)(C#CC(=O)O)c1ccccc1,0.6408162072899873,binned_cosine_1Da,38,False,predicted_spectrum,9134
CASMI2022,massformer,completed,140,140,320,CASMI_MOL_1196939,CASMI_MOL_767859,767859,C#CCCCC(O)c1cc2c(cc1OCC)CC(C)O2,0.6407003018487899,binned_cosine_1Da,39,False,predicted_spectrum,9134
CASMI2022,massformer,completed,140,140,320,CASMI_MOL_1196939,CASMI_MOL_771031,771031,CCOC(=O)c1cccc(OC2CC3CCC(C3)C2)c1,0.6403212514968469,binned_cosine_1Da,40,False,predicted_spectrum,9134
CASMI2022,massformer,completed,140,140,320,CASMI_MOL_1196939,CASMI_MOL_770642,770642,CC1CCCC(C2(C(=O)O)CCOc3ccccc32)C1,0.6400469700465591,binned_cosine_1Da,41,False,predicted_spectrum,9134
CASMI2022,massformer,completed,140,140,320,CASMI_MOL_1196939,CASMI_MOL_766403,766403,COC1(C(=O)c2cccc3c2OCC3)CCC(C)CC1,0.6399901779317506,binned_cosine_1Da,42,False,predicted_spectrum,9134
CASMI2022,massformer,completed,140,140,320,CASMI_MOL_1196939,CASMI_MOL_766456,766456,CCC1CCCC2(CC(=O)c3cc(OC)ccc3O2)C1,0.639892554598027,binned_cosine_1Da,43,False,predicted_spectrum,9134
CASMI2022,massformer,completed,140,140,320,CASMI_MOL_1196939,CASMI_MOL_767508,767508,CCC1CCCC(C(=O)c2cccc3c2OCCO3)C1,0.6393737144491393,binned_cosine_1Da,44,False,predicted_spectrum,9134
CASMI2022,massformer,completed,140,140,320,CASMI_MOL_1196939,CASMI_MOL_767509,767509,CCC1CCC(C(=O)c2cccc3c2OCCO3)CC1,0.6393591895257766,binned_cosine_1Da,45,False,predicted_spectrum,9134
CASMI2022,massformer,completed,140,140,320,CASMI_MOL_1196939,CASMI_MOL_763958,763958,CC1=CCC(OC(=O)c2ccccc2O)(C(C)C)CC1,0.639321439349312,binned_cosine_1Da,46,False,predicted_spectrum,9134
CASMI2022,massformer,completed,140,140,320,CASMI_MOL_1196939,CASMI_MOL_767511,767511,CC1CC(C)CC(C(=O)c2cccc3c2OCCO3)C1,0.6392440332476308,binned_cosine_1Da,47,False,predicted_spectrum,9134
CASMI2022,massformer,completed,140,140,320,CASMI_MOL_1196939,CASMI_MOL_765958,765958,O=C(O)C1(c2ccccc2OCC2CC2)CCCCC1,0.6389143826658583,binned_cosine_1Da,48,False,predicted_spectrum,9134
CASMI2022,massformer,completed,140,140,320,CASMI_MOL_1196939,CASMI_MOL_766400,766400,COC(C(=O)c1cccc2c1OCC2)C1CCCCC1,0.6385676686048241,binned_cosine_1Da,49,False,predicted_spectrum,9134
CASMI2022,massformer,completed,140,140,320,CASMI_MOL_1196939,CASMI_MOL_771516,771516,COc1cccc(C2(C(=O)O)CC3(CCCCC3)C2)c1,0.6383549870484728,binned_cosine_1Da,50,False,predicted_spectrum,9134
CASMI2022,massformer,completed,140,140,320,CASMI_MOL_1196939,CASMI_MOL_765141,765141,CCCCC=CCC(=O)CCc1ccc(O)c(C=O)c1,0.6382855513403202,binned_cosine_1Da,51,False,predicted_spectrum,9134
CASMI2022,massformer,completed,140,140,320,CASMI_MOL_1196939,CASMI_MOL_770650,770650,CC1CCC(C2(C(=O)O)CCOc3ccccc32)CC1,0.6380542881191833,binned_cosine_1Da,52,False,predicted_spectrum,9134
CASMI2022,massformer,completed,140,140,320,CASMI_MOL_1196939,CASMI_MOL_772278,772278,C=C(C)C(=O)Oc1ccc(OC2(C)CCCCC2)cc1,0.6375466185990818,binned_cosine_1Da,53,False,predicted_spectrum,9134
CASMI2022,massformer,completed,140,140,320,CASMI_MOL_1196939,CASMI_MOL_766458,766458,COc1ccc2c(c1)C(=O)CC1(CCCC(C)(C)C1)O2,0.6372031883011554,binned_cosine_1Da,54,False,predicted_spectrum,9134
CASMI2022,massformer,completed,140,140,320,CASMI_MOL_1196939,CASMI_MOL_763799,763799,CC#CCC(C)C(=O)C=CC1C(C)CC2OC(=O)CC21,0.6371812043368676,binned_cosine_1Da,55,False,predicted_spectrum,9134
CASMI2022,massformer,completed,140,140,320,CASMI_MOL_1196939,CASMI_MOL_772333,772333,CC#CCC(C)C(=O)C=CC1C(C)CC2OC(=O)CC21,0.6371812043368676,binned_cosine_1Da,56,False,predicted_spectrum,9134
CASMI2022,massformer,completed,140,140,320,CASMI_MOL_1196939,CASMI_MOL_765952,765952,Cc1ccc(OC2CC2)c(C2(C(=O)O)CCCCC2)c1,0.6371563771684722,binned_cosine_1Da,57,False,predicted_spectrum,9134
CASMI2022,massformer,completed,140,140,320,CASMI_MOL_1196939,CASMI_MOL_766474,766474,CCC1CCCC2(CC(=O)c3ccc(OC)cc3O2)C1,0.6371000666994308,binned_cosine_1Da,58,False,predicted_spectrum,9134
CASMI2022,massformer,completed,140,140,320,CASMI_MOL_1196939,CASMI_MOL_767158,767158,COc1cccc(OC)c1C(=O)C1=CCCCCCC1,0.6370055403851533,binned_cosine_1Da,59,False,predicted_spectrum,9134
CASMI2022,massformer,completed,140,140,320,CASMI_MOL_1196939,CASMI_MOL_771210,771210,C=C(C(=O)c1ccc(OC)c(OC)c1)C1CCCCC1,0.6368874312596785,binned_cosine_1Da,60,False,predicted_spectrum,9134
CASMI2022,massformer,completed,140,140,320,CASMI_MOL_1196939,CASMI_MOL_766476,766476,COc1ccc2c(c1)OC1(CCCC(C)(C)C1)CC2=O,0.6367839365677874,binned_cosine_1Da,61,False,predicted_spectrum,9134
CASMI2022,massformer,completed,140,140,320,CASMI_MOL_1196939,CASMI_MOL_764174,764174,CC(C)C1=C(COc2cccc(O)c2C=O)CCCC1,0.6364195204152133,binned_cosine_1Da,62,False,predicted_spectrum,9134
CASMI2022,massformer,completed,140,140,320,CASMI_MOL_1196939,CASMI_MOL_765981,765981,Cc1ccc(OC2CCC2)c(C2(C(=O)O)CCCC2)c1,0.6360952509835653,binned_cosine_1Da,63,False,predicted_spectrum,9134
CASMI2022,massformer,completed,140,140,320,CASMI_MOL_1196939,CASMI_MOL_766405,766405,COC1(C(=O)c2cccc3c2OCCC3)CCCCC1,0.6360792045261376,binned_cosine_1Da,64,False,predicted_spectrum,9134
CASMI2022,massformer,completed,140,140,320,CASMI_MOL_1196939,CASMI_MOL_768986,768986,C=CC=CCC1=C(C)C(OC(=O)C2CC2(C)C)CC1=O,0.6359843684517744,binned_cosine_1Da,65,False,predicted_spectrum,9134
CASMI2022,massformer,completed,140,140,320,CASMI_MOL_1196939,CASMI_MOL_771271,771271,CCC(=O)CC1CCC(c2ccc(C(=O)O)cc2)CC1,0.6356395673893162,binned_cosine_1Da,66,False,predicted_spectrum,9134
CASMI2022,massformer,completed,140,140,320,CASMI_MOL_1196939,CASMI_MOL_763688,763688,C=CC(O)C#CC#CC(C=CCCCCC)OC(C)=O,0.6355977218176769,binned_cosine_1Da,67,False,predicted_spectrum,9134
CASMI2022,massformer,completed,140,140,320,CASMI_MOL_1196939,CASMI_MOL_768741,768741,C=CC(O)C#CC#CC(C=CCCCCC)OC(C)=O,0.6355977218176769,binned_cosine_1Da,68,False,predicted_spectrum,9134
CASMI2022,massformer,completed,140,140,320,CASMI_MOL_1196939,CASMI_MOL_768742,768742,C=CC(O)C#CC#CC(C=CCCCCC)OC(C)=O,0.6355977218176769,binned_cosine_1Da,69,False,predicted_spectrum,9134
CASMI2022,massformer,completed,140,140,320,CASMI_MOL_1196939,CASMI_MOL_768743,768743,C=CC(O)C#CC#CC(C=CCCCCC)OC(C)=O,0.6355977218176769,binned_cosine_1Da,70,False,predicted_spectrum,9134
CASMI2022,massformer,completed,140,140,320,CASMI_MOL_1196939,CASMI_MOL_768744,768744,C=CC(O)C#CC#CC(C=CCCCCC)OC(C)=O,0.6355977218176769,binned_cosine_1Da,71,False,predicted_spectrum,9134
CASMI2022,massformer,completed,140,140,320,CASMI_MOL_1196939,CASMI_MOL_769076,769076,C=CC(O)C#CC#CC(C=CCCCCC)OC(C)=O,0.6355977218176769,binned_cosine_1Da,72,False,predicted_spectrum,9134
CASMI2022,massformer,completed,140,140,320,CASMI_MOL_1196939,CASMI_MOL_769077,769077,C=CC(O)C#CC#CC(C=CCCCCC)OC(C)=O,0.6355977218176769,binned_cosine_1Da,73,False,predicted_spectrum,9134
CASMI2022,massformer,completed,140,140,320,CASMI_MOL_1196939,CASMI_MOL_769078,769078,C=CC(O)C#CC#CC(C=CCCCCC)OC(C)=O,0.6355977218176769,binned_cosine_1Da,74,False,predicted_spectrum,9134
CASMI2022,massformer,completed,140,140,320,CASMI_MOL_1196939,CASMI_MOL_769079,769079,C=CC(O)C#CC#CC(C=CCCCCC)OC(C)=O,0.6355977218176769,binned_cosine_1Da,75,False,predicted_spectrum,9134
CASMI2022,massformer,completed,140,140,320,CASMI_MOL_1196939,CASMI_MOL_770855,770855,C=CC(O)C#CC#CC(C=CCCCCC)OC(C)=O,0.6355977218176769,binned_cosine_1Da,76,False,predicted_spectrum,9134
CASMI2022,massformer,completed,140,140,320,CASMI_MOL_1196939,CASMI_MOL_770862,770862,C=CC(O)C#CC#CC(C=CCCCCC)OC(C)=O,0.6355977218176769,binned_cosine_1Da,77,False,predicted_spectrum,9134
CASMI2022,massformer,completed,140,140,320,CASMI_MOL_1196939,CASMI_MOL_765924,765924,CC1(C)CCc2cc(C3(C(=O)O)CCCC3)ccc2O1,0.6355496163415937,binned_cosine_1Da,78,False,predicted_spectrum,9134
CASMI2022,massformer,completed,140,140,320,CASMI_MOL_1196939,CASMI_MOL_770608,770608,C=CCc1cc(OCC)ccc1OC1CCCC(=O)C1,0.6355436912812941,binned_cosine_1Da,79,False,predicted_spectrum,9134
CASMI2022,massformer,completed,140,140,320,CASMI_MOL_1196939,CASMI_MOL_772343,772343,CCOC(=O)C12CCCCCC1COc1ccccc12,0.6354360243271309,binned_cosine_1Da,80,False,predicted_spectrum,9134
CASMI2022,massformer,completed,140,140,320,CASMI_MOL_1196939,CASMI_MOL_770848,770848,C=CCC1=C(C)C(OC(=O)C2C(C=C)C2(C)C)CC1=O,0.6353420701005467,binned_cosine_1Da,81,False,predicted_spectrum,9134
CASMI2022,massformer,completed,140,140,320,CASMI_MOL_1196939,CASMI_MOL_764479,764479,CCCCCCCc1c(O)c(O)c2ccccc2c1O,0.6352268623947291,binned_cosine_1Da,82,False,predicted_spectrum,9134
CASMI2022,massformer,completed,140,140,320,CASMI_MOL_1196939,CASMI_MOL_765923,765923,Cc1ccc(OCC2CC2)c(C2(C(=O)O)CCCC2)c1,0.6352070581613412,binned_cosine_1Da,83,False,predicted_spectrum,9134
CASMI2022,massformer,completed,140,140,320,CASMI_MOL_1196939,CASMI_MOL_765925,765925,CC1(C)CCc2ccc(C3(C(=O)O)CCCC3)cc2O1,0.6351328094304385,binned_cosine_1Da,84,False,predicted_spectrum,9134
CASMI2022,massformer,completed,140,140,320,CASMI_MOL_1196939,CASMI_MOL_771522,771522,COc1ccc(C)cc1C1(C(=O)O)CC2(CCCC2)C1,0.6350650057072086,binned_cosine_1Da,85,False,predicted_spectrum,9134
CASMI2022,massformer,completed,140,140,320,CASMI_MOL_1196939,CASMI_MOL_768376,768376,CC1(C)C(=O)C(=O)C=C2CC3CCCCC3CC(=O)C21,0.6349338089442217,binned_cosine_1Da,86,False,predicted_spectrum,9134
CASMI2022,massformer,completed,140,140,320,CASMI_MOL_1196939,CASMI_MOL_771435,771435,COC1CCCC(Oc2cccc3c2CCCC3=O)C1,0.6346516675571511,binned_cosine_1Da,87,False,predicted_spectrum,9134
CASMI2022,massformer,completed,140,140,320,CASMI_MOL_1196939,CASMI_MOL_769218,769218,O=C(O)C1(C2CCCCCC2)CCOc2ccccc21,0.6346494460774381,binned_cosine_1Da,88,False,predicted_spectrum,9134
CASMI2022,massformer,completed,140,140,320,CASMI_MOL_1196939,CASMI_MOL_765936,765936,Cc1cc(C)c(OCC2CC2)c(C2(C(=O)O)CCC2)c1,0.6345968185443556,binned_cosine_1Da,89,False,predicted_spectrum,9134
CASMI2022,massformer,completed,140,140,320,CASMI_MOL_1196939,CASMI_MOL_766181,766181,COCc1ccc(C(=O)C23CC4CC(CC(C4)C2)C3)o1,0.6344966421120776,binned_cosine_1Da,90,False,predicted_spectrum,9134
CASMI2022,massformer,completed,140,140,320,CASMI_MOL_1196939,CASMI_MOL_764853,764853,C=C(C)C1CC=C2CC(=O)CCC23OC(=O)CCC13C,0.6344948540221919,binned_cosine_1Da,91,False,predicted_spectrum,9134
CASMI2022,massformer,completed,140,140,320,CASMI_MOL_1196939,CASMI_MOL_770645,770645,CC1CCC(CCc2ccc3c(c2)CCO3)(C(=O)O)C1,0.6343635892639208,binned_cosine_1Da,92,False,predicted_spectrum,9134
CASMI2022,massformer,completed,140,140,320,CASMI_MOL_1196939,CASMI_MOL_771636,771636,COC1CCCC(Oc2ccc3c(c2)CCCC3=O)C1,0.6343116365005625,binned_cosine_1Da,93,False,predicted_spectrum,9134
CASMI2022,massformer,completed,140,140,320,CASMI_MOL_1196939,CASMI_MOL_770763,770763,CCC1CCC(Oc2cccc(C=CC(=O)O)c2)CC1,0.6342611046743821,binned_cosine_1Da,94,False,predicted_spectrum,9134
CASMI2022,massformer,completed,140,140,320,CASMI_MOL_1196939,CASMI_MOL_765954,765954,O=C(O)C1(c2cccc(OC3CCC3)c2)CCCCC1,0.6339749945940711,binned_cosine_1Da,95,False,predicted_spectrum,9134
CASMI2022,massformer,completed,140,140,320,CASMI_MOL_1196939,CASMI_MOL_763914,763914,C=CC1(C=CC2=CCC(=O)C2C)CCC(C(=O)O)CC1,0.6339608531776898,binned_cosine_1Da,96,False,predicted_spectrum,9134
CASMI2022,massformer,completed,140,140,320,CASMI_MOL_1196939,CASMI_MOL_767156,767156,COc1cccc(C(=O)C2=CCCCCCC2)c1OC,0.6339087422134971,binned_cosine_1Da,97,False,predicted_spectrum,9134
CASMI2022,massformer,completed,140,140,320,CASMI_MOL_1196939,CASMI_MOL_765883,765883,Cc1ccc(C2(C(=O)O)CC2)c(OC2CCCC2)c1C,0.6336366160638524,binned_cosine_1Da,98,False,predicted_spectrum,9134
CASMI2022,massformer,completed,140,140,320,CASMI_MOL_1196939,CASMI_MOL_763800,763800,CCCCC=CCC(=O)C=Cc1cc(C)c(O)c(O)c1,0.6334754158310533,binned_cosine_1Da,99,False,predicted_spectrum,9134
CASMI2022,massformer,completed,140,140,320,CASMI_MOL_1196939,CASMI_MOL_770777,770777,CCC1CCCC(Oc2cccc(C=CC(=O)O)c2)C1,0.6333741142157863,binned_cosine_1Da,100,False,predicted_spectrum,9134
CASMI2022,massformer,completed,140,140,320,CASMI_MOL_1196939,CASMI_MOL_1196939,1196939,CC=CC=CCCCC=CCc1cc(=O)c(C)c(O)o1,0.6235986806740751,binned_cosine_1Da,202,True,predicted_spectrum,9134
CASMI2022,massformer,completed,142,142,329,CASMI_MOL_1196942,CASMI_MOL_781457,781457,C=CCOc1cc2c(cc1OC)C(C)C(c1cc(OC)c3c(c1)OCO3)O2,0.36831863403389953,binned_cosine_1Da,1,False,predicted_spectrum,9236
CASMI2022,massformer,completed,142,142,329,CASMI_MOL_1196942,CASMI_MOL_786424,786424,C=CCOc1cc2c(cc1OC)C(C)C(c1cc(OC)c3c(c1)OCO3)O2,0.36831863403389953,binned_cosine_1Da,2,False,predicted_spectrum,9236
CASMI2022,massformer,completed,142,142,329,CASMI_MOL_1196942,CASMI_MOL_786425,786425,C=CCOc1cc2c(cc1OC)C(C)C(c1cc(OC)c3c(c1)OCO3)O2,0.36831863403389953,binned_cosine_1Da,3,False,predicted_spectrum,9236
CASMI2022,massformer,completed,142,142,329,CASMI_MOL_1196942,CASMI_MOL_784382,784382,COc1cc(C(=O)CCC(=O)c2ccc(C)cc2)c(OC)c2c1OCCO2,0.34962991323600767,binned_cosine_1Da,4,False,predicted_spectrum,9236
CASMI2022,massformer,completed,142,142,329,CASMI_MOL_1196942,CASMI_MOL_784380,784380,COc1c(C(=O)CCC(=O)c2ccc(C)cc2)cc2c(c1OC)OCCO2,0.3461766809015254,binned_cosine_1Da,5,False,predicted_spectrum,9236
CASMI2022,massformer,completed,142,142,329,CASMI_MOL_1196942,CASMI_MOL_784354,784354,COc1cc(C)cc(C(=O)OCCC(=O)c2cc(C)cc(OC(C)=O)c2)c1,0.34203000928525884,binned_cosine_1Da,6,False,predicted_spectrum,9236
CASMI2022,massformer,completed,142,142,329,CASMI_MOL_1196942,CASMI_MOL_784381,784381,COc1cc2c(c(OC)c1C(=O)CCC(=O)c1ccc(C)cc1)OCCO2,0.3416424500125683,binned_cosine_1Da,7,False,predicted_spectrum,9236
CASMI2022,massformer,completed,142,142,329,CASMI_MOL_1196942,CASMI_MOL_782112,782112,COC(=O)c1ccc(O)c(C(=O)CC(=O)c2ccc(C)cc2OC(C)C)c1,0.33909693674695796,binned_cosine_1Da,8,False,predicted_spectrum,9236
CASMI2022,massformer,completed,142,142,329,CASMI_MOL_1196942,CASMI_MOL_783794,783794,COc1ccc(C2CCc3ccc(OC(C)=O)c(C)c3O2)cc1OC(C)=O,0.3384617711662101,binned_cosine_1Da,9,False,predicted_spectrum,9236
CASMI2022,massformer,completed,142,142,329,CASMI_MOL_1196942,CASMI_MOL_789547,789547,C=CCOc1cc(OC)ccc1C(C(=O)OC)C(=O)c1ccc(OC)cc1,0.33796578829154167,binned_cosine_1Da,10,False,predicted_spectrum,9236
CASMI2022,massformer,completed,142,142,329,CASMI_MOL_1196942,CASMI_MOL_788462,788462,CC(=CCOCc1ccc2c(c1)OCO2)COCc1ccc2c(c1)OCO2,0.33663002549624627,binned_cosine_1Da,11,False,predicted_spectrum,9236
CASMI2022,massformer,completed,142,142,329,CASMI_MOL_1196942,CASMI_MOL_789568,789568,CC(=CCOCc1ccc2c(c1)OCO2)COCc1ccc2c(c1)OCO2,0.33663002549624627,binned_cosine_1Da,12,False,predicted_spectrum,9236
CASMI2022,massformer,completed,142,142,329,CASMI_MOL_1196942,CASMI_MOL_783883,783883,COc1ccc(CC2(Cc3ccc4c(c3)OCO4)CCOC2=O)cc1OC,0.33617669513597054,binned_cosine_1Da,13,False,predicted_spectrum,9236
CASMI2022,massformer,completed,142,142,329,CASMI_MOL_1196942,CASMI_MOL_782113,782113,COC(=O)c1ccc(O)c(C(=O)CC(=O)c2cccc(C)c2OC(C)C)c1,0.33539944192189974,binned_cosine_1Da,14,False,predicted_spectrum,9236
CASMI2022,massformer,completed,142,142,329,CASMI_MOL_1196942,CASMI_MOL_782750,782750,COc1cc(C2COc3c(ccc(OC(C)=O)c3C)C2)ccc1OC(C)=O,0.3349626685765942,binned_cosine_1Da,15,False,predicted_spectrum,9236
CASMI2022,massformer,completed,142,142,329,CASMI_MOL_1196942,CASMI_MOL_789537,789537,CCC(=O)Oc1cc(OC)cc(OC)c1C(=O)C=Cc1ccc(OC)cc1,0.3334159163280463,binned_cosine_1Da,16,False,predicted_spectrum,9236
CASMI2022,massformer,completed,142,142,329,CASMI_MOL_1196942,CASMI_MOL_782714,782714,Cc1cccc(C(=O)OOC(=O)c2ccc3c(C)c2OO3)c1CC(C)(C)C,0.33265039991692236,binned_cosine_1Da,17,False,predicted_spectrum,9236
CASMI2022,massformer,completed,142,142,329,CASMI_MOL_1196942,CASMI_MOL_781418,781418,C=CCC12C=C(OC)C(=O)C=C1OC(c1cc(OC)c3c(c1)OCO3)C2C,0.33166153316369457,binned_cosine_1Da,18,False,predicted_spectrum,9236
CASMI2022,massformer,completed,142,142,329,CASMI_MOL_1196942,CASMI_MOL_781619,781619,C=CCC12C=C(OC)C(=O)C=C1OC(c1cc(OC)c3c(c1)OCO3)C2C,0.33166153316369457,binned_cosine_1Da,19,False,predicted_spectrum,9236
CASMI2022,massformer,completed,142,142,329,CASMI_MOL_1196942,CASMI_MOL_781424,781424,C=CCC1(OC)C=C2C(=CC1=O)OC(c1cc(OC)c3c(c1)OCO3)C2C,0.33053206300575066,binned_cosine_1Da,20,False,predicted_spectrum,9236
CASMI2022,massformer,completed,142,142,329,CASMI_MOL_1196942,CASMI_MOL_781425,781425,C=CCC1(OC)C=C2C(=CC1=O)OC(c1cc(OC)c3c(c1)OCO3)C2C,0.33053206300575066,binned_cosine_1Da,21,False,predicted_spectrum,9236
CASMI2022,massformer,completed,142,142,329,CASMI_MOL_1196942,CASMI_MOL_786426,786426,C=CCC1(OC)C=C2C(=CC1=O)OC(c1cc(OC)c3c(c1)OCO3)C2C,0.33053206300575066,binned_cosine_1Da,22,False,predicted_spectrum,9236
CASMI2022,massformer,completed,142,142,329,CASMI_MOL_1196942,CASMI_MOL_788373,788373,COc1cc(C=CC(=O)C(C)(C)C(=O)c2ccc(O)c(OC)c2)ccc1O,0.32753516629214185,binned_cosine_1Da,23,False,predicted_spectrum,9236
CASMI2022,massformer,completed,142,142,329,CASMI_MOL_1196942,CASMI_MOL_781531,781531,C=CCOc1c(OC)cc2c(c1OC)OC(c1ccc3c(c1)OCO3)C2C,0.3260596447174927,binned_cosine_1Da,24,False,predicted_spectrum,9236
CASMI2022,massformer,completed,142,142,329,CASMI_MOL_1196942,CASMI_MOL_781624,781624,C=CCOc1c(OC)cc2c(c1OC)OC(c1ccc3c(c1)OCO3)C2C,0.3260596447174927,binned_cosine_1Da,25,False,predicted_spectrum,9236
CASMI2022,massformer,completed,142,142,329,CASMI_MOL_1196942,CASMI_MOL_782756,782756,CCOc1cc(OC(C)=O)ccc1C1CCc2ccc(OC(C)=O)cc2O1,0.3254153298419157,binned_cosine_1Da,26,False,predicted_spectrum,9236
CASMI2022,massformer,completed,142,142,329,CASMI_MOL_1196942,CASMI_MOL_780909,780909,CCCCS(=O)(=O)Oc1ccc(C=CC(=O)OCC(C)C)cc1OC,0.32267110492331713,binned_cosine_1Da,27,False,predicted_spectrum,9236
CASMI2022,massformer,completed,142,142,329,CASMI_MOL_1196942,CASMI_MOL_781296,781296,CCCCS(=O)(=O)Oc1ccc(C=CC(=O)OCC(C)C)cc1OC,0.32267110492331713,binned_cosine_1Da,28,False,predicted_spectrum,9236
CASMI2022,massformer,completed,142,142,329,CASMI_MOL_1196942,CASMI_MOL_787915,787915,CCOc1ccc(C(=O)C(C)OC(=O)C=Cc2ccc(O)c(OC)c2)cc1,0.32091156457018244,binned_cosine_1Da,29,False,predicted_spectrum,9236
CASMI2022,massformer,completed,142,142,329,CASMI_MOL_1196942,CASMI_MOL_787424,787424,COC1=CC(=CCC(=O)CC(=O)C=Cc2ccc(O)c(OC)c2)C=CC1O,0.3186249120782368,binned_cosine_1Da,30,False,predicted_spectrum,9236
CASMI2022,massformer,completed,142,142,329,CASMI_MOL_1196942,CASMI_MOL_786249,786249,COc1ccc(C(=O)OC(C)C#Cc2cc(OC)c(OC)c(OC)c2)cc1,0.3184688621794149,binned_cosine_1Da,31,False,predicted_spectrum,9236
CASMI2022,massformer,completed,142,142,329,CASMI_MOL_1196942,CASMI_MOL_782024,782024,CC=C(C=CC(=O)C=O)CCC(=O)CC(=O)C=Cc1ccc(O)c(OC)c1,0.31793461266726075,binned_cosine_1Da,32,False,predicted_spectrum,9236
CASMI2022,massformer,completed,142,142,329,CASMI_MOL_1196942,CASMI_MOL_788205,788205,COC1C=C2C=c3oc(O)c(C)c3=CC2(C)C(C)C1OC(=O)c1ccco1,0.3170620369224132,binned_cosine_1Da,33,False,predicted_spectrum,9236
CASMI2022,massformer,completed,142,142,329,CASMI_MOL_1196942,CASMI_MOL_788206,788206,COC1C=C2C=c3oc(O)c(C)c3=CC2(C)C(C)C1OC(=O)c1ccco1,0.3170620369224132,binned_cosine_1Da,34,False,predicted_spectrum,9236
CASMI2022,massformer,completed,142,142,329,CASMI_MOL_1196942,CASMI_MOL_786227,786227,CC(=O)OC1c2ccc(C)c(C)c2C2OCC(=COc3cc(C)c(O)o3)C12,0.31698440133455685,binned_cosine_1Da,35,False,predicted_spectrum,9236
CASMI2022,massformer,completed,142,142,329,CASMI_MOL_1196942,CASMI_MOL_782758,782758,CCOc1ccc(C2CCc3ccc(OC(C)=O)cc3O2)c(OC(C)=O)c1,0.31633788233759347,binned_cosine_1Da,36,False,predicted_spectrum,9236
CASMI2022,massformer,completed,142,142,329,CASMI_MOL_1196942,CASMI_MOL_787929,787929,CCOc1ccc(C=CC(=O)OCC(=O)c2ccc(OC)cc2OC)cc1,0.3163171254540908,binned_cosine_1Da,37,False,predicted_spectrum,9236
CASMI2022,massformer,completed,142,142,329,CASMI_MOL_1196942,CASMI_MOL_788475,788475,COc1ccc(C=C2C(=O)OCC2CC2=CC=C3OCOC3C2)cc1OC,0.3162325365111897,binned_cosine_1Da,38,False,predicted_spectrum,9236
CASMI2022,massformer,completed,142,142,329,CASMI_MOL_1196942,CASMI_MOL_788185,788185,COC(=O)C=Cc1ccc(OCCCOc2cccc(O)c2C(C)=O)cc1,0.3117028415105066,binned_cosine_1Da,39,False,predicted_spectrum,9236
CASMI2022,massformer,completed,142,142,329,CASMI_MOL_1196942,CASMI_MOL_782757,782757,CCOc1ccc2c(c1)OC(c1ccc(OC(C)=O)cc1OC(C)=O)CC2,0.31046687057064853,binned_cosine_1Da,40,False,predicted_spectrum,9236
CASMI2022,massformer,completed,142,142,329,CASMI_MOL_1196942,CASMI_MOL_782356,782356,COc1cc2c(c(OC)c1C(=O)CCC(=O)c1cccc(C)c1)OCCO2,0.30997585970470154,binned_cosine_1Da,41,False,predicted_spectrum,9236
CASMI2022,massformer,completed,142,142,329,CASMI_MOL_1196942,CASMI_MOL_781400,781400,C=CCC12CC3(OCOC3=CC1=O)C(C)C2c1cc(OC)c2c(c1)OCO2,0.3096411691996767,binned_cosine_1Da,42,False,predicted_spectrum,9236
CASMI2022,massformer,completed,142,142,329,CASMI_MOL_1196942,CASMI_MOL_781513,781513,C=CCC12CC3(OCOC3=CC1=O)C(C)C2c1cc(OC)c2c(c1)OCO2,0.3096411691996767,binned_cosine_1Da,43,False,predicted_spectrum,9236
CASMI2022,massformer,completed,142,142,329,CASMI_MOL_1196942,CASMI_MOL_781514,781514,C=CCC12CC3(OCOC3=CC1=O)C(C)C2c1cc(OC)c2c(c1)OCO2,0.3096411691996767,binned_cosine_1Da,44,False,predicted_spectrum,9236
CASMI2022,massformer,completed,142,142,329,CASMI_MOL_1196942,CASMI_MOL_783730,783730,C=CCC12CC3(OCOC3=CC1=O)C(C)C2c1cc(OC)c2c(c1)OCO2,0.3096411691996767,binned_cosine_1Da,45,False,predicted_spectrum,9236
CASMI2022,massformer,completed,142,142,329,CASMI_MOL_1196942,CASMI_MOL_786293,786293,C=CCC12CC3(OCOC3=CC1=O)C(C)C2c1cc(OC)c2c(c1)OCO2,0.3096411691996767,binned_cosine_1Da,46,False,predicted_spectrum,9236
CASMI2022,massformer,completed,142,142,329,CASMI_MOL_1196942,CASMI_MOL_786323,786323,C=CCC12CC3(OCOC3=CC1=O)C(C)C2c1cc(OC)c2c(c1)OCO2,0.3096411691996767,binned_cosine_1Da,47,False,predicted_spectrum,9236
CASMI2022,massformer,completed,142,142,329,CASMI_MOL_1196942,CASMI_MOL_789589,789589,C=CCC12CC3(OCOC3=CC1=O)C(C)C2c1cc(OC)c2c(c1)OCO2,0.3096411691996767,binned_cosine_1Da,48,False,predicted_spectrum,9236
CASMI2022,massformer,completed,142,142,329,CASMI_MOL_1196942,CASMI_MOL_782759,782759,CCOc1cc(OC(C)=O)ccc1C=CC(=O)c1ccc(OC)cc1OC,0.3087458848393411,binned_cosine_1Da,49,False,predicted_spectrum,9236
CASMI2022,massformer,completed,142,142,329,CASMI_MOL_1196942,CASMI_MOL_782541,782541,CC1CC2=C(C=C1C1OCC3C(c4ccc5c(c4)OCO5)OCC13)OCO2,0.307879391367026,binned_cosine_1Da,50,False,predicted_spectrum,9236
CASMI2022,massformer,completed,142,142,329,CASMI_MOL_1196942,CASMI_MOL_780893,780893,COc1cc(C=CC(=O)CC(=O)C=CC2=CCC(=O)C(OC)C2)ccc1O,0.3072587215954702,binned_cosine_1Da,51,False,predicted_spectrum,9236
CASMI2022,massformer,completed,142,142,329,CASMI_MOL_1196942,CASMI_MOL_781404,781404,COc1cc(C=CC(=O)CC(=O)C=CC2=CCC(=O)C(OC)C2)ccc1O,0.3072587215954702,binned_cosine_1Da,52,False,predicted_spectrum,9236
CASMI2022,massformer,completed,142,142,329,CASMI_MOL_1196942,CASMI_MOL_787556,787556,COc1cc(C=CC(=O)CC(=O)C=CC2=CCC(=O)C(OC)C2)ccc1O,0.3072587215954702,binned_cosine_1Da,53,False,predicted_spectrum,9236
CASMI2022,massformer,completed,142,142,329,CASMI_MOL_1196942,CASMI_MOL_781604,781604,COc1cc(C=CC(=O)CC(=O)CCc2ccc(O)c(OC)c2)ccc1O,0.306624281162071,binned_cosine_1Da,54,False,predicted_spectrum,9236
CASMI2022,massformer,completed,142,142,329,CASMI_MOL_1196942,CASMI_MOL_782088,782088,COc1cc(C=CC(=O)CC(=O)CCc2ccc(O)c(OC)c2)ccc1O,0.306624281162071,binned_cosine_1Da,55,False,predicted_spectrum,9236
CASMI2022,massformer,completed,142,142,329,CASMI_MOL_1196942,CASMI_MOL_787664,787664,COc1cc(C=CC(=O)CC(=O)CCc2ccc(O)c(OC)c2)ccc1O,0.306624281162071,binned_cosine_1Da,56,False,predicted_spectrum,9236
CASMI2022,massformer,completed,142,142,329,CASMI_MOL_1196942,CASMI_MOL_787723,787723,COc1cc(C=CC(=O)CC(=O)CCc2ccc(O)c(OC)c2)ccc1O,0.306624281162071,binned_cosine_1Da,57,False,predicted_spectrum,9236
CASMI2022,massformer,completed,142,142,329,CASMI_MOL_1196942,CASMI_MOL_786427,786427,C=CCC12C=C(OC)C(=O)C(C1=O)C(c1cc(OC)c3c(c1)OCO3)C2C,0.30274172971215657,binned_cosine_1Da,58,False,predicted_spectrum,9236
CASMI2022,massformer,completed,142,142,329,CASMI_MOL_1196942,CASMI_MOL_787610,787610,COC(=O)CC(O)c1ccc(C=CC(=O)OCc2ccc(OC)cc2)cc1,0.29962476031724944,binned_cosine_1Da,59,False,predicted_spectrum,9236
CASMI2022,massformer,completed,142,142,329,CASMI_MOL_1196942,CASMI_MOL_781460,781460,COc1ccc(C(=O)C(C)C(C)C(=O)c2ccc3c(c2)OCO3)cc1OC,0.29765994917371663,binned_cosine_1Da,60,False,predicted_spectrum,9236
CASMI2022,massformer,completed,142,142,329,CASMI_MOL_1196942,CASMI_MOL_781601,781601,COc1ccc(C(=O)C(C)C(C)C(=O)c2ccc3c(c2)OCO3)cc1OC,0.29765994917371663,binned_cosine_1Da,61,False,predicted_spectrum,9236
CASMI2022,massformer,completed,142,142,329,CASMI_MOL_1196942,CASMI_MOL_781631,781631,COc1ccc(C(=O)C(C)C(C)C(=O)c2ccc3c(c2)OCO3)cc1OC,0.29765994917371663,binned_cosine_1Da,62,False,predicted_spectrum,9236
CASMI2022,massformer,completed,142,142,329,CASMI_MOL_1196942,CASMI_MOL_787896,787896,COc1cc(CCC(=O)C=CC=Cc2cc(O)c(O)c(OC)c2)ccc1O,0.2969159715364333,binned_cosine_1Da,63,False,predicted_spectrum,9236
CASMI2022,massformer,completed,142,142,329,CASMI_MOL_1196942,CASMI_MOL_788795,788795,COc1cc(CCC(=O)C=CC=Cc2cc(O)c(O)c(OC)c2)ccc1O,0.2969159715364333,binned_cosine_1Da,64,False,predicted_spectrum,9236
CASMI2022,massformer,completed,142,142,329,CASMI_MOL_1196942,CASMI_MOL_781476,781476,C=CCC12C=C(OC)C(=O)C(OC)=C1OC(c1ccc3c(c1)OCO3)C2C,0.2934950754812944,binned_cosine_1Da,65,False,predicted_spectrum,9236
CASMI2022,massformer,completed,142,142,329,CASMI_MOL_1196942,CASMI_MOL_781592,781592,C=CCC12C=C(OC)C(=O)C(OC)=C1OC(c1ccc3c(c1)OCO3)C2C,0.2934950754812944,binned_cosine_1Da,66,False,predicted_spectrum,9236
CASMI2022,massformer,completed,142,142,329,CASMI_MOL_1196942,CASMI_MOL_788189,788189,CC(=O)c1ccc(OCCCOc2cccc(C=CC(=O)O)c2)c(C)c1O,0.293141811346229,binned_cosine_1Da,67,False,predicted_spectrum,9236
CASMI2022,massformer,completed,142,142,329,CASMI_MOL_1196942,CASMI_MOL_783882,783882,COc1cc(CC(=O)C=CCCC(=O)c2ccc(O)c(OC)c2)ccc1O,0.2922011834896584,binned_cosine_1Da,68,False,predicted_spectrum,9236
CASMI2022,massformer,completed,142,142,329,CASMI_MOL_1196942,CASMI_MOL_789056,789056,C=CCOc1ccc(C(=O)C=Cc2ccc(OC)c(OC)c2OC)c(O)c1,0.2921383858460764,binned_cosine_1Da,69,False,predicted_spectrum,9236
CASMI2022,massformer,completed,142,142,329,CASMI_MOL_1196942,CASMI_MOL_787127,787127,COC1OC2=C(c3cc(-c4ccco4)ccc3C)C(=O)C(C)(C)OC2(C)O1,0.2908175737945963,binned_cosine_1Da,70,False,predicted_spectrum,9236
CASMI2022,massformer,completed,142,142,329,CASMI_MOL_1196942,CASMI_MOL_781487,781487,C=CCC1=CC(OC)(C(C)C(=O)c2ccc3c(c2)OCO3)C(OC)=CC1=O,0.29064668082627215,binned_cosine_1Da,71,False,predicted_spectrum,9236
CASMI2022,massformer,completed,142,142,329,CASMI_MOL_1196942,CASMI_MOL_781488,781488,C=CCC1=CC(OC)(C(C)C(=O)c2ccc3c(c2)OCO3)C(OC)=CC1=O,0.29064668082627215,binned_cosine_1Da,72,False,predicted_spectrum,9236
CASMI2022,massformer,completed,142,142,329,CASMI_MOL_1196942,CASMI_MOL_783886,783886,COc1cc(O)c(CC=C(C)C)c(O)c1C(=O)Cc1ccc2c(c1)OCO2,0.29024746476009927,binned_cosine_1Da,73,False,predicted_spectrum,9236
CASMI2022,massformer,completed,142,142,329,CASMI_MOL_1196942,CASMI_MOL_780904,780904,COCC1OC(=O)c2coc3c2C1(C)C1=C(C3=O)C2CCC(=O)C2(C)CC1,0.2902129813093019,binned_cosine_1Da,74,False,predicted_spectrum,9236
CASMI2022,massformer,completed,142,142,329,CASMI_MOL_1196942,CASMI_MOL_781597,781597,COCC1OC(=O)c2coc3c2C1(C)C1=C(C3=O)C2CCC(=O)C2(C)CC1,0.2902129813093019,binned_cosine_1Da,75,False,predicted_spectrum,9236
CASMI2022,massformer,completed,142,142,329,CASMI_MOL_1196942,CASMI_MOL_788202,788202,COCC1OC(=O)c2coc3c2C1(C)C1=C(C3=O)C2CCC(=O)C2(C)CC1,0.2902129813093019,binned_cosine_1Da,76,False,predicted_spectrum,9236
CASMI2022,massformer,completed,142,142,329,CASMI_MOL_1196942,CASMI_MOL_789034,789034,COCC1OC(=O)c2coc3c2C1(C)C1=C(C3=O)C2CCC(=O)C2(C)CC1,0.2902129813093019,binned_cosine_1Da,77,False,predicted_spectrum,9236
CASMI2022,massformer,completed,142,142,329,CASMI_MOL_1196942,CASMI_MOL_788250,788250,CCOC(Cc1ccc(OCC=Cc2ccc3c(c2)OCO3)cc1)C(=O)O,0.2882677706725736,binned_cosine_1Da,78,False,predicted_spectrum,9236
CASMI2022,massformer,completed,142,142,329,CASMI_MOL_1196942,CASMI_MOL_788251,788251,CCOC(Cc1ccc(OCC=Cc2ccc3c(c2)OCO3)cc1)C(=O)O,0.2882677706725736,binned_cosine_1Da,79,False,predicted_spectrum,9236
CASMI2022,massformer,completed,142,142,329,CASMI_MOL_1196942,CASMI_MOL_788252,788252,CCOC(Cc1ccc(OCC=Cc2ccc3c(c2)OCO3)cc1)C(=O)O,0.2882677706725736,binned_cosine_1Da,80,False,predicted_spectrum,9236
CASMI2022,massformer,completed,142,142,329,CASMI_MOL_1196942,CASMI_MOL_783744,783744,Cc1cc(OC(=O)C(C)C)c(C2(COC(=O)c3ccccc3)CO2)cc1O,0.2879592978804876,binned_cosine_1Da,81,False,predicted_spectrum,9236
CASMI2022,massformer,completed,142,142,329,CASMI_MOL_1196942,CASMI_MOL_786387,786387,Cc1cc(OC(=O)C(C)C)c(C2(COC(=O)c3ccccc3)CO2)cc1O,0.2879592978804876,binned_cosine_1Da,82,False,predicted_spectrum,9236
CASMI2022,massformer,completed,142,142,329,CASMI_MOL_1196942,CASMI_MOL_781261,781261,COc1cc(C=CC(=O)CC(=O)CCc2ccc(O)c(CO)c2)ccc1O,0.28757392646683816,binned_cosine_1Da,83,False,predicted_spectrum,9236
CASMI2022,massformer,completed,142,142,329,CASMI_MOL_1196942,CASMI_MOL_781707,781707,COc1cc(C=CC(=O)CC(=O)CCc2ccc(O)c(CO)c2)ccc1O,0.28757392646683816,binned_cosine_1Da,84,False,predicted_spectrum,9236
CASMI2022,massformer,completed,142,142,329,CASMI_MOL_1196942,CASMI_MOL_782189,782189,COc1cc(C=CC(=O)CC(=O)CCc2ccc(O)c(CO)c2)ccc1O,0.28757392646683816,binned_cosine_1Da,85,False,predicted_spectrum,9236
CASMI2022,massformer,completed,142,142,329,CASMI_MOL_1196942,CASMI_MOL_789553,789553,CCOC(=O)C=C(COc1ccc(OC)cc1C=O)c1ccc(OC)cc1,0.28690728182770725,binned_cosine_1Da,86,False,predicted_spectrum,9236
CASMI2022,massformer,completed,142,142,329,CASMI_MOL_1196942,CASMI_MOL_789921,789921,COc1cc(C)cc2c1OC(c1ccc(OC(C)=O)cc1)C2COC(C)=O,0.2863153656985598,binned_cosine_1Da,87,False,predicted_spectrum,9236
CASMI2022,massformer,completed,142,142,329,CASMI_MOL_1196942,CASMI_MOL_787365,787365,COC1=CCC(=O)C(=CCC(=O)CC(=O)C=Cc2cc(OC)ccc2O)C1,0.28627785428146824,binned_cosine_1Da,88,False,predicted_spectrum,9236
CASMI2022,massformer,completed,142,142,329,CASMI_MOL_1196942,CASMI_MOL_784790,784790,COc1cc(COC(=O)C=Cc2cc(C)c(OC(C)=O)c(C)c2)ccc1O,0.2833517060903101,binned_cosine_1Da,89,False,predicted_spectrum,9236
CASMI2022,massformer,completed,142,142,329,CASMI_MOL_1196942,CASMI_MOL_789053,789053,C=CCOc1ccc(C(=O)C=Cc2cc(OC)c(OC)cc2OC)c(O)c1,0.28319640453348305,binned_cosine_1Da,90,False,predicted_spectrum,9236
CASMI2022,massformer,completed,142,142,329,CASMI_MOL_1196942,CASMI_MOL_781101,781101,O=C1CCc2ccc(C=Cc3ccc(OC(F)F)c(OCC4CC4)c3)cc21,0.28177550984770255,binned_cosine_1Da,91,False,predicted_spectrum,9236
CASMI2022,massformer,completed,142,142,329,CASMI_MOL_1196942,CASMI_MOL_781575,781575,COc1cc(CCc2ccc(OC=CC(C)C(=O)O)cc2)cc2c1OCO2,0.2817259240777671,binned_cosine_1Da,92,False,predicted_spectrum,9236
CASMI2022,massformer,completed,142,142,329,CASMI_MOL_1196942,CASMI_MOL_788328,788328,COc1c(C=CC(=O)c2cc(O)c(O)c(CC=C(C)C)c2)ccc(O)c1O,0.2816694646208051,binned_cosine_1Da,93,False,predicted_spectrum,9236
CASMI2022,massformer,completed,142,142,329,CASMI_MOL_1196942,CASMI_MOL_781100,781100,O=C1CCc2cc(C=Cc3ccc(OC(F)F)c(OCC4CC4)c3)ccc21,0.2801384422653216,binned_cosine_1Da,94,False,predicted_spectrum,9236
CASMI2022,massformer,completed,142,142,329,CASMI_MOL_1196942,CASMI_MOL_788247,788247,CCOC(Cc1ccc(OCC=Cc2cccc3c2OCO3)cc1)C(=O)O,0.2800382668582283,binned_cosine_1Da,95,False,predicted_spectrum,9236
CASMI2022,massformer,completed,142,142,329,CASMI_MOL_1196942,CASMI_MOL_788248,788248,CCOC(Cc1ccc(OCC=Cc2cccc3c2OCO3)cc1)C(=O)O,0.2800382668582283,binned_cosine_1Da,96,False,predicted_spectrum,9236
CASMI2022,massformer,completed,142,142,329,CASMI_MOL_1196942,CASMI_MOL_788249,788249,CCOC(Cc1ccc(OCC=Cc2cccc3c2OCO3)cc1)C(=O)O,0.2800382668582283,binned_cosine_1Da,97,False,predicted_spectrum,9236
CASMI2022,massformer,completed,142,142,329,CASMI_MOL_1196942,CASMI_MOL_787922,787922,CCCOc1ccc(C=CC(=O)c2ccc(OCC(=O)O)cc2)cc1OC,0.279845012876586,binned_cosine_1Da,98,False,predicted_spectrum,9236
CASMI2022,massformer,completed,142,142,329,CASMI_MOL_1196942,CASMI_MOL_789452,789452,Cc1ccccc1OCCOC(=O)CCC(=O)c1ccc2c(c1)OCCO2,0.2793975910294364,binned_cosine_1Da,99,False,predicted_spectrum,9236
CASMI2022,massformer,completed,142,142,329,CASMI_MOL_1196942,CASMI_MOL_784313,784313,COc1cc(C=CC(=O)CC(=O)C=CC2=CC(CO)C(=O)CC2)ccc1O,0.27902822188220855,binned_cosine_1Da,100,False,predicted_spectrum,9236
CASMI2022,massformer,completed,142,142,329,CASMI_MOL_1196942,CASMI_MOL_1196942,1196942,COc1ccc(C2OCC3C(c4ccc5c(c4)OCO5)OCC23)cc1OC,0.19155547296120867,binned_cosine_1Da,677,True,predicted_spectrum,9236
CASMI2022,massformer,completed,143,143,330,CASMI_MOL_1196943,CASMI_MOL_791610,791610,NC(=O)C1=NN=NOOc2ccccc2C=CC=CC=CC=CC=CC=CC1,0.4307951648435201,binned_cosine_1Da,1,False,predicted_spectrum,8691
CASMI2022,massformer,completed,143,143,330,CASMI_MOL_1196943,CASMI_MOL_791923,791923,NC(=O)C1=NN=NOOc2ccccc2C=CC=CC=CC=CC=CC=CC1,0.4307951648435201,binned_cosine_1Da,2,False,predicted_spectrum,8691
CASMI2022,massformer,completed,143,143,330,CASMI_MOL_1196943,CASMI_MOL_791598,791598,O=C1OC(COc2ccccn2)CN1C1=CCCC2=C(C1)Cc1nnccc12,0.41649085267048,binned_cosine_1Da,3,False,predicted_spectrum,8691
CASMI2022,massformer,completed,143,143,330,CASMI_MOL_1196943,CASMI_MOL_791614,791614,NC(=O)C1=CC=CCC=CC=CC=CC=Cc2ccccc2OON=NN=C1,0.4020509412577328,binned_cosine_1Da,4,False,predicted_spectrum,8691
CASMI2022,massformer,completed,143,143,330,CASMI_MOL_1196943,CASMI_MOL_797987,797987,NC(=O)C1=CC=CCC=CC=CC=CC=Cc2ccccc2OON=NN=C1,0.4020509412577328,binned_cosine_1Da,5,False,predicted_spectrum,8691
CASMI2022,massformer,completed,143,143,330,CASMI_MOL_1196943,CASMI_MOL_797988,797988,NC(=O)C1=CC=CCC=CC=CC=CC=Cc2ccccc2OON=NN=C1,0.4020509412577328,binned_cosine_1Da,6,False,predicted_spectrum,8691
CASMI2022,massformer,completed,143,143,330,CASMI_MOL_1196943,CASMI_MOL_798228,798228,COC(=O)COC1CCC2C(=O)C(c3ccc(OC)c(OC)c3)=COC2C1,0.40111396332625743,binned_cosine_1Da,7,False,predicted_spectrum,8691
CASMI2022,massformer,completed,143,143,330,CASMI_MOL_1196943,CASMI_MOL_797968,797968,O=C(O)CCCN1CC=CC(C2=C3C=CC=C[N+]3([O-])N=C2c2ccccc2)=N1,0.3951879820459333,binned_cosine_1Da,8,False,predicted_spectrum,8691
CASMI2022,massformer,completed,143,143,330,CASMI_MOL_1196943,CASMI_MOL_798229,798229,CCOC(=O)OC1CCC2C(=O)C(c3ccc(OC)c(OC)c3)=COC2C1,0.39356441063117903,binned_cosine_1Da,9,False,predicted_spectrum,8691
CASMI2022,massformer,completed,143,143,330,CASMI_MOL_1196943,CASMI_MOL_792106,792106,[N-]=[N+]=CC(=O)C1(N)CCCN1C(=O)OCC1c2ccccc2-c2ccccc21,0.39346147230469913,binned_cosine_1Da,10,False,predicted_spectrum,8691
CASMI2022,massformer,completed,143,143,330,CASMI_MOL_1196943,CASMI_MOL_790118,790118,C=C(C)C(=O)OCC(=O)OCC(=O)OC1(c2ccc(O)cc2)CCCCC1,0.39156850508087765,binned_cosine_1Da,11,False,predicted_spectrum,8691
CASMI2022,massformer,completed,143,143,330,CASMI_MOL_1196943,CASMI_MOL_791611,791611,NC(=O)C1=CC=CC=CC=CC=CC=Cc2ccccc2OON=NN=CC1,0.39121638229299766,binned_cosine_1Da,12,False,predicted_spectrum,8691
CASMI2022,massformer,completed,143,143,330,CASMI_MOL_1196943,CASMI_MOL_792213,792213,Cc1cc(C)cc(C(=O)C=NC(Cc2ccc(-n3cncn3)cc2)C(=O)O)c1,0.39007950603394254,binned_cosine_1Da,13,False,predicted_spectrum,8691
CASMI2022,massformer,completed,143,143,330,CASMI_MOL_1196943,CASMI_MOL_792467,792467,C=CC(C)=CC1(C)SC(=O)C(CCc2ccc(-c3ccccc3)cc2)C1=O,0.38958269020599356,binned_cosine_1Da,14,False,predicted_spectrum,8691
CASMI2022,massformer,completed,143,143,330,CASMI_MOL_1196943,CASMI_MOL_794011,794011,C=CC(C)=CC1(C)SC(=O)C(CCc2ccc(-c3ccccc3)cc2)C1=O,0.38958269020599356,binned_cosine_1Da,15,False,predicted_spectrum,8691
CASMI2022,massformer,completed,143,143,330,CASMI_MOL_1196943,CASMI_MOL_793251,793251,O=C(COc1ccccc1-c1ccccc1)NNC(=O)c1cc(C2CC2)[nH]n1,0.3888162896755463,binned_cosine_1Da,16,False,predicted_spectrum,8691
CASMI2022,massformer,completed,143,143,330,CASMI_MOL_1196943,CASMI_MOL_793390,793390,O=c1c([N+](=O)[O-])c(NCC2CC23CCCc2ccccc23)nc2ccccn12,0.38793003085189065,binned_cosine_1Da,17,False,predicted_spectrum,8691
CASMI2022,massformer,completed,143,143,330,CASMI_MOL_1196943,CASMI_MOL_793435,793435,C=C(C)C(=O)OC(C1=CCCC(CO)=CC2OC(=O)C(=C)C12)C(C=O)OC,0.3869230909338912,binned_cosine_1Da,18,False,predicted_spectrum,8691
CASMI2022,massformer,completed,143,143,330,CASMI_MOL_1196943,CASMI_MOL_790718,790718,Cc1noc(C2CC(=NO)CN2C(=O)c2ccc(-c3ccccc3C)cc2)n1,0.3861813926910171,binned_cosine_1Da,19,False,predicted_spectrum,8691
CASMI2022,massformer,completed,143,143,330,CASMI_MOL_1196943,CASMI_MOL_793102,793102,Cc1noc(C2CC(=NO)CN2C(=O)c2ccc(-c3ccccc3C)cc2)n1,0.3861813926910171,binned_cosine_1Da,20,False,predicted_spectrum,8691
CASMI2022,massformer,completed,143,143,330,CASMI_MOL_1196943,CASMI_MOL_796871,796871,C=C1C(=O)OC2CC(C)C3=CCC(=O)C3(C)C(OC(=O)CC(=O)OCC)C12,0.382864207640051,binned_cosine_1Da,21,False,predicted_spectrum,8691
CASMI2022,massformer,completed,143,143,330,CASMI_MOL_1196943,CASMI_MOL_792277,792277,COC(=O)C1(C(=O)OC)C2C(=C(C)Cc3c(O)oc(O)c32)C2CCCCC21,0.3828363309612302,binned_cosine_1Da,22,False,predicted_spectrum,8691
CASMI2022,massformer,completed,143,143,330,CASMI_MOL_1196943,CASMI_MOL_792426,792426,O=C(NN=Cc1ccc(O)cc1O)C1CC(c2ccc3ccccc3c2)NN1,0.38278030157960213,binned_cosine_1Da,23,False,predicted_spectrum,8691
CASMI2022,massformer,completed,143,143,330,CASMI_MOL_1196943,CASMI_MOL_790471,790471,CC1(C(=O)NNC(=O)c2n[nH]c(=O)c3ccccc23)CCCc2ccccc21,0.38214859586758304,binned_cosine_1Da,24,False,predicted_spectrum,8691
CASMI2022,massformer,completed,143,143,330,CASMI_MOL_1196943,CASMI_MOL_791080,791080,C=C(C)C(=O)OC1C(C(=O)OC)=CCCC(C)=CC2OC(=O)C(=C)C2C1O,0.3800218411698773,binned_cosine_1Da,25,False,predicted_spectrum,8691
CASMI2022,massformer,completed,143,143,330,CASMI_MOL_1196943,CASMI_MOL_791081,791081,C=C(C)C(=O)OC1C(C(=O)OC)=CCCC(C)=CC2OC(=O)C(=C)C2C1O,0.3800218411698773,binned_cosine_1Da,26,False,predicted_spectrum,8691
CASMI2022,massformer,completed,143,143,330,CASMI_MOL_1196943,CASMI_MOL_798230,798230,CCOC(=O)COC1CCC2C(=O)C(Oc3cccc(OC)c3)=COC2C1,0.37980718595638624,binned_cosine_1Da,27,False,predicted_spectrum,8691
CASMI2022,massformer,completed,143,143,330,CASMI_MOL_1196943,CASMI_MOL_794256,794256,O=C(O)CCCOc1c(F)cc(-c2cccc(OCC3CCC3)c2)cc1F,0.3796231322629992,binned_cosine_1Da,28,False,predicted_spectrum,8691
CASMI2022,massformer,completed,143,143,330,CASMI_MOL_1196943,CASMI_MOL_798004,798004,O=C(O)CCCOc1ccc(-c2cccc(OC3CCCC3)c2)c(F)c1F,0.3786893746211935,binned_cosine_1Da,29,False,predicted_spectrum,8691
CASMI2022,massformer,completed,143,143,330,CASMI_MOL_1196943,CASMI_MOL_793070,793070,CCOC(=O)C1(C(=O)OCC)CCC2OC(=O)C2C1c1ccccc1OC,0.3780178455781455,binned_cosine_1Da,30,False,predicted_spectrum,8691
CASMI2022,massformer,completed,143,143,330,CASMI_MOL_1196943,CASMI_MOL_797314,797314,Cc1ccccc1-c1nnc(-c2ccc(C(=O)NC3CCCNC3=O)cc2)o1,0.37797069244940884,binned_cosine_1Da,31,False,predicted_spectrum,8691
CASMI2022,massformer,completed,143,143,330,CASMI_MOL_1196943,CASMI_MOL_797351,797351,Cc1ccccc1-c1nnc(-c2ccc(C(=O)NC3CCCNC3=O)cc2)o1,0.37797069244940884,binned_cosine_1Da,32,False,predicted_spectrum,8691
CASMI2022,massformer,completed,143,143,330,CASMI_MOL_1196943,CASMI_MOL_798548,798548,Cc1ccccc1-c1nnc(-c2ccc(C(=O)NC3CCCNC3=O)cc2)o1,0.37797069244940884,binned_cosine_1Da,33,False,predicted_spectrum,8691
CASMI2022,massformer,completed,143,143,330,CASMI_MOL_1196943,CASMI_MOL_797697,797697,N#CCc1ccc(-c2ccc(CCNC(=O)Cc3[nH]c(=O)[nH]c3O)cc2)cc1,0.37750903354050225,binned_cosine_1Da,34,False,predicted_spectrum,8691
CASMI2022,massformer,completed,143,143,330,CASMI_MOL_1196943,CASMI_MOL_794255,794255,Cc1ccc(-c2cc(F)c(OCCCC(=O)O)c(F)c2)cc1OCC1CC1,0.37609925440028447,binned_cosine_1Da,35,False,predicted_spectrum,8691
CASMI2022,massformer,completed,143,143,330,CASMI_MOL_1196943,CASMI_MOL_796938,796938,COc1cc2c(c(OC)c1)C1(C=CC(=O)C(COC(=O)C(C)(C)C)O1)OC2,0.3758381843575002,binned_cosine_1Da,36,False,predicted_spectrum,8691
CASMI2022,massformer,completed,143,143,330,CASMI_MOL_1196943,CASMI_MOL_798395,798395,COc1cc2c(c(OC)c1)C1(C=CC(=O)C(COC(=O)C(C)(C)C)O1)OC2,0.3758381843575002,binned_cosine_1Da,37,False,predicted_spectrum,8691
CASMI2022,massformer,completed,143,143,330,CASMI_MOL_1196943,CASMI_MOL_790865,790865,C=C(C)C(=O)OC1C(O)C(C(=O)OC)=CCCC(C)=CC2OC(=O)C(=C)C21,0.375554655680508,binned_cosine_1Da,38,False,predicted_spectrum,8691
CASMI2022,massformer,completed,143,143,330,CASMI_MOL_1196943,CASMI_MOL_790866,790866,C=C(C)C(=O)OC1C(O)C(C(=O)OC)=CCCC(C)=CC2OC(=O)C(=C)C21,0.375554655680508,binned_cosine_1Da,39,False,predicted_spectrum,8691
CASMI2022,massformer,completed,143,143,330,CASMI_MOL_1196943,CASMI_MOL_796928,796928,C=C(C)C(=O)OC1C(O)C(C(=O)OC)=CCCC(C)=CC2OC(=O)C(=C)C21,0.375554655680508,binned_cosine_1Da,40,False,predicted_spectrum,8691
CASMI2022,massformer,completed,143,143,330,CASMI_MOL_1196943,CASMI_MOL_798005,798005,O=C(O)CCCOc1c(F)cc(-c2cccc(OC3CCCC3)c2)cc1F,0.37486400346102333,binned_cosine_1Da,41,False,predicted_spectrum,8691
CASMI2022,massformer,completed,143,143,330,CASMI_MOL_1196943,CASMI_MOL_790335,790335,NC1=NC23C(O)C(OC(O)c4ccccc4)CN2C(N)=NC(C(=O)O)C3N1,0.3748318863008108,binned_cosine_1Da,42,False,predicted_spectrum,8691
CASMI2022,massformer,completed,143,143,330,CASMI_MOL_1196943,CASMI_MOL_792503,792503,CCOc1cc(C=NNc2[nH]c(=O)nnc2C(C)(C)C)cc([N+](=O)[O-])c1O,0.374657399840601,binned_cosine_1Da,43,False,predicted_spectrum,8691
CASMI2022,massformer,completed,143,143,330,CASMI_MOL_1196943,CASMI_MOL_794520,794520,COc1ccc(CN2C(=O)C(NC(=O)O)C2Cn2nnnc2C)c(OC)c1,0.3742601176604635,binned_cosine_1Da,44,False,predicted_spectrum,8691
CASMI2022,massformer,completed,143,143,330,CASMI_MOL_1196943,CASMI_MOL_794521,794521,COc1ccc(CN2C(=O)C(NC(=O)O)C2Cn2nnnc2C)c(OC)c1,0.3742601176604635,binned_cosine_1Da,45,False,predicted_spectrum,8691
CASMI2022,massformer,completed,143,143,330,CASMI_MOL_1196943,CASMI_MOL_798231,798231,COC(=O)C(C)OC1CCC2C(=O)C(Oc3ccc(OC)cc3)=COC2C1,0.3737257655689632,binned_cosine_1Da,46,False,predicted_spectrum,8691
CASMI2022,massformer,completed,143,143,330,CASMI_MOL_1196943,CASMI_MOL_790878,790878,COc1ccc2ccc(=O)oc2c1C1OC1C(C)(O)COC(=O)CC(C)C,0.37371403603820375,binned_cosine_1Da,47,False,predicted_spectrum,8691
CASMI2022,massformer,completed,143,143,330,CASMI_MOL_1196943,CASMI_MOL_796869,796869,COc1ccc2ccc(=O)oc2c1C1OC1C(C)(O)COC(=O)CC(C)C,0.37371403603820375,binned_cosine_1Da,48,False,predicted_spectrum,8691
CASMI2022,massformer,completed,143,143,330,CASMI_MOL_1196943,CASMI_MOL_791842,791842,CCOC(=O)C(C)CCCc1ccc(-c2c(O)c(O)c(O)c(O)c2O)cc1,0.37361557279627694,binned_cosine_1Da,49,False,predicted_spectrum,8691
CASMI2022,massformer,completed,143,143,330,CASMI_MOL_1196943,CASMI_MOL_798263,798263,CCCCCCC=COc1c(O)c2cccc(OCCC(=O)O)c2oc1=O,0.37359906240380963,binned_cosine_1Da,50,False,predicted_spectrum,8691
CASMI2022,massformer,completed,143,143,330,CASMI_MOL_1196943,CASMI_MOL_798006,798006,O=C(O)CCCOc1c(F)cc(-c2ccccc2OC2CCCC2)cc1F,0.3724325956580825,binned_cosine_1Da,51,False,predicted_spectrum,8691
CASMI2022,massformer,completed,143,143,330,CASMI_MOL_1196943,CASMI_MOL_797737,797737,COc1ccccc1-c1cc(C(=O)NCC#CCOc2ccc(C)nc2)[nH]n1,0.3721618967378317,binned_cosine_1Da,52,False,predicted_spectrum,8691
CASMI2022,massformer,completed,143,143,330,CASMI_MOL_1196943,CASMI_MOL_791675,791675,O=C(c1ccc(-n2cncn2)cc1)N1CCC(C(=O)O)(c2ccccc2)CC1,0.3715817484060548,binned_cosine_1Da,53,False,predicted_spectrum,8691
CASMI2022,massformer,completed,143,143,330,CASMI_MOL_1196943,CASMI_MOL_796795,796795,CCOC(=O)CC1CC(=O)C2=C3CC(OC)CC3C3C(=O)OC(=O)C3(C)C21,0.37148827544189095,binned_cosine_1Da,54,False,predicted_spectrum,8691
CASMI2022,massformer,completed,143,143,330,CASMI_MOL_1196943,CASMI_MOL_797954,797954,Cc1c(OC2CCCCO2)ccc2c(=O)c(C(=O)OCC(C)C)c(O)oc12,0.3707520595989871,binned_cosine_1Da,55,False,predicted_spectrum,8691
CASMI2022,massformer,completed,143,143,330,CASMI_MOL_1196943,CASMI_MOL_797890,797890,CC=C1C=CC(=NC(=O)c2cccc(Oc3ccc(C(N)=NO)cc3)c2)NC1,0.3707192056813257,binned_cosine_1Da,56,False,predicted_spectrum,8691
CASMI2022,massformer,completed,143,143,330,CASMI_MOL_1196943,CASMI_MOL_796794,796794,CCOC(=O)CC1CC(=O)C2=C3CC(OC)CC3C3(C)C(=O)OC(=O)C3C21,0.3700201326340911,binned_cosine_1Da,57,False,predicted_spectrum,8691
CASMI2022,massformer,completed,143,143,330,CASMI_MOL_1196943,CASMI_MOL_791116,791116,C=C(COC(=O)CC(C)C)C(O)C(O)c1c(OC)ccc2ccc(=O)oc12,0.3692984235204306,binned_cosine_1Da,58,False,predicted_spectrum,8691
CASMI2022,massformer,completed,143,143,330,CASMI_MOL_1196943,CASMI_MOL_790179,790179,CCOC(=O)COC1CCC2C(=O)C(Oc3ccccc3OC)=COC2C1,0.3691076802173281,binned_cosine_1Da,59,False,predicted_spectrum,8691
CASMI2022,massformer,completed,143,143,330,CASMI_MOL_1196943,CASMI_MOL_790165,790165,C=C(C)C(=O)OC1C(C=O)=CCCC(CO)=CC2OC(=O)C(=C)C2C1OC,0.368441711958918,binned_cosine_1Da,60,False,predicted_spectrum,8691
CASMI2022,massformer,completed,143,143,330,CASMI_MOL_1196943,CASMI_MOL_791087,791087,C=C(C)C(=O)OC1C(C=O)=CCCC(CO)=CC2OC(=O)C(=C)C2C1OC,0.368441711958918,binned_cosine_1Da,61,False,predicted_spectrum,8691
CASMI2022,massformer,completed,143,143,330,CASMI_MOL_1196943,CASMI_MOL_793098,793098,C=C(C)C(=O)OC1C(C=O)=CCCC(CO)=CC2OC(=O)C(=C)C2C1OC,0.368441711958918,binned_cosine_1Da,62,False,predicted_spectrum,8691
CASMI2022,massformer,completed,143,143,330,CASMI_MOL_1196943,CASMI_MOL_798307,798307,C=C(C)C(=O)OC1C(C=O)=CCCC(CO)=CC2OC(=O)C(=C)C2C1OC,0.368441711958918,binned_cosine_1Da,63,False,predicted_spectrum,8691
CASMI2022,massformer,completed,143,143,330,CASMI_MOL_1196943,CASMI_MOL_790565,790565,O=C(OCC1c2ccccc2-c2ccccc21)N1CCC(O)(c2c[nH]nn2)C1,0.3675165584952769,binned_cosine_1Da,64,False,predicted_spectrum,8691
CASMI2022,massformer,completed,143,143,330,CASMI_MOL_1196943,CASMI_MOL_798591,798591,COc1cccc2c1CC1C(=O)CC(C)C(OC(C)=O)C1(COC(C)=O)O2,0.3668133006078578,binned_cosine_1Da,65,False,predicted_spectrum,8691
CASMI2022,massformer,completed,143,143,330,CASMI_MOL_1196943,CASMI_MOL_792502,792502,C=CCC1(CC=C)C(=O)N=C(NC(=O)Nc2cccc3ccccc23)NC1=O,0.3647992048821196,binned_cosine_1Da,66,False,predicted_spectrum,8691
CASMI2022,massformer,completed,143,143,330,CASMI_MOL_1196943,CASMI_MOL_792923,792923,CCCCn1c(O)c(N=NC(=O)COc2ccccc2C#N)c2ccccc21,0.3643237852405278,binned_cosine_1Da,67,False,predicted_spectrum,8691
CASMI2022,massformer,completed,143,143,330,CASMI_MOL_1196943,CASMI_MOL_798264,798264,CCCCCCC=COc1c(O)c2c(OCCC(=O)O)cccc2oc1=O,0.36370204370409276,binned_cosine_1Da,68,False,predicted_spectrum,8691
CASMI2022,massformer,completed,143,143,330,CASMI_MOL_1196943,CASMI_MOL_791138,791138,C=C(C)C(=O)OC1C(OC)C(C=O)=CCCC(=C)C(O)C2OC(=O)C(=C)C21,0.3633985810335417,binned_cosine_1Da,69,False,predicted_spectrum,8691
CASMI2022,massformer,completed,143,143,330,CASMI_MOL_1196943,CASMI_MOL_790757,790757,C=C(C)C(=O)OC1C(OC)C(C=O)=CCCC(CO)=CC2OC(=O)C(=C)C21,0.3633614992470939,binned_cosine_1Da,70,False,predicted_spectrum,8691
CASMI2022,massformer,completed,143,143,330,CASMI_MOL_1196943,CASMI_MOL_791043,791043,C=C(C)C(=O)OC1C(OC)C(C=O)=CCCC(CO)=CC2OC(=O)C(=C)C21,0.3633614992470939,binned_cosine_1Da,71,False,predicted_spectrum,8691
CASMI2022,massformer,completed,143,143,330,CASMI_MOL_1196943,CASMI_MOL_791044,791044,C=C(C)C(=O)OC1C(OC)C(C=O)=CCCC(CO)=CC2OC(=O)C(=C)C21,0.3633614992470939,binned_cosine_1Da,72,False,predicted_spectrum,8691
CASMI2022,massformer,completed,143,143,330,CASMI_MOL_1196943,CASMI_MOL_791045,791045,C=C(C)C(=O)OC1C(OC)C(C=O)=CCCC(CO)=CC2OC(=O)C(=C)C21,0.3633614992470939,binned_cosine_1Da,73,False,predicted_spectrum,8691
CASMI2022,massformer,completed,143,143,330,CASMI_MOL_1196943,CASMI_MOL_797953,797953,Cc1c(OC2CCCCO2)ccc2c(C(OC(=O)O)C(C)C)cc(=O)oc12,0.3628525924839272,binned_cosine_1Da,74,False,predicted_spectrum,8691
CASMI2022,massformer,completed,143,143,330,CASMI_MOL_1196943,CASMI_MOL_793904,793904,Cc1ccc(-n2cccc2C=NNC(=O)Cc2ccccc2[N+](=O)[O-])cc1C,0.3624364367184638,binned_cosine_1Da,75,False,predicted_spectrum,8691
CASMI2022,massformer,completed,143,143,330,CASMI_MOL_1196943,CASMI_MOL_793905,793905,Cc1ccc(-n2cccc2C=NNC(=O)Cc2ccccc2[N+](=O)[O-])c(C)c1,0.3617152594242605,binned_cosine_1Da,76,False,predicted_spectrum,8691
CASMI2022,massformer,completed,143,143,330,CASMI_MOL_1196943,CASMI_MOL_790829,790829,C=C1C(=O)OC2C1C(OC(=O)C(C)=CC)C(O)C1C(=O)OC3(C)CCC1C23,0.3604093628501136,binned_cosine_1Da,77,False,predicted_spectrum,8691
CASMI2022,massformer,completed,143,143,330,CASMI_MOL_1196943,CASMI_MOL_796949,796949,C=C1C(=O)OC2C1C(OC(=O)C(C)=CC)C(O)C1C(=O)OC3(C)CCC1C23,0.3604093628501136,binned_cosine_1Da,78,False,predicted_spectrum,8691
CASMI2022,massformer,completed,143,143,330,CASMI_MOL_1196943,CASMI_MOL_791564,791564,O=C(O)C1Cc2ccccc2CN1C(=O)CCc1nncn1-c1ccccc1,0.3599813151311843,binned_cosine_1Da,79,False,predicted_spectrum,8691
CASMI2022,massformer,completed,143,143,330,CASMI_MOL_1196943,CASMI_MOL_790892,790892,C=C1C(=O)OC2C1C(OC(=O)C(C)=CC)C=C(C=O)C1CCC(O)(CO)C12,0.3599739936441996,binned_cosine_1Da,80,False,predicted_spectrum,8691
CASMI2022,massformer,completed,143,143,330,CASMI_MOL_1196943,CASMI_MOL_796798,796798,C=C1C(=O)OC2C1C(OC(=O)C(C)=CC)C=C(C=O)C1CCC(O)(CO)C12,0.3599739936441996,binned_cosine_1Da,81,False,predicted_spectrum,8691
CASMI2022,massformer,completed,143,143,330,CASMI_MOL_1196943,CASMI_MOL_797940,797940,Cc1cc(C)cc(C(=O)N=C(C(=O)O)C(C)c2ccc(-n3cncn3)cc2)c1,0.3592690267443013,binned_cosine_1Da,82,False,predicted_spectrum,8691
CASMI2022,massformer,completed,143,143,330,CASMI_MOL_1196943,CASMI_MOL_792475,792475,C=CCc1cccc(C=NNC(=O)c2cc(-c3ccc(OC)cc3)[nH]n2)c1O,0.3591652406771054,binned_cosine_1Da,83,False,predicted_spectrum,8691
CASMI2022,massformer,completed,143,143,330,CASMI_MOL_1196943,CASMI_MOL_793002,793002,C=CCc1cccc(C=NNC(=O)c2cc(-c3ccc(OC)cc3)[nH]n2)c1O,0.3591652406771054,binned_cosine_1Da,84,False,predicted_spectrum,8691
CASMI2022,massformer,completed,143,143,330,CASMI_MOL_1196943,CASMI_MOL_795109,795109,Cc1ncc([N+](=O)[O-])n1CCNC(=O)C=C(c1ccccc1)c1ccccc1,0.35883631430482443,binned_cosine_1Da,85,False,predicted_spectrum,8691
CASMI2022,massformer,completed,143,143,330,CASMI_MOL_1196943,CASMI_MOL_795018,795018,COc1cc(C=NNc2[nH]c(=O)nnc2C(C)(C)C)cc([N+](=O)[O-])c1OC,0.3585789876768848,binned_cosine_1Da,86,False,predicted_spectrum,8691
CASMI2022,massformer,completed,143,143,330,CASMI_MOL_1196943,CASMI_MOL_798265,798265,CCCCCCC=COc1c(O)c2ccc(OCCC(=O)O)cc2oc1=O,0.35795096309342916,binned_cosine_1Da,87,False,predicted_spectrum,8691
CASMI2022,massformer,completed,143,143,330,CASMI_MOL_1196943,CASMI_MOL_794509,794509,COc1ccc(CN2C(=O)C(NC(=O)O)C2Cn2nnc(C)n2)c(OC)c1,0.3577173054710269,binned_cosine_1Da,88,False,predicted_spectrum,8691
CASMI2022,massformer,completed,143,143,330,CASMI_MOL_1196943,CASMI_MOL_794510,794510,COc1ccc(CN2C(=O)C(NC(=O)O)C2Cn2nnc(C)n2)c(OC)c1,0.3577173054710269,binned_cosine_1Da,89,False,predicted_spectrum,8691
CASMI2022,massformer,completed,143,143,330,CASMI_MOL_1196943,CASMI_MOL_790971,790971,C=C(C)C(=O)OC1CC2=CC(CC3(C)OC3C3OC(=O)C(=C)C13)OC2OC,0.3566790683078158,binned_cosine_1Da,90,False,predicted_spectrum,8691
CASMI2022,massformer,completed,143,143,330,CASMI_MOL_1196943,CASMI_MOL_791146,791146,C=C(C)C(=O)OC1CC2=CC(CC3(C)OC3C3OC(=O)C(=C)C13)OC2OC,0.3566790683078158,binned_cosine_1Da,91,False,predicted_spectrum,8691
CASMI2022,massformer,completed,143,143,330,CASMI_MOL_1196943,CASMI_MOL_791585,791585,C=C(C)C(=O)OC1CC2=CC(CC3(C)OC3C3OC(=O)C(=C)C13)OC2OC,0.3566790683078158,binned_cosine_1Da,92,False,predicted_spectrum,8691
CASMI2022,massformer,completed,143,143,330,CASMI_MOL_1196943,CASMI_MOL_796810,796810,CCCCCC(=O)CC(=O)Oc1c(O)cc2c(c1O)=COC(=CC(C)O)C=2,0.3565809951557659,binned_cosine_1Da,93,False,predicted_spectrum,8691
CASMI2022,massformer,completed,143,143,330,CASMI_MOL_1196943,CASMI_MOL_790873,790873,C=C1C(=O)OC2C3OC(C)(CC(OC(=O)C(C)=CC)C12)C(=O)C=CC3CO,0.35625914219073285,binned_cosine_1Da,94,False,predicted_spectrum,8691
CASMI2022,massformer,completed,143,143,330,CASMI_MOL_1196943,CASMI_MOL_790874,790874,C=C1C(=O)OC2C3OC(C)(CC(OC(=O)C(C)=CC)C12)C(=O)C=CC3CO,0.35625914219073285,binned_cosine_1Da,95,False,predicted_spectrum,8691
CASMI2022,massformer,completed,143,143,330,CASMI_MOL_1196943,CASMI_MOL_796774,796774,C=C1C(=O)OC2C3OC(C)(CC(OC(=O)C(C)=CC)C12)C(=O)C=CC3CO,0.35625914219073285,binned_cosine_1Da,96,False,predicted_spectrum,8691
CASMI2022,massformer,completed,143,143,330,CASMI_MOL_1196943,CASMI_MOL_793364,793364,CCC(C#N)Oc1cccc(CNc2cc(C)nc3c([N+](=O)[O-])cccc23)c1,0.3561736075769572,binned_cosine_1Da,97,False,predicted_spectrum,8691
CASMI2022,massformer,completed,143,143,330,CASMI_MOL_1196943,CASMI_MOL_791070,791070,C=CCC12COC(=O)C(=C)C1C1OC(=O)C(C)C1C(OC(=O)C(=C)CO)C2,0.35605600075488025,binned_cosine_1Da,98,False,predicted_spectrum,8691
CASMI2022,massformer,completed,143,143,330,CASMI_MOL_1196943,CASMI_MOL_791071,791071,C=CCC12COC(=O)C(=C)C1C1OC(=O)C(C)C1C(OC(=O)C(=C)CO)C2,0.35605600075488025,binned_cosine_1Da,99,False,predicted_spectrum,8691
CASMI2022,massformer,completed,143,143,330,CASMI_MOL_1196943,CASMI_MOL_798671,798671,O=C(c1ccc(-n2cnnc2)cc1)N1CCC(C(=O)O)(c2ccccc2)CC1,0.3558644692669073,binned_cosine_1Da,100,False,predicted_spectrum,8691
CASMI2022,massformer,completed,143,143,330,CASMI_MOL_1196943,CASMI_MOL_1196943,1196943,CC=C(C)C(=O)OC(C(O)c1cc2ccc(=O)oc2cc1OC)C(C)(C)O,0.2612877296112005,binned_cosine_1Da,1114,True,predicted_spectrum,8691
CASMI2022,massformer,completed,144,144,331,CASMI_MOL_1196944,CASMI_MOL_805684,805684,COC(=O)C(OC(=O)C(OC)c1ccccc1)C(C)C,0.6941941175114468,binned_cosine_1Da,1,False,predicted_spectrum,9540
CASMI2022,massformer,completed,144,144,331,CASMI_MOL_1196944,CASMI_MOL_804934,804934,CCOC(=O)C(CCOC)(Cc1ccccc1)C(=O)O,0.5703876335393374,binned_cosine_1Da,2,False,predicted_spectrum,9540
CASMI2022,massformer,completed,144,144,331,CASMI_MOL_1196944,CASMI_MOL_804902,804902,CCOCC(Cc1ccccc1)(C(=O)O)C(=O)OCC,0.5685656315911408,binned_cosine_1Da,3,False,predicted_spectrum,9540
CASMI2022,massformer,completed,144,144,331,CASMI_MOL_1196944,CASMI_MOL_805679,805679,COC1(C)OC(=O)C(Cc2ccccc2)OC1(C)OC,0.5547461713427596,binned_cosine_1Da,4,False,predicted_spectrum,9540
CASMI2022,massformer,completed,144,144,331,CASMI_MOL_1196944,CASMI_MOL_802307,802307,COC(=O)C(C(=O)OC)c1ccc(COC(C)C)cc1,0.5310418590111057,binned_cosine_1Da,5,False,predicted_spectrum,9540
CASMI2022,massformer,completed,144,144,331,CASMI_MOL_1196944,CASMI_MOL_805435,805435,COC(=O)C(O)(Cc1ccccc1)C(=O)OC(C)(C)C,0.44064606196518963,binned_cosine_1Da,6,False,predicted_spectrum,9540
CASMI2022,massformer,completed,144,144,331,CASMI_MOL_1196944,CASMI_MOL_808291,808291,CCOC(=O)CC(O)(Cc1ccccc1)C(=O)OCC,0.4392403718028862,binned_cosine_1Da,7,False,predicted_spectrum,9540
CASMI2022,massformer,completed,144,144,331,CASMI_MOL_1196944,CASMI_MOL_800873,800873,CCOC(=O)CC(O)(Cc1ccccc1)C(=O)OCC,0.43924021998092694,binned_cosine_1Da,8,False,predicted_spectrum,9540
CASMI2022,massformer,completed,144,144,331,CASMI_MOL_1196944,CASMI_MOL_805657,805657,O=C1OC2C3=CCCC2C(CO)=C(CO)CC13CCO,0.4148666910906877,binned_cosine_1Da,9,False,predicted_spectrum,9540
CASMI2022,massformer,completed,144,144,331,CASMI_MOL_1196944,CASMI_MOL_799579,799579,C=C1C(=O)OC2C1CC=C1C(COO)CCC(C)C12O,0.4013391426100188,binned_cosine_1Da,10,False,predicted_spectrum,9540
CASMI2022,massformer,completed,144,144,331,CASMI_MOL_1196944,CASMI_MOL_799580,799580,C=C1C(=O)OC2C1CC=C1C(COO)CCC(C)C12O,0.4013391426100188,binned_cosine_1Da,11,False,predicted_spectrum,9540
CASMI2022,massformer,completed,144,144,331,CASMI_MOL_1196944,CASMI_MOL_799278,799278,C=COC(C)C(=O)OC(C)C(O)OCc1ccccc1,0.3989380253909951,binned_cosine_1Da,12,False,predicted_spectrum,9540
CASMI2022,massformer,completed,144,144,331,CASMI_MOL_1196944,CASMI_MOL_807744,807744,COc1ccc(OC)c2c1CC1(C)OC(CO)CC2O1,0.39550965608536914,binned_cosine_1Da,13,False,predicted_spectrum,9540
CASMI2022,massformer,completed,144,144,331,CASMI_MOL_1196944,CASMI_MOL_808082,808082,C=C1C(=O)OC2C3=C(C)C(OO)CC(O)C3(C)CCC12,0.39403129911106693,binned_cosine_1Da,14,False,predicted_spectrum,9540
CASMI2022,massformer,completed,144,144,331,CASMI_MOL_1196944,CASMI_MOL_799691,799691,C=C1C(=O)OC2C3=C(C)C(OO)CC(O)C3(C)CCC12,0.39403127874801913,binned_cosine_1Da,15,False,predicted_spectrum,9540
CASMI2022,massformer,completed,144,144,331,CASMI_MOL_1196944,CASMI_MOL_808116,808116,COCC12C(=O)C(=O)CC(C)C1CC=CC2CC(=O)O,0.39062736812504245,binned_cosine_1Da,16,False,predicted_spectrum,9540
CASMI2022,massformer,completed,144,144,331,CASMI_MOL_1196944,CASMI_MOL_799607,799607,C=C1C(=O)OC2CC3(C)CCC(OO)C(=C)C3(O)CC12,0.390519541242609,binned_cosine_1Da,17,False,predicted_spectrum,9540
CASMI2022,massformer,completed,144,144,331,CASMI_MOL_1196944,CASMI_MOL_799608,799608,C=C1C(=O)OC2CC3(C)CCC(OO)C(=C)C3(O)CC12,0.390519541242609,binned_cosine_1Da,18,False,predicted_spectrum,9540
CASMI2022,massformer,completed,144,144,331,CASMI_MOL_1196944,CASMI_MOL_799609,799609,C=C1C(=O)OC2CC3(C)CCC(OO)C(=C)C3(O)CC12,0.390519541242609,binned_cosine_1Da,19,False,predicted_spectrum,9540
CASMI2022,massformer,completed,144,144,331,CASMI_MOL_1196944,CASMI_MOL_802331,802331,C=C1C(=O)OC2CC(C)(OO)C3=CCC(C)(O)C3CC12,0.3893277881746462,binned_cosine_1Da,20,False,predicted_spectrum,9540
CASMI2022,massformer,completed,144,144,331,CASMI_MOL_1196944,CASMI_MOL_799532,799532,C=C1C(=O)OC2CC(C)(OO)C3=CCC(C)(O)C3CC12,0.3893277820521723,binned_cosine_1Da,21,False,predicted_spectrum,9540
CASMI2022,massformer,completed,144,144,331,CASMI_MOL_1196944,CASMI_MOL_799533,799533,C=C1C(=O)OC2CC(C)(OO)C3=CCC(C)(O)C3CC12,0.3893277820521723,binned_cosine_1Da,22,False,predicted_spectrum,9540
CASMI2022,massformer,completed,144,144,331,CASMI_MOL_1196944,CASMI_MOL_799534,799534,C=C1C(=O)OC2CC(C)(OO)C3=CCC(C)(O)C3CC12,0.3893277820521723,binned_cosine_1Da,23,False,predicted_spectrum,9540
CASMI2022,massformer,completed,144,144,331,CASMI_MOL_1196944,CASMI_MOL_799535,799535,C=C1C(=O)OC2CC(C)(OO)C3=CCC(C)(O)C3CC12,0.3893277820521723,binned_cosine_1Da,24,False,predicted_spectrum,9540
CASMI2022,massformer,completed,144,144,331,CASMI_MOL_1196944,CASMI_MOL_799782,799782,C=C1C(=O)OC2CC(C)(OO)C3=CCC(C)(O)C3CC12,0.3893277820521723,binned_cosine_1Da,25,False,predicted_spectrum,9540
CASMI2022,massformer,completed,144,144,331,CASMI_MOL_1196944,CASMI_MOL_799226,799226,C=C1C(=O)OC2C1CC=C1CC(C)(CCC1OO)C2O,0.3893115529583383,binned_cosine_1Da,26,False,predicted_spectrum,9540
CASMI2022,massformer,completed,144,144,331,CASMI_MOL_1196944,CASMI_MOL_799399,799399,C=C1C(=O)OC2C1CC=C1CC(C)(CCC1OO)C2O,0.3893115529583383,binned_cosine_1Da,27,False,predicted_spectrum,9540
CASMI2022,massformer,completed,144,144,331,CASMI_MOL_1196944,CASMI_MOL_799406,799406,C=C1C(=O)OC2C1CC=C1CC(C)(CCC1OO)C2O,0.3893115529583383,binned_cosine_1Da,28,False,predicted_spectrum,9540
CASMI2022,massformer,completed,144,144,331,CASMI_MOL_1196944,CASMI_MOL_799477,799477,C=C1C(=O)OC2C1CC=C1CC(C)(CCC1OO)C2O,0.3893115529583383,binned_cosine_1Da,29,False,predicted_spectrum,9540
CASMI2022,massformer,completed,144,144,331,CASMI_MOL_1196944,CASMI_MOL_799478,799478,C=C1C(=O)OC2C1CC=C1CC(C)(CCC1OO)C2O,0.3893115529583383,binned_cosine_1Da,30,False,predicted_spectrum,9540
CASMI2022,massformer,completed,144,144,331,CASMI_MOL_1196944,CASMI_MOL_799759,799759,C=C1C(=O)OC2C1CC=C1CC(C)(CCC1OO)C2O,0.3893115529583383,binned_cosine_1Da,31,False,predicted_spectrum,9540
CASMI2022,massformer,completed,144,144,331,CASMI_MOL_1196944,CASMI_MOL_802750,802750,C=C1C(=O)OC2C1CC=C1CC(C)(CCC1OO)C2O,0.3893115529583383,binned_cosine_1Da,32,False,predicted_spectrum,9540
CASMI2022,massformer,completed,144,144,331,CASMI_MOL_1196944,CASMI_MOL_805759,805759,C=C1C(=O)OC2C1CC=C1CC(C)(CCC1OO)C2O,0.3893115529583383,binned_cosine_1Da,33,False,predicted_spectrum,9540
CASMI2022,massformer,completed,144,144,331,CASMI_MOL_1196944,CASMI_MOL_801870,801870,C=C1C(=O)OC2C1CC=C1CC(C)(CCC1OO)C2O,0.3893114793237463,binned_cosine_1Da,34,False,predicted_spectrum,9540
CASMI2022,massformer,completed,144,144,331,CASMI_MOL_1196944,CASMI_MOL_805517,805517,C=C1C(=O)OC2C1CC=C1CC(C)(CCC1OO)C2O,0.3893114793237463,binned_cosine_1Da,35,False,predicted_spectrum,9540
CASMI2022,massformer,completed,144,144,331,CASMI_MOL_1196944,CASMI_MOL_805820,805820,C=C1C(=O)OC2C1CC=C1CC(C)(CCC1OO)C2O,0.3893114793237463,binned_cosine_1Da,36,False,predicted_spectrum,9540
CASMI2022,massformer,completed,144,144,331,CASMI_MOL_1196944,CASMI_MOL_799502,799502,C=C1C(=O)OC2C3=C(C)C(OO)CC3C(C)(O)CCC12,0.3889300439376267,binned_cosine_1Da,37,False,predicted_spectrum,9540
CASMI2022,massformer,completed,144,144,331,CASMI_MOL_1196944,CASMI_MOL_799786,799786,C=C1C(=O)OC2C3=C(C)C(OO)CC3C(C)(O)CCC12,0.3889300439376267,binned_cosine_1Da,38,False,predicted_spectrum,9540
CASMI2022,massformer,completed,144,144,331,CASMI_MOL_1196944,CASMI_MOL_799727,799727,C=C1C(=O)OC2CC3(CO)CCCC(=C)C3(OO)CC12,0.38825894523454596,binned_cosine_1Da,39,False,predicted_spectrum,9540
CASMI2022,massformer,completed,144,144,331,CASMI_MOL_1196944,CASMI_MOL_799784,799784,C=C1C(=O)OC2CC3(CO)CCCC(=C)C3(OO)CC12,0.38825894523454596,binned_cosine_1Da,40,False,predicted_spectrum,9540
CASMI2022,massformer,completed,144,144,331,CASMI_MOL_1196944,CASMI_MOL_799693,799693,C=C1C(=O)OC2CC3(C)CC(O)CC(=C)C3(OO)CC12,0.3870451360621258,binned_cosine_1Da,41,False,predicted_spectrum,9540
CASMI2022,massformer,completed,144,144,331,CASMI_MOL_1196944,CASMI_MOL_799808,799808,C=C1C(=O)OC2CC3(C)C(O)CCC(=C)C3(OO)CC12,0.3869140712415941,binned_cosine_1Da,42,False,predicted_spectrum,9540
CASMI2022,massformer,completed,144,144,331,CASMI_MOL_1196944,CASMI_MOL_799726,799726,C=C1C(=O)OC2CC3(C)C(O)CCC(=C)C3(OO)CC12,0.38691402524402246,binned_cosine_1Da,43,False,predicted_spectrum,9540
CASMI2022,massformer,completed,144,144,331,CASMI_MOL_1196944,CASMI_MOL_807910,807910,CCOC1CC(O)(C(F)(F)F)C2CCCCC1C2=O,0.38679910512334836,binned_cosine_1Da,44,False,predicted_spectrum,9540
CASMI2022,massformer,completed,144,144,331,CASMI_MOL_1196944,CASMI_MOL_807958,807958,CCOC1CC(O)(C(F)(F)F)C2CC(C)CC1C2=O,0.3858684658576458,binned_cosine_1Da,45,False,predicted_spectrum,9540
CASMI2022,massformer,completed,144,144,331,CASMI_MOL_1196944,CASMI_MOL_799595,799595,C=C1CCC2C(C)C(=O)OC2C2C1CC(=O)C2(O)CO,0.3854247376121928,binned_cosine_1Da,46,False,predicted_spectrum,9540
CASMI2022,massformer,completed,144,144,331,CASMI_MOL_1196944,CASMI_MOL_805497,805497,C=C1CCC2C(C)C(=O)OC2C2C1CC(=O)C2(O)CO,0.3854247376121928,binned_cosine_1Da,47,False,predicted_spectrum,9540
CASMI2022,massformer,completed,144,144,331,CASMI_MOL_1196944,CASMI_MOL_799494,799494,C=C1CCC2C(OC(=O)C2(O)CO)C2C(C)C(=O)CC12,0.3853193621816988,binned_cosine_1Da,48,False,predicted_spectrum,9540
CASMI2022,massformer,completed,144,144,331,CASMI_MOL_1196944,CASMI_MOL_799663,799663,C=C1CCC2C(OC(=O)C2(O)CO)C2C(C)C(=O)CC12,0.3853193621816988,binned_cosine_1Da,49,False,predicted_spectrum,9540
CASMI2022,massformer,completed,144,144,331,CASMI_MOL_1196944,CASMI_MOL_805615,805615,C=C1CCC2C(OC(=O)C2(O)CO)C2C(C)C(=O)CC12,0.3853193621816988,binned_cosine_1Da,50,False,predicted_spectrum,9540
CASMI2022,massformer,completed,144,144,331,CASMI_MOL_1196944,CASMI_MOL_805703,805703,C=C1CCC2C(OC(=O)C2(O)CO)C2C(C)C(=O)CC12,0.3853193621816988,binned_cosine_1Da,51,False,predicted_spectrum,9540
CASMI2022,massformer,completed,144,144,331,CASMI_MOL_1196944,CASMI_MOL_800211,800211,O=C(O)CC(=O)OC(=O)CC12CC3CC(CC(C3)C1)C2,0.384789804265107,binned_cosine_1Da,52,False,predicted_spectrum,9540
CASMI2022,massformer,completed,144,144,331,CASMI_MOL_1196944,CASMI_MOL_808132,808132,CC1(CO)C2CC3(C=CC2C(=O)O)C(C(=O)O)CCC13,0.3847763659410357,binned_cosine_1Da,53,False,predicted_spectrum,9540
CASMI2022,massformer,completed,144,144,331,CASMI_MOL_1196944,CASMI_MOL_799459,799459,C=C1C(=O)OC2C1C(O)C(O)C(C)(O)C1CC=C(C)C21,0.3843234423091678,binned_cosine_1Da,54,False,predicted_spectrum,9540
CASMI2022,massformer,completed,144,144,331,CASMI_MOL_1196944,CASMI_MOL_799460,799460,C=C1C(=O)OC2C1C(O)C(O)C(C)(O)C1CC=C(C)C21,0.3843234423091678,binned_cosine_1Da,55,False,predicted_spectrum,9540
CASMI2022,massformer,completed,144,144,331,CASMI_MOL_1196944,CASMI_MOL_805722,805722,C=C1C(=O)OC2C1C(O)C(O)C(C)(O)C1CC=C(C)C21,0.3843234423091678,binned_cosine_1Da,56,False,predicted_spectrum,9540
CASMI2022,massformer,completed,144,144,331,CASMI_MOL_1196944,CASMI_MOL_808117,808117,COC1CC(=O)C2CC=C(C)C(CC(=O)O)C2(C)C1=O,0.38430514534693694,binned_cosine_1Da,57,False,predicted_spectrum,9540
CASMI2022,massformer,completed,144,144,331,CASMI_MOL_1196944,CASMI_MOL_799565,799565,CC1=CCC(O)C2(C)C1C=C1C(C)C(=O)OC1(O)C2O,0.3838182062097709,binned_cosine_1Da,58,False,predicted_spectrum,9540
CASMI2022,massformer,completed,144,144,331,CASMI_MOL_1196944,CASMI_MOL_799566,799566,CC1=CCC(O)C2(C)C1C=C1C(C)C(=O)OC1(O)C2O,0.3838182062097709,binned_cosine_1Da,59,False,predicted_spectrum,9540
CASMI2022,massformer,completed,144,144,331,CASMI_MOL_1196944,CASMI_MOL_799620,799620,C=C1C(=O)OC2C1CCC(CO)C1(O)CCC(=O)C21C,0.3836361975153355,binned_cosine_1Da,60,False,predicted_spectrum,9540
CASMI2022,massformer,completed,144,144,331,CASMI_MOL_1196944,CASMI_MOL_805394,805394,C=C1C(=O)OC2C1CCC(CO)C1(O)CCC(=O)C21C,0.38363617931329935,binned_cosine_1Da,61,False,predicted_spectrum,9540
CASMI2022,massformer,completed,144,144,331,CASMI_MOL_1196944,CASMI_MOL_802322,802322,COC(=O)C1(C(=O)OC)CCCC2C3COC=CC23C1,0.38152759661208346,binned_cosine_1Da,62,False,predicted_spectrum,9540
CASMI2022,massformer,completed,144,144,331,CASMI_MOL_1196944,CASMI_MOL_799666,799666,C=CC1(CO)CC(O)C2C(=C)C(=O)OC2C1C(=C)CO,0.3815161237276023,binned_cosine_1Da,63,False,predicted_spectrum,9540
CASMI2022,massformer,completed,144,144,331,CASMI_MOL_1196944,CASMI_MOL_799667,799667,C=CC1(CO)CC(O)C2C(=C)C(=O)OC2C1C(=C)CO,0.3815161237276023,binned_cosine_1Da,64,False,predicted_spectrum,9540
CASMI2022,massformer,completed,144,144,331,CASMI_MOL_1196944,CASMI_MOL_799754,799754,C=C1C(=O)OC2C1CCC1(C)C(O)C(O)C=C(CO)C21,0.3814304112422205,binned_cosine_1Da,65,False,predicted_spectrum,9540
CASMI2022,massformer,completed,144,144,331,CASMI_MOL_1196944,CASMI_MOL_800363,800363,CC1=CC(O)C(O)C2(C)CC3(O)OC(=O)C(C)=C3CC12,0.3811426686457326,binned_cosine_1Da,66,False,predicted_spectrum,9540
CASMI2022,massformer,completed,144,144,331,CASMI_MOL_1196944,CASMI_MOL_799967,799967,COC(=O)C(O)C(C(=O)OC(C)(C)C)c1ccccc1,0.3811118797838641,binned_cosine_1Da,67,False,predicted_spectrum,9540
CASMI2022,massformer,completed,144,144,331,CASMI_MOL_1196944,CASMI_MOL_806134,806134,COC(=O)C(O)C(C(=O)OC(C)(C)C)c1ccccc1,0.3811117563366236,binned_cosine_1Da,68,False,predicted_spectrum,9540
CASMI2022,massformer,completed,144,144,331,CASMI_MOL_1196944,CASMI_MOL_799557,799557,CC1CCC2C(CO)C(=O)OC2C2(C)C(=O)C=CC12O,0.3803039650500525,binned_cosine_1Da,69,False,predicted_spectrum,9540
CASMI2022,massformer,completed,144,144,331,CASMI_MOL_1196944,CASMI_MOL_799783,799783,CC1CCC2C(CO)C(=O)OC2C2(C)C(=O)C=CC12O,0.3803039650500525,binned_cosine_1Da,70,False,predicted_spectrum,9540
CASMI2022,massformer,completed,144,144,331,CASMI_MOL_1196944,CASMI_MOL_798849,798849,CC12CC=C(CC(=O)O)C(CCC(=O)O)C1CCC2=O,0.3801976519904996,binned_cosine_1Da,71,False,predicted_spectrum,9540
CASMI2022,massformer,completed,144,144,331,CASMI_MOL_1196944,CASMI_MOL_799464,799464,CC1CCC2C(OC(=O)C2(C)O)C2C(C=O)CC(=O)C12,0.3791924191601731,binned_cosine_1Da,72,False,predicted_spectrum,9540
CASMI2022,massformer,completed,144,144,331,CASMI_MOL_1196944,CASMI_MOL_799787,799787,CC1CCC2C(OC(=O)C2(C)O)C2C(C=O)CC(=O)C12,0.3791924191601731,binned_cosine_1Da,73,False,predicted_spectrum,9540
CASMI2022,massformer,completed,144,144,331,CASMI_MOL_1196944,CASMI_MOL_805492,805492,CC1CCC2C(OC(=O)C2(C)O)C2C(C=O)CC(=O)C12,0.3791924191601731,binned_cosine_1Da,74,False,predicted_spectrum,9540
CASMI2022,massformer,completed,144,144,331,CASMI_MOL_1196944,CASMI_MOL_805668,805668,CC1CCC2C13CC(=O)OC(C3)C(C)(O)C21COC1=O,0.37881235768006205,binned_cosine_1Da,75,False,predicted_spectrum,9540
CASMI2022,massformer,completed,144,144,331,CASMI_MOL_1196944,CASMI_MOL_805539,805539,C=C1CC(O)C2C(OC(=O)C2(C)O)C2C(C)=CCC12O,0.37876345533406597,binned_cosine_1Da,76,False,predicted_spectrum,9540
CASMI2022,massformer,completed,144,144,331,CASMI_MOL_1196944,CASMI_MOL_799575,799575,C=C1CC(O)C2C(OC(=O)C2(C)O)C2C(C)=CCC12O,0.3787634551866719,binned_cosine_1Da,77,False,predicted_spectrum,9540
CASMI2022,massformer,completed,144,144,331,CASMI_MOL_1196944,CASMI_MOL_805474,805474,CC(O)CC12C(=O)OC3CC(CC31)C21CC(C)OC1=O,0.3786438209626124,binned_cosine_1Da,78,False,predicted_spectrum,9540
CASMI2022,massformer,completed,144,144,331,CASMI_MOL_1196944,CASMI_MOL_805373,805373,COC(=O)C1(C(=O)OC)CC2C=CC(C)C(C=O)C2C1,0.3784535637677806,binned_cosine_1Da,79,False,predicted_spectrum,9540
CASMI2022,massformer,completed,144,144,331,CASMI_MOL_1196944,CASMI_MOL_805669,805669,CC1C2CC3(C(C)CCC3C13COC3=O)C(O)C(=O)O2,0.3784298315347614,binned_cosine_1Da,80,False,predicted_spectrum,9540
CASMI2022,massformer,completed,144,144,331,CASMI_MOL_1196944,CASMI_MOL_802332,802332,C=C1C(=O)OC2CC(=C)C3(OO)CCC(C)(O)C3CC12,0.3779707862901595,binned_cosine_1Da,81,False,predicted_spectrum,9540
CASMI2022,massformer,completed,144,144,331,CASMI_MOL_1196944,CASMI_MOL_799724,799724,C=C1C(=O)OC2CC(=C)C3(OO)CCC(C)(O)C3CC12,0.37797078463694583,binned_cosine_1Da,82,False,predicted_spectrum,9540
CASMI2022,massformer,completed,144,144,331,CASMI_MOL_1196944,CASMI_MOL_805540,805540,CC1CCC2C(OC(=O)C2(C)O)C2(C)C(=O)C=CC12O,0.37767165750512965,binned_cosine_1Da,83,False,predicted_spectrum,9540
CASMI2022,massformer,completed,144,144,331,CASMI_MOL_1196944,CASMI_MOL_799549,799549,C=C1CCC2C(C)C(=O)OC2C2C(C)(OO)C=CC12O,0.3773473056203432,binned_cosine_1Da,84,False,predicted_spectrum,9540
CASMI2022,massformer,completed,144,144,331,CASMI_MOL_1196944,CASMI_MOL_799550,799550,C=C1CCC2C(C)C(=O)OC2C2C(C)(OO)C=CC12O,0.3773473056203432,binned_cosine_1Da,85,False,predicted_spectrum,9540
CASMI2022,massformer,completed,144,144,331,CASMI_MOL_1196944,CASMI_MOL_799481,799481,CC1CC2OC(=O)C(O)(CO)C2CC2(C)C(=O)C=CC12,0.37706344920507073,binned_cosine_1Da,86,False,predicted_spectrum,9540
CASMI2022,massformer,completed,144,144,331,CASMI_MOL_1196944,CASMI_MOL_799482,799482,CC1CC2OC(=O)C(O)(CO)C2CC2(C)C(=O)C=CC12,0.37706344920507073,binned_cosine_1Da,87,False,predicted_spectrum,9540
CASMI2022,massformer,completed,144,144,331,CASMI_MOL_1196944,CASMI_MOL_799483,799483,CC1CC2OC(=O)C(O)(CO)C2CC2(C)C(=O)C=CC12,0.37706344920507073,binned_cosine_1Da,88,False,predicted_spectrum,9540
CASMI2022,massformer,completed,144,144,331,CASMI_MOL_1196944,CASMI_MOL_799443,799443,CC1(CO)C2CC3(C(=O)CC2C(=O)O)C(C=O)CCC13,0.37682396732292867,binned_cosine_1Da,89,False,predicted_spectrum,9540
CASMI2022,massformer,completed,144,144,331,CASMI_MOL_1196944,CASMI_MOL_805713,805713,CC1(CO)C2CC3(C(=O)CC2C(=O)O)C(C=O)CCC13,0.37682396732292867,binned_cosine_1Da,90,False,predicted_spectrum,9540
CASMI2022,massformer,completed,144,144,331,CASMI_MOL_1196944,CASMI_MOL_806329,806329,CC1(CO)C2CC3(C(=O)CC2C(=O)O)C(C=O)CCC13,0.37682396732292867,binned_cosine_1Da,91,False,predicted_spectrum,9540
CASMI2022,massformer,completed,144,144,331,CASMI_MOL_1196944,CASMI_MOL_802116,802116,C=C1C(=O)OC2C1C(O)CC1(C)C(O)CCC(C=O)C21,0.3767318085225807,binned_cosine_1Da,92,False,predicted_spectrum,9540
CASMI2022,massformer,completed,144,144,331,CASMI_MOL_1196944,CASMI_MOL_802117,802117,C=C1C(=O)OC2C1C(O)CC1(C)C(O)CCC(C=O)C21,0.3767318085225807,binned_cosine_1Da,93,False,predicted_spectrum,9540
CASMI2022,massformer,completed,144,144,331,CASMI_MOL_1196944,CASMI_MOL_799484,799484,C=C1C(=O)OC2C1C(O)CC1(C)C(O)CCC(C=O)C21,0.37673177082115317,binned_cosine_1Da,94,False,predicted_spectrum,9540
CASMI2022,massformer,completed,144,144,331,CASMI_MOL_1196944,CASMI_MOL_799485,799485,C=C1C(=O)OC2C1C(O)CC1(C)C(O)CCC(C=O)C21,0.37673177082115317,binned_cosine_1Da,95,False,predicted_spectrum,9540
CASMI2022,massformer,completed,144,144,331,CASMI_MOL_1196944,CASMI_MOL_799678,799678,C=C1C(=O)OC2C1C(O)CC1(C)C(O)CCC(C=O)C21,0.37673177082115317,binned_cosine_1Da,96,False,predicted_spectrum,9540
CASMI2022,massformer,completed,144,144,331,CASMI_MOL_1196944,CASMI_MOL_799711,799711,C=C1C(=O)OC2C1C(O)CC1(C)C(O)CCC(C=O)C21,0.37673177082115317,binned_cosine_1Da,97,False,predicted_spectrum,9540
CASMI2022,massformer,completed,144,144,331,CASMI_MOL_1196944,CASMI_MOL_799766,799766,C=C1C(=O)OC2C1C(O)CC1(C)C(O)CCC(C=O)C21,0.37673177082115317,binned_cosine_1Da,98,False,predicted_spectrum,9540
CASMI2022,massformer,completed,144,144,331,CASMI_MOL_1196944,CASMI_MOL_799767,799767,C=C1C(=O)OC2C1C(O)CC1(C)C(O)CCC(C=O)C21,0.37673177082115317,binned_cosine_1Da,99,False,predicted_spectrum,9540
CASMI2022,massformer,completed,144,144,331,CASMI_MOL_1196944,CASMI_MOL_802118,802118,C=C1C(=O)OC2C1C(O)CC1(C)C(O)CCC(C=O)C21,0.37673177082115317,binned_cosine_1Da,100,False,predicted_spectrum,9540
CASMI2022,massformer,completed,144,144,331,CASMI_MOL_1196944,CASMI_MOL_1196944,1196944,CC1CC=CC(C(=O)O)C1(C)Cc1c(CO)coc1O,0.3556238371389738,binned_cosine_1Da,365,True,predicted_spectrum,9540
