supported_index,query_id,query_id_s,model_id,model,benchmark_label,result_status,status,native_or_fallback,candidate_count,true_rank,top1_correct,top5_correct,top10_correct,reciprocal_rank,top1_tanimoto,formula_accuracy,failed_prediction_count,missing_candidate_spectra,predicted_spectrum_count,ranked_rows,candidate_spectra_count,claim_guardrail
0,0,0,fragannotator,FragAnnotator,Frozen fixed evidence-fusion FragAnnotator,completed,completed,formal_fixed_component_score_mode_full_supported_candidate_set,1241,54.0,False,False,False,0.0185185185185185,,,,,,,,"Primary method for Section 3.2; fixed evidence-fusion configuration, not a trained neural checkpoint claim."
1,3,3,fragannotator,FragAnnotator,Frozen fixed evidence-fusion FragAnnotator,completed,completed,formal_fixed_component_score_mode_full_supported_candidate_set,8524,824.0,False,False,False,0.0012135922330097,,,,,,,,"Primary method for Section 3.2; fixed evidence-fusion configuration, not a trained neural checkpoint claim."
2,4,4,fragannotator,FragAnnotator,Frozen fixed evidence-fusion FragAnnotator,completed,completed,formal_fixed_component_score_mode_full_supported_candidate_set,7594,74.0,False,False,False,0.0135135135135135,,,,,,,,"Primary method for Section 3.2; fixed evidence-fusion configuration, not a trained neural checkpoint claim."
3,5,5,fragannotator,FragAnnotator,Frozen fixed evidence-fusion FragAnnotator,completed,completed,formal_fixed_component_score_mode_full_supported_candidate_set,1074,345.0,False,False,False,0.0028985507246376,,,,,,,,"Primary method for Section 3.2; fixed evidence-fusion configuration, not a trained neural checkpoint claim."
4,6,6,fragannotator,FragAnnotator,Frozen fixed evidence-fusion FragAnnotator,completed,completed,formal_fixed_component_score_mode_full_supported_candidate_set,1524,1.0,True,True,True,1.0,,,,,,,,"Primary method for Section 3.2; fixed evidence-fusion configuration, not a trained neural checkpoint claim."
5,7,7,fragannotator,FragAnnotator,Frozen fixed evidence-fusion FragAnnotator,completed,completed,formal_fixed_component_score_mode_full_supported_candidate_set,7016,1.0,True,True,True,1.0,,,,,,,,"Primary method for Section 3.2; fixed evidence-fusion configuration, not a trained neural checkpoint claim."
6,9,9,fragannotator,FragAnnotator,Frozen fixed evidence-fusion FragAnnotator,completed,completed,formal_fixed_component_score_mode_full_supported_candidate_set,8632,1.0,True,True,True,1.0,,,,,,,,"Primary method for Section 3.2; fixed evidence-fusion configuration, not a trained neural checkpoint claim."
7,10,10,fragannotator,FragAnnotator,Frozen fixed evidence-fusion FragAnnotator,completed,completed,formal_fixed_component_score_mode_full_supported_candidate_set,2797,104.0,False,False,False,0.0096153846153846,,,,,,,,"Primary method for Section 3.2; fixed evidence-fusion configuration, not a trained neural checkpoint claim."
8,11,11,fragannotator,FragAnnotator,Frozen fixed evidence-fusion FragAnnotator,completed,completed,formal_fixed_component_score_mode_full_supported_candidate_set,6368,1651.0,False,False,False,0.0006056935190793,,,,,,,,"Primary method for Section 3.2; fixed evidence-fusion configuration, not a trained neural checkpoint claim."
9,12,12,fragannotator,FragAnnotator,Frozen fixed evidence-fusion FragAnnotator,completed,completed,formal_fixed_component_score_mode_full_supported_candidate_set,9462,1.0,True,True,True,1.0,,,,,,,,"Primary method for Section 3.2; fixed evidence-fusion configuration, not a trained neural checkpoint claim."
10,15,15,fragannotator,FragAnnotator,Frozen fixed evidence-fusion FragAnnotator,completed,completed,formal_fixed_component_score_mode_full_supported_candidate_set,4775,885.0,False,False,False,0.0011299435028248,,,,,,,,"Primary method for Section 3.2; fixed evidence-fusion configuration, not a trained neural checkpoint claim."
11,16,16,fragannotator,FragAnnotator,Frozen fixed evidence-fusion FragAnnotator,completed,completed,formal_fixed_component_score_mode_full_supported_candidate_set,103,1.0,True,True,True,1.0,,,,,,,,"Primary method for Section 3.2; fixed evidence-fusion configuration, not a trained neural checkpoint claim."
12,17,17,fragannotator,FragAnnotator,Frozen fixed evidence-fusion FragAnnotator,completed,completed,formal_fixed_component_score_mode_full_supported_candidate_set,9564,1.0,True,True,True,1.0,,,,,,,,"Primary method for Section 3.2; fixed evidence-fusion configuration, not a trained neural checkpoint claim."
13,18,18,fragannotator,FragAnnotator,Frozen fixed evidence-fusion FragAnnotator,completed,completed,formal_fixed_component_score_mode_full_supported_candidate_set,6548,1.0,True,True,True,1.0,,,,,,,,"Primary method for Section 3.2; fixed evidence-fusion configuration, not a trained neural checkpoint claim."
14,21,21,fragannotator,FragAnnotator,Frozen fixed evidence-fusion FragAnnotator,completed,completed,formal_fixed_component_score_mode_full_supported_candidate_set,5615,153.0,False,False,False,0.0065359477124183,,,,,,,,"Primary method for Section 3.2; fixed evidence-fusion configuration, not a trained neural checkpoint claim."
15,22,22,fragannotator,FragAnnotator,Frozen fixed evidence-fusion FragAnnotator,completed,completed,formal_fixed_component_score_mode_full_supported_candidate_set,6294,5055.0,False,False,False,0.0001978239366963,,,,,,,,"Primary method for Section 3.2; fixed evidence-fusion configuration, not a trained neural checkpoint claim."
16,23,23,fragannotator,FragAnnotator,Frozen fixed evidence-fusion FragAnnotator,completed,completed,formal_fixed_component_score_mode_full_supported_candidate_set,5745,5236.0,False,False,False,0.0001909854851031,,,,,,,,"Primary method for Section 3.2; fixed evidence-fusion configuration, not a trained neural checkpoint claim."
17,24,24,fragannotator,FragAnnotator,Frozen fixed evidence-fusion FragAnnotator,completed,completed,formal_fixed_component_score_mode_full_supported_candidate_set,5015,318.0,False,False,False,0.0031446540880503,,,,,,,,"Primary method for Section 3.2; fixed evidence-fusion configuration, not a trained neural checkpoint claim."
18,25,25,fragannotator,FragAnnotator,Frozen fixed evidence-fusion FragAnnotator,completed,completed,formal_fixed_component_score_mode_full_supported_candidate_set,9778,1.0,True,True,True,1.0,,,,,,,,"Primary method for Section 3.2; fixed evidence-fusion configuration, not a trained neural checkpoint claim."
19,26,26,fragannotator,FragAnnotator,Frozen fixed evidence-fusion FragAnnotator,completed,completed,formal_fixed_component_score_mode_full_supported_candidate_set,8521,1.0,True,True,True,1.0,,,,,,,,"Primary method for Section 3.2; fixed evidence-fusion configuration, not a trained neural checkpoint claim."
20,27,27,fragannotator,FragAnnotator,Frozen fixed evidence-fusion FragAnnotator,completed,completed,formal_fixed_component_score_mode_full_supported_candidate_set,3327,1.0,True,True,True,1.0,,,,,,,,"Primary method for Section 3.2; fixed evidence-fusion configuration, not a trained neural checkpoint claim."
21,29,29,fragannotator,FragAnnotator,Frozen fixed evidence-fusion FragAnnotator,completed,completed,formal_fixed_component_score_mode_full_supported_candidate_set,8062,1.0,True,True,True,1.0,,,,,,,,"Primary method for Section 3.2; fixed evidence-fusion configuration, not a trained neural checkpoint claim."
22,31,31,fragannotator,FragAnnotator,Frozen fixed evidence-fusion FragAnnotator,completed,completed,formal_fixed_component_score_mode_full_supported_candidate_set,9668,1.0,True,True,True,1.0,,,,,,,,"Primary method for Section 3.2; fixed evidence-fusion configuration, not a trained neural checkpoint claim."
23,34,34,fragannotator,FragAnnotator,Frozen fixed evidence-fusion FragAnnotator,completed,completed,formal_fixed_component_score_mode_full_supported_candidate_set,457,1.0,True,True,True,1.0,,,,,,,,"Primary method for Section 3.2; fixed evidence-fusion configuration, not a trained neural checkpoint claim."
24,35,35,fragannotator,FragAnnotator,Frozen fixed evidence-fusion FragAnnotator,completed,completed,formal_fixed_component_score_mode_full_supported_candidate_set,233,28.0,False,False,False,0.0357142857142857,,,,,,,,"Primary method for Section 3.2; fixed evidence-fusion configuration, not a trained neural checkpoint claim."
25,37,37,fragannotator,FragAnnotator,Frozen fixed evidence-fusion FragAnnotator,completed,completed,formal_fixed_component_score_mode_full_supported_candidate_set,8957,1.0,True,True,True,1.0,,,,,,,,"Primary method for Section 3.2; fixed evidence-fusion configuration, not a trained neural checkpoint claim."
26,38,38,fragannotator,FragAnnotator,Frozen fixed evidence-fusion FragAnnotator,completed,completed,formal_fixed_component_score_mode_full_supported_candidate_set,9532,1.0,True,True,True,1.0,,,,,,,,"Primary method for Section 3.2; fixed evidence-fusion configuration, not a trained neural checkpoint claim."
27,39,39,fragannotator,FragAnnotator,Frozen fixed evidence-fusion FragAnnotator,completed,completed,formal_fixed_component_score_mode_full_supported_candidate_set,859,1.0,True,True,True,1.0,,,,,,,,"Primary method for Section 3.2; fixed evidence-fusion configuration, not a trained neural checkpoint claim."
28,40,40,fragannotator,FragAnnotator,Frozen fixed evidence-fusion FragAnnotator,completed,completed,formal_fixed_component_score_mode_full_supported_candidate_set,7695,2242.0,False,False,False,0.0004460303300624,,,,,,,,"Primary method for Section 3.2; fixed evidence-fusion configuration, not a trained neural checkpoint claim."
29,41,41,fragannotator,FragAnnotator,Frozen fixed evidence-fusion FragAnnotator,completed,completed,formal_fixed_component_score_mode_full_supported_candidate_set,5158,1114.0,False,False,False,0.0008976660682226,,,,,,,,"Primary method for Section 3.2; fixed evidence-fusion configuration, not a trained neural checkpoint claim."
30,42,42,fragannotator,FragAnnotator,Frozen fixed evidence-fusion FragAnnotator,completed,completed,formal_fixed_component_score_mode_full_supported_candidate_set,9484,1.0,True,True,True,1.0,,,,,,,,"Primary method for Section 3.2; fixed evidence-fusion configuration, not a trained neural checkpoint claim."
31,43,43,fragannotator,FragAnnotator,Frozen fixed evidence-fusion FragAnnotator,completed,completed,formal_fixed_component_score_mode_full_supported_candidate_set,8937,1.0,True,True,True,1.0,,,,,,,,"Primary method for Section 3.2; fixed evidence-fusion configuration, not a trained neural checkpoint claim."
32,46,46,fragannotator,FragAnnotator,Frozen fixed evidence-fusion FragAnnotator,completed,completed,formal_fixed_component_score_mode_full_supported_candidate_set,960,1.0,True,True,True,1.0,,,,,,,,"Primary method for Section 3.2; fixed evidence-fusion configuration, not a trained neural checkpoint claim."
33,48,48,fragannotator,FragAnnotator,Frozen fixed evidence-fusion FragAnnotator,completed,completed,formal_fixed_component_score_mode_full_supported_candidate_set,9066,1.0,True,True,True,1.0,,,,,,,,"Primary method for Section 3.2; fixed evidence-fusion configuration, not a trained neural checkpoint claim."
34,50,50,fragannotator,FragAnnotator,Frozen fixed evidence-fusion FragAnnotator,completed,completed,formal_fixed_component_score_mode_full_supported_candidate_set,1506,981.0,False,False,False,0.001019367991845,,,,,,,,"Primary method for Section 3.2; fixed evidence-fusion configuration, not a trained neural checkpoint claim."
35,51,51,fragannotator,FragAnnotator,Frozen fixed evidence-fusion FragAnnotator,completed,completed,formal_fixed_component_score_mode_full_supported_candidate_set,558,49.0,False,False,False,0.0204081632653061,,,,,,,,"Primary method for Section 3.2; fixed evidence-fusion configuration, not a trained neural checkpoint claim."
36,53,53,fragannotator,FragAnnotator,Frozen fixed evidence-fusion FragAnnotator,completed,completed,formal_fixed_component_score_mode_full_supported_candidate_set,1206,1.0,True,True,True,1.0,,,,,,,,"Primary method for Section 3.2; fixed evidence-fusion configuration, not a trained neural checkpoint claim."
37,54,54,fragannotator,FragAnnotator,Frozen fixed evidence-fusion FragAnnotator,completed,completed,formal_fixed_component_score_mode_full_supported_candidate_set,6814,1.0,True,True,True,1.0,,,,,,,,"Primary method for Section 3.2; fixed evidence-fusion configuration, not a trained neural checkpoint claim."
38,55,55,fragannotator,FragAnnotator,Frozen fixed evidence-fusion FragAnnotator,completed,completed,formal_fixed_component_score_mode_full_supported_candidate_set,9288,1.0,True,True,True,1.0,,,,,,,,"Primary method for Section 3.2; fixed evidence-fusion configuration, not a trained neural checkpoint claim."
39,56,56,fragannotator,FragAnnotator,Frozen fixed evidence-fusion FragAnnotator,completed,completed,formal_fixed_component_score_mode_full_supported_candidate_set,9532,1.0,True,True,True,1.0,,,,,,,,"Primary method for Section 3.2; fixed evidence-fusion configuration, not a trained neural checkpoint claim."
40,58,58,fragannotator,FragAnnotator,Frozen fixed evidence-fusion FragAnnotator,completed,completed,formal_fixed_component_score_mode_full_supported_candidate_set,2999,1.0,True,True,True,1.0,,,,,,,,"Primary method for Section 3.2; fixed evidence-fusion configuration, not a trained neural checkpoint claim."
41,59,59,fragannotator,FragAnnotator,Frozen fixed evidence-fusion FragAnnotator,completed,completed,formal_fixed_component_score_mode_full_supported_candidate_set,9219,1.0,True,True,True,1.0,,,,,,,,"Primary method for Section 3.2; fixed evidence-fusion configuration, not a trained neural checkpoint claim."
42,60,60,fragannotator,FragAnnotator,Frozen fixed evidence-fusion FragAnnotator,completed,completed,formal_fixed_component_score_mode_full_supported_candidate_set,7090,1.0,True,True,True,1.0,,,,,,,,"Primary method for Section 3.2; fixed evidence-fusion configuration, not a trained neural checkpoint claim."
43,61,61,fragannotator,FragAnnotator,Frozen fixed evidence-fusion FragAnnotator,completed,completed,formal_fixed_component_score_mode_full_supported_candidate_set,8027,1.0,True,True,True,1.0,,,,,,,,"Primary method for Section 3.2; fixed evidence-fusion configuration, not a trained neural checkpoint claim."
44,64,64,fragannotator,FragAnnotator,Frozen fixed evidence-fusion FragAnnotator,completed,completed,formal_fixed_component_score_mode_full_supported_candidate_set,817,1.0,True,True,True,1.0,,,,,,,,"Primary method for Section 3.2; fixed evidence-fusion configuration, not a trained neural checkpoint claim."
45,65,65,fragannotator,FragAnnotator,Frozen fixed evidence-fusion FragAnnotator,completed,completed,formal_fixed_component_score_mode_full_supported_candidate_set,9590,1.0,True,True,True,1.0,,,,,,,,"Primary method for Section 3.2; fixed evidence-fusion configuration, not a trained neural checkpoint claim."
46,68,68,fragannotator,FragAnnotator,Frozen fixed evidence-fusion FragAnnotator,completed,completed,formal_fixed_component_score_mode_full_supported_candidate_set,1511,1.0,True,True,True,1.0,,,,,,,,"Primary method for Section 3.2; fixed evidence-fusion configuration, not a trained neural checkpoint claim."
47,69,69,fragannotator,FragAnnotator,Frozen fixed evidence-fusion FragAnnotator,completed,completed,formal_fixed_component_score_mode_full_supported_candidate_set,9556,1.0,True,True,True,1.0,,,,,,,,"Primary method for Section 3.2; fixed evidence-fusion configuration, not a trained neural checkpoint claim."
48,70,70,fragannotator,FragAnnotator,Frozen fixed evidence-fusion FragAnnotator,completed,completed,formal_fixed_component_score_mode_full_supported_candidate_set,8926,1.0,True,True,True,1.0,,,,,,,,"Primary method for Section 3.2; fixed evidence-fusion configuration, not a trained neural checkpoint claim."
49,71,71,fragannotator,FragAnnotator,Frozen fixed evidence-fusion FragAnnotator,completed,completed,formal_fixed_component_score_mode_full_supported_candidate_set,9485,1.0,True,True,True,1.0,,,,,,,,"Primary method for Section 3.2; fixed evidence-fusion configuration, not a trained neural checkpoint claim."
50,74,74,fragannotator,FragAnnotator,Frozen fixed evidence-fusion FragAnnotator,completed,completed,formal_fixed_component_score_mode_full_supported_candidate_set,7251,1.0,True,True,True,1.0,,,,,,,,"Primary method for Section 3.2; fixed evidence-fusion configuration, not a trained neural checkpoint claim."
51,75,75,fragannotator,FragAnnotator,Frozen fixed evidence-fusion FragAnnotator,completed,completed,formal_fixed_component_score_mode_full_supported_candidate_set,4498,1.0,True,True,True,1.0,,,,,,,,"Primary method for Section 3.2; fixed evidence-fusion configuration, not a trained neural checkpoint claim."
52,76,76,fragannotator,FragAnnotator,Frozen fixed evidence-fusion FragAnnotator,completed,completed,formal_fixed_component_score_mode_full_supported_candidate_set,5745,5236.0,False,False,False,0.0001909854851031,,,,,,,,"Primary method for Section 3.2; fixed evidence-fusion configuration, not a trained neural checkpoint claim."
53,77,77,fragannotator,FragAnnotator,Frozen fixed evidence-fusion FragAnnotator,completed,completed,formal_fixed_component_score_mode_full_supported_candidate_set,8719,1.0,True,True,True,1.0,,,,,,,,"Primary method for Section 3.2; fixed evidence-fusion configuration, not a trained neural checkpoint claim."
54,78,78,fragannotator,FragAnnotator,Frozen fixed evidence-fusion FragAnnotator,completed,completed,formal_fixed_component_score_mode_full_supported_candidate_set,787,1.0,True,True,True,1.0,,,,,,,,"Primary method for Section 3.2; fixed evidence-fusion configuration, not a trained neural checkpoint claim."
55,79,79,fragannotator,FragAnnotator,Frozen fixed evidence-fusion FragAnnotator,completed,completed,formal_fixed_component_score_mode_full_supported_candidate_set,7821,1.0,True,True,True,1.0,,,,,,,,"Primary method for Section 3.2; fixed evidence-fusion configuration, not a trained neural checkpoint claim."
56,80,80,fragannotator,FragAnnotator,Frozen fixed evidence-fusion FragAnnotator,completed,completed,formal_fixed_component_score_mode_full_supported_candidate_set,7809,1.0,True,True,True,1.0,,,,,,,,"Primary method for Section 3.2; fixed evidence-fusion configuration, not a trained neural checkpoint claim."
57,82,82,fragannotator,FragAnnotator,Frozen fixed evidence-fusion FragAnnotator,completed,completed,formal_fixed_component_score_mode_full_supported_candidate_set,5788,1.0,True,True,True,1.0,,,,,,,,"Primary method for Section 3.2; fixed evidence-fusion configuration, not a trained neural checkpoint claim."
58,83,83,fragannotator,FragAnnotator,Frozen fixed evidence-fusion FragAnnotator,completed,completed,formal_fixed_component_score_mode_full_supported_candidate_set,9564,1.0,True,True,True,1.0,,,,,,,,"Primary method for Section 3.2; fixed evidence-fusion configuration, not a trained neural checkpoint claim."
59,84,84,fragannotator,FragAnnotator,Frozen fixed evidence-fusion FragAnnotator,completed,completed,formal_fixed_component_score_mode_full_supported_candidate_set,7090,1.0,True,True,True,1.0,,,,,,,,"Primary method for Section 3.2; fixed evidence-fusion configuration, not a trained neural checkpoint claim."
60,87,87,fragannotator,FragAnnotator,Frozen fixed evidence-fusion FragAnnotator,completed,completed,formal_fixed_component_score_mode_full_supported_candidate_set,2560,1.0,True,True,True,1.0,,,,,,,,"Primary method for Section 3.2; fixed evidence-fusion configuration, not a trained neural checkpoint claim."
61,88,88,fragannotator,FragAnnotator,Frozen fixed evidence-fusion FragAnnotator,completed,completed,formal_fixed_component_score_mode_full_supported_candidate_set,6054,708.0,False,False,False,0.001412429378531,,,,,,,,"Primary method for Section 3.2; fixed evidence-fusion configuration, not a trained neural checkpoint claim."
62,89,89,fragannotator,FragAnnotator,Frozen fixed evidence-fusion FragAnnotator,completed,completed,formal_fixed_component_score_mode_full_supported_candidate_set,9564,1.0,True,True,True,1.0,,,,,,,,"Primary method for Section 3.2; fixed evidence-fusion configuration, not a trained neural checkpoint claim."
63,90,90,fragannotator,FragAnnotator,Frozen fixed evidence-fusion FragAnnotator,completed,completed,formal_fixed_component_score_mode_full_supported_candidate_set,1959,1.0,True,True,True,1.0,,,,,,,,"Primary method for Section 3.2; fixed evidence-fusion configuration, not a trained neural checkpoint claim."
64,93,93,fragannotator,FragAnnotator,Frozen fixed evidence-fusion FragAnnotator,completed,completed,formal_fixed_component_score_mode_full_supported_candidate_set,9460,1.0,True,True,True,1.0,,,,,,,,"Primary method for Section 3.2; fixed evidence-fusion configuration, not a trained neural checkpoint claim."
65,94,94,fragannotator,FragAnnotator,Frozen fixed evidence-fusion FragAnnotator,completed,completed,formal_fixed_component_score_mode_full_supported_candidate_set,347,1.0,True,True,True,1.0,,,,,,,,"Primary method for Section 3.2; fixed evidence-fusion configuration, not a trained neural checkpoint claim."
66,95,95,fragannotator,FragAnnotator,Frozen fixed evidence-fusion FragAnnotator,completed,completed,formal_fixed_component_score_mode_full_supported_candidate_set,1877,1.0,True,True,True,1.0,,,,,,,,"Primary method for Section 3.2; fixed evidence-fusion configuration, not a trained neural checkpoint claim."
67,96,96,fragannotator,FragAnnotator,Frozen fixed evidence-fusion FragAnnotator,completed,completed,formal_fixed_component_score_mode_full_supported_candidate_set,6683,1.0,True,True,True,1.0,,,,,,,,"Primary method for Section 3.2; fixed evidence-fusion configuration, not a trained neural checkpoint claim."
68,98,98,fragannotator,FragAnnotator,Frozen fixed evidence-fusion FragAnnotator,completed,completed,formal_fixed_component_score_mode_full_supported_candidate_set,9270,5655.0,False,False,False,0.0001768346595932,,,,,,,,"Primary method for Section 3.2; fixed evidence-fusion configuration, not a trained neural checkpoint claim."
69,99,99,fragannotator,FragAnnotator,Frozen fixed evidence-fusion FragAnnotator,completed,completed,formal_fixed_component_score_mode_full_supported_candidate_set,6863,1.0,True,True,True,1.0,,,,,,,,"Primary method for Section 3.2; fixed evidence-fusion configuration, not a trained neural checkpoint claim."
70,100,100,fragannotator,FragAnnotator,Frozen fixed evidence-fusion FragAnnotator,completed,completed,formal_fixed_component_score_mode_full_supported_candidate_set,6530,1.0,True,True,True,1.0,,,,,,,,"Primary method for Section 3.2; fixed evidence-fusion configuration, not a trained neural checkpoint claim."
71,101,101,fragannotator,FragAnnotator,Frozen fixed evidence-fusion FragAnnotator,completed,completed,formal_fixed_component_score_mode_full_supported_candidate_set,7839,1.0,True,True,True,1.0,,,,,,,,"Primary method for Section 3.2; fixed evidence-fusion configuration, not a trained neural checkpoint claim."
72,102,102,fragannotator,FragAnnotator,Frozen fixed evidence-fusion FragAnnotator,completed,completed,formal_fixed_component_score_mode_full_supported_candidate_set,4859,1.0,True,True,True,1.0,,,,,,,,"Primary method for Section 3.2; fixed evidence-fusion configuration, not a trained neural checkpoint claim."
73,104,104,fragannotator,FragAnnotator,Frozen fixed evidence-fusion FragAnnotator,completed,completed,formal_fixed_component_score_mode_full_supported_candidate_set,8559,1.0,True,True,True,1.0,,,,,,,,"Primary method for Section 3.2; fixed evidence-fusion configuration, not a trained neural checkpoint claim."
74,105,105,fragannotator,FragAnnotator,Frozen fixed evidence-fusion FragAnnotator,completed,completed,formal_fixed_component_score_mode_full_supported_candidate_set,9237,1.0,True,True,True,1.0,,,,,,,,"Primary method for Section 3.2; fixed evidence-fusion configuration, not a trained neural checkpoint claim."
75,106,106,fragannotator,FragAnnotator,Frozen fixed evidence-fusion FragAnnotator,completed,completed,formal_fixed_component_score_mode_full_supported_candidate_set,9491,1.0,True,True,True,1.0,,,,,,,,"Primary method for Section 3.2; fixed evidence-fusion configuration, not a trained neural checkpoint claim."
76,107,107,fragannotator,FragAnnotator,Frozen fixed evidence-fusion FragAnnotator,completed,completed,formal_fixed_component_score_mode_full_supported_candidate_set,8301,1.0,True,True,True,1.0,,,,,,,,"Primary method for Section 3.2; fixed evidence-fusion configuration, not a trained neural checkpoint claim."
77,108,108,fragannotator,FragAnnotator,Frozen fixed evidence-fusion FragAnnotator,completed,completed,formal_fixed_component_score_mode_full_supported_candidate_set,9739,1.0,True,True,True,1.0,,,,,,,,"Primary method for Section 3.2; fixed evidence-fusion configuration, not a trained neural checkpoint claim."
78,109,109,fragannotator,FragAnnotator,Frozen fixed evidence-fusion FragAnnotator,completed,completed,formal_fixed_component_score_mode_full_supported_candidate_set,4864,1.0,True,True,True,1.0,,,,,,,,"Primary method for Section 3.2; fixed evidence-fusion configuration, not a trained neural checkpoint claim."
79,111,111,fragannotator,FragAnnotator,Frozen fixed evidence-fusion FragAnnotator,completed,completed,formal_fixed_component_score_mode_full_supported_candidate_set,2744,1.0,True,True,True,1.0,,,,,,,,"Primary method for Section 3.2; fixed evidence-fusion configuration, not a trained neural checkpoint claim."
80,112,112,fragannotator,FragAnnotator,Frozen fixed evidence-fusion FragAnnotator,completed,completed,formal_fixed_component_score_mode_full_supported_candidate_set,9092,1.0,True,True,True,1.0,,,,,,,,"Primary method for Section 3.2; fixed evidence-fusion configuration, not a trained neural checkpoint claim."
81,113,113,fragannotator,FragAnnotator,Frozen fixed evidence-fusion FragAnnotator,completed,completed,formal_fixed_component_score_mode_full_supported_candidate_set,7164,1.0,True,True,True,1.0,,,,,,,,"Primary method for Section 3.2; fixed evidence-fusion configuration, not a trained neural checkpoint claim."
82,114,114,fragannotator,FragAnnotator,Frozen fixed evidence-fusion FragAnnotator,completed,completed,formal_fixed_component_score_mode_full_supported_candidate_set,689,28.0,False,False,False,0.0357142857142857,,,,,,,,"Primary method for Section 3.2; fixed evidence-fusion configuration, not a trained neural checkpoint claim."
83,115,115,fragannotator,FragAnnotator,Frozen fixed evidence-fusion FragAnnotator,completed,completed,formal_fixed_component_score_mode_full_supported_candidate_set,1876,1.0,True,True,True,1.0,,,,,,,,"Primary method for Section 3.2; fixed evidence-fusion configuration, not a trained neural checkpoint claim."
84,116,116,fragannotator,FragAnnotator,Frozen fixed evidence-fusion FragAnnotator,completed,completed,formal_fixed_component_score_mode_full_supported_candidate_set,9725,1.0,True,True,True,1.0,,,,,,,,"Primary method for Section 3.2; fixed evidence-fusion configuration, not a trained neural checkpoint claim."
85,119,119,fragannotator,FragAnnotator,Frozen fixed evidence-fusion FragAnnotator,completed,completed,formal_fixed_component_score_mode_full_supported_candidate_set,9424,4693.0,False,False,False,0.0002130833155763,,,,,,,,"Primary method for Section 3.2; fixed evidence-fusion configuration, not a trained neural checkpoint claim."
86,120,120,fragannotator,FragAnnotator,Frozen fixed evidence-fusion FragAnnotator,completed,completed,formal_fixed_component_score_mode_full_supported_candidate_set,9633,1.0,True,True,True,1.0,,,,,,,,"Primary method for Section 3.2; fixed evidence-fusion configuration, not a trained neural checkpoint claim."
87,121,121,fragannotator,FragAnnotator,Frozen fixed evidence-fusion FragAnnotator,completed,completed,formal_fixed_component_score_mode_full_supported_candidate_set,9371,1.0,True,True,True,1.0,,,,,,,,"Primary method for Section 3.2; fixed evidence-fusion configuration, not a trained neural checkpoint claim."
88,122,122,fragannotator,FragAnnotator,Frozen fixed evidence-fusion FragAnnotator,completed,completed,formal_fixed_component_score_mode_full_supported_candidate_set,3108,1.0,True,True,True,1.0,,,,,,,,"Primary method for Section 3.2; fixed evidence-fusion configuration, not a trained neural checkpoint claim."
89,123,123,fragannotator,FragAnnotator,Frozen fixed evidence-fusion FragAnnotator,completed,completed,formal_fixed_component_score_mode_full_supported_candidate_set,2103,1.0,True,True,True,1.0,,,,,,,,"Primary method for Section 3.2; fixed evidence-fusion configuration, not a trained neural checkpoint claim."
90,126,126,fragannotator,FragAnnotator,Frozen fixed evidence-fusion FragAnnotator,completed,completed,formal_fixed_component_score_mode_full_supported_candidate_set,9036,1.0,True,True,True,1.0,,,,,,,,"Primary method for Section 3.2; fixed evidence-fusion configuration, not a trained neural checkpoint claim."
91,127,127,fragannotator,FragAnnotator,Frozen fixed evidence-fusion FragAnnotator,completed,completed,formal_fixed_component_score_mode_full_supported_candidate_set,1657,1.0,True,True,True,1.0,,,,,,,,"Primary method for Section 3.2; fixed evidence-fusion configuration, not a trained neural checkpoint claim."
92,128,128,fragannotator,FragAnnotator,Frozen fixed evidence-fusion FragAnnotator,completed,completed,formal_fixed_component_score_mode_full_supported_candidate_set,9700,1.0,True,True,True,1.0,,,,,,,,"Primary method for Section 3.2; fixed evidence-fusion configuration, not a trained neural checkpoint claim."
93,129,129,fragannotator,FragAnnotator,Frozen fixed evidence-fusion FragAnnotator,completed,completed,formal_fixed_component_score_mode_full_supported_candidate_set,8301,1.0,True,True,True,1.0,,,,,,,,"Primary method for Section 3.2; fixed evidence-fusion configuration, not a trained neural checkpoint claim."
94,130,130,fragannotator,FragAnnotator,Frozen fixed evidence-fusion FragAnnotator,completed,completed,formal_fixed_component_score_mode_full_supported_candidate_set,9113,1.0,True,True,True,1.0,,,,,,,,"Primary method for Section 3.2; fixed evidence-fusion configuration, not a trained neural checkpoint claim."
95,131,131,fragannotator,FragAnnotator,Frozen fixed evidence-fusion FragAnnotator,completed,completed,formal_fixed_component_score_mode_full_supported_candidate_set,9650,1.0,True,True,True,1.0,,,,,,,,"Primary method for Section 3.2; fixed evidence-fusion configuration, not a trained neural checkpoint claim."
96,132,132,fragannotator,FragAnnotator,Frozen fixed evidence-fusion FragAnnotator,completed,completed,formal_fixed_component_score_mode_full_supported_candidate_set,9018,1.0,True,True,True,1.0,,,,,,,,"Primary method for Section 3.2; fixed evidence-fusion configuration, not a trained neural checkpoint claim."
97,135,135,fragannotator,FragAnnotator,Frozen fixed evidence-fusion FragAnnotator,completed,completed,formal_fixed_component_score_mode_full_supported_candidate_set,6577,486.0,False,False,False,0.0020576131687242,,,,,,,,"Primary method for Section 3.2; fixed evidence-fusion configuration, not a trained neural checkpoint claim."
98,136,136,fragannotator,FragAnnotator,Frozen fixed evidence-fusion FragAnnotator,completed,completed,formal_fixed_component_score_mode_full_supported_candidate_set,9626,1.0,True,True,True,1.0,,,,,,,,"Primary method for Section 3.2; fixed evidence-fusion configuration, not a trained neural checkpoint claim."
99,137,137,fragannotator,FragAnnotator,Frozen fixed evidence-fusion FragAnnotator,completed,completed,formal_fixed_component_score_mode_full_supported_candidate_set,8774,1.0,True,True,True,1.0,,,,,,,,"Primary method for Section 3.2; fixed evidence-fusion configuration, not a trained neural checkpoint claim."
100,138,138,fragannotator,FragAnnotator,Frozen fixed evidence-fusion FragAnnotator,completed,completed,formal_fixed_component_score_mode_full_supported_candidate_set,8939,1.0,True,True,True,1.0,,,,,,,,"Primary method for Section 3.2; fixed evidence-fusion configuration, not a trained neural checkpoint claim."
101,139,139,fragannotator,FragAnnotator,Frozen fixed evidence-fusion FragAnnotator,completed,completed,formal_fixed_component_score_mode_full_supported_candidate_set,631,13.0,False,False,False,0.0769230769230769,,,,,,,,"Primary method for Section 3.2; fixed evidence-fusion configuration, not a trained neural checkpoint claim."
102,140,140,fragannotator,FragAnnotator,Frozen fixed evidence-fusion FragAnnotator,completed,completed,formal_fixed_component_score_mode_full_supported_candidate_set,9134,1.0,True,True,True,1.0,,,,,,,,"Primary method for Section 3.2; fixed evidence-fusion configuration, not a trained neural checkpoint claim."
103,142,142,fragannotator,FragAnnotator,Frozen fixed evidence-fusion FragAnnotator,completed,completed,formal_fixed_component_score_mode_full_supported_candidate_set,9236,1.0,True,True,True,1.0,,,,,,,,"Primary method for Section 3.2; fixed evidence-fusion configuration, not a trained neural checkpoint claim."
104,143,143,fragannotator,FragAnnotator,Frozen fixed evidence-fusion FragAnnotator,completed,completed,formal_fixed_component_score_mode_full_supported_candidate_set,8691,265.0,False,False,False,0.0037735849056603,,,,,,,,"Primary method for Section 3.2; fixed evidence-fusion configuration, not a trained neural checkpoint claim."
105,144,144,fragannotator,FragAnnotator,Frozen fixed evidence-fusion FragAnnotator,completed,completed,formal_fixed_component_score_mode_full_supported_candidate_set,9540,1.0,True,True,True,1.0,,,,,,,,"Primary method for Section 3.2; fixed evidence-fusion configuration, not a trained neural checkpoint claim."
106,145,145,fragannotator,FragAnnotator,Frozen fixed evidence-fusion FragAnnotator,completed,completed,formal_fixed_component_score_mode_full_supported_candidate_set,316,7.0,False,False,True,0.1428571428571428,,,,,,,,"Primary method for Section 3.2; fixed evidence-fusion configuration, not a trained neural checkpoint claim."
107,146,146,fragannotator,FragAnnotator,Frozen fixed evidence-fusion FragAnnotator,completed,completed,formal_fixed_component_score_mode_full_supported_candidate_set,1277,200.0,False,False,False,0.005,,,,,,,,"Primary method for Section 3.2; fixed evidence-fusion configuration, not a trained neural checkpoint claim."
108,147,147,fragannotator,FragAnnotator,Frozen fixed evidence-fusion FragAnnotator,completed,completed,formal_fixed_component_score_mode_full_supported_candidate_set,4034,1.0,True,True,True,1.0,,,,,,,,"Primary method for Section 3.2; fixed evidence-fusion configuration, not a trained neural checkpoint claim."
109,149,149,fragannotator,FragAnnotator,Frozen fixed evidence-fusion FragAnnotator,completed,completed,formal_fixed_component_score_mode_full_supported_candidate_set,9235,1.0,True,True,True,1.0,,,,,,,,"Primary method for Section 3.2; fixed evidence-fusion configuration, not a trained neural checkpoint claim."
110,150,150,fragannotator,FragAnnotator,Frozen fixed evidence-fusion FragAnnotator,completed,completed,formal_fixed_component_score_mode_full_supported_candidate_set,7703,1.0,True,True,True,1.0,,,,,,,,"Primary method for Section 3.2; fixed evidence-fusion configuration, not a trained neural checkpoint claim."
111,151,151,fragannotator,FragAnnotator,Frozen fixed evidence-fusion FragAnnotator,completed,completed,formal_fixed_component_score_mode_full_supported_candidate_set,1793,1.0,True,True,True,1.0,,,,,,,,"Primary method for Section 3.2; fixed evidence-fusion configuration, not a trained neural checkpoint claim."
112,155,155,fragannotator,FragAnnotator,Frozen fixed evidence-fusion FragAnnotator,completed,completed,formal_fixed_component_score_mode_full_supported_candidate_set,9273,2545.0,False,False,False,0.0003929273084479,,,,,,,,"Primary method for Section 3.2; fixed evidence-fusion configuration, not a trained neural checkpoint claim."
113,156,156,fragannotator,FragAnnotator,Frozen fixed evidence-fusion FragAnnotator,completed,completed,formal_fixed_component_score_mode_full_supported_candidate_set,8995,1.0,True,True,True,1.0,,,,,,,,"Primary method for Section 3.2; fixed evidence-fusion configuration, not a trained neural checkpoint claim."
114,157,157,fragannotator,FragAnnotator,Frozen fixed evidence-fusion FragAnnotator,completed,completed,formal_fixed_component_score_mode_full_supported_candidate_set,6956,1.0,True,True,True,1.0,,,,,,,,"Primary method for Section 3.2; fixed evidence-fusion configuration, not a trained neural checkpoint claim."
115,158,158,fragannotator,FragAnnotator,Frozen fixed evidence-fusion FragAnnotator,completed,completed,formal_fixed_component_score_mode_full_supported_candidate_set,3729,5.0,False,True,True,0.2,,,,,,,,"Primary method for Section 3.2; fixed evidence-fusion configuration, not a trained neural checkpoint claim."
116,159,159,fragannotator,FragAnnotator,Frozen fixed evidence-fusion FragAnnotator,completed,completed,formal_fixed_component_score_mode_full_supported_candidate_set,9633,1.0,True,True,True,1.0,,,,,,,,"Primary method for Section 3.2; fixed evidence-fusion configuration, not a trained neural checkpoint claim."
117,163,163,fragannotator,FragAnnotator,Frozen fixed evidence-fusion FragAnnotator,completed,completed,formal_fixed_component_score_mode_full_supported_candidate_set,361,30.0,False,False,False,0.0333333333333333,,,,,,,,"Primary method for Section 3.2; fixed evidence-fusion configuration, not a trained neural checkpoint claim."
118,164,164,fragannotator,FragAnnotator,Frozen fixed evidence-fusion FragAnnotator,completed,completed,formal_fixed_component_score_mode_full_supported_candidate_set,9014,1.0,True,True,True,1.0,,,,,,,,"Primary method for Section 3.2; fixed evidence-fusion configuration, not a trained neural checkpoint claim."
119,165,165,fragannotator,FragAnnotator,Frozen fixed evidence-fusion FragAnnotator,completed,completed,formal_fixed_component_score_mode_full_supported_candidate_set,631,51.0,False,False,False,0.0196078431372549,,,,,,,,"Primary method for Section 3.2; fixed evidence-fusion configuration, not a trained neural checkpoint claim."
120,166,166,fragannotator,FragAnnotator,Frozen fixed evidence-fusion FragAnnotator,completed,completed,formal_fixed_component_score_mode_full_supported_candidate_set,6879,1.0,True,True,True,1.0,,,,,,,,"Primary method for Section 3.2; fixed evidence-fusion configuration, not a trained neural checkpoint claim."
121,169,169,fragannotator,FragAnnotator,Frozen fixed evidence-fusion FragAnnotator,completed,completed,formal_fixed_component_score_mode_full_supported_candidate_set,4670,122.0,False,False,False,0.0081967213114754,,,,,,,,"Primary method for Section 3.2; fixed evidence-fusion configuration, not a trained neural checkpoint claim."
122,170,170,fragannotator,FragAnnotator,Frozen fixed evidence-fusion FragAnnotator,completed,completed,formal_fixed_component_score_mode_full_supported_candidate_set,8301,1.0,True,True,True,1.0,,,,,,,,"Primary method for Section 3.2; fixed evidence-fusion configuration, not a trained neural checkpoint claim."
123,171,171,fragannotator,FragAnnotator,Frozen fixed evidence-fusion FragAnnotator,completed,completed,formal_fixed_component_score_mode_full_supported_candidate_set,1728,295.0,False,False,False,0.0033898305084745,,,,,,,,"Primary method for Section 3.2; fixed evidence-fusion configuration, not a trained neural checkpoint claim."
124,172,172,fragannotator,FragAnnotator,Frozen fixed evidence-fusion FragAnnotator,completed,completed,formal_fixed_component_score_mode_full_supported_candidate_set,1959,1.0,True,True,True,1.0,,,,,,,,"Primary method for Section 3.2; fixed evidence-fusion configuration, not a trained neural checkpoint claim."
125,173,173,fragannotator,FragAnnotator,Frozen fixed evidence-fusion FragAnnotator,completed,completed,formal_fixed_component_score_mode_full_supported_candidate_set,8918,1.0,True,True,True,1.0,,,,,,,,"Primary method for Section 3.2; fixed evidence-fusion configuration, not a trained neural checkpoint claim."
126,176,176,fragannotator,FragAnnotator,Frozen fixed evidence-fusion FragAnnotator,completed,completed,formal_fixed_component_score_mode_full_supported_candidate_set,2390,1.0,True,True,True,1.0,,,,,,,,"Primary method for Section 3.2; fixed evidence-fusion configuration, not a trained neural checkpoint claim."
127,177,177,fragannotator,FragAnnotator,Frozen fixed evidence-fusion FragAnnotator,completed,completed,formal_fixed_component_score_mode_full_supported_candidate_set,336,20.0,False,False,False,0.05,,,,,,,,"Primary method for Section 3.2; fixed evidence-fusion configuration, not a trained neural checkpoint claim."
128,178,178,fragannotator,FragAnnotator,Frozen fixed evidence-fusion FragAnnotator,completed,completed,formal_fixed_component_score_mode_full_supported_candidate_set,2608,853.0,False,False,False,0.0011723329425556,,,,,,,,"Primary method for Section 3.2; fixed evidence-fusion configuration, not a trained neural checkpoint claim."
129,179,179,fragannotator,FragAnnotator,Frozen fixed evidence-fusion FragAnnotator,completed,completed,formal_fixed_component_score_mode_full_supported_candidate_set,8960,1.0,True,True,True,1.0,,,,,,,,"Primary method for Section 3.2; fixed evidence-fusion configuration, not a trained neural checkpoint claim."
130,180,180,fragannotator,FragAnnotator,Frozen fixed evidence-fusion FragAnnotator,completed,completed,formal_fixed_component_score_mode_full_supported_candidate_set,6387,1.0,True,True,True,1.0,,,,,,,,"Primary method for Section 3.2; fixed evidence-fusion configuration, not a trained neural checkpoint claim."
131,181,181,fragannotator,FragAnnotator,Frozen fixed evidence-fusion FragAnnotator,completed,completed,formal_fixed_component_score_mode_full_supported_candidate_set,9633,1.0,True,True,True,1.0,,,,,,,,"Primary method for Section 3.2; fixed evidence-fusion configuration, not a trained neural checkpoint claim."
132,185,185,fragannotator,FragAnnotator,Frozen fixed evidence-fusion FragAnnotator,completed,completed,formal_fixed_component_score_mode_full_supported_candidate_set,6320,1.0,True,True,True,1.0,,,,,,,,"Primary method for Section 3.2; fixed evidence-fusion configuration, not a trained neural checkpoint claim."
133,186,186,fragannotator,FragAnnotator,Frozen fixed evidence-fusion FragAnnotator,completed,completed,formal_fixed_component_score_mode_full_supported_candidate_set,9661,1.0,True,True,True,1.0,,,,,,,,"Primary method for Section 3.2; fixed evidence-fusion configuration, not a trained neural checkpoint claim."
134,187,187,fragannotator,FragAnnotator,Frozen fixed evidence-fusion FragAnnotator,completed,completed,formal_fixed_component_score_mode_full_supported_candidate_set,8418,1.0,True,True,True,1.0,,,,,,,,"Primary method for Section 3.2; fixed evidence-fusion configuration, not a trained neural checkpoint claim."
135,188,188,fragannotator,FragAnnotator,Frozen fixed evidence-fusion FragAnnotator,completed,completed,formal_fixed_component_score_mode_full_supported_candidate_set,6643,185.0,False,False,False,0.0054054054054054,,,,,,,,"Primary method for Section 3.2; fixed evidence-fusion configuration, not a trained neural checkpoint claim."
136,189,189,fragannotator,FragAnnotator,Frozen fixed evidence-fusion FragAnnotator,completed,completed,formal_fixed_component_score_mode_full_supported_candidate_set,3839,826.0,False,False,False,0.0012106537530266,,,,,,,,"Primary method for Section 3.2; fixed evidence-fusion configuration, not a trained neural checkpoint claim."
137,190,190,fragannotator,FragAnnotator,Frozen fixed evidence-fusion FragAnnotator,completed,completed,formal_fixed_component_score_mode_full_supported_candidate_set,9134,1.0,True,True,True,1.0,,,,,,,,"Primary method for Section 3.2; fixed evidence-fusion configuration, not a trained neural checkpoint claim."
138,191,191,fragannotator,FragAnnotator,Frozen fixed evidence-fusion FragAnnotator,completed,completed,formal_fixed_component_score_mode_full_supported_candidate_set,1876,1.0,True,True,True,1.0,,,,,,,,"Primary method for Section 3.2; fixed evidence-fusion configuration, not a trained neural checkpoint claim."
139,192,192,fragannotator,FragAnnotator,Frozen fixed evidence-fusion FragAnnotator,completed,completed,formal_fixed_component_score_mode_full_supported_candidate_set,735,153.0,False,False,False,0.0065359477124183,,,,,,,,"Primary method for Section 3.2; fixed evidence-fusion configuration, not a trained neural checkpoint claim."
140,193,193,fragannotator,FragAnnotator,Frozen fixed evidence-fusion FragAnnotator,completed,completed,formal_fixed_component_score_mode_full_supported_candidate_set,7937,889.0,False,False,False,0.0011248593925759,,,,,,,,"Primary method for Section 3.2; fixed evidence-fusion configuration, not a trained neural checkpoint claim."
141,194,194,fragannotator,FragAnnotator,Frozen fixed evidence-fusion FragAnnotator,completed,completed,formal_fixed_component_score_mode_full_supported_candidate_set,9378,2318.0,False,False,False,0.0004314063848144,,,,,,,,"Primary method for Section 3.2; fixed evidence-fusion configuration, not a trained neural checkpoint claim."
142,195,195,fragannotator,FragAnnotator,Frozen fixed evidence-fusion FragAnnotator,completed,completed,formal_fixed_component_score_mode_full_supported_candidate_set,1274,252.0,False,False,False,0.0039682539682539,,,,,,,,"Primary method for Section 3.2; fixed evidence-fusion configuration, not a trained neural checkpoint claim."
143,196,196,fragannotator,FragAnnotator,Frozen fixed evidence-fusion FragAnnotator,completed,completed,formal_fixed_component_score_mode_full_supported_candidate_set,4522,875.0,False,False,False,0.0011428571428571,,,,,,,,"Primary method for Section 3.2; fixed evidence-fusion configuration, not a trained neural checkpoint claim."
144,199,199,fragannotator,FragAnnotator,Frozen fixed evidence-fusion FragAnnotator,completed,completed,formal_fixed_component_score_mode_full_supported_candidate_set,4447,948.0,False,False,False,0.0010548523206751,,,,,,,,"Primary method for Section 3.2; fixed evidence-fusion configuration, not a trained neural checkpoint claim."
145,200,200,fragannotator,FragAnnotator,Frozen fixed evidence-fusion FragAnnotator,completed,completed,formal_fixed_component_score_mode_full_supported_candidate_set,510,392.0,False,False,False,0.0025510204081632,,,,,,,,"Primary method for Section 3.2; fixed evidence-fusion configuration, not a trained neural checkpoint claim."
146,201,201,fragannotator,FragAnnotator,Frozen fixed evidence-fusion FragAnnotator,completed,completed,formal_fixed_component_score_mode_full_supported_candidate_set,7033,3517.0,False,False,False,0.0002843332385555,,,,,,,,"Primary method for Section 3.2; fixed evidence-fusion configuration, not a trained neural checkpoint claim."
147,205,205,fragannotator,FragAnnotator,Frozen fixed evidence-fusion FragAnnotator,completed,completed,formal_fixed_component_score_mode_full_supported_candidate_set,9363,4318.0,False,False,False,0.0002315886984715,,,,,,,,"Primary method for Section 3.2; fixed evidence-fusion configuration, not a trained neural checkpoint claim."
148,206,206,fragannotator,FragAnnotator,Frozen fixed evidence-fusion FragAnnotator,completed,completed,formal_fixed_component_score_mode_full_supported_candidate_set,9113,984.0,False,False,False,0.0010162601626016,,,,,,,,"Primary method for Section 3.2; fixed evidence-fusion configuration, not a trained neural checkpoint claim."
149,207,207,fragannotator,FragAnnotator,Frozen fixed evidence-fusion FragAnnotator,completed,completed,formal_fixed_component_score_mode_full_supported_candidate_set,5971,2474.0,False,False,False,0.0004042037186742,,,,,,,,"Primary method for Section 3.2; fixed evidence-fusion configuration, not a trained neural checkpoint claim."
150,208,208,fragannotator,FragAnnotator,Frozen fixed evidence-fusion FragAnnotator,completed,completed,formal_fixed_component_score_mode_full_supported_candidate_set,9633,1.0,True,True,True,1.0,,,,,,,,"Primary method for Section 3.2; fixed evidence-fusion configuration, not a trained neural checkpoint claim."
151,209,209,fragannotator,FragAnnotator,Frozen fixed evidence-fusion FragAnnotator,completed,completed,formal_fixed_component_score_mode_full_supported_candidate_set,9092,1.0,True,True,True,1.0,,,,,,,,"Primary method for Section 3.2; fixed evidence-fusion configuration, not a trained neural checkpoint claim."
152,210,210,fragannotator,FragAnnotator,Frozen fixed evidence-fusion FragAnnotator,completed,completed,formal_fixed_component_score_mode_full_supported_candidate_set,6490,6395.0,False,False,False,0.0001563721657544,,,,,,,,"Primary method for Section 3.2; fixed evidence-fusion configuration, not a trained neural checkpoint claim."
153,211,211,fragannotator,FragAnnotator,Frozen fixed evidence-fusion FragAnnotator,completed,completed,formal_fixed_component_score_mode_full_supported_candidate_set,9668,9396.0,False,False,False,0.0001064282673478,,,,,,,,"Primary method for Section 3.2; fixed evidence-fusion configuration, not a trained neural checkpoint claim."
154,212,212,fragannotator,FragAnnotator,Frozen fixed evidence-fusion FragAnnotator,completed,completed,formal_fixed_component_score_mode_full_supported_candidate_set,9580,9547.0,False,False,False,0.0001047449460563,,,,,,,,"Primary method for Section 3.2; fixed evidence-fusion configuration, not a trained neural checkpoint claim."
155,213,213,fragannotator,FragAnnotator,Frozen fixed evidence-fusion FragAnnotator,completed,completed,formal_fixed_component_score_mode_full_supported_candidate_set,9069,1131.0,False,False,False,0.0008841732979664,,,,,,,,"Primary method for Section 3.2; fixed evidence-fusion configuration, not a trained neural checkpoint claim."
156,214,214,fragannotator,FragAnnotator,Frozen fixed evidence-fusion FragAnnotator,completed,completed,formal_fixed_component_score_mode_full_supported_candidate_set,1846,599.0,False,False,False,0.001669449081803,,,,,,,,"Primary method for Section 3.2; fixed evidence-fusion configuration, not a trained neural checkpoint claim."
157,215,215,fragannotator,FragAnnotator,Frozen fixed evidence-fusion FragAnnotator,completed,completed,formal_fixed_component_score_mode_full_supported_candidate_set,9453,2008.0,False,False,False,0.0004980079681274,,,,,,,,"Primary method for Section 3.2; fixed evidence-fusion configuration, not a trained neural checkpoint claim."
158,216,216,fragannotator,FragAnnotator,Frozen fixed evidence-fusion FragAnnotator,completed,completed,formal_fixed_component_score_mode_full_supported_candidate_set,5420,1820.0,False,False,False,0.0005494505494505,,,,,,,,"Primary method for Section 3.2; fixed evidence-fusion configuration, not a trained neural checkpoint claim."
159,218,218,fragannotator,FragAnnotator,Frozen fixed evidence-fusion FragAnnotator,completed,completed,formal_fixed_component_score_mode_full_supported_candidate_set,7363,3342.0,False,False,False,0.0002992220227408,,,,,,,,"Primary method for Section 3.2; fixed evidence-fusion configuration, not a trained neural checkpoint claim."
160,219,219,fragannotator,FragAnnotator,Frozen fixed evidence-fusion FragAnnotator,completed,completed,formal_fixed_component_score_mode_full_supported_candidate_set,3155,1884.0,False,False,False,0.0005307855626326,,,,,,,,"Primary method for Section 3.2; fixed evidence-fusion configuration, not a trained neural checkpoint claim."
161,220,220,fragannotator,FragAnnotator,Frozen fixed evidence-fusion FragAnnotator,completed,completed,formal_fixed_component_score_mode_full_supported_candidate_set,9633,1.0,True,True,True,1.0,,,,,,,,"Primary method for Section 3.2; fixed evidence-fusion configuration, not a trained neural checkpoint claim."
162,221,221,fragannotator,FragAnnotator,Frozen fixed evidence-fusion FragAnnotator,completed,completed,formal_fixed_component_score_mode_full_supported_candidate_set,9150,1270.0,False,False,False,0.0007874015748031,,,,,,,,"Primary method for Section 3.2; fixed evidence-fusion configuration, not a trained neural checkpoint claim."
163,222,222,fragannotator,FragAnnotator,Frozen fixed evidence-fusion FragAnnotator,completed,completed,formal_fixed_component_score_mode_full_supported_candidate_set,9240,616.0,False,False,False,0.0016233766233766,,,,,,,,"Primary method for Section 3.2; fixed evidence-fusion configuration, not a trained neural checkpoint claim."
164,223,223,fragannotator,FragAnnotator,Frozen fixed evidence-fusion FragAnnotator,completed,completed,formal_fixed_component_score_mode_full_supported_candidate_set,9012,1773.0,False,False,False,0.0005640157924421,,,,,,,,"Primary method for Section 3.2; fixed evidence-fusion configuration, not a trained neural checkpoint claim."
165,224,224,fragannotator,FragAnnotator,Frozen fixed evidence-fusion FragAnnotator,completed,completed,formal_fixed_component_score_mode_full_supported_candidate_set,2730,249.0,False,False,False,0.0040160642570281,,,,,,,,"Primary method for Section 3.2; fixed evidence-fusion configuration, not a trained neural checkpoint claim."
166,225,225,fragannotator,FragAnnotator,Frozen fixed evidence-fusion FragAnnotator,completed,completed,formal_fixed_component_score_mode_full_supported_candidate_set,6158,552.0,False,False,False,0.0018115942028985,,,,,,,,"Primary method for Section 3.2; fixed evidence-fusion configuration, not a trained neural checkpoint claim."
167,226,226,fragannotator,FragAnnotator,Frozen fixed evidence-fusion FragAnnotator,completed,completed,formal_fixed_component_score_mode_full_supported_candidate_set,9691,6251.0,False,False,False,0.0001599744040953,,,,,,,,"Primary method for Section 3.2; fixed evidence-fusion configuration, not a trained neural checkpoint claim."
168,227,227,fragannotator,FragAnnotator,Frozen fixed evidence-fusion FragAnnotator,completed,completed,formal_fixed_component_score_mode_full_supported_candidate_set,1329,734.0,False,False,False,0.0013623978201634,,,,,,,,"Primary method for Section 3.2; fixed evidence-fusion configuration, not a trained neural checkpoint claim."
169,228,228,fragannotator,FragAnnotator,Frozen fixed evidence-fusion FragAnnotator,completed,completed,formal_fixed_component_score_mode_full_supported_candidate_set,6956,1.0,True,True,True,1.0,,,,,,,,"Primary method for Section 3.2; fixed evidence-fusion configuration, not a trained neural checkpoint claim."
0,0,0,sirius_formula_only,SIRIUS formula-only,SIRIUS formula-only candidate ranking,completed,completed,native_sirius_formula_only_full_supported_candidate_set,1241,222.0,False,False,False,0.0045045045045045,,,,,,,,Formula-only baseline on the same matched 170-query candidate sets.
1,3,3,sirius_formula_only,SIRIUS formula-only,SIRIUS formula-only candidate ranking,completed,completed,native_sirius_formula_only_full_supported_candidate_set,8524,824.0,False,False,False,0.0012135922330097,,,,,,,,Formula-only baseline on the same matched 170-query candidate sets.
2,4,4,sirius_formula_only,SIRIUS formula-only,SIRIUS formula-only candidate ranking,completed,completed,native_sirius_formula_only_full_supported_candidate_set,7594,74.0,False,False,False,0.0135135135135135,,,,,,,,Formula-only baseline on the same matched 170-query candidate sets.
3,5,5,sirius_formula_only,SIRIUS formula-only,SIRIUS formula-only candidate ranking,completed,completed,native_sirius_formula_only_full_supported_candidate_set,1074,1.0,True,True,True,1.0,,,,,,,,Formula-only baseline on the same matched 170-query candidate sets.
4,6,6,sirius_formula_only,SIRIUS formula-only,SIRIUS formula-only candidate ranking,completed,completed,native_sirius_formula_only_full_supported_candidate_set,1524,1.0,True,True,True,1.0,,,,,,,,Formula-only baseline on the same matched 170-query candidate sets.
5,7,7,sirius_formula_only,SIRIUS formula-only,SIRIUS formula-only candidate ranking,completed,completed,native_sirius_formula_only_full_supported_candidate_set,7016,1.0,True,True,True,1.0,,,,,,,,Formula-only baseline on the same matched 170-query candidate sets.
6,9,9,sirius_formula_only,SIRIUS formula-only,SIRIUS formula-only candidate ranking,completed,completed,native_sirius_formula_only_full_supported_candidate_set,8632,1.0,True,True,True,1.0,,,,,,,,Formula-only baseline on the same matched 170-query candidate sets.
7,10,10,sirius_formula_only,SIRIUS formula-only,SIRIUS formula-only candidate ranking,completed,completed,native_sirius_formula_only_full_supported_candidate_set,2797,8.0,False,False,True,0.125,,,,,,,,Formula-only baseline on the same matched 170-query candidate sets.
8,11,11,sirius_formula_only,SIRIUS formula-only,SIRIUS formula-only candidate ranking,completed,completed,native_sirius_formula_only_full_supported_candidate_set,6368,1651.0,False,False,False,0.0006056935190793,,,,,,,,Formula-only baseline on the same matched 170-query candidate sets.
9,12,12,sirius_formula_only,SIRIUS formula-only,SIRIUS formula-only candidate ranking,completed,completed,native_sirius_formula_only_full_supported_candidate_set,9462,1.0,True,True,True,1.0,,,,,,,,Formula-only baseline on the same matched 170-query candidate sets.
10,15,15,sirius_formula_only,SIRIUS formula-only,SIRIUS formula-only candidate ranking,completed,completed,native_sirius_formula_only_full_supported_candidate_set,4775,885.0,False,False,False,0.0011299435028248,,,,,,,,Formula-only baseline on the same matched 170-query candidate sets.
11,16,16,sirius_formula_only,SIRIUS formula-only,SIRIUS formula-only candidate ranking,completed,completed,native_sirius_formula_only_full_supported_candidate_set,103,1.0,True,True,True,1.0,,,,,,,,Formula-only baseline on the same matched 170-query candidate sets.
12,17,17,sirius_formula_only,SIRIUS formula-only,SIRIUS formula-only candidate ranking,completed,completed,native_sirius_formula_only_full_supported_candidate_set,9564,1.0,True,True,True,1.0,,,,,,,,Formula-only baseline on the same matched 170-query candidate sets.
13,18,18,sirius_formula_only,SIRIUS formula-only,SIRIUS formula-only candidate ranking,completed,completed,native_sirius_formula_only_full_supported_candidate_set,6548,1.0,True,True,True,1.0,,,,,,,,Formula-only baseline on the same matched 170-query candidate sets.
14,21,21,sirius_formula_only,SIRIUS formula-only,SIRIUS formula-only candidate ranking,completed,completed,native_sirius_formula_only_full_supported_candidate_set,5615,153.0,False,False,False,0.0065359477124183,,,,,,,,Formula-only baseline on the same matched 170-query candidate sets.
15,22,22,sirius_formula_only,SIRIUS formula-only,SIRIUS formula-only candidate ranking,completed,completed,native_sirius_formula_only_full_supported_candidate_set,6294,5055.0,False,False,False,0.0001978239366963,,,,,,,,Formula-only baseline on the same matched 170-query candidate sets.
16,23,23,sirius_formula_only,SIRIUS formula-only,SIRIUS formula-only candidate ranking,completed,completed,native_sirius_formula_only_full_supported_candidate_set,5745,5236.0,False,False,False,0.0001909854851031,,,,,,,,Formula-only baseline on the same matched 170-query candidate sets.
17,24,24,sirius_formula_only,SIRIUS formula-only,SIRIUS formula-only candidate ranking,completed,completed,native_sirius_formula_only_full_supported_candidate_set,5015,318.0,False,False,False,0.0031446540880503,,,,,,,,Formula-only baseline on the same matched 170-query candidate sets.
18,25,25,sirius_formula_only,SIRIUS formula-only,SIRIUS formula-only candidate ranking,completed,completed,native_sirius_formula_only_full_supported_candidate_set,9778,1.0,True,True,True,1.0,,,,,,,,Formula-only baseline on the same matched 170-query candidate sets.
19,26,26,sirius_formula_only,SIRIUS formula-only,SIRIUS formula-only candidate ranking,completed,completed,native_sirius_formula_only_full_supported_candidate_set,8521,1.0,True,True,True,1.0,,,,,,,,Formula-only baseline on the same matched 170-query candidate sets.
20,27,27,sirius_formula_only,SIRIUS formula-only,SIRIUS formula-only candidate ranking,completed,completed,native_sirius_formula_only_full_supported_candidate_set,3327,1.0,True,True,True,1.0,,,,,,,,Formula-only baseline on the same matched 170-query candidate sets.
21,29,29,sirius_formula_only,SIRIUS formula-only,SIRIUS formula-only candidate ranking,completed,completed,native_sirius_formula_only_full_supported_candidate_set,8062,1.0,True,True,True,1.0,,,,,,,,Formula-only baseline on the same matched 170-query candidate sets.
22,31,31,sirius_formula_only,SIRIUS formula-only,SIRIUS formula-only candidate ranking,completed,completed,native_sirius_formula_only_full_supported_candidate_set,9668,1.0,True,True,True,1.0,,,,,,,,Formula-only baseline on the same matched 170-query candidate sets.
23,34,34,sirius_formula_only,SIRIUS formula-only,SIRIUS formula-only candidate ranking,completed,completed,native_sirius_formula_only_full_supported_candidate_set,457,1.0,True,True,True,1.0,,,,,,,,Formula-only baseline on the same matched 170-query candidate sets.
24,35,35,sirius_formula_only,SIRIUS formula-only,SIRIUS formula-only candidate ranking,completed,completed,native_sirius_formula_only_full_supported_candidate_set,233,1.0,True,True,True,1.0,,,,,,,,Formula-only baseline on the same matched 170-query candidate sets.
25,37,37,sirius_formula_only,SIRIUS formula-only,SIRIUS formula-only candidate ranking,completed,completed,native_sirius_formula_only_full_supported_candidate_set,8957,1.0,True,True,True,1.0,,,,,,,,Formula-only baseline on the same matched 170-query candidate sets.
26,38,38,sirius_formula_only,SIRIUS formula-only,SIRIUS formula-only candidate ranking,completed,completed,native_sirius_formula_only_full_supported_candidate_set,9532,1.0,True,True,True,1.0,,,,,,,,Formula-only baseline on the same matched 170-query candidate sets.
27,39,39,sirius_formula_only,SIRIUS formula-only,SIRIUS formula-only candidate ranking,completed,completed,native_sirius_formula_only_full_supported_candidate_set,859,1.0,True,True,True,1.0,,,,,,,,Formula-only baseline on the same matched 170-query candidate sets.
28,40,40,sirius_formula_only,SIRIUS formula-only,SIRIUS formula-only candidate ranking,completed,completed,native_sirius_formula_only_full_supported_candidate_set,7695,1878.0,False,False,False,0.0005324813631522,,,,,,,,Formula-only baseline on the same matched 170-query candidate sets.
29,41,41,sirius_formula_only,SIRIUS formula-only,SIRIUS formula-only candidate ranking,completed,completed,native_sirius_formula_only_full_supported_candidate_set,5158,996.0,False,False,False,0.001004016064257,,,,,,,,Formula-only baseline on the same matched 170-query candidate sets.
30,42,42,sirius_formula_only,SIRIUS formula-only,SIRIUS formula-only candidate ranking,completed,completed,native_sirius_formula_only_full_supported_candidate_set,9484,1.0,True,True,True,1.0,,,,,,,,Formula-only baseline on the same matched 170-query candidate sets.
31,43,43,sirius_formula_only,SIRIUS formula-only,SIRIUS formula-only candidate ranking,completed,completed,native_sirius_formula_only_full_supported_candidate_set,8937,1.0,True,True,True,1.0,,,,,,,,Formula-only baseline on the same matched 170-query candidate sets.
32,46,46,sirius_formula_only,SIRIUS formula-only,SIRIUS formula-only candidate ranking,completed,completed,native_sirius_formula_only_full_supported_candidate_set,960,1.0,True,True,True,1.0,,,,,,,,Formula-only baseline on the same matched 170-query candidate sets.
33,48,48,sirius_formula_only,SIRIUS formula-only,SIRIUS formula-only candidate ranking,completed,completed,native_sirius_formula_only_full_supported_candidate_set,9066,1.0,True,True,True,1.0,,,,,,,,Formula-only baseline on the same matched 170-query candidate sets.
34,50,50,sirius_formula_only,SIRIUS formula-only,SIRIUS formula-only candidate ranking,completed,completed,native_sirius_formula_only_full_supported_candidate_set,1506,981.0,False,False,False,0.001019367991845,,,,,,,,Formula-only baseline on the same matched 170-query candidate sets.
35,51,51,sirius_formula_only,SIRIUS formula-only,SIRIUS formula-only candidate ranking,completed,completed,native_sirius_formula_only_full_supported_candidate_set,558,1.0,True,True,True,1.0,,,,,,,,Formula-only baseline on the same matched 170-query candidate sets.
36,53,53,sirius_formula_only,SIRIUS formula-only,SIRIUS formula-only candidate ranking,completed,completed,native_sirius_formula_only_full_supported_candidate_set,1206,1.0,True,True,True,1.0,,,,,,,,Formula-only baseline on the same matched 170-query candidate sets.
37,54,54,sirius_formula_only,SIRIUS formula-only,SIRIUS formula-only candidate ranking,completed,completed,native_sirius_formula_only_full_supported_candidate_set,6814,1.0,True,True,True,1.0,,,,,,,,Formula-only baseline on the same matched 170-query candidate sets.
38,55,55,sirius_formula_only,SIRIUS formula-only,SIRIUS formula-only candidate ranking,completed,completed,native_sirius_formula_only_full_supported_candidate_set,9288,1.0,True,True,True,1.0,,,,,,,,Formula-only baseline on the same matched 170-query candidate sets.
39,56,56,sirius_formula_only,SIRIUS formula-only,SIRIUS formula-only candidate ranking,completed,completed,native_sirius_formula_only_full_supported_candidate_set,9532,1.0,True,True,True,1.0,,,,,,,,Formula-only baseline on the same matched 170-query candidate sets.
40,58,58,sirius_formula_only,SIRIUS formula-only,SIRIUS formula-only candidate ranking,completed,completed,native_sirius_formula_only_full_supported_candidate_set,2999,1.0,True,True,True,1.0,,,,,,,,Formula-only baseline on the same matched 170-query candidate sets.
41,59,59,sirius_formula_only,SIRIUS formula-only,SIRIUS formula-only candidate ranking,completed,completed,native_sirius_formula_only_full_supported_candidate_set,9219,1.0,True,True,True,1.0,,,,,,,,Formula-only baseline on the same matched 170-query candidate sets.
42,60,60,sirius_formula_only,SIRIUS formula-only,SIRIUS formula-only candidate ranking,completed,completed,native_sirius_formula_only_full_supported_candidate_set,7090,1.0,True,True,True,1.0,,,,,,,,Formula-only baseline on the same matched 170-query candidate sets.
43,61,61,sirius_formula_only,SIRIUS formula-only,SIRIUS formula-only candidate ranking,completed,completed,native_sirius_formula_only_full_supported_candidate_set,8027,1.0,True,True,True,1.0,,,,,,,,Formula-only baseline on the same matched 170-query candidate sets.
44,64,64,sirius_formula_only,SIRIUS formula-only,SIRIUS formula-only candidate ranking,completed,completed,native_sirius_formula_only_full_supported_candidate_set,817,1.0,True,True,True,1.0,,,,,,,,Formula-only baseline on the same matched 170-query candidate sets.
45,65,65,sirius_formula_only,SIRIUS formula-only,SIRIUS formula-only candidate ranking,completed,completed,native_sirius_formula_only_full_supported_candidate_set,9590,1.0,True,True,True,1.0,,,,,,,,Formula-only baseline on the same matched 170-query candidate sets.
46,68,68,sirius_formula_only,SIRIUS formula-only,SIRIUS formula-only candidate ranking,completed,completed,native_sirius_formula_only_full_supported_candidate_set,1511,1.0,True,True,True,1.0,,,,,,,,Formula-only baseline on the same matched 170-query candidate sets.
47,69,69,sirius_formula_only,SIRIUS formula-only,SIRIUS formula-only candidate ranking,completed,completed,native_sirius_formula_only_full_supported_candidate_set,9556,1.0,True,True,True,1.0,,,,,,,,Formula-only baseline on the same matched 170-query candidate sets.
48,70,70,sirius_formula_only,SIRIUS formula-only,SIRIUS formula-only candidate ranking,completed,completed,native_sirius_formula_only_full_supported_candidate_set,8926,1.0,True,True,True,1.0,,,,,,,,Formula-only baseline on the same matched 170-query candidate sets.
49,71,71,sirius_formula_only,SIRIUS formula-only,SIRIUS formula-only candidate ranking,completed,completed,native_sirius_formula_only_full_supported_candidate_set,9485,1.0,True,True,True,1.0,,,,,,,,Formula-only baseline on the same matched 170-query candidate sets.
50,74,74,sirius_formula_only,SIRIUS formula-only,SIRIUS formula-only candidate ranking,completed,completed,native_sirius_formula_only_full_supported_candidate_set,7251,1.0,True,True,True,1.0,,,,,,,,Formula-only baseline on the same matched 170-query candidate sets.
51,75,75,sirius_formula_only,SIRIUS formula-only,SIRIUS formula-only candidate ranking,completed,completed,native_sirius_formula_only_full_supported_candidate_set,4498,1.0,True,True,True,1.0,,,,,,,,Formula-only baseline on the same matched 170-query candidate sets.
52,76,76,sirius_formula_only,SIRIUS formula-only,SIRIUS formula-only candidate ranking,completed,completed,native_sirius_formula_only_full_supported_candidate_set,5745,5236.0,False,False,False,0.0001909854851031,,,,,,,,Formula-only baseline on the same matched 170-query candidate sets.
53,77,77,sirius_formula_only,SIRIUS formula-only,SIRIUS formula-only candidate ranking,completed,completed,native_sirius_formula_only_full_supported_candidate_set,8719,1.0,True,True,True,1.0,,,,,,,,Formula-only baseline on the same matched 170-query candidate sets.
54,78,78,sirius_formula_only,SIRIUS formula-only,SIRIUS formula-only candidate ranking,completed,completed,native_sirius_formula_only_full_supported_candidate_set,787,1.0,True,True,True,1.0,,,,,,,,Formula-only baseline on the same matched 170-query candidate sets.
55,79,79,sirius_formula_only,SIRIUS formula-only,SIRIUS formula-only candidate ranking,completed,completed,native_sirius_formula_only_full_supported_candidate_set,7821,1.0,True,True,True,1.0,,,,,,,,Formula-only baseline on the same matched 170-query candidate sets.
56,80,80,sirius_formula_only,SIRIUS formula-only,SIRIUS formula-only candidate ranking,completed,completed,native_sirius_formula_only_full_supported_candidate_set,7809,1.0,True,True,True,1.0,,,,,,,,Formula-only baseline on the same matched 170-query candidate sets.
57,82,82,sirius_formula_only,SIRIUS formula-only,SIRIUS formula-only candidate ranking,completed,completed,native_sirius_formula_only_full_supported_candidate_set,5788,1.0,True,True,True,1.0,,,,,,,,Formula-only baseline on the same matched 170-query candidate sets.
58,83,83,sirius_formula_only,SIRIUS formula-only,SIRIUS formula-only candidate ranking,completed,completed,native_sirius_formula_only_full_supported_candidate_set,9564,1.0,True,True,True,1.0,,,,,,,,Formula-only baseline on the same matched 170-query candidate sets.
59,84,84,sirius_formula_only,SIRIUS formula-only,SIRIUS formula-only candidate ranking,completed,completed,native_sirius_formula_only_full_supported_candidate_set,7090,1.0,True,True,True,1.0,,,,,,,,Formula-only baseline on the same matched 170-query candidate sets.
60,87,87,sirius_formula_only,SIRIUS formula-only,SIRIUS formula-only candidate ranking,completed,completed,native_sirius_formula_only_full_supported_candidate_set,2560,1.0,True,True,True,1.0,,,,,,,,Formula-only baseline on the same matched 170-query candidate sets.
61,88,88,sirius_formula_only,SIRIUS formula-only,SIRIUS formula-only candidate ranking,completed,completed,native_sirius_formula_only_full_supported_candidate_set,6054,28.0,False,False,False,0.0357142857142857,,,,,,,,Formula-only baseline on the same matched 170-query candidate sets.
62,89,89,sirius_formula_only,SIRIUS formula-only,SIRIUS formula-only candidate ranking,completed,completed,native_sirius_formula_only_full_supported_candidate_set,9564,1.0,True,True,True,1.0,,,,,,,,Formula-only baseline on the same matched 170-query candidate sets.
63,90,90,sirius_formula_only,SIRIUS formula-only,SIRIUS formula-only candidate ranking,completed,completed,native_sirius_formula_only_full_supported_candidate_set,1959,1.0,True,True,True,1.0,,,,,,,,Formula-only baseline on the same matched 170-query candidate sets.
64,93,93,sirius_formula_only,SIRIUS formula-only,SIRIUS formula-only candidate ranking,completed,completed,native_sirius_formula_only_full_supported_candidate_set,9460,1.0,True,True,True,1.0,,,,,,,,Formula-only baseline on the same matched 170-query candidate sets.
65,94,94,sirius_formula_only,SIRIUS formula-only,SIRIUS formula-only candidate ranking,completed,completed,native_sirius_formula_only_full_supported_candidate_set,347,13.0,False,False,False,0.0769230769230769,,,,,,,,Formula-only baseline on the same matched 170-query candidate sets.
66,95,95,sirius_formula_only,SIRIUS formula-only,SIRIUS formula-only candidate ranking,completed,completed,native_sirius_formula_only_full_supported_candidate_set,1877,1.0,True,True,True,1.0,,,,,,,,Formula-only baseline on the same matched 170-query candidate sets.
67,96,96,sirius_formula_only,SIRIUS formula-only,SIRIUS formula-only candidate ranking,completed,completed,native_sirius_formula_only_full_supported_candidate_set,6683,1.0,True,True,True,1.0,,,,,,,,Formula-only baseline on the same matched 170-query candidate sets.
68,98,98,sirius_formula_only,SIRIUS formula-only,SIRIUS formula-only candidate ranking,completed,completed,native_sirius_formula_only_full_supported_candidate_set,9270,5655.0,False,False,False,0.0001768346595932,,,,,,,,Formula-only baseline on the same matched 170-query candidate sets.
69,99,99,sirius_formula_only,SIRIUS formula-only,SIRIUS formula-only candidate ranking,completed,completed,native_sirius_formula_only_full_supported_candidate_set,6863,1.0,True,True,True,1.0,,,,,,,,Formula-only baseline on the same matched 170-query candidate sets.
70,100,100,sirius_formula_only,SIRIUS formula-only,SIRIUS formula-only candidate ranking,completed,completed,native_sirius_formula_only_full_supported_candidate_set,6530,1.0,True,True,True,1.0,,,,,,,,Formula-only baseline on the same matched 170-query candidate sets.
71,101,101,sirius_formula_only,SIRIUS formula-only,SIRIUS formula-only candidate ranking,completed,completed,native_sirius_formula_only_full_supported_candidate_set,7839,1.0,True,True,True,1.0,,,,,,,,Formula-only baseline on the same matched 170-query candidate sets.
72,102,102,sirius_formula_only,SIRIUS formula-only,SIRIUS formula-only candidate ranking,completed,completed,native_sirius_formula_only_full_supported_candidate_set,4859,1.0,True,True,True,1.0,,,,,,,,Formula-only baseline on the same matched 170-query candidate sets.
73,104,104,sirius_formula_only,SIRIUS formula-only,SIRIUS formula-only candidate ranking,completed,completed,native_sirius_formula_only_full_supported_candidate_set,8559,1.0,True,True,True,1.0,,,,,,,,Formula-only baseline on the same matched 170-query candidate sets.
74,105,105,sirius_formula_only,SIRIUS formula-only,SIRIUS formula-only candidate ranking,completed,completed,native_sirius_formula_only_full_supported_candidate_set,9237,1.0,True,True,True,1.0,,,,,,,,Formula-only baseline on the same matched 170-query candidate sets.
75,106,106,sirius_formula_only,SIRIUS formula-only,SIRIUS formula-only candidate ranking,completed,completed,native_sirius_formula_only_full_supported_candidate_set,9491,1.0,True,True,True,1.0,,,,,,,,Formula-only baseline on the same matched 170-query candidate sets.
76,107,107,sirius_formula_only,SIRIUS formula-only,SIRIUS formula-only candidate ranking,completed,completed,native_sirius_formula_only_full_supported_candidate_set,8301,1.0,True,True,True,1.0,,,,,,,,Formula-only baseline on the same matched 170-query candidate sets.
77,108,108,sirius_formula_only,SIRIUS formula-only,SIRIUS formula-only candidate ranking,completed,completed,native_sirius_formula_only_full_supported_candidate_set,9739,1.0,True,True,True,1.0,,,,,,,,Formula-only baseline on the same matched 170-query candidate sets.
78,109,109,sirius_formula_only,SIRIUS formula-only,SIRIUS formula-only candidate ranking,completed,completed,native_sirius_formula_only_full_supported_candidate_set,4864,1.0,True,True,True,1.0,,,,,,,,Formula-only baseline on the same matched 170-query candidate sets.
79,111,111,sirius_formula_only,SIRIUS formula-only,SIRIUS formula-only candidate ranking,completed,completed,native_sirius_formula_only_full_supported_candidate_set,2744,1.0,True,True,True,1.0,,,,,,,,Formula-only baseline on the same matched 170-query candidate sets.
80,112,112,sirius_formula_only,SIRIUS formula-only,SIRIUS formula-only candidate ranking,completed,completed,native_sirius_formula_only_full_supported_candidate_set,9092,1.0,True,True,True,1.0,,,,,,,,Formula-only baseline on the same matched 170-query candidate sets.
81,113,113,sirius_formula_only,SIRIUS formula-only,SIRIUS formula-only candidate ranking,completed,completed,native_sirius_formula_only_full_supported_candidate_set,7164,1.0,True,True,True,1.0,,,,,,,,Formula-only baseline on the same matched 170-query candidate sets.
82,114,114,sirius_formula_only,SIRIUS formula-only,SIRIUS formula-only candidate ranking,completed,completed,native_sirius_formula_only_full_supported_candidate_set,689,1.0,True,True,True,1.0,,,,,,,,Formula-only baseline on the same matched 170-query candidate sets.
83,115,115,sirius_formula_only,SIRIUS formula-only,SIRIUS formula-only candidate ranking,completed,completed,native_sirius_formula_only_full_supported_candidate_set,1876,1.0,True,True,True,1.0,,,,,,,,Formula-only baseline on the same matched 170-query candidate sets.
84,116,116,sirius_formula_only,SIRIUS formula-only,SIRIUS formula-only candidate ranking,completed,completed,native_sirius_formula_only_full_supported_candidate_set,9725,1.0,True,True,True,1.0,,,,,,,,Formula-only baseline on the same matched 170-query candidate sets.
85,119,119,sirius_formula_only,SIRIUS formula-only,SIRIUS formula-only candidate ranking,completed,completed,native_sirius_formula_only_full_supported_candidate_set,9424,4887.0,False,False,False,0.0002046245140167,,,,,,,,Formula-only baseline on the same matched 170-query candidate sets.
86,120,120,sirius_formula_only,SIRIUS formula-only,SIRIUS formula-only candidate ranking,completed,completed,native_sirius_formula_only_full_supported_candidate_set,9633,1.0,True,True,True,1.0,,,,,,,,Formula-only baseline on the same matched 170-query candidate sets.
87,121,121,sirius_formula_only,SIRIUS formula-only,SIRIUS formula-only candidate ranking,completed,completed,native_sirius_formula_only_full_supported_candidate_set,9371,1.0,True,True,True,1.0,,,,,,,,Formula-only baseline on the same matched 170-query candidate sets.
88,122,122,sirius_formula_only,SIRIUS formula-only,SIRIUS formula-only candidate ranking,completed,completed,native_sirius_formula_only_full_supported_candidate_set,3108,1.0,True,True,True,1.0,,,,,,,,Formula-only baseline on the same matched 170-query candidate sets.
89,123,123,sirius_formula_only,SIRIUS formula-only,SIRIUS formula-only candidate ranking,completed,completed,native_sirius_formula_only_full_supported_candidate_set,2103,1.0,True,True,True,1.0,,,,,,,,Formula-only baseline on the same matched 170-query candidate sets.
90,126,126,sirius_formula_only,SIRIUS formula-only,SIRIUS formula-only candidate ranking,completed,completed,native_sirius_formula_only_full_supported_candidate_set,9036,1.0,True,True,True,1.0,,,,,,,,Formula-only baseline on the same matched 170-query candidate sets.
91,127,127,sirius_formula_only,SIRIUS formula-only,SIRIUS formula-only candidate ranking,completed,completed,native_sirius_formula_only_full_supported_candidate_set,1657,1.0,True,True,True,1.0,,,,,,,,Formula-only baseline on the same matched 170-query candidate sets.
92,128,128,sirius_formula_only,SIRIUS formula-only,SIRIUS formula-only candidate ranking,completed,completed,native_sirius_formula_only_full_supported_candidate_set,9700,1.0,True,True,True,1.0,,,,,,,,Formula-only baseline on the same matched 170-query candidate sets.
93,129,129,sirius_formula_only,SIRIUS formula-only,SIRIUS formula-only candidate ranking,completed,completed,native_sirius_formula_only_full_supported_candidate_set,8301,1.0,True,True,True,1.0,,,,,,,,Formula-only baseline on the same matched 170-query candidate sets.
94,130,130,sirius_formula_only,SIRIUS formula-only,SIRIUS formula-only candidate ranking,completed,completed,native_sirius_formula_only_full_supported_candidate_set,9113,1.0,True,True,True,1.0,,,,,,,,Formula-only baseline on the same matched 170-query candidate sets.
95,131,131,sirius_formula_only,SIRIUS formula-only,SIRIUS formula-only candidate ranking,completed,completed,native_sirius_formula_only_full_supported_candidate_set,9650,1.0,True,True,True,1.0,,,,,,,,Formula-only baseline on the same matched 170-query candidate sets.
96,132,132,sirius_formula_only,SIRIUS formula-only,SIRIUS formula-only candidate ranking,completed,completed,native_sirius_formula_only_full_supported_candidate_set,9018,1.0,True,True,True,1.0,,,,,,,,Formula-only baseline on the same matched 170-query candidate sets.
97,135,135,sirius_formula_only,SIRIUS formula-only,SIRIUS formula-only candidate ranking,completed,completed,native_sirius_formula_only_full_supported_candidate_set,6577,489.0,False,False,False,0.0020449897750511,,,,,,,,Formula-only baseline on the same matched 170-query candidate sets.
98,136,136,sirius_formula_only,SIRIUS formula-only,SIRIUS formula-only candidate ranking,completed,completed,native_sirius_formula_only_full_supported_candidate_set,9626,1.0,True,True,True,1.0,,,,,,,,Formula-only baseline on the same matched 170-query candidate sets.
99,137,137,sirius_formula_only,SIRIUS formula-only,SIRIUS formula-only candidate ranking,completed,completed,native_sirius_formula_only_full_supported_candidate_set,8774,1.0,True,True,True,1.0,,,,,,,,Formula-only baseline on the same matched 170-query candidate sets.
100,138,138,sirius_formula_only,SIRIUS formula-only,SIRIUS formula-only candidate ranking,completed,completed,native_sirius_formula_only_full_supported_candidate_set,8939,1.0,True,True,True,1.0,,,,,,,,Formula-only baseline on the same matched 170-query candidate sets.
101,139,139,sirius_formula_only,SIRIUS formula-only,SIRIUS formula-only candidate ranking,completed,completed,native_sirius_formula_only_full_supported_candidate_set,631,1.0,True,True,True,1.0,,,,,,,,Formula-only baseline on the same matched 170-query candidate sets.
102,140,140,sirius_formula_only,SIRIUS formula-only,SIRIUS formula-only candidate ranking,completed,completed,native_sirius_formula_only_full_supported_candidate_set,9134,1.0,True,True,True,1.0,,,,,,,,Formula-only baseline on the same matched 170-query candidate sets.
103,142,142,sirius_formula_only,SIRIUS formula-only,SIRIUS formula-only candidate ranking,completed,completed,native_sirius_formula_only_full_supported_candidate_set,9236,1.0,True,True,True,1.0,,,,,,,,Formula-only baseline on the same matched 170-query candidate sets.
104,143,143,sirius_formula_only,SIRIUS formula-only,SIRIUS formula-only candidate ranking,completed,completed,native_sirius_formula_only_full_supported_candidate_set,8691,253.0,False,False,False,0.0039525691699604,,,,,,,,Formula-only baseline on the same matched 170-query candidate sets.
105,144,144,sirius_formula_only,SIRIUS formula-only,SIRIUS formula-only candidate ranking,completed,completed,native_sirius_formula_only_full_supported_candidate_set,9540,1.0,True,True,True,1.0,,,,,,,,Formula-only baseline on the same matched 170-query candidate sets.
106,145,145,sirius_formula_only,SIRIUS formula-only,SIRIUS formula-only candidate ranking,completed,completed,native_sirius_formula_only_full_supported_candidate_set,316,1.0,True,True,True,1.0,,,,,,,,Formula-only baseline on the same matched 170-query candidate sets.
107,146,146,sirius_formula_only,SIRIUS formula-only,SIRIUS formula-only candidate ranking,completed,completed,native_sirius_formula_only_full_supported_candidate_set,1277,1.0,True,True,True,1.0,,,,,,,,Formula-only baseline on the same matched 170-query candidate sets.
108,147,147,sirius_formula_only,SIRIUS formula-only,SIRIUS formula-only candidate ranking,completed,completed,native_sirius_formula_only_full_supported_candidate_set,4034,1.0,True,True,True,1.0,,,,,,,,Formula-only baseline on the same matched 170-query candidate sets.
109,149,149,sirius_formula_only,SIRIUS formula-only,SIRIUS formula-only candidate ranking,completed,completed,native_sirius_formula_only_full_supported_candidate_set,9235,1.0,True,True,True,1.0,,,,,,,,Formula-only baseline on the same matched 170-query candidate sets.
110,150,150,sirius_formula_only,SIRIUS formula-only,SIRIUS formula-only candidate ranking,completed,completed,native_sirius_formula_only_full_supported_candidate_set,7703,1.0,True,True,True,1.0,,,,,,,,Formula-only baseline on the same matched 170-query candidate sets.
111,151,151,sirius_formula_only,SIRIUS formula-only,SIRIUS formula-only candidate ranking,completed,completed,native_sirius_formula_only_full_supported_candidate_set,1793,1.0,True,True,True,1.0,,,,,,,,Formula-only baseline on the same matched 170-query candidate sets.
112,155,155,sirius_formula_only,SIRIUS formula-only,SIRIUS formula-only candidate ranking,completed,completed,native_sirius_formula_only_full_supported_candidate_set,9273,2545.0,False,False,False,0.0003929273084479,,,,,,,,Formula-only baseline on the same matched 170-query candidate sets.
113,156,156,sirius_formula_only,SIRIUS formula-only,SIRIUS formula-only candidate ranking,completed,completed,native_sirius_formula_only_full_supported_candidate_set,8995,1.0,True,True,True,1.0,,,,,,,,Formula-only baseline on the same matched 170-query candidate sets.
114,157,157,sirius_formula_only,SIRIUS formula-only,SIRIUS formula-only candidate ranking,completed,completed,native_sirius_formula_only_full_supported_candidate_set,6956,1.0,True,True,True,1.0,,,,,,,,Formula-only baseline on the same matched 170-query candidate sets.
115,158,158,sirius_formula_only,SIRIUS formula-only,SIRIUS formula-only candidate ranking,completed,completed,native_sirius_formula_only_full_supported_candidate_set,3729,5.0,False,True,True,0.2,,,,,,,,Formula-only baseline on the same matched 170-query candidate sets.
116,159,159,sirius_formula_only,SIRIUS formula-only,SIRIUS formula-only candidate ranking,completed,completed,native_sirius_formula_only_full_supported_candidate_set,9633,1.0,True,True,True,1.0,,,,,,,,Formula-only baseline on the same matched 170-query candidate sets.
117,163,163,sirius_formula_only,SIRIUS formula-only,SIRIUS formula-only candidate ranking,completed,completed,native_sirius_formula_only_full_supported_candidate_set,361,1.0,True,True,True,1.0,,,,,,,,Formula-only baseline on the same matched 170-query candidate sets.
118,164,164,sirius_formula_only,SIRIUS formula-only,SIRIUS formula-only candidate ranking,completed,completed,native_sirius_formula_only_full_supported_candidate_set,9014,1.0,True,True,True,1.0,,,,,,,,Formula-only baseline on the same matched 170-query candidate sets.
119,165,165,sirius_formula_only,SIRIUS formula-only,SIRIUS formula-only candidate ranking,completed,completed,native_sirius_formula_only_full_supported_candidate_set,631,1.0,True,True,True,1.0,,,,,,,,Formula-only baseline on the same matched 170-query candidate sets.
120,166,166,sirius_formula_only,SIRIUS formula-only,SIRIUS formula-only candidate ranking,completed,completed,native_sirius_formula_only_full_supported_candidate_set,6879,1.0,True,True,True,1.0,,,,,,,,Formula-only baseline on the same matched 170-query candidate sets.
121,169,169,sirius_formula_only,SIRIUS formula-only,SIRIUS formula-only candidate ranking,completed,completed,native_sirius_formula_only_full_supported_candidate_set,4670,1.0,True,True,True,1.0,,,,,,,,Formula-only baseline on the same matched 170-query candidate sets.
122,170,170,sirius_formula_only,SIRIUS formula-only,SIRIUS formula-only candidate ranking,completed,completed,native_sirius_formula_only_full_supported_candidate_set,8301,1.0,True,True,True,1.0,,,,,,,,Formula-only baseline on the same matched 170-query candidate sets.
123,171,171,sirius_formula_only,SIRIUS formula-only,SIRIUS formula-only candidate ranking,completed,completed,native_sirius_formula_only_full_supported_candidate_set,1728,1.0,True,True,True,1.0,,,,,,,,Formula-only baseline on the same matched 170-query candidate sets.
124,172,172,sirius_formula_only,SIRIUS formula-only,SIRIUS formula-only candidate ranking,completed,completed,native_sirius_formula_only_full_supported_candidate_set,1959,1.0,True,True,True,1.0,,,,,,,,Formula-only baseline on the same matched 170-query candidate sets.
125,173,173,sirius_formula_only,SIRIUS formula-only,SIRIUS formula-only candidate ranking,completed,completed,native_sirius_formula_only_full_supported_candidate_set,8918,1.0,True,True,True,1.0,,,,,,,,Formula-only baseline on the same matched 170-query candidate sets.
126,176,176,sirius_formula_only,SIRIUS formula-only,SIRIUS formula-only candidate ranking,completed,completed,native_sirius_formula_only_full_supported_candidate_set,2390,1.0,True,True,True,1.0,,,,,,,,Formula-only baseline on the same matched 170-query candidate sets.
127,177,177,sirius_formula_only,SIRIUS formula-only,SIRIUS formula-only candidate ranking,completed,completed,native_sirius_formula_only_full_supported_candidate_set,336,1.0,True,True,True,1.0,,,,,,,,Formula-only baseline on the same matched 170-query candidate sets.
128,178,178,sirius_formula_only,SIRIUS formula-only,SIRIUS formula-only candidate ranking,completed,completed,native_sirius_formula_only_full_supported_candidate_set,2608,108.0,False,False,False,0.0092592592592592,,,,,,,,Formula-only baseline on the same matched 170-query candidate sets.
129,179,179,sirius_formula_only,SIRIUS formula-only,SIRIUS formula-only candidate ranking,completed,completed,native_sirius_formula_only_full_supported_candidate_set,8960,1.0,True,True,True,1.0,,,,,,,,Formula-only baseline on the same matched 170-query candidate sets.
130,180,180,sirius_formula_only,SIRIUS formula-only,SIRIUS formula-only candidate ranking,completed,completed,native_sirius_formula_only_full_supported_candidate_set,6387,1.0,True,True,True,1.0,,,,,,,,Formula-only baseline on the same matched 170-query candidate sets.
131,181,181,sirius_formula_only,SIRIUS formula-only,SIRIUS formula-only candidate ranking,completed,completed,native_sirius_formula_only_full_supported_candidate_set,9633,1.0,True,True,True,1.0,,,,,,,,Formula-only baseline on the same matched 170-query candidate sets.
132,185,185,sirius_formula_only,SIRIUS formula-only,SIRIUS formula-only candidate ranking,completed,completed,native_sirius_formula_only_full_supported_candidate_set,6320,1.0,True,True,True,1.0,,,,,,,,Formula-only baseline on the same matched 170-query candidate sets.
133,186,186,sirius_formula_only,SIRIUS formula-only,SIRIUS formula-only candidate ranking,completed,completed,native_sirius_formula_only_full_supported_candidate_set,9661,1.0,True,True,True,1.0,,,,,,,,Formula-only baseline on the same matched 170-query candidate sets.
134,187,187,sirius_formula_only,SIRIUS formula-only,SIRIUS formula-only candidate ranking,completed,completed,native_sirius_formula_only_full_supported_candidate_set,8418,1.0,True,True,True,1.0,,,,,,,,Formula-only baseline on the same matched 170-query candidate sets.
135,188,188,sirius_formula_only,SIRIUS formula-only,SIRIUS formula-only candidate ranking,completed,completed,native_sirius_formula_only_full_supported_candidate_set,6643,185.0,False,False,False,0.0054054054054054,,,,,,,,Formula-only baseline on the same matched 170-query candidate sets.
136,189,189,sirius_formula_only,SIRIUS formula-only,SIRIUS formula-only candidate ranking,completed,completed,native_sirius_formula_only_full_supported_candidate_set,3839,826.0,False,False,False,0.0012106537530266,,,,,,,,Formula-only baseline on the same matched 170-query candidate sets.
137,190,190,sirius_formula_only,SIRIUS formula-only,SIRIUS formula-only candidate ranking,completed,completed,native_sirius_formula_only_full_supported_candidate_set,9134,1.0,True,True,True,1.0,,,,,,,,Formula-only baseline on the same matched 170-query candidate sets.
138,191,191,sirius_formula_only,SIRIUS formula-only,SIRIUS formula-only candidate ranking,completed,completed,native_sirius_formula_only_full_supported_candidate_set,1876,1.0,True,True,True,1.0,,,,,,,,Formula-only baseline on the same matched 170-query candidate sets.
139,192,192,sirius_formula_only,SIRIUS formula-only,SIRIUS formula-only candidate ranking,completed,completed,native_sirius_formula_only_full_supported_candidate_set,735,153.0,False,False,False,0.0065359477124183,,,,,,,,Formula-only baseline on the same matched 170-query candidate sets.
140,193,193,sirius_formula_only,SIRIUS formula-only,SIRIUS formula-only candidate ranking,completed,completed,native_sirius_formula_only_full_supported_candidate_set,7937,889.0,False,False,False,0.0011248593925759,,,,,,,,Formula-only baseline on the same matched 170-query candidate sets.
141,194,194,sirius_formula_only,SIRIUS formula-only,SIRIUS formula-only candidate ranking,completed,completed,native_sirius_formula_only_full_supported_candidate_set,9378,2318.0,False,False,False,0.0004314063848144,,,,,,,,Formula-only baseline on the same matched 170-query candidate sets.
142,195,195,sirius_formula_only,SIRIUS formula-only,SIRIUS formula-only candidate ranking,completed,completed,native_sirius_formula_only_full_supported_candidate_set,1274,1274.0,False,False,False,0.0007849293563579,,,,,,,,Formula-only baseline on the same matched 170-query candidate sets.
143,196,196,sirius_formula_only,SIRIUS formula-only,SIRIUS formula-only candidate ranking,completed,completed,native_sirius_formula_only_full_supported_candidate_set,4522,875.0,False,False,False,0.0011428571428571,,,,,,,,Formula-only baseline on the same matched 170-query candidate sets.
144,199,199,sirius_formula_only,SIRIUS formula-only,SIRIUS formula-only candidate ranking,completed,completed,native_sirius_formula_only_full_supported_candidate_set,4447,948.0,False,False,False,0.0010548523206751,,,,,,,,Formula-only baseline on the same matched 170-query candidate sets.
145,200,200,sirius_formula_only,SIRIUS formula-only,SIRIUS formula-only candidate ranking,completed,completed,native_sirius_formula_only_full_supported_candidate_set,510,510.0,False,False,False,0.0019607843137254,,,,,,,,Formula-only baseline on the same matched 170-query candidate sets.
146,201,201,sirius_formula_only,SIRIUS formula-only,SIRIUS formula-only candidate ranking,completed,completed,native_sirius_formula_only_full_supported_candidate_set,7033,3517.0,False,False,False,0.0002843332385555,,,,,,,,Formula-only baseline on the same matched 170-query candidate sets.
147,205,205,sirius_formula_only,SIRIUS formula-only,SIRIUS formula-only candidate ranking,completed,completed,native_sirius_formula_only_full_supported_candidate_set,9363,4318.0,False,False,False,0.0002315886984715,,,,,,,,Formula-only baseline on the same matched 170-query candidate sets.
148,206,206,sirius_formula_only,SIRIUS formula-only,SIRIUS formula-only candidate ranking,completed,completed,native_sirius_formula_only_full_supported_candidate_set,9113,1641.0,False,False,False,0.0006093845216331,,,,,,,,Formula-only baseline on the same matched 170-query candidate sets.
149,207,207,sirius_formula_only,SIRIUS formula-only,SIRIUS formula-only candidate ranking,completed,completed,native_sirius_formula_only_full_supported_candidate_set,5971,2474.0,False,False,False,0.0004042037186742,,,,,,,,Formula-only baseline on the same matched 170-query candidate sets.
150,208,208,sirius_formula_only,SIRIUS formula-only,SIRIUS formula-only candidate ranking,completed,completed,native_sirius_formula_only_full_supported_candidate_set,9633,1.0,True,True,True,1.0,,,,,,,,Formula-only baseline on the same matched 170-query candidate sets.
151,209,209,sirius_formula_only,SIRIUS formula-only,SIRIUS formula-only candidate ranking,completed,completed,native_sirius_formula_only_full_supported_candidate_set,9092,1.0,True,True,True,1.0,,,,,,,,Formula-only baseline on the same matched 170-query candidate sets.
152,210,210,sirius_formula_only,SIRIUS formula-only,SIRIUS formula-only candidate ranking,completed,completed,native_sirius_formula_only_full_supported_candidate_set,6490,6395.0,False,False,False,0.0001563721657544,,,,,,,,Formula-only baseline on the same matched 170-query candidate sets.
153,211,211,sirius_formula_only,SIRIUS formula-only,SIRIUS formula-only candidate ranking,completed,completed,native_sirius_formula_only_full_supported_candidate_set,9668,9396.0,False,False,False,0.0001064282673478,,,,,,,,Formula-only baseline on the same matched 170-query candidate sets.
154,212,212,sirius_formula_only,SIRIUS formula-only,SIRIUS formula-only candidate ranking,completed,completed,native_sirius_formula_only_full_supported_candidate_set,9580,9547.0,False,False,False,0.0001047449460563,,,,,,,,Formula-only baseline on the same matched 170-query candidate sets.
155,213,213,sirius_formula_only,SIRIUS formula-only,SIRIUS formula-only candidate ranking,completed,completed,native_sirius_formula_only_full_supported_candidate_set,9069,1131.0,False,False,False,0.0008841732979664,,,,,,,,Formula-only baseline on the same matched 170-query candidate sets.
156,214,214,sirius_formula_only,SIRIUS formula-only,SIRIUS formula-only candidate ranking,completed,completed,native_sirius_formula_only_full_supported_candidate_set,1846,599.0,False,False,False,0.001669449081803,,,,,,,,Formula-only baseline on the same matched 170-query candidate sets.
157,215,215,sirius_formula_only,SIRIUS formula-only,SIRIUS formula-only candidate ranking,completed,completed,native_sirius_formula_only_full_supported_candidate_set,9453,2008.0,False,False,False,0.0004980079681274,,,,,,,,Formula-only baseline on the same matched 170-query candidate sets.
158,216,216,sirius_formula_only,SIRIUS formula-only,SIRIUS formula-only candidate ranking,completed,completed,native_sirius_formula_only_full_supported_candidate_set,5420,1820.0,False,False,False,0.0005494505494505,,,,,,,,Formula-only baseline on the same matched 170-query candidate sets.
159,218,218,sirius_formula_only,SIRIUS formula-only,SIRIUS formula-only candidate ranking,completed,completed,native_sirius_formula_only_full_supported_candidate_set,7363,3342.0,False,False,False,0.0002992220227408,,,,,,,,Formula-only baseline on the same matched 170-query candidate sets.
160,219,219,sirius_formula_only,SIRIUS formula-only,SIRIUS formula-only candidate ranking,completed,completed,native_sirius_formula_only_full_supported_candidate_set,3155,1884.0,False,False,False,0.0005307855626326,,,,,,,,Formula-only baseline on the same matched 170-query candidate sets.
161,220,220,sirius_formula_only,SIRIUS formula-only,SIRIUS formula-only candidate ranking,completed,completed,native_sirius_formula_only_full_supported_candidate_set,9633,1.0,True,True,True,1.0,,,,,,,,Formula-only baseline on the same matched 170-query candidate sets.
162,221,221,sirius_formula_only,SIRIUS formula-only,SIRIUS formula-only candidate ranking,completed,completed,native_sirius_formula_only_full_supported_candidate_set,9150,1270.0,False,False,False,0.0007874015748031,,,,,,,,Formula-only baseline on the same matched 170-query candidate sets.
163,222,222,sirius_formula_only,SIRIUS formula-only,SIRIUS formula-only candidate ranking,completed,completed,native_sirius_formula_only_full_supported_candidate_set,9240,616.0,False,False,False,0.0016233766233766,,,,,,,,Formula-only baseline on the same matched 170-query candidate sets.
164,223,223,sirius_formula_only,SIRIUS formula-only,SIRIUS formula-only candidate ranking,completed,completed,native_sirius_formula_only_full_supported_candidate_set,9012,1773.0,False,False,False,0.0005640157924421,,,,,,,,Formula-only baseline on the same matched 170-query candidate sets.
165,224,224,sirius_formula_only,SIRIUS formula-only,SIRIUS formula-only candidate ranking,completed,completed,native_sirius_formula_only_full_supported_candidate_set,2730,249.0,False,False,False,0.0040160642570281,,,,,,,,Formula-only baseline on the same matched 170-query candidate sets.
166,225,225,sirius_formula_only,SIRIUS formula-only,SIRIUS formula-only candidate ranking,completed,completed,native_sirius_formula_only_full_supported_candidate_set,6158,552.0,False,False,False,0.0018115942028985,,,,,,,,Formula-only baseline on the same matched 170-query candidate sets.
167,226,226,sirius_formula_only,SIRIUS formula-only,SIRIUS formula-only candidate ranking,completed,completed,native_sirius_formula_only_full_supported_candidate_set,9691,6251.0,False,False,False,0.0001599744040953,,,,,,,,Formula-only baseline on the same matched 170-query candidate sets.
168,227,227,sirius_formula_only,SIRIUS formula-only,SIRIUS formula-only candidate ranking,completed,completed,native_sirius_formula_only_full_supported_candidate_set,1329,734.0,False,False,False,0.0013623978201634,,,,,,,,Formula-only baseline on the same matched 170-query candidate sets.
169,228,228,sirius_formula_only,SIRIUS formula-only,SIRIUS formula-only candidate ranking,completed,completed,native_sirius_formula_only_full_supported_candidate_set,6956,1.0,True,True,True,1.0,,,,,,,,Formula-only baseline on the same matched 170-query candidate sets.
0,0,0,cfmid_native,CFM-ID,Native CFM-ID precomputed full-supported candidate ranking,completed,completed_cached,native_cfmid_precomputed_full_supported_queries,1241,1.0,True,True,True,1.0,,,,0.0,,1241.0,,Native CFM-ID result on matched 170 supported [M+H]+ queries.
1,3,3,cfmid_native,CFM-ID,Native CFM-ID precomputed full-supported candidate ranking,completed,completed_cached,native_cfmid_precomputed_full_supported_queries,8524,2.0,False,True,True,0.5,,,,0.0,,8524.0,,Native CFM-ID result on matched 170 supported [M+H]+ queries.
2,4,4,cfmid_native,CFM-ID,Native CFM-ID precomputed full-supported candidate ranking,completed,completed_cached,native_cfmid_precomputed_full_supported_queries,7594,13.0,False,False,False,0.0769230769230769,,,,0.0,,7594.0,,Native CFM-ID result on matched 170 supported [M+H]+ queries.
3,5,5,cfmid_native,CFM-ID,Native CFM-ID precomputed full-supported candidate ranking,completed,completed_cached,native_cfmid_precomputed_full_supported_queries,1074,5.0,False,True,True,0.2,,,,0.0,,1074.0,,Native CFM-ID result on matched 170 supported [M+H]+ queries.
4,6,6,cfmid_native,CFM-ID,Native CFM-ID precomputed full-supported candidate ranking,completed,completed_cached,native_cfmid_precomputed_full_supported_queries,1524,782.0,False,False,False,0.0012787723785166,,,,0.0,,1524.0,,Native CFM-ID result on matched 170 supported [M+H]+ queries.
5,7,7,cfmid_native,CFM-ID,Native CFM-ID precomputed full-supported candidate ranking,completed,completed_cached,native_cfmid_precomputed_full_supported_queries,7016,110.0,False,False,False,0.009090909090909,,,,0.0,,7016.0,,Native CFM-ID result on matched 170 supported [M+H]+ queries.
6,9,9,cfmid_native,CFM-ID,Native CFM-ID precomputed full-supported candidate ranking,completed,completed_cached,native_cfmid_precomputed_full_supported_queries,8632,98.0,False,False,False,0.010204081632653,,,,0.0,,8632.0,,Native CFM-ID result on matched 170 supported [M+H]+ queries.
7,10,10,cfmid_native,CFM-ID,Native CFM-ID precomputed full-supported candidate ranking,completed,completed_cached,native_cfmid_precomputed_full_supported_queries,2797,2016.0,False,False,False,0.0004960317460317,,,,0.0,,2797.0,,Native CFM-ID result on matched 170 supported [M+H]+ queries.
8,11,11,cfmid_native,CFM-ID,Native CFM-ID precomputed full-supported candidate ranking,completed,completed_cached,native_cfmid_precomputed_full_supported_queries,6368,7.0,False,False,True,0.1428571428571428,,,,0.0,,6368.0,,Native CFM-ID result on matched 170 supported [M+H]+ queries.
9,12,12,cfmid_native,CFM-ID,Native CFM-ID precomputed full-supported candidate ranking,completed,completed_cached,native_cfmid_precomputed_full_supported_queries,9462,267.0,False,False,False,0.0037453183520599,,,,0.0,,9462.0,,Native CFM-ID result on matched 170 supported [M+H]+ queries.
10,15,15,cfmid_native,CFM-ID,Native CFM-ID precomputed full-supported candidate ranking,completed,completed_cached,native_cfmid_precomputed_full_supported_queries,4775,90.0,False,False,False,0.0111111111111111,,,,0.0,,4775.0,,Native CFM-ID result on matched 170 supported [M+H]+ queries.
11,16,16,cfmid_native,CFM-ID,Native CFM-ID precomputed full-supported candidate ranking,completed,completed_cached,native_cfmid_precomputed_full_supported_queries,103,5.0,False,True,True,0.2,,,,0.0,,103.0,,Native CFM-ID result on matched 170 supported [M+H]+ queries.
12,17,17,cfmid_native,CFM-ID,Native CFM-ID precomputed full-supported candidate ranking,completed,completed_cached,native_cfmid_precomputed_full_supported_queries,9564,312.0,False,False,False,0.0032051282051282,,,,0.0,,9564.0,,Native CFM-ID result on matched 170 supported [M+H]+ queries.
13,18,18,cfmid_native,CFM-ID,Native CFM-ID precomputed full-supported candidate ranking,completed,completed_cached,native_cfmid_precomputed_full_supported_queries,6548,1612.0,False,False,False,0.0006203473945409,,,,0.0,,6548.0,,Native CFM-ID result on matched 170 supported [M+H]+ queries.
14,21,21,cfmid_native,CFM-ID,Native CFM-ID precomputed full-supported candidate ranking,completed,completed_cached,native_cfmid_precomputed_full_supported_queries,5615,169.0,False,False,False,0.0059171597633136,,,,0.0,,5615.0,,Native CFM-ID result on matched 170 supported [M+H]+ queries.
15,22,22,cfmid_native,CFM-ID,Native CFM-ID precomputed full-supported candidate ranking,completed,completed_cached,native_cfmid_precomputed_full_supported_queries,6294,2372.0,False,False,False,0.0004215851602023,,,,0.0,,6294.0,,Native CFM-ID result on matched 170 supported [M+H]+ queries.
16,23,23,cfmid_native,CFM-ID,Native CFM-ID precomputed full-supported candidate ranking,completed,completed_cached,native_cfmid_precomputed_full_supported_queries,5745,138.0,False,False,False,0.0072463768115942,,,,0.0,,5745.0,,Native CFM-ID result on matched 170 supported [M+H]+ queries.
17,24,24,cfmid_native,CFM-ID,Native CFM-ID precomputed full-supported candidate ranking,completed,completed_cached,native_cfmid_precomputed_full_supported_queries,5015,117.0,False,False,False,0.0085470085470085,,,,0.0,,5015.0,,Native CFM-ID result on matched 170 supported [M+H]+ queries.
18,25,25,cfmid_native,CFM-ID,Native CFM-ID precomputed full-supported candidate ranking,completed,completed_cached,native_cfmid_precomputed_full_supported_queries,9778,4.0,False,True,True,0.25,,,,0.0,,9778.0,,Native CFM-ID result on matched 170 supported [M+H]+ queries.
19,26,26,cfmid_native,CFM-ID,Native CFM-ID precomputed full-supported candidate ranking,completed,completed_cached,native_cfmid_precomputed_full_supported_queries,8521,37.0,False,False,False,0.027027027027027,,,,0.0,,8521.0,,Native CFM-ID result on matched 170 supported [M+H]+ queries.
20,27,27,cfmid_native,CFM-ID,Native CFM-ID precomputed full-supported candidate ranking,completed,completed_cached,native_cfmid_precomputed_full_supported_queries,3327,5.0,False,True,True,0.2,,,,0.0,,3327.0,,Native CFM-ID result on matched 170 supported [M+H]+ queries.
21,29,29,cfmid_native,CFM-ID,Native CFM-ID precomputed full-supported candidate ranking,completed,completed_cached,native_cfmid_precomputed_full_supported_queries,8062,25.0,False,False,False,0.04,,,,0.0,,8062.0,,Native CFM-ID result on matched 170 supported [M+H]+ queries.
22,31,31,cfmid_native,CFM-ID,Native CFM-ID precomputed full-supported candidate ranking,completed,completed_cached,native_cfmid_precomputed_full_supported_queries,9668,2616.0,False,False,False,0.0003822629969418,,,,0.0,,9668.0,,Native CFM-ID result on matched 170 supported [M+H]+ queries.
23,34,34,cfmid_native,CFM-ID,Native CFM-ID precomputed full-supported candidate ranking,completed,completed,native_cfmid_precomputed_full_supported_queries,457,94.0,False,False,False,0.0106382978723404,,,,0.0,,457.0,,Native CFM-ID result on matched 170 supported [M+H]+ queries.
24,35,35,cfmid_native,CFM-ID,Native CFM-ID precomputed full-supported candidate ranking,completed,completed_cached,native_cfmid_precomputed_full_supported_queries,233,31.0,False,False,False,0.032258064516129,,,,0.0,,233.0,,Native CFM-ID result on matched 170 supported [M+H]+ queries.
25,37,37,cfmid_native,CFM-ID,Native CFM-ID precomputed full-supported candidate ranking,completed,completed_cached,native_cfmid_precomputed_full_supported_queries,8957,1266.0,False,False,False,0.0007898894154818,,,,0.0,,8957.0,,Native CFM-ID result on matched 170 supported [M+H]+ queries.
26,38,38,cfmid_native,CFM-ID,Native CFM-ID precomputed full-supported candidate ranking,completed,completed_cached,native_cfmid_precomputed_full_supported_queries,9532,288.0,False,False,False,0.0034722222222222,,,,0.0,,9532.0,,Native CFM-ID result on matched 170 supported [M+H]+ queries.
27,39,39,cfmid_native,CFM-ID,Native CFM-ID precomputed full-supported candidate ranking,completed,completed,native_cfmid_precomputed_full_supported_queries,859,370.0,False,False,False,0.0027027027027027,,,,0.0,,859.0,,Native CFM-ID result on matched 170 supported [M+H]+ queries.
28,40,40,cfmid_native,CFM-ID,Native CFM-ID precomputed full-supported candidate ranking,completed,completed_cached,native_cfmid_precomputed_full_supported_queries,7695,23.0,False,False,False,0.0434782608695652,,,,0.0,,7695.0,,Native CFM-ID result on matched 170 supported [M+H]+ queries.
29,41,41,cfmid_native,CFM-ID,Native CFM-ID precomputed full-supported candidate ranking,completed,completed_cached,native_cfmid_precomputed_full_supported_queries,5158,1.0,True,True,True,1.0,,,,0.0,,5158.0,,Native CFM-ID result on matched 170 supported [M+H]+ queries.
30,42,42,cfmid_native,CFM-ID,Native CFM-ID precomputed full-supported candidate ranking,completed,completed_cached,native_cfmid_precomputed_full_supported_queries,9484,382.0,False,False,False,0.0026178010471204,,,,0.0,,9484.0,,Native CFM-ID result on matched 170 supported [M+H]+ queries.
31,43,43,cfmid_native,CFM-ID,Native CFM-ID precomputed full-supported candidate ranking,completed,completed_cached,native_cfmid_precomputed_full_supported_queries,8937,947.0,False,False,False,0.0010559662090813,,,,0.0,,8937.0,,Native CFM-ID result on matched 170 supported [M+H]+ queries.
32,46,46,cfmid_native,CFM-ID,Native CFM-ID precomputed full-supported candidate ranking,completed,completed,native_cfmid_precomputed_full_supported_queries,960,191.0,False,False,False,0.0052356020942408,,,,0.0,,960.0,,Native CFM-ID result on matched 170 supported [M+H]+ queries.
33,48,48,cfmid_native,CFM-ID,Native CFM-ID precomputed full-supported candidate ranking,completed,completed_cached,native_cfmid_precomputed_full_supported_queries,9066,778.0,False,False,False,0.0012853470437017,,,,0.0,,9066.0,,Native CFM-ID result on matched 170 supported [M+H]+ queries.
34,50,50,cfmid_native,CFM-ID,Native CFM-ID precomputed full-supported candidate ranking,completed,completed_cached,native_cfmid_precomputed_full_supported_queries,1506,934.0,False,False,False,0.0010706638115631,,,,0.0,,1506.0,,Native CFM-ID result on matched 170 supported [M+H]+ queries.
35,51,51,cfmid_native,CFM-ID,Native CFM-ID precomputed full-supported candidate ranking,completed,completed_cached,native_cfmid_precomputed_full_supported_queries,558,54.0,False,False,False,0.0185185185185185,,,,0.0,,558.0,,Native CFM-ID result on matched 170 supported [M+H]+ queries.
36,53,53,cfmid_native,CFM-ID,Native CFM-ID precomputed full-supported candidate ranking,completed,completed,native_cfmid_precomputed_full_supported_queries,1206,848.0,False,False,False,0.0011792452830188,,,,0.0,,1206.0,,Native CFM-ID result on matched 170 supported [M+H]+ queries.
37,54,54,cfmid_native,CFM-ID,Native CFM-ID precomputed full-supported candidate ranking,completed,completed_cached,native_cfmid_precomputed_full_supported_queries,6814,103.0,False,False,False,0.0097087378640776,,,,0.0,,6814.0,,Native CFM-ID result on matched 170 supported [M+H]+ queries.
38,55,55,cfmid_native,CFM-ID,Native CFM-ID precomputed full-supported candidate ranking,completed,completed_cached,native_cfmid_precomputed_full_supported_queries,9288,527.0,False,False,False,0.0018975332068311,,,,0.0,,9288.0,,Native CFM-ID result on matched 170 supported [M+H]+ queries.
39,56,56,cfmid_native,CFM-ID,Native CFM-ID precomputed full-supported candidate ranking,completed,completed_cached,native_cfmid_precomputed_full_supported_queries,9532,1030.0,False,False,False,0.0009708737864077,,,,0.0,,9532.0,,Native CFM-ID result on matched 170 supported [M+H]+ queries.
40,58,58,cfmid_native,CFM-ID,Native CFM-ID precomputed full-supported candidate ranking,completed,completed_cached,native_cfmid_precomputed_full_supported_queries,2999,506.0,False,False,False,0.0019762845849802,,,,0.0,,2999.0,,Native CFM-ID result on matched 170 supported [M+H]+ queries.
41,59,59,cfmid_native,CFM-ID,Native CFM-ID precomputed full-supported candidate ranking,completed,completed_cached,native_cfmid_precomputed_full_supported_queries,9219,4156.0,False,False,False,0.0002406159769008,,,,0.0,,9219.0,,Native CFM-ID result on matched 170 supported [M+H]+ queries.
42,60,60,cfmid_native,CFM-ID,Native CFM-ID precomputed full-supported candidate ranking,completed,completed_cached,native_cfmid_precomputed_full_supported_queries,7090,1523.0,False,False,False,0.0006565988181221,,,,0.0,,7090.0,,Native CFM-ID result on matched 170 supported [M+H]+ queries.
43,61,61,cfmid_native,CFM-ID,Native CFM-ID precomputed full-supported candidate ranking,completed,completed_cached,native_cfmid_precomputed_full_supported_queries,8027,24.0,False,False,False,0.0416666666666666,,,,0.0,,8027.0,,Native CFM-ID result on matched 170 supported [M+H]+ queries.
44,64,64,cfmid_native,CFM-ID,Native CFM-ID precomputed full-supported candidate ranking,completed,completed_cached,native_cfmid_precomputed_full_supported_queries,817,1.0,True,True,True,1.0,,,,0.0,,817.0,,Native CFM-ID result on matched 170 supported [M+H]+ queries.
45,65,65,cfmid_native,CFM-ID,Native CFM-ID precomputed full-supported candidate ranking,completed,completed_cached,native_cfmid_precomputed_full_supported_queries,9590,3658.0,False,False,False,0.0002733734281027,,,,0.0,,9590.0,,Native CFM-ID result on matched 170 supported [M+H]+ queries.
46,68,68,cfmid_native,CFM-ID,Native CFM-ID precomputed full-supported candidate ranking,completed,completed,native_cfmid_precomputed_full_supported_queries,1511,2.0,False,True,True,0.5,,,,0.0,,1511.0,,Native CFM-ID result on matched 170 supported [M+H]+ queries.
47,69,69,cfmid_native,CFM-ID,Native CFM-ID precomputed full-supported candidate ranking,completed,completed_cached,native_cfmid_precomputed_full_supported_queries,9556,105.0,False,False,False,0.0095238095238095,,,,0.0,,9556.0,,Native CFM-ID result on matched 170 supported [M+H]+ queries.
48,70,70,cfmid_native,CFM-ID,Native CFM-ID precomputed full-supported candidate ranking,completed,completed_cached,native_cfmid_precomputed_full_supported_queries,8926,67.0,False,False,False,0.0149253731343283,,,,0.0,,8926.0,,Native CFM-ID result on matched 170 supported [M+H]+ queries.
49,71,71,cfmid_native,CFM-ID,Native CFM-ID precomputed full-supported candidate ranking,completed,completed_cached,native_cfmid_precomputed_full_supported_queries,9485,13.0,False,False,False,0.0769230769230769,,,,0.0,,9485.0,,Native CFM-ID result on matched 170 supported [M+H]+ queries.
50,74,74,cfmid_native,CFM-ID,Native CFM-ID precomputed full-supported candidate ranking,completed,completed_cached,native_cfmid_precomputed_full_supported_queries,7251,3584.0,False,False,False,0.0002790178571428,,,,0.0,,7251.0,,Native CFM-ID result on matched 170 supported [M+H]+ queries.
51,75,75,cfmid_native,CFM-ID,Native CFM-ID precomputed full-supported candidate ranking,completed,completed_cached,native_cfmid_precomputed_full_supported_queries,4498,14.0,False,False,False,0.0714285714285714,,,,0.0,,4498.0,,Native CFM-ID result on matched 170 supported [M+H]+ queries.
52,76,76,cfmid_native,CFM-ID,Native CFM-ID precomputed full-supported candidate ranking,completed,completed_cached,native_cfmid_precomputed_full_supported_queries,5745,1138.0,False,False,False,0.0008787346221441,,,,0.0,,5745.0,,Native CFM-ID result on matched 170 supported [M+H]+ queries.
53,77,77,cfmid_native,CFM-ID,Native CFM-ID precomputed full-supported candidate ranking,completed,completed_cached,native_cfmid_precomputed_full_supported_queries,8719,10.0,False,False,True,0.1,,,,0.0,,8719.0,,Native CFM-ID result on matched 170 supported [M+H]+ queries.
54,78,78,cfmid_native,CFM-ID,Native CFM-ID precomputed full-supported candidate ranking,completed,completed,native_cfmid_precomputed_full_supported_queries,787,67.0,False,False,False,0.0149253731343283,,,,0.0,,787.0,,Native CFM-ID result on matched 170 supported [M+H]+ queries.
55,79,79,cfmid_native,CFM-ID,Native CFM-ID precomputed full-supported candidate ranking,completed,completed_cached,native_cfmid_precomputed_full_supported_queries,7821,890.0,False,False,False,0.0011235955056179,,,,0.0,,7821.0,,Native CFM-ID result on matched 170 supported [M+H]+ queries.
56,80,80,cfmid_native,CFM-ID,Native CFM-ID precomputed full-supported candidate ranking,completed,completed_cached,native_cfmid_precomputed_full_supported_queries,7809,69.0,False,False,False,0.0144927536231884,,,,0.0,,7809.0,,Native CFM-ID result on matched 170 supported [M+H]+ queries.
57,82,82,cfmid_native,CFM-ID,Native CFM-ID precomputed full-supported candidate ranking,completed,completed_cached,native_cfmid_precomputed_full_supported_queries,5788,238.0,False,False,False,0.0042016806722689,,,,0.0,,5788.0,,Native CFM-ID result on matched 170 supported [M+H]+ queries.
58,83,83,cfmid_native,CFM-ID,Native CFM-ID precomputed full-supported candidate ranking,completed,completed_cached,native_cfmid_precomputed_full_supported_queries,9564,518.0,False,False,False,0.0019305019305019,,,,0.0,,9564.0,,Native CFM-ID result on matched 170 supported [M+H]+ queries.
59,84,84,cfmid_native,CFM-ID,Native CFM-ID precomputed full-supported candidate ranking,completed,completed_cached,native_cfmid_precomputed_full_supported_queries,7090,3039.0,False,False,False,0.0003290556103981,,,,0.0,,7090.0,,Native CFM-ID result on matched 170 supported [M+H]+ queries.
60,87,87,cfmid_native,CFM-ID,Native CFM-ID precomputed full-supported candidate ranking,completed,completed_cached,native_cfmid_precomputed_full_supported_queries,2560,89.0,False,False,False,0.0112359550561797,,,,0.0,,2560.0,,Native CFM-ID result on matched 170 supported [M+H]+ queries.
61,88,88,cfmid_native,CFM-ID,Native CFM-ID precomputed full-supported candidate ranking,completed,completed_cached,native_cfmid_precomputed_full_supported_queries,6054,5593.0,False,False,False,0.0001787949222242,,,,0.0,,6054.0,,Native CFM-ID result on matched 170 supported [M+H]+ queries.
62,89,89,cfmid_native,CFM-ID,Native CFM-ID precomputed full-supported candidate ranking,completed,completed_cached,native_cfmid_precomputed_full_supported_queries,9564,2213.0,False,False,False,0.000451875282422,,,,0.0,,9564.0,,Native CFM-ID result on matched 170 supported [M+H]+ queries.
63,90,90,cfmid_native,CFM-ID,Native CFM-ID precomputed full-supported candidate ranking,completed,completed_cached,native_cfmid_precomputed_full_supported_queries,1959,778.0,False,False,False,0.0012853470437017,,,,0.0,,1959.0,,Native CFM-ID result on matched 170 supported [M+H]+ queries.
64,93,93,cfmid_native,CFM-ID,Native CFM-ID precomputed full-supported candidate ranking,completed,completed_cached,native_cfmid_precomputed_full_supported_queries,9460,3.0,False,True,True,0.3333333333333333,,,,0.0,,9460.0,,Native CFM-ID result on matched 170 supported [M+H]+ queries.
65,94,94,cfmid_native,CFM-ID,Native CFM-ID precomputed full-supported candidate ranking,completed,completed_cached,native_cfmid_precomputed_full_supported_queries,347,61.0,False,False,False,0.0163934426229508,,,,0.0,,347.0,,Native CFM-ID result on matched 170 supported [M+H]+ queries.
66,95,95,cfmid_native,CFM-ID,Native CFM-ID precomputed full-supported candidate ranking,completed,completed_cached,native_cfmid_precomputed_full_supported_queries,1877,28.0,False,False,False,0.0357142857142857,,,,0.0,,1877.0,,Native CFM-ID result on matched 170 supported [M+H]+ queries.
67,96,96,cfmid_native,CFM-ID,Native CFM-ID precomputed full-supported candidate ranking,completed,completed_cached,native_cfmid_precomputed_full_supported_queries,6683,2689.0,False,False,False,0.0003718854592785,,,,0.0,,6683.0,,Native CFM-ID result on matched 170 supported [M+H]+ queries.
68,98,98,cfmid_native,CFM-ID,Native CFM-ID precomputed full-supported candidate ranking,completed,completed_cached,native_cfmid_precomputed_full_supported_queries,9270,911.0,False,False,False,0.0010976948408342,,,,0.0,,9270.0,,Native CFM-ID result on matched 170 supported [M+H]+ queries.
69,99,99,cfmid_native,CFM-ID,Native CFM-ID precomputed full-supported candidate ranking,completed,completed_cached,native_cfmid_precomputed_full_supported_queries,6863,144.0,False,False,False,0.0069444444444444,,,,0.0,,6863.0,,Native CFM-ID result on matched 170 supported [M+H]+ queries.
70,100,100,cfmid_native,CFM-ID,Native CFM-ID precomputed full-supported candidate ranking,completed,completed_cached,native_cfmid_precomputed_full_supported_queries,6530,14.0,False,False,False,0.0714285714285714,,,,0.0,,6530.0,,Native CFM-ID result on matched 170 supported [M+H]+ queries.
71,101,101,cfmid_native,CFM-ID,Native CFM-ID precomputed full-supported candidate ranking,completed,completed_cached,native_cfmid_precomputed_full_supported_queries,7839,1908.0,False,False,False,0.000524109014675,,,,0.0,,7839.0,,Native CFM-ID result on matched 170 supported [M+H]+ queries.
72,102,102,cfmid_native,CFM-ID,Native CFM-ID precomputed full-supported candidate ranking,completed,completed_cached,native_cfmid_precomputed_full_supported_queries,4859,260.0,False,False,False,0.0038461538461538,,,,0.0,,4859.0,,Native CFM-ID result on matched 170 supported [M+H]+ queries.
73,104,104,cfmid_native,CFM-ID,Native CFM-ID precomputed full-supported candidate ranking,completed,completed_cached,native_cfmid_precomputed_full_supported_queries,8559,571.0,False,False,False,0.0017513134851138,,,,0.0,,8559.0,,Native CFM-ID result on matched 170 supported [M+H]+ queries.
74,105,105,cfmid_native,CFM-ID,Native CFM-ID precomputed full-supported candidate ranking,completed,completed_cached,native_cfmid_precomputed_full_supported_queries,9237,4.0,False,True,True,0.25,,,,0.0,,9237.0,,Native CFM-ID result on matched 170 supported [M+H]+ queries.
75,106,106,cfmid_native,CFM-ID,Native CFM-ID precomputed full-supported candidate ranking,completed,completed_cached,native_cfmid_precomputed_full_supported_queries,9491,1.0,True,True,True,1.0,,,,0.0,,9491.0,,Native CFM-ID result on matched 170 supported [M+H]+ queries.
76,107,107,cfmid_native,CFM-ID,Native CFM-ID precomputed full-supported candidate ranking,completed,completed_cached,native_cfmid_precomputed_full_supported_queries,8301,370.0,False,False,False,0.0027027027027027,,,,0.0,,8301.0,,Native CFM-ID result on matched 170 supported [M+H]+ queries.
77,108,108,cfmid_native,CFM-ID,Native CFM-ID precomputed full-supported candidate ranking,completed,completed_cached,native_cfmid_precomputed_full_supported_queries,9739,92.0,False,False,False,0.0108695652173913,,,,0.0,,9739.0,,Native CFM-ID result on matched 170 supported [M+H]+ queries.
78,109,109,cfmid_native,CFM-ID,Native CFM-ID precomputed full-supported candidate ranking,completed,completed_cached,native_cfmid_precomputed_full_supported_queries,4864,202.0,False,False,False,0.0049504950495049,,,,0.0,,4864.0,,Native CFM-ID result on matched 170 supported [M+H]+ queries.
79,111,111,cfmid_native,CFM-ID,Native CFM-ID precomputed full-supported candidate ranking,completed,completed_cached,native_cfmid_precomputed_full_supported_queries,2744,18.0,False,False,False,0.0555555555555555,,,,0.0,,2744.0,,Native CFM-ID result on matched 170 supported [M+H]+ queries.
80,112,112,cfmid_native,CFM-ID,Native CFM-ID precomputed full-supported candidate ranking,completed,completed_cached,native_cfmid_precomputed_full_supported_queries,9092,759.0,False,False,False,0.0013175230566534,,,,0.0,,9092.0,,Native CFM-ID result on matched 170 supported [M+H]+ queries.
81,113,113,cfmid_native,CFM-ID,Native CFM-ID precomputed full-supported candidate ranking,completed,completed_cached,native_cfmid_precomputed_full_supported_queries,7164,80.0,False,False,False,0.0125,,,,0.0,,7164.0,,Native CFM-ID result on matched 170 supported [M+H]+ queries.
82,114,114,cfmid_native,CFM-ID,Native CFM-ID precomputed full-supported candidate ranking,completed,completed_cached,native_cfmid_precomputed_full_supported_queries,689,216.0,False,False,False,0.0046296296296296,,,,0.0,,689.0,,Native CFM-ID result on matched 170 supported [M+H]+ queries.
83,115,115,cfmid_native,CFM-ID,Native CFM-ID precomputed full-supported candidate ranking,completed,completed_cached,native_cfmid_precomputed_full_supported_queries,1876,1699.0,False,False,False,0.0005885815185403,,,,0.0,,1876.0,,Native CFM-ID result on matched 170 supported [M+H]+ queries.
84,116,116,cfmid_native,CFM-ID,Native CFM-ID precomputed full-supported candidate ranking,completed,completed_cached,native_cfmid_precomputed_full_supported_queries,9725,213.0,False,False,False,0.0046948356807511,,,,0.0,,9725.0,,Native CFM-ID result on matched 170 supported [M+H]+ queries.
85,119,119,cfmid_native,CFM-ID,Native CFM-ID precomputed full-supported candidate ranking,completed,completed_cached,native_cfmid_precomputed_full_supported_queries,9424,833.0,False,False,False,0.0012004801920768,,,,0.0,,9424.0,,Native CFM-ID result on matched 170 supported [M+H]+ queries.
86,120,120,cfmid_native,CFM-ID,Native CFM-ID precomputed full-supported candidate ranking,completed,completed_cached,native_cfmid_precomputed_full_supported_queries,9633,2189.0,False,False,False,0.0004568296025582,,,,0.0,,9633.0,,Native CFM-ID result on matched 170 supported [M+H]+ queries.
87,121,121,cfmid_native,CFM-ID,Native CFM-ID precomputed full-supported candidate ranking,completed,completed_cached,native_cfmid_precomputed_full_supported_queries,9371,578.0,False,False,False,0.0017301038062283,,,,0.0,,9371.0,,Native CFM-ID result on matched 170 supported [M+H]+ queries.
88,122,122,cfmid_native,CFM-ID,Native CFM-ID precomputed full-supported candidate ranking,completed,completed_cached,native_cfmid_precomputed_full_supported_queries,3108,3.0,False,True,True,0.3333333333333333,,,,0.0,,3108.0,,Native CFM-ID result on matched 170 supported [M+H]+ queries.
89,123,123,cfmid_native,CFM-ID,Native CFM-ID precomputed full-supported candidate ranking,completed,completed_cached,native_cfmid_precomputed_full_supported_queries,2103,4.0,False,True,True,0.25,,,,0.0,,2103.0,,Native CFM-ID result on matched 170 supported [M+H]+ queries.
90,126,126,cfmid_native,CFM-ID,Native CFM-ID precomputed full-supported candidate ranking,completed,completed_cached,native_cfmid_precomputed_full_supported_queries,9036,4.0,False,True,True,0.25,,,,0.0,,9036.0,,Native CFM-ID result on matched 170 supported [M+H]+ queries.
91,127,127,cfmid_native,CFM-ID,Native CFM-ID precomputed full-supported candidate ranking,completed,completed_cached,native_cfmid_precomputed_full_supported_queries,1657,478.0,False,False,False,0.002092050209205,,,,0.0,,1657.0,,Native CFM-ID result on matched 170 supported [M+H]+ queries.
92,128,128,cfmid_native,CFM-ID,Native CFM-ID precomputed full-supported candidate ranking,completed,completed_cached,native_cfmid_precomputed_full_supported_queries,9700,10.0,False,False,True,0.1,,,,0.0,,9700.0,,Native CFM-ID result on matched 170 supported [M+H]+ queries.
93,129,129,cfmid_native,CFM-ID,Native CFM-ID precomputed full-supported candidate ranking,completed,completed_cached,native_cfmid_precomputed_full_supported_queries,8301,165.0,False,False,False,0.006060606060606,,,,0.0,,8301.0,,Native CFM-ID result on matched 170 supported [M+H]+ queries.
94,130,130,cfmid_native,CFM-ID,Native CFM-ID precomputed full-supported candidate ranking,completed,completed_cached,native_cfmid_precomputed_full_supported_queries,9113,816.0,False,False,False,0.0012254901960784,,,,0.0,,9113.0,,Native CFM-ID result on matched 170 supported [M+H]+ queries.
95,131,131,cfmid_native,CFM-ID,Native CFM-ID precomputed full-supported candidate ranking,completed,completed_cached,native_cfmid_precomputed_full_supported_queries,9650,169.0,False,False,False,0.0059171597633136,,,,0.0,,9650.0,,Native CFM-ID result on matched 170 supported [M+H]+ queries.
96,132,132,cfmid_native,CFM-ID,Native CFM-ID precomputed full-supported candidate ranking,completed,completed_cached,native_cfmid_precomputed_full_supported_queries,9018,37.0,False,False,False,0.027027027027027,,,,0.0,,9018.0,,Native CFM-ID result on matched 170 supported [M+H]+ queries.
97,135,135,cfmid_native,CFM-ID,Native CFM-ID precomputed full-supported candidate ranking,completed,completed_cached,native_cfmid_precomputed_full_supported_queries,6577,1590.0,False,False,False,0.00062893081761,,,,0.0,,6577.0,,Native CFM-ID result on matched 170 supported [M+H]+ queries.
98,136,136,cfmid_native,CFM-ID,Native CFM-ID precomputed full-supported candidate ranking,completed,completed_cached,native_cfmid_precomputed_full_supported_queries,9626,308.0,False,False,False,0.0032467532467532,,,,0.0,,9626.0,,Native CFM-ID result on matched 170 supported [M+H]+ queries.
99,137,137,cfmid_native,CFM-ID,Native CFM-ID precomputed full-supported candidate ranking,completed,completed_cached,native_cfmid_precomputed_full_supported_queries,8774,1236.0,False,False,False,0.0008090614886731,,,,0.0,,8774.0,,Native CFM-ID result on matched 170 supported [M+H]+ queries.
100,138,138,cfmid_native,CFM-ID,Native CFM-ID precomputed full-supported candidate ranking,completed,completed_cached,native_cfmid_precomputed_full_supported_queries,8939,1776.0,False,False,False,0.000563063063063,,,,0.0,,8939.0,,Native CFM-ID result on matched 170 supported [M+H]+ queries.
101,139,139,cfmid_native,CFM-ID,Native CFM-ID precomputed full-supported candidate ranking,completed,completed_cached,native_cfmid_precomputed_full_supported_queries,631,146.0,False,False,False,0.0068493150684931,,,,0.0,,631.0,,Native CFM-ID result on matched 170 supported [M+H]+ queries.
102,140,140,cfmid_native,CFM-ID,Native CFM-ID precomputed full-supported candidate ranking,completed,completed_cached,native_cfmid_precomputed_full_supported_queries,9134,1.0,True,True,True,1.0,,,,0.0,,9134.0,,Native CFM-ID result on matched 170 supported [M+H]+ queries.
103,142,142,cfmid_native,CFM-ID,Native CFM-ID precomputed full-supported candidate ranking,completed,completed_cached,native_cfmid_precomputed_full_supported_queries,9236,1012.0,False,False,False,0.0009881422924901,,,,0.0,,9236.0,,Native CFM-ID result on matched 170 supported [M+H]+ queries.
104,143,143,cfmid_native,CFM-ID,Native CFM-ID precomputed full-supported candidate ranking,completed,completed_cached,native_cfmid_precomputed_full_supported_queries,8691,2.0,False,True,True,0.5,,,,0.0,,8691.0,,Native CFM-ID result on matched 170 supported [M+H]+ queries.
105,144,144,cfmid_native,CFM-ID,Native CFM-ID precomputed full-supported candidate ranking,completed,completed_cached,native_cfmid_precomputed_full_supported_queries,9540,389.0,False,False,False,0.0025706940874035,,,,0.0,,9540.0,,Native CFM-ID result on matched 170 supported [M+H]+ queries.
106,145,145,cfmid_native,CFM-ID,Native CFM-ID precomputed full-supported candidate ranking,completed,completed,native_cfmid_precomputed_full_supported_queries,316,74.0,False,False,False,0.0135135135135135,,,,0.0,,316.0,,Native CFM-ID result on matched 170 supported [M+H]+ queries.
107,146,146,cfmid_native,CFM-ID,Native CFM-ID precomputed full-supported candidate ranking,completed,completed_cached,native_cfmid_precomputed_full_supported_queries,1277,863.0,False,False,False,0.0011587485515643,,,,0.0,,1277.0,,Native CFM-ID result on matched 170 supported [M+H]+ queries.
108,147,147,cfmid_native,CFM-ID,Native CFM-ID precomputed full-supported candidate ranking,completed,completed_cached,native_cfmid_precomputed_full_supported_queries,4034,10.0,False,False,True,0.1,,,,0.0,,4034.0,,Native CFM-ID result on matched 170 supported [M+H]+ queries.
109,149,149,cfmid_native,CFM-ID,Native CFM-ID precomputed full-supported candidate ranking,completed,completed_cached,native_cfmid_precomputed_full_supported_queries,9235,198.0,False,False,False,0.005050505050505,,,,0.0,,9235.0,,Native CFM-ID result on matched 170 supported [M+H]+ queries.
110,150,150,cfmid_native,CFM-ID,Native CFM-ID precomputed full-supported candidate ranking,completed,completed_cached,native_cfmid_precomputed_full_supported_queries,7703,7035.0,False,False,False,0.0001421464108031,,,,0.0,,7703.0,,Native CFM-ID result on matched 170 supported [M+H]+ queries.
111,151,151,cfmid_native,CFM-ID,Native CFM-ID precomputed full-supported candidate ranking,completed,completed_cached,native_cfmid_precomputed_full_supported_queries,1793,1157.0,False,False,False,0.0008643042350907,,,,0.0,,1793.0,,Native CFM-ID result on matched 170 supported [M+H]+ queries.
112,155,155,cfmid_native,CFM-ID,Native CFM-ID precomputed full-supported candidate ranking,completed,completed_cached,native_cfmid_precomputed_full_supported_queries,9273,55.0,False,False,False,0.0181818181818181,,,,0.0,,9273.0,,Native CFM-ID result on matched 170 supported [M+H]+ queries.
113,156,156,cfmid_native,CFM-ID,Native CFM-ID precomputed full-supported candidate ranking,completed,completed_cached,native_cfmid_precomputed_full_supported_queries,8995,170.0,False,False,False,0.0058823529411764,,,,0.0,,8995.0,,Native CFM-ID result on matched 170 supported [M+H]+ queries.
114,157,157,cfmid_native,CFM-ID,Native CFM-ID precomputed full-supported candidate ranking,completed,completed_cached,native_cfmid_precomputed_full_supported_queries,6956,161.0,False,False,False,0.0062111801242236,,,,0.0,,6956.0,,Native CFM-ID result on matched 170 supported [M+H]+ queries.
115,158,158,cfmid_native,CFM-ID,Native CFM-ID precomputed full-supported candidate ranking,completed,completed_cached,native_cfmid_precomputed_full_supported_queries,3729,34.0,False,False,False,0.0294117647058823,,,,0.0,,3729.0,,Native CFM-ID result on matched 170 supported [M+H]+ queries.
116,159,159,cfmid_native,CFM-ID,Native CFM-ID precomputed full-supported candidate ranking,completed,completed_cached,native_cfmid_precomputed_full_supported_queries,9633,477.0,False,False,False,0.0020964360587002,,,,0.0,,9633.0,,Native CFM-ID result on matched 170 supported [M+H]+ queries.
117,163,163,cfmid_native,CFM-ID,Native CFM-ID precomputed full-supported candidate ranking,completed,completed_cached,native_cfmid_precomputed_full_supported_queries,361,144.0,False,False,False,0.0069444444444444,,,,0.0,,361.0,,Native CFM-ID result on matched 170 supported [M+H]+ queries.
118,164,164,cfmid_native,CFM-ID,Native CFM-ID precomputed full-supported candidate ranking,completed,completed_cached,native_cfmid_precomputed_full_supported_queries,9014,1.0,True,True,True,1.0,,,,0.0,,9014.0,,Native CFM-ID result on matched 170 supported [M+H]+ queries.
119,165,165,cfmid_native,CFM-ID,Native CFM-ID precomputed full-supported candidate ranking,completed,completed_cached,native_cfmid_precomputed_full_supported_queries,631,141.0,False,False,False,0.0070921985815602,,,,0.0,,631.0,,Native CFM-ID result on matched 170 supported [M+H]+ queries.
120,166,166,cfmid_native,CFM-ID,Native CFM-ID precomputed full-supported candidate ranking,completed,completed_cached,native_cfmid_precomputed_full_supported_queries,6879,505.0,False,False,False,0.0019801980198019,,,,0.0,,6879.0,,Native CFM-ID result on matched 170 supported [M+H]+ queries.
121,169,169,cfmid_native,CFM-ID,Native CFM-ID precomputed full-supported candidate ranking,completed,completed_cached,native_cfmid_precomputed_full_supported_queries,4670,13.0,False,False,False,0.0769230769230769,,,,0.0,,4670.0,,Native CFM-ID result on matched 170 supported [M+H]+ queries.
122,170,170,cfmid_native,CFM-ID,Native CFM-ID precomputed full-supported candidate ranking,completed,completed_cached,native_cfmid_precomputed_full_supported_queries,8301,2943.0,False,False,False,0.000339789330615,,,,0.0,,8301.0,,Native CFM-ID result on matched 170 supported [M+H]+ queries.
123,171,171,cfmid_native,CFM-ID,Native CFM-ID precomputed full-supported candidate ranking,completed,completed_cached,native_cfmid_precomputed_full_supported_queries,1728,16.0,False,False,False,0.0625,,,,0.0,,1728.0,,Native CFM-ID result on matched 170 supported [M+H]+ queries.
124,172,172,cfmid_native,CFM-ID,Native CFM-ID precomputed full-supported candidate ranking,completed,completed_cached,native_cfmid_precomputed_full_supported_queries,1959,841.0,False,False,False,0.0011890606420927,,,,0.0,,1959.0,,Native CFM-ID result on matched 170 supported [M+H]+ queries.
125,173,173,cfmid_native,CFM-ID,Native CFM-ID precomputed full-supported candidate ranking,completed,completed_cached,native_cfmid_precomputed_full_supported_queries,8918,6.0,False,False,True,0.1666666666666666,,,,0.0,,8918.0,,Native CFM-ID result on matched 170 supported [M+H]+ queries.
126,176,176,cfmid_native,CFM-ID,Native CFM-ID precomputed full-supported candidate ranking,completed,completed_cached,native_cfmid_precomputed_full_supported_queries,2390,99.0,False,False,False,0.0101010101010101,,,,0.0,,2390.0,,Native CFM-ID result on matched 170 supported [M+H]+ queries.
127,177,177,cfmid_native,CFM-ID,Native CFM-ID precomputed full-supported candidate ranking,completed,completed_cached,native_cfmid_precomputed_full_supported_queries,336,13.0,False,False,False,0.0769230769230769,,,,0.0,,336.0,,Native CFM-ID result on matched 170 supported [M+H]+ queries.
128,178,178,cfmid_native,CFM-ID,Native CFM-ID precomputed full-supported candidate ranking,completed,completed_cached,native_cfmid_precomputed_full_supported_queries,2608,48.0,False,False,False,0.0208333333333333,,,,0.0,,2608.0,,Native CFM-ID result on matched 170 supported [M+H]+ queries.
129,179,179,cfmid_native,CFM-ID,Native CFM-ID precomputed full-supported candidate ranking,completed,completed_cached,native_cfmid_precomputed_full_supported_queries,8960,462.0,False,False,False,0.0021645021645021,,,,0.0,,8960.0,,Native CFM-ID result on matched 170 supported [M+H]+ queries.
130,180,180,cfmid_native,CFM-ID,Native CFM-ID precomputed full-supported candidate ranking,completed,completed_cached,native_cfmid_precomputed_full_supported_queries,6387,1474.0,False,False,False,0.0006784260515603,,,,0.0,,6387.0,,Native CFM-ID result on matched 170 supported [M+H]+ queries.
131,181,181,cfmid_native,CFM-ID,Native CFM-ID precomputed full-supported candidate ranking,completed,completed_cached,native_cfmid_precomputed_full_supported_queries,9633,375.0,False,False,False,0.0026666666666666,,,,0.0,,9633.0,,Native CFM-ID result on matched 170 supported [M+H]+ queries.
132,185,185,cfmid_native,CFM-ID,Native CFM-ID precomputed full-supported candidate ranking,completed,completed_cached,native_cfmid_precomputed_full_supported_queries,6320,3459.0,False,False,False,0.0002891008962127,,,,0.0,,6320.0,,Native CFM-ID result on matched 170 supported [M+H]+ queries.
133,186,186,cfmid_native,CFM-ID,Native CFM-ID precomputed full-supported candidate ranking,completed,completed_cached,native_cfmid_precomputed_full_supported_queries,9661,10.0,False,False,True,0.1,,,,0.0,,9661.0,,Native CFM-ID result on matched 170 supported [M+H]+ queries.
134,187,187,cfmid_native,CFM-ID,Native CFM-ID precomputed full-supported candidate ranking,completed,completed_cached,native_cfmid_precomputed_full_supported_queries,8418,556.0,False,False,False,0.0017985611510791,,,,0.0,,8418.0,,Native CFM-ID result on matched 170 supported [M+H]+ queries.
135,188,188,cfmid_native,CFM-ID,Native CFM-ID precomputed full-supported candidate ranking,completed,completed_cached,native_cfmid_precomputed_full_supported_queries,6643,45.0,False,False,False,0.0222222222222222,,,,0.0,,6643.0,,Native CFM-ID result on matched 170 supported [M+H]+ queries.
136,189,189,cfmid_native,CFM-ID,Native CFM-ID precomputed full-supported candidate ranking,completed,completed_cached,native_cfmid_precomputed_full_supported_queries,3839,1.0,True,True,True,1.0,,,,0.0,,3839.0,,Native CFM-ID result on matched 170 supported [M+H]+ queries.
137,190,190,cfmid_native,CFM-ID,Native CFM-ID precomputed full-supported candidate ranking,completed,completed_cached,native_cfmid_precomputed_full_supported_queries,9134,2042.0,False,False,False,0.0004897159647404,,,,0.0,,9134.0,,Native CFM-ID result on matched 170 supported [M+H]+ queries.
138,191,191,cfmid_native,CFM-ID,Native CFM-ID precomputed full-supported candidate ranking,completed,completed_cached,native_cfmid_precomputed_full_supported_queries,1876,646.0,False,False,False,0.001547987616099,,,,0.0,,1876.0,,Native CFM-ID result on matched 170 supported [M+H]+ queries.
139,192,192,cfmid_native,CFM-ID,Native CFM-ID precomputed full-supported candidate ranking,completed,completed_cached,native_cfmid_precomputed_full_supported_queries,735,17.0,False,False,False,0.0588235294117647,,,,0.0,,735.0,,Native CFM-ID result on matched 170 supported [M+H]+ queries.
140,193,193,cfmid_native,CFM-ID,Native CFM-ID precomputed full-supported candidate ranking,completed,completed_cached,native_cfmid_precomputed_full_supported_queries,7937,45.0,False,False,False,0.0222222222222222,,,,0.0,,7937.0,,Native CFM-ID result on matched 170 supported [M+H]+ queries.
141,194,194,cfmid_native,CFM-ID,Native CFM-ID precomputed full-supported candidate ranking,completed,completed_cached,native_cfmid_precomputed_full_supported_queries,9378,13.0,False,False,False,0.0769230769230769,,,,0.0,,9378.0,,Native CFM-ID result on matched 170 supported [M+H]+ queries.
142,195,195,cfmid_native,CFM-ID,Native CFM-ID precomputed full-supported candidate ranking,completed,completed_cached,native_cfmid_precomputed_full_supported_queries,1274,1.0,True,True,True,1.0,,,,0.0,,1274.0,,Native CFM-ID result on matched 170 supported [M+H]+ queries.
143,196,196,cfmid_native,CFM-ID,Native CFM-ID precomputed full-supported candidate ranking,completed,completed_cached,native_cfmid_precomputed_full_supported_queries,4522,218.0,False,False,False,0.0045871559633027,,,,0.0,,4522.0,,Native CFM-ID result on matched 170 supported [M+H]+ queries.
144,199,199,cfmid_native,CFM-ID,Native CFM-ID precomputed full-supported candidate ranking,completed,completed_cached,native_cfmid_precomputed_full_supported_queries,4447,3.0,False,True,True,0.3333333333333333,,,,0.0,,4447.0,,Native CFM-ID result on matched 170 supported [M+H]+ queries.
145,200,200,cfmid_native,CFM-ID,Native CFM-ID precomputed full-supported candidate ranking,completed,completed_cached,native_cfmid_precomputed_full_supported_queries,510,266.0,False,False,False,0.0037593984962406,,,,0.0,,510.0,,Native CFM-ID result on matched 170 supported [M+H]+ queries.
146,201,201,cfmid_native,CFM-ID,Native CFM-ID precomputed full-supported candidate ranking,completed,completed_cached,native_cfmid_precomputed_full_supported_queries,7033,33.0,False,False,False,0.0303030303030303,,,,0.0,,7033.0,,Native CFM-ID result on matched 170 supported [M+H]+ queries.
147,205,205,cfmid_native,CFM-ID,Native CFM-ID precomputed full-supported candidate ranking,completed,completed_cached,native_cfmid_precomputed_full_supported_queries,9363,1.0,True,True,True,1.0,,,,0.0,,9363.0,,Native CFM-ID result on matched 170 supported [M+H]+ queries.
148,206,206,cfmid_native,CFM-ID,Native CFM-ID precomputed full-supported candidate ranking,completed,completed_cached,native_cfmid_precomputed_full_supported_queries,9113,112.0,False,False,False,0.0089285714285714,,,,0.0,,9113.0,,Native CFM-ID result on matched 170 supported [M+H]+ queries.
149,207,207,cfmid_native,CFM-ID,Native CFM-ID precomputed full-supported candidate ranking,completed,completed_cached,native_cfmid_precomputed_full_supported_queries,5971,134.0,False,False,False,0.0074626865671641,,,,0.0,,5971.0,,Native CFM-ID result on matched 170 supported [M+H]+ queries.
150,208,208,cfmid_native,CFM-ID,Native CFM-ID precomputed full-supported candidate ranking,completed,completed_cached,native_cfmid_precomputed_full_supported_queries,9633,3.0,False,True,True,0.3333333333333333,,,,0.0,,9633.0,,Native CFM-ID result on matched 170 supported [M+H]+ queries.
151,209,209,cfmid_native,CFM-ID,Native CFM-ID precomputed full-supported candidate ranking,completed,completed_cached,native_cfmid_precomputed_full_supported_queries,9092,322.0,False,False,False,0.0031055900621118,,,,0.0,,9092.0,,Native CFM-ID result on matched 170 supported [M+H]+ queries.
152,210,210,cfmid_native,CFM-ID,Native CFM-ID precomputed full-supported candidate ranking,completed,completed_cached,native_cfmid_precomputed_full_supported_queries,6490,17.0,False,False,False,0.0588235294117647,,,,0.0,,6490.0,,Native CFM-ID result on matched 170 supported [M+H]+ queries.
153,211,211,cfmid_native,CFM-ID,Native CFM-ID precomputed full-supported candidate ranking,completed,completed_cached,native_cfmid_precomputed_full_supported_queries,9668,52.0,False,False,False,0.0192307692307692,,,,0.0,,9668.0,,Native CFM-ID result on matched 170 supported [M+H]+ queries.
154,212,212,cfmid_native,CFM-ID,Native CFM-ID precomputed full-supported candidate ranking,completed,completed_cached,native_cfmid_precomputed_full_supported_queries,9580,1541.0,False,False,False,0.0006489292667099,,,,0.0,,9580.0,,Native CFM-ID result on matched 170 supported [M+H]+ queries.
155,213,213,cfmid_native,CFM-ID,Native CFM-ID precomputed full-supported candidate ranking,completed,completed_cached,native_cfmid_precomputed_full_supported_queries,9069,3425.0,False,False,False,0.0002919708029197,,,,0.0,,9069.0,,Native CFM-ID result on matched 170 supported [M+H]+ queries.
156,214,214,cfmid_native,CFM-ID,Native CFM-ID precomputed full-supported candidate ranking,completed,completed_cached,native_cfmid_precomputed_full_supported_queries,1846,15.0,False,False,False,0.0666666666666666,,,,0.0,,1846.0,,Native CFM-ID result on matched 170 supported [M+H]+ queries.
157,215,215,cfmid_native,CFM-ID,Native CFM-ID precomputed full-supported candidate ranking,completed,completed_cached,native_cfmid_precomputed_full_supported_queries,9453,405.0,False,False,False,0.0024691358024691,,,,0.0,,9453.0,,Native CFM-ID result on matched 170 supported [M+H]+ queries.
158,216,216,cfmid_native,CFM-ID,Native CFM-ID precomputed full-supported candidate ranking,completed,completed_cached,native_cfmid_precomputed_full_supported_queries,5420,2054.0,False,False,False,0.0004868549172346,,,,0.0,,5420.0,,Native CFM-ID result on matched 170 supported [M+H]+ queries.
159,218,218,cfmid_native,CFM-ID,Native CFM-ID precomputed full-supported candidate ranking,completed,completed_cached,native_cfmid_precomputed_full_supported_queries,7363,649.0,False,False,False,0.0015408320493066,,,,0.0,,7363.0,,Native CFM-ID result on matched 170 supported [M+H]+ queries.
160,219,219,cfmid_native,CFM-ID,Native CFM-ID precomputed full-supported candidate ranking,completed,completed_cached,native_cfmid_precomputed_full_supported_queries,3155,7.0,False,False,True,0.1428571428571428,,,,0.0,,3155.0,,Native CFM-ID result on matched 170 supported [M+H]+ queries.
161,220,220,cfmid_native,CFM-ID,Native CFM-ID precomputed full-supported candidate ranking,completed,completed_cached,native_cfmid_precomputed_full_supported_queries,9633,564.0,False,False,False,0.00177304964539,,,,0.0,,9633.0,,Native CFM-ID result on matched 170 supported [M+H]+ queries.
162,221,221,cfmid_native,CFM-ID,Native CFM-ID precomputed full-supported candidate ranking,completed,completed_cached,native_cfmid_precomputed_full_supported_queries,9150,381.0,False,False,False,0.0026246719160104,,,,0.0,,9150.0,,Native CFM-ID result on matched 170 supported [M+H]+ queries.
163,222,222,cfmid_native,CFM-ID,Native CFM-ID precomputed full-supported candidate ranking,completed,completed_cached,native_cfmid_precomputed_full_supported_queries,9240,233.0,False,False,False,0.0042918454935622,,,,0.0,,9240.0,,Native CFM-ID result on matched 170 supported [M+H]+ queries.
164,223,223,cfmid_native,CFM-ID,Native CFM-ID precomputed full-supported candidate ranking,completed,completed_cached,native_cfmid_precomputed_full_supported_queries,9012,18.0,False,False,False,0.0555555555555555,,,,0.0,,9012.0,,Native CFM-ID result on matched 170 supported [M+H]+ queries.
165,224,224,cfmid_native,CFM-ID,Native CFM-ID precomputed full-supported candidate ranking,completed,completed_cached,native_cfmid_precomputed_full_supported_queries,2730,28.0,False,False,False,0.0357142857142857,,,,0.0,,2730.0,,Native CFM-ID result on matched 170 supported [M+H]+ queries.
166,225,225,cfmid_native,CFM-ID,Native CFM-ID precomputed full-supported candidate ranking,completed,completed_cached,native_cfmid_precomputed_full_supported_queries,6158,715.0,False,False,False,0.0013986013986013,,,,0.0,,6158.0,,Native CFM-ID result on matched 170 supported [M+H]+ queries.
167,226,226,cfmid_native,CFM-ID,Native CFM-ID precomputed full-supported candidate ranking,completed,completed_cached,native_cfmid_precomputed_full_supported_queries,9691,878.0,False,False,False,0.0011389521640091,,,,0.0,,9691.0,,Native CFM-ID result on matched 170 supported [M+H]+ queries.
168,227,227,cfmid_native,CFM-ID,Native CFM-ID precomputed full-supported candidate ranking,completed,completed_cached,native_cfmid_precomputed_full_supported_queries,1329,566.0,False,False,False,0.0017667844522968,,,,0.0,,1329.0,,Native CFM-ID result on matched 170 supported [M+H]+ queries.
169,228,228,cfmid_native,CFM-ID,Native CFM-ID precomputed full-supported candidate ranking,completed,completed_cached,native_cfmid_precomputed_full_supported_queries,6956,525.0,False,False,False,0.0019047619047619,,,,0.0,,6956.0,,Native CFM-ID result on matched 170 supported [M+H]+ queries.
0,0,0,cfmid_ms2deepscore_hybrid,CFM-ID-generated spectra + MS2DeepScore similarity hybrid,CFM-ID-generated candidate spectra + MS2DeepScore similarity hybrid,completed,completed,cfmid_generated_spectra_ms2deepscore_similarity_full_supported_hybrid,1241,16.0,False,False,False,0.0625,,,,0.0,,,1241.0,Do not call this native MS2DeepScore; spectra were generated by CFM-ID.
1,3,3,cfmid_ms2deepscore_hybrid,CFM-ID-generated spectra + MS2DeepScore similarity hybrid,CFM-ID-generated candidate spectra + MS2DeepScore similarity hybrid,completed,completed,cfmid_generated_spectra_ms2deepscore_similarity_full_supported_hybrid,8524,3.0,False,True,True,0.3333333333333333,,,,0.0,,,8524.0,Do not call this native MS2DeepScore; spectra were generated by CFM-ID.
2,4,4,cfmid_ms2deepscore_hybrid,CFM-ID-generated spectra + MS2DeepScore similarity hybrid,CFM-ID-generated candidate spectra + MS2DeepScore similarity hybrid,completed,completed,cfmid_generated_spectra_ms2deepscore_similarity_full_supported_hybrid,7594,45.0,False,False,False,0.0222222222222222,,,,0.0,,,7594.0,Do not call this native MS2DeepScore; spectra were generated by CFM-ID.
3,5,5,cfmid_ms2deepscore_hybrid,CFM-ID-generated spectra + MS2DeepScore similarity hybrid,CFM-ID-generated candidate spectra + MS2DeepScore similarity hybrid,completed,completed,cfmid_generated_spectra_ms2deepscore_similarity_full_supported_hybrid,1074,67.0,False,False,False,0.0149253731343283,,,,0.0,,,1074.0,Do not call this native MS2DeepScore; spectra were generated by CFM-ID.
4,6,6,cfmid_ms2deepscore_hybrid,CFM-ID-generated spectra + MS2DeepScore similarity hybrid,CFM-ID-generated candidate spectra + MS2DeepScore similarity hybrid,completed,completed,cfmid_generated_spectra_ms2deepscore_similarity_full_supported_hybrid,1524,602.0,False,False,False,0.0016611295681063,,,,0.0,,,1524.0,Do not call this native MS2DeepScore; spectra were generated by CFM-ID.
5,7,7,cfmid_ms2deepscore_hybrid,CFM-ID-generated spectra + MS2DeepScore similarity hybrid,CFM-ID-generated candidate spectra + MS2DeepScore similarity hybrid,completed,completed,cfmid_generated_spectra_ms2deepscore_similarity_full_supported_hybrid,7016,1972.0,False,False,False,0.0005070993914807,,,,0.0,,,7016.0,Do not call this native MS2DeepScore; spectra were generated by CFM-ID.
6,9,9,cfmid_ms2deepscore_hybrid,CFM-ID-generated spectra + MS2DeepScore similarity hybrid,CFM-ID-generated candidate spectra + MS2DeepScore similarity hybrid,completed,completed,cfmid_generated_spectra_ms2deepscore_similarity_full_supported_hybrid,8632,554.0,False,False,False,0.0018050541516245,,,,0.0,,,8632.0,Do not call this native MS2DeepScore; spectra were generated by CFM-ID.
7,10,10,cfmid_ms2deepscore_hybrid,CFM-ID-generated spectra + MS2DeepScore similarity hybrid,CFM-ID-generated candidate spectra + MS2DeepScore similarity hybrid,completed,completed,cfmid_generated_spectra_ms2deepscore_similarity_full_supported_hybrid,2797,2303.0,False,False,False,0.0004342162396873,,,,0.0,,,2797.0,Do not call this native MS2DeepScore; spectra were generated by CFM-ID.
8,11,11,cfmid_ms2deepscore_hybrid,CFM-ID-generated spectra + MS2DeepScore similarity hybrid,CFM-ID-generated candidate spectra + MS2DeepScore similarity hybrid,completed,completed,cfmid_generated_spectra_ms2deepscore_similarity_full_supported_hybrid,6368,4.0,False,True,True,0.25,,,,0.0,,,6368.0,Do not call this native MS2DeepScore; spectra were generated by CFM-ID.
9,12,12,cfmid_ms2deepscore_hybrid,CFM-ID-generated spectra + MS2DeepScore similarity hybrid,CFM-ID-generated candidate spectra + MS2DeepScore similarity hybrid,completed,completed,cfmid_generated_spectra_ms2deepscore_similarity_full_supported_hybrid,9462,6277.0,False,False,False,0.00015931177314,,,,0.0,,,9462.0,Do not call this native MS2DeepScore; spectra were generated by CFM-ID.
10,15,15,cfmid_ms2deepscore_hybrid,CFM-ID-generated spectra + MS2DeepScore similarity hybrid,CFM-ID-generated candidate spectra + MS2DeepScore similarity hybrid,completed,completed,cfmid_generated_spectra_ms2deepscore_similarity_full_supported_hybrid,4775,141.0,False,False,False,0.0070921985815602,,,,0.0,,,4775.0,Do not call this native MS2DeepScore; spectra were generated by CFM-ID.
11,16,16,cfmid_ms2deepscore_hybrid,CFM-ID-generated spectra + MS2DeepScore similarity hybrid,CFM-ID-generated candidate spectra + MS2DeepScore similarity hybrid,completed,completed,cfmid_generated_spectra_ms2deepscore_similarity_full_supported_hybrid,103,5.0,False,True,True,0.2,,,,0.0,,,103.0,Do not call this native MS2DeepScore; spectra were generated by CFM-ID.
12,17,17,cfmid_ms2deepscore_hybrid,CFM-ID-generated spectra + MS2DeepScore similarity hybrid,CFM-ID-generated candidate spectra + MS2DeepScore similarity hybrid,completed,completed,cfmid_generated_spectra_ms2deepscore_similarity_full_supported_hybrid,9564,4330.0,False,False,False,0.000230946882217,,,,0.0,,,9564.0,Do not call this native MS2DeepScore; spectra were generated by CFM-ID.
13,18,18,cfmid_ms2deepscore_hybrid,CFM-ID-generated spectra + MS2DeepScore similarity hybrid,CFM-ID-generated candidate spectra + MS2DeepScore similarity hybrid,completed,completed,cfmid_generated_spectra_ms2deepscore_similarity_full_supported_hybrid,6548,723.0,False,False,False,0.0013831258644536,,,,0.0,,,6548.0,Do not call this native MS2DeepScore; spectra were generated by CFM-ID.
14,21,21,cfmid_ms2deepscore_hybrid,CFM-ID-generated spectra + MS2DeepScore similarity hybrid,CFM-ID-generated candidate spectra + MS2DeepScore similarity hybrid,completed,completed,cfmid_generated_spectra_ms2deepscore_similarity_full_supported_hybrid,5615,70.0,False,False,False,0.0142857142857142,,,,0.0,,,5615.0,Do not call this native MS2DeepScore; spectra were generated by CFM-ID.
15,22,22,cfmid_ms2deepscore_hybrid,CFM-ID-generated spectra + MS2DeepScore similarity hybrid,CFM-ID-generated candidate spectra + MS2DeepScore similarity hybrid,completed,completed,cfmid_generated_spectra_ms2deepscore_similarity_full_supported_hybrid,6294,163.0,False,False,False,0.0061349693251533,,,,0.0,,,6294.0,Do not call this native MS2DeepScore; spectra were generated by CFM-ID.
16,23,23,cfmid_ms2deepscore_hybrid,CFM-ID-generated spectra + MS2DeepScore similarity hybrid,CFM-ID-generated candidate spectra + MS2DeepScore similarity hybrid,completed,completed,cfmid_generated_spectra_ms2deepscore_similarity_full_supported_hybrid,5745,78.0,False,False,False,0.0128205128205128,,,,0.0,,,5745.0,Do not call this native MS2DeepScore; spectra were generated by CFM-ID.
17,24,24,cfmid_ms2deepscore_hybrid,CFM-ID-generated spectra + MS2DeepScore similarity hybrid,CFM-ID-generated candidate spectra + MS2DeepScore similarity hybrid,completed,completed,cfmid_generated_spectra_ms2deepscore_similarity_full_supported_hybrid,5015,523.0,False,False,False,0.0019120458891013,,,,0.0,,,5015.0,Do not call this native MS2DeepScore; spectra were generated by CFM-ID.
18,25,25,cfmid_ms2deepscore_hybrid,CFM-ID-generated spectra + MS2DeepScore similarity hybrid,CFM-ID-generated candidate spectra + MS2DeepScore similarity hybrid,completed,completed,cfmid_generated_spectra_ms2deepscore_similarity_full_supported_hybrid,9778,45.0,False,False,False,0.0222222222222222,,,,0.0,,,9778.0,Do not call this native MS2DeepScore; spectra were generated by CFM-ID.
19,26,26,cfmid_ms2deepscore_hybrid,CFM-ID-generated spectra + MS2DeepScore similarity hybrid,CFM-ID-generated candidate spectra + MS2DeepScore similarity hybrid,completed,completed,cfmid_generated_spectra_ms2deepscore_similarity_full_supported_hybrid,8521,564.0,False,False,False,0.00177304964539,,,,0.0,,,8521.0,Do not call this native MS2DeepScore; spectra were generated by CFM-ID.
20,27,27,cfmid_ms2deepscore_hybrid,CFM-ID-generated spectra + MS2DeepScore similarity hybrid,CFM-ID-generated candidate spectra + MS2DeepScore similarity hybrid,completed,completed,cfmid_generated_spectra_ms2deepscore_similarity_full_supported_hybrid,3327,69.0,False,False,False,0.0144927536231884,,,,0.0,,,3327.0,Do not call this native MS2DeepScore; spectra were generated by CFM-ID.
21,29,29,cfmid_ms2deepscore_hybrid,CFM-ID-generated spectra + MS2DeepScore similarity hybrid,CFM-ID-generated candidate spectra + MS2DeepScore similarity hybrid,completed,completed,cfmid_generated_spectra_ms2deepscore_similarity_full_supported_hybrid,8062,21.0,False,False,False,0.0476190476190476,,,,0.0,,,8062.0,Do not call this native MS2DeepScore; spectra were generated by CFM-ID.
22,31,31,cfmid_ms2deepscore_hybrid,CFM-ID-generated spectra + MS2DeepScore similarity hybrid,CFM-ID-generated candidate spectra + MS2DeepScore similarity hybrid,completed,completed,cfmid_generated_spectra_ms2deepscore_similarity_full_supported_hybrid,9668,200.0,False,False,False,0.005,,,,0.0,,,9668.0,Do not call this native MS2DeepScore; spectra were generated by CFM-ID.
23,34,34,cfmid_ms2deepscore_hybrid,CFM-ID-generated spectra + MS2DeepScore similarity hybrid,CFM-ID-generated candidate spectra + MS2DeepScore similarity hybrid,completed,completed,cfmid_generated_spectra_ms2deepscore_similarity_full_supported_hybrid,457,7.0,False,False,True,0.1428571428571428,,,,0.0,,,457.0,Do not call this native MS2DeepScore; spectra were generated by CFM-ID.
24,35,35,cfmid_ms2deepscore_hybrid,CFM-ID-generated spectra + MS2DeepScore similarity hybrid,CFM-ID-generated candidate spectra + MS2DeepScore similarity hybrid,completed,completed,cfmid_generated_spectra_ms2deepscore_similarity_full_supported_hybrid,233,71.0,False,False,False,0.0140845070422535,,,,0.0,,,233.0,Do not call this native MS2DeepScore; spectra were generated by CFM-ID.
25,37,37,cfmid_ms2deepscore_hybrid,CFM-ID-generated spectra + MS2DeepScore similarity hybrid,CFM-ID-generated candidate spectra + MS2DeepScore similarity hybrid,completed,completed,cfmid_generated_spectra_ms2deepscore_similarity_full_supported_hybrid,8957,1450.0,False,False,False,0.0006896551724137,,,,0.0,,,8957.0,Do not call this native MS2DeepScore; spectra were generated by CFM-ID.
26,38,38,cfmid_ms2deepscore_hybrid,CFM-ID-generated spectra + MS2DeepScore similarity hybrid,CFM-ID-generated candidate spectra + MS2DeepScore similarity hybrid,completed,completed,cfmid_generated_spectra_ms2deepscore_similarity_full_supported_hybrid,9532,77.0,False,False,False,0.0129870129870129,,,,0.0,,,9532.0,Do not call this native MS2DeepScore; spectra were generated by CFM-ID.
27,39,39,cfmid_ms2deepscore_hybrid,CFM-ID-generated spectra + MS2DeepScore similarity hybrid,CFM-ID-generated candidate spectra + MS2DeepScore similarity hybrid,completed,completed,cfmid_generated_spectra_ms2deepscore_similarity_full_supported_hybrid,859,327.0,False,False,False,0.0030581039755351,,,,0.0,,,859.0,Do not call this native MS2DeepScore; spectra were generated by CFM-ID.
28,40,40,cfmid_ms2deepscore_hybrid,CFM-ID-generated spectra + MS2DeepScore similarity hybrid,CFM-ID-generated candidate spectra + MS2DeepScore similarity hybrid,completed,completed,cfmid_generated_spectra_ms2deepscore_similarity_full_supported_hybrid,7695,72.0,False,False,False,0.0138888888888888,,,,0.0,,,7695.0,Do not call this native MS2DeepScore; spectra were generated by CFM-ID.
29,41,41,cfmid_ms2deepscore_hybrid,CFM-ID-generated spectra + MS2DeepScore similarity hybrid,CFM-ID-generated candidate spectra + MS2DeepScore similarity hybrid,completed,completed,cfmid_generated_spectra_ms2deepscore_similarity_full_supported_hybrid,5158,2.0,False,True,True,0.5,,,,0.0,,,5158.0,Do not call this native MS2DeepScore; spectra were generated by CFM-ID.
30,42,42,cfmid_ms2deepscore_hybrid,CFM-ID-generated spectra + MS2DeepScore similarity hybrid,CFM-ID-generated candidate spectra + MS2DeepScore similarity hybrid,completed,completed,cfmid_generated_spectra_ms2deepscore_similarity_full_supported_hybrid,9484,954.0,False,False,False,0.0010482180293501,,,,0.0,,,9484.0,Do not call this native MS2DeepScore; spectra were generated by CFM-ID.
31,43,43,cfmid_ms2deepscore_hybrid,CFM-ID-generated spectra + MS2DeepScore similarity hybrid,CFM-ID-generated candidate spectra + MS2DeepScore similarity hybrid,completed,completed,cfmid_generated_spectra_ms2deepscore_similarity_full_supported_hybrid,8937,1183.0,False,False,False,0.0008453085376162,,,,0.0,,,8937.0,Do not call this native MS2DeepScore; spectra were generated by CFM-ID.
32,46,46,cfmid_ms2deepscore_hybrid,CFM-ID-generated spectra + MS2DeepScore similarity hybrid,CFM-ID-generated candidate spectra + MS2DeepScore similarity hybrid,completed,completed,cfmid_generated_spectra_ms2deepscore_similarity_full_supported_hybrid,960,674.0,False,False,False,0.0014836795252225,,,,0.0,,,960.0,Do not call this native MS2DeepScore; spectra were generated by CFM-ID.
33,48,48,cfmid_ms2deepscore_hybrid,CFM-ID-generated spectra + MS2DeepScore similarity hybrid,CFM-ID-generated candidate spectra + MS2DeepScore similarity hybrid,completed,completed,cfmid_generated_spectra_ms2deepscore_similarity_full_supported_hybrid,9066,822.0,False,False,False,0.0012165450121654,,,,0.0,,,9066.0,Do not call this native MS2DeepScore; spectra were generated by CFM-ID.
34,50,50,cfmid_ms2deepscore_hybrid,CFM-ID-generated spectra + MS2DeepScore similarity hybrid,CFM-ID-generated candidate spectra + MS2DeepScore similarity hybrid,completed,completed,cfmid_generated_spectra_ms2deepscore_similarity_full_supported_hybrid,1506,322.0,False,False,False,0.0031055900621118,,,,0.0,,,1506.0,Do not call this native MS2DeepScore; spectra were generated by CFM-ID.
35,51,51,cfmid_ms2deepscore_hybrid,CFM-ID-generated spectra + MS2DeepScore similarity hybrid,CFM-ID-generated candidate spectra + MS2DeepScore similarity hybrid,completed,completed,cfmid_generated_spectra_ms2deepscore_similarity_full_supported_hybrid,558,388.0,False,False,False,0.0025773195876288,,,,0.0,,,558.0,Do not call this native MS2DeepScore; spectra were generated by CFM-ID.
36,53,53,cfmid_ms2deepscore_hybrid,CFM-ID-generated spectra + MS2DeepScore similarity hybrid,CFM-ID-generated candidate spectra + MS2DeepScore similarity hybrid,completed,completed,cfmid_generated_spectra_ms2deepscore_similarity_full_supported_hybrid,1206,337.0,False,False,False,0.0029673590504451,,,,0.0,,,1206.0,Do not call this native MS2DeepScore; spectra were generated by CFM-ID.
37,54,54,cfmid_ms2deepscore_hybrid,CFM-ID-generated spectra + MS2DeepScore similarity hybrid,CFM-ID-generated candidate spectra + MS2DeepScore similarity hybrid,completed,completed,cfmid_generated_spectra_ms2deepscore_similarity_full_supported_hybrid,6814,1102.0,False,False,False,0.0009074410163339,,,,0.0,,,6814.0,Do not call this native MS2DeepScore; spectra were generated by CFM-ID.
38,55,55,cfmid_ms2deepscore_hybrid,CFM-ID-generated spectra + MS2DeepScore similarity hybrid,CFM-ID-generated candidate spectra + MS2DeepScore similarity hybrid,completed,completed,cfmid_generated_spectra_ms2deepscore_similarity_full_supported_hybrid,9288,932.0,False,False,False,0.0010729613733905,,,,0.0,,,9288.0,Do not call this native MS2DeepScore; spectra were generated by CFM-ID.
39,56,56,cfmid_ms2deepscore_hybrid,CFM-ID-generated spectra + MS2DeepScore similarity hybrid,CFM-ID-generated candidate spectra + MS2DeepScore similarity hybrid,completed,completed,cfmid_generated_spectra_ms2deepscore_similarity_full_supported_hybrid,9532,989.0,False,False,False,0.0010111223458038,,,,0.0,,,9532.0,Do not call this native MS2DeepScore; spectra were generated by CFM-ID.
40,58,58,cfmid_ms2deepscore_hybrid,CFM-ID-generated spectra + MS2DeepScore similarity hybrid,CFM-ID-generated candidate spectra + MS2DeepScore similarity hybrid,completed,completed,cfmid_generated_spectra_ms2deepscore_similarity_full_supported_hybrid,2999,900.0,False,False,False,0.0011111111111111,,,,0.0,,,2999.0,Do not call this native MS2DeepScore; spectra were generated by CFM-ID.
41,59,59,cfmid_ms2deepscore_hybrid,CFM-ID-generated spectra + MS2DeepScore similarity hybrid,CFM-ID-generated candidate spectra + MS2DeepScore similarity hybrid,completed,completed,cfmid_generated_spectra_ms2deepscore_similarity_full_supported_hybrid,9219,6801.0,False,False,False,0.0001470372004117,,,,0.0,,,9219.0,Do not call this native MS2DeepScore; spectra were generated by CFM-ID.
42,60,60,cfmid_ms2deepscore_hybrid,CFM-ID-generated spectra + MS2DeepScore similarity hybrid,CFM-ID-generated candidate spectra + MS2DeepScore similarity hybrid,completed,completed,cfmid_generated_spectra_ms2deepscore_similarity_full_supported_hybrid,7090,701.0,False,False,False,0.0014265335235378,,,,0.0,,,7090.0,Do not call this native MS2DeepScore; spectra were generated by CFM-ID.
43,61,61,cfmid_ms2deepscore_hybrid,CFM-ID-generated spectra + MS2DeepScore similarity hybrid,CFM-ID-generated candidate spectra + MS2DeepScore similarity hybrid,completed,completed,cfmid_generated_spectra_ms2deepscore_similarity_full_supported_hybrid,8027,972.0,False,False,False,0.0010288065843621,,,,0.0,,,8027.0,Do not call this native MS2DeepScore; spectra were generated by CFM-ID.
44,64,64,cfmid_ms2deepscore_hybrid,CFM-ID-generated spectra + MS2DeepScore similarity hybrid,CFM-ID-generated candidate spectra + MS2DeepScore similarity hybrid,completed,completed,cfmid_generated_spectra_ms2deepscore_similarity_full_supported_hybrid,817,207.0,False,False,False,0.0048309178743961,,,,0.0,,,817.0,Do not call this native MS2DeepScore; spectra were generated by CFM-ID.
45,65,65,cfmid_ms2deepscore_hybrid,CFM-ID-generated spectra + MS2DeepScore similarity hybrid,CFM-ID-generated candidate spectra + MS2DeepScore similarity hybrid,completed,completed,cfmid_generated_spectra_ms2deepscore_similarity_full_supported_hybrid,9590,4858.0,False,False,False,0.0002058460271716,,,,0.0,,,9590.0,Do not call this native MS2DeepScore; spectra were generated by CFM-ID.
46,68,68,cfmid_ms2deepscore_hybrid,CFM-ID-generated spectra + MS2DeepScore similarity hybrid,CFM-ID-generated candidate spectra + MS2DeepScore similarity hybrid,completed,completed,cfmid_generated_spectra_ms2deepscore_similarity_full_supported_hybrid,1511,686.0,False,False,False,0.0014577259475218,,,,0.0,,,1511.0,Do not call this native MS2DeepScore; spectra were generated by CFM-ID.
47,69,69,cfmid_ms2deepscore_hybrid,CFM-ID-generated spectra + MS2DeepScore similarity hybrid,CFM-ID-generated candidate spectra + MS2DeepScore similarity hybrid,completed,completed,cfmid_generated_spectra_ms2deepscore_similarity_full_supported_hybrid,9556,20.0,False,False,False,0.05,,,,0.0,,,9556.0,Do not call this native MS2DeepScore; spectra were generated by CFM-ID.
48,70,70,cfmid_ms2deepscore_hybrid,CFM-ID-generated spectra + MS2DeepScore similarity hybrid,CFM-ID-generated candidate spectra + MS2DeepScore similarity hybrid,completed,completed,cfmid_generated_spectra_ms2deepscore_similarity_full_supported_hybrid,8926,1055.0,False,False,False,0.0009478672985781,,,,0.0,,,8926.0,Do not call this native MS2DeepScore; spectra were generated by CFM-ID.
49,71,71,cfmid_ms2deepscore_hybrid,CFM-ID-generated spectra + MS2DeepScore similarity hybrid,CFM-ID-generated candidate spectra + MS2DeepScore similarity hybrid,completed,completed,cfmid_generated_spectra_ms2deepscore_similarity_full_supported_hybrid,9485,81.0,False,False,False,0.0123456790123456,,,,0.0,,,9485.0,Do not call this native MS2DeepScore; spectra were generated by CFM-ID.
50,74,74,cfmid_ms2deepscore_hybrid,CFM-ID-generated spectra + MS2DeepScore similarity hybrid,CFM-ID-generated candidate spectra + MS2DeepScore similarity hybrid,completed,completed,cfmid_generated_spectra_ms2deepscore_similarity_full_supported_hybrid,7251,848.0,False,False,False,0.0011792452830188,,,,0.0,,,7251.0,Do not call this native MS2DeepScore; spectra were generated by CFM-ID.
51,75,75,cfmid_ms2deepscore_hybrid,CFM-ID-generated spectra + MS2DeepScore similarity hybrid,CFM-ID-generated candidate spectra + MS2DeepScore similarity hybrid,completed,completed,cfmid_generated_spectra_ms2deepscore_similarity_full_supported_hybrid,4498,22.0,False,False,False,0.0454545454545454,,,,0.0,,,4498.0,Do not call this native MS2DeepScore; spectra were generated by CFM-ID.
52,76,76,cfmid_ms2deepscore_hybrid,CFM-ID-generated spectra + MS2DeepScore similarity hybrid,CFM-ID-generated candidate spectra + MS2DeepScore similarity hybrid,completed,completed,cfmid_generated_spectra_ms2deepscore_similarity_full_supported_hybrid,5745,1625.0,False,False,False,0.0006153846153846,,,,0.0,,,5745.0,Do not call this native MS2DeepScore; spectra were generated by CFM-ID.
53,77,77,cfmid_ms2deepscore_hybrid,CFM-ID-generated spectra + MS2DeepScore similarity hybrid,CFM-ID-generated candidate spectra + MS2DeepScore similarity hybrid,completed,completed,cfmid_generated_spectra_ms2deepscore_similarity_full_supported_hybrid,8719,265.0,False,False,False,0.0037735849056603,,,,0.0,,,8719.0,Do not call this native MS2DeepScore; spectra were generated by CFM-ID.
54,78,78,cfmid_ms2deepscore_hybrid,CFM-ID-generated spectra + MS2DeepScore similarity hybrid,CFM-ID-generated candidate spectra + MS2DeepScore similarity hybrid,completed,completed,cfmid_generated_spectra_ms2deepscore_similarity_full_supported_hybrid,787,3.0,False,True,True,0.3333333333333333,,,,0.0,,,787.0,Do not call this native MS2DeepScore; spectra were generated by CFM-ID.
55,79,79,cfmid_ms2deepscore_hybrid,CFM-ID-generated spectra + MS2DeepScore similarity hybrid,CFM-ID-generated candidate spectra + MS2DeepScore similarity hybrid,completed,completed,cfmid_generated_spectra_ms2deepscore_similarity_full_supported_hybrid,7821,2698.0,False,False,False,0.0003706449221645,,,,0.0,,,7821.0,Do not call this native MS2DeepScore; spectra were generated by CFM-ID.
56,80,80,cfmid_ms2deepscore_hybrid,CFM-ID-generated spectra + MS2DeepScore similarity hybrid,CFM-ID-generated candidate spectra + MS2DeepScore similarity hybrid,completed,completed,cfmid_generated_spectra_ms2deepscore_similarity_full_supported_hybrid,7809,307.0,False,False,False,0.003257328990228,,,,0.0,,,7809.0,Do not call this native MS2DeepScore; spectra were generated by CFM-ID.
57,82,82,cfmid_ms2deepscore_hybrid,CFM-ID-generated spectra + MS2DeepScore similarity hybrid,CFM-ID-generated candidate spectra + MS2DeepScore similarity hybrid,completed,completed,cfmid_generated_spectra_ms2deepscore_similarity_full_supported_hybrid,5788,2609.0,False,False,False,0.000383288616328,,,,0.0,,,5788.0,Do not call this native MS2DeepScore; spectra were generated by CFM-ID.
58,83,83,cfmid_ms2deepscore_hybrid,CFM-ID-generated spectra + MS2DeepScore similarity hybrid,CFM-ID-generated candidate spectra + MS2DeepScore similarity hybrid,completed,completed,cfmid_generated_spectra_ms2deepscore_similarity_full_supported_hybrid,9564,678.0,False,False,False,0.0014749262536873,,,,0.0,,,9564.0,Do not call this native MS2DeepScore; spectra were generated by CFM-ID.
59,84,84,cfmid_ms2deepscore_hybrid,CFM-ID-generated spectra + MS2DeepScore similarity hybrid,CFM-ID-generated candidate spectra + MS2DeepScore similarity hybrid,completed,completed,cfmid_generated_spectra_ms2deepscore_similarity_full_supported_hybrid,7090,1941.0,False,False,False,0.0005151983513652,,,,0.0,,,7090.0,Do not call this native MS2DeepScore; spectra were generated by CFM-ID.
60,87,87,cfmid_ms2deepscore_hybrid,CFM-ID-generated spectra + MS2DeepScore similarity hybrid,CFM-ID-generated candidate spectra + MS2DeepScore similarity hybrid,completed,completed,cfmid_generated_spectra_ms2deepscore_similarity_full_supported_hybrid,2560,468.0,False,False,False,0.0021367521367521,,,,0.0,,,2560.0,Do not call this native MS2DeepScore; spectra were generated by CFM-ID.
61,88,88,cfmid_ms2deepscore_hybrid,CFM-ID-generated spectra + MS2DeepScore similarity hybrid,CFM-ID-generated candidate spectra + MS2DeepScore similarity hybrid,completed,completed,cfmid_generated_spectra_ms2deepscore_similarity_full_supported_hybrid,6054,1503.0,False,False,False,0.0006653359946773,,,,0.0,,,6054.0,Do not call this native MS2DeepScore; spectra were generated by CFM-ID.
62,89,89,cfmid_ms2deepscore_hybrid,CFM-ID-generated spectra + MS2DeepScore similarity hybrid,CFM-ID-generated candidate spectra + MS2DeepScore similarity hybrid,completed,completed,cfmid_generated_spectra_ms2deepscore_similarity_full_supported_hybrid,9564,2156.0,False,False,False,0.0004638218923933,,,,0.0,,,9564.0,Do not call this native MS2DeepScore; spectra were generated by CFM-ID.
63,90,90,cfmid_ms2deepscore_hybrid,CFM-ID-generated spectra + MS2DeepScore similarity hybrid,CFM-ID-generated candidate spectra + MS2DeepScore similarity hybrid,completed,completed,cfmid_generated_spectra_ms2deepscore_similarity_full_supported_hybrid,1959,1142.0,False,False,False,0.0008756567425569,,,,0.0,,,1959.0,Do not call this native MS2DeepScore; spectra were generated by CFM-ID.
64,93,93,cfmid_ms2deepscore_hybrid,CFM-ID-generated spectra + MS2DeepScore similarity hybrid,CFM-ID-generated candidate spectra + MS2DeepScore similarity hybrid,completed,completed,cfmid_generated_spectra_ms2deepscore_similarity_full_supported_hybrid,9460,6.0,False,False,True,0.1666666666666666,,,,0.0,,,9460.0,Do not call this native MS2DeepScore; spectra were generated by CFM-ID.
65,94,94,cfmid_ms2deepscore_hybrid,CFM-ID-generated spectra + MS2DeepScore similarity hybrid,CFM-ID-generated candidate spectra + MS2DeepScore similarity hybrid,completed,completed,cfmid_generated_spectra_ms2deepscore_similarity_full_supported_hybrid,347,43.0,False,False,False,0.0232558139534883,,,,0.0,,,347.0,Do not call this native MS2DeepScore; spectra were generated by CFM-ID.
66,95,95,cfmid_ms2deepscore_hybrid,CFM-ID-generated spectra + MS2DeepScore similarity hybrid,CFM-ID-generated candidate spectra + MS2DeepScore similarity hybrid,completed,completed,cfmid_generated_spectra_ms2deepscore_similarity_full_supported_hybrid,1877,34.0,False,False,False,0.0294117647058823,,,,0.0,,,1877.0,Do not call this native MS2DeepScore; spectra were generated by CFM-ID.
67,96,96,cfmid_ms2deepscore_hybrid,CFM-ID-generated spectra + MS2DeepScore similarity hybrid,CFM-ID-generated candidate spectra + MS2DeepScore similarity hybrid,completed,completed,cfmid_generated_spectra_ms2deepscore_similarity_full_supported_hybrid,6683,846.0,False,False,False,0.0011820330969267,,,,0.0,,,6683.0,Do not call this native MS2DeepScore; spectra were generated by CFM-ID.
68,98,98,cfmid_ms2deepscore_hybrid,CFM-ID-generated spectra + MS2DeepScore similarity hybrid,CFM-ID-generated candidate spectra + MS2DeepScore similarity hybrid,completed,completed,cfmid_generated_spectra_ms2deepscore_similarity_full_supported_hybrid,9270,2166.0,False,False,False,0.0004616805170821,,,,0.0,,,9270.0,Do not call this native MS2DeepScore; spectra were generated by CFM-ID.
69,99,99,cfmid_ms2deepscore_hybrid,CFM-ID-generated spectra + MS2DeepScore similarity hybrid,CFM-ID-generated candidate spectra + MS2DeepScore similarity hybrid,completed,completed,cfmid_generated_spectra_ms2deepscore_similarity_full_supported_hybrid,6863,910.0,False,False,False,0.001098901098901,,,,0.0,,,6863.0,Do not call this native MS2DeepScore; spectra were generated by CFM-ID.
70,100,100,cfmid_ms2deepscore_hybrid,CFM-ID-generated spectra + MS2DeepScore similarity hybrid,CFM-ID-generated candidate spectra + MS2DeepScore similarity hybrid,completed,completed,cfmid_generated_spectra_ms2deepscore_similarity_full_supported_hybrid,6530,209.0,False,False,False,0.0047846889952153,,,,0.0,,,6530.0,Do not call this native MS2DeepScore; spectra were generated by CFM-ID.
71,101,101,cfmid_ms2deepscore_hybrid,CFM-ID-generated spectra + MS2DeepScore similarity hybrid,CFM-ID-generated candidate spectra + MS2DeepScore similarity hybrid,completed,completed,cfmid_generated_spectra_ms2deepscore_similarity_full_supported_hybrid,7839,1200.0,False,False,False,0.0008333333333333,,,,0.0,,,7839.0,Do not call this native MS2DeepScore; spectra were generated by CFM-ID.
72,102,102,cfmid_ms2deepscore_hybrid,CFM-ID-generated spectra + MS2DeepScore similarity hybrid,CFM-ID-generated candidate spectra + MS2DeepScore similarity hybrid,completed,completed,cfmid_generated_spectra_ms2deepscore_similarity_full_supported_hybrid,4859,809.0,False,False,False,0.0012360939431396,,,,0.0,,,4859.0,Do not call this native MS2DeepScore; spectra were generated by CFM-ID.
73,104,104,cfmid_ms2deepscore_hybrid,CFM-ID-generated spectra + MS2DeepScore similarity hybrid,CFM-ID-generated candidate spectra + MS2DeepScore similarity hybrid,completed,completed,cfmid_generated_spectra_ms2deepscore_similarity_full_supported_hybrid,8559,830.0,False,False,False,0.0012048192771084,,,,0.0,,,8559.0,Do not call this native MS2DeepScore; spectra were generated by CFM-ID.
74,105,105,cfmid_ms2deepscore_hybrid,CFM-ID-generated spectra + MS2DeepScore similarity hybrid,CFM-ID-generated candidate spectra + MS2DeepScore similarity hybrid,completed,completed,cfmid_generated_spectra_ms2deepscore_similarity_full_supported_hybrid,9237,56.0,False,False,False,0.0178571428571428,,,,0.0,,,9237.0,Do not call this native MS2DeepScore; spectra were generated by CFM-ID.
75,106,106,cfmid_ms2deepscore_hybrid,CFM-ID-generated spectra + MS2DeepScore similarity hybrid,CFM-ID-generated candidate spectra + MS2DeepScore similarity hybrid,completed,completed,cfmid_generated_spectra_ms2deepscore_similarity_full_supported_hybrid,9491,239.0,False,False,False,0.00418410041841,,,,0.0,,,9491.0,Do not call this native MS2DeepScore; spectra were generated by CFM-ID.
76,107,107,cfmid_ms2deepscore_hybrid,CFM-ID-generated spectra + MS2DeepScore similarity hybrid,CFM-ID-generated candidate spectra + MS2DeepScore similarity hybrid,completed,completed,cfmid_generated_spectra_ms2deepscore_similarity_full_supported_hybrid,8301,169.0,False,False,False,0.0059171597633136,,,,0.0,,,8301.0,Do not call this native MS2DeepScore; spectra were generated by CFM-ID.
77,108,108,cfmid_ms2deepscore_hybrid,CFM-ID-generated spectra + MS2DeepScore similarity hybrid,CFM-ID-generated candidate spectra + MS2DeepScore similarity hybrid,completed,completed,cfmid_generated_spectra_ms2deepscore_similarity_full_supported_hybrid,9739,18.0,False,False,False,0.0555555555555555,,,,0.0,,,9739.0,Do not call this native MS2DeepScore; spectra were generated by CFM-ID.
78,109,109,cfmid_ms2deepscore_hybrid,CFM-ID-generated spectra + MS2DeepScore similarity hybrid,CFM-ID-generated candidate spectra + MS2DeepScore similarity hybrid,completed,completed,cfmid_generated_spectra_ms2deepscore_similarity_full_supported_hybrid,4864,82.0,False,False,False,0.0121951219512195,,,,0.0,,,4864.0,Do not call this native MS2DeepScore; spectra were generated by CFM-ID.
79,111,111,cfmid_ms2deepscore_hybrid,CFM-ID-generated spectra + MS2DeepScore similarity hybrid,CFM-ID-generated candidate spectra + MS2DeepScore similarity hybrid,completed,completed,cfmid_generated_spectra_ms2deepscore_similarity_full_supported_hybrid,2744,2121.0,False,False,False,0.0004714757190004,,,,0.0,,,2744.0,Do not call this native MS2DeepScore; spectra were generated by CFM-ID.
80,112,112,cfmid_ms2deepscore_hybrid,CFM-ID-generated spectra + MS2DeepScore similarity hybrid,CFM-ID-generated candidate spectra + MS2DeepScore similarity hybrid,completed,completed,cfmid_generated_spectra_ms2deepscore_similarity_full_supported_hybrid,9092,1016.0,False,False,False,0.0009842519685039,,,,0.0,,,9092.0,Do not call this native MS2DeepScore; spectra were generated by CFM-ID.
81,113,113,cfmid_ms2deepscore_hybrid,CFM-ID-generated spectra + MS2DeepScore similarity hybrid,CFM-ID-generated candidate spectra + MS2DeepScore similarity hybrid,completed,completed,cfmid_generated_spectra_ms2deepscore_similarity_full_supported_hybrid,7164,13.0,False,False,False,0.0769230769230769,,,,0.0,,,7164.0,Do not call this native MS2DeepScore; spectra were generated by CFM-ID.
82,114,114,cfmid_ms2deepscore_hybrid,CFM-ID-generated spectra + MS2DeepScore similarity hybrid,CFM-ID-generated candidate spectra + MS2DeepScore similarity hybrid,completed,completed,cfmid_generated_spectra_ms2deepscore_similarity_full_supported_hybrid,689,72.0,False,False,False,0.0138888888888888,,,,0.0,,,689.0,Do not call this native MS2DeepScore; spectra were generated by CFM-ID.
83,115,115,cfmid_ms2deepscore_hybrid,CFM-ID-generated spectra + MS2DeepScore similarity hybrid,CFM-ID-generated candidate spectra + MS2DeepScore similarity hybrid,completed,completed,cfmid_generated_spectra_ms2deepscore_similarity_full_supported_hybrid,1876,439.0,False,False,False,0.0022779043280182,,,,0.0,,,1876.0,Do not call this native MS2DeepScore; spectra were generated by CFM-ID.
84,116,116,cfmid_ms2deepscore_hybrid,CFM-ID-generated spectra + MS2DeepScore similarity hybrid,CFM-ID-generated candidate spectra + MS2DeepScore similarity hybrid,completed,completed,cfmid_generated_spectra_ms2deepscore_similarity_full_supported_hybrid,9725,3012.0,False,False,False,0.0003320053120849,,,,0.0,,,9725.0,Do not call this native MS2DeepScore; spectra were generated by CFM-ID.
85,119,119,cfmid_ms2deepscore_hybrid,CFM-ID-generated spectra + MS2DeepScore similarity hybrid,CFM-ID-generated candidate spectra + MS2DeepScore similarity hybrid,completed,completed,cfmid_generated_spectra_ms2deepscore_similarity_full_supported_hybrid,9424,7333.0,False,False,False,0.0001363698349924,,,,0.0,,,9424.0,Do not call this native MS2DeepScore; spectra were generated by CFM-ID.
86,120,120,cfmid_ms2deepscore_hybrid,CFM-ID-generated spectra + MS2DeepScore similarity hybrid,CFM-ID-generated candidate spectra + MS2DeepScore similarity hybrid,completed,completed,cfmid_generated_spectra_ms2deepscore_similarity_full_supported_hybrid,9633,1719.0,False,False,False,0.0005817335660267,,,,0.0,,,9633.0,Do not call this native MS2DeepScore; spectra were generated by CFM-ID.
87,121,121,cfmid_ms2deepscore_hybrid,CFM-ID-generated spectra + MS2DeepScore similarity hybrid,CFM-ID-generated candidate spectra + MS2DeepScore similarity hybrid,completed,completed,cfmid_generated_spectra_ms2deepscore_similarity_full_supported_hybrid,9371,503.0,False,False,False,0.0019880715705765,,,,0.0,,,9371.0,Do not call this native MS2DeepScore; spectra were generated by CFM-ID.
88,122,122,cfmid_ms2deepscore_hybrid,CFM-ID-generated spectra + MS2DeepScore similarity hybrid,CFM-ID-generated candidate spectra + MS2DeepScore similarity hybrid,completed,completed,cfmid_generated_spectra_ms2deepscore_similarity_full_supported_hybrid,3108,728.0,False,False,False,0.0013736263736263,,,,0.0,,,3108.0,Do not call this native MS2DeepScore; spectra were generated by CFM-ID.
89,123,123,cfmid_ms2deepscore_hybrid,CFM-ID-generated spectra + MS2DeepScore similarity hybrid,CFM-ID-generated candidate spectra + MS2DeepScore similarity hybrid,completed,completed,cfmid_generated_spectra_ms2deepscore_similarity_full_supported_hybrid,2103,101.0,False,False,False,0.0099009900990099,,,,0.0,,,2103.0,Do not call this native MS2DeepScore; spectra were generated by CFM-ID.
90,126,126,cfmid_ms2deepscore_hybrid,CFM-ID-generated spectra + MS2DeepScore similarity hybrid,CFM-ID-generated candidate spectra + MS2DeepScore similarity hybrid,completed,completed,cfmid_generated_spectra_ms2deepscore_similarity_full_supported_hybrid,9036,455.0,False,False,False,0.0021978021978021,,,,0.0,,,9036.0,Do not call this native MS2DeepScore; spectra were generated by CFM-ID.
91,127,127,cfmid_ms2deepscore_hybrid,CFM-ID-generated spectra + MS2DeepScore similarity hybrid,CFM-ID-generated candidate spectra + MS2DeepScore similarity hybrid,completed,completed,cfmid_generated_spectra_ms2deepscore_similarity_full_supported_hybrid,1657,457.0,False,False,False,0.0021881838074398,,,,0.0,,,1657.0,Do not call this native MS2DeepScore; spectra were generated by CFM-ID.
92,128,128,cfmid_ms2deepscore_hybrid,CFM-ID-generated spectra + MS2DeepScore similarity hybrid,CFM-ID-generated candidate spectra + MS2DeepScore similarity hybrid,completed,completed,cfmid_generated_spectra_ms2deepscore_similarity_full_supported_hybrid,9700,12.0,False,False,False,0.0833333333333333,,,,0.0,,,9700.0,Do not call this native MS2DeepScore; spectra were generated by CFM-ID.
93,129,129,cfmid_ms2deepscore_hybrid,CFM-ID-generated spectra + MS2DeepScore similarity hybrid,CFM-ID-generated candidate spectra + MS2DeepScore similarity hybrid,completed,completed,cfmid_generated_spectra_ms2deepscore_similarity_full_supported_hybrid,8301,129.0,False,False,False,0.0077519379844961,,,,0.0,,,8301.0,Do not call this native MS2DeepScore; spectra were generated by CFM-ID.
94,130,130,cfmid_ms2deepscore_hybrid,CFM-ID-generated spectra + MS2DeepScore similarity hybrid,CFM-ID-generated candidate spectra + MS2DeepScore similarity hybrid,completed,completed,cfmid_generated_spectra_ms2deepscore_similarity_full_supported_hybrid,9113,374.0,False,False,False,0.0026737967914438,,,,0.0,,,9113.0,Do not call this native MS2DeepScore; spectra were generated by CFM-ID.
95,131,131,cfmid_ms2deepscore_hybrid,CFM-ID-generated spectra + MS2DeepScore similarity hybrid,CFM-ID-generated candidate spectra + MS2DeepScore similarity hybrid,completed,completed,cfmid_generated_spectra_ms2deepscore_similarity_full_supported_hybrid,9650,1785.0,False,False,False,0.0005602240896358,,,,0.0,,,9650.0,Do not call this native MS2DeepScore; spectra were generated by CFM-ID.
96,132,132,cfmid_ms2deepscore_hybrid,CFM-ID-generated spectra + MS2DeepScore similarity hybrid,CFM-ID-generated candidate spectra + MS2DeepScore similarity hybrid,completed,completed,cfmid_generated_spectra_ms2deepscore_similarity_full_supported_hybrid,9018,1287.0,False,False,False,0.0007770007770007,,,,0.0,,,9018.0,Do not call this native MS2DeepScore; spectra were generated by CFM-ID.
97,135,135,cfmid_ms2deepscore_hybrid,CFM-ID-generated spectra + MS2DeepScore similarity hybrid,CFM-ID-generated candidate spectra + MS2DeepScore similarity hybrid,completed,completed,cfmid_generated_spectra_ms2deepscore_similarity_full_supported_hybrid,6577,361.0,False,False,False,0.002770083102493,,,,0.0,,,6577.0,Do not call this native MS2DeepScore; spectra were generated by CFM-ID.
98,136,136,cfmid_ms2deepscore_hybrid,CFM-ID-generated spectra + MS2DeepScore similarity hybrid,CFM-ID-generated candidate spectra + MS2DeepScore similarity hybrid,completed,completed,cfmid_generated_spectra_ms2deepscore_similarity_full_supported_hybrid,9626,160.0,False,False,False,0.00625,,,,0.0,,,9626.0,Do not call this native MS2DeepScore; spectra were generated by CFM-ID.
99,137,137,cfmid_ms2deepscore_hybrid,CFM-ID-generated spectra + MS2DeepScore similarity hybrid,CFM-ID-generated candidate spectra + MS2DeepScore similarity hybrid,completed,completed,cfmid_generated_spectra_ms2deepscore_similarity_full_supported_hybrid,8774,673.0,False,False,False,0.0014858841010401,,,,0.0,,,8774.0,Do not call this native MS2DeepScore; spectra were generated by CFM-ID.
100,138,138,cfmid_ms2deepscore_hybrid,CFM-ID-generated spectra + MS2DeepScore similarity hybrid,CFM-ID-generated candidate spectra + MS2DeepScore similarity hybrid,completed,completed,cfmid_generated_spectra_ms2deepscore_similarity_full_supported_hybrid,8939,152.0,False,False,False,0.006578947368421,,,,0.0,,,8939.0,Do not call this native MS2DeepScore; spectra were generated by CFM-ID.
101,139,139,cfmid_ms2deepscore_hybrid,CFM-ID-generated spectra + MS2DeepScore similarity hybrid,CFM-ID-generated candidate spectra + MS2DeepScore similarity hybrid,completed,completed,cfmid_generated_spectra_ms2deepscore_similarity_full_supported_hybrid,631,269.0,False,False,False,0.0037174721189591,,,,0.0,,,631.0,Do not call this native MS2DeepScore; spectra were generated by CFM-ID.
102,140,140,cfmid_ms2deepscore_hybrid,CFM-ID-generated spectra + MS2DeepScore similarity hybrid,CFM-ID-generated candidate spectra + MS2DeepScore similarity hybrid,completed,completed,cfmid_generated_spectra_ms2deepscore_similarity_full_supported_hybrid,9134,92.0,False,False,False,0.0108695652173913,,,,0.0,,,9134.0,Do not call this native MS2DeepScore; spectra were generated by CFM-ID.
103,142,142,cfmid_ms2deepscore_hybrid,CFM-ID-generated spectra + MS2DeepScore similarity hybrid,CFM-ID-generated candidate spectra + MS2DeepScore similarity hybrid,completed,completed,cfmid_generated_spectra_ms2deepscore_similarity_full_supported_hybrid,9236,2218.0,False,False,False,0.0004508566275924,,,,0.0,,,9236.0,Do not call this native MS2DeepScore; spectra were generated by CFM-ID.
104,143,143,cfmid_ms2deepscore_hybrid,CFM-ID-generated spectra + MS2DeepScore similarity hybrid,CFM-ID-generated candidate spectra + MS2DeepScore similarity hybrid,completed,completed,cfmid_generated_spectra_ms2deepscore_similarity_full_supported_hybrid,8691,36.0,False,False,False,0.0277777777777777,,,,0.0,,,8691.0,Do not call this native MS2DeepScore; spectra were generated by CFM-ID.
105,144,144,cfmid_ms2deepscore_hybrid,CFM-ID-generated spectra + MS2DeepScore similarity hybrid,CFM-ID-generated candidate spectra + MS2DeepScore similarity hybrid,completed,completed,cfmid_generated_spectra_ms2deepscore_similarity_full_supported_hybrid,9540,615.0,False,False,False,0.0016260162601626,,,,0.0,,,9540.0,Do not call this native MS2DeepScore; spectra were generated by CFM-ID.
106,145,145,cfmid_ms2deepscore_hybrid,CFM-ID-generated spectra + MS2DeepScore similarity hybrid,CFM-ID-generated candidate spectra + MS2DeepScore similarity hybrid,completed,completed,cfmid_generated_spectra_ms2deepscore_similarity_full_supported_hybrid,316,30.0,False,False,False,0.0333333333333333,,,,0.0,,,316.0,Do not call this native MS2DeepScore; spectra were generated by CFM-ID.
107,146,146,cfmid_ms2deepscore_hybrid,CFM-ID-generated spectra + MS2DeepScore similarity hybrid,CFM-ID-generated candidate spectra + MS2DeepScore similarity hybrid,completed,completed,cfmid_generated_spectra_ms2deepscore_similarity_full_supported_hybrid,1277,240.0,False,False,False,0.0041666666666666,,,,0.0,,,1277.0,Do not call this native MS2DeepScore; spectra were generated by CFM-ID.
108,147,147,cfmid_ms2deepscore_hybrid,CFM-ID-generated spectra + MS2DeepScore similarity hybrid,CFM-ID-generated candidate spectra + MS2DeepScore similarity hybrid,completed,completed,cfmid_generated_spectra_ms2deepscore_similarity_full_supported_hybrid,4034,146.0,False,False,False,0.0068493150684931,,,,0.0,,,4034.0,Do not call this native MS2DeepScore; spectra were generated by CFM-ID.
109,149,149,cfmid_ms2deepscore_hybrid,CFM-ID-generated spectra + MS2DeepScore similarity hybrid,CFM-ID-generated candidate spectra + MS2DeepScore similarity hybrid,completed,completed,cfmid_generated_spectra_ms2deepscore_similarity_full_supported_hybrid,9235,248.0,False,False,False,0.0040322580645161,,,,0.0,,,9235.0,Do not call this native MS2DeepScore; spectra were generated by CFM-ID.
110,150,150,cfmid_ms2deepscore_hybrid,CFM-ID-generated spectra + MS2DeepScore similarity hybrid,CFM-ID-generated candidate spectra + MS2DeepScore similarity hybrid,completed,completed,cfmid_generated_spectra_ms2deepscore_similarity_full_supported_hybrid,7703,7466.0,False,False,False,0.0001339405304045,,,,0.0,,,7703.0,Do not call this native MS2DeepScore; spectra were generated by CFM-ID.
111,151,151,cfmid_ms2deepscore_hybrid,CFM-ID-generated spectra + MS2DeepScore similarity hybrid,CFM-ID-generated candidate spectra + MS2DeepScore similarity hybrid,completed,completed,cfmid_generated_spectra_ms2deepscore_similarity_full_supported_hybrid,1793,1487.0,False,False,False,0.0006724949562878,,,,0.0,,,1793.0,Do not call this native MS2DeepScore; spectra were generated by CFM-ID.
112,155,155,cfmid_ms2deepscore_hybrid,CFM-ID-generated spectra + MS2DeepScore similarity hybrid,CFM-ID-generated candidate spectra + MS2DeepScore similarity hybrid,completed,completed,cfmid_generated_spectra_ms2deepscore_similarity_full_supported_hybrid,9273,13.0,False,False,False,0.0769230769230769,,,,0.0,,,9273.0,Do not call this native MS2DeepScore; spectra were generated by CFM-ID.
113,156,156,cfmid_ms2deepscore_hybrid,CFM-ID-generated spectra + MS2DeepScore similarity hybrid,CFM-ID-generated candidate spectra + MS2DeepScore similarity hybrid,completed,completed,cfmid_generated_spectra_ms2deepscore_similarity_full_supported_hybrid,8995,214.0,False,False,False,0.0046728971962616,,,,0.0,,,8995.0,Do not call this native MS2DeepScore; spectra were generated by CFM-ID.
114,157,157,cfmid_ms2deepscore_hybrid,CFM-ID-generated spectra + MS2DeepScore similarity hybrid,CFM-ID-generated candidate spectra + MS2DeepScore similarity hybrid,completed,completed,cfmid_generated_spectra_ms2deepscore_similarity_full_supported_hybrid,6956,2744.0,False,False,False,0.0003644314868804,,,,0.0,,,6956.0,Do not call this native MS2DeepScore; spectra were generated by CFM-ID.
115,158,158,cfmid_ms2deepscore_hybrid,CFM-ID-generated spectra + MS2DeepScore similarity hybrid,CFM-ID-generated candidate spectra + MS2DeepScore similarity hybrid,completed,completed,cfmid_generated_spectra_ms2deepscore_similarity_full_supported_hybrid,3729,1823.0,False,False,False,0.0005485463521667,,,,0.0,,,3729.0,Do not call this native MS2DeepScore; spectra were generated by CFM-ID.
116,159,159,cfmid_ms2deepscore_hybrid,CFM-ID-generated spectra + MS2DeepScore similarity hybrid,CFM-ID-generated candidate spectra + MS2DeepScore similarity hybrid,completed,completed,cfmid_generated_spectra_ms2deepscore_similarity_full_supported_hybrid,9633,4691.0,False,False,False,0.0002131741632914,,,,0.0,,,9633.0,Do not call this native MS2DeepScore; spectra were generated by CFM-ID.
117,163,163,cfmid_ms2deepscore_hybrid,CFM-ID-generated spectra + MS2DeepScore similarity hybrid,CFM-ID-generated candidate spectra + MS2DeepScore similarity hybrid,completed,completed,cfmid_generated_spectra_ms2deepscore_similarity_full_supported_hybrid,361,336.0,False,False,False,0.0029761904761904,,,,0.0,,,361.0,Do not call this native MS2DeepScore; spectra were generated by CFM-ID.
118,164,164,cfmid_ms2deepscore_hybrid,CFM-ID-generated spectra + MS2DeepScore similarity hybrid,CFM-ID-generated candidate spectra + MS2DeepScore similarity hybrid,completed,completed,cfmid_generated_spectra_ms2deepscore_similarity_full_supported_hybrid,9014,97.0,False,False,False,0.0103092783505154,,,,0.0,,,9014.0,Do not call this native MS2DeepScore; spectra were generated by CFM-ID.
119,165,165,cfmid_ms2deepscore_hybrid,CFM-ID-generated spectra + MS2DeepScore similarity hybrid,CFM-ID-generated candidate spectra + MS2DeepScore similarity hybrid,completed,completed,cfmid_generated_spectra_ms2deepscore_similarity_full_supported_hybrid,631,339.0,False,False,False,0.0029498525073746,,,,0.0,,,631.0,Do not call this native MS2DeepScore; spectra were generated by CFM-ID.
120,166,166,cfmid_ms2deepscore_hybrid,CFM-ID-generated spectra + MS2DeepScore similarity hybrid,CFM-ID-generated candidate spectra + MS2DeepScore similarity hybrid,completed,completed,cfmid_generated_spectra_ms2deepscore_similarity_full_supported_hybrid,6879,1136.0,False,False,False,0.0008802816901408,,,,0.0,,,6879.0,Do not call this native MS2DeepScore; spectra were generated by CFM-ID.
121,169,169,cfmid_ms2deepscore_hybrid,CFM-ID-generated spectra + MS2DeepScore similarity hybrid,CFM-ID-generated candidate spectra + MS2DeepScore similarity hybrid,completed,completed,cfmid_generated_spectra_ms2deepscore_similarity_full_supported_hybrid,4670,344.0,False,False,False,0.002906976744186,,,,0.0,,,4670.0,Do not call this native MS2DeepScore; spectra were generated by CFM-ID.
122,170,170,cfmid_ms2deepscore_hybrid,CFM-ID-generated spectra + MS2DeepScore similarity hybrid,CFM-ID-generated candidate spectra + MS2DeepScore similarity hybrid,completed,completed,cfmid_generated_spectra_ms2deepscore_similarity_full_supported_hybrid,8301,221.0,False,False,False,0.004524886877828,,,,0.0,,,8301.0,Do not call this native MS2DeepScore; spectra were generated by CFM-ID.
123,171,171,cfmid_ms2deepscore_hybrid,CFM-ID-generated spectra + MS2DeepScore similarity hybrid,CFM-ID-generated candidate spectra + MS2DeepScore similarity hybrid,completed,completed,cfmid_generated_spectra_ms2deepscore_similarity_full_supported_hybrid,1728,80.0,False,False,False,0.0125,,,,0.0,,,1728.0,Do not call this native MS2DeepScore; spectra were generated by CFM-ID.
124,172,172,cfmid_ms2deepscore_hybrid,CFM-ID-generated spectra + MS2DeepScore similarity hybrid,CFM-ID-generated candidate spectra + MS2DeepScore similarity hybrid,completed,completed,cfmid_generated_spectra_ms2deepscore_similarity_full_supported_hybrid,1959,748.0,False,False,False,0.0013368983957219,,,,0.0,,,1959.0,Do not call this native MS2DeepScore; spectra were generated by CFM-ID.
125,173,173,cfmid_ms2deepscore_hybrid,CFM-ID-generated spectra + MS2DeepScore similarity hybrid,CFM-ID-generated candidate spectra + MS2DeepScore similarity hybrid,completed,completed,cfmid_generated_spectra_ms2deepscore_similarity_full_supported_hybrid,8918,497.0,False,False,False,0.0020120724346076,,,,0.0,,,8918.0,Do not call this native MS2DeepScore; spectra were generated by CFM-ID.
126,176,176,cfmid_ms2deepscore_hybrid,CFM-ID-generated spectra + MS2DeepScore similarity hybrid,CFM-ID-generated candidate spectra + MS2DeepScore similarity hybrid,completed,completed,cfmid_generated_spectra_ms2deepscore_similarity_full_supported_hybrid,2390,221.0,False,False,False,0.004524886877828,,,,0.0,,,2390.0,Do not call this native MS2DeepScore; spectra were generated by CFM-ID.
127,177,177,cfmid_ms2deepscore_hybrid,CFM-ID-generated spectra + MS2DeepScore similarity hybrid,CFM-ID-generated candidate spectra + MS2DeepScore similarity hybrid,completed,completed,cfmid_generated_spectra_ms2deepscore_similarity_full_supported_hybrid,336,20.0,False,False,False,0.05,,,,0.0,,,336.0,Do not call this native MS2DeepScore; spectra were generated by CFM-ID.
128,178,178,cfmid_ms2deepscore_hybrid,CFM-ID-generated spectra + MS2DeepScore similarity hybrid,CFM-ID-generated candidate spectra + MS2DeepScore similarity hybrid,completed,completed,cfmid_generated_spectra_ms2deepscore_similarity_full_supported_hybrid,2608,259.0,False,False,False,0.0038610038610038,,,,0.0,,,2608.0,Do not call this native MS2DeepScore; spectra were generated by CFM-ID.
129,179,179,cfmid_ms2deepscore_hybrid,CFM-ID-generated spectra + MS2DeepScore similarity hybrid,CFM-ID-generated candidate spectra + MS2DeepScore similarity hybrid,completed,completed,cfmid_generated_spectra_ms2deepscore_similarity_full_supported_hybrid,8960,1688.0,False,False,False,0.0005924170616113,,,,0.0,,,8960.0,Do not call this native MS2DeepScore; spectra were generated by CFM-ID.
130,180,180,cfmid_ms2deepscore_hybrid,CFM-ID-generated spectra + MS2DeepScore similarity hybrid,CFM-ID-generated candidate spectra + MS2DeepScore similarity hybrid,completed,completed,cfmid_generated_spectra_ms2deepscore_similarity_full_supported_hybrid,6387,299.0,False,False,False,0.0033444816053511,,,,0.0,,,6387.0,Do not call this native MS2DeepScore; spectra were generated by CFM-ID.
131,181,181,cfmid_ms2deepscore_hybrid,CFM-ID-generated spectra + MS2DeepScore similarity hybrid,CFM-ID-generated candidate spectra + MS2DeepScore similarity hybrid,completed,completed,cfmid_generated_spectra_ms2deepscore_similarity_full_supported_hybrid,9633,4407.0,False,False,False,0.0002269117313365,,,,0.0,,,9633.0,Do not call this native MS2DeepScore; spectra were generated by CFM-ID.
132,185,185,cfmid_ms2deepscore_hybrid,CFM-ID-generated spectra + MS2DeepScore similarity hybrid,CFM-ID-generated candidate spectra + MS2DeepScore similarity hybrid,completed,completed,cfmid_generated_spectra_ms2deepscore_similarity_full_supported_hybrid,6320,2755.0,False,False,False,0.0003629764065335,,,,0.0,,,6320.0,Do not call this native MS2DeepScore; spectra were generated by CFM-ID.
133,186,186,cfmid_ms2deepscore_hybrid,CFM-ID-generated spectra + MS2DeepScore similarity hybrid,CFM-ID-generated candidate spectra + MS2DeepScore similarity hybrid,completed,completed,cfmid_generated_spectra_ms2deepscore_similarity_full_supported_hybrid,9661,46.0,False,False,False,0.0217391304347826,,,,0.0,,,9661.0,Do not call this native MS2DeepScore; spectra were generated by CFM-ID.
134,187,187,cfmid_ms2deepscore_hybrid,CFM-ID-generated spectra + MS2DeepScore similarity hybrid,CFM-ID-generated candidate spectra + MS2DeepScore similarity hybrid,completed,completed,cfmid_generated_spectra_ms2deepscore_similarity_full_supported_hybrid,8418,924.0,False,False,False,0.001082251082251,,,,0.0,,,8418.0,Do not call this native MS2DeepScore; spectra were generated by CFM-ID.
135,188,188,cfmid_ms2deepscore_hybrid,CFM-ID-generated spectra + MS2DeepScore similarity hybrid,CFM-ID-generated candidate spectra + MS2DeepScore similarity hybrid,completed,completed,cfmid_generated_spectra_ms2deepscore_similarity_full_supported_hybrid,6643,349.0,False,False,False,0.0028653295128939,,,,0.0,,,6643.0,Do not call this native MS2DeepScore; spectra were generated by CFM-ID.
136,189,189,cfmid_ms2deepscore_hybrid,CFM-ID-generated spectra + MS2DeepScore similarity hybrid,CFM-ID-generated candidate spectra + MS2DeepScore similarity hybrid,completed,completed,cfmid_generated_spectra_ms2deepscore_similarity_full_supported_hybrid,3839,28.0,False,False,False,0.0357142857142857,,,,0.0,,,3839.0,Do not call this native MS2DeepScore; spectra were generated by CFM-ID.
137,190,190,cfmid_ms2deepscore_hybrid,CFM-ID-generated spectra + MS2DeepScore similarity hybrid,CFM-ID-generated candidate spectra + MS2DeepScore similarity hybrid,completed,completed,cfmid_generated_spectra_ms2deepscore_similarity_full_supported_hybrid,9134,3490.0,False,False,False,0.0002865329512893,,,,0.0,,,9134.0,Do not call this native MS2DeepScore; spectra were generated by CFM-ID.
138,191,191,cfmid_ms2deepscore_hybrid,CFM-ID-generated spectra + MS2DeepScore similarity hybrid,CFM-ID-generated candidate spectra + MS2DeepScore similarity hybrid,completed,completed,cfmid_generated_spectra_ms2deepscore_similarity_full_supported_hybrid,1876,790.0,False,False,False,0.0012658227848101,,,,0.0,,,1876.0,Do not call this native MS2DeepScore; spectra were generated by CFM-ID.
139,192,192,cfmid_ms2deepscore_hybrid,CFM-ID-generated spectra + MS2DeepScore similarity hybrid,CFM-ID-generated candidate spectra + MS2DeepScore similarity hybrid,completed,completed,cfmid_generated_spectra_ms2deepscore_similarity_full_supported_hybrid,735,112.0,False,False,False,0.0089285714285714,,,,0.0,,,735.0,Do not call this native MS2DeepScore; spectra were generated by CFM-ID.
140,193,193,cfmid_ms2deepscore_hybrid,CFM-ID-generated spectra + MS2DeepScore similarity hybrid,CFM-ID-generated candidate spectra + MS2DeepScore similarity hybrid,completed,completed,cfmid_generated_spectra_ms2deepscore_similarity_full_supported_hybrid,7937,488.0,False,False,False,0.0020491803278688,,,,0.0,,,7937.0,Do not call this native MS2DeepScore; spectra were generated by CFM-ID.
141,194,194,cfmid_ms2deepscore_hybrid,CFM-ID-generated spectra + MS2DeepScore similarity hybrid,CFM-ID-generated candidate spectra + MS2DeepScore similarity hybrid,completed,completed,cfmid_generated_spectra_ms2deepscore_similarity_full_supported_hybrid,9378,85.0,False,False,False,0.0117647058823529,,,,0.0,,,9378.0,Do not call this native MS2DeepScore; spectra were generated by CFM-ID.
142,195,195,cfmid_ms2deepscore_hybrid,CFM-ID-generated spectra + MS2DeepScore similarity hybrid,CFM-ID-generated candidate spectra + MS2DeepScore similarity hybrid,completed,completed,cfmid_generated_spectra_ms2deepscore_similarity_full_supported_hybrid,1274,218.0,False,False,False,0.0045871559633027,,,,0.0,,,1274.0,Do not call this native MS2DeepScore; spectra were generated by CFM-ID.
143,196,196,cfmid_ms2deepscore_hybrid,CFM-ID-generated spectra + MS2DeepScore similarity hybrid,CFM-ID-generated candidate spectra + MS2DeepScore similarity hybrid,completed,completed,cfmid_generated_spectra_ms2deepscore_similarity_full_supported_hybrid,4522,4184.0,False,False,False,0.0002390057361376,,,,0.0,,,4522.0,Do not call this native MS2DeepScore; spectra were generated by CFM-ID.
144,199,199,cfmid_ms2deepscore_hybrid,CFM-ID-generated spectra + MS2DeepScore similarity hybrid,CFM-ID-generated candidate spectra + MS2DeepScore similarity hybrid,completed,completed,cfmid_generated_spectra_ms2deepscore_similarity_full_supported_hybrid,4447,3798.0,False,False,False,0.0002632964718272,,,,0.0,,,4447.0,Do not call this native MS2DeepScore; spectra were generated by CFM-ID.
145,200,200,cfmid_ms2deepscore_hybrid,CFM-ID-generated spectra + MS2DeepScore similarity hybrid,CFM-ID-generated candidate spectra + MS2DeepScore similarity hybrid,completed,completed,cfmid_generated_spectra_ms2deepscore_similarity_full_supported_hybrid,510,21.0,False,False,False,0.0476190476190476,,,,0.0,,,510.0,Do not call this native MS2DeepScore; spectra were generated by CFM-ID.
146,201,201,cfmid_ms2deepscore_hybrid,CFM-ID-generated spectra + MS2DeepScore similarity hybrid,CFM-ID-generated candidate spectra + MS2DeepScore similarity hybrid,completed,completed,cfmid_generated_spectra_ms2deepscore_similarity_full_supported_hybrid,7033,598.0,False,False,False,0.0016722408026755,,,,0.0,,,7033.0,Do not call this native MS2DeepScore; spectra were generated by CFM-ID.
147,205,205,cfmid_ms2deepscore_hybrid,CFM-ID-generated spectra + MS2DeepScore similarity hybrid,CFM-ID-generated candidate spectra + MS2DeepScore similarity hybrid,completed,completed,cfmid_generated_spectra_ms2deepscore_similarity_full_supported_hybrid,9363,42.0,False,False,False,0.0238095238095238,,,,0.0,,,9363.0,Do not call this native MS2DeepScore; spectra were generated by CFM-ID.
148,206,206,cfmid_ms2deepscore_hybrid,CFM-ID-generated spectra + MS2DeepScore similarity hybrid,CFM-ID-generated candidate spectra + MS2DeepScore similarity hybrid,completed,completed,cfmid_generated_spectra_ms2deepscore_similarity_full_supported_hybrid,9113,1055.0,False,False,False,0.0009478672985781,,,,0.0,,,9113.0,Do not call this native MS2DeepScore; spectra were generated by CFM-ID.
149,207,207,cfmid_ms2deepscore_hybrid,CFM-ID-generated spectra + MS2DeepScore similarity hybrid,CFM-ID-generated candidate spectra + MS2DeepScore similarity hybrid,completed,completed,cfmid_generated_spectra_ms2deepscore_similarity_full_supported_hybrid,5971,1031.0,False,False,False,0.0009699321047526,,,,0.0,,,5971.0,Do not call this native MS2DeepScore; spectra were generated by CFM-ID.
150,208,208,cfmid_ms2deepscore_hybrid,CFM-ID-generated spectra + MS2DeepScore similarity hybrid,CFM-ID-generated candidate spectra + MS2DeepScore similarity hybrid,completed,completed,cfmid_generated_spectra_ms2deepscore_similarity_full_supported_hybrid,9633,104.0,False,False,False,0.0096153846153846,,,,0.0,,,9633.0,Do not call this native MS2DeepScore; spectra were generated by CFM-ID.
151,209,209,cfmid_ms2deepscore_hybrid,CFM-ID-generated spectra + MS2DeepScore similarity hybrid,CFM-ID-generated candidate spectra + MS2DeepScore similarity hybrid,completed,completed,cfmid_generated_spectra_ms2deepscore_similarity_full_supported_hybrid,9092,534.0,False,False,False,0.0018726591760299,,,,0.0,,,9092.0,Do not call this native MS2DeepScore; spectra were generated by CFM-ID.
152,210,210,cfmid_ms2deepscore_hybrid,CFM-ID-generated spectra + MS2DeepScore similarity hybrid,CFM-ID-generated candidate spectra + MS2DeepScore similarity hybrid,completed,completed,cfmid_generated_spectra_ms2deepscore_similarity_full_supported_hybrid,6490,756.0,False,False,False,0.0013227513227513,,,,0.0,,,6490.0,Do not call this native MS2DeepScore; spectra were generated by CFM-ID.
153,211,211,cfmid_ms2deepscore_hybrid,CFM-ID-generated spectra + MS2DeepScore similarity hybrid,CFM-ID-generated candidate spectra + MS2DeepScore similarity hybrid,completed,completed,cfmid_generated_spectra_ms2deepscore_similarity_full_supported_hybrid,9668,271.0,False,False,False,0.003690036900369,,,,0.0,,,9668.0,Do not call this native MS2DeepScore; spectra were generated by CFM-ID.
154,212,212,cfmid_ms2deepscore_hybrid,CFM-ID-generated spectra + MS2DeepScore similarity hybrid,CFM-ID-generated candidate spectra + MS2DeepScore similarity hybrid,completed,completed,cfmid_generated_spectra_ms2deepscore_similarity_full_supported_hybrid,9580,4761.0,False,False,False,0.0002100399075824,,,,0.0,,,9580.0,Do not call this native MS2DeepScore; spectra were generated by CFM-ID.
155,213,213,cfmid_ms2deepscore_hybrid,CFM-ID-generated spectra + MS2DeepScore similarity hybrid,CFM-ID-generated candidate spectra + MS2DeepScore similarity hybrid,completed,completed,cfmid_generated_spectra_ms2deepscore_similarity_full_supported_hybrid,9069,140.0,False,False,False,0.0071428571428571,,,,0.0,,,9069.0,Do not call this native MS2DeepScore; spectra were generated by CFM-ID.
156,214,214,cfmid_ms2deepscore_hybrid,CFM-ID-generated spectra + MS2DeepScore similarity hybrid,CFM-ID-generated candidate spectra + MS2DeepScore similarity hybrid,completed,completed,cfmid_generated_spectra_ms2deepscore_similarity_full_supported_hybrid,1846,27.0,False,False,False,0.037037037037037,,,,0.0,,,1846.0,Do not call this native MS2DeepScore; spectra were generated by CFM-ID.
157,215,215,cfmid_ms2deepscore_hybrid,CFM-ID-generated spectra + MS2DeepScore similarity hybrid,CFM-ID-generated candidate spectra + MS2DeepScore similarity hybrid,completed,completed,cfmid_generated_spectra_ms2deepscore_similarity_full_supported_hybrid,9453,383.0,False,False,False,0.0026109660574412,,,,0.0,,,9453.0,Do not call this native MS2DeepScore; spectra were generated by CFM-ID.
158,216,216,cfmid_ms2deepscore_hybrid,CFM-ID-generated spectra + MS2DeepScore similarity hybrid,CFM-ID-generated candidate spectra + MS2DeepScore similarity hybrid,completed,completed,cfmid_generated_spectra_ms2deepscore_similarity_full_supported_hybrid,5420,584.0,False,False,False,0.0017123287671232,,,,0.0,,,5420.0,Do not call this native MS2DeepScore; spectra were generated by CFM-ID.
159,218,218,cfmid_ms2deepscore_hybrid,CFM-ID-generated spectra + MS2DeepScore similarity hybrid,CFM-ID-generated candidate spectra + MS2DeepScore similarity hybrid,completed,completed,cfmid_generated_spectra_ms2deepscore_similarity_full_supported_hybrid,7363,498.0,False,False,False,0.002008032128514,,,,0.0,,,7363.0,Do not call this native MS2DeepScore; spectra were generated by CFM-ID.
160,219,219,cfmid_ms2deepscore_hybrid,CFM-ID-generated spectra + MS2DeepScore similarity hybrid,CFM-ID-generated candidate spectra + MS2DeepScore similarity hybrid,completed,completed,cfmid_generated_spectra_ms2deepscore_similarity_full_supported_hybrid,3155,503.0,False,False,False,0.0019880715705765,,,,0.0,,,3155.0,Do not call this native MS2DeepScore; spectra were generated by CFM-ID.
161,220,220,cfmid_ms2deepscore_hybrid,CFM-ID-generated spectra + MS2DeepScore similarity hybrid,CFM-ID-generated candidate spectra + MS2DeepScore similarity hybrid,completed,completed,cfmid_generated_spectra_ms2deepscore_similarity_full_supported_hybrid,9633,1854.0,False,False,False,0.000539374325782,,,,0.0,,,9633.0,Do not call this native MS2DeepScore; spectra were generated by CFM-ID.
162,221,221,cfmid_ms2deepscore_hybrid,CFM-ID-generated spectra + MS2DeepScore similarity hybrid,CFM-ID-generated candidate spectra + MS2DeepScore similarity hybrid,completed,completed,cfmid_generated_spectra_ms2deepscore_similarity_full_supported_hybrid,9150,76.0,False,False,False,0.0131578947368421,,,,0.0,,,9150.0,Do not call this native MS2DeepScore; spectra were generated by CFM-ID.
163,222,222,cfmid_ms2deepscore_hybrid,CFM-ID-generated spectra + MS2DeepScore similarity hybrid,CFM-ID-generated candidate spectra + MS2DeepScore similarity hybrid,completed,completed,cfmid_generated_spectra_ms2deepscore_similarity_full_supported_hybrid,9240,64.0,False,False,False,0.015625,,,,0.0,,,9240.0,Do not call this native MS2DeepScore; spectra were generated by CFM-ID.
164,223,223,cfmid_ms2deepscore_hybrid,CFM-ID-generated spectra + MS2DeepScore similarity hybrid,CFM-ID-generated candidate spectra + MS2DeepScore similarity hybrid,completed,completed,cfmid_generated_spectra_ms2deepscore_similarity_full_supported_hybrid,9012,1526.0,False,False,False,0.0006553079947575,,,,0.0,,,9012.0,Do not call this native MS2DeepScore; spectra were generated by CFM-ID.
165,224,224,cfmid_ms2deepscore_hybrid,CFM-ID-generated spectra + MS2DeepScore similarity hybrid,CFM-ID-generated candidate spectra + MS2DeepScore similarity hybrid,completed,completed,cfmid_generated_spectra_ms2deepscore_similarity_full_supported_hybrid,2730,279.0,False,False,False,0.003584229390681,,,,0.0,,,2730.0,Do not call this native MS2DeepScore; spectra were generated by CFM-ID.
166,225,225,cfmid_ms2deepscore_hybrid,CFM-ID-generated spectra + MS2DeepScore similarity hybrid,CFM-ID-generated candidate spectra + MS2DeepScore similarity hybrid,completed,completed,cfmid_generated_spectra_ms2deepscore_similarity_full_supported_hybrid,6158,1171.0,False,False,False,0.0008539709649871,,,,0.0,,,6158.0,Do not call this native MS2DeepScore; spectra were generated by CFM-ID.
167,226,226,cfmid_ms2deepscore_hybrid,CFM-ID-generated spectra + MS2DeepScore similarity hybrid,CFM-ID-generated candidate spectra + MS2DeepScore similarity hybrid,completed,completed,cfmid_generated_spectra_ms2deepscore_similarity_full_supported_hybrid,9691,2501.0,False,False,False,0.0003998400639744,,,,0.0,,,9691.0,Do not call this native MS2DeepScore; spectra were generated by CFM-ID.
168,227,227,cfmid_ms2deepscore_hybrid,CFM-ID-generated spectra + MS2DeepScore similarity hybrid,CFM-ID-generated candidate spectra + MS2DeepScore similarity hybrid,completed,completed,cfmid_generated_spectra_ms2deepscore_similarity_full_supported_hybrid,1329,756.0,False,False,False,0.0013227513227513,,,,0.0,,,1329.0,Do not call this native MS2DeepScore; spectra were generated by CFM-ID.
169,228,228,cfmid_ms2deepscore_hybrid,CFM-ID-generated spectra + MS2DeepScore similarity hybrid,CFM-ID-generated candidate spectra + MS2DeepScore similarity hybrid,completed,completed,cfmid_generated_spectra_ms2deepscore_similarity_full_supported_hybrid,6956,543.0,False,False,False,0.001841620626151,,,,0.0,,,6956.0,Do not call this native MS2DeepScore; spectra were generated by CFM-ID.
0,0,0,iceberg,ICEBERG,ICEBERG harmonized candidate-set rerun,completed_with_candidate_prediction_failures,completed,,1241,12.0,False,False,False,0.0833333333333333,0.8809523809523809,True,0.0,,1241.0,,,Use only matched 170-query filtered ICEBERG files; off-manifest shard rows excluded; candidate-level prediction failures audited.
1,3,3,iceberg,ICEBERG,ICEBERG harmonized candidate-set rerun,completed_with_candidate_prediction_failures,completed,,8524,4.0,False,True,True,0.25,0.1309523809523809,True,0.0,,8524.0,,,Use only matched 170-query filtered ICEBERG files; off-manifest shard rows excluded; candidate-level prediction failures audited.
2,4,4,iceberg,ICEBERG,ICEBERG harmonized candidate-set rerun,completed_with_candidate_prediction_failures,completed,,7594,621.0,False,False,False,0.001610305958132,0.1224489795918367,False,0.0,,7594.0,,,Use only matched 170-query filtered ICEBERG files; off-manifest shard rows excluded; candidate-level prediction failures audited.
3,5,5,iceberg,ICEBERG,ICEBERG harmonized candidate-set rerun,completed_with_candidate_prediction_failures,completed,,1074,26.0,False,False,False,0.0384615384615384,0.1162790697674418,False,0.0,,1074.0,,,Use only matched 170-query filtered ICEBERG files; off-manifest shard rows excluded; candidate-level prediction failures audited.
4,6,6,iceberg,ICEBERG,ICEBERG harmonized candidate-set rerun,completed_with_candidate_prediction_failures,completed,,1524,538.0,False,False,False,0.0018587360594795,0.1764705882352941,True,0.0,,1524.0,,,Use only matched 170-query filtered ICEBERG files; off-manifest shard rows excluded; candidate-level prediction failures audited.
5,7,7,iceberg,ICEBERG,ICEBERG harmonized candidate-set rerun,completed_with_candidate_prediction_failures,completed,,7016,28.0,False,False,False,0.0357142857142857,0.1428571428571428,True,0.0,,7016.0,,,Use only matched 170-query filtered ICEBERG files; off-manifest shard rows excluded; candidate-level prediction failures audited.
6,9,9,iceberg,ICEBERG,ICEBERG harmonized candidate-set rerun,completed_with_candidate_prediction_failures,completed,,8632,131.0,False,False,False,0.0076335877862595,0.1147540983606557,True,0.0,,8632.0,,,Use only matched 170-query filtered ICEBERG files; off-manifest shard rows excluded; candidate-level prediction failures audited.
7,10,10,iceberg,ICEBERG,ICEBERG harmonized candidate-set rerun,completed_with_candidate_prediction_failures,partial_prediction_failures,,2797,147.0,False,False,False,0.0068027210884353,0.1818181818181818,False,4.0,,2793.0,,,Use only matched 170-query filtered ICEBERG files; off-manifest shard rows excluded; candidate-level prediction failures audited.
8,11,11,iceberg,ICEBERG,ICEBERG harmonized candidate-set rerun,completed_with_candidate_prediction_failures,partial_prediction_failures,,6368,24.0,False,False,False,0.0416666666666666,0.1160714285714285,False,5.0,,6363.0,,,Use only matched 170-query filtered ICEBERG files; off-manifest shard rows excluded; candidate-level prediction failures audited.
9,12,12,iceberg,ICEBERG,ICEBERG harmonized candidate-set rerun,completed_with_candidate_prediction_failures,completed,,9462,42.0,False,False,False,0.0238095238095238,0.25,True,0.0,,9462.0,,,Use only matched 170-query filtered ICEBERG files; off-manifest shard rows excluded; candidate-level prediction failures audited.
10,15,15,iceberg,ICEBERG,ICEBERG harmonized candidate-set rerun,completed_with_candidate_prediction_failures,completed,,4775,5.0,False,True,True,0.2,0.1428571428571428,False,0.0,,4775.0,,,Use only matched 170-query filtered ICEBERG files; off-manifest shard rows excluded; candidate-level prediction failures audited.
11,16,16,iceberg,ICEBERG,ICEBERG harmonized candidate-set rerun,completed_with_candidate_prediction_failures,completed,,103,69.0,False,False,False,0.0144927536231884,0.4,True,0.0,,103.0,,,Use only matched 170-query filtered ICEBERG files; off-manifest shard rows excluded; candidate-level prediction failures audited.
12,17,17,iceberg,ICEBERG,ICEBERG harmonized candidate-set rerun,completed_with_candidate_prediction_failures,partial_prediction_failures,,9564,2455.0,False,False,False,0.00040733197556,0.09375,False,2.0,,9562.0,,,Use only matched 170-query filtered ICEBERG files; off-manifest shard rows excluded; candidate-level prediction failures audited.
13,18,18,iceberg,ICEBERG,ICEBERG harmonized candidate-set rerun,completed_with_candidate_prediction_failures,partial_prediction_failures,,6548,1534.0,False,False,False,0.0006518904823989,0.1481481481481481,True,2.0,,6546.0,,,Use only matched 170-query filtered ICEBERG files; off-manifest shard rows excluded; candidate-level prediction failures audited.
14,21,21,iceberg,ICEBERG,ICEBERG harmonized candidate-set rerun,completed_with_candidate_prediction_failures,completed,,5615,4.0,False,True,True,0.25,0.3518518518518518,True,0.0,,5615.0,,,Use only matched 170-query filtered ICEBERG files; off-manifest shard rows excluded; candidate-level prediction failures audited.
15,22,22,iceberg,ICEBERG,ICEBERG harmonized candidate-set rerun,completed_with_candidate_prediction_failures,completed,,6294,186.0,False,False,False,0.0053763440860215,0.2,True,0.0,,6294.0,,,Use only matched 170-query filtered ICEBERG files; off-manifest shard rows excluded; candidate-level prediction failures audited.
16,23,23,iceberg,ICEBERG,ICEBERG harmonized candidate-set rerun,completed_with_candidate_prediction_failures,completed,,5745,322.0,False,False,False,0.0031055900621118,0.15,True,0.0,,5745.0,,,Use only matched 170-query filtered ICEBERG files; off-manifest shard rows excluded; candidate-level prediction failures audited.
17,24,24,iceberg,ICEBERG,ICEBERG harmonized candidate-set rerun,completed_with_candidate_prediction_failures,completed,,5015,148.0,False,False,False,0.0067567567567567,0.123076923076923,True,0.0,,5015.0,,,Use only matched 170-query filtered ICEBERG files; off-manifest shard rows excluded; candidate-level prediction failures audited.
18,25,25,iceberg,ICEBERG,ICEBERG harmonized candidate-set rerun,completed_with_candidate_prediction_failures,completed,,9778,4.0,False,True,True,0.25,0.16,True,0.0,,9778.0,,,Use only matched 170-query filtered ICEBERG files; off-manifest shard rows excluded; candidate-level prediction failures audited.
19,26,26,iceberg,ICEBERG,ICEBERG harmonized candidate-set rerun,completed_with_candidate_prediction_failures,completed,,8521,143.0,False,False,False,0.0069930069930069,0.1139240506329113,True,0.0,,8521.0,,,Use only matched 170-query filtered ICEBERG files; off-manifest shard rows excluded; candidate-level prediction failures audited.
20,27,27,iceberg,ICEBERG,ICEBERG harmonized candidate-set rerun,completed_with_candidate_prediction_failures,completed,,3327,4.0,False,True,True,0.25,0.209090909090909,True,0.0,,3327.0,,,Use only matched 170-query filtered ICEBERG files; off-manifest shard rows excluded; candidate-level prediction failures audited.
21,29,29,iceberg,ICEBERG,ICEBERG harmonized candidate-set rerun,completed_with_candidate_prediction_failures,partial_prediction_failures,,8062,367.0,False,False,False,0.0027247956403269,0.125,False,2.0,,8060.0,,,Use only matched 170-query filtered ICEBERG files; off-manifest shard rows excluded; candidate-level prediction failures audited.
22,31,31,iceberg,ICEBERG,ICEBERG harmonized candidate-set rerun,completed_with_candidate_prediction_failures,completed,,9668,13.0,False,False,False,0.0769230769230769,0.1636363636363636,True,0.0,,9668.0,,,Use only matched 170-query filtered ICEBERG files; off-manifest shard rows excluded; candidate-level prediction failures audited.
23,34,34,iceberg,ICEBERG,ICEBERG harmonized candidate-set rerun,completed_with_candidate_prediction_failures,partial_prediction_failures,,457,123.0,False,False,False,0.008130081300813,0.2727272727272727,True,3.0,,454.0,,,Use only matched 170-query filtered ICEBERG files; off-manifest shard rows excluded; candidate-level prediction failures audited.
24,35,35,iceberg,ICEBERG,ICEBERG harmonized candidate-set rerun,completed_with_candidate_prediction_failures,completed,,233,66.0,False,False,False,0.0151515151515151,0.544,True,0.0,,233.0,,,Use only matched 170-query filtered ICEBERG files; off-manifest shard rows excluded; candidate-level prediction failures audited.
25,37,37,iceberg,ICEBERG,ICEBERG harmonized candidate-set rerun,completed_with_candidate_prediction_failures,completed,,8957,3029.0,False,False,False,0.0003301419610432,0.1481481481481481,True,0.0,,8957.0,,,Use only matched 170-query filtered ICEBERG files; off-manifest shard rows excluded; candidate-level prediction failures audited.
26,38,38,iceberg,ICEBERG,ICEBERG harmonized candidate-set rerun,completed_with_candidate_prediction_failures,partial_prediction_failures,,9532,339.0,False,False,False,0.0029498525073746,0.1764705882352941,True,8.0,,9524.0,,,Use only matched 170-query filtered ICEBERG files; off-manifest shard rows excluded; candidate-level prediction failures audited.
27,39,39,iceberg,ICEBERG,ICEBERG harmonized candidate-set rerun,completed_with_candidate_prediction_failures,completed,,859,131.0,False,False,False,0.0076335877862595,0.0833333333333333,True,0.0,,859.0,,,Use only matched 170-query filtered ICEBERG files; off-manifest shard rows excluded; candidate-level prediction failures audited.
28,40,40,iceberg,ICEBERG,ICEBERG harmonized candidate-set rerun,completed_with_candidate_prediction_failures,partial_prediction_failures,,7695,210.0,False,False,False,0.0047619047619047,0.2244897959183673,True,6.0,,7689.0,,,Use only matched 170-query filtered ICEBERG files; off-manifest shard rows excluded; candidate-level prediction failures audited.
29,41,41,iceberg,ICEBERG,ICEBERG harmonized candidate-set rerun,completed_with_candidate_prediction_failures,completed,,5158,3.0,False,True,True,0.3333333333333333,0.4337349397590361,True,0.0,,5158.0,,,Use only matched 170-query filtered ICEBERG files; off-manifest shard rows excluded; candidate-level prediction failures audited.
30,42,42,iceberg,ICEBERG,ICEBERG harmonized candidate-set rerun,completed_with_candidate_prediction_failures,completed,,9484,176.0,False,False,False,0.0056818181818181,0.1397849462365591,False,0.0,,9484.0,,,Use only matched 170-query filtered ICEBERG files; off-manifest shard rows excluded; candidate-level prediction failures audited.
31,43,43,iceberg,ICEBERG,ICEBERG harmonized candidate-set rerun,completed_with_candidate_prediction_failures,partial_prediction_failures,,8937,267.0,False,False,False,0.0037453183520599,0.1139240506329113,True,2.0,,8935.0,,,Use only matched 170-query filtered ICEBERG files; off-manifest shard rows excluded; candidate-level prediction failures audited.
32,46,46,iceberg,ICEBERG,ICEBERG harmonized candidate-set rerun,completed_with_candidate_prediction_failures,partial_prediction_failures,,960,166.0,False,False,False,0.0060240963855421,0.4375,True,5.0,,955.0,,,Use only matched 170-query filtered ICEBERG files; off-manifest shard rows excluded; candidate-level prediction failures audited.
33,48,48,iceberg,ICEBERG,ICEBERG harmonized candidate-set rerun,completed_with_candidate_prediction_failures,completed,,9066,68.0,False,False,False,0.0147058823529411,0.1067961165048543,False,0.0,,9066.0,,,Use only matched 170-query filtered ICEBERG files; off-manifest shard rows excluded; candidate-level prediction failures audited.
34,50,50,iceberg,ICEBERG,ICEBERG harmonized candidate-set rerun,completed_with_candidate_prediction_failures,completed,,1506,1345.0,False,False,False,0.0007434944237918,0.0444444444444444,False,0.0,,1506.0,,,Use only matched 170-query filtered ICEBERG files; off-manifest shard rows excluded; candidate-level prediction failures audited.
35,51,51,iceberg,ICEBERG,ICEBERG harmonized candidate-set rerun,completed_with_candidate_prediction_failures,completed,,558,141.0,False,False,False,0.0070921985815602,0.1386861313868613,False,0.0,,558.0,,,Use only matched 170-query filtered ICEBERG files; off-manifest shard rows excluded; candidate-level prediction failures audited.
36,53,53,iceberg,ICEBERG,ICEBERG harmonized candidate-set rerun,completed_with_candidate_prediction_failures,partial_prediction_failures,,1206,1096.0,False,False,False,0.000912408759124,0.0,True,12.0,,1194.0,,,Use only matched 170-query filtered ICEBERG files; off-manifest shard rows excluded; candidate-level prediction failures audited.
37,54,54,iceberg,ICEBERG,ICEBERG harmonized candidate-set rerun,completed_with_candidate_prediction_failures,completed,,6814,135.0,False,False,False,0.0074074074074074,0.1333333333333333,True,0.0,,6814.0,,,Use only matched 170-query filtered ICEBERG files; off-manifest shard rows excluded; candidate-level prediction failures audited.
38,55,55,iceberg,ICEBERG,ICEBERG harmonized candidate-set rerun,completed_with_candidate_prediction_failures,completed,,9288,60.0,False,False,False,0.0166666666666666,0.2597402597402597,True,0.0,,9288.0,,,Use only matched 170-query filtered ICEBERG files; off-manifest shard rows excluded; candidate-level prediction failures audited.
39,56,56,iceberg,ICEBERG,ICEBERG harmonized candidate-set rerun,completed_with_candidate_prediction_failures,partial_prediction_failures,,9532,64.0,False,False,False,0.015625,0.1333333333333333,True,8.0,,9524.0,,,Use only matched 170-query filtered ICEBERG files; off-manifest shard rows excluded; candidate-level prediction failures audited.
40,58,58,iceberg,ICEBERG,ICEBERG harmonized candidate-set rerun,completed_with_candidate_prediction_failures,completed,,2999,266.0,False,False,False,0.0037593984962406,0.1428571428571428,True,0.0,,2999.0,,,Use only matched 170-query filtered ICEBERG files; off-manifest shard rows excluded; candidate-level prediction failures audited.
41,59,59,iceberg,ICEBERG,ICEBERG harmonized candidate-set rerun,completed_with_candidate_prediction_failures,completed,,9219,862.0,False,False,False,0.0011600928074245,0.0652173913043478,True,0.0,,9219.0,,,Use only matched 170-query filtered ICEBERG files; off-manifest shard rows excluded; candidate-level prediction failures audited.
42,60,60,iceberg,ICEBERG,ICEBERG harmonized candidate-set rerun,completed_with_candidate_prediction_failures,completed,,7090,35.0,False,False,False,0.0285714285714285,0.1076923076923077,True,0.0,,7090.0,,,Use only matched 170-query filtered ICEBERG files; off-manifest shard rows excluded; candidate-level prediction failures audited.
43,61,61,iceberg,ICEBERG,ICEBERG harmonized candidate-set rerun,completed_with_candidate_prediction_failures,partial_prediction_failures,,8027,18.0,False,False,False,0.0555555555555555,0.1358024691358024,True,6.0,,8021.0,,,Use only matched 170-query filtered ICEBERG files; off-manifest shard rows excluded; candidate-level prediction failures audited.
44,64,64,iceberg,ICEBERG,ICEBERG harmonized candidate-set rerun,completed_with_candidate_prediction_failures,partial_prediction_failures,,817,2.0,False,True,True,0.5,1.0,True,2.0,,815.0,,,Use only matched 170-query filtered ICEBERG files; off-manifest shard rows excluded; candidate-level prediction failures audited.
45,65,65,iceberg,ICEBERG,ICEBERG harmonized candidate-set rerun,completed_with_candidate_prediction_failures,completed,,9590,1717.0,False,False,False,0.0005824111822947,0.1612903225806451,True,0.0,,9590.0,,,Use only matched 170-query filtered ICEBERG files; off-manifest shard rows excluded; candidate-level prediction failures audited.
46,68,68,iceberg,ICEBERG,ICEBERG harmonized candidate-set rerun,completed_with_candidate_prediction_failures,completed,,1511,173.0,False,False,False,0.0057803468208092,0.3888888888888889,True,0.0,,1511.0,,,Use only matched 170-query filtered ICEBERG files; off-manifest shard rows excluded; candidate-level prediction failures audited.
47,69,69,iceberg,ICEBERG,ICEBERG harmonized candidate-set rerun,completed_with_candidate_prediction_failures,completed,,9556,2076.0,False,False,False,0.0004816955684007,0.1632653061224489,True,0.0,,9556.0,,,Use only matched 170-query filtered ICEBERG files; off-manifest shard rows excluded; candidate-level prediction failures audited.
48,70,70,iceberg,ICEBERG,ICEBERG harmonized candidate-set rerun,completed_with_candidate_prediction_failures,completed,,8926,108.0,False,False,False,0.0092592592592592,0.1604938271604938,True,0.0,,8926.0,,,Use only matched 170-query filtered ICEBERG files; off-manifest shard rows excluded; candidate-level prediction failures audited.
49,71,71,iceberg,ICEBERG,ICEBERG harmonized candidate-set rerun,completed_with_candidate_prediction_failures,completed,,9485,4150.0,False,False,False,0.0002409638554216,0.131578947368421,True,0.0,,9485.0,,,Use only matched 170-query filtered ICEBERG files; off-manifest shard rows excluded; candidate-level prediction failures audited.
50,74,74,iceberg,ICEBERG,ICEBERG harmonized candidate-set rerun,completed_with_candidate_prediction_failures,completed,,7251,3866.0,False,False,False,0.0002586652871184,0.0769230769230769,True,0.0,,7251.0,,,Use only matched 170-query filtered ICEBERG files; off-manifest shard rows excluded; candidate-level prediction failures audited.
51,75,75,iceberg,ICEBERG,ICEBERG harmonized candidate-set rerun,completed_with_candidate_prediction_failures,completed,,4498,20.0,False,False,False,0.05,0.4727272727272727,True,0.0,,4498.0,,,Use only matched 170-query filtered ICEBERG files; off-manifest shard rows excluded; candidate-level prediction failures audited.
52,76,76,iceberg,ICEBERG,ICEBERG harmonized candidate-set rerun,completed_with_candidate_prediction_failures,completed,,5745,321.0,False,False,False,0.0031152647975077,0.1044776119402985,True,0.0,,5745.0,,,Use only matched 170-query filtered ICEBERG files; off-manifest shard rows excluded; candidate-level prediction failures audited.
53,77,77,iceberg,ICEBERG,ICEBERG harmonized candidate-set rerun,completed_with_candidate_prediction_failures,completed,,8719,5.0,False,True,True,0.2,1.0,True,0.0,,8719.0,,,Use only matched 170-query filtered ICEBERG files; off-manifest shard rows excluded; candidate-level prediction failures audited.
54,78,78,iceberg,ICEBERG,ICEBERG harmonized candidate-set rerun,completed_with_candidate_prediction_failures,completed,,787,3.0,False,True,True,0.3333333333333333,0.1034482758620689,True,0.0,,787.0,,,Use only matched 170-query filtered ICEBERG files; off-manifest shard rows excluded; candidate-level prediction failures audited.
55,79,79,iceberg,ICEBERG,ICEBERG harmonized candidate-set rerun,completed_with_candidate_prediction_failures,partial_prediction_failures,,7821,451.0,False,False,False,0.0022172949002217,0.0833333333333333,True,1.0,,7820.0,,,Use only matched 170-query filtered ICEBERG files; off-manifest shard rows excluded; candidate-level prediction failures audited.
56,80,80,iceberg,ICEBERG,ICEBERG harmonized candidate-set rerun,completed_with_candidate_prediction_failures,partial_prediction_failures,,7809,226.0,False,False,False,0.0044247787610619,0.072463768115942,False,1.0,,7808.0,,,Use only matched 170-query filtered ICEBERG files; off-manifest shard rows excluded; candidate-level prediction failures audited.
57,82,82,iceberg,ICEBERG,ICEBERG harmonized candidate-set rerun,completed_with_candidate_prediction_failures,partial_prediction_failures,,5788,269.0,False,False,False,0.0037174721189591,0.2424242424242424,True,1.0,,5787.0,,,Use only matched 170-query filtered ICEBERG files; off-manifest shard rows excluded; candidate-level prediction failures audited.
58,83,83,iceberg,ICEBERG,ICEBERG harmonized candidate-set rerun,completed_with_candidate_prediction_failures,completed,,9564,776.0,False,False,False,0.0012886597938144,0.2083333333333333,True,0.0,,9564.0,,,Use only matched 170-query filtered ICEBERG files; off-manifest shard rows excluded; candidate-level prediction failures audited.
59,84,84,iceberg,ICEBERG,ICEBERG harmonized candidate-set rerun,completed_with_candidate_prediction_failures,completed,,7090,2908.0,False,False,False,0.0003438789546079,0.0921052631578947,True,0.0,,7090.0,,,Use only matched 170-query filtered ICEBERG files; off-manifest shard rows excluded; candidate-level prediction failures audited.
60,87,87,iceberg,ICEBERG,ICEBERG harmonized candidate-set rerun,completed_with_candidate_prediction_failures,partial_prediction_failures,,2560,204.0,False,False,False,0.0049019607843137,0.1794871794871795,True,1.0,,2559.0,,,Use only matched 170-query filtered ICEBERG files; off-manifest shard rows excluded; candidate-level prediction failures audited.
61,88,88,iceberg,ICEBERG,ICEBERG harmonized candidate-set rerun,completed_with_candidate_prediction_failures,completed,,6054,192.0,False,False,False,0.0052083333333333,0.0961538461538461,False,0.0,,6054.0,,,Use only matched 170-query filtered ICEBERG files; off-manifest shard rows excluded; candidate-level prediction failures audited.
62,89,89,iceberg,ICEBERG,ICEBERG harmonized candidate-set rerun,completed_with_candidate_prediction_failures,partial_prediction_failures,,9564,38.0,False,False,False,0.0263157894736842,0.1343283582089552,True,1.0,,9563.0,,,Use only matched 170-query filtered ICEBERG files; off-manifest shard rows excluded; candidate-level prediction failures audited.
63,90,90,iceberg,ICEBERG,ICEBERG harmonized candidate-set rerun,completed_with_candidate_prediction_failures,completed,,1959,1092.0,False,False,False,0.0009157509157509,0.1294117647058823,True,0.0,,1959.0,,,Use only matched 170-query filtered ICEBERG files; off-manifest shard rows excluded; candidate-level prediction failures audited.
64,93,93,iceberg,ICEBERG,ICEBERG harmonized candidate-set rerun,completed_with_candidate_prediction_failures,partial_prediction_failures,,9460,3.0,False,True,True,0.3333333333333333,0.5952380952380952,True,4.0,,9456.0,,,Use only matched 170-query filtered ICEBERG files; off-manifest shard rows excluded; candidate-level prediction failures audited.
65,94,94,iceberg,ICEBERG,ICEBERG harmonized candidate-set rerun,completed_with_candidate_prediction_failures,completed,,347,4.0,False,True,True,0.25,0.6052631578947368,True,0.0,,347.0,,,Use only matched 170-query filtered ICEBERG files; off-manifest shard rows excluded; candidate-level prediction failures audited.
66,95,95,iceberg,ICEBERG,ICEBERG harmonized candidate-set rerun,completed_with_candidate_prediction_failures,completed,,1877,12.0,False,False,False,0.0833333333333333,0.0747663551401869,False,0.0,,1877.0,,,Use only matched 170-query filtered ICEBERG files; off-manifest shard rows excluded; candidate-level prediction failures audited.
67,96,96,iceberg,ICEBERG,ICEBERG harmonized candidate-set rerun,completed_with_candidate_prediction_failures,completed,,6683,70.0,False,False,False,0.0142857142857142,0.2692307692307692,True,0.0,,6683.0,,,Use only matched 170-query filtered ICEBERG files; off-manifest shard rows excluded; candidate-level prediction failures audited.
68,98,98,iceberg,ICEBERG,ICEBERG harmonized candidate-set rerun,completed_with_candidate_prediction_failures,partial_prediction_failures,,9270,737.0,False,False,False,0.0013568521031207,0.1089108910891089,False,1.0,,9269.0,,,Use only matched 170-query filtered ICEBERG files; off-manifest shard rows excluded; candidate-level prediction failures audited.
69,99,99,iceberg,ICEBERG,ICEBERG harmonized candidate-set rerun,completed_with_candidate_prediction_failures,completed,,6863,21.0,False,False,False,0.0476190476190476,0.3703703703703703,True,0.0,,6863.0,,,Use only matched 170-query filtered ICEBERG files; off-manifest shard rows excluded; candidate-level prediction failures audited.
70,100,100,iceberg,ICEBERG,ICEBERG harmonized candidate-set rerun,completed_with_candidate_prediction_failures,completed,,6530,23.0,False,False,False,0.0434782608695652,0.3050847457627119,True,0.0,,6530.0,,,Use only matched 170-query filtered ICEBERG files; off-manifest shard rows excluded; candidate-level prediction failures audited.
71,101,101,iceberg,ICEBERG,ICEBERG harmonized candidate-set rerun,completed_with_candidate_prediction_failures,completed,,7839,962.0,False,False,False,0.001039501039501,0.1323529411764706,False,0.0,,7839.0,,,Use only matched 170-query filtered ICEBERG files; off-manifest shard rows excluded; candidate-level prediction failures audited.
72,102,102,iceberg,ICEBERG,ICEBERG harmonized candidate-set rerun,completed_with_candidate_prediction_failures,completed,,4859,727.0,False,False,False,0.0013755158184319,0.3947368421052631,True,0.0,,4859.0,,,Use only matched 170-query filtered ICEBERG files; off-manifest shard rows excluded; candidate-level prediction failures audited.
73,104,104,iceberg,ICEBERG,ICEBERG harmonized candidate-set rerun,completed_with_candidate_prediction_failures,completed,,8559,79.0,False,False,False,0.0126582278481012,0.0985915492957746,False,0.0,,8559.0,,,Use only matched 170-query filtered ICEBERG files; off-manifest shard rows excluded; candidate-level prediction failures audited.
74,105,105,iceberg,ICEBERG,ICEBERG harmonized candidate-set rerun,completed_with_candidate_prediction_failures,completed,,9237,95.0,False,False,False,0.0105263157894736,0.2307692307692307,True,0.0,,9237.0,,,Use only matched 170-query filtered ICEBERG files; off-manifest shard rows excluded; candidate-level prediction failures audited.
75,106,106,iceberg,ICEBERG,ICEBERG harmonized candidate-set rerun,completed_with_candidate_prediction_failures,completed,,9491,55.0,False,False,False,0.0181818181818181,0.2,True,0.0,,9491.0,,,Use only matched 170-query filtered ICEBERG files; off-manifest shard rows excluded; candidate-level prediction failures audited.
76,107,107,iceberg,ICEBERG,ICEBERG harmonized candidate-set rerun,completed_with_candidate_prediction_failures,completed,,8301,781.0,False,False,False,0.0012804097311139,0.1688311688311688,True,0.0,,8301.0,,,Use only matched 170-query filtered ICEBERG files; off-manifest shard rows excluded; candidate-level prediction failures audited.
77,108,108,iceberg,ICEBERG,ICEBERG harmonized candidate-set rerun,completed_with_candidate_prediction_failures,partial_prediction_failures,,9739,96.0,False,False,False,0.0104166666666666,0.1052631578947368,True,1.0,,9738.0,,,Use only matched 170-query filtered ICEBERG files; off-manifest shard rows excluded; candidate-level prediction failures audited.
78,109,109,iceberg,ICEBERG,ICEBERG harmonized candidate-set rerun,completed_with_candidate_prediction_failures,completed,,4864,334.0,False,False,False,0.0029940119760479,0.582089552238806,True,0.0,,4864.0,,,Use only matched 170-query filtered ICEBERG files; off-manifest shard rows excluded; candidate-level prediction failures audited.
79,111,111,iceberg,ICEBERG,ICEBERG harmonized candidate-set rerun,completed_with_candidate_prediction_failures,partial_prediction_failures,,2744,8.0,False,False,True,0.125,0.5,True,3.0,,2741.0,,,Use only matched 170-query filtered ICEBERG files; off-manifest shard rows excluded; candidate-level prediction failures audited.
80,112,112,iceberg,ICEBERG,ICEBERG harmonized candidate-set rerun,completed_with_candidate_prediction_failures,completed,,9092,6.0,False,False,True,0.1666666666666666,0.1864406779661017,True,0.0,,9092.0,,,Use only matched 170-query filtered ICEBERG files; off-manifest shard rows excluded; candidate-level prediction failures audited.
81,113,113,iceberg,ICEBERG,ICEBERG harmonized candidate-set rerun,completed_with_candidate_prediction_failures,completed,,7164,2.0,False,True,True,0.5,1.0,True,0.0,,7164.0,,,Use only matched 170-query filtered ICEBERG files; off-manifest shard rows excluded; candidate-level prediction failures audited.
82,114,114,iceberg,ICEBERG,ICEBERG harmonized candidate-set rerun,completed_with_candidate_prediction_failures,completed,,689,46.0,False,False,False,0.0217391304347826,1.0,True,0.0,,689.0,,,Use only matched 170-query filtered ICEBERG files; off-manifest shard rows excluded; candidate-level prediction failures audited.
83,115,115,iceberg,ICEBERG,ICEBERG harmonized candidate-set rerun,completed_with_candidate_prediction_failures,completed,,1876,477.0,False,False,False,0.0020964360587002,0.1935483870967742,True,0.0,,1876.0,,,Use only matched 170-query filtered ICEBERG files; off-manifest shard rows excluded; candidate-level prediction failures audited.
84,116,116,iceberg,ICEBERG,ICEBERG harmonized candidate-set rerun,completed_with_candidate_prediction_failures,completed,,9725,36.0,False,False,False,0.0277777777777777,0.2830188679245283,True,0.0,,9725.0,,,Use only matched 170-query filtered ICEBERG files; off-manifest shard rows excluded; candidate-level prediction failures audited.
85,119,119,iceberg,ICEBERG,ICEBERG harmonized candidate-set rerun,completed_with_candidate_prediction_failures,partial_prediction_failures,,9424,317.0,False,False,False,0.0031545741324921,0.0757575757575757,False,2.0,,9422.0,,,Use only matched 170-query filtered ICEBERG files; off-manifest shard rows excluded; candidate-level prediction failures audited.
86,120,120,iceberg,ICEBERG,ICEBERG harmonized candidate-set rerun,completed_with_candidate_prediction_failures,completed,,9633,936.0,False,False,False,0.001068376068376,0.135593220338983,True,0.0,,9633.0,,,Use only matched 170-query filtered ICEBERG files; off-manifest shard rows excluded; candidate-level prediction failures audited.
87,121,121,iceberg,ICEBERG,ICEBERG harmonized candidate-set rerun,completed_with_candidate_prediction_failures,completed,,9371,683.0,False,False,False,0.0014641288433382,0.1408450704225352,True,0.0,,9371.0,,,Use only matched 170-query filtered ICEBERG files; off-manifest shard rows excluded; candidate-level prediction failures audited.
88,122,122,iceberg,ICEBERG,ICEBERG harmonized candidate-set rerun,completed_with_candidate_prediction_failures,partial_prediction_failures,,3108,99.0,False,False,False,0.0101010101010101,0.0873015873015873,False,1.0,,3107.0,,,Use only matched 170-query filtered ICEBERG files; off-manifest shard rows excluded; candidate-level prediction failures audited.
89,123,123,iceberg,ICEBERG,ICEBERG harmonized candidate-set rerun,completed_with_candidate_prediction_failures,completed,,2103,49.0,False,False,False,0.0204081632653061,0.0952380952380952,False,0.0,,2103.0,,,Use only matched 170-query filtered ICEBERG files; off-manifest shard rows excluded; candidate-level prediction failures audited.
90,126,126,iceberg,ICEBERG,ICEBERG harmonized candidate-set rerun,completed_with_candidate_prediction_failures,partial_prediction_failures,,9036,129.0,False,False,False,0.0077519379844961,0.1617647058823529,True,3.0,,9033.0,,,Use only matched 170-query filtered ICEBERG files; off-manifest shard rows excluded; candidate-level prediction failures audited.
91,127,127,iceberg,ICEBERG,ICEBERG harmonized candidate-set rerun,completed_with_candidate_prediction_failures,completed,,1657,253.0,False,False,False,0.0039525691699604,0.053763440860215,True,0.0,,1657.0,,,Use only matched 170-query filtered ICEBERG files; off-manifest shard rows excluded; candidate-level prediction failures audited.
92,128,128,iceberg,ICEBERG,ICEBERG harmonized candidate-set rerun,completed_with_candidate_prediction_failures,completed,,9700,23.0,False,False,False,0.0434782608695652,0.2708333333333333,True,0.0,,9700.0,,,Use only matched 170-query filtered ICEBERG files; off-manifest shard rows excluded; candidate-level prediction failures audited.
93,129,129,iceberg,ICEBERG,ICEBERG harmonized candidate-set rerun,completed_with_candidate_prediction_failures,completed,,8301,402.0,False,False,False,0.0024875621890547,0.2898550724637681,True,0.0,,8301.0,,,Use only matched 170-query filtered ICEBERG files; off-manifest shard rows excluded; candidate-level prediction failures audited.
94,130,130,iceberg,ICEBERG,ICEBERG harmonized candidate-set rerun,completed_with_candidate_prediction_failures,completed,,9113,491.0,False,False,False,0.0020366598778004,0.0789473684210526,True,0.0,,9113.0,,,Use only matched 170-query filtered ICEBERG files; off-manifest shard rows excluded; candidate-level prediction failures audited.
95,131,131,iceberg,ICEBERG,ICEBERG harmonized candidate-set rerun,completed_with_candidate_prediction_failures,partial_prediction_failures,,9650,5.0,False,True,True,0.2,0.3409090909090909,True,256.0,,9394.0,,,Use only matched 170-query filtered ICEBERG files; off-manifest shard rows excluded; candidate-level prediction failures audited.
96,132,132,iceberg,ICEBERG,ICEBERG harmonized candidate-set rerun,completed_with_candidate_prediction_failures,partial_prediction_failures,,9018,129.0,False,False,False,0.0077519379844961,0.1235955056179775,False,2.0,,9016.0,,,Use only matched 170-query filtered ICEBERG files; off-manifest shard rows excluded; candidate-level prediction failures audited.
97,135,135,iceberg,ICEBERG,ICEBERG harmonized candidate-set rerun,completed_with_candidate_prediction_failures,completed,,6577,47.0,False,False,False,0.0212765957446808,0.42,True,0.0,,6577.0,,,Use only matched 170-query filtered ICEBERG files; off-manifest shard rows excluded; candidate-level prediction failures audited.
98,136,136,iceberg,ICEBERG,ICEBERG harmonized candidate-set rerun,completed_with_candidate_prediction_failures,completed,,9626,814.0,False,False,False,0.0012285012285012,0.1228070175438596,True,0.0,,9626.0,,,Use only matched 170-query filtered ICEBERG files; off-manifest shard rows excluded; candidate-level prediction failures audited.
99,137,137,iceberg,ICEBERG,ICEBERG harmonized candidate-set rerun,completed_with_candidate_prediction_failures,completed,,8774,1145.0,False,False,False,0.0008733624454148,0.0841121495327102,False,0.0,,8774.0,,,Use only matched 170-query filtered ICEBERG files; off-manifest shard rows excluded; candidate-level prediction failures audited.
100,138,138,iceberg,ICEBERG,ICEBERG harmonized candidate-set rerun,completed_with_candidate_prediction_failures,completed,,8939,992.0,False,False,False,0.001008064516129,0.175,True,0.0,,8939.0,,,Use only matched 170-query filtered ICEBERG files; off-manifest shard rows excluded; candidate-level prediction failures audited.
101,139,139,iceberg,ICEBERG,ICEBERG harmonized candidate-set rerun,completed_with_candidate_prediction_failures,completed,,631,29.0,False,False,False,0.0344827586206896,0.8705882352941177,True,0.0,,631.0,,,Use only matched 170-query filtered ICEBERG files; off-manifest shard rows excluded; candidate-level prediction failures audited.
102,140,140,iceberg,ICEBERG,ICEBERG harmonized candidate-set rerun,completed_with_candidate_prediction_failures,completed,,9134,5.0,False,True,True,0.2,0.0857142857142857,True,0.0,,9134.0,,,Use only matched 170-query filtered ICEBERG files; off-manifest shard rows excluded; candidate-level prediction failures audited.
103,142,142,iceberg,ICEBERG,ICEBERG harmonized candidate-set rerun,completed_with_candidate_prediction_failures,completed,,9236,72.0,False,False,False,0.0138888888888888,0.1891891891891892,True,0.0,,9236.0,,,Use only matched 170-query filtered ICEBERG files; off-manifest shard rows excluded; candidate-level prediction failures audited.
104,143,143,iceberg,ICEBERG,ICEBERG harmonized candidate-set rerun,completed_with_candidate_prediction_failures,partial_prediction_failures,,8691,5.0,False,True,True,0.2,1.0,True,1.0,,8690.0,,,Use only matched 170-query filtered ICEBERG files; off-manifest shard rows excluded; candidate-level prediction failures audited.
105,144,144,iceberg,ICEBERG,ICEBERG harmonized candidate-set rerun,completed_with_candidate_prediction_failures,completed,,9540,53.0,False,False,False,0.0188679245283018,0.136986301369863,True,0.0,,9540.0,,,Use only matched 170-query filtered ICEBERG files; off-manifest shard rows excluded; candidate-level prediction failures audited.
106,145,145,iceberg,ICEBERG,ICEBERG harmonized candidate-set rerun,completed_with_candidate_prediction_failures,completed,,316,84.0,False,False,False,0.0119047619047619,1.0,True,0.0,,316.0,,,Use only matched 170-query filtered ICEBERG files; off-manifest shard rows excluded; candidate-level prediction failures audited.
107,146,146,iceberg,ICEBERG,ICEBERG harmonized candidate-set rerun,completed_with_candidate_prediction_failures,partial_prediction_failures,,1277,958.0,False,False,False,0.0010438413361169,0.0789473684210526,False,1.0,,1276.0,,,Use only matched 170-query filtered ICEBERG files; off-manifest shard rows excluded; candidate-level prediction failures audited.
108,147,147,iceberg,ICEBERG,ICEBERG harmonized candidate-set rerun,completed_with_candidate_prediction_failures,completed,,4034,251.0,False,False,False,0.0039840637450199,0.3209876543209876,True,0.0,,4034.0,,,Use only matched 170-query filtered ICEBERG files; off-manifest shard rows excluded; candidate-level prediction failures audited.
109,149,149,iceberg,ICEBERG,ICEBERG harmonized candidate-set rerun,completed_with_candidate_prediction_failures,partial_prediction_failures,,9235,34.0,False,False,False,0.0294117647058823,0.484375,True,1.0,,9234.0,,,Use only matched 170-query filtered ICEBERG files; off-manifest shard rows excluded; candidate-level prediction failures audited.
110,150,150,iceberg,ICEBERG,ICEBERG harmonized candidate-set rerun,completed_with_candidate_prediction_failures,completed,,7703,6427.0,False,False,False,0.0001555935895441,0.1071428571428571,False,0.0,,7703.0,,,Use only matched 170-query filtered ICEBERG files; off-manifest shard rows excluded; candidate-level prediction failures audited.
111,151,151,iceberg,ICEBERG,ICEBERG harmonized candidate-set rerun,completed_with_candidate_prediction_failures,partial_prediction_failures,,1793,830.0,False,False,False,0.0012048192771084,0.1636363636363636,True,8.0,,1785.0,,,Use only matched 170-query filtered ICEBERG files; off-manifest shard rows excluded; candidate-level prediction failures audited.
112,155,155,iceberg,ICEBERG,ICEBERG harmonized candidate-set rerun,completed_with_candidate_prediction_failures,partial_prediction_failures,,9273,120.0,False,False,False,0.0083333333333333,0.1818181818181818,False,1.0,,9272.0,,,Use only matched 170-query filtered ICEBERG files; off-manifest shard rows excluded; candidate-level prediction failures audited.
113,156,156,iceberg,ICEBERG,ICEBERG harmonized candidate-set rerun,completed_with_candidate_prediction_failures,partial_prediction_failures,,8995,417.0,False,False,False,0.0023980815347721,0.0898876404494382,False,1.0,,8994.0,,,Use only matched 170-query filtered ICEBERG files; off-manifest shard rows excluded; candidate-level prediction failures audited.
114,157,157,iceberg,ICEBERG,ICEBERG harmonized candidate-set rerun,completed_with_candidate_prediction_failures,completed,,6956,15.0,False,False,False,0.0666666666666666,0.0862068965517241,False,0.0,,6956.0,,,Use only matched 170-query filtered ICEBERG files; off-manifest shard rows excluded; candidate-level prediction failures audited.
115,158,158,iceberg,ICEBERG,ICEBERG harmonized candidate-set rerun,completed_with_candidate_prediction_failures,completed,,3729,27.0,False,False,False,0.037037037037037,0.0849056603773584,False,0.0,,3729.0,,,Use only matched 170-query filtered ICEBERG files; off-manifest shard rows excluded; candidate-level prediction failures audited.
116,159,159,iceberg,ICEBERG,ICEBERG harmonized candidate-set rerun,completed_with_candidate_prediction_failures,completed,,9633,4.0,False,True,True,0.25,0.1551724137931034,True,0.0,,9633.0,,,Use only matched 170-query filtered ICEBERG files; off-manifest shard rows excluded; candidate-level prediction failures audited.
117,163,163,iceberg,ICEBERG,ICEBERG harmonized candidate-set rerun,completed_with_candidate_prediction_failures,completed,,361,25.0,False,False,False,0.04,0.096,False,0.0,,361.0,,,Use only matched 170-query filtered ICEBERG files; off-manifest shard rows excluded; candidate-level prediction failures audited.
118,164,164,iceberg,ICEBERG,ICEBERG harmonized candidate-set rerun,completed_with_candidate_prediction_failures,partial_prediction_failures,,9014,2.0,False,True,True,0.5,1.0,True,1.0,,9013.0,,,Use only matched 170-query filtered ICEBERG files; off-manifest shard rows excluded; candidate-level prediction failures audited.
119,165,165,iceberg,ICEBERG,ICEBERG harmonized candidate-set rerun,completed_with_candidate_prediction_failures,completed,,631,63.0,False,False,False,0.0158730158730158,0.8705882352941177,True,0.0,,631.0,,,Use only matched 170-query filtered ICEBERG files; off-manifest shard rows excluded; candidate-level prediction failures audited.
120,166,166,iceberg,ICEBERG,ICEBERG harmonized candidate-set rerun,completed_with_candidate_prediction_failures,completed,,6879,86.0,False,False,False,0.0116279069767441,0.1702127659574468,True,0.0,,6879.0,,,Use only matched 170-query filtered ICEBERG files; off-manifest shard rows excluded; candidate-level prediction failures audited.
121,169,169,iceberg,ICEBERG,ICEBERG harmonized candidate-set rerun,completed_with_candidate_prediction_failures,completed,,4670,33.0,False,False,False,0.0303030303030303,0.6363636363636364,True,0.0,,4670.0,,,Use only matched 170-query filtered ICEBERG files; off-manifest shard rows excluded; candidate-level prediction failures audited.
122,170,170,iceberg,ICEBERG,ICEBERG harmonized candidate-set rerun,completed_with_candidate_prediction_failures,completed,,8301,1988.0,False,False,False,0.0005030181086519,0.024390243902439,True,0.0,,8301.0,,,Use only matched 170-query filtered ICEBERG files; off-manifest shard rows excluded; candidate-level prediction failures audited.
123,171,171,iceberg,ICEBERG,ICEBERG harmonized candidate-set rerun,completed_with_candidate_prediction_failures,completed,,1728,15.0,False,False,False,0.0666666666666666,0.9090909090909092,True,0.0,,1728.0,,,Use only matched 170-query filtered ICEBERG files; off-manifest shard rows excluded; candidate-level prediction failures audited.
124,172,172,iceberg,ICEBERG,ICEBERG harmonized candidate-set rerun,completed_with_candidate_prediction_failures,completed,,1959,372.0,False,False,False,0.0026881720430107,0.119047619047619,True,0.0,,1959.0,,,Use only matched 170-query filtered ICEBERG files; off-manifest shard rows excluded; candidate-level prediction failures audited.
125,173,173,iceberg,ICEBERG,ICEBERG harmonized candidate-set rerun,completed_with_candidate_prediction_failures,completed,,8918,2.0,False,True,True,0.5,1.0,True,0.0,,8918.0,,,Use only matched 170-query filtered ICEBERG files; off-manifest shard rows excluded; candidate-level prediction failures audited.
126,176,176,iceberg,ICEBERG,ICEBERG harmonized candidate-set rerun,completed_with_candidate_prediction_failures,completed,,2390,207.0,False,False,False,0.0048309178743961,0.6790123456790124,True,0.0,,2390.0,,,Use only matched 170-query filtered ICEBERG files; off-manifest shard rows excluded; candidate-level prediction failures audited.
127,177,177,iceberg,ICEBERG,ICEBERG harmonized candidate-set rerun,completed_with_candidate_prediction_failures,partial_prediction_failures,,336,14.0,False,False,False,0.0714285714285714,0.912087912087912,True,2.0,,334.0,,,Use only matched 170-query filtered ICEBERG files; off-manifest shard rows excluded; candidate-level prediction failures audited.
128,178,178,iceberg,ICEBERG,ICEBERG harmonized candidate-set rerun,completed_with_candidate_prediction_failures,partial_prediction_failures,,2608,154.0,False,False,False,0.0064935064935064,0.0704225352112676,True,1.0,,2607.0,,,Use only matched 170-query filtered ICEBERG files; off-manifest shard rows excluded; candidate-level prediction failures audited.
129,179,179,iceberg,ICEBERG,ICEBERG harmonized candidate-set rerun,completed_with_candidate_prediction_failures,partial_prediction_failures,,8960,17.0,False,False,False,0.0588235294117647,0.1018518518518518,False,1.0,,8959.0,,,Use only matched 170-query filtered ICEBERG files; off-manifest shard rows excluded; candidate-level prediction failures audited.
130,180,180,iceberg,ICEBERG,ICEBERG harmonized candidate-set rerun,completed_with_candidate_prediction_failures,completed,,6387,33.0,False,False,False,0.0303030303030303,0.6447368421052632,True,0.0,,6387.0,,,Use only matched 170-query filtered ICEBERG files; off-manifest shard rows excluded; candidate-level prediction failures audited.
131,181,181,iceberg,ICEBERG,ICEBERG harmonized candidate-set rerun,completed_with_candidate_prediction_failures,completed,,9633,114.0,False,False,False,0.0087719298245614,0.1929824561403508,True,0.0,,9633.0,,,Use only matched 170-query filtered ICEBERG files; off-manifest shard rows excluded; candidate-level prediction failures audited.
132,185,185,iceberg,ICEBERG,ICEBERG harmonized candidate-set rerun,completed_with_candidate_prediction_failures,completed,,6320,3801.0,False,False,False,0.0002630886608787,0.125,False,0.0,,6320.0,,,Use only matched 170-query filtered ICEBERG files; off-manifest shard rows excluded; candidate-level prediction failures audited.
133,186,186,iceberg,ICEBERG,ICEBERG harmonized candidate-set rerun,completed_with_candidate_prediction_failures,completed,,9661,8.0,False,False,True,0.125,0.2545454545454545,True,0.0,,9661.0,,,Use only matched 170-query filtered ICEBERG files; off-manifest shard rows excluded; candidate-level prediction failures audited.
134,187,187,iceberg,ICEBERG,ICEBERG harmonized candidate-set rerun,completed_with_candidate_prediction_failures,completed,,8418,1.0,True,True,True,1.0,1.0,True,0.0,,8418.0,,,Use only matched 170-query filtered ICEBERG files; off-manifest shard rows excluded; candidate-level prediction failures audited.
135,188,188,iceberg,ICEBERG,ICEBERG harmonized candidate-set rerun,completed_with_candidate_prediction_failures,completed,,6643,5787.0,False,False,False,0.000172801105927,0.1052631578947368,False,0.0,,6643.0,,,Use only matched 170-query filtered ICEBERG files; off-manifest shard rows excluded; candidate-level prediction failures audited.
136,189,189,iceberg,ICEBERG,ICEBERG harmonized candidate-set rerun,completed_with_candidate_prediction_failures,completed,,3839,73.0,False,False,False,0.0136986301369863,0.1126760563380281,False,0.0,,3839.0,,,Use only matched 170-query filtered ICEBERG files; off-manifest shard rows excluded; candidate-level prediction failures audited.
137,190,190,iceberg,ICEBERG,ICEBERG harmonized candidate-set rerun,completed_with_candidate_prediction_failures,completed,,9134,120.0,False,False,False,0.0083333333333333,0.2,True,0.0,,9134.0,,,Use only matched 170-query filtered ICEBERG files; off-manifest shard rows excluded; candidate-level prediction failures audited.
138,191,191,iceberg,ICEBERG,ICEBERG harmonized candidate-set rerun,completed_with_candidate_prediction_failures,completed,,1876,937.0,False,False,False,0.0010672358591248,0.0568181818181818,True,0.0,,1876.0,,,Use only matched 170-query filtered ICEBERG files; off-manifest shard rows excluded; candidate-level prediction failures audited.
139,192,192,iceberg,ICEBERG,ICEBERG harmonized candidate-set rerun,completed_with_candidate_prediction_failures,partial_prediction_failures,,735,123.0,False,False,False,0.008130081300813,0.1031746031746031,True,6.0,,729.0,,,Use only matched 170-query filtered ICEBERG files; off-manifest shard rows excluded; candidate-level prediction failures audited.
140,193,193,iceberg,ICEBERG,ICEBERG harmonized candidate-set rerun,completed_with_candidate_prediction_failures,completed,,7937,2.0,False,True,True,0.5,1.0,True,0.0,,7937.0,,,Use only matched 170-query filtered ICEBERG files; off-manifest shard rows excluded; candidate-level prediction failures audited.
141,194,194,iceberg,ICEBERG,ICEBERG harmonized candidate-set rerun,completed_with_candidate_prediction_failures,completed,,9378,4.0,False,True,True,0.25,0.4693877551020408,True,0.0,,9378.0,,,Use only matched 170-query filtered ICEBERG files; off-manifest shard rows excluded; candidate-level prediction failures audited.
142,195,195,iceberg,ICEBERG,ICEBERG harmonized candidate-set rerun,completed_with_candidate_prediction_failures,completed,,1274,13.0,False,False,False,0.0769230769230769,1.0,True,0.0,,1274.0,,,Use only matched 170-query filtered ICEBERG files; off-manifest shard rows excluded; candidate-level prediction failures audited.
143,196,196,iceberg,ICEBERG,ICEBERG harmonized candidate-set rerun,completed_with_candidate_prediction_failures,completed,,4522,4.0,False,True,True,0.25,0.1176470588235294,True,0.0,,4522.0,,,Use only matched 170-query filtered ICEBERG files; off-manifest shard rows excluded; candidate-level prediction failures audited.
144,199,199,iceberg,ICEBERG,ICEBERG harmonized candidate-set rerun,completed_with_candidate_prediction_failures,completed,,4447,18.0,False,False,False,0.0555555555555555,0.1125,False,0.0,,4447.0,,,Use only matched 170-query filtered ICEBERG files; off-manifest shard rows excluded; candidate-level prediction failures audited.
145,200,200,iceberg,ICEBERG,ICEBERG harmonized candidate-set rerun,completed_with_candidate_prediction_failures,completed,,510,34.0,False,False,False,0.0294117647058823,0.4956521739130435,True,0.0,,510.0,,,Use only matched 170-query filtered ICEBERG files; off-manifest shard rows excluded; candidate-level prediction failures audited.
146,201,201,iceberg,ICEBERG,ICEBERG harmonized candidate-set rerun,completed_with_candidate_prediction_failures,completed,,7033,354.0,False,False,False,0.0028248587570621,0.1206896551724138,True,0.0,,7033.0,,,Use only matched 170-query filtered ICEBERG files; off-manifest shard rows excluded; candidate-level prediction failures audited.
147,205,205,iceberg,ICEBERG,ICEBERG harmonized candidate-set rerun,completed_with_candidate_prediction_failures,partial_prediction_failures,,9363,33.0,False,False,False,0.0303030303030303,0.1506849315068493,True,2.0,,9361.0,,,Use only matched 170-query filtered ICEBERG files; off-manifest shard rows excluded; candidate-level prediction failures audited.
148,206,206,iceberg,ICEBERG,ICEBERG harmonized candidate-set rerun,completed_with_candidate_prediction_failures,completed,,9113,502.0,False,False,False,0.0019920318725099,0.123076923076923,False,0.0,,9113.0,,,Use only matched 170-query filtered ICEBERG files; off-manifest shard rows excluded; candidate-level prediction failures audited.
149,207,207,iceberg,ICEBERG,ICEBERG harmonized candidate-set rerun,completed_with_candidate_prediction_failures,completed,,5971,409.0,False,False,False,0.0024449877750611,0.0597014925373134,True,0.0,,5971.0,,,Use only matched 170-query filtered ICEBERG files; off-manifest shard rows excluded; candidate-level prediction failures audited.
150,208,208,iceberg,ICEBERG,ICEBERG harmonized candidate-set rerun,completed_with_candidate_prediction_failures,completed,,9633,355.0,False,False,False,0.0028169014084507,0.1379310344827586,True,0.0,,9633.0,,,Use only matched 170-query filtered ICEBERG files; off-manifest shard rows excluded; candidate-level prediction failures audited.
151,209,209,iceberg,ICEBERG,ICEBERG harmonized candidate-set rerun,completed_with_candidate_prediction_failures,completed,,9092,127.0,False,False,False,0.0078740157480314,0.3695652173913043,True,0.0,,9092.0,,,Use only matched 170-query filtered ICEBERG files; off-manifest shard rows excluded; candidate-level prediction failures audited.
152,210,210,iceberg,ICEBERG,ICEBERG harmonized candidate-set rerun,completed_with_candidate_prediction_failures,completed,,6490,4.0,False,True,True,0.25,1.0,True,0.0,,6490.0,,,Use only matched 170-query filtered ICEBERG files; off-manifest shard rows excluded; candidate-level prediction failures audited.
153,211,211,iceberg,ICEBERG,ICEBERG harmonized candidate-set rerun,completed_with_candidate_prediction_failures,completed,,9668,1267.0,False,False,False,0.0007892659826361,0.088235294117647,True,0.0,,9668.0,,,Use only matched 170-query filtered ICEBERG files; off-manifest shard rows excluded; candidate-level prediction failures audited.
154,212,212,iceberg,ICEBERG,ICEBERG harmonized candidate-set rerun,completed_with_candidate_prediction_failures,completed,,9580,5656.0,False,False,False,0.0001768033946251,0.2653061224489796,True,0.0,,9580.0,,,Use only matched 170-query filtered ICEBERG files; off-manifest shard rows excluded; candidate-level prediction failures audited.
155,213,213,iceberg,ICEBERG,ICEBERG harmonized candidate-set rerun,completed_with_candidate_prediction_failures,completed,,9069,2609.0,False,False,False,0.000383288616328,0.1184210526315789,True,0.0,,9069.0,,,Use only matched 170-query filtered ICEBERG files; off-manifest shard rows excluded; candidate-level prediction failures audited.
156,214,214,iceberg,ICEBERG,ICEBERG harmonized candidate-set rerun,completed_with_candidate_prediction_failures,partial_prediction_failures,,1846,9.0,False,False,True,0.1111111111111111,0.106060606060606,False,1.0,,1845.0,,,Use only matched 170-query filtered ICEBERG files; off-manifest shard rows excluded; candidate-level prediction failures audited.
157,215,215,iceberg,ICEBERG,ICEBERG harmonized candidate-set rerun,completed_with_candidate_prediction_failures,completed,,9453,280.0,False,False,False,0.0035714285714285,0.1645569620253164,True,0.0,,9453.0,,,Use only matched 170-query filtered ICEBERG files; off-manifest shard rows excluded; candidate-level prediction failures audited.
158,216,216,iceberg,ICEBERG,ICEBERG harmonized candidate-set rerun,completed_with_candidate_prediction_failures,completed,,5420,701.0,False,False,False,0.0014265335235378,0.1971830985915492,True,0.0,,5420.0,,,Use only matched 170-query filtered ICEBERG files; off-manifest shard rows excluded; candidate-level prediction failures audited.
159,218,218,iceberg,ICEBERG,ICEBERG harmonized candidate-set rerun,completed_with_candidate_prediction_failures,partial_prediction_failures,,7363,242.0,False,False,False,0.0041322314049586,0.1690140845070422,True,2.0,,7361.0,,,Use only matched 170-query filtered ICEBERG files; off-manifest shard rows excluded; candidate-level prediction failures audited.
160,219,219,iceberg,ICEBERG,ICEBERG harmonized candidate-set rerun,completed_with_candidate_prediction_failures,completed,,3155,8.0,False,False,True,0.125,0.6923076923076923,True,0.0,,3155.0,,,Use only matched 170-query filtered ICEBERG files; off-manifest shard rows excluded; candidate-level prediction failures audited.
161,220,220,iceberg,ICEBERG,ICEBERG harmonized candidate-set rerun,completed_with_candidate_prediction_failures,completed,,9633,81.0,False,False,False,0.0123456790123456,0.1,True,0.0,,9633.0,,,Use only matched 170-query filtered ICEBERG files; off-manifest shard rows excluded; candidate-level prediction failures audited.
162,221,221,iceberg,ICEBERG,ICEBERG harmonized candidate-set rerun,completed_with_candidate_prediction_failures,completed,,9150,192.0,False,False,False,0.0052083333333333,0.1354166666666666,True,0.0,,9150.0,,,Use only matched 170-query filtered ICEBERG files; off-manifest shard rows excluded; candidate-level prediction failures audited.
163,222,222,iceberg,ICEBERG,ICEBERG harmonized candidate-set rerun,completed_with_candidate_prediction_failures,completed,,9240,27.0,False,False,False,0.037037037037037,0.0909090909090909,False,0.0,,9240.0,,,Use only matched 170-query filtered ICEBERG files; off-manifest shard rows excluded; candidate-level prediction failures audited.
164,223,223,iceberg,ICEBERG,ICEBERG harmonized candidate-set rerun,completed_with_candidate_prediction_failures,partial_prediction_failures,,9012,6.0,False,False,True,0.1666666666666666,0.1012658227848101,True,1.0,,9011.0,,,Use only matched 170-query filtered ICEBERG files; off-manifest shard rows excluded; candidate-level prediction failures audited.
165,224,224,iceberg,ICEBERG,ICEBERG harmonized candidate-set rerun,completed_with_candidate_prediction_failures,completed,,2730,5.0,False,True,True,0.2,1.0,True,0.0,,2730.0,,,Use only matched 170-query filtered ICEBERG files; off-manifest shard rows excluded; candidate-level prediction failures audited.
166,225,225,iceberg,ICEBERG,ICEBERG harmonized candidate-set rerun,completed_with_candidate_prediction_failures,completed,,6158,49.0,False,False,False,0.0204081632653061,0.1791044776119403,False,0.0,,6158.0,,,Use only matched 170-query filtered ICEBERG files; off-manifest shard rows excluded; candidate-level prediction failures audited.
167,226,226,iceberg,ICEBERG,ICEBERG harmonized candidate-set rerun,completed_with_candidate_prediction_failures,partial_prediction_failures,,9691,336.0,False,False,False,0.0029761904761904,0.1044776119402985,True,1.0,,9690.0,,,Use only matched 170-query filtered ICEBERG files; off-manifest shard rows excluded; candidate-level prediction failures audited.
168,227,227,iceberg,ICEBERG,ICEBERG harmonized candidate-set rerun,completed_with_candidate_prediction_failures,completed,,1329,622.0,False,False,False,0.0016077170418006,0.1195652173913043,True,0.0,,1329.0,,,Use only matched 170-query filtered ICEBERG files; off-manifest shard rows excluded; candidate-level prediction failures audited.
169,228,228,iceberg,ICEBERG,ICEBERG harmonized candidate-set rerun,completed_with_candidate_prediction_failures,completed,,6956,4.0,False,True,True,0.25,1.0,True,0.0,,6956.0,,,Use only matched 170-query filtered ICEBERG files; off-manifest shard rows excluded; candidate-level prediction failures audited.
0,0,0,massformer,MassFormer,MassFormer harmonized candidate-set rerun,completed_with_candidate_prediction_failures,completed,,1241,139.0,False,False,False,0.0071942446043165,0.1276595744680851,True,0.0,,1241.0,,,"Query rows complete, but candidate-level prediction failures must be reported."
1,3,3,massformer,MassFormer,MassFormer harmonized candidate-set rerun,completed_with_candidate_prediction_failures,completed,,8524,949.0,False,False,False,0.0010537407797681,0.141025641025641,True,0.0,,8524.0,,,"Query rows complete, but candidate-level prediction failures must be reported."
2,4,4,massformer,MassFormer,MassFormer harmonized candidate-set rerun,completed_with_candidate_prediction_failures,completed,,7594,2495.0,False,False,False,0.0004008016032064,0.1272727272727272,False,0.0,,7594.0,,,"Query rows complete, but candidate-level prediction failures must be reported."
3,5,5,massformer,MassFormer,MassFormer harmonized candidate-set rerun,completed_with_candidate_prediction_failures,completed,,1074,609.0,False,False,False,0.0016420361247947,0.0677966101694915,False,0.0,,1074.0,,,"Query rows complete, but candidate-level prediction failures must be reported."
4,6,6,massformer,MassFormer,MassFormer harmonized candidate-set rerun,completed_with_candidate_prediction_failures,completed,,1524,141.0,False,False,False,0.0070921985815602,0.1683168316831683,True,0.0,,1524.0,,,"Query rows complete, but candidate-level prediction failures must be reported."
5,7,7,massformer,MassFormer,MassFormer harmonized candidate-set rerun,completed_with_candidate_prediction_failures,completed,,7016,370.0,False,False,False,0.0027027027027027,0.2352941176470588,True,0.0,,7016.0,,,"Query rows complete, but candidate-level prediction failures must be reported."
6,9,9,massformer,MassFormer,MassFormer harmonized candidate-set rerun,completed_with_candidate_prediction_failures,partial_prediction_failures,,8632,3582.0,False,False,False,0.0002791736460078,0.1875,True,2.0,,8630.0,,,"Query rows complete, but candidate-level prediction failures must be reported."
7,10,10,massformer,MassFormer,MassFormer harmonized candidate-set rerun,completed_with_candidate_prediction_failures,partial_prediction_failures,,2797,1439.0,False,False,False,0.0006949270326615,0.0919540229885057,False,7.0,,2790.0,,,"Query rows complete, but candidate-level prediction failures must be reported."
8,11,11,massformer,MassFormer,MassFormer harmonized candidate-set rerun,completed_with_candidate_prediction_failures,completed,,6368,1771.0,False,False,False,0.0005646527385657,0.0961538461538461,False,0.0,,6368.0,,,"Query rows complete, but candidate-level prediction failures must be reported."
9,12,12,massformer,MassFormer,MassFormer harmonized candidate-set rerun,completed_with_candidate_prediction_failures,completed,,9462,9091.0,False,False,False,0.0001099989000109,0.275,True,0.0,,9462.0,,,"Query rows complete, but candidate-level prediction failures must be reported."
10,15,15,massformer,MassFormer,MassFormer harmonized candidate-set rerun,completed_with_candidate_prediction_failures,completed,,4775,3737.0,False,False,False,0.0002675943270002,0.0852713178294573,False,0.0,,4775.0,,,"Query rows complete, but candidate-level prediction failures must be reported."
11,16,16,massformer,MassFormer,MassFormer harmonized candidate-set rerun,completed_with_candidate_prediction_failures,completed,,103,23.0,False,False,False,0.0434782608695652,0.0975609756097561,True,0.0,,103.0,,,"Query rows complete, but candidate-level prediction failures must be reported."
12,17,17,massformer,MassFormer,MassFormer harmonized candidate-set rerun,completed_with_candidate_prediction_failures,completed,,9564,1855.0,False,False,False,0.0005390835579514,0.0967741935483871,False,0.0,,9564.0,,,"Query rows complete, but candidate-level prediction failures must be reported."
13,18,18,massformer,MassFormer,MassFormer harmonized candidate-set rerun,completed_with_candidate_prediction_failures,completed,,6548,1284.0,False,False,False,0.0007788161993769,0.0980392156862745,True,0.0,,6548.0,,,"Query rows complete, but candidate-level prediction failures must be reported."
14,21,21,massformer,MassFormer,MassFormer harmonized candidate-set rerun,completed_with_candidate_prediction_failures,partial_prediction_failures,,5615,55.0,False,False,False,0.0181818181818181,0.2040816326530612,True,2.0,,5613.0,,,"Query rows complete, but candidate-level prediction failures must be reported."
15,22,22,massformer,MassFormer,MassFormer harmonized candidate-set rerun,completed_with_candidate_prediction_failures,partial_prediction_failures,,6294,5111.0,False,False,False,0.0001956564273136,0.1403508771929824,True,4.0,,6290.0,,,"Query rows complete, but candidate-level prediction failures must be reported."
16,23,23,massformer,MassFormer,MassFormer harmonized candidate-set rerun,completed_with_candidate_prediction_failures,completed,,5745,1110.0,False,False,False,0.0009009009009009,0.0845070422535211,True,0.0,,5745.0,,,"Query rows complete, but candidate-level prediction failures must be reported."
17,24,24,massformer,MassFormer,MassFormer harmonized candidate-set rerun,completed_with_candidate_prediction_failures,partial_prediction_failures,,5015,1001.0,False,False,False,0.0009990009990009,0.0909090909090909,False,12.0,,5003.0,,,"Query rows complete, but candidate-level prediction failures must be reported."
18,25,25,massformer,MassFormer,MassFormer harmonized candidate-set rerun,completed_with_candidate_prediction_failures,completed,,9778,98.0,False,False,False,0.010204081632653,0.0793650793650793,True,0.0,,9778.0,,,"Query rows complete, but candidate-level prediction failures must be reported."
19,26,26,massformer,MassFormer,MassFormer harmonized candidate-set rerun,completed_with_candidate_prediction_failures,completed,,8521,4114.0,False,False,False,0.0002430724355858,0.131578947368421,True,0.0,,8521.0,,,"Query rows complete, but candidate-level prediction failures must be reported."
20,27,27,massformer,MassFormer,MassFormer harmonized candidate-set rerun,completed_with_candidate_prediction_failures,completed,,3327,1611.0,False,False,False,0.0006207324643078,0.0725806451612903,False,0.0,,3327.0,,,"Query rows complete, but candidate-level prediction failures must be reported."
21,29,29,massformer,MassFormer,MassFormer harmonized candidate-set rerun,completed_with_candidate_prediction_failures,completed,,8062,955.0,False,False,False,0.0010471204188481,0.0865384615384615,False,0.0,,8062.0,,,"Query rows complete, but candidate-level prediction failures must be reported."
22,31,31,massformer,MassFormer,MassFormer harmonized candidate-set rerun,completed_with_candidate_prediction_failures,completed,,9668,6917.0,False,False,False,0.0001445713459592,0.2037037037037037,True,0.0,,9668.0,,,"Query rows complete, but candidate-level prediction failures must be reported."
23,34,34,massformer,MassFormer,MassFormer harmonized candidate-set rerun,completed_with_candidate_prediction_failures,partial_prediction_failures,,457,76.0,False,False,False,0.0131578947368421,0.0357142857142857,True,1.0,,456.0,,,"Query rows complete, but candidate-level prediction failures must be reported."
24,35,35,massformer,MassFormer,MassFormer harmonized candidate-set rerun,completed_with_candidate_prediction_failures,completed,,233,38.0,False,False,False,0.0263157894736842,0.1096774193548387,False,0.0,,233.0,,,"Query rows complete, but candidate-level prediction failures must be reported."
25,37,37,massformer,MassFormer,MassFormer harmonized candidate-set rerun,completed_with_candidate_prediction_failures,completed,,8957,1946.0,False,False,False,0.000513874614594,0.0833333333333333,True,0.0,,8957.0,,,"Query rows complete, but candidate-level prediction failures must be reported."
26,38,38,massformer,MassFormer,MassFormer harmonized candidate-set rerun,completed_with_candidate_prediction_failures,completed,,9532,3473.0,False,False,False,0.0002879355024474,0.0806451612903225,True,0.0,,9532.0,,,"Query rows complete, but candidate-level prediction failures must be reported."
27,39,39,massformer,MassFormer,MassFormer harmonized candidate-set rerun,completed_with_candidate_prediction_failures,completed,,859,525.0,False,False,False,0.0019047619047619,0.0625,True,0.0,,859.0,,,"Query rows complete, but candidate-level prediction failures must be reported."
28,40,40,massformer,MassFormer,MassFormer harmonized candidate-set rerun,completed_with_candidate_prediction_failures,completed,,7695,988.0,False,False,False,0.0010121457489878,0.0980392156862745,False,0.0,,7695.0,,,"Query rows complete, but candidate-level prediction failures must be reported."
29,41,41,massformer,MassFormer,MassFormer harmonized candidate-set rerun,completed_with_candidate_prediction_failures,completed,,5158,987.0,False,False,False,0.0010131712259371,0.0943396226415094,False,0.0,,5158.0,,,"Query rows complete, but candidate-level prediction failures must be reported."
30,42,42,massformer,MassFormer,MassFormer harmonized candidate-set rerun,completed_with_candidate_prediction_failures,completed,,9484,715.0,False,False,False,0.0013986013986013,0.17,True,0.0,,9484.0,,,"Query rows complete, but candidate-level prediction failures must be reported."
31,43,43,massformer,MassFormer,MassFormer harmonized candidate-set rerun,completed_with_candidate_prediction_failures,completed,,8937,2190.0,False,False,False,0.0004566210045662,0.0714285714285714,True,0.0,,8937.0,,,"Query rows complete, but candidate-level prediction failures must be reported."
32,46,46,massformer,MassFormer,MassFormer harmonized candidate-set rerun,completed_with_candidate_prediction_failures,partial_prediction_failures,,960,575.0,False,False,False,0.0017391304347826,0.0975609756097561,True,4.0,,956.0,,,"Query rows complete, but candidate-level prediction failures must be reported."
33,48,48,massformer,MassFormer,MassFormer harmonized candidate-set rerun,completed_with_candidate_prediction_failures,completed,,9066,123.0,False,False,False,0.008130081300813,0.1411764705882353,True,0.0,,9066.0,,,"Query rows complete, but candidate-level prediction failures must be reported."
34,50,50,massformer,MassFormer,MassFormer harmonized candidate-set rerun,completed_with_candidate_prediction_failures,completed,,1506,1378.0,False,False,False,0.0007256894049346,0.1025641025641025,False,0.0,,1506.0,,,"Query rows complete, but candidate-level prediction failures must be reported."
35,51,51,massformer,MassFormer,MassFormer harmonized candidate-set rerun,completed_with_candidate_prediction_failures,completed,,558,97.0,False,False,False,0.0103092783505154,0.0961538461538461,False,0.0,,558.0,,,"Query rows complete, but candidate-level prediction failures must be reported."
36,53,53,massformer,MassFormer,MassFormer harmonized candidate-set rerun,completed_with_candidate_prediction_failures,completed,,1206,1000.0,False,False,False,0.001,0.0416666666666666,True,0.0,,1206.0,,,"Query rows complete, but candidate-level prediction failures must be reported."
37,54,54,massformer,MassFormer,MassFormer harmonized candidate-set rerun,completed_with_candidate_prediction_failures,partial_prediction_failures,,6814,1111.0,False,False,False,0.0009000900090009,0.1186440677966101,True,2.0,,6812.0,,,"Query rows complete, but candidate-level prediction failures must be reported."
38,55,55,massformer,MassFormer,MassFormer harmonized candidate-set rerun,completed_with_candidate_prediction_failures,completed,,9288,294.0,False,False,False,0.0034013605442176,0.1463414634146341,True,0.0,,9288.0,,,"Query rows complete, but candidate-level prediction failures must be reported."
39,56,56,massformer,MassFormer,MassFormer harmonized candidate-set rerun,completed_with_candidate_prediction_failures,completed,,9532,935.0,False,False,False,0.0010695187165775,0.1267605633802817,True,0.0,,9532.0,,,"Query rows complete, but candidate-level prediction failures must be reported."
40,58,58,massformer,MassFormer,MassFormer harmonized candidate-set rerun,completed_with_candidate_prediction_failures,completed,,2999,235.0,False,False,False,0.0042553191489361,0.0606060606060606,True,0.0,,2999.0,,,"Query rows complete, but candidate-level prediction failures must be reported."
41,59,59,massformer,MassFormer,MassFormer harmonized candidate-set rerun,completed_with_candidate_prediction_failures,completed,,9219,131.0,False,False,False,0.0076335877862595,0.1951219512195122,True,0.0,,9219.0,,,"Query rows complete, but candidate-level prediction failures must be reported."
42,60,60,massformer,MassFormer,MassFormer harmonized candidate-set rerun,completed_with_candidate_prediction_failures,completed,,7090,569.0,False,False,False,0.0017574692442882,0.141025641025641,True,0.0,,7090.0,,,"Query rows complete, but candidate-level prediction failures must be reported."
43,61,61,massformer,MassFormer,MassFormer harmonized candidate-set rerun,completed_with_candidate_prediction_failures,completed,,8027,2699.0,False,False,False,0.0003705075954057,0.1020408163265306,False,0.0,,8027.0,,,"Query rows complete, but candidate-level prediction failures must be reported."
44,64,64,massformer,MassFormer,MassFormer harmonized candidate-set rerun,completed_with_candidate_prediction_failures,completed,,817,141.0,False,False,False,0.0070921985815602,0.0648148148148148,False,0.0,,817.0,,,"Query rows complete, but candidate-level prediction failures must be reported."
45,65,65,massformer,MassFormer,MassFormer harmonized candidate-set rerun,completed_with_candidate_prediction_failures,completed,,9590,1994.0,False,False,False,0.0005015045135406,0.1166666666666666,True,0.0,,9590.0,,,"Query rows complete, but candidate-level prediction failures must be reported."
46,68,68,massformer,MassFormer,MassFormer harmonized candidate-set rerun,completed_with_candidate_prediction_failures,completed,,1511,582.0,False,False,False,0.0017182130584192,0.0357142857142857,True,0.0,,1511.0,,,"Query rows complete, but candidate-level prediction failures must be reported."
47,69,69,massformer,MassFormer,MassFormer harmonized candidate-set rerun,completed_with_candidate_prediction_failures,completed,,9556,340.0,False,False,False,0.0029411764705882,0.2,True,0.0,,9556.0,,,"Query rows complete, but candidate-level prediction failures must be reported."
48,70,70,massformer,MassFormer,MassFormer harmonized candidate-set rerun,completed_with_candidate_prediction_failures,completed,,8926,67.0,False,False,False,0.0149253731343283,0.12,True,0.0,,8926.0,,,"Query rows complete, but candidate-level prediction failures must be reported."
49,71,71,massformer,MassFormer,MassFormer harmonized candidate-set rerun,completed_with_candidate_prediction_failures,completed,,9485,6262.0,False,False,False,0.0001596933886937,0.1794871794871795,True,0.0,,9485.0,,,"Query rows complete, but candidate-level prediction failures must be reported."
50,74,74,massformer,MassFormer,MassFormer harmonized candidate-set rerun,completed_with_candidate_prediction_failures,completed,,7251,525.0,False,False,False,0.0019047619047619,0.1176470588235294,True,0.0,,7251.0,,,"Query rows complete, but candidate-level prediction failures must be reported."
51,75,75,massformer,MassFormer,MassFormer harmonized candidate-set rerun,completed_with_candidate_prediction_failures,partial_prediction_failures,,4498,160.0,False,False,False,0.00625,0.088235294117647,False,4.0,,4494.0,,,"Query rows complete, but candidate-level prediction failures must be reported."
52,76,76,massformer,MassFormer,MassFormer harmonized candidate-set rerun,completed_with_candidate_prediction_failures,completed,,5745,2896.0,False,False,False,0.0003453038674033,0.0895522388059701,True,0.0,,5745.0,,,"Query rows complete, but candidate-level prediction failures must be reported."
53,77,77,massformer,MassFormer,MassFormer harmonized candidate-set rerun,completed_with_candidate_prediction_failures,partial_prediction_failures,,8719,729.0,False,False,False,0.0013717421124828,0.0843373493975903,True,1.0,,8718.0,,,"Query rows complete, but candidate-level prediction failures must be reported."
54,78,78,massformer,MassFormer,MassFormer harmonized candidate-set rerun,completed_with_candidate_prediction_failures,completed,,787,339.0,False,False,False,0.0029498525073746,0.1379310344827586,True,0.0,,787.0,,,"Query rows complete, but candidate-level prediction failures must be reported."
55,79,79,massformer,MassFormer,MassFormer harmonized candidate-set rerun,completed_with_candidate_prediction_failures,completed,,7821,3658.0,False,False,False,0.0002733734281027,0.0987654320987654,True,0.0,,7821.0,,,"Query rows complete, but candidate-level prediction failures must be reported."
56,80,80,massformer,MassFormer,MassFormer harmonized candidate-set rerun,completed_with_candidate_prediction_failures,completed,,7809,629.0,False,False,False,0.0015898251192368,0.1025641025641025,False,0.0,,7809.0,,,"Query rows complete, but candidate-level prediction failures must be reported."
57,82,82,massformer,MassFormer,MassFormer harmonized candidate-set rerun,completed_with_candidate_prediction_failures,completed,,5788,1559.0,False,False,False,0.0006414368184733,0.025,True,0.0,,5788.0,,,"Query rows complete, but candidate-level prediction failures must be reported."
58,83,83,massformer,MassFormer,MassFormer harmonized candidate-set rerun,completed_with_candidate_prediction_failures,completed,,9564,235.0,False,False,False,0.0042553191489361,0.0625,True,0.0,,9564.0,,,"Query rows complete, but candidate-level prediction failures must be reported."
59,84,84,massformer,MassFormer,MassFormer harmonized candidate-set rerun,completed_with_candidate_prediction_failures,completed,,7090,2481.0,False,False,False,0.0004030632809351,0.1375,True,0.0,,7090.0,,,"Query rows complete, but candidate-level prediction failures must be reported."
60,87,87,massformer,MassFormer,MassFormer harmonized candidate-set rerun,completed_with_candidate_prediction_failures,completed,,2560,55.0,False,False,False,0.0181818181818181,0.1707317073170731,True,0.0,,2560.0,,,"Query rows complete, but candidate-level prediction failures must be reported."
61,88,88,massformer,MassFormer,MassFormer harmonized candidate-set rerun,completed_with_candidate_prediction_failures,partial_prediction_failures,,6054,763.0,False,False,False,0.001310615989515,0.0229885057471264,False,11.0,,6043.0,,,"Query rows complete, but candidate-level prediction failures must be reported."
62,89,89,massformer,MassFormer,MassFormer harmonized candidate-set rerun,completed_with_candidate_prediction_failures,completed,,9564,2826.0,False,False,False,0.0003538570417551,0.1666666666666666,True,0.0,,9564.0,,,"Query rows complete, but candidate-level prediction failures must be reported."
63,90,90,massformer,MassFormer,MassFormer harmonized candidate-set rerun,completed_with_candidate_prediction_failures,completed,,1959,1140.0,False,False,False,0.0008771929824561,0.144578313253012,True,0.0,,1959.0,,,"Query rows complete, but candidate-level prediction failures must be reported."
64,93,93,massformer,MassFormer,MassFormer harmonized candidate-set rerun,completed_with_candidate_prediction_failures,partial_prediction_failures,,9460,5722.0,False,False,False,0.0001747640685075,0.1451612903225806,False,4.0,,9456.0,,,"Query rows complete, but candidate-level prediction failures must be reported."
65,94,94,massformer,MassFormer,MassFormer harmonized candidate-set rerun,completed_with_candidate_prediction_failures,completed,,347,2.0,False,True,True,0.5,1.0,True,0.0,,347.0,,,"Query rows complete, but candidate-level prediction failures must be reported."
66,95,95,massformer,MassFormer,MassFormer harmonized candidate-set rerun,completed_with_candidate_prediction_failures,completed,,1877,79.0,False,False,False,0.0126582278481012,0.1417322834645669,False,0.0,,1877.0,,,"Query rows complete, but candidate-level prediction failures must be reported."
67,96,96,massformer,MassFormer,MassFormer harmonized candidate-set rerun,completed_with_candidate_prediction_failures,completed,,6683,245.0,False,False,False,0.0040816326530612,0.1134020618556701,True,0.0,,6683.0,,,"Query rows complete, but candidate-level prediction failures must be reported."
68,98,98,massformer,MassFormer,MassFormer harmonized candidate-set rerun,completed_with_candidate_prediction_failures,partial_prediction_failures,,9270,158.0,False,False,False,0.0063291139240506,0.1153846153846153,False,1.0,,9269.0,,,"Query rows complete, but candidate-level prediction failures must be reported."
69,99,99,massformer,MassFormer,MassFormer harmonized candidate-set rerun,completed_with_candidate_prediction_failures,completed,,6863,1826.0,False,False,False,0.0005476451259583,0.0697674418604651,False,0.0,,6863.0,,,"Query rows complete, but candidate-level prediction failures must be reported."
70,100,100,massformer,MassFormer,MassFormer harmonized candidate-set rerun,completed_with_candidate_prediction_failures,completed,,6530,99.0,False,False,False,0.0101010101010101,0.3090909090909091,True,0.0,,6530.0,,,"Query rows complete, but candidate-level prediction failures must be reported."
71,101,101,massformer,MassFormer,MassFormer harmonized candidate-set rerun,completed_with_candidate_prediction_failures,partial_prediction_failures,,7839,3925.0,False,False,False,0.0002547770700636,0.0958904109589041,True,4.0,,7835.0,,,"Query rows complete, but candidate-level prediction failures must be reported."
72,102,102,massformer,MassFormer,MassFormer harmonized candidate-set rerun,completed_with_candidate_prediction_failures,partial_prediction_failures,,4859,1057.0,False,False,False,0.0009460737937559,0.1168831168831168,False,1.0,,4858.0,,,"Query rows complete, but candidate-level prediction failures must be reported."
73,104,104,massformer,MassFormer,MassFormer harmonized candidate-set rerun,completed_with_candidate_prediction_failures,partial_prediction_failures,,8559,897.0,False,False,False,0.0011148272017837,0.0625,False,1.0,,8558.0,,,"Query rows complete, but candidate-level prediction failures must be reported."
74,105,105,massformer,MassFormer,MassFormer harmonized candidate-set rerun,completed_with_candidate_prediction_failures,completed,,9237,894.0,False,False,False,0.0011185682326621,0.0705882352941176,True,0.0,,9237.0,,,"Query rows complete, but candidate-level prediction failures must be reported."
75,106,106,massformer,MassFormer,MassFormer harmonized candidate-set rerun,completed_with_candidate_prediction_failures,completed,,9491,702.0,False,False,False,0.0014245014245014,0.0875,False,0.0,,9491.0,,,"Query rows complete, but candidate-level prediction failures must be reported."
76,107,107,massformer,MassFormer,MassFormer harmonized candidate-set rerun,completed_with_candidate_prediction_failures,completed,,8301,2866.0,False,False,False,0.0003489183531053,0.1756756756756756,True,0.0,,8301.0,,,"Query rows complete, but candidate-level prediction failures must be reported."
77,108,108,massformer,MassFormer,MassFormer harmonized candidate-set rerun,completed_with_candidate_prediction_failures,partial_prediction_failures,,9739,6319.0,False,False,False,0.0001582528881152,0.0806451612903225,True,4.0,,9735.0,,,"Query rows complete, but candidate-level prediction failures must be reported."
78,109,109,massformer,MassFormer,MassFormer harmonized candidate-set rerun,completed_with_candidate_prediction_failures,partial_prediction_failures,,4864,196.0,False,False,False,0.0051020408163265,0.0961538461538461,False,4.0,,4860.0,,,"Query rows complete, but candidate-level prediction failures must be reported."
79,111,111,massformer,MassFormer,MassFormer harmonized candidate-set rerun,completed_with_candidate_prediction_failures,completed,,2744,1767.0,False,False,False,0.0005659309564233,0.14,True,0.0,,2744.0,,,"Query rows complete, but candidate-level prediction failures must be reported."
80,112,112,massformer,MassFormer,MassFormer harmonized candidate-set rerun,completed_with_candidate_prediction_failures,completed,,9092,5320.0,False,False,False,0.000187969924812,0.1515151515151515,True,0.0,,9092.0,,,"Query rows complete, but candidate-level prediction failures must be reported."
81,113,113,massformer,MassFormer,MassFormer harmonized candidate-set rerun,completed_with_candidate_prediction_failures,completed,,7164,250.0,False,False,False,0.004,0.0769230769230769,True,0.0,,7164.0,,,"Query rows complete, but candidate-level prediction failures must be reported."
82,114,114,massformer,MassFormer,MassFormer harmonized candidate-set rerun,completed_with_candidate_prediction_failures,completed,,689,561.0,False,False,False,0.0017825311942959,0.0827067669172932,False,0.0,,689.0,,,"Query rows complete, but candidate-level prediction failures must be reported."
83,115,115,massformer,MassFormer,MassFormer harmonized candidate-set rerun,completed_with_candidate_prediction_failures,completed,,1876,1152.0,False,False,False,0.0008680555555555,0.102803738317757,False,0.0,,1876.0,,,"Query rows complete, but candidate-level prediction failures must be reported."
84,116,116,massformer,MassFormer,MassFormer harmonized candidate-set rerun,completed_with_candidate_prediction_failures,completed,,9725,558.0,False,False,False,0.0017921146953405,0.109375,True,0.0,,9725.0,,,"Query rows complete, but candidate-level prediction failures must be reported."
85,119,119,massformer,MassFormer,MassFormer harmonized candidate-set rerun,completed_with_candidate_prediction_failures,completed,,9424,6236.0,False,False,False,0.0001603592046183,0.1428571428571428,False,0.0,,9424.0,,,"Query rows complete, but candidate-level prediction failures must be reported."
86,120,120,massformer,MassFormer,MassFormer harmonized candidate-set rerun,completed_with_candidate_prediction_failures,completed,,9633,2366.0,False,False,False,0.0004226542688081,0.1129032258064516,True,0.0,,9633.0,,,"Query rows complete, but candidate-level prediction failures must be reported."
87,121,121,massformer,MassFormer,MassFormer harmonized candidate-set rerun,completed_with_candidate_prediction_failures,completed,,9371,279.0,False,False,False,0.003584229390681,0.0958904109589041,True,0.0,,9371.0,,,"Query rows complete, but candidate-level prediction failures must be reported."
88,122,122,massformer,MassFormer,MassFormer harmonized candidate-set rerun,completed_with_candidate_prediction_failures,completed,,3108,661.0,False,False,False,0.0015128593040847,0.0756302521008403,False,0.0,,3108.0,,,"Query rows complete, but candidate-level prediction failures must be reported."
89,123,123,massformer,MassFormer,MassFormer harmonized candidate-set rerun,completed_with_candidate_prediction_failures,completed,,2103,48.0,False,False,False,0.0208333333333333,0.1515151515151515,True,0.0,,2103.0,,,"Query rows complete, but candidate-level prediction failures must be reported."
90,126,126,massformer,MassFormer,MassFormer harmonized candidate-set rerun,completed_with_candidate_prediction_failures,partial_prediction_failures,,9036,735.0,False,False,False,0.001360544217687,0.1111111111111111,True,1.0,,9035.0,,,"Query rows complete, but candidate-level prediction failures must be reported."
91,127,127,massformer,MassFormer,MassFormer harmonized candidate-set rerun,completed_with_candidate_prediction_failures,completed,,1657,131.0,False,False,False,0.0076335877862595,0.174757281553398,True,0.0,,1657.0,,,"Query rows complete, but candidate-level prediction failures must be reported."
92,128,128,massformer,MassFormer,MassFormer harmonized candidate-set rerun,completed_with_candidate_prediction_failures,partial_prediction_failures,,9700,1093.0,False,False,False,0.000914913083257,0.125,True,1.0,,9699.0,,,"Query rows complete, but candidate-level prediction failures must be reported."
93,129,129,massformer,MassFormer,MassFormer harmonized candidate-set rerun,completed_with_candidate_prediction_failures,completed,,8301,1045.0,False,False,False,0.000956937799043,0.1506849315068493,True,0.0,,8301.0,,,"Query rows complete, but candidate-level prediction failures must be reported."
94,130,130,massformer,MassFormer,MassFormer harmonized candidate-set rerun,completed_with_candidate_prediction_failures,completed,,9113,8113.0,False,False,False,0.0001232589670898,0.1,False,0.0,,9113.0,,,"Query rows complete, but candidate-level prediction failures must be reported."
95,131,131,massformer,MassFormer,MassFormer harmonized candidate-set rerun,completed_with_candidate_prediction_failures,completed,,9650,1052.0,False,False,False,0.0009505703422053,0.1272727272727272,True,0.0,,9650.0,,,"Query rows complete, but candidate-level prediction failures must be reported."
96,132,132,massformer,MassFormer,MassFormer harmonized candidate-set rerun,completed_with_candidate_prediction_failures,completed,,9018,103.0,False,False,False,0.0097087378640776,0.125,True,0.0,,9018.0,,,"Query rows complete, but candidate-level prediction failures must be reported."
97,135,135,massformer,MassFormer,MassFormer harmonized candidate-set rerun,completed_with_candidate_prediction_failures,completed,,6577,2543.0,False,False,False,0.0003932363350373,0.0843373493975903,False,0.0,,6577.0,,,"Query rows complete, but candidate-level prediction failures must be reported."
98,136,136,massformer,MassFormer,MassFormer harmonized candidate-set rerun,completed_with_candidate_prediction_failures,completed,,9626,268.0,False,False,False,0.003731343283582,0.1875,True,0.0,,9626.0,,,"Query rows complete, but candidate-level prediction failures must be reported."
99,137,137,massformer,MassFormer,MassFormer harmonized candidate-set rerun,completed_with_candidate_prediction_failures,partial_prediction_failures,,8774,106.0,False,False,False,0.0094339622641509,0.2325581395348837,True,8.0,,8766.0,,,"Query rows complete, but candidate-level prediction failures must be reported."
100,138,138,massformer,MassFormer,MassFormer harmonized candidate-set rerun,completed_with_candidate_prediction_failures,completed,,8939,5945.0,False,False,False,0.0001682085786375,0.0957446808510638,False,0.0,,8939.0,,,"Query rows complete, but candidate-level prediction failures must be reported."
101,139,139,massformer,MassFormer,MassFormer harmonized candidate-set rerun,completed_with_candidate_prediction_failures,partial_prediction_failures,,631,631.0,False,False,False,0.0015847860538827,0.0699300699300699,False,631.0,,0.0,,,"Query rows complete, but candidate-level prediction failures must be reported."
102,140,140,massformer,MassFormer,MassFormer harmonized candidate-set rerun,completed_with_candidate_prediction_failures,completed,,9134,202.0,False,False,False,0.0049504950495049,0.15625,True,0.0,,9134.0,,,"Query rows complete, but candidate-level prediction failures must be reported."
103,142,142,massformer,MassFormer,MassFormer harmonized candidate-set rerun,completed_with_candidate_prediction_failures,completed,,9236,677.0,False,False,False,0.001477104874446,0.359375,True,0.0,,9236.0,,,"Query rows complete, but candidate-level prediction failures must be reported."
104,143,143,massformer,MassFormer,MassFormer harmonized candidate-set rerun,completed_with_candidate_prediction_failures,partial_prediction_failures,,8691,1114.0,False,False,False,0.0008976660682226,0.1071428571428571,False,1.0,,8690.0,,,"Query rows complete, but candidate-level prediction failures must be reported."
105,144,144,massformer,MassFormer,MassFormer harmonized candidate-set rerun,completed_with_candidate_prediction_failures,completed,,9540,365.0,False,False,False,0.0027397260273972,0.1014492753623188,True,0.0,,9540.0,,,"Query rows complete, but candidate-level prediction failures must be reported."
106,145,145,massformer,MassFormer,MassFormer harmonized candidate-set rerun,completed_with_candidate_prediction_failures,completed,,316,135.0,False,False,False,0.0074074074074074,0.103030303030303,False,0.0,,316.0,,,"Query rows complete, but candidate-level prediction failures must be reported."
107,146,146,massformer,MassFormer,MassFormer harmonized candidate-set rerun,completed_with_candidate_prediction_failures,partial_prediction_failures,,1277,1.0,True,True,True,1.0,1.0,True,1.0,,1276.0,,,"Query rows complete, but candidate-level prediction failures must be reported."
108,147,147,massformer,MassFormer,MassFormer harmonized candidate-set rerun,completed_with_candidate_prediction_failures,completed,,4034,269.0,False,False,False,0.0037174721189591,0.1910112359550561,False,0.0,,4034.0,,,"Query rows complete, but candidate-level prediction failures must be reported."
109,149,149,massformer,MassFormer,MassFormer harmonized candidate-set rerun,completed_with_candidate_prediction_failures,partial_prediction_failures,,9235,1397.0,False,False,False,0.0007158196134574,0.0759493670886076,False,3.0,,9232.0,,,"Query rows complete, but candidate-level prediction failures must be reported."
110,150,150,massformer,MassFormer,MassFormer harmonized candidate-set rerun,completed_with_candidate_prediction_failures,completed,,7703,6312.0,False,False,False,0.0001584283903675,0.0379746835443038,False,0.0,,7703.0,,,"Query rows complete, but candidate-level prediction failures must be reported."
111,151,151,massformer,MassFormer,MassFormer harmonized candidate-set rerun,completed_with_candidate_prediction_failures,partial_prediction_failures,,1793,474.0,False,False,False,0.0021097046413502,0.1153846153846153,False,8.0,,1785.0,,,"Query rows complete, but candidate-level prediction failures must be reported."
112,155,155,massformer,MassFormer,MassFormer harmonized candidate-set rerun,completed_with_candidate_prediction_failures,partial_prediction_failures,,9273,1214.0,False,False,False,0.000823723228995,0.1647058823529411,False,2.0,,9271.0,,,"Query rows complete, but candidate-level prediction failures must be reported."
113,156,156,massformer,MassFormer,MassFormer harmonized candidate-set rerun,completed_with_candidate_prediction_failures,completed,,8995,113.0,False,False,False,0.0088495575221238,0.0428571428571428,False,0.0,,8995.0,,,"Query rows complete, but candidate-level prediction failures must be reported."
114,157,157,massformer,MassFormer,MassFormer harmonized candidate-set rerun,completed_with_candidate_prediction_failures,completed,,6956,110.0,False,False,False,0.009090909090909,0.2,True,0.0,,6956.0,,,"Query rows complete, but candidate-level prediction failures must be reported."
115,158,158,massformer,MassFormer,MassFormer harmonized candidate-set rerun,completed_with_candidate_prediction_failures,completed,,3729,22.0,False,False,False,0.0454545454545454,0.1209677419354838,False,0.0,,3729.0,,,"Query rows complete, but candidate-level prediction failures must be reported."
116,159,159,massformer,MassFormer,MassFormer harmonized candidate-set rerun,completed_with_candidate_prediction_failures,completed,,9633,118.0,False,False,False,0.0084745762711864,0.1886792452830188,True,0.0,,9633.0,,,"Query rows complete, but candidate-level prediction failures must be reported."
117,163,163,massformer,MassFormer,MassFormer harmonized candidate-set rerun,completed_with_candidate_prediction_failures,completed,,361,228.0,False,False,False,0.0043859649122807,0.1484375,False,0.0,,361.0,,,"Query rows complete, but candidate-level prediction failures must be reported."
118,164,164,massformer,MassFormer,MassFormer harmonized candidate-set rerun,completed_with_candidate_prediction_failures,partial_prediction_failures,,9014,464.0,False,False,False,0.0021551724137931,0.0779220779220779,False,18.0,,8996.0,,,"Query rows complete, but candidate-level prediction failures must be reported."
119,165,165,massformer,MassFormer,MassFormer harmonized candidate-set rerun,completed_with_candidate_prediction_failures,partial_prediction_failures,,631,631.0,False,False,False,0.0015847860538827,0.0699300699300699,False,631.0,,0.0,,,"Query rows complete, but candidate-level prediction failures must be reported."
120,166,166,massformer,MassFormer,MassFormer harmonized candidate-set rerun,completed_with_candidate_prediction_failures,completed,,6879,2116.0,False,False,False,0.0004725897920604,0.1132075471698113,True,0.0,,6879.0,,,"Query rows complete, but candidate-level prediction failures must be reported."
121,169,169,massformer,MassFormer,MassFormer harmonized candidate-set rerun,completed_with_candidate_prediction_failures,completed,,4670,3299.0,False,False,False,0.0003031221582297,0.1311475409836065,False,0.0,,4670.0,,,"Query rows complete, but candidate-level prediction failures must be reported."
122,170,170,massformer,MassFormer,MassFormer harmonized candidate-set rerun,completed_with_candidate_prediction_failures,completed,,8301,578.0,False,False,False,0.0017301038062283,0.0779220779220779,True,0.0,,8301.0,,,"Query rows complete, but candidate-level prediction failures must be reported."
123,171,171,massformer,MassFormer,MassFormer harmonized candidate-set rerun,completed_with_candidate_prediction_failures,completed,,1728,1130.0,False,False,False,0.0008849557522123,0.088,False,0.0,,1728.0,,,"Query rows complete, but candidate-level prediction failures must be reported."
124,172,172,massformer,MassFormer,MassFormer harmonized candidate-set rerun,completed_with_candidate_prediction_failures,completed,,1959,611.0,False,False,False,0.0016366612111292,0.1,True,0.0,,1959.0,,,"Query rows complete, but candidate-level prediction failures must be reported."
125,173,173,massformer,MassFormer,MassFormer harmonized candidate-set rerun,completed_with_candidate_prediction_failures,partial_prediction_failures,,8918,31.0,False,False,False,0.032258064516129,0.0784313725490196,False,1.0,,8917.0,,,"Query rows complete, but candidate-level prediction failures must be reported."
126,176,176,massformer,MassFormer,MassFormer harmonized candidate-set rerun,completed_with_candidate_prediction_failures,completed,,2390,2197.0,False,False,False,0.0004551661356395,0.0782608695652174,False,0.0,,2390.0,,,"Query rows complete, but candidate-level prediction failures must be reported."
127,177,177,massformer,MassFormer,MassFormer harmonized candidate-set rerun,completed_with_candidate_prediction_failures,completed,,336,151.0,False,False,False,0.0066225165562913,0.1139240506329113,False,0.0,,336.0,,,"Query rows complete, but candidate-level prediction failures must be reported."
128,178,178,massformer,MassFormer,MassFormer harmonized candidate-set rerun,completed_with_candidate_prediction_failures,completed,,2608,769.0,False,False,False,0.0013003901170351,0.0842105263157894,False,0.0,,2608.0,,,"Query rows complete, but candidate-level prediction failures must be reported."
129,179,179,massformer,MassFormer,MassFormer harmonized candidate-set rerun,completed_with_candidate_prediction_failures,partial_prediction_failures,,8960,6746.0,False,False,False,0.0001482359916987,0.09009009009009,False,1.0,,8959.0,,,"Query rows complete, but candidate-level prediction failures must be reported."
130,180,180,massformer,MassFormer,MassFormer harmonized candidate-set rerun,completed_with_candidate_prediction_failures,partial_prediction_failures,,6387,175.0,False,False,False,0.0057142857142857,0.0754716981132075,False,16.0,,6371.0,,,"Query rows complete, but candidate-level prediction failures must be reported."
131,181,181,massformer,MassFormer,MassFormer harmonized candidate-set rerun,completed_with_candidate_prediction_failures,completed,,9633,1396.0,False,False,False,0.0007163323782234,0.0983606557377049,True,0.0,,9633.0,,,"Query rows complete, but candidate-level prediction failures must be reported."
132,185,185,massformer,MassFormer,MassFormer harmonized candidate-set rerun,completed_with_candidate_prediction_failures,completed,,6320,793.0,False,False,False,0.0012610340479192,0.3488372093023256,True,0.0,,6320.0,,,"Query rows complete, but candidate-level prediction failures must be reported."
133,186,186,massformer,MassFormer,MassFormer harmonized candidate-set rerun,completed_with_candidate_prediction_failures,completed,,9661,3266.0,False,False,False,0.0003061849357011,0.28,True,0.0,,9661.0,,,"Query rows complete, but candidate-level prediction failures must be reported."
134,187,187,massformer,MassFormer,MassFormer harmonized candidate-set rerun,completed_with_candidate_prediction_failures,partial_prediction_failures,,8418,3627.0,False,False,False,0.0002757099531293,0.0813953488372093,False,16.0,,8402.0,,,"Query rows complete, but candidate-level prediction failures must be reported."
135,188,188,massformer,MassFormer,MassFormer harmonized candidate-set rerun,completed_with_candidate_prediction_failures,partial_prediction_failures,,6643,5351.0,False,False,False,0.0001868809568304,0.0519480519480519,False,16.0,,6627.0,,,"Query rows complete, but candidate-level prediction failures must be reported."
136,189,189,massformer,MassFormer,MassFormer harmonized candidate-set rerun,completed_with_candidate_prediction_failures,completed,,3839,3761.0,False,False,False,0.000265886732252,0.1538461538461538,False,0.0,,3839.0,,,"Query rows complete, but candidate-level prediction failures must be reported."
137,190,190,massformer,MassFormer,MassFormer harmonized candidate-set rerun,completed_with_candidate_prediction_failures,completed,,9134,3006.0,False,False,False,0.0003326679973386,0.1549295774647887,True,0.0,,9134.0,,,"Query rows complete, but candidate-level prediction failures must be reported."
138,191,191,massformer,MassFormer,MassFormer harmonized candidate-set rerun,completed_with_candidate_prediction_failures,completed,,1876,1206.0,False,False,False,0.0008291873963515,0.1176470588235294,True,0.0,,1876.0,,,"Query rows complete, but candidate-level prediction failures must be reported."
139,192,192,massformer,MassFormer,MassFormer harmonized candidate-set rerun,completed_with_candidate_prediction_failures,completed,,735,81.0,False,False,False,0.0123456790123456,0.1544715447154471,True,0.0,,735.0,,,"Query rows complete, but candidate-level prediction failures must be reported."
140,193,193,massformer,MassFormer,MassFormer harmonized candidate-set rerun,completed_with_candidate_prediction_failures,completed,,7937,43.0,False,False,False,0.0232558139534883,0.0666666666666666,False,0.0,,7937.0,,,"Query rows complete, but candidate-level prediction failures must be reported."
141,194,194,massformer,MassFormer,MassFormer harmonized candidate-set rerun,completed_with_candidate_prediction_failures,completed,,9378,16.0,False,False,False,0.0625,0.1714285714285714,True,0.0,,9378.0,,,"Query rows complete, but candidate-level prediction failures must be reported."
142,195,195,massformer,MassFormer,MassFormer harmonized candidate-set rerun,completed_with_candidate_prediction_failures,completed,,1274,1220.0,False,False,False,0.0008196721311475,0.135593220338983,False,0.0,,1274.0,,,"Query rows complete, but candidate-level prediction failures must be reported."
143,196,196,massformer,MassFormer,MassFormer harmonized candidate-set rerun,completed_with_candidate_prediction_failures,completed,,4522,2746.0,False,False,False,0.0003641660597232,0.1262135922330097,True,0.0,,4522.0,,,"Query rows complete, but candidate-level prediction failures must be reported."
144,199,199,massformer,MassFormer,MassFormer harmonized candidate-set rerun,completed_with_candidate_prediction_failures,completed,,4447,2191.0,False,False,False,0.0004564125969876,0.1408450704225352,False,0.0,,4447.0,,,"Query rows complete, but candidate-level prediction failures must be reported."
145,200,200,massformer,MassFormer,MassFormer harmonized candidate-set rerun,completed_with_candidate_prediction_failures,completed,,510,167.0,False,False,False,0.0059880239520958,0.3492063492063492,True,0.0,,510.0,,,"Query rows complete, but candidate-level prediction failures must be reported."
146,201,201,massformer,MassFormer,MassFormer harmonized candidate-set rerun,completed_with_candidate_prediction_failures,completed,,7033,306.0,False,False,False,0.0032679738562091,0.1129032258064516,True,0.0,,7033.0,,,"Query rows complete, but candidate-level prediction failures must be reported."
147,205,205,massformer,MassFormer,MassFormer harmonized candidate-set rerun,completed_with_candidate_prediction_failures,partial_prediction_failures,,9363,2400.0,False,False,False,0.0004166666666666,0.1388888888888889,True,2.0,,9361.0,,,"Query rows complete, but candidate-level prediction failures must be reported."
148,206,206,massformer,MassFormer,MassFormer harmonized candidate-set rerun,completed_with_candidate_prediction_failures,completed,,9113,890.0,False,False,False,0.0011235955056179,0.2075471698113207,True,0.0,,9113.0,,,"Query rows complete, but candidate-level prediction failures must be reported."
149,207,207,massformer,MassFormer,MassFormer harmonized candidate-set rerun,completed_with_candidate_prediction_failures,partial_prediction_failures,,5971,1223.0,False,False,False,0.0008176614881439,0.0793650793650793,True,16.0,,5955.0,,,"Query rows complete, but candidate-level prediction failures must be reported."
150,208,208,massformer,MassFormer,MassFormer harmonized candidate-set rerun,completed_with_candidate_prediction_failures,completed,,9633,3676.0,False,False,False,0.000272034820457,0.1272727272727272,True,0.0,,9633.0,,,"Query rows complete, but candidate-level prediction failures must be reported."
151,209,209,massformer,MassFormer,MassFormer harmonized candidate-set rerun,completed_with_candidate_prediction_failures,completed,,9092,6090.0,False,False,False,0.0001642036124794,0.2063492063492063,True,0.0,,9092.0,,,"Query rows complete, but candidate-level prediction failures must be reported."
152,210,210,massformer,MassFormer,MassFormer harmonized candidate-set rerun,completed_with_candidate_prediction_failures,completed,,6490,859.0,False,False,False,0.0011641443538998,0.1428571428571428,True,0.0,,6490.0,,,"Query rows complete, but candidate-level prediction failures must be reported."
153,211,211,massformer,MassFormer,MassFormer harmonized candidate-set rerun,completed_with_candidate_prediction_failures,completed,,9668,510.0,False,False,False,0.0019607843137254,0.0657894736842105,True,0.0,,9668.0,,,"Query rows complete, but candidate-level prediction failures must be reported."
154,212,212,massformer,MassFormer,MassFormer harmonized candidate-set rerun,completed_with_candidate_prediction_failures,completed,,9580,180.0,False,False,False,0.0055555555555555,0.0847457627118644,True,0.0,,9580.0,,,"Query rows complete, but candidate-level prediction failures must be reported."
155,213,213,massformer,MassFormer,MassFormer harmonized candidate-set rerun,completed_with_candidate_prediction_failures,completed,,9069,2862.0,False,False,False,0.0003494060097833,0.0843373493975903,False,0.0,,9069.0,,,"Query rows complete, but candidate-level prediction failures must be reported."
156,214,214,massformer,MassFormer,MassFormer harmonized candidate-set rerun,completed_with_candidate_prediction_failures,partial_prediction_failures,,1846,64.0,False,False,False,0.015625,0.3023255813953488,False,1.0,,1845.0,,,"Query rows complete, but candidate-level prediction failures must be reported."
157,215,215,massformer,MassFormer,MassFormer harmonized candidate-set rerun,completed_with_candidate_prediction_failures,partial_prediction_failures,,9453,77.0,False,False,False,0.0129870129870129,0.1358024691358024,True,16.0,,9437.0,,,"Query rows complete, but candidate-level prediction failures must be reported."
158,216,216,massformer,MassFormer,MassFormer harmonized candidate-set rerun,completed_with_candidate_prediction_failures,completed,,5420,1274.0,False,False,False,0.0007849293563579,0.088235294117647,False,0.0,,5420.0,,,"Query rows complete, but candidate-level prediction failures must be reported."
159,218,218,massformer,MassFormer,MassFormer harmonized candidate-set rerun,completed_with_candidate_prediction_failures,partial_prediction_failures,,7363,1186.0,False,False,False,0.0008431703204047,0.1311475409836065,False,6.0,,7357.0,,,"Query rows complete, but candidate-level prediction failures must be reported."
160,219,219,massformer,MassFormer,MassFormer harmonized candidate-set rerun,completed_with_candidate_prediction_failures,completed,,3155,1388.0,False,False,False,0.0007204610951008,0.18,True,0.0,,3155.0,,,"Query rows complete, but candidate-level prediction failures must be reported."
161,220,220,massformer,MassFormer,MassFormer harmonized candidate-set rerun,completed_with_candidate_prediction_failures,completed,,9633,149.0,False,False,False,0.0067114093959731,0.2075471698113207,True,0.0,,9633.0,,,"Query rows complete, but candidate-level prediction failures must be reported."
162,221,221,massformer,MassFormer,MassFormer harmonized candidate-set rerun,completed_with_candidate_prediction_failures,completed,,9150,82.0,False,False,False,0.0121951219512195,0.116504854368932,True,0.0,,9150.0,,,"Query rows complete, but candidate-level prediction failures must be reported."
163,222,222,massformer,MassFormer,MassFormer harmonized candidate-set rerun,completed_with_candidate_prediction_failures,completed,,9240,1158.0,False,False,False,0.0008635578583765,0.1232876712328767,False,0.0,,9240.0,,,"Query rows complete, but candidate-level prediction failures must be reported."
164,223,223,massformer,MassFormer,MassFormer harmonized candidate-set rerun,completed_with_candidate_prediction_failures,completed,,9012,18.0,False,False,False,0.0555555555555555,0.1309523809523809,False,0.0,,9012.0,,,"Query rows complete, but candidate-level prediction failures must be reported."
165,224,224,massformer,MassFormer,MassFormer harmonized candidate-set rerun,completed_with_candidate_prediction_failures,completed,,2730,522.0,False,False,False,0.0019157088122605,0.125,False,0.0,,2730.0,,,"Query rows complete, but candidate-level prediction failures must be reported."
166,225,225,massformer,MassFormer,MassFormer harmonized candidate-set rerun,completed_with_candidate_prediction_failures,partial_prediction_failures,,6158,706.0,False,False,False,0.0014164305949008,0.1320754716981132,False,16.0,,6142.0,,,"Query rows complete, but candidate-level prediction failures must be reported."
167,226,226,massformer,MassFormer,MassFormer harmonized candidate-set rerun,completed_with_candidate_prediction_failures,completed,,9691,2576.0,False,False,False,0.0003881987577639,0.088235294117647,True,0.0,,9691.0,,,"Query rows complete, but candidate-level prediction failures must be reported."
168,227,227,massformer,MassFormer,MassFormer harmonized candidate-set rerun,completed_with_candidate_prediction_failures,completed,,1329,134.0,False,False,False,0.0074626865671641,0.1797752808988764,False,0.0,,1329.0,,,"Query rows complete, but candidate-level prediction failures must be reported."
169,228,228,massformer,MassFormer,MassFormer harmonized candidate-set rerun,completed_with_candidate_prediction_failures,completed,,6956,2579.0,False,False,False,0.0003877471888328,0.1052631578947368,False,0.0,,6956.0,,,"Query rows complete, but candidate-level prediction failures must be reported."
