pfas_class,n_queries,top1_accuracy,top5_accuracy,top10_accuracy,mrr
PFCA,33,0.2727272727272727,0.696969696969697,0.7878787878787878,0.46519723604265
PFSM,16,0.4375,0.75,0.875,0.5625333867521367
fluorotelomer_or_ether_pfas,11,0.45454545454545453,0.9090909090909091,1.0,0.6477272727272727
other_pfas,4,0.0,0.25,0.5,0.17624389499389498
