formula_match_group,n_queries,top1_accuracy,top5_accuracy,top10_accuracy,mrr
top1_formula_match,22,0.9545454545454546,1.0,1.0,0.9636363636363636
top1_formula_mismatch,42,0.0,0.5714285714285714,0.7380952380952381,0.26147663231945756
