dataset,model,status,query_id,spectrum_id,casmi_id,true_candidate_id,candidate_id,candidate_mol_id,candidate_smiles,score,score_name,rank,is_correct,prediction_status,candidate_count
CASMI2022,massformer,completed,29,29,69,CASMI_MOL_1196818,CASMI_MOL_157966,157966,COc1ccc2c(c1OC(C)=O)C(=O)OC2C1CN(C)Cc2c1cc1c(c2OC)OCO1,0.31312626197662485,binned_cosine_1Da,1,False,predicted_spectrum,8062
CASMI2022,massformer,completed,29,29,69,CASMI_MOL_1196818,CASMI_MOL_161648,161648,COc1ccc2c(c1OC)C(=O)OC21C(N)c2cc3c(cc2C2OC(C)(C)OC21)OCO3,0.30613157637179167,binned_cosine_1Da,2,False,predicted_spectrum,8062
CASMI2022,massformer,completed,29,29,69,CASMI_MOL_1196818,CASMI_MOL_154982,154982,COc1ccc2c(c1OC(C)=O)C(=O)OC2C1c2c(cc3c(c2OC)OCO3)CCN1C,0.30388905533588023,binned_cosine_1Da,3,False,predicted_spectrum,8062
CASMI2022,massformer,completed,29,29,69,CASMI_MOL_1196818,CASMI_MOL_157794,157794,COc1ccc2c(c1OC(C)=O)C(=O)OC2C1c2c(cc3c(c2OC)OCO3)CCN1C,0.30388905533588023,binned_cosine_1Da,4,False,predicted_spectrum,8062
CASMI2022,massformer,completed,29,29,69,CASMI_MOL_1196818,CASMI_MOL_157969,157969,COc1ccc2c(c1OC(C)=O)C(=O)OC2C1c2c(cc3c(c2OC)OCO3)CCN1C,0.3038890502008837,binned_cosine_1Da,5,False,predicted_spectrum,8062
CASMI2022,massformer,completed,29,29,69,CASMI_MOL_1196818,CASMI_MOL_155141,155141,COc1ccc(C2C3=C(OC(=N)C2C#N)c2ccccc2OC3)cc1-c1cnc(F)c(C)c1,0.2931669912945547,binned_cosine_1Da,6,False,predicted_spectrum,8062
CASMI2022,massformer,completed,29,29,69,CASMI_MOL_1196818,CASMI_MOL_156986,156986,COC(=O)C1=C(C=NO)Cc2cc3c(cc2C1c1cc(OC)c(OC)c(OC)c1)OCO3,0.2875368807151974,binned_cosine_1Da,7,False,predicted_spectrum,8062
CASMI2022,massformer,completed,29,29,69,CASMI_MOL_1196818,CASMI_MOL_161031,161031,COC(=O)C1=C(C=NO)Cc2cc3c(cc2C1c1cc(OC)c(OC)c(OC)c1)OCO3,0.2875368807151974,binned_cosine_1Da,8,False,predicted_spectrum,8062
CASMI2022,massformer,completed,29,29,69,CASMI_MOL_1196818,CASMI_MOL_161674,161674,COC(=O)C1=C(C=NO)Cc2cc3c(cc2C1c1cc(OC)c(OC)c(OC)c1)OCO3,0.2875368807151974,binned_cosine_1Da,9,False,predicted_spectrum,8062
CASMI2022,massformer,completed,29,29,69,CASMI_MOL_1196818,CASMI_MOL_157807,157807,COc1ccc2c(c1OC)C(=O)OC2C1c2c(c(C=O)c3c(c2OC)OCO3)CCN1C,0.2838236752639778,binned_cosine_1Da,10,False,predicted_spectrum,8062
CASMI2022,massformer,completed,29,29,69,CASMI_MOL_1196818,CASMI_MOL_158511,158511,COc1ccc2c(c1OC)C(=O)OC2C1c2c(c(C=O)c3c(c2OC)OCO3)CCN1C,0.2838236426398956,binned_cosine_1Da,11,False,predicted_spectrum,8062
CASMI2022,massformer,completed,29,29,69,CASMI_MOL_1196818,CASMI_MOL_156951,156951,CON=C1c2cc3c(cc2C(O)CC12OC(=O)c1cc(OC)c(OC(C)C)cc12)OCO3,0.26830450820855606,binned_cosine_1Da,12,False,predicted_spectrum,8062
CASMI2022,massformer,completed,29,29,69,CASMI_MOL_1196818,CASMI_MOL_161683,161683,COc1cc(C2c3cc4c(cc3C(NC=O)C3COC(=O)C23)OCO4)cc(OC)c1OC,0.2651826605294628,binned_cosine_1Da,13,False,predicted_spectrum,8062
CASMI2022,massformer,completed,29,29,69,CASMI_MOL_1196818,CASMI_MOL_161684,161684,COc1cc(C2c3cc4c(cc3C(NC=O)C3COC(=O)C23)OCO4)cc(OC)c1OC,0.2651825633261424,binned_cosine_1Da,14,False,predicted_spectrum,8062
CASMI2022,massformer,completed,29,29,69,CASMI_MOL_1196818,CASMI_MOL_156939,156939,COc1c(O)c(OC(C)=O)c2c(c1OC(C)=O)C1Cc3cc4c(cc3C(C2)N1C)OCO4,0.26377228056932717,binned_cosine_1Da,15,False,predicted_spectrum,8062
CASMI2022,massformer,completed,29,29,69,CASMI_MOL_1196818,CASMI_MOL_156962,156962,CONC1c2cc3c(cc2C(c2cc(OC)c(OC)c(OC)c2)c2c1coc2O)OCO3,0.2602696488699043,binned_cosine_1Da,16,False,predicted_spectrum,8062
CASMI2022,massformer,completed,29,29,69,CASMI_MOL_1196818,CASMI_MOL_161033,161033,CONC1c2cc3c(cc2C(c2cc(OC)c(OC)c(OC)c2)c2c1coc2O)OCO3,0.2602696488699043,binned_cosine_1Da,17,False,predicted_spectrum,8062
CASMI2022,massformer,completed,29,29,69,CASMI_MOL_1196818,CASMI_MOL_161032,161032,CONC1c2cc3c(cc2C(c2cc(OC)c(OC)c(OC)c2)c2c1coc2O)OCO3,0.2602695047121295,binned_cosine_1Da,18,False,predicted_spectrum,8062
CASMI2022,massformer,completed,29,29,69,CASMI_MOL_1196818,CASMI_MOL_156912,156912,COc1ccc2c(c1OC)C(=O)OC2C1c2c(cc3c(c2OC)OCO3)CCN1C(C)=O,0.25146679976691166,binned_cosine_1Da,19,False,predicted_spectrum,8062
CASMI2022,massformer,completed,29,29,69,CASMI_MOL_1196818,CASMI_MOL_157327,157327,COc1ccc2c(c1OC)C(=O)OC2C1c2c(cc3c(c2OC)OCO3)CCN1C(C)=O,0.2514667203890377,binned_cosine_1Da,20,False,predicted_spectrum,8062
CASMI2022,massformer,completed,29,29,69,CASMI_MOL_1196818,CASMI_MOL_161712,161712,COc1cc(C2c3cc4c(cc3CC3COC(=O)C32)OCO4)cc(OC)c1OC(=O)CN,0.24453725386522604,binned_cosine_1Da,21,False,predicted_spectrum,8062
CASMI2022,massformer,completed,29,29,69,CASMI_MOL_1196818,CASMI_MOL_158320,158320,COc1cc(C2c3cc4c(cc3C3=NOCC3C2COC=O)OCO4)cc(OC)c1OC,0.2388205323820964,binned_cosine_1Da,22,False,predicted_spectrum,8062
CASMI2022,massformer,completed,29,29,69,CASMI_MOL_1196818,CASMI_MOL_161601,161601,COC(=O)C1C2CON=C2c2cc3c(cc2C1c1cc(OC)c(OC)c(OC)c1)OCO3,0.23526094661572572,binned_cosine_1Da,23,False,predicted_spectrum,8062
CASMI2022,massformer,completed,29,29,69,CASMI_MOL_1196818,CASMI_MOL_162474,162474,COC(=O)C1C2CON=C2c2cc3c(cc2C1c1cc(OC)c(OC)c(OC)c1)OCO3,0.23526094661572572,binned_cosine_1Da,24,False,predicted_spectrum,8062
CASMI2022,massformer,completed,29,29,69,CASMI_MOL_1196818,CASMI_MOL_158039,158039,COC(=O)C=C1CC(c2cccc(C3(c4ccc(OC(F)F)cc4)N=C(N)NC3=O)c2)C1,0.23434267331359224,binned_cosine_1Da,25,False,predicted_spectrum,8062
CASMI2022,massformer,completed,29,29,69,CASMI_MOL_1196818,CASMI_MOL_161652,161652,COC(=O)C1C2CON=C2c2cc3c(cc2C1c1cc(OC)c(O)c(OC)c1)OCCO3,0.23265810551188856,binned_cosine_1Da,26,False,predicted_spectrum,8062
CASMI2022,massformer,completed,29,29,69,CASMI_MOL_1196818,CASMI_MOL_159400,159400,CN1C(=O)C(c2ccc(OC(F)F)cc2)(c2cccc(CCCC(F)(F)F)c2)N=C1N,0.23038928624813618,binned_cosine_1Da,27,False,predicted_spectrum,8062
CASMI2022,massformer,completed,29,29,69,CASMI_MOL_1196818,CASMI_MOL_161532,161532,CN1C(=O)C(c2ccc(OC(F)F)cc2)(c2cccc(CCCC(F)(F)F)c2)N=C1N,0.23038928624813618,binned_cosine_1Da,28,False,predicted_spectrum,8062
CASMI2022,massformer,completed,29,29,69,CASMI_MOL_1196818,CASMI_MOL_159597,159597,COc1cc(CC2COC(=O)C2(C#N)Cc2cc(OC)c3c(c2)OCO3)cc(OC)c1O,0.22878211794459732,binned_cosine_1Da,29,False,predicted_spectrum,8062
CASMI2022,massformer,completed,29,29,69,CASMI_MOL_1196818,CASMI_MOL_156100,156100,Cn1nccc1COc1ccc(CCNS(=O)O)cc1-c1cn(C)c(=O)c2[nH]ccc12,0.22055076004750684,binned_cosine_1Da,30,False,predicted_spectrum,8062
CASMI2022,massformer,completed,29,29,69,CASMI_MOL_1196818,CASMI_MOL_158046,158046,C=C1C(c2ccc(OC(F)F)cc2)C(C)(c2cccc(OC(F)(F)F)c2)N=C(N)N1C,0.21667562554934994,binned_cosine_1Da,31,False,predicted_spectrum,8062
CASMI2022,massformer,completed,29,29,69,CASMI_MOL_1196818,CASMI_MOL_155623,155623,CCOC1=C(C#N)C(c2c(OCc3ccccc3F)ccc3ccccc23)C(C#N)C(=N)O1,0.21549622663730006,binned_cosine_1Da,32,False,predicted_spectrum,8062
CASMI2022,massformer,completed,29,29,69,CASMI_MOL_1196818,CASMI_MOL_162120,162120,COC(=O)CN1C(=O)C2(c3ccccc31)c1c(-c3ccc(C)cc3)n[nH]c1OC(=N)C2C#N,0.21305586725215614,binned_cosine_1Da,33,False,predicted_spectrum,8062
CASMI2022,massformer,completed,29,29,69,CASMI_MOL_1196818,CASMI_MOL_162459,162459,COC(=O)CN1C(=O)C2(c3ccccc31)c1c(-c3ccc(C)cc3)n[nH]c1OC(=N)C2C#N,0.21305586725215614,binned_cosine_1Da,34,False,predicted_spectrum,8062
CASMI2022,massformer,completed,29,29,69,CASMI_MOL_1196818,CASMI_MOL_162460,162460,COC(=O)CN1C(=O)C2(c3ccccc31)c1c(-c3ccc(C)cc3)n[nH]c1OC(=N)C2C#N,0.21305586725215614,binned_cosine_1Da,35,False,predicted_spectrum,8062
CASMI2022,massformer,completed,29,29,69,CASMI_MOL_1196818,CASMI_MOL_158047,158047,CC(C)c1cccc2c1NC(=O)C(N1C(=O)c3ccccc3C1=O)=NC2c1ccccc1F,0.21067170701285026,binned_cosine_1Da,36,False,predicted_spectrum,8062
CASMI2022,massformer,completed,29,29,69,CASMI_MOL_1196818,CASMI_MOL_161030,161030,CC(C)c1cccc2c1NC(=O)C(N1C(=O)c3ccccc3C1=O)=NC2c1ccccc1F,0.2106716987367161,binned_cosine_1Da,37,False,predicted_spectrum,8062
CASMI2022,massformer,completed,29,29,69,CASMI_MOL_1196818,CASMI_MOL_159262,159262,COc1c(OCc2ccc3c(c2)OCO3)c(-c2nn[nH]n2)cc(C#N)c1-c1ccccc1C,0.2105480545821202,binned_cosine_1Da,38,False,predicted_spectrum,8062
CASMI2022,massformer,completed,29,29,69,CASMI_MOL_1196818,CASMI_MOL_157812,157812,Cc1ccc2nc(Oc3ccc(F)cc3)c(C3C(C#N)C(=N)OC4=CCCC(=O)C43)cc2c1,0.20833806367536434,binned_cosine_1Da,39,False,predicted_spectrum,8062
CASMI2022,massformer,completed,29,29,69,CASMI_MOL_1196818,CASMI_MOL_158522,158522,CCOc1ccc(-c2cc(-c3ccc(C(=O)OOn4nnc5ccccc54)cc3)[nH]n2)cc1,0.20531226246391912,binned_cosine_1Da,40,False,predicted_spectrum,8062
CASMI2022,massformer,completed,29,29,69,CASMI_MOL_1196818,CASMI_MOL_157050,157050,Cc1[nH]c2ccccc2c1C1c2c(c(O)n(-c3ccc(F)cc3)c2O)ON1c1ccccc1,0.20324124563856066,binned_cosine_1Da,41,False,predicted_spectrum,8062
CASMI2022,massformer,completed,29,29,69,CASMI_MOL_1196818,CASMI_MOL_159467,159467,Cc1[nH]c2ccccc2c1C1c2c(c(O)n(-c3ccc(F)cc3)c2O)ON1c1ccccc1,0.20324124563856066,binned_cosine_1Da,42,False,predicted_spectrum,8062
CASMI2022,massformer,completed,29,29,69,CASMI_MOL_1196818,CASMI_MOL_161792,161792,Cc1[nH]c2ccccc2c1C1c2c(c(O)n(-c3ccc(F)cc3)c2O)ON1c1ccccc1,0.20324124563856066,binned_cosine_1Da,43,False,predicted_spectrum,8062
CASMI2022,massformer,completed,29,29,69,CASMI_MOL_1196818,CASMI_MOL_156994,156994,Cc1[nH]c2ccccc2c1C1c2c(c(O)n(-c3ccc(F)cc3)c2O)ON1c1ccccc1,0.20324124207050562,binned_cosine_1Da,44,False,predicted_spectrum,8062
CASMI2022,massformer,completed,29,29,69,CASMI_MOL_1196818,CASMI_MOL_157259,157259,Cc1[nH]c2ccccc2c1C1c2c(c(O)n(-c3ccc(F)cc3)c2O)ON1c1ccccc1,0.20324124207050562,binned_cosine_1Da,45,False,predicted_spectrum,8062
CASMI2022,massformer,completed,29,29,69,CASMI_MOL_1196818,CASMI_MOL_159466,159466,Cc1[nH]c2ccccc2c1C1c2c(c(O)n(-c3ccc(F)cc3)c2O)ON1c1ccccc1,0.20324124207050562,binned_cosine_1Da,46,False,predicted_spectrum,8062
CASMI2022,massformer,completed,29,29,69,CASMI_MOL_1196818,CASMI_MOL_160671,160671,Cc1[nH]c2ccccc2c1C1c2c(c(O)n(-c3ccc(F)cc3)c2O)ON1c1ccccc1,0.20324124207050562,binned_cosine_1Da,47,False,predicted_spectrum,8062
CASMI2022,massformer,completed,29,29,69,CASMI_MOL_1196818,CASMI_MOL_162108,162108,Cc1[nH]c2ccccc2c1C1c2c(c(O)n(-c3ccc(F)cc3)c2O)ON1c1ccccc1,0.20324124207050562,binned_cosine_1Da,48,False,predicted_spectrum,8062
CASMI2022,massformer,completed,29,29,69,CASMI_MOL_1196818,CASMI_MOL_162333,162333,Cc1[nH]c2ccccc2c1C1c2c(c(O)n(-c3ccc(F)cc3)c2O)ON1c1ccccc1,0.20324124207050562,binned_cosine_1Da,49,False,predicted_spectrum,8062
CASMI2022,massformer,completed,29,29,69,CASMI_MOL_1196818,CASMI_MOL_158074,158074,CC1Cc2cc3c(cc2C(c2ccc([N+](=O)[O-])cc2)=NN1c1nc2ccccc2[nH]1)OCO3,0.20249524165048854,binned_cosine_1Da,50,False,predicted_spectrum,8062
CASMI2022,massformer,completed,29,29,69,CASMI_MOL_1196818,CASMI_MOL_158291,158291,Cc1nc(-c2ccc(C)c(N(CC(=O)O)CC(=O)N(C)N3Cc4ccsc4C3)c2)no1,0.20224735401020016,binned_cosine_1Da,51,False,predicted_spectrum,8062
CASMI2022,massformer,completed,29,29,69,CASMI_MOL_1196818,CASMI_MOL_154824,154824,COC(=O)N1CC(=O)c2c([nH]c(-c3ccncc3OCC(F)F)c2Cc2ccccc2)C1,0.20177504105310884,binned_cosine_1Da,52,False,predicted_spectrum,8062
CASMI2022,massformer,completed,29,29,69,CASMI_MOL_1196818,CASMI_MOL_158607,158607,CN1CC(C(=O)c2ccc(F)cc2)C2(C(=O)Nc3ccccc32)C12C(=O)Nc1ccccc12,0.19839963850646983,binned_cosine_1Da,53,False,predicted_spectrum,8062
CASMI2022,massformer,completed,29,29,69,CASMI_MOL_1196818,CASMI_MOL_162114,162114,O=C1CCc2c(Oc3ncnc(N4CCc5c([nH]c6ccccc56)C4)c3[N+](=O)[O-])cccc21,0.1977661366007967,binned_cosine_1Da,54,False,predicted_spectrum,8062
CASMI2022,massformer,completed,29,29,69,CASMI_MOL_1196818,CASMI_MOL_157616,157616,CN1C(=O)C(c2ccc(OC(F)F)cc2)(c2cccc(CC(F)C(F)CF)c2)N=C1N,0.1936616132246725,binned_cosine_1Da,55,False,predicted_spectrum,8062
CASMI2022,massformer,completed,29,29,69,CASMI_MOL_1196818,CASMI_MOL_154889,154889,Cc1ccc(P(c2ccc(C)cc2)c2ccc(C(F)(F)F)cc2C2=NC(C)CO2)cc1,0.19119962404538382,binned_cosine_1Da,56,False,predicted_spectrum,8062
CASMI2022,massformer,completed,29,29,69,CASMI_MOL_1196818,CASMI_MOL_157506,157506,CC1(C#Cc2cnc3c(c2)C2(COC(=N)N2)c2cc(-c4ccccc4F)ccc2O3)COC1,0.19060093107646378,binned_cosine_1Da,57,False,predicted_spectrum,8062
CASMI2022,massformer,completed,29,29,69,CASMI_MOL_1196818,CASMI_MOL_154893,154893,CCOC(=O)c1ncc(-c2ccccc2F)c2c1Cc1cc(C)c(Oc3cncnc3)cc1-2,0.18995823669373407,binned_cosine_1Da,58,False,predicted_spectrum,8062
CASMI2022,massformer,completed,29,29,69,CASMI_MOL_1196818,CASMI_MOL_155685,155685,COc1cc(C=Nc2cccc(P(c3ccccc3)c3ccccc3)c2)c(O)c(OC)c1,0.18846737469717056,binned_cosine_1Da,59,False,predicted_spectrum,8062
CASMI2022,massformer,completed,29,29,69,CASMI_MOL_1196818,CASMI_MOL_158154,158154,CN1C(=O)C(c2ccc(OC(F)F)cc2)(c2cccc(C3C=C(CC(=O)O)C3)c2)N=C1N,0.18698970245955787,binned_cosine_1Da,60,False,predicted_spectrum,8062
CASMI2022,massformer,completed,29,29,69,CASMI_MOL_1196818,CASMI_MOL_155414,155414,O=c1cc(-c2ccc(F)cc2)c2ccc(CNc3nc(Cc4ccc(O)cc4)c[nH]3)cc2o1,0.18500492548263567,binned_cosine_1Da,61,False,predicted_spectrum,8062
CASMI2022,massformer,completed,29,29,69,CASMI_MOL_1196818,CASMI_MOL_159826,159826,O=C(Cn1c(=O)oc2ccccc21)N1CCc2c([nH]c3ccccc23)C1c1ccccc1F,0.18488623416191363,binned_cosine_1Da,62,False,predicted_spectrum,8062
CASMI2022,massformer,completed,29,29,69,CASMI_MOL_1196818,CASMI_MOL_155142,155142,C=NC(C)=CC=C(C)c1ccc(C2c3c(c4ccccc4oc3=O)OC(=N)C2C#N)c(F)c1,0.18417244023284368,binned_cosine_1Da,63,False,predicted_spectrum,8062
CASMI2022,massformer,completed,29,29,69,CASMI_MOL_1196818,CASMI_MOL_158219,158219,Cn1cc(-c2ccc(C(=N)N)cc2)nc1-c1ccc(CC(NS(C)(=O)=O)C(=O)O)cc1,0.18374864179454825,binned_cosine_1Da,64,False,predicted_spectrum,8062
CASMI2022,massformer,completed,29,29,69,CASMI_MOL_1196818,CASMI_MOL_154996,154996,COC(c1c[nH]c2ncccc12)c1cnc2c3c(cccc13)C(=O)N2C1CCC(=O)NC1=O,0.18310410468092952,binned_cosine_1Da,65,False,predicted_spectrum,8062
CASMI2022,massformer,completed,29,29,69,CASMI_MOL_1196818,CASMI_MOL_155790,155790,CNc1nc2cccc(C(=O)O)c2n1Cc1ccc(-c2ccccc2-c2nc(=O)o[nH]2)cc1,0.18236595993070073,binned_cosine_1Da,66,False,predicted_spectrum,8062
CASMI2022,massformer,completed,29,29,69,CASMI_MOL_1196818,CASMI_MOL_161711,161711,COc1ccc(-c2oc3ncnc(N)c3c2-c2ccc(OCc3ccccc3)c(F)c2)cc1,0.18201171424533408,binned_cosine_1Da,67,False,predicted_spectrum,8062
CASMI2022,massformer,completed,29,29,69,CASMI_MOL_1196818,CASMI_MOL_156499,156499,CNCc1ccc(-c2noc(-c3ccc(-c4ccccc4C)c(C(F)(F)F)c3)n2)cc1F,0.17982404001750021,binned_cosine_1Da,68,False,predicted_spectrum,8062
CASMI2022,massformer,completed,29,29,69,CASMI_MOL_1196818,CASMI_MOL_154526,154526,COc1cc2c(cc1OC(C)=O)CC1c3c(cc(OC(C)=O)c(OC)c3-2)C(=O)C[N+]1(C)[O-],0.1782074236937266,binned_cosine_1Da,69,False,predicted_spectrum,8062
CASMI2022,massformer,completed,29,29,69,CASMI_MOL_1196818,CASMI_MOL_156428,156428,COc1nc(N2CCC(Nc3ccc4c(c3)CS(O)(O)C4)C2=O)ccc1-c1cn[nH]c1,0.17707749661485228,binned_cosine_1Da,70,False,predicted_spectrum,8062
CASMI2022,massformer,completed,29,29,69,CASMI_MOL_1196818,CASMI_MOL_156406,156406,COC(=O)CCc1ccc(O)c2c1CC1CC3CC(=O)C(C(N)=O)C(=O)C3C(=O)C1C2=O,0.17663544659210495,binned_cosine_1Da,71,False,predicted_spectrum,8062
CASMI2022,massformer,completed,29,29,69,CASMI_MOL_1196818,CASMI_MOL_157797,157797,COC(=O)CCc1ccc(O)c2c1CC1CC3CC(=O)C(C(N)=O)C(=O)C3C(=O)C1C2=O,0.17663544659210495,binned_cosine_1Da,72,False,predicted_spectrum,8062
CASMI2022,massformer,completed,29,29,69,CASMI_MOL_1196818,CASMI_MOL_158179,158179,COC(=O)CCc1ccc(O)c2c1CC1CC3CC(=O)C(C(N)=O)C(=O)C3C(=O)C1C2=O,0.1766354225663077,binned_cosine_1Da,73,False,predicted_spectrum,8062
CASMI2022,massformer,completed,29,29,69,CASMI_MOL_1196818,CASMI_MOL_160956,160956,COc1ccc(-c2nnc(OCc3nc4ccccc4n3C)c3ccccc23)cc1[N+](=O)[O-],0.17638360554400886,binned_cosine_1Da,74,False,predicted_spectrum,8062
CASMI2022,massformer,completed,29,29,69,CASMI_MOL_1196818,CASMI_MOL_155301,155301,CCOC(=O)C1=CCc2ccc(=Nc3c(F)cc(N4CC(CN)OC4=O)cc3F)ccc21,0.1761038133767667,binned_cosine_1Da,75,False,predicted_spectrum,8062
CASMI2022,massformer,completed,29,29,69,CASMI_MOL_1196818,CASMI_MOL_158028,158028,O=C(O)Oc1cn(C2CC2)c2c(F)c(N3CCNC(c4ccccc4)C3)c(F)cc2c1=O,0.17202284388910455,binned_cosine_1Da,76,False,predicted_spectrum,8062
CASMI2022,massformer,completed,29,29,69,CASMI_MOL_1196818,CASMI_MOL_157279,157279,CCOC(=O)c1ccc(N2C(=O)c3[nH]nc(-c4ccccc4)c3C2c2ccccc2F)cc1,0.17148444352866518,binned_cosine_1Da,77,False,predicted_spectrum,8062
CASMI2022,massformer,completed,29,29,69,CASMI_MOL_1196818,CASMI_MOL_161114,161114,CCOC(=O)c1ccc(N2C(=O)c3[nH]nc(-c4ccccc4)c3C2c2ccccc2F)cc1,0.17148444352866518,binned_cosine_1Da,78,False,predicted_spectrum,8062
CASMI2022,massformer,completed,29,29,69,CASMI_MOL_1196818,CASMI_MOL_157278,157278,CCOC(=O)c1ccc(N2C(=O)c3[nH]nc(-c4ccccc4)c3C2c2ccccc2F)cc1,0.17148441974526368,binned_cosine_1Da,79,False,predicted_spectrum,8062
CASMI2022,massformer,completed,29,29,69,CASMI_MOL_1196818,CASMI_MOL_161084,161084,Cc1ccc(N2C(=N)C(C#N)C3(C(=O)Nc4ccccc43)C3=C2CCCC3=O)c([N+](=O)[O-])c1,0.17146273963218353,binned_cosine_1Da,80,False,predicted_spectrum,8062
CASMI2022,massformer,completed,29,29,69,CASMI_MOL_1196818,CASMI_MOL_154953,154953,CN1C(=O)C(NC(=O)c2cc(Oc3cccnc3)ccn2)COc2ccc3ncccc3c21,0.17081015626592297,binned_cosine_1Da,81,False,predicted_spectrum,8062
CASMI2022,massformer,completed,29,29,69,CASMI_MOL_1196818,CASMI_MOL_155222,155222,CCOC(=O)N1CC2C34c5c6ccc(OC(C)=O)c5OC3C(=O)CCC4(OC(C)=O)C21C6,0.17058041369912244,binned_cosine_1Da,82,False,predicted_spectrum,8062
CASMI2022,massformer,completed,29,29,69,CASMI_MOL_1196818,CASMI_MOL_155165,155165,O=C1CC2(CCc3c(-c4noc(-c5ccc(OC(F)F)cc5)n4)cccc32)CN1CCO,0.17027177580385658,binned_cosine_1Da,83,False,predicted_spectrum,8062
CASMI2022,massformer,completed,29,29,69,CASMI_MOL_1196818,CASMI_MOL_155166,155166,O=C1CC2(CCc3c(-c4noc(-c5ccc(OC(F)F)cc5)n4)cccc32)CN1CCO,0.1702717639202981,binned_cosine_1Da,84,False,predicted_spectrum,8062
CASMI2022,massformer,completed,29,29,69,CASMI_MOL_1196818,CASMI_MOL_155167,155167,O=C1CC2(CCc3c(-c4noc(-c5ccc(OC(F)F)cc5)n4)cccc32)CN1CCO,0.17027175281702459,binned_cosine_1Da,85,False,predicted_spectrum,8062
CASMI2022,massformer,completed,29,29,69,CASMI_MOL_1196818,CASMI_MOL_160948,160948,COC(=O)n1c(O)c2c(c1O)C1CC(c3ccc(O)c4ccccc34)OC1(O)C(CO)C2,0.1702175183620529,binned_cosine_1Da,86,False,predicted_spectrum,8062
CASMI2022,massformer,completed,29,29,69,CASMI_MOL_1196818,CASMI_MOL_156453,156453,Cn1c2c(c(=O)n(C)c1=O)C1(C(=O)N(Cc3ccccc3)c3ccccc31)C(C#N)C(=N)O2,0.17015569197678218,binned_cosine_1Da,87,False,predicted_spectrum,8062
CASMI2022,massformer,completed,29,29,69,CASMI_MOL_1196818,CASMI_MOL_155955,155955,CCOc1ccc(C(=C(CC(F)(F)F)c2ccccc2)c2ccc3[nH]nc(F)c3c2)cn1,0.16992344965315803,binned_cosine_1Da,88,False,predicted_spectrum,8062
CASMI2022,massformer,completed,29,29,69,CASMI_MOL_1196818,CASMI_MOL_158100,158100,Cc1ccc(C2=NN(C3(C)NNCS3)C(C)Cc3cc4c(cc32)OCO4)cc1[N+](=O)[O-],0.1697407358646209,binned_cosine_1Da,89,False,predicted_spectrum,8062
CASMI2022,massformer,completed,29,29,69,CASMI_MOL_1196818,CASMI_MOL_155402,155402,Cc1ccc(C2=Nc3ccccc3C2(c2ccc(OC#N)cc2)c2ccc(OC#N)cc2)cc1,0.16961896390246523,binned_cosine_1Da,90,False,predicted_spectrum,8062
CASMI2022,massformer,completed,29,29,69,CASMI_MOL_1196818,CASMI_MOL_154484,154484,NC(=O)c1oc2ccccc2c1NC(=O)CCc1c(-c2ccc(F)cc2)[nH]c2ccccc12,0.1693272461381734,binned_cosine_1Da,91,False,predicted_spectrum,8062
CASMI2022,massformer,completed,29,29,69,CASMI_MOL_1196818,CASMI_MOL_157328,157328,COc1ccc(C=C2c3c(cc4c(c3OC)OCO4)CCN2C(C)=O)c(C(=O)O)c1OC,0.16783914875383624,binned_cosine_1Da,92,False,predicted_spectrum,8062
CASMI2022,massformer,completed,29,29,69,CASMI_MOL_1196818,CASMI_MOL_157326,157326,COc1ccc(C=C2c3c(cc4c(c3OC)OCO4)CCN2C(C)=O)c(C(=O)O)c1OC,0.16783908583457952,binned_cosine_1Da,93,False,predicted_spectrum,8062
CASMI2022,massformer,completed,29,29,69,CASMI_MOL_1196818,CASMI_MOL_157735,157735,CCc1cc2c(NCc3ccc(C(=O)NCC(=O)NCC(=O)O)cc3)nc(C)nc2s1,0.1670602126228783,binned_cosine_1Da,94,False,predicted_spectrum,8062
CASMI2022,massformer,completed,29,29,69,CASMI_MOL_1196818,CASMI_MOL_158471,158471,CC1(C)OCC2OC(n3cnc4c(Cl)nc(N)nc43)C(O)C3OC(C)(C)OC3C2O1,0.16681536832773164,binned_cosine_1Da,95,False,predicted_spectrum,8062
CASMI2022,massformer,completed,29,29,69,CASMI_MOL_1196818,CASMI_MOL_157564,157564,CC1(C)OCC2OC(n3cnc4c(Cl)nc(N)nc43)C(O)C3OC(C)(C)OC3C2O1,0.16681536013478251,binned_cosine_1Da,96,False,predicted_spectrum,8062
CASMI2022,massformer,completed,29,29,69,CASMI_MOL_1196818,CASMI_MOL_155014,155014,Cn1cc(-c2ccccc2C#N)c2cc(C(=O)NCc3ccc(C(O)=NO)cc3)[nH]c2c1=O,0.16622093351825776,binned_cosine_1Da,97,False,predicted_spectrum,8062
CASMI2022,massformer,completed,29,29,69,CASMI_MOL_1196818,CASMI_MOL_156089,156089,COc1c(Cc2n[nH]c(=O)c3ccccc23)cccc1-c1ccc2[nH]c(NC(=O)O)nc2c1,0.16587430005862497,binned_cosine_1Da,98,False,predicted_spectrum,8062
CASMI2022,massformer,completed,29,29,69,CASMI_MOL_1196818,CASMI_MOL_160180,160180,O=C(NCCOc1ccc(-c2ccc(F)cc2)nn1)C1c2ccccc2Oc2ccccc21,0.1658725766198027,binned_cosine_1Da,99,False,predicted_spectrum,8062
CASMI2022,massformer,completed,29,29,69,CASMI_MOL_1196818,CASMI_MOL_155622,155622,CCOC1=C(C#N)C(c2cccc(-c3noc(COc4ccccc4)n3)c2)C(C#N)C(=N)O1,0.16576578348040755,binned_cosine_1Da,100,False,predicted_spectrum,8062
CASMI2022,massformer,completed,29,29,69,CASMI_MOL_1196818,CASMI_MOL_1196818,1196818,CC(=O)NC(CSCC(=O)C12CC(C)(C)CC1=CC(C(=O)O)C2CC(=O)O)C(=O)O,0.09693429222016132,binned_cosine_1Da,955,True,predicted_spectrum,8062
CASMI2022,massformer,completed,31,31,77,CASMI_MOL_1196820,CASMI_MOL_179137,179137,Cc1nccc2c1CC(c1ccc(C(C)(C)C)cc1)O2,0.7026498271280779,binned_cosine_1Da,1,False,predicted_spectrum,9668
CASMI2022,massformer,completed,31,31,77,CASMI_MOL_1196820,CASMI_MOL_173245,173245,CCC1C=C(C)C(Oc2ccc(C#N)c(C)c2)=CC1C,0.6993185173969215,binned_cosine_1Da,2,False,predicted_spectrum,9668
CASMI2022,massformer,completed,31,31,77,CASMI_MOL_1196820,CASMI_MOL_172121,172121,COc1ccc2c(c1)CCCC2C(C)c1ccncc1,0.6991692357726248,binned_cosine_1Da,3,False,predicted_spectrum,9668
CASMI2022,massformer,completed,31,31,77,CASMI_MOL_1196820,CASMI_MOL_180863,180863,Cc1cnccc1C(=O)Cc1ccc(C(C)(C)C)cc1,0.6968531757910379,binned_cosine_1Da,4,False,predicted_spectrum,9668
CASMI2022,massformer,completed,31,31,77,CASMI_MOL_1196820,CASMI_MOL_176150,176150,COc1ccc(C(C)(F)C2CCCNC2)cc1OC,0.6960098608047384,binned_cosine_1Da,5,False,predicted_spectrum,9668
CASMI2022,massformer,completed,31,31,77,CASMI_MOL_1196820,CASMI_MOL_174082,174082,CC1CCc2cc(OCc3ccncc3)ccc2C1C,0.6950004718811956,binned_cosine_1Da,6,False,predicted_spectrum,9668
CASMI2022,massformer,completed,31,31,77,CASMI_MOL_1196820,CASMI_MOL_176153,176153,COc1cc(OC)cc(C(C)(F)C2CCCNC2)c1,0.694817186608004,binned_cosine_1Da,7,False,predicted_spectrum,9668
CASMI2022,massformer,completed,31,31,77,CASMI_MOL_1196820,CASMI_MOL_176152,176152,COc1ccc(C(C)(F)C2CCCNC2)c(OC)c1,0.6947692266940044,binned_cosine_1Da,8,False,predicted_spectrum,9668
CASMI2022,massformer,completed,31,31,77,CASMI_MOL_1196820,CASMI_MOL_177503,177503,Cc1cc(C(=O)Cc2ccc(C(C)(C)C)cc2)ccn1,0.6935429769597256,binned_cosine_1Da,9,False,predicted_spectrum,9668
CASMI2022,massformer,completed,31,31,77,CASMI_MOL_1196820,CASMI_MOL_176151,176151,COc1ccc(OC)c(C(C)(F)C2CCCNC2)c1,0.6932663750154793,binned_cosine_1Da,10,False,predicted_spectrum,9668
CASMI2022,massformer,completed,31,31,77,CASMI_MOL_1196820,CASMI_MOL_172511,172511,COc1ccc2c(c1)CCCC2CCc1ccncc1,0.6931357124311037,binned_cosine_1Da,11,False,predicted_spectrum,9668
CASMI2022,massformer,completed,31,31,77,CASMI_MOL_1196820,CASMI_MOL_175506,175506,Cc1ccncc1C(=O)Cc1ccc(C(C)(C)C)cc1,0.6924662717108612,binned_cosine_1Da,12,False,predicted_spectrum,9668
CASMI2022,massformer,completed,31,31,77,CASMI_MOL_1196820,CASMI_MOL_177987,177987,CC(C)(C)c1ccc(C(=O)CCc2cccnc2)cc1,0.6922887535628257,binned_cosine_1Da,13,False,predicted_spectrum,9668
CASMI2022,massformer,completed,31,31,77,CASMI_MOL_1196820,CASMI_MOL_177997,177997,Cc1ncccc1C(=O)Cc1ccc(C(C)(C)C)cc1,0.692056745695606,binned_cosine_1Da,14,False,predicted_spectrum,9668
CASMI2022,massformer,completed,31,31,77,CASMI_MOL_1196820,CASMI_MOL_177986,177986,CC(C)(C)c1ccc(C(=O)CCc2ccncc2)cc1,0.6916589045897681,binned_cosine_1Da,15,False,predicted_spectrum,9668
CASMI2022,massformer,completed,31,31,77,CASMI_MOL_1196820,CASMI_MOL_172155,172155,COc1ccc(CC2CCCc3nccc(C)c32)cc1,0.6904982492711353,binned_cosine_1Da,16,False,predicted_spectrum,9668
CASMI2022,massformer,completed,31,31,77,CASMI_MOL_1196820,CASMI_MOL_174018,174018,CC1CCc2cc(OCc3cccnc3)ccc2C1C,0.6903289310847335,binned_cosine_1Da,17,False,predicted_spectrum,9668
CASMI2022,massformer,completed,31,31,77,CASMI_MOL_1196820,CASMI_MOL_172339,172339,Cc1cc(CC(=O)c2cccc(C(C)(C)C)c2)ccn1,0.6889990071106068,binned_cosine_1Da,18,False,predicted_spectrum,9668
CASMI2022,massformer,completed,31,31,77,CASMI_MOL_1196820,CASMI_MOL_177999,177999,Cc1ccc(C(=O)Cc2ccc(C(C)(C)C)cc2)cn1,0.6883244639119948,binned_cosine_1Da,19,False,predicted_spectrum,9668
CASMI2022,massformer,completed,31,31,77,CASMI_MOL_1196820,CASMI_MOL_172279,172279,CC1(C)CCc2ccc(CCc3cncc(O)c3)cc21,0.6882059157548169,binned_cosine_1Da,20,False,predicted_spectrum,9668
CASMI2022,massformer,completed,31,31,77,CASMI_MOL_1196820,CASMI_MOL_173033,173033,COc1ccc2c(c1)C(C)C(Cc1ccncc1)CC2,0.6882008882557754,binned_cosine_1Da,21,False,predicted_spectrum,9668
CASMI2022,massformer,completed,31,31,77,CASMI_MOL_1196820,CASMI_MOL_173561,173561,CC1CCc2cc(OCc3ccccn3)ccc2C1C,0.6877112175835977,binned_cosine_1Da,22,False,predicted_spectrum,9668
CASMI2022,massformer,completed,31,31,77,CASMI_MOL_1196820,CASMI_MOL_174017,174017,CC1CCc2cc(OCc3ccccn3)ccc2C1C,0.687711188208388,binned_cosine_1Da,23,False,predicted_spectrum,9668
CASMI2022,massformer,completed,31,31,77,CASMI_MOL_1196820,CASMI_MOL_180924,180924,Cc1ccc(CC(=O)c2ccccc2C(C)(C)C)nc1,0.6874553268015461,binned_cosine_1Da,24,False,predicted_spectrum,9668
CASMI2022,massformer,completed,31,31,77,CASMI_MOL_1196820,CASMI_MOL_181608,181608,CCc1ccc(CC(=O)Cc2ccc(C)c(C)c2)nc1,0.6870733767053451,binned_cosine_1Da,25,False,predicted_spectrum,9668
CASMI2022,massformer,completed,31,31,77,CASMI_MOL_1196820,CASMI_MOL_172567,172567,COc1ccc(CCC2(c3ccccn3)CC2)cc1C,0.6870579436327302,binned_cosine_1Da,26,False,predicted_spectrum,9668
CASMI2022,massformer,completed,31,31,77,CASMI_MOL_1196820,CASMI_MOL_180925,180925,Cc1cccnc1CC(=O)c1ccccc1C(C)(C)C,0.6870245217728475,binned_cosine_1Da,27,False,predicted_spectrum,9668
CASMI2022,massformer,completed,31,31,77,CASMI_MOL_1196820,CASMI_MOL_181607,181607,CCc1ccc(CC(=O)c2ccc(C(C)C)cc2)nc1,0.6867509498095986,binned_cosine_1Da,28,False,predicted_spectrum,9668
CASMI2022,massformer,completed,31,31,77,CASMI_MOL_1196820,CASMI_MOL_179858,179858,CC12CCC3c4ccc(C#N)cc4CCC3C1CCO2,0.686608219477286,binned_cosine_1Da,29,False,predicted_spectrum,9668
CASMI2022,massformer,completed,31,31,77,CASMI_MOL_1196820,CASMI_MOL_181609,181609,CCc1ccc(CC(=O)Cc2cc(C)cc(C)c2)nc1,0.6835731534848333,binned_cosine_1Da,30,False,predicted_spectrum,9668
CASMI2022,massformer,completed,31,31,77,CASMI_MOL_1196820,CASMI_MOL_180248,180248,Cc1cc(C)c(Cn2cc3c(c2)C(=O)CCC3)c(C)c1,0.6828752047835795,binned_cosine_1Da,31,False,predicted_spectrum,9668
CASMI2022,massformer,completed,31,31,77,CASMI_MOL_1196820,CASMI_MOL_171952,171952,Cc1ccccc1N1C(C)c2ccoc2C12CCCC2,0.6828587451480994,binned_cosine_1Da,32,False,predicted_spectrum,9668
CASMI2022,massformer,completed,31,31,77,CASMI_MOL_1196820,CASMI_MOL_172362,172362,Cc1ccccc1N1C(C)c2ccoc2C12CCCC2,0.6828587398452539,binned_cosine_1Da,33,False,predicted_spectrum,9668
CASMI2022,massformer,completed,31,31,77,CASMI_MOL_1196820,CASMI_MOL_172319,172319,CC(C)(C)c1ccccc1C(=O)CCc1cccnc1,0.6826346271505772,binned_cosine_1Da,34,False,predicted_spectrum,9668
CASMI2022,massformer,completed,31,31,77,CASMI_MOL_1196820,CASMI_MOL_177155,177155,Cc1cc(C(O)c2ccc(C3CCC3)cc2)cc(C)n1,0.6826223384776686,binned_cosine_1Da,35,False,predicted_spectrum,9668
CASMI2022,massformer,completed,31,31,77,CASMI_MOL_1196820,CASMI_MOL_174559,174559,COc1cccc(OC)c1C(C)(F)C1CCCNC1,0.6825926348817474,binned_cosine_1Da,36,False,predicted_spectrum,9668
CASMI2022,massformer,completed,31,31,77,CASMI_MOL_1196820,CASMI_MOL_172382,172382,Cc1ccc(N(O)c2ccc3c(c2)CCCC3)cc1C,0.682467211635502,binned_cosine_1Da,37,False,predicted_spectrum,9668
CASMI2022,massformer,completed,31,31,77,CASMI_MOL_1196820,CASMI_MOL_172158,172158,CC(=O)c1ccc(C2CC3CCC(C)=CC3C=N2)cc1,0.6815301157982291,binned_cosine_1Da,38,False,predicted_spectrum,9668
CASMI2022,massformer,completed,31,31,77,CASMI_MOL_1196820,CASMI_MOL_175164,175164,CCc1ccc(CC(=O)Cc2cc(C)ccc2C)nc1,0.6814834556194719,binned_cosine_1Da,39,False,predicted_spectrum,9668
CASMI2022,massformer,completed,31,31,77,CASMI_MOL_1196820,CASMI_MOL_177160,177160,Cc1cc(C(=O)Cc2ccc(C(C)C)cc2)cc(C)n1,0.6814785222897793,binned_cosine_1Da,40,False,predicted_spectrum,9668
CASMI2022,massformer,completed,31,31,77,CASMI_MOL_1196820,CASMI_MOL_174381,174381,COc1cc(C(C)F)c(C2(C)CCCN2)cc1OC,0.6810889600304708,binned_cosine_1Da,41,False,predicted_spectrum,9668
CASMI2022,massformer,completed,31,31,77,CASMI_MOL_1196820,CASMI_MOL_179314,179314,CC1(C)CC2CCC(c3cncc4ccccc34)C2O1,0.6808508557832185,binned_cosine_1Da,42,False,predicted_spectrum,9668
CASMI2022,massformer,completed,31,31,77,CASMI_MOL_1196820,CASMI_MOL_174377,174377,COc1cc(OC)c(C2(C)CCCN2)cc1C(C)F,0.6806733347280317,binned_cosine_1Da,43,False,predicted_spectrum,9668
CASMI2022,massformer,completed,31,31,77,CASMI_MOL_1196820,CASMI_MOL_171953,171953,Cc1ccccc1N1C(C)c2occc2C12CCCC2,0.680620378699722,binned_cosine_1Da,44,False,predicted_spectrum,9668
CASMI2022,massformer,completed,31,31,77,CASMI_MOL_1196820,CASMI_MOL_172363,172363,Cc1ccccc1N1C(C)c2occc2C12CCCC2,0.6806203664811264,binned_cosine_1Da,45,False,predicted_spectrum,9668
CASMI2022,massformer,completed,31,31,77,CASMI_MOL_1196820,CASMI_MOL_181184,181184,Cc1ccc(CC2(O)CCc3cc(N)ccc32)cc1C,0.6804436535973357,binned_cosine_1Da,46,False,predicted_spectrum,9668
CASMI2022,massformer,completed,31,31,77,CASMI_MOL_1196820,CASMI_MOL_175140,175140,CCc1ccc(CC(O)c2ccc3c(c2)CCC3)nc1,0.6802899333880217,binned_cosine_1Da,47,False,predicted_spectrum,9668
CASMI2022,massformer,completed,31,31,77,CASMI_MOL_1196820,CASMI_MOL_174380,174380,COc1cc(C2(C)CCCN2)c(OC)cc1C(C)F,0.6794959098550041,binned_cosine_1Da,48,False,predicted_spectrum,9668
CASMI2022,massformer,completed,31,31,77,CASMI_MOL_1196820,CASMI_MOL_177985,177985,CC(C)(C)c1ccc(C(=O)CCc2ccccn2)cc1,0.6794473643053052,binned_cosine_1Da,49,False,predicted_spectrum,9668
CASMI2022,massformer,completed,31,31,77,CASMI_MOL_1196820,CASMI_MOL_178260,178260,CC(O)(Cc1cccnc1)c1ccc2c(c1)CCCC2,0.6793781870239587,binned_cosine_1Da,50,False,predicted_spectrum,9668
CASMI2022,massformer,completed,31,31,77,CASMI_MOL_1196820,CASMI_MOL_181189,181189,Cc1ccc(C)c(CC2(O)CCc3cc(N)ccc32)c1,0.6792069668229126,binned_cosine_1Da,51,False,predicted_spectrum,9668
CASMI2022,massformer,completed,31,31,77,CASMI_MOL_1196820,CASMI_MOL_178212,178212,COc1cccc(CC2(O)CCN(C)C(C)C2)c1F,0.6791225193895837,binned_cosine_1Da,52,False,predicted_spectrum,9668
CASMI2022,massformer,completed,31,31,77,CASMI_MOL_1196820,CASMI_MOL_177998,177998,Cc1cncc(C(=O)Cc2ccc(C(C)(C)C)cc2)c1,0.6790634038519577,binned_cosine_1Da,53,False,predicted_spectrum,9668
CASMI2022,massformer,completed,31,31,77,CASMI_MOL_1196820,CASMI_MOL_172287,172287,CC1c2cc(O)ccc2C(C)(C)C1c1ccc(N)cc1,0.678902373864986,binned_cosine_1Da,54,False,predicted_spectrum,9668
CASMI2022,massformer,completed,31,31,77,CASMI_MOL_1196820,CASMI_MOL_174811,174811,CC1(C(=O)Cc2cccc3ccccc23)CCNCC1,0.6788106436453796,binned_cosine_1Da,55,False,predicted_spectrum,9668
CASMI2022,massformer,completed,31,31,77,CASMI_MOL_1196820,CASMI_MOL_172416,172416,COc1ccc(CCN2CCC(O)CC2C)c(F)c1,0.6787551010017137,binned_cosine_1Da,56,False,predicted_spectrum,9668
CASMI2022,massformer,completed,31,31,77,CASMI_MOL_1196820,CASMI_MOL_174214,174214,COc1cc(OC)c(C(C)F)cc1CC1CCCN1,0.6783122985608735,binned_cosine_1Da,57,False,predicted_spectrum,9668
CASMI2022,massformer,completed,31,31,77,CASMI_MOL_1196820,CASMI_MOL_180951,180951,COc1ccc(CC2(O)CCN(C)C(C)C2)cc1F,0.6782509805570989,binned_cosine_1Da,58,False,predicted_spectrum,9668
CASMI2022,massformer,completed,31,31,77,CASMI_MOL_1196820,CASMI_MOL_174217,174217,COc1cc(C(C)F)c(OC)cc1CC1CCCN1,0.6781642707074534,binned_cosine_1Da,59,False,predicted_spectrum,9668
CASMI2022,massformer,completed,31,31,77,CASMI_MOL_1196820,CASMI_MOL_177384,177384,CNC(c1cc(OC)c(OC)cc1F)C1CC1(C)C,0.678003658595105,binned_cosine_1Da,60,False,predicted_spectrum,9668
CASMI2022,massformer,completed,31,31,77,CASMI_MOL_1196820,CASMI_MOL_177156,177156,Cc1cc(C(O)c2cccc(C3CCC3)c2)cc(C)n1,0.6779920346703756,binned_cosine_1Da,61,False,predicted_spectrum,9668
CASMI2022,massformer,completed,31,31,77,CASMI_MOL_1196820,CASMI_MOL_181185,181185,Cc1cc(C)cc(CC2(O)CCc3cc(N)ccc32)c1,0.6778774668811121,binned_cosine_1Da,62,False,predicted_spectrum,9668
CASMI2022,massformer,completed,31,31,77,CASMI_MOL_1196820,CASMI_MOL_172673,172673,CCC1CCCc2cc(Oc3cccc(C)n3)ccc21,0.6778234809486748,binned_cosine_1Da,63,False,predicted_spectrum,9668
CASMI2022,massformer,completed,31,31,77,CASMI_MOL_1196820,CASMI_MOL_177943,177943,Cc1ccc(C(O)c2ccc(C3CCC3)cc2)c(C)n1,0.6777510105528665,binned_cosine_1Da,64,False,predicted_spectrum,9668
CASMI2022,massformer,completed,31,31,77,CASMI_MOL_1196820,CASMI_MOL_174556,174556,Cc1ccc(-c2ccc3c(c2)NCC(C)(C)O3)c(C)c1,0.6777454753092869,binned_cosine_1Da,65,False,predicted_spectrum,9668
CASMI2022,massformer,completed,31,31,77,CASMI_MOL_1196820,CASMI_MOL_178004,178004,Cc1cc(C)c(CC(=O)CCc2ccncc2)c(C)c1,0.6776647022526222,binned_cosine_1Da,66,False,predicted_spectrum,9668
CASMI2022,massformer,completed,31,31,77,CASMI_MOL_1196820,CASMI_MOL_181234,181234,Cc1cc(C)c(C2CNc3cc(C)ccc3O2)c(C)c1,0.677495109007093,binned_cosine_1Da,67,False,predicted_spectrum,9668
CASMI2022,massformer,completed,31,31,77,CASMI_MOL_1196820,CASMI_MOL_172804,172804,CC1(C)CC(C)(c2ccccc2N)Oc2ccccc21,0.6773959115951526,binned_cosine_1Da,68,False,predicted_spectrum,9668
CASMI2022,massformer,completed,31,31,77,CASMI_MOL_1196820,CASMI_MOL_174205,174205,COCc1ccc(OC)c(CC2CCCCN2)c1F,0.6773801651054497,binned_cosine_1Da,69,False,predicted_spectrum,9668
CASMI2022,massformer,completed,31,31,77,CASMI_MOL_1196820,CASMI_MOL_177993,177993,Cc1ccc(C(=O)Cc2ccc(C(C)C)cc2)c(C)n1,0.6772301605386234,binned_cosine_1Da,70,False,predicted_spectrum,9668
CASMI2022,massformer,completed,31,31,77,CASMI_MOL_1196820,CASMI_MOL_180840,180840,Cc1cccc(C)c1CC1(O)CCc2cc(N)ccc21,0.6771998052617377,binned_cosine_1Da,71,False,predicted_spectrum,9668
CASMI2022,massformer,completed,31,31,77,CASMI_MOL_1196820,CASMI_MOL_179902,179902,CC(C)c1ccc(Oc2ccc3c(c2)CCCC3)nc1,0.6770906437374091,binned_cosine_1Da,72,False,predicted_spectrum,9668
CASMI2022,massformer,completed,31,31,77,CASMI_MOL_1196820,CASMI_MOL_179597,179597,CCOc1ccc(CCN2CCC(O)CC2)cc1F,0.67699070972122,binned_cosine_1Da,73,False,predicted_spectrum,9668
CASMI2022,massformer,completed,31,31,77,CASMI_MOL_1196820,CASMI_MOL_180376,180376,CC1CCc2ccccc2N1C(C)c1cccc(O)c1,0.6769605800435929,binned_cosine_1Da,74,False,predicted_spectrum,9668
CASMI2022,massformer,completed,31,31,77,CASMI_MOL_1196820,CASMI_MOL_181183,181183,CCc1ccc(CC2(O)CCc3cc(N)ccc32)cc1,0.6769282381942209,binned_cosine_1Da,75,False,predicted_spectrum,9668
CASMI2022,massformer,completed,31,31,77,CASMI_MOL_1196820,CASMI_MOL_180360,180360,Cc1ccc(O)c(C(C)N2c3ccccc3CC2C)c1,0.676838631166268,binned_cosine_1Da,76,False,predicted_spectrum,9668
CASMI2022,massformer,completed,31,31,77,CASMI_MOL_1196820,CASMI_MOL_180855,180855,Cc1cc(C)cc(C(C)Nc2ccc3c(c2)CCO3)c1,0.6767936504139312,binned_cosine_1Da,77,False,predicted_spectrum,9668
CASMI2022,massformer,completed,31,31,77,CASMI_MOL_1196820,CASMI_MOL_174286,174286,COc1c(C(C)(C)F)ccc(C)c1C1CNCCO1,0.6766783625667109,binned_cosine_1Da,78,False,predicted_spectrum,9668
CASMI2022,massformer,completed,31,31,77,CASMI_MOL_1196820,CASMI_MOL_180255,180255,Cc1cccc(C)c1Cn1cc2c(c1)C(=O)CCCC2,0.6766360293133115,binned_cosine_1Da,79,False,predicted_spectrum,9668
CASMI2022,massformer,completed,31,31,77,CASMI_MOL_1196820,CASMI_MOL_172892,172892,CCCc1cc(CCC(=O)c2cccnc2)ccc1C,0.6766292476000791,binned_cosine_1Da,80,False,predicted_spectrum,9668
CASMI2022,massformer,completed,31,31,77,CASMI_MOL_1196820,CASMI_MOL_174116,174116,COc1ccc(F)cc1CN1CCC(O)CC1(C)C,0.6765817240010861,binned_cosine_1Da,81,False,predicted_spectrum,9668
CASMI2022,massformer,completed,31,31,77,CASMI_MOL_1196820,CASMI_MOL_180252,180252,Cc1cc(C)cc(Cn2cc3c(c2)C(=O)CCCC3)c1,0.6765569800150045,binned_cosine_1Da,82,False,predicted_spectrum,9668
CASMI2022,massformer,completed,31,31,77,CASMI_MOL_1196820,CASMI_MOL_177808,177808,Cc1ccc(C)c(NC2CCCc3ccc(O)cc32)c1,0.6764905368720513,binned_cosine_1Da,83,False,predicted_spectrum,9668
CASMI2022,massformer,completed,31,31,77,CASMI_MOL_1196820,CASMI_MOL_174207,174207,COCc1cc(CC2CCCCN2)c(F)cc1OC,0.6764395242957643,binned_cosine_1Da,84,False,predicted_spectrum,9668
CASMI2022,massformer,completed,31,31,77,CASMI_MOL_1196820,CASMI_MOL_180667,180667,CC(C)(C)c1ccc(CCC(=O)c2cccnc2)cc1,0.6764185497631263,binned_cosine_1Da,85,False,predicted_spectrum,9668
CASMI2022,massformer,completed,31,31,77,CASMI_MOL_1196820,CASMI_MOL_174805,174805,CC1(C(=O)Cc2cccc3ccccc23)CCCNC1,0.6763602620909887,binned_cosine_1Da,86,False,predicted_spectrum,9668
CASMI2022,massformer,completed,31,31,77,CASMI_MOL_1196820,CASMI_MOL_174928,174928,Cc1cnc(C(O)c2ccc(C3CCC3)cc2)c(C)c1,0.6762379025759087,binned_cosine_1Da,87,False,predicted_spectrum,9668
CASMI2022,massformer,completed,31,31,77,CASMI_MOL_1196820,CASMI_MOL_179877,179877,CC1(C)CNc2ccc(CCc3cccc(O)c3)cc21,0.6760884680721918,binned_cosine_1Da,88,False,predicted_spectrum,9668
CASMI2022,massformer,completed,31,31,77,CASMI_MOL_1196820,CASMI_MOL_172156,172156,COc1ccccc1CC1CCCc2nccc(C)c21,0.675937473918093,binned_cosine_1Da,89,False,predicted_spectrum,9668
CASMI2022,massformer,completed,31,31,77,CASMI_MOL_1196820,CASMI_MOL_172968,172968,CCOc1ccc(F)c(OCC2CCN(C)CC2)c1,0.6759281502979475,binned_cosine_1Da,90,False,predicted_spectrum,9668
CASMI2022,massformer,completed,31,31,77,CASMI_MOL_1196820,CASMI_MOL_172674,172674,CN(c1ccc(CO)cc1)c1ccc2c(c1)CCCC2,0.6759258207646497,binned_cosine_1Da,91,False,predicted_spectrum,9668
CASMI2022,massformer,completed,31,31,77,CASMI_MOL_1196820,CASMI_MOL_176154,176154,CCOc1ccc(C2(F)CCNCC2)cc1OCC,0.6759138164797343,binned_cosine_1Da,92,False,predicted_spectrum,9668
CASMI2022,massformer,completed,31,31,77,CASMI_MOL_1196820,CASMI_MOL_174198,174198,COc1cc(CC2CCCCN2)c(OC)cc1CF,0.6759093686940326,binned_cosine_1Da,93,False,predicted_spectrum,9668
CASMI2022,massformer,completed,31,31,77,CASMI_MOL_1196820,CASMI_MOL_181229,181229,Cc1cc(C)c(C2CNc3ccc(C)cc3O2)c(C)c1,0.6759040091739835,binned_cosine_1Da,94,False,predicted_spectrum,9668
CASMI2022,massformer,completed,31,31,77,CASMI_MOL_1196820,CASMI_MOL_172301,172301,Cc1ccc(O)c(C=Nc2ccccc2C(C)(C)C)c1,0.6757933425688774,binned_cosine_1Da,95,False,predicted_spectrum,9668
CASMI2022,massformer,completed,31,31,77,CASMI_MOL_1196820,CASMI_MOL_174199,174199,COc1cc(CF)c(CC2CCCCN2)cc1OC,0.6757160603239009,binned_cosine_1Da,96,False,predicted_spectrum,9668
CASMI2022,massformer,completed,31,31,77,CASMI_MOL_1196820,CASMI_MOL_174555,174555,Cc1ccc(C)c(-c2ccc3c(c2)NCC(C)(C)O3)c1,0.6756354279508304,binned_cosine_1Da,97,False,predicted_spectrum,9668
CASMI2022,massformer,completed,31,31,77,CASMI_MOL_1196820,CASMI_MOL_180860,180860,CCc1cnccc1C(=O)Cc1ccc(C(C)C)cc1,0.6756300248414369,binned_cosine_1Da,98,False,predicted_spectrum,9668
CASMI2022,massformer,completed,31,31,77,CASMI_MOL_1196820,CASMI_MOL_178213,178213,COc1cccc(CC2(O)CCCN(C)CC2)c1F,0.6755363060292745,binned_cosine_1Da,99,False,predicted_spectrum,9668
CASMI2022,massformer,completed,31,31,77,CASMI_MOL_1196820,CASMI_MOL_177157,177157,Cc1cc(C(O)Cc2ccc3c(c2)CCC3)cc(C)n1,0.6755257875063426,binned_cosine_1Da,100,False,predicted_spectrum,9668
CASMI2022,massformer,completed,31,31,77,CASMI_MOL_1196820,CASMI_MOL_1196820,1196820,CN(C(=O)c1ccc(C(C)(C)C)cc1)c1ccccc1,0.15386685397196448,binned_cosine_1Da,6917,True,predicted_spectrum,9668
CASMI2022,massformer,completed,34,34,91,CASMI_MOL_1196823,CASMI_MOL_193062,193062,CC1CNCO1,0.9697732898000585,binned_cosine_1Da,1,False,predicted_spectrum,457
CASMI2022,massformer,completed,34,34,91,CASMI_MOL_1196823,CASMI_MOL_192809,192809,CC1CNCO1,0.9697732782025246,binned_cosine_1Da,2,False,predicted_spectrum,457
CASMI2022,massformer,completed,34,34,91,CASMI_MOL_1196823,CASMI_MOL_192836,192836,CC1CNCO1,0.9697732782025246,binned_cosine_1Da,3,False,predicted_spectrum,457
CASMI2022,massformer,completed,34,34,91,CASMI_MOL_1196823,CASMI_MOL_192905,192905,CC1CCNO1,0.9655122847851215,binned_cosine_1Da,4,False,predicted_spectrum,457
CASMI2022,massformer,completed,34,34,91,CASMI_MOL_1196823,CASMI_MOL_192989,192989,CC1CCNO1,0.9655122847851215,binned_cosine_1Da,5,False,predicted_spectrum,457
CASMI2022,massformer,completed,34,34,91,CASMI_MOL_1196823,CASMI_MOL_192904,192904,CC1CCNO1,0.9655122530588308,binned_cosine_1Da,6,False,predicted_spectrum,457
CASMI2022,massformer,completed,34,34,91,CASMI_MOL_1196823,CASMI_MOL_192845,192845,[CH2-][NH+]1CCCO1,0.9625760166707878,binned_cosine_1Da,7,False,predicted_spectrum,457
CASMI2022,massformer,completed,34,34,91,CASMI_MOL_1196823,CASMI_MOL_192815,192815,CCN1CCO1,0.9612368860604077,binned_cosine_1Da,8,False,predicted_spectrum,457
CASMI2022,massformer,completed,34,34,91,CASMI_MOL_1196823,CASMI_MOL_192956,192956,COC1CCN1,0.9610542317933436,binned_cosine_1Da,9,False,predicted_spectrum,457
CASMI2022,massformer,completed,34,34,91,CASMI_MOL_1196823,CASMI_MOL_192827,192827,[CH2-][NH+]1CCOC1,0.9600138047181611,binned_cosine_1Da,10,False,predicted_spectrum,457
CASMI2022,massformer,completed,34,34,91,CASMI_MOL_1196823,CASMI_MOL_192773,192773,C=C(C)N(C)O,0.9590316065837793,binned_cosine_1Da,11,False,predicted_spectrum,457
CASMI2022,massformer,completed,34,34,91,CASMI_MOL_1196823,CASMI_MOL_192811,192811,CC1CNOC1,0.9580025587468332,binned_cosine_1Da,12,False,predicted_spectrum,457
CASMI2022,massformer,completed,34,34,91,CASMI_MOL_1196823,CASMI_MOL_192735,192735,CC1CNOC1,0.9580025522591956,binned_cosine_1Da,13,False,predicted_spectrum,457
CASMI2022,massformer,completed,34,34,91,CASMI_MOL_1196823,CASMI_MOL_192990,192990,CC1CNOC1,0.9580025522591956,binned_cosine_1Da,14,False,predicted_spectrum,457
CASMI2022,massformer,completed,34,34,91,CASMI_MOL_1196823,CASMI_MOL_193074,193074,C1CCONC1,0.9579031439441442,binned_cosine_1Da,15,False,predicted_spectrum,457
CASMI2022,massformer,completed,34,34,91,CASMI_MOL_1196823,CASMI_MOL_192753,192753,CC1C[N+]1(C)[O-],0.9574530041961696,binned_cosine_1Da,16,False,predicted_spectrum,457
CASMI2022,massformer,completed,34,34,91,CASMI_MOL_1196823,CASMI_MOL_193069,193069,C1CNCOC1,0.9571008896408015,binned_cosine_1Da,17,False,predicted_spectrum,457
CASMI2022,massformer,completed,34,34,91,CASMI_MOL_1196823,CASMI_MOL_192743,192743,CC1CON1C,0.9557391622977819,binned_cosine_1Da,18,False,predicted_spectrum,457
CASMI2022,massformer,completed,34,34,91,CASMI_MOL_1196823,CASMI_MOL_192933,192933,C=CN(C)CO,0.9539310570656137,binned_cosine_1Da,19,False,predicted_spectrum,457
CASMI2022,massformer,completed,34,34,91,CASMI_MOL_1196823,CASMI_MOL_193073,193073,CN1CCOC1,0.9537695217698231,binned_cosine_1Da,20,False,predicted_spectrum,457
CASMI2022,massformer,completed,34,34,91,CASMI_MOL_1196823,CASMI_MOL_192912,192912,C[N+]1([O-])CCC1,0.951543965797575,binned_cosine_1Da,21,False,predicted_spectrum,457
CASMI2022,massformer,completed,34,34,91,CASMI_MOL_1196823,CASMI_MOL_192987,192987,C=[N+]([O-])C(C)C,0.9496310568465669,binned_cosine_1Da,22,False,predicted_spectrum,457
CASMI2022,massformer,completed,34,34,91,CASMI_MOL_1196823,CASMI_MOL_193071,193071,CC(C)NC=O,0.9494645888388746,binned_cosine_1Da,23,False,predicted_spectrum,457
CASMI2022,massformer,completed,34,34,91,CASMI_MOL_1196823,CASMI_MOL_192969,192969,CON1CCC1,0.9489857740635064,binned_cosine_1Da,24,False,predicted_spectrum,457
CASMI2022,massformer,completed,34,34,91,CASMI_MOL_1196823,CASMI_MOL_193075,193075,CN1CCCO1,0.9488927113671003,binned_cosine_1Da,25,False,predicted_spectrum,457
CASMI2022,massformer,completed,34,34,91,CASMI_MOL_1196823,CASMI_MOL_192799,192799,CCC=[N+](C)[O-],0.9485318892927533,binned_cosine_1Da,26,False,predicted_spectrum,457
CASMI2022,massformer,completed,34,34,91,CASMI_MOL_1196823,CASMI_MOL_192999,192999,CCC=[N+](C)[O-],0.9485318848311709,binned_cosine_1Da,27,False,predicted_spectrum,457
CASMI2022,massformer,completed,34,34,91,CASMI_MOL_1196823,CASMI_MOL_192819,192819,CCN1COC1,0.9472782266973226,binned_cosine_1Da,28,False,predicted_spectrum,457
CASMI2022,massformer,completed,34,34,91,CASMI_MOL_1196823,CASMI_MOL_193082,193082,CC(=O)N(C)C,0.9471983584261361,binned_cosine_1Da,29,False,predicted_spectrum,457
CASMI2022,massformer,completed,34,34,91,CASMI_MOL_1196823,CASMI_MOL_193059,193059,CC(=O)N(C)C,0.9471983526335194,binned_cosine_1Da,30,False,predicted_spectrum,457
CASMI2022,massformer,completed,34,34,91,CASMI_MOL_1196823,CASMI_MOL_192911,192911,CN=C(C)OC,0.9471831468251352,binned_cosine_1Da,31,False,predicted_spectrum,457
CASMI2022,massformer,completed,34,34,91,CASMI_MOL_1196823,CASMI_MOL_193064,193064,CN=C(C)OC,0.9471831468251352,binned_cosine_1Da,32,False,predicted_spectrum,457
CASMI2022,massformer,completed,34,34,91,CASMI_MOL_1196823,CASMI_MOL_192694,192694,CCNC(C)=O,0.9459843035203379,binned_cosine_1Da,33,False,predicted_spectrum,457
CASMI2022,massformer,completed,34,34,91,CASMI_MOL_1196823,CASMI_MOL_193087,193087,CCNC(C)=O,0.9459843035203379,binned_cosine_1Da,34,False,predicted_spectrum,457
CASMI2022,massformer,completed,34,34,91,CASMI_MOL_1196823,CASMI_MOL_192860,192860,CON=C(C)C,0.9457207039195602,binned_cosine_1Da,35,False,predicted_spectrum,457
CASMI2022,massformer,completed,34,34,91,CASMI_MOL_1196823,CASMI_MOL_193076,193076,CON=C(C)C,0.9457207039195602,binned_cosine_1Da,36,False,predicted_spectrum,457
CASMI2022,massformer,completed,34,34,91,CASMI_MOL_1196823,CASMI_MOL_192688,192688,CC=CN(C)O,0.9445894809065075,binned_cosine_1Da,37,False,predicted_spectrum,457
CASMI2022,massformer,completed,34,34,91,CASMI_MOL_1196823,CASMI_MOL_192790,192790,CC=CN(C)O,0.9445894809065075,binned_cosine_1Da,38,False,predicted_spectrum,457
CASMI2022,massformer,completed,34,34,91,CASMI_MOL_1196823,CASMI_MOL_192752,192752,CC=CN(C)O,0.9445894748522237,binned_cosine_1Da,39,False,predicted_spectrum,457
CASMI2022,massformer,completed,34,34,91,CASMI_MOL_1196823,CASMI_MOL_192730,192730,CC(C)C(=[N-])[OH2+],0.9444566473044894,binned_cosine_1Da,40,False,predicted_spectrum,457
CASMI2022,massformer,completed,34,34,91,CASMI_MOL_1196823,CASMI_MOL_193066,193066,CCN(C)C=O,0.9443273159533343,binned_cosine_1Da,41,False,predicted_spectrum,457
CASMI2022,massformer,completed,34,34,91,CASMI_MOL_1196823,CASMI_MOL_193017,193017,CCOC=NC,0.9438549119742955,binned_cosine_1Da,42,False,predicted_spectrum,457
CASMI2022,massformer,completed,34,34,91,CASMI_MOL_1196823,CASMI_MOL_193042,193042,CC=[N+]([O-])CC,0.9418835285674129,binned_cosine_1Da,43,False,predicted_spectrum,457
CASMI2022,massformer,completed,34,34,91,CASMI_MOL_1196823,CASMI_MOL_193067,193067,CC=[N+]([O-])CC,0.9418835190602594,binned_cosine_1Da,44,False,predicted_spectrum,457
CASMI2022,massformer,completed,34,34,91,CASMI_MOL_1196823,CASMI_MOL_193023,193023,CC=[N+]([O-])CC,0.9418835173011106,binned_cosine_1Da,45,False,predicted_spectrum,457
CASMI2022,massformer,completed,34,34,91,CASMI_MOL_1196823,CASMI_MOL_192861,192861,CCC=NOC,0.9410150433030066,binned_cosine_1Da,46,False,predicted_spectrum,457
CASMI2022,massformer,completed,34,34,91,CASMI_MOL_1196823,CASMI_MOL_192772,192772,CCC=NOC,0.9410150393182365,binned_cosine_1Da,47,False,predicted_spectrum,457
CASMI2022,massformer,completed,34,34,91,CASMI_MOL_1196823,CASMI_MOL_192859,192859,CCC=NOC,0.9410150393182365,binned_cosine_1Da,48,False,predicted_spectrum,457
CASMI2022,massformer,completed,34,34,91,CASMI_MOL_1196823,CASMI_MOL_193003,193003,CCC=NOC,0.9410150393182365,binned_cosine_1Da,49,False,predicted_spectrum,457
CASMI2022,massformer,completed,34,34,91,CASMI_MOL_1196823,CASMI_MOL_192818,192818,CCC=NOC,0.9410150384856097,binned_cosine_1Da,50,False,predicted_spectrum,457
CASMI2022,massformer,completed,34,34,91,CASMI_MOL_1196823,CASMI_MOL_192881,192881,CCC=NOC,0.9410150384856097,binned_cosine_1Da,51,False,predicted_spectrum,457
CASMI2022,massformer,completed,34,34,91,CASMI_MOL_1196823,CASMI_MOL_192967,192967,C=NOC(C)C,0.9409967517915532,binned_cosine_1Da,52,False,predicted_spectrum,457
CASMI2022,massformer,completed,34,34,91,CASMI_MOL_1196823,CASMI_MOL_193009,193009,CC(C)=[N+](C)[O-],0.9403124375655002,binned_cosine_1Da,53,False,predicted_spectrum,457
CASMI2022,massformer,completed,34,34,91,CASMI_MOL_1196823,CASMI_MOL_192857,192857,C=NC(C)OC,0.9401552256735677,binned_cosine_1Da,54,False,predicted_spectrum,457
CASMI2022,massformer,completed,34,34,91,CASMI_MOL_1196823,CASMI_MOL_192922,192922,CCN=COC,0.9398784636692066,binned_cosine_1Da,55,False,predicted_spectrum,457
CASMI2022,massformer,completed,34,34,91,CASMI_MOL_1196823,CASMI_MOL_193068,193068,C=CN(C)OC,0.9391096021066522,binned_cosine_1Da,56,False,predicted_spectrum,457
CASMI2022,massformer,completed,34,34,91,CASMI_MOL_1196823,CASMI_MOL_192917,192917,C=CN(O)CC,0.9390331770904237,binned_cosine_1Da,57,False,predicted_spectrum,457
CASMI2022,massformer,completed,34,34,91,CASMI_MOL_1196823,CASMI_MOL_193041,193041,CC=NOCC,0.9386282023185233,binned_cosine_1Da,58,False,predicted_spectrum,457
CASMI2022,massformer,completed,34,34,91,CASMI_MOL_1196823,CASMI_MOL_193044,193044,CC=NOCC,0.9386282023185233,binned_cosine_1Da,59,False,predicted_spectrum,457
CASMI2022,massformer,completed,34,34,91,CASMI_MOL_1196823,CASMI_MOL_192862,192862,CC=NOCC,0.938628196397847,binned_cosine_1Da,60,False,predicted_spectrum,457
CASMI2022,massformer,completed,34,34,91,CASMI_MOL_1196823,CASMI_MOL_193063,193063,CC=NOCC,0.938628196397847,binned_cosine_1Da,61,False,predicted_spectrum,457
CASMI2022,massformer,completed,34,34,91,CASMI_MOL_1196823,CASMI_MOL_192800,192800,CC=NCOC,0.9385126135826509,binned_cosine_1Da,62,False,predicted_spectrum,457
CASMI2022,massformer,completed,34,34,91,CASMI_MOL_1196823,CASMI_MOL_192822,192822,CC=NCOC,0.9385126115836329,binned_cosine_1Da,63,False,predicted_spectrum,457
CASMI2022,massformer,completed,34,34,91,CASMI_MOL_1196823,CASMI_MOL_192957,192957,CC=NCOC,0.9385126115836329,binned_cosine_1Da,64,False,predicted_spectrum,457
CASMI2022,massformer,completed,34,34,91,CASMI_MOL_1196823,CASMI_MOL_192709,192709,CC=NCOC,0.9385126018704782,binned_cosine_1Da,65,False,predicted_spectrum,457
CASMI2022,massformer,completed,34,34,91,CASMI_MOL_1196823,CASMI_MOL_192719,192719,C[N-][O+]=C(C)C,0.9384244389041237,binned_cosine_1Da,66,False,predicted_spectrum,457
CASMI2022,massformer,completed,34,34,91,CASMI_MOL_1196823,CASMI_MOL_192840,192840,CO[C]N(C)C,0.9360743817983741,binned_cosine_1Da,67,False,predicted_spectrum,457
CASMI2022,massformer,completed,34,34,91,CASMI_MOL_1196823,CASMI_MOL_192935,192935,C=CON(C)C,0.9360743817983741,binned_cosine_1Da,68,False,predicted_spectrum,457
CASMI2022,massformer,completed,34,34,91,CASMI_MOL_1196823,CASMI_MOL_193013,193013,C=C[N+](C)(C)[O-],0.9360743817983741,binned_cosine_1Da,69,False,predicted_spectrum,457
CASMI2022,massformer,completed,34,34,91,CASMI_MOL_1196823,CASMI_MOL_192767,192767,CC1NCCO1,0.9345878132440743,binned_cosine_1Da,70,False,predicted_spectrum,457
CASMI2022,massformer,completed,34,34,91,CASMI_MOL_1196823,CASMI_MOL_192810,192810,CC1NCCO1,0.9345875980691418,binned_cosine_1Da,71,False,predicted_spectrum,457
CASMI2022,massformer,completed,34,34,91,CASMI_MOL_1196823,CASMI_MOL_193060,193060,CC1NCCO1,0.9345875349213072,binned_cosine_1Da,72,False,predicted_spectrum,457
CASMI2022,massformer,completed,34,34,91,CASMI_MOL_1196823,CASMI_MOL_192824,192824,CN=CCOC,0.9324771904133917,binned_cosine_1Da,73,False,predicted_spectrum,457
CASMI2022,massformer,completed,34,34,91,CASMI_MOL_1196823,CASMI_MOL_192913,192913,CN=CCOC,0.9324771618499559,binned_cosine_1Da,74,False,predicted_spectrum,457
CASMI2022,massformer,completed,34,34,91,CASMI_MOL_1196823,CASMI_MOL_192886,192886,CC1OCN1C,0.9317405396773117,binned_cosine_1Da,75,False,predicted_spectrum,457
CASMI2022,massformer,completed,34,34,91,CASMI_MOL_1196823,CASMI_MOL_1196823,1196823,CCC(C)=NO,0.9273328452583817,binned_cosine_1Da,76,True,predicted_spectrum,457
CASMI2022,massformer,completed,34,34,91,CASMI_MOL_1196823,CASMI_MOL_192691,192691,CCC(C)=NO,0.9273328097505349,binned_cosine_1Da,77,False,predicted_spectrum,457
CASMI2022,massformer,completed,34,34,91,CASMI_MOL_1196823,CASMI_MOL_192880,192880,CCC(C)=NO,0.9273328097505349,binned_cosine_1Da,78,False,predicted_spectrum,457
CASMI2022,massformer,completed,34,34,91,CASMI_MOL_1196823,CASMI_MOL_193049,193049,CCC(C)=NO,0.9273327912281061,binned_cosine_1Da,79,False,predicted_spectrum,457
CASMI2022,massformer,completed,34,34,91,CASMI_MOL_1196823,CASMI_MOL_192708,192708,CCC(C)=NO,0.9273327465560984,binned_cosine_1Da,80,False,predicted_spectrum,457
CASMI2022,massformer,completed,34,34,91,CASMI_MOL_1196823,CASMI_MOL_193050,193050,CCC(C)=NO,0.9273327465560984,binned_cosine_1Da,81,False,predicted_spectrum,457
CASMI2022,massformer,completed,34,34,91,CASMI_MOL_1196823,CASMI_MOL_193092,193092,CCC(C)=NO,0.9273327465560984,binned_cosine_1Da,82,False,predicted_spectrum,457
CASMI2022,massformer,completed,34,34,91,CASMI_MOL_1196823,CASMI_MOL_192854,192854,CC(C)=NCO,0.9257809063058537,binned_cosine_1Da,83,False,predicted_spectrum,457
CASMI2022,massformer,completed,34,34,91,CASMI_MOL_1196823,CASMI_MOL_192699,192699,CC(C)=NCO,0.9257808861185491,binned_cosine_1Da,84,False,predicted_spectrum,457
CASMI2022,massformer,completed,34,34,91,CASMI_MOL_1196823,CASMI_MOL_192866,192866,CC1COCN1,0.9253053899205508,binned_cosine_1Da,85,False,predicted_spectrum,457
CASMI2022,massformer,completed,34,34,91,CASMI_MOL_1196823,CASMI_MOL_193061,193061,CC1COCN1,0.9253053899205508,binned_cosine_1Da,86,False,predicted_spectrum,457
CASMI2022,massformer,completed,34,34,91,CASMI_MOL_1196823,CASMI_MOL_192831,192831,CC1COCN1,0.9253053787520155,binned_cosine_1Da,87,False,predicted_spectrum,457
CASMI2022,massformer,completed,34,34,91,CASMI_MOL_1196823,CASMI_MOL_192657,192657,CNC1OC1C,0.9231824152029855,binned_cosine_1Da,88,False,predicted_spectrum,457
CASMI2022,massformer,completed,34,34,91,CASMI_MOL_1196823,CASMI_MOL_192777,192777,CNC1OC1C,0.9231824152029855,binned_cosine_1Da,89,False,predicted_spectrum,457
CASMI2022,massformer,completed,34,34,91,CASMI_MOL_1196823,CASMI_MOL_192658,192658,CNC1OC1C,0.9231823903474121,binned_cosine_1Da,90,False,predicted_spectrum,457
CASMI2022,massformer,completed,34,34,91,CASMI_MOL_1196823,CASMI_MOL_192661,192661,CNC1OC1C,0.9231823903474121,binned_cosine_1Da,91,False,predicted_spectrum,457
CASMI2022,massformer,completed,34,34,91,CASMI_MOL_1196823,CASMI_MOL_192787,192787,CN(C)CC=O,0.9191757581023287,binned_cosine_1Da,92,False,predicted_spectrum,457
CASMI2022,massformer,completed,34,34,91,CASMI_MOL_1196823,CASMI_MOL_192793,192793,CN(C)CC=O,0.9191757581023287,binned_cosine_1Da,93,False,predicted_spectrum,457
CASMI2022,massformer,completed,34,34,91,CASMI_MOL_1196823,CASMI_MOL_192838,192838,CN(C)CC=O,0.9191757581023287,binned_cosine_1Da,94,False,predicted_spectrum,457
CASMI2022,massformer,completed,34,34,91,CASMI_MOL_1196823,CASMI_MOL_193036,193036,CN(C)CC=O,0.9191757581023287,binned_cosine_1Da,95,False,predicted_spectrum,457
CASMI2022,massformer,completed,34,34,91,CASMI_MOL_1196823,CASMI_MOL_192839,192839,CCC(=O)NC,0.9161433292601363,binned_cosine_1Da,96,False,predicted_spectrum,457
CASMI2022,massformer,completed,34,34,91,CASMI_MOL_1196823,CASMI_MOL_192872,192872,CCC(=O)NC,0.9161433292601363,binned_cosine_1Da,97,False,predicted_spectrum,457
CASMI2022,massformer,completed,34,34,91,CASMI_MOL_1196823,CASMI_MOL_193085,193085,CCC(=O)NC,0.9161433292601363,binned_cosine_1Da,98,False,predicted_spectrum,457
CASMI2022,massformer,completed,34,34,91,CASMI_MOL_1196823,CASMI_MOL_193045,193045,CC(C)C=NO,0.9110362088769269,binned_cosine_1Da,99,False,predicted_spectrum,457
CASMI2022,massformer,completed,34,34,91,CASMI_MOL_1196823,CASMI_MOL_193089,193089,CC(C)C=NO,0.9110361671911824,binned_cosine_1Da,100,False,predicted_spectrum,457
CASMI2022,massformer,completed,35,35,92,CASMI_MOL_1196824,CASMI_MOL_193220,193220,CC(=O)NC(Cc1ccc(O)cc1)c1cn(Cc2cn(C(CCCN=C(N)N)c3cn(C(CCCCN)c4cn(C(CCCCN)c5c[nH]nn5)nn4)nn3)nn2)nn1,0.1470240092797209,binned_cosine_1Da,1,False,predicted_spectrum,233
CASMI2022,massformer,completed,35,35,92,CASMI_MOL_1196824,CASMI_MOL_193241,193241,CCC1OC(=O)C(C)C(=O)C(C)C(OC2OC(C)CC(N(C)C)C2O)C(C)(OC)CC(C)C(=O)C(C)C2C1OC(=O)N2CCCCn1cnc(-c2ccc(C)nc2)c1,0.1350234593799888,binned_cosine_1Da,2,False,predicted_spectrum,233
CASMI2022,massformer,completed,35,35,92,CASMI_MOL_1196824,CASMI_MOL_193261,193261,CCC1OC(=O)C(C)C(=O)C(C)C(OC2OC(C)CC(N(C)C)C2O)C(C)(OC)CC(C)C(=O)C(C)C2C1OC(=O)N2CCCCn1cnc(-c2ccc(C)nc2)c1,0.1350234593799888,binned_cosine_1Da,3,False,predicted_spectrum,233
CASMI2022,massformer,completed,35,35,92,CASMI_MOL_1196824,CASMI_MOL_193273,193273,CCC1OC(=O)C(C)C(=O)C(C)C(OC2OC(C)CC(N(C)C)C2O)C(C)(OC)CC(C)C(=O)C(C)C2C1OC(=O)N2CCCCn1cnc(-c2ccc(C)nc2)c1,0.1350234593799888,binned_cosine_1Da,4,False,predicted_spectrum,233
CASMI2022,massformer,completed,35,35,92,CASMI_MOL_1196824,CASMI_MOL_193298,193298,CCC1OC(=O)C(C)C(=O)C(C)C(OC2OC(C)CC(N(C)C)C2O)C(C)(OC)CC(C)C(=O)C(C)C2C1OC(=O)N2CCCCn1cnc(-c2ccc(C)nc2)c1,0.1350234593799888,binned_cosine_1Da,5,False,predicted_spectrum,233
CASMI2022,massformer,completed,35,35,92,CASMI_MOL_1196824,CASMI_MOL_193292,193292,C=CCOC1C(C)OC(OC2C(CC=O)CC(C)C(=O)CC=C(C)C=C(COC3OC(C)C(O)C(OC)C3OC)C(CC)OC(=O)CC(O)C2C)C(O)C1N(C)C,0.1312425605512737,binned_cosine_1Da,6,False,predicted_spectrum,233
CASMI2022,massformer,completed,35,35,92,CASMI_MOL_1196824,CASMI_MOL_193312,193312,C=CCOC1C(C)OC(OC2C(CC=O)CC(C)C(=O)CC=C(C)C=C(COC3OC(C)C(O)C(OC)C3OC)C(CC)OC(=O)CC(O)C2C)C(O)C1N(C)C,0.1312425605512737,binned_cosine_1Da,7,False,predicted_spectrum,233
CASMI2022,massformer,completed,35,35,92,CASMI_MOL_1196824,CASMI_MOL_193304,193304,C=CCOC1C(C)OC(OC2C(C)OC(OC3C(CC=O)CC(C)C(O)C=CC=CCC(C)OC(=O)CC(OC(=O)CC)C3OC)C(O)C2N(C)C)CC1(C)OC,0.12520078556450773,binned_cosine_1Da,8,False,predicted_spectrum,233
CASMI2022,massformer,completed,35,35,92,CASMI_MOL_1196824,CASMI_MOL_193309,193309,C=CCOC1CC(=O)OC(CC)C(COC2OC(C)C(O)C(OC)C2OC)=CC(C)=CCC(=O)C(C)CC(CC=O)C(OC2OC(C)C(O)C(N(C)C)C2O)C1C,0.12391997789889364,binned_cosine_1Da,9,False,predicted_spectrum,233
CASMI2022,massformer,completed,35,35,92,CASMI_MOL_1196824,CASMI_MOL_193120,193120,C=CC(=O)OC1C(C)OC(OC2C(C)C(=O)OC(CC)C3(C)OC(=O)CC3C(C)C(=O)C(C)CC(C)(OC)C(OC3OC(C)CC(NC)C3O)C2C)CC1(C)OC,0.12285132654186165,binned_cosine_1Da,10,False,predicted_spectrum,233
CASMI2022,massformer,completed,35,35,92,CASMI_MOL_1196824,CASMI_MOL_193263,193263,CCC1OC(=O)C(C)C(=O)C(C)C(OC2OC(C)CC(N(C)C)C2O)C(C)(OC)CC(C)C(=O)C(C)C2N(CCCCn3cnc(-c4ccccc4)n3)C(=O)OC12C,0.12140005996697824,binned_cosine_1Da,11,False,predicted_spectrum,233
CASMI2022,massformer,completed,35,35,92,CASMI_MOL_1196824,CASMI_MOL_193305,193305,CCC(C)C(NC(=O)C(N)Cc1c[nH]c2ccccc12)C(=O)N1CCCCC1C(=O)N1CCCCC1C(=O)N(C)C(Cc1ccccc1)C(=O)N1CCCC1C(=O)NN,0.12000759506284588,binned_cosine_1Da,12,False,predicted_spectrum,233
CASMI2022,massformer,completed,35,35,92,CASMI_MOL_1196824,CASMI_MOL_193255,193255,CCC1OC(=O)C(C)C(=O)C(C)C(OC2OC(C)CC(N(C)C)C2O)C(C)(OC)CC(C)C(=O)C(C)C2N(CCCCn3cc(-c4ccccc4)nn3)C(=O)OC12C,0.11999250409180885,binned_cosine_1Da,13,False,predicted_spectrum,233
CASMI2022,massformer,completed,35,35,92,CASMI_MOL_1196824,CASMI_MOL_193262,193262,CCC1OC(=O)CC(O)C(C)C(OC2OC(C)C(O)C(N(C)C)C2O)C(C=CCC(C)=O)CC(C)C(=O)C=CC(C)=CC1COC1OC(C)C(O)C(OC)C1OC,0.11940494258602141,binned_cosine_1Da,14,False,predicted_spectrum,233
CASMI2022,massformer,completed,35,35,92,CASMI_MOL_1196824,CASMI_MOL_193297,193297,CCC1OC(=O)CC(O)C(C)C(OC2OC(C)C(O)C(N(C)C)C2O)C(C=CCC(C)=O)CC(C)C(=O)C=CC(C)=CC1COC1OC(C)C(O)C(OC)C1OC,0.11940494258602141,binned_cosine_1Da,15,False,predicted_spectrum,233
CASMI2022,massformer,completed,35,35,92,CASMI_MOL_1196824,CASMI_MOL_193306,193306,CCC1OC(=O)CC(O)C(C)C(OC2OC(C)C(O)C(N(C)C)C2O)C(C=CCC(C)=O)CC(C)C(=O)C=CC(C)=CC1COC1OC(C)C(O)C(OC)C1OC,0.11940494258602141,binned_cosine_1Da,16,False,predicted_spectrum,233
CASMI2022,massformer,completed,35,35,92,CASMI_MOL_1196824,CASMI_MOL_193285,193285,CCC1OC(=O)C(C)C(=O)C(C)C(OC2OC(C)CC(N(C)CC)C2O)C(C)(OC)CC(C)C(=O)C(C)C2N(CCCn3cnc(-c4cccnc4)c3)C(=O)OC12C,0.1192998115940266,binned_cosine_1Da,17,False,predicted_spectrum,233
CASMI2022,massformer,completed,35,35,92,CASMI_MOL_1196824,CASMI_MOL_193094,193094,CC(=O)OCC1OC(OCCOCCOCCN(CCOCCOCCOC2OC(COC(C)=O)C(C)C(C)C2C)C(=O)OCc2ccccc2)C(C)C(C)C1C,0.11638250032349919,binned_cosine_1Da,18,False,predicted_spectrum,233
CASMI2022,massformer,completed,35,35,92,CASMI_MOL_1196824,CASMI_MOL_193137,193137,CC=C(C)CC(C)C(C=CC(C)C(=O)OC(CC(C)C)C(=O)NC(C)C(=O)N(C)CC(=O)N(C)CC(=O)NC(C(=O)N(C)C(C)C(=O)O)C(C)CC)OCSC,0.11577314373916292,binned_cosine_1Da,19,False,predicted_spectrum,233
CASMI2022,massformer,completed,35,35,92,CASMI_MOL_1196824,CASMI_MOL_193136,193136,CC=C(C)CC(C)C(C=CC(C)C(=O)OC(CC(C)C)C(=O)NC(C)C(=O)N(C)CC(=O)N(C)CC(=O)NC(C(=O)N(C)C(C)C(=O)O)C(C)CC)OCSC,0.11577314325087823,binned_cosine_1Da,20,False,predicted_spectrum,233
CASMI2022,massformer,completed,35,35,92,CASMI_MOL_1196824,CASMI_MOL_193227,193227,CC(C)CC(NC(=O)C(C)NC(=O)C(CO)NC(=O)C(N)CCCN=C(N)N)C(=O)NC(C(=O)NC(CCCCN)C(=O)NC(Cc1c[nH]cn1)C(=O)O)C(C)O,0.1153642749281351,binned_cosine_1Da,21,False,predicted_spectrum,233
CASMI2022,massformer,completed,35,35,92,CASMI_MOL_1196824,CASMI_MOL_193095,193095,CCC1OC(=O)C(C)C(=O)C(C)C(OC2OC(C)CC(N(C)C)C2O)C(C)(OC)CC(C)C(=O)C(C)C2N(CCCCn3cnc(-c4cccnc4)c3)C(=O)OC12C,0.11525252281334697,binned_cosine_1Da,22,False,predicted_spectrum,233
CASMI2022,massformer,completed,35,35,92,CASMI_MOL_1196824,CASMI_MOL_193098,193098,CCC1OC(=O)C(C)C(=O)C(C)C(OC2OC(C)CC(N(C)C)C2O)C(C)(OC)CC(C)C(=O)C(C)C2N(CCCCn3cnc(-c4cccnc4)c3)C(=O)OC12C,0.11525252281334697,binned_cosine_1Da,23,False,predicted_spectrum,233
CASMI2022,massformer,completed,35,35,92,CASMI_MOL_1196824,CASMI_MOL_193149,193149,CCC1OC(=O)C(C)C(=O)C(C)C(OC2OC(C)CC(N(C)C)C2O)C(C)(OC)CC(C)C(=O)C(C)C2N(CCCCn3cnc(-c4cccnc4)c3)C(=O)OC12C,0.11525252281334697,binned_cosine_1Da,24,False,predicted_spectrum,233
CASMI2022,massformer,completed,35,35,92,CASMI_MOL_1196824,CASMI_MOL_193167,193167,CCC1OC(=O)C(C)C(=O)C(C)C(OC2OC(C)CC(N(C)C)C2O)C(C)(OC)CC(C)C(=O)C(C)C2N(CCCCn3cnc(-c4cccnc4)c3)C(=O)OC12C,0.11525252281334697,binned_cosine_1Da,25,False,predicted_spectrum,233
CASMI2022,massformer,completed,35,35,92,CASMI_MOL_1196824,CASMI_MOL_193173,193173,CCC1OC(=O)C(C)C(=O)C(C)C(OC2OC(C)CC(N(C)C)C2O)C(C)(OC)CC(C)C(=O)C(C)C2N(CCCCn3cnc(-c4cccnc4)c3)C(=O)OC12C,0.11525252281334697,binned_cosine_1Da,26,False,predicted_spectrum,233
CASMI2022,massformer,completed,35,35,92,CASMI_MOL_1196824,CASMI_MOL_193176,193176,CCC1OC(=O)C(C)C(=O)C(C)C(OC2OC(C)CC(N(C)C)C2O)C(C)(OC)CC(C)C(=O)C(C)C2N(CCCCn3cnc(-c4cccnc4)c3)C(=O)OC12C,0.11525252281334697,binned_cosine_1Da,27,False,predicted_spectrum,233
CASMI2022,massformer,completed,35,35,92,CASMI_MOL_1196824,CASMI_MOL_193191,193191,CCC1OC(=O)C(C)C(=O)C(C)C(OC2OC(C)CC(N(C)C)C2O)C(C)(OC)CC(C)C(=O)C(C)C2N(CCCCn3cnc(-c4cccnc4)c3)C(=O)OC12C,0.11525252281334697,binned_cosine_1Da,28,False,predicted_spectrum,233
CASMI2022,massformer,completed,35,35,92,CASMI_MOL_1196824,CASMI_MOL_193209,193209,CCC1OC(=O)C(C)C(=O)C(C)C(OC2OC(C)CC(N(C)C)C2O)C(C)(OC)CC(C)C(=O)C(C)C2N(CCCCn3cnc(-c4cccnc4)c3)C(=O)OC12C,0.11525252281334697,binned_cosine_1Da,29,False,predicted_spectrum,233
CASMI2022,massformer,completed,35,35,92,CASMI_MOL_1196824,CASMI_MOL_193224,193224,CCC1OC(=O)C(C)C(=O)C(C)C(OC2OC(C)CC(N(C)C)C2O)C(C)(OC)CC(C)C(=O)C(C)C2N(CCCCn3cnc(-c4cccnc4)c3)C(=O)OC12C,0.11525252281334697,binned_cosine_1Da,30,False,predicted_spectrum,233
CASMI2022,massformer,completed,35,35,92,CASMI_MOL_1196824,CASMI_MOL_193233,193233,CCC1OC(=O)C(C)C(=O)C(C)C(OC2OC(C)CC(N(C)C)C2O)C(C)(OC)CC(C)C(=O)C(C)C2N(CCCCn3cnc(-c4cccnc4)c3)C(=O)OC12C,0.11525252281334697,binned_cosine_1Da,31,False,predicted_spectrum,233
CASMI2022,massformer,completed,35,35,92,CASMI_MOL_1196824,CASMI_MOL_193239,193239,CCC1OC(=O)C(C)C(=O)C(C)C(OC2OC(C)CC(N(C)C)C2O)C(C)(OC)CC(C)C(=O)C(C)C2N(CCCCn3cnc(-c4cccnc4)c3)C(=O)OC12C,0.11525252281334697,binned_cosine_1Da,32,False,predicted_spectrum,233
CASMI2022,massformer,completed,35,35,92,CASMI_MOL_1196824,CASMI_MOL_193251,193251,CCC1OC(=O)C(C)C(=O)C(C)C(OC2OC(C)CC(N(C)C)C2O)C(C)(OC)CC(C)C(=O)C(C)C2N(CCCCn3cnc(-c4cccnc4)c3)C(=O)OC12C,0.11525252281334697,binned_cosine_1Da,33,False,predicted_spectrum,233
CASMI2022,massformer,completed,35,35,92,CASMI_MOL_1196824,CASMI_MOL_193254,193254,CCC1OC(=O)C(C)C(=O)C(C)C(OC2OC(C)CC(N(C)C)C2O)C(C)(OC)CC(C)C(=O)C(C)C2N(CCCCn3cnc(-c4cccnc4)c3)C(=O)OC12C,0.11525252281334697,binned_cosine_1Da,34,False,predicted_spectrum,233
CASMI2022,massformer,completed,35,35,92,CASMI_MOL_1196824,CASMI_MOL_193284,193284,CCC1OC(=O)C(C)C(=O)C(C)C(OC2OC(C)CC(N(C)C)C2O)C(C)(OC)CC(C)C(=O)C(C)C2N(CCCCn3cnc(-c4cccnc4)c3)C(=O)OC12C,0.11525252281334697,binned_cosine_1Da,35,False,predicted_spectrum,233
CASMI2022,massformer,completed,35,35,92,CASMI_MOL_1196824,CASMI_MOL_193320,193320,CCC1OC(=O)C(C)C(=O)C(C)C(OC2OC(C)CC(N(C)C)C2O)C(C)(OC)CC(C)C(=O)C(C)C2N(CCCCn3cnc(-c4cccnc4)c3)C(=O)OC12C,0.11525252281334697,binned_cosine_1Da,36,False,predicted_spectrum,233
CASMI2022,massformer,completed,35,35,92,CASMI_MOL_1196824,CASMI_MOL_193323,193323,CCC1OC(=O)C(C)C(=O)C(C)C(OC2OC(C)CC(N(C)C)C2O)C(C)(OC)CC(C)C(=O)C(C)C2N(CCCCn3cnc(-c4cccnc4)c3)C(=O)OC12C,0.11525252281334697,binned_cosine_1Da,37,False,predicted_spectrum,233
CASMI2022,massformer,completed,35,35,92,CASMI_MOL_1196824,CASMI_MOL_1196824,1196824,CCC1OC(=O)C(C)C(=O)C(C)C(OC2OC(C)CC(N(C)C)C2O)C(C)(OC)CC(C)C(=O)C(C)C2N(CCCCn3cnc(-c4cccnc4)c3)C(=O)OC12C,0.11525252281334697,binned_cosine_1Da,38,True,predicted_spectrum,233
CASMI2022,massformer,completed,35,35,92,CASMI_MOL_1196824,CASMI_MOL_193097,193097,CCC1OC(=O)C(C)C(=O)C(C)C(OC2OC(C)CC(N(C)C)C2O)C(C)(OC)CC(C)C(=O)C(C)C2N(CCCCn3cnc(-c4cccnc4)c3)C(=O)OC12C,0.115252519487876,binned_cosine_1Da,39,False,predicted_spectrum,233
CASMI2022,massformer,completed,35,35,92,CASMI_MOL_1196824,CASMI_MOL_193133,193133,CCC1OC(=O)C(C)C(=O)C(C)C(OC2OC(C)CC(N(C)C)C2O)C(C)(OC)CC(C)C(=O)C(C)C2N(CCCCn3cnc(-c4cccnc4)c3)C(=O)OC12C,0.115252519487876,binned_cosine_1Da,40,False,predicted_spectrum,233
CASMI2022,massformer,completed,35,35,92,CASMI_MOL_1196824,CASMI_MOL_193142,193142,CCC1OC(=O)C(C)C(=O)C(C)C(OC2OC(C)CC(N(C)C)C2O)C(C)(OC)CC(C)C(=O)C(C)C2N(CCCCn3cnc(-c4cccnc4)c3)C(=O)OC12C,0.115252519487876,binned_cosine_1Da,41,False,predicted_spectrum,233
CASMI2022,massformer,completed,35,35,92,CASMI_MOL_1196824,CASMI_MOL_193148,193148,CCC1OC(=O)C(C)C(=O)C(C)C(OC2OC(C)CC(N(C)C)C2O)C(C)(OC)CC(C)C(=O)C(C)C2N(CCCCn3cnc(-c4cccnc4)c3)C(=O)OC12C,0.115252519487876,binned_cosine_1Da,42,False,predicted_spectrum,233
CASMI2022,massformer,completed,35,35,92,CASMI_MOL_1196824,CASMI_MOL_193156,193156,CCC1OC(=O)C(C)C(=O)C(C)C(OC2OC(C)CC(N(C)C)C2O)C(C)(OC)CC(C)C(=O)C(C)C2N(CCCCn3cnc(-c4cccnc4)c3)C(=O)OC12C,0.115252519487876,binned_cosine_1Da,43,False,predicted_spectrum,233
CASMI2022,massformer,completed,35,35,92,CASMI_MOL_1196824,CASMI_MOL_193165,193165,CCC1OC(=O)C(C)C(=O)C(C)C(OC2OC(C)CC(N(C)C)C2O)C(C)(OC)CC(C)C(=O)C(C)C2N(CCCCn3cnc(-c4cccnc4)c3)C(=O)OC12C,0.115252519487876,binned_cosine_1Da,44,False,predicted_spectrum,233
CASMI2022,massformer,completed,35,35,92,CASMI_MOL_1196824,CASMI_MOL_193166,193166,CCC1OC(=O)C(C)C(=O)C(C)C(OC2OC(C)CC(N(C)C)C2O)C(C)(OC)CC(C)C(=O)C(C)C2N(CCCCn3cnc(-c4cccnc4)c3)C(=O)OC12C,0.115252519487876,binned_cosine_1Da,45,False,predicted_spectrum,233
CASMI2022,massformer,completed,35,35,92,CASMI_MOL_1196824,CASMI_MOL_193168,193168,CCC1OC(=O)C(C)C(=O)C(C)C(OC2OC(C)CC(N(C)C)C2O)C(C)(OC)CC(C)C(=O)C(C)C2N(CCCCn3cnc(-c4cccnc4)c3)C(=O)OC12C,0.115252519487876,binned_cosine_1Da,46,False,predicted_spectrum,233
CASMI2022,massformer,completed,35,35,92,CASMI_MOL_1196824,CASMI_MOL_193169,193169,CCC1OC(=O)C(C)C(=O)C(C)C(OC2OC(C)CC(N(C)C)C2O)C(C)(OC)CC(C)C(=O)C(C)C2N(CCCCn3cnc(-c4cccnc4)c3)C(=O)OC12C,0.115252519487876,binned_cosine_1Da,47,False,predicted_spectrum,233
CASMI2022,massformer,completed,35,35,92,CASMI_MOL_1196824,CASMI_MOL_193172,193172,CCC1OC(=O)C(C)C(=O)C(C)C(OC2OC(C)CC(N(C)C)C2O)C(C)(OC)CC(C)C(=O)C(C)C2N(CCCCn3cnc(-c4cccnc4)c3)C(=O)OC12C,0.115252519487876,binned_cosine_1Da,48,False,predicted_spectrum,233
CASMI2022,massformer,completed,35,35,92,CASMI_MOL_1196824,CASMI_MOL_193174,193174,CCC1OC(=O)C(C)C(=O)C(C)C(OC2OC(C)CC(N(C)C)C2O)C(C)(OC)CC(C)C(=O)C(C)C2N(CCCCn3cnc(-c4cccnc4)c3)C(=O)OC12C,0.115252519487876,binned_cosine_1Da,49,False,predicted_spectrum,233
CASMI2022,massformer,completed,35,35,92,CASMI_MOL_1196824,CASMI_MOL_193175,193175,CCC1OC(=O)C(C)C(=O)C(C)C(OC2OC(C)CC(N(C)C)C2O)C(C)(OC)CC(C)C(=O)C(C)C2N(CCCCn3cnc(-c4cccnc4)c3)C(=O)OC12C,0.115252519487876,binned_cosine_1Da,50,False,predicted_spectrum,233
CASMI2022,massformer,completed,35,35,92,CASMI_MOL_1196824,CASMI_MOL_193177,193177,CCC1OC(=O)C(C)C(=O)C(C)C(OC2OC(C)CC(N(C)C)C2O)C(C)(OC)CC(C)C(=O)C(C)C2N(CCCCn3cnc(-c4cccnc4)c3)C(=O)OC12C,0.115252519487876,binned_cosine_1Da,51,False,predicted_spectrum,233
CASMI2022,massformer,completed,35,35,92,CASMI_MOL_1196824,CASMI_MOL_193192,193192,CCC1OC(=O)C(C)C(=O)C(C)C(OC2OC(C)CC(N(C)C)C2O)C(C)(OC)CC(C)C(=O)C(C)C2N(CCCCn3cnc(-c4cccnc4)c3)C(=O)OC12C,0.115252519487876,binned_cosine_1Da,52,False,predicted_spectrum,233
CASMI2022,massformer,completed,35,35,92,CASMI_MOL_1196824,CASMI_MOL_193193,193193,CCC1OC(=O)C(C)C(=O)C(C)C(OC2OC(C)CC(N(C)C)C2O)C(C)(OC)CC(C)C(=O)C(C)C2N(CCCCn3cnc(-c4cccnc4)c3)C(=O)OC12C,0.115252519487876,binned_cosine_1Da,53,False,predicted_spectrum,233
CASMI2022,massformer,completed,35,35,92,CASMI_MOL_1196824,CASMI_MOL_193198,193198,CCC1OC(=O)C(C)C(=O)C(C)C(OC2OC(C)CC(N(C)C)C2O)C(C)(OC)CC(C)C(=O)C(C)C2N(CCCCn3cnc(-c4cccnc4)c3)C(=O)OC12C,0.115252519487876,binned_cosine_1Da,54,False,predicted_spectrum,233
CASMI2022,massformer,completed,35,35,92,CASMI_MOL_1196824,CASMI_MOL_193205,193205,CCC1OC(=O)C(C)C(=O)C(C)C(OC2OC(C)CC(N(C)C)C2O)C(C)(OC)CC(C)C(=O)C(C)C2N(CCCCn3cnc(-c4cccnc4)c3)C(=O)OC12C,0.115252519487876,binned_cosine_1Da,55,False,predicted_spectrum,233
CASMI2022,massformer,completed,35,35,92,CASMI_MOL_1196824,CASMI_MOL_193210,193210,CCC1OC(=O)C(C)C(=O)C(C)C(OC2OC(C)CC(N(C)C)C2O)C(C)(OC)CC(C)C(=O)C(C)C2N(CCCCn3cnc(-c4cccnc4)c3)C(=O)OC12C,0.115252519487876,binned_cosine_1Da,56,False,predicted_spectrum,233
CASMI2022,massformer,completed,35,35,92,CASMI_MOL_1196824,CASMI_MOL_193213,193213,CCC1OC(=O)C(C)C(=O)C(C)C(OC2OC(C)CC(N(C)C)C2O)C(C)(OC)CC(C)C(=O)C(C)C2N(CCCCn3cnc(-c4cccnc4)c3)C(=O)OC12C,0.115252519487876,binned_cosine_1Da,57,False,predicted_spectrum,233
CASMI2022,massformer,completed,35,35,92,CASMI_MOL_1196824,CASMI_MOL_193223,193223,CCC1OC(=O)C(C)C(=O)C(C)C(OC2OC(C)CC(N(C)C)C2O)C(C)(OC)CC(C)C(=O)C(C)C2N(CCCCn3cnc(-c4cccnc4)c3)C(=O)OC12C,0.115252519487876,binned_cosine_1Da,58,False,predicted_spectrum,233
CASMI2022,massformer,completed,35,35,92,CASMI_MOL_1196824,CASMI_MOL_193226,193226,CCC1OC(=O)C(C)C(=O)C(C)C(OC2OC(C)CC(N(C)C)C2O)C(C)(OC)CC(C)C(=O)C(C)C2N(CCCCn3cnc(-c4cccnc4)c3)C(=O)OC12C,0.115252519487876,binned_cosine_1Da,59,False,predicted_spectrum,233
CASMI2022,massformer,completed,35,35,92,CASMI_MOL_1196824,CASMI_MOL_193228,193228,CCC1OC(=O)C(C)C(=O)C(C)C(OC2OC(C)CC(N(C)C)C2O)C(C)(OC)CC(C)C(=O)C(C)C2N(CCCCn3cnc(-c4cccnc4)c3)C(=O)OC12C,0.115252519487876,binned_cosine_1Da,60,False,predicted_spectrum,233
CASMI2022,massformer,completed,35,35,92,CASMI_MOL_1196824,CASMI_MOL_193229,193229,CCC1OC(=O)C(C)C(=O)C(C)C(OC2OC(C)CC(N(C)C)C2O)C(C)(OC)CC(C)C(=O)C(C)C2N(CCCCn3cnc(-c4cccnc4)c3)C(=O)OC12C,0.115252519487876,binned_cosine_1Da,61,False,predicted_spectrum,233
CASMI2022,massformer,completed,35,35,92,CASMI_MOL_1196824,CASMI_MOL_193240,193240,CCC1OC(=O)C(C)C(=O)C(C)C(OC2OC(C)CC(N(C)C)C2O)C(C)(OC)CC(C)C(=O)C(C)C2N(CCCCn3cnc(-c4cccnc4)c3)C(=O)OC12C,0.115252519487876,binned_cosine_1Da,62,False,predicted_spectrum,233
CASMI2022,massformer,completed,35,35,92,CASMI_MOL_1196824,CASMI_MOL_193243,193243,CCC1OC(=O)C(C)C(=O)C(C)C(OC2OC(C)CC(N(C)C)C2O)C(C)(OC)CC(C)C(=O)C(C)C2N(CCCCn3cnc(-c4cccnc4)c3)C(=O)OC12C,0.115252519487876,binned_cosine_1Da,63,False,predicted_spectrum,233
CASMI2022,massformer,completed,35,35,92,CASMI_MOL_1196824,CASMI_MOL_193246,193246,CCC1OC(=O)C(C)C(=O)C(C)C(OC2OC(C)CC(N(C)C)C2O)C(C)(OC)CC(C)C(=O)C(C)C2N(CCCCn3cnc(-c4cccnc4)c3)C(=O)OC12C,0.115252519487876,binned_cosine_1Da,64,False,predicted_spectrum,233
CASMI2022,massformer,completed,35,35,92,CASMI_MOL_1196824,CASMI_MOL_193250,193250,CCC1OC(=O)C(C)C(=O)C(C)C(OC2OC(C)CC(N(C)C)C2O)C(C)(OC)CC(C)C(=O)C(C)C2N(CCCCn3cnc(-c4cccnc4)c3)C(=O)OC12C,0.115252519487876,binned_cosine_1Da,65,False,predicted_spectrum,233
CASMI2022,massformer,completed,35,35,92,CASMI_MOL_1196824,CASMI_MOL_193264,193264,CCC1OC(=O)C(C)C(=O)C(C)C(OC2OC(C)CC(N(C)C)C2O)C(C)(OC)CC(C)C(=O)C(C)C2N(CCCCn3cnc(-c4cccnc4)c3)C(=O)OC12C,0.115252519487876,binned_cosine_1Da,66,False,predicted_spectrum,233
CASMI2022,massformer,completed,35,35,92,CASMI_MOL_1196824,CASMI_MOL_193265,193265,CCC1OC(=O)C(C)C(=O)C(C)C(OC2OC(C)CC(N(C)C)C2O)C(C)(OC)CC(C)C(=O)C(C)C2N(CCCCn3cnc(-c4cccnc4)c3)C(=O)OC12C,0.115252519487876,binned_cosine_1Da,67,False,predicted_spectrum,233
CASMI2022,massformer,completed,35,35,92,CASMI_MOL_1196824,CASMI_MOL_193267,193267,CCC1OC(=O)C(C)C(=O)C(C)C(OC2OC(C)CC(N(C)C)C2O)C(C)(OC)CC(C)C(=O)C(C)C2N(CCCCn3cnc(-c4cccnc4)c3)C(=O)OC12C,0.115252519487876,binned_cosine_1Da,68,False,predicted_spectrum,233
CASMI2022,massformer,completed,35,35,92,CASMI_MOL_1196824,CASMI_MOL_193270,193270,CCC1OC(=O)C(C)C(=O)C(C)C(OC2OC(C)CC(N(C)C)C2O)C(C)(OC)CC(C)C(=O)C(C)C2N(CCCCn3cnc(-c4cccnc4)c3)C(=O)OC12C,0.115252519487876,binned_cosine_1Da,69,False,predicted_spectrum,233
CASMI2022,massformer,completed,35,35,92,CASMI_MOL_1196824,CASMI_MOL_193271,193271,CCC1OC(=O)C(C)C(=O)C(C)C(OC2OC(C)CC(N(C)C)C2O)C(C)(OC)CC(C)C(=O)C(C)C2N(CCCCn3cnc(-c4cccnc4)c3)C(=O)OC12C,0.115252519487876,binned_cosine_1Da,70,False,predicted_spectrum,233
CASMI2022,massformer,completed,35,35,92,CASMI_MOL_1196824,CASMI_MOL_193277,193277,CCC1OC(=O)C(C)C(=O)C(C)C(OC2OC(C)CC(N(C)C)C2O)C(C)(OC)CC(C)C(=O)C(C)C2N(CCCCn3cnc(-c4cccnc4)c3)C(=O)OC12C,0.115252519487876,binned_cosine_1Da,71,False,predicted_spectrum,233
CASMI2022,massformer,completed,35,35,92,CASMI_MOL_1196824,CASMI_MOL_193280,193280,CCC1OC(=O)C(C)C(=O)C(C)C(OC2OC(C)CC(N(C)C)C2O)C(C)(OC)CC(C)C(=O)C(C)C2N(CCCCn3cnc(-c4cccnc4)c3)C(=O)OC12C,0.115252519487876,binned_cosine_1Da,72,False,predicted_spectrum,233
CASMI2022,massformer,completed,35,35,92,CASMI_MOL_1196824,CASMI_MOL_193283,193283,CCC1OC(=O)C(C)C(=O)C(C)C(OC2OC(C)CC(N(C)C)C2O)C(C)(OC)CC(C)C(=O)C(C)C2N(CCCCn3cnc(-c4cccnc4)c3)C(=O)OC12C,0.115252519487876,binned_cosine_1Da,73,False,predicted_spectrum,233
CASMI2022,massformer,completed,35,35,92,CASMI_MOL_1196824,CASMI_MOL_193286,193286,CCC1OC(=O)C(C)C(=O)C(C)C(OC2OC(C)CC(N(C)C)C2O)C(C)(OC)CC(C)C(=O)C(C)C2N(CCCCn3cnc(-c4cccnc4)c3)C(=O)OC12C,0.115252519487876,binned_cosine_1Da,74,False,predicted_spectrum,233
CASMI2022,massformer,completed,35,35,92,CASMI_MOL_1196824,CASMI_MOL_193294,193294,CCC1OC(=O)C(C)C(=O)C(C)C(OC2OC(C)CC(N(C)C)C2O)C(C)(OC)CC(C)C(=O)C(C)C2N(CCCCn3cnc(-c4cccnc4)c3)C(=O)OC12C,0.115252519487876,binned_cosine_1Da,75,False,predicted_spectrum,233
CASMI2022,massformer,completed,35,35,92,CASMI_MOL_1196824,CASMI_MOL_193318,193318,CCC1OC(=O)C(C)C(=O)C(C)C(OC2OC(C)CC(N(C)C)C2O)C(C)(OC)CC(C)C(=O)C(C)C2N(CCCCn3cnc(-c4cccnc4)c3)C(=O)OC12C,0.115252519487876,binned_cosine_1Da,76,False,predicted_spectrum,233
CASMI2022,massformer,completed,35,35,92,CASMI_MOL_1196824,CASMI_MOL_193322,193322,CCC1OC(=O)C(C)C(=O)C(C)C(OC2OC(C)CC(N(C)C)C2O)C(C)(OC)CC(C)C(=O)C(C)C2N(CCCCn3cnc(-c4cccnc4)c3)C(=O)OC12C,0.115252519487876,binned_cosine_1Da,77,False,predicted_spectrum,233
CASMI2022,massformer,completed,35,35,92,CASMI_MOL_1196824,CASMI_MOL_193324,193324,CCC1OC(=O)C(C)C(=O)C(C)C(OC2OC(C)CC(N(C)C)C2O)C(C)(OC)CC(C)C(=O)C(C)C2N(CCCCn3cnc(-c4cccnc4)c3)C(=O)OC12C,0.115252519487876,binned_cosine_1Da,78,False,predicted_spectrum,233
CASMI2022,massformer,completed,35,35,92,CASMI_MOL_1196824,CASMI_MOL_193325,193325,CCC1OC(=O)C(C)C(=O)C(C)C(OC2OC(C)CC(N(C)C)C2O)C(C)(OC)CC(C)C(=O)C(C)C2N(CCCCn3cnc(-c4cccnc4)c3)C(=O)OC12C,0.115252519487876,binned_cosine_1Da,79,False,predicted_spectrum,233
CASMI2022,massformer,completed,35,35,92,CASMI_MOL_1196824,CASMI_MOL_193317,193317,CCC1OC(=O)C(C)C(=O)C(C)C(OC2OC(C)CC(N(C)C)C2O)C(C)(OC)CC(C)C(=O)C(C)C2N(CCCCn3cc(-c4cccnc4)cn3)C(=O)OC12C,0.11426830254518308,binned_cosine_1Da,80,False,predicted_spectrum,233
CASMI2022,massformer,completed,35,35,92,CASMI_MOL_1196824,CASMI_MOL_193161,193161,CCOC(=O)c1c(CCCCCn2nc(C)cc2C(=O)Nc2nc3c(N(C)Cc4ccc(OC)cc4)cccc3n2CCCCNC(=O)OC(C)(C)C)c(C)nn1CC,0.11386825669440172,binned_cosine_1Da,81,False,predicted_spectrum,233
CASMI2022,massformer,completed,35,35,92,CASMI_MOL_1196824,CASMI_MOL_193295,193295,CC(NC(=O)C(NC(=O)C(NC(=O)C(NC(=O)C(C)NC(=O)C(C)NC(=O)C1CCCN1C(=O)C(NC(=O)C(N)CO)C(C)C)C(C)C)C(C)C)C(C)C)C(=O)O,0.11341524931527121,binned_cosine_1Da,82,False,predicted_spectrum,233
CASMI2022,massformer,completed,35,35,92,CASMI_MOL_1196824,CASMI_MOL_193160,193160,CCOCCOCCOCCOCCOCCOCCNC(=O)c1cccc(NC(=O)NC2CN(C3CCCCC3)c3ccccc3N(CC(=O)C(C)(C)C)C2=O)c1,0.11266513222434947,binned_cosine_1Da,83,False,predicted_spectrum,233
CASMI2022,massformer,completed,35,35,92,CASMI_MOL_1196824,CASMI_MOL_193143,193143,CCC1OC(=O)C(C)C(=O)C(C)C(OC2OC(C)CC(N(C)C)C2O)C(C)(OC)CC(C)C(=O)CC2N(CCCCn3cnc(-c4ccncc4)c3)C(=O)OC12CC,0.11242928055934374,binned_cosine_1Da,84,False,predicted_spectrum,233
CASMI2022,massformer,completed,35,35,92,CASMI_MOL_1196824,CASMI_MOL_193296,193296,CCC1OC(=O)C(C)C(=O)C(C)C(OC2OC(C)CC(N(C)C)C2O)C(C)(OC)CC(C)C(=O)C(C)C2N(CCCCn3ccc(-c4cccnc4)n3)C(=O)OC12C,0.111994644510798,binned_cosine_1Da,85,False,predicted_spectrum,233
CASMI2022,massformer,completed,35,35,92,CASMI_MOL_1196824,CASMI_MOL_193319,193319,CCC1OC(=O)C(C)C(=O)C(C)C(OC2OC(C)CC(N(C)C)C2O)C(C)(OC)CC(C)C(=O)C(C)C2N(CCCCn3ccc(-c4cccnc4)n3)C(=O)OC12C,0.11199461429986382,binned_cosine_1Da,86,False,predicted_spectrum,233
CASMI2022,massformer,completed,35,35,92,CASMI_MOL_1196824,CASMI_MOL_193303,193303,CSCCC(NC(=O)C1CCCN1C(=O)C(N)CCCCN)C(=O)N1CCCC1C(=O)NC(CC(C)C)C(=O)NC(C)C(=O)NC(CCCN=C(N)N)C(=O)O,0.11179799779104303,binned_cosine_1Da,87,False,predicted_spectrum,233
CASMI2022,massformer,completed,35,35,92,CASMI_MOL_1196824,CASMI_MOL_193269,193269,NC(=O)NCCCC1NC(=O)C(Cc2c[nH]c3ccccc23)NC(=O)C(CC2CCCCC2)NC(=O)C2CCCN2C(=O)C(NCCc2ccccc2)CCCNC1=O,0.11079624527521718,binned_cosine_1Da,88,False,predicted_spectrum,233
CASMI2022,massformer,completed,35,35,92,CASMI_MOL_1196824,CASMI_MOL_193126,193126,CCCCCCCCCCCCCCCC(=O)N1CC(n2cc(C)c(=O)[nH]c2=O)OC(CO)(COC(c2ccccc2)(c2ccc(OC)cc2)c2ccc(OC)cc2)C1,0.10992556996679657,binned_cosine_1Da,89,False,predicted_spectrum,233
CASMI2022,massformer,completed,35,35,92,CASMI_MOL_1196824,CASMI_MOL_193134,193134,CCC1OC(=O)C(C)C(=O)C(CC2OC(C)CC(N(C)C)C2O)C(O)C(C)(OC)CC(C)C(=O)C(C)C2N(CCCCn3cnc(-c4cccnc4)c3)C(=O)OC12C,0.10851825648797216,binned_cosine_1Da,90,False,predicted_spectrum,233
CASMI2022,massformer,completed,35,35,92,CASMI_MOL_1196824,CASMI_MOL_193124,193124,CCC1OC(=O)C(C)C(=O)C(CC2OC(C)CC(N(C)C)C2O)C(O)C(C)(OC)CC(C)C(=O)C(C)C2N(CCCCn3cnc(-c4cccnc4)c3)C(=O)OC12C,0.10851824004481402,binned_cosine_1Da,91,False,predicted_spectrum,233
CASMI2022,massformer,completed,35,35,92,CASMI_MOL_1196824,CASMI_MOL_193274,193274,CCC1OC(=O)C(C)C(=O)C(C)C(OC2OC(C)CC(N(C)C)C2O)C(C)(OC)CC(C)C(=NO)C(C)C2N(NCCCc3ccnc4ccccc34)C(=O)OC12C,0.10780499083431272,binned_cosine_1Da,92,False,predicted_spectrum,233
CASMI2022,massformer,completed,35,35,92,CASMI_MOL_1196824,CASMI_MOL_193302,193302,CCC1OC(=O)C(C)C(=O)C(C)C(OC2OC(C)CC(N(C)C)C2O)C(C)(OC)CC(C)C(=NO)C(C)C2N(NCCCc3ccnc4ccccc34)C(=O)OC12C,0.10780498994082735,binned_cosine_1Da,93,False,predicted_spectrum,233
CASMI2022,massformer,completed,35,35,92,CASMI_MOL_1196824,CASMI_MOL_193188,193188,CC(=O)OCC1OC(OC(=N)C(Cc2ccc(C=CCCN3CCCC4(CCN(CCN)CC4)C3)cc2C)C(=N)C(C)C)C(OC(C)=O)C(OC(C)=O)C1OC(C)=O,0.10753618382709106,binned_cosine_1Da,94,False,predicted_spectrum,233
CASMI2022,massformer,completed,35,35,92,CASMI_MOL_1196824,CASMI_MOL_193128,193128,CCC1OC(=O)C(C)C(=O)C(C)C(OC2OC(C)CC(N(C)C)C2O)C(C)(OC)CC(C)C(=O)C(C)C2N(CCCCn3cnc(-c4ccncc4)c3)C(=O)OC12C,0.10736134950135358,binned_cosine_1Da,95,False,predicted_spectrum,233
CASMI2022,massformer,completed,35,35,92,CASMI_MOL_1196824,CASMI_MOL_193159,193159,CC(O)C(NC(=O)C(CCN)NC(=O)C(N)CCN)C(O)NCCC(NC(=O)C1(c2ccccc2)CC1)C(=O)NC(CCN)C(=O)NC(Cc1ccccc1)C(N)=O,0.10645609875457757,binned_cosine_1Da,96,False,predicted_spectrum,233
CASMI2022,massformer,completed,35,35,92,CASMI_MOL_1196824,CASMI_MOL_193301,193301,C=C1COC2(C)C(CC)OC(=O)C(C)(F)C(=O)C(C)C(OC3OC(C)CC(N(C)C)C3O)C(C)(OCCNCCc3cnc4ccccc4c3)CC(C)C(=O)C(C)C12,0.10644033803577553,binned_cosine_1Da,97,False,predicted_spectrum,233
CASMI2022,massformer,completed,35,35,92,CASMI_MOL_1196824,CASMI_MOL_193299,193299,C=C1COC2(C)C(CC)OC(=O)C(C)(F)C(=O)C(C)C(OC3OC(C)CC(N(C)C)C3O)C(C)(OCCN(C)Cc3cnc4ccccc4c3)CC(C)C(=O)C(C)C12,0.10638911948331274,binned_cosine_1Da,98,False,predicted_spectrum,233
CASMI2022,massformer,completed,35,35,92,CASMI_MOL_1196824,CASMI_MOL_193157,193157,CCC1OC(=O)C(C)C(=O)C(C)C(OC2OC(C)CC(N(C)C)C2O)C(C)(O)CC(C)C(=O)C(C)(C)C2N(CCCCn3cnc(-c4cccnc4)c3)C(=O)OC12C,0.10637646356598036,binned_cosine_1Da,99,False,predicted_spectrum,233
CASMI2022,massformer,completed,35,35,92,CASMI_MOL_1196824,CASMI_MOL_193200,193200,CCC(C)C(NC(=O)Cc1cccc(OCC(N)C(=O)OC(C)(C)C)c1)C(=O)NC(Cc1ccccc1)C(O)CC(=O)NC(C(=O)NC(C(=O)O)C(C)C)C(C)CC,0.10410593761398249,binned_cosine_1Da,100,False,predicted_spectrum,233
CASMI2022,massformer,completed,37,37,98,CASMI_MOL_1196826,CASMI_MOL_207403,207403,CCC(C)CCc1ccc(C(=O)O)c(C(=O)O)c1CCC(C)CC,0.7827365639804047,binned_cosine_1Da,1,False,predicted_spectrum,8957
CASMI2022,massformer,completed,37,37,98,CASMI_MOL_1196826,CASMI_MOL_204249,204249,CC(=O)OC1C=C2C(C(O)CCC2(C)C)C2C(=O)CC(C)(C)CC12,0.7820878431696788,binned_cosine_1Da,2,False,predicted_spectrum,8957
CASMI2022,massformer,completed,37,37,98,CASMI_MOL_1196826,CASMI_MOL_205450,205450,CCCCc1cc(OC(=O)O)c(O)c(C2CCCCC2)c1CCC,0.7786493069326433,binned_cosine_1Da,3,False,predicted_spectrum,8957
CASMI2022,massformer,completed,37,37,98,CASMI_MOL_1196826,CASMI_MOL_206647,206647,COc1c(O)c2c(c(O)c1C(C)C)C(O)C1C(C)(C)CCCC21C,0.778346856598832,binned_cosine_1Da,4,False,predicted_spectrum,8957
CASMI2022,massformer,completed,37,37,98,CASMI_MOL_1196826,CASMI_MOL_206617,206617,CC12CCCC1C1CCC3CC(O)C(C(=O)O)CC3(C)C1C(=O)C2,0.7754165923463715,binned_cosine_1Da,5,False,predicted_spectrum,8957
CASMI2022,massformer,completed,37,37,98,CASMI_MOL_1196826,CASMI_MOL_208375,208375,COC(=O)C1(O)CCC23CC1CC2CCC1C(C)C(=O)CCC13C,0.774553992269935,binned_cosine_1Da,6,False,predicted_spectrum,8957
CASMI2022,massformer,completed,37,37,98,CASMI_MOL_1196826,CASMI_MOL_199899,199899,C=C1CCC2(O)C(C)(C)C(=O)CCC2(C)C1CC=C(C)CC(=O)O,0.7741359613896126,binned_cosine_1Da,7,False,predicted_spectrum,8957
CASMI2022,massformer,completed,37,37,98,CASMI_MOL_1196826,CASMI_MOL_208616,208616,CC12CC(=O)C3C(CCC4CC(O)CCC43C)C1CCC2C(=O)O,0.7734667036515258,binned_cosine_1Da,8,False,predicted_spectrum,8957
CASMI2022,massformer,completed,37,37,98,CASMI_MOL_1196826,CASMI_MOL_207507,207507,CC12CC(=O)C3C(CCC4CC(O)CCC43C)C1CCC2C(=O)O,0.7734666974000424,binned_cosine_1Da,9,False,predicted_spectrum,8957
CASMI2022,massformer,completed,37,37,98,CASMI_MOL_1196826,CASMI_MOL_202796,202796,CC12CC(=O)C3C(CCC4CC(O)CCC43C)C1CCC2C(=O)O,0.7734666619055487,binned_cosine_1Da,10,False,predicted_spectrum,8957
CASMI2022,massformer,completed,37,37,98,CASMI_MOL_1196826,CASMI_MOL_204523,204523,CC12CC(=O)C3C(CCC4CC(O)CCC43C)C1CCC2C(=O)O,0.7734666619055487,binned_cosine_1Da,11,False,predicted_spectrum,8957
CASMI2022,massformer,completed,37,37,98,CASMI_MOL_1196826,CASMI_MOL_202794,202794,CC12CC(=O)C3C(CCC4CC(O)CCC43C)C1CCC2C(=O)O,0.7734666519327669,binned_cosine_1Da,12,False,predicted_spectrum,8957
CASMI2022,massformer,completed,37,37,98,CASMI_MOL_1196826,CASMI_MOL_202795,202795,CC12CC(=O)C3C(CCC4CC(O)CCC43C)C1CCC2C(=O)O,0.7734666519327669,binned_cosine_1Da,13,False,predicted_spectrum,8957
CASMI2022,massformer,completed,37,37,98,CASMI_MOL_1196826,CASMI_MOL_202797,202797,CC12CC(=O)C3C(CCC4CC(O)CCC43C)C1CCC2C(=O)O,0.7734666519327669,binned_cosine_1Da,14,False,predicted_spectrum,8957
CASMI2022,massformer,completed,37,37,98,CASMI_MOL_1196826,CASMI_MOL_204524,204524,CC12CC(=O)C3C(CCC4CC(O)CCC43C)C1CCC2C(=O)O,0.7734666519327669,binned_cosine_1Da,15,False,predicted_spectrum,8957
CASMI2022,massformer,completed,37,37,98,CASMI_MOL_1196826,CASMI_MOL_204525,204525,CC12CC(=O)C3C(CCC4CC(O)CCC43C)C1CCC2C(=O)O,0.7734666519327669,binned_cosine_1Da,16,False,predicted_spectrum,8957
CASMI2022,massformer,completed,37,37,98,CASMI_MOL_1196826,CASMI_MOL_205951,205951,CC12CC(=O)C3C(CCC4CC(O)CCC43C)C1CCC2C(=O)O,0.7734666519327669,binned_cosine_1Da,17,False,predicted_spectrum,8957
CASMI2022,massformer,completed,37,37,98,CASMI_MOL_1196826,CASMI_MOL_207768,207768,CC(=O)C1CCC2C3CCC4CC(O)CCC4(O)C3C(=O)CC12C,0.7734510133408425,binned_cosine_1Da,18,False,predicted_spectrum,8957
CASMI2022,massformer,completed,37,37,98,CASMI_MOL_1196826,CASMI_MOL_207652,207652,COC(=O)C1(C)CCCC2(C)C3CC4C(=O)CC3(CCC12)CC4O,0.7733501871113,binned_cosine_1Da,19,False,predicted_spectrum,8957
CASMI2022,massformer,completed,37,37,98,CASMI_MOL_1196826,CASMI_MOL_208586,208586,COC(=O)C1(C)CCCC2(C)C3CC4C(=O)CC3(CCC12)CC4O,0.7733501871113,binned_cosine_1Da,20,False,predicted_spectrum,8957
CASMI2022,massformer,completed,37,37,98,CASMI_MOL_1196826,CASMI_MOL_207965,207965,COC(=O)C1(C)CCCC2(C)C3CC4C(=O)CC3(CCC12)CC4O,0.7733501715392584,binned_cosine_1Da,21,False,predicted_spectrum,8957
CASMI2022,massformer,completed,37,37,98,CASMI_MOL_1196826,CASMI_MOL_206476,206476,COC(=O)C1(C)CC(=O)CC2(C)C3CC(C)CC(C)C3CC(=O)C12,0.7725551622654718,binned_cosine_1Da,22,False,predicted_spectrum,8957
CASMI2022,massformer,completed,37,37,98,CASMI_MOL_1196826,CASMI_MOL_206475,206475,COC(=O)C1(C)CC(=O)CC2(C)C3CC(C)CC(C)C3CC(=O)C12,0.772555115770479,binned_cosine_1Da,23,False,predicted_spectrum,8957
CASMI2022,massformer,completed,37,37,98,CASMI_MOL_1196826,CASMI_MOL_200904,200904,C=CC1(C)C=C2C(=O)CC3C(C)(C)CCC(O)C3(CO)C2(O)CC1,0.7722163357247686,binned_cosine_1Da,24,False,predicted_spectrum,8957
CASMI2022,massformer,completed,37,37,98,CASMI_MOL_1196826,CASMI_MOL_206728,206728,C=CC1(C)C=C2C(=O)CC3C(C)(C)CCC(O)C3(CO)C2(O)CC1,0.7722163357247686,binned_cosine_1Da,25,False,predicted_spectrum,8957
CASMI2022,massformer,completed,37,37,98,CASMI_MOL_1196826,CASMI_MOL_204362,204362,C=CC1(C)CC(O)C2(C)C(C)C(=O)CC3(CCC(=O)C32)C(C)C1O,0.7717579261711186,binned_cosine_1Da,26,False,predicted_spectrum,8957
CASMI2022,massformer,completed,37,37,98,CASMI_MOL_1196826,CASMI_MOL_205816,205816,C=C1C2CCC3(C)CC2(CC3=O)CC(O)C2(O)C1CC(O)C2(C)C,0.7716695258442525,binned_cosine_1Da,27,False,predicted_spectrum,8957
CASMI2022,massformer,completed,37,37,98,CASMI_MOL_1196826,CASMI_MOL_200998,200998,C=C1C2CCC3(C)CC2(CC3=O)CC(O)C2(O)C1CC(O)C2(C)C,0.7716695142472381,binned_cosine_1Da,28,False,predicted_spectrum,8957
CASMI2022,massformer,completed,37,37,98,CASMI_MOL_1196826,CASMI_MOL_207568,207568,CCCCc1ccc(C(=O)O)c(C(=O)O)c1CC(CC)CCCC,0.7715378698691232,binned_cosine_1Da,29,False,predicted_spectrum,8957
CASMI2022,massformer,completed,37,37,98,CASMI_MOL_1196826,CASMI_MOL_208626,208626,C=C1CC23CCC4C(CO)(CO)CC(=O)CC4(C)C2C(O)CC1C3,0.7711169865553974,binned_cosine_1Da,30,False,predicted_spectrum,8957
CASMI2022,massformer,completed,37,37,98,CASMI_MOL_1196826,CASMI_MOL_208792,208792,C=C1CC23CCC4C(CO)(CO)CC(=O)CC4(C)C2C(O)CC1C3,0.7711169865553974,binned_cosine_1Da,31,False,predicted_spectrum,8957
CASMI2022,massformer,completed,37,37,98,CASMI_MOL_1196826,CASMI_MOL_200846,200846,C=C1CC23CC1CCC2C1(C)CC(=O)CC(CO)(CO)C1C(O)C3,0.7710046039424817,binned_cosine_1Da,32,False,predicted_spectrum,8957
CASMI2022,massformer,completed,37,37,98,CASMI_MOL_1196826,CASMI_MOL_200847,200847,C=C1CC23CC1CCC2C1(C)CC(=O)CC(CO)(CO)C1C(O)C3,0.7710045908300796,binned_cosine_1Da,33,False,predicted_spectrum,8957
CASMI2022,massformer,completed,37,37,98,CASMI_MOL_1196826,CASMI_MOL_200203,200203,CC12CCC3C(CC(C)(O)C4(O)CC(=O)CCC34C)C1CCC2=O,0.7708134191832104,binned_cosine_1Da,34,False,predicted_spectrum,8957
CASMI2022,massformer,completed,37,37,98,CASMI_MOL_1196826,CASMI_MOL_206891,206891,CCOc1cc2c(c(OCC)c1)C(=O)OC(C)CCCCCCC2,0.7707574461384841,binned_cosine_1Da,35,False,predicted_spectrum,8957
CASMI2022,massformer,completed,37,37,98,CASMI_MOL_1196826,CASMI_MOL_201318,201318,COC1CC2C(C)(C)CCCC2(O)c2c1cc(C(C)C)c(O)c2O,0.7705495574077994,binned_cosine_1Da,36,False,predicted_spectrum,8957
CASMI2022,massformer,completed,37,37,98,CASMI_MOL_1196826,CASMI_MOL_204189,204189,CC12CC(=O)C(C(=O)O)C1CCC1C2CCC2(C)C1CCC2(C)O,0.7704360795980606,binned_cosine_1Da,37,False,predicted_spectrum,8957
CASMI2022,massformer,completed,37,37,98,CASMI_MOL_1196826,CASMI_MOL_204147,204147,CC12CCC(=O)CC1C(=O)CC1C2C(O)CC2(C)C1CCC2(C)O,0.7703006485603149,binned_cosine_1Da,38,False,predicted_spectrum,8957
CASMI2022,massformer,completed,37,37,98,CASMI_MOL_1196826,CASMI_MOL_201007,201007,C=CC1(C)C=C2C(=O)CC3C(C)(C)C(O)CC(O)C3(C)C2(O)CC1,0.7702743774383902,binned_cosine_1Da,39,False,predicted_spectrum,8957
CASMI2022,massformer,completed,37,37,98,CASMI_MOL_1196826,CASMI_MOL_206727,206727,C=CC1(C)C=C2C(=O)CC3C(C)(C)C(O)CC(O)C3(C)C2(O)CC1,0.7702743774383902,binned_cosine_1Da,40,False,predicted_spectrum,8957
CASMI2022,massformer,completed,37,37,98,CASMI_MOL_1196826,CASMI_MOL_201038,201038,COC(=O)C1CCC(C2(C)CCCC(C)(C)C2)c2c(C)oc(O)c21,0.7702061941301563,binned_cosine_1Da,41,False,predicted_spectrum,8957
CASMI2022,massformer,completed,37,37,98,CASMI_MOL_1196826,CASMI_MOL_207579,207579,COC(=O)C1CCC(C2(C)CCCC(C)(C)C2)c2c(C)oc(O)c21,0.7702061941301563,binned_cosine_1Da,42,False,predicted_spectrum,8957
CASMI2022,massformer,completed,37,37,98,CASMI_MOL_1196826,CASMI_MOL_208059,208059,COC(=O)C1CCC(C2(C)CCCC(C)(C)C2)c2c(C)oc(O)c21,0.7702061941301563,binned_cosine_1Da,43,False,predicted_spectrum,8957
CASMI2022,massformer,completed,37,37,98,CASMI_MOL_1196826,CASMI_MOL_205984,205984,CCc1cc(C(O)(CC)C(=O)O)cc(C2(C)CCCCC2)c1OC,0.7701541187152069,binned_cosine_1Da,44,False,predicted_spectrum,8957
CASMI2022,massformer,completed,37,37,98,CASMI_MOL_1196826,CASMI_MOL_207380,207380,COC(=O)C12CC(C)(C)CC(C)(C1)C(=O)C1CC(C)(C)CC(=O)C12,0.7696484241679908,binned_cosine_1Da,45,False,predicted_spectrum,8957
CASMI2022,massformer,completed,37,37,98,CASMI_MOL_1196826,CASMI_MOL_200895,200895,C=C1C2CC(O)C3C4(C)CCC(O)C(C)(C)C4C(=O)CC3(C2)C1O,0.7692735985710926,binned_cosine_1Da,46,False,predicted_spectrum,8957
CASMI2022,massformer,completed,37,37,98,CASMI_MOL_1196826,CASMI_MOL_205831,205831,C=C1C2CC(O)C3C4(C)CCC(O)C(C)(C)C4C(=O)CC3(C2)C1O,0.7692735973847671,binned_cosine_1Da,47,False,predicted_spectrum,8957
CASMI2022,massformer,completed,37,37,98,CASMI_MOL_1196826,CASMI_MOL_206610,206610,CC1CC2C3CCC(=O)C3(C)CCC2C2(CO)CCC(=O)CC12O,0.7691772851763059,binned_cosine_1Da,48,False,predicted_spectrum,8957
CASMI2022,massformer,completed,37,37,98,CASMI_MOL_1196826,CASMI_MOL_205945,205945,CC1CC2C3CCC(=O)C3(C)CCC2C2(CO)CCC(=O)CC12O,0.7691772832079496,binned_cosine_1Da,49,False,predicted_spectrum,8957
CASMI2022,massformer,completed,37,37,98,CASMI_MOL_1196826,CASMI_MOL_206019,206019,CC12CCC(=O)C(=O)C1CCC1C2C(O)CC2(C)C1CCC2(C)O,0.768848000474352,binned_cosine_1Da,50,False,predicted_spectrum,8957
CASMI2022,massformer,completed,37,37,98,CASMI_MOL_1196826,CASMI_MOL_205235,205235,CC12CCC(=O)C(=O)C1CCC1C2C(O)CC2(C)C1CCC2(C)O,0.7688479893286063,binned_cosine_1Da,51,False,predicted_spectrum,8957
CASMI2022,massformer,completed,37,37,98,CASMI_MOL_1196826,CASMI_MOL_206018,206018,CC12CCC(=O)C(=O)C1CCC1C2C(O)CC2(C)C1CCC2(C)O,0.7688479615847729,binned_cosine_1Da,52,False,predicted_spectrum,8957
CASMI2022,massformer,completed,37,37,98,CASMI_MOL_1196826,CASMI_MOL_205271,205271,CC12CC(O)C3C(CCC4CC(=O)CCC43C)C1CCC2C(=O)O,0.7681431484000858,binned_cosine_1Da,53,False,predicted_spectrum,8957
CASMI2022,massformer,completed,37,37,98,CASMI_MOL_1196826,CASMI_MOL_202969,202969,CC12CC(O)C3C(CCC4CC(=O)CCC43C)C1CCC2C(=O)O,0.7681431395471996,binned_cosine_1Da,54,False,predicted_spectrum,8957
CASMI2022,massformer,completed,37,37,98,CASMI_MOL_1196826,CASMI_MOL_202251,202251,CC12CC(O)C3C(CCC4CC(=O)CCC43C)C1CCC2C(=O)O,0.7681431173990765,binned_cosine_1Da,55,False,predicted_spectrum,8957
CASMI2022,massformer,completed,37,37,98,CASMI_MOL_1196826,CASMI_MOL_201439,201439,CCCCCc1cc(OC)c(C2CCCCC2C(=O)O)c(OC)c1,0.7680403151351666,binned_cosine_1Da,56,False,predicted_spectrum,8957
CASMI2022,massformer,completed,37,37,98,CASMI_MOL_1196826,CASMI_MOL_201771,201771,CC1CC(=O)C(C)(CCC(=O)O)C2CCCC3(C)CC(=O)CC3C12,0.7676984714911889,binned_cosine_1Da,57,False,predicted_spectrum,8957
CASMI2022,massformer,completed,37,37,98,CASMI_MOL_1196826,CASMI_MOL_200775,200775,C=C1CCC2C(C)(CO)C(=O)CCC2(C)C1CC=C(C)CC(=O)O,0.7676175754742248,binned_cosine_1Da,58,False,predicted_spectrum,8957
CASMI2022,massformer,completed,37,37,98,CASMI_MOL_1196826,CASMI_MOL_200773,200773,C=C1CCC2C(C)(CO)C(=O)CCC2(C)C1CC=C(C)CC(=O)O,0.7676175630801785,binned_cosine_1Da,59,False,predicted_spectrum,8957
CASMI2022,massformer,completed,37,37,98,CASMI_MOL_1196826,CASMI_MOL_200774,200774,C=C1CCC2C(C)(CO)C(=O)CCC2(C)C1CC=C(C)CC(=O)O,0.7676175630801785,binned_cosine_1Da,60,False,predicted_spectrum,8957
CASMI2022,massformer,completed,37,37,98,CASMI_MOL_1196826,CASMI_MOL_206598,206598,CC12CCC3C(CCC4CC(=O)CC(C)(O)C43C)C1C(O)CC2=O,0.7671831569432784,binned_cosine_1Da,61,False,predicted_spectrum,8957
CASMI2022,massformer,completed,37,37,98,CASMI_MOL_1196826,CASMI_MOL_206263,206263,CC12CCC3C(CCC4CC(=O)CC(C)(O)C43C)C1C(O)CC2=O,0.767183129210901,binned_cosine_1Da,62,False,predicted_spectrum,8957
CASMI2022,massformer,completed,37,37,98,CASMI_MOL_1196826,CASMI_MOL_205251,205251,COC(=O)C1=CC(=O)C2CCC3C(C)(CO)CCCC3(C)C2CC1,0.7671787486747377,binned_cosine_1Da,63,False,predicted_spectrum,8957
CASMI2022,massformer,completed,37,37,98,CASMI_MOL_1196826,CASMI_MOL_205252,205252,COC(=O)C1=CC(=O)C2CCC3C(C)(CO)CCCC3(C)C2CC1,0.7671787486747377,binned_cosine_1Da,64,False,predicted_spectrum,8957
CASMI2022,massformer,completed,37,37,98,CASMI_MOL_1196826,CASMI_MOL_204455,204455,CCC1(C)CC(O)C2(C)C(C1)C(=O)CC1C3(C)CCCC12OC3=O,0.7669411374471455,binned_cosine_1Da,65,False,predicted_spectrum,8957
CASMI2022,massformer,completed,37,37,98,CASMI_MOL_1196826,CASMI_MOL_201092,201092,CC1=C(CC(=O)O)CCC2C1C(=O)CC1C(C)(C)C(O)CCC21C,0.7668724942376772,binned_cosine_1Da,66,False,predicted_spectrum,8957
CASMI2022,massformer,completed,37,37,98,CASMI_MOL_1196826,CASMI_MOL_207171,207171,CC1=C(CC(=O)O)CCC2C1C(=O)CC1C(C)(C)C(O)CCC21C,0.7668724942376772,binned_cosine_1Da,67,False,predicted_spectrum,8957
CASMI2022,massformer,completed,37,37,98,CASMI_MOL_1196826,CASMI_MOL_208050,208050,CC1=C(CC(=O)O)CCC2C1C(=O)CC1C(C)(C)C(O)CCC21C,0.7668724942376772,binned_cosine_1Da,68,False,predicted_spectrum,8957
CASMI2022,massformer,completed,37,37,98,CASMI_MOL_1196826,CASMI_MOL_208544,208544,CC1=C(CC(=O)O)CCC2C1C(=O)CC1C(C)(C)C(O)CCC21C,0.7668724863822703,binned_cosine_1Da,69,False,predicted_spectrum,8957
CASMI2022,massformer,completed,37,37,98,CASMI_MOL_1196826,CASMI_MOL_201285,201285,C=C1C2CCC3CC2(CC(O)C2(O)C1CC(=O)C2(C)C)CC3(C)O,0.766693703244826,binned_cosine_1Da,70,False,predicted_spectrum,8957
CASMI2022,massformer,completed,37,37,98,CASMI_MOL_1196826,CASMI_MOL_204486,204486,CC(=O)OC1CCC2C3C(=O)C4(O)CCCCC4(C)C3CCC12C,0.7660039575198564,binned_cosine_1Da,71,False,predicted_spectrum,8957
CASMI2022,massformer,completed,37,37,98,CASMI_MOL_1196826,CASMI_MOL_204181,204181,CC1C(=O)C(=O)CC2C3(C)CCC(C)(C(=O)CO)CC3CCC12C,0.7660000282079101,binned_cosine_1Da,72,False,predicted_spectrum,8957
CASMI2022,massformer,completed,37,37,98,CASMI_MOL_1196826,CASMI_MOL_200599,200599,CC1C(=O)C(=O)CC2C3(C)CCC(C)(C(=O)CO)CC3CCC12C,0.7659999977383032,binned_cosine_1Da,73,False,predicted_spectrum,8957
CASMI2022,massformer,completed,37,37,98,CASMI_MOL_1196826,CASMI_MOL_200600,200600,CC1C(=O)C(=O)CC2C3(C)CCC(C)(C(=O)CO)CC3CCC12C,0.7659999977383032,binned_cosine_1Da,74,False,predicted_spectrum,8957
CASMI2022,massformer,completed,37,37,98,CASMI_MOL_1196826,CASMI_MOL_204270,204270,CC1C(=O)C(=O)CC2C3(C)CCC(C)(C(=O)CO)CC3CCC12C,0.7659999977383032,binned_cosine_1Da,75,False,predicted_spectrum,8957
CASMI2022,massformer,completed,37,37,98,CASMI_MOL_1196826,CASMI_MOL_205253,205253,COC(=O)C1=CC(=O)C2CCC3C(C)(C)C(O)CCC3(C)C2CC1,0.7659967874599386,binned_cosine_1Da,76,False,predicted_spectrum,8957
CASMI2022,massformer,completed,37,37,98,CASMI_MOL_1196826,CASMI_MOL_205254,205254,COC(=O)C1=CC(=O)C2CCC3C(C)(C)C(O)CCC3(C)C2CC1,0.7659967599166306,binned_cosine_1Da,77,False,predicted_spectrum,8957
CASMI2022,massformer,completed,37,37,98,CASMI_MOL_1196826,CASMI_MOL_207851,207851,CCC(CC)Cc1ccc(C(=O)O)c(CC(CC)CC)c1C(=O)O,0.765589629762602,binned_cosine_1Da,78,False,predicted_spectrum,8957
CASMI2022,massformer,completed,37,37,98,CASMI_MOL_1196826,CASMI_MOL_203304,203304,CC1(C)CC(=O)C2(C)C(C1O)C2C1C2C(O)C(C)(C)CC(=O)C21C,0.765296672756749,binned_cosine_1Da,79,False,predicted_spectrum,8957
CASMI2022,massformer,completed,37,37,98,CASMI_MOL_1196826,CASMI_MOL_203306,203306,CC1(C)CC(=O)C2(C)C(C1O)C2C1C2C(O)C(C)(C)CC(=O)C21C,0.7652966688361424,binned_cosine_1Da,80,False,predicted_spectrum,8957
CASMI2022,massformer,completed,37,37,98,CASMI_MOL_1196826,CASMI_MOL_203305,203305,CC1(C)CC(=O)C2(C)C(C1O)C2C1C2C(O)C(C)(C)CC(=O)C21C,0.7652966250865836,binned_cosine_1Da,81,False,predicted_spectrum,8957
CASMI2022,massformer,completed,37,37,98,CASMI_MOL_1196826,CASMI_MOL_203307,203307,CC1(C)CC(=O)C2(C)C(C1O)C2C1C2C(O)C(C)(C)CC(=O)C21C,0.7652966084681022,binned_cosine_1Da,82,False,predicted_spectrum,8957
CASMI2022,massformer,completed,37,37,98,CASMI_MOL_1196826,CASMI_MOL_208814,208814,CC1(C)CC(=O)C2(C)C(C1O)C2C1C2C(O)C(C)(C)CC(=O)C21C,0.7652966084681022,binned_cosine_1Da,83,False,predicted_spectrum,8957
CASMI2022,massformer,completed,37,37,98,CASMI_MOL_1196826,CASMI_MOL_200499,200499,CC1=CC(=O)CC2C1(C)CC(=O)C1CC(C)(C(O)CO)CCC12C,0.765293894958205,binned_cosine_1Da,84,False,predicted_spectrum,8957
CASMI2022,massformer,completed,37,37,98,CASMI_MOL_1196826,CASMI_MOL_200500,200500,CC1=CC(=O)CC2C1(C)CC(=O)C1CC(C)(C(O)CO)CCC12C,0.7652938770532645,binned_cosine_1Da,85,False,predicted_spectrum,8957
CASMI2022,massformer,completed,37,37,98,CASMI_MOL_1196826,CASMI_MOL_204410,204410,CC12CCC(=O)CC1C(=O)CC1C2CCC2(C)C1CCC2(O)CO,0.7652461871637177,binned_cosine_1Da,86,False,predicted_spectrum,8957
CASMI2022,massformer,completed,37,37,98,CASMI_MOL_1196826,CASMI_MOL_204411,204411,CC12CCC(=O)CC1C(=O)CC1C2CCC2(C)C1CC(O)C2(C)O,0.7650544110865019,binned_cosine_1Da,87,False,predicted_spectrum,8957
CASMI2022,massformer,completed,37,37,98,CASMI_MOL_1196826,CASMI_MOL_208060,208060,C=C1C2CCC3C4(C)CC(O)CC(C(=O)OC)C4CCC3(C2)C1O,0.7650243173741097,binned_cosine_1Da,88,False,predicted_spectrum,8957
CASMI2022,massformer,completed,37,37,98,CASMI_MOL_1196826,CASMI_MOL_207111,207111,C=C1C2CCC3C4(C)CC(O)CC(C(=O)OC)C4CCC3(C2)C1O,0.7650242678931122,binned_cosine_1Da,89,False,predicted_spectrum,8957
CASMI2022,massformer,completed,37,37,98,CASMI_MOL_1196826,CASMI_MOL_207651,207651,C=C1C2CCC3C4(C)CC(O)CC(C(=O)OC)C4CCC3(C2)C1O,0.7650242678931122,binned_cosine_1Da,90,False,predicted_spectrum,8957
CASMI2022,massformer,completed,37,37,98,CASMI_MOL_1196826,CASMI_MOL_207377,207377,C=C1C2CCC3C4(C)CC(O)CC(C(=O)OC)C4CCC3(C2)C1O,0.7650242469180702,binned_cosine_1Da,91,False,predicted_spectrum,8957
CASMI2022,massformer,completed,37,37,98,CASMI_MOL_1196826,CASMI_MOL_199980,199980,CCc1cc(C(C)C)c(O)c(O)c1C1(C(=O)O)CCCC(C)(C)C1,0.7649885816733587,binned_cosine_1Da,92,False,predicted_spectrum,8957
CASMI2022,massformer,completed,37,37,98,CASMI_MOL_1196826,CASMI_MOL_207656,207656,CC=C(C)C(=O)OC1CC2(C)C3C(=O)CC(C)C2C3C(C)(C)C1O,0.7649114159065761,binned_cosine_1Da,93,False,predicted_spectrum,8957
CASMI2022,massformer,completed,37,37,98,CASMI_MOL_1196826,CASMI_MOL_208292,208292,C=CC1(C)C=C2C(O)CC3C(CO)(CO)CC(=O)CC3(C)C2CC1,0.7648331718592625,binned_cosine_1Da,94,False,predicted_spectrum,8957
CASMI2022,massformer,completed,37,37,98,CASMI_MOL_1196826,CASMI_MOL_200890,200890,C=CC1(C)C=C2C(O)CC3C(CO)(CO)CC(=O)CC3(C)C2CC1,0.7648331623397037,binned_cosine_1Da,95,False,predicted_spectrum,8957
CASMI2022,massformer,completed,37,37,98,CASMI_MOL_1196826,CASMI_MOL_208323,208323,C=CC1(C)C=C2C(O)CC3C(CO)(CO)CC(=O)CC3(C)C2CC1,0.7648331623397037,binned_cosine_1Da,96,False,predicted_spectrum,8957
CASMI2022,massformer,completed,37,37,98,CASMI_MOL_1196826,CASMI_MOL_201115,201115,CC(C)c1cc2c(c(O)c1O)C1(CO)CC(O)CC(C)(C)C1CC2,0.7646629694824432,binned_cosine_1Da,97,False,predicted_spectrum,8957
CASMI2022,massformer,completed,37,37,98,CASMI_MOL_1196826,CASMI_MOL_205260,205260,COC(=O)C1C(=O)CC2C1CCC1C2CCC2CC(O)CCC21C,0.7646096264984221,binned_cosine_1Da,98,False,predicted_spectrum,8957
CASMI2022,massformer,completed,37,37,98,CASMI_MOL_1196826,CASMI_MOL_203364,203364,COC(=O)C1C(=O)CC2C1CCC1C2CCC2CC(O)CCC21C,0.7646096182376955,binned_cosine_1Da,99,False,predicted_spectrum,8957
CASMI2022,massformer,completed,37,37,98,CASMI_MOL_1196826,CASMI_MOL_207853,207853,CCCCc1c(CC(CC)CCCC)ccc(C(=O)O)c1C(=O)O,0.7643766933342191,binned_cosine_1Da,100,False,predicted_spectrum,8957
CASMI2022,massformer,completed,37,37,98,CASMI_MOL_1196826,CASMI_MOL_1196826,1196826,CC12CCOC1C1C(=O)CC3C(C)(C(=O)O)CCCC3(C)C1CC2,0.7122443444355894,binned_cosine_1Da,1946,True,predicted_spectrum,8957
CASMI2022,massformer,completed,38,38,99,CASMI_MOL_1196827,CASMI_MOL_215492,215492,C=CC12CCCCC(C1)CC2(C(=O)OC)C(=O)OC,0.7047390479218882,binned_cosine_1Da,1,False,predicted_spectrum,9532
CASMI2022,massformer,completed,38,38,99,CASMI_MOL_1196827,CASMI_MOL_210850,210850,COC(=O)C12CC3CC(CC(C(=O)O)(C3)C1(C)C)C2,0.7012451070621644,binned_cosine_1Da,2,False,predicted_spectrum,9532
CASMI2022,massformer,completed,38,38,99,CASMI_MOL_1196827,CASMI_MOL_211589,211589,C=C1CC(O)C2C13CCCC2(C(=O)OC)C(O)CC3,0.7008720172535945,binned_cosine_1Da,3,False,predicted_spectrum,9532
CASMI2022,massformer,completed,38,38,99,CASMI_MOL_1196827,CASMI_MOL_209209,209209,CC(C)C(=O)OC12CC3CC4(O)CC(O)C1CC32C4,0.6987679153051196,binned_cosine_1Da,4,False,predicted_spectrum,9532
CASMI2022,massformer,completed,38,38,99,CASMI_MOL_1196827,CASMI_MOL_210710,210710,COC(=O)C1C(C(=O)OC)C2CCC1C21CCCC1,0.6977855751501908,binned_cosine_1Da,5,False,predicted_spectrum,9532
CASMI2022,massformer,completed,38,38,99,CASMI_MOL_1196827,CASMI_MOL_210942,210942,COC(=O)C(C)=CC12CC3CC(O)(CC(O)(C3)C1)C2,0.6930559841034365,binned_cosine_1Da,6,False,predicted_spectrum,9532
CASMI2022,massformer,completed,38,38,99,CASMI_MOL_1196827,CASMI_MOL_215678,215678,CC(=O)OC12CCCC1C1(O)CCCCCC1C2=O,0.6885317917052813,binned_cosine_1Da,7,False,predicted_spectrum,9532
CASMI2022,massformer,completed,38,38,99,CASMI_MOL_1196827,CASMI_MOL_210111,210111,CC(C)(CO)c1cc(C(=O)O)cc(C(C)(C)CO)c1,0.6872794971413643,binned_cosine_1Da,8,False,predicted_spectrum,9532
CASMI2022,massformer,completed,38,38,99,CASMI_MOL_1196827,CASMI_MOL_216483,216483,CC=C(C)C(=O)OC12CC3CC(O)(CC(O)(C3)C1)C2,0.6865365378642176,binned_cosine_1Da,9,False,predicted_spectrum,9532
CASMI2022,massformer,completed,38,38,99,CASMI_MOL_1196827,CASMI_MOL_210448,210448,C=C(C)C(=O)OC12CC3CCCC(O)(C1)CC3(O)C2,0.6829423195633904,binned_cosine_1Da,10,False,predicted_spectrum,9532
CASMI2022,massformer,completed,38,38,99,CASMI_MOL_1196827,CASMI_MOL_215676,215676,CC(=O)OC12CCCCC1C(=O)C1(O)CCCCC12,0.6810485660332639,binned_cosine_1Da,11,False,predicted_spectrum,9532
CASMI2022,massformer,completed,38,38,99,CASMI_MOL_1196827,CASMI_MOL_215677,215677,CC(=O)OC12CCCCC1C(=O)C1(O)CCCCC12,0.6810484750277517,binned_cosine_1Da,12,False,predicted_spectrum,9532
CASMI2022,massformer,completed,38,38,99,CASMI_MOL_1196827,CASMI_MOL_208988,208988,CC1C(=O)CC23CC(=O)OCC1(C)C2(O)CCC3C,0.6808230355934468,binned_cosine_1Da,13,False,predicted_spectrum,9532
CASMI2022,massformer,completed,38,38,99,CASMI_MOL_1196827,CASMI_MOL_212510,212510,CC(C)(Cc1cc(C(C)(C)C)cc(O)c1O)C(=O)O,0.6798129268704282,binned_cosine_1Da,14,False,predicted_spectrum,9532
CASMI2022,massformer,completed,38,38,99,CASMI_MOL_1196827,CASMI_MOL_209990,209990,CC1(C)CCCC2(C)C1C(=O)CC1C(=O)OCC12O,0.6757352747486478,binned_cosine_1Da,15,False,predicted_spectrum,9532
CASMI2022,massformer,completed,38,38,99,CASMI_MOL_1196827,CASMI_MOL_209881,209881,CC1(C)CCCC2(C)C1C(=O)CC1C(=O)OCC12O,0.6757352286366254,binned_cosine_1Da,16,False,predicted_spectrum,9532
CASMI2022,massformer,completed,38,38,99,CASMI_MOL_1196827,CASMI_MOL_211411,211411,CC1(C)CCCC2(C)C1C(=O)CC1C(=O)OCC12O,0.6757352286366254,binned_cosine_1Da,17,False,predicted_spectrum,9532
CASMI2022,massformer,completed,38,38,99,CASMI_MOL_1196827,CASMI_MOL_211592,211592,CC1(C)CC2(C)COC(=O)CC23C(C(=O)O)CCC13,0.675520475736511,binned_cosine_1Da,18,False,predicted_spectrum,9532
CASMI2022,massformer,completed,38,38,99,CASMI_MOL_1196827,CASMI_MOL_215546,215546,COC(=O)C1(C)CCC2CC3(O)CCC(=O)C3(C)C21,0.6753436109282931,binned_cosine_1Da,19,False,predicted_spectrum,9532
CASMI2022,massformer,completed,38,38,99,CASMI_MOL_1196827,CASMI_MOL_215547,215547,COC(=O)C1(C)CCC2CC3(O)CCC(=O)C3(C)C21,0.6753436109282931,binned_cosine_1Da,20,False,predicted_spectrum,9532
CASMI2022,massformer,completed,38,38,99,CASMI_MOL_1196827,CASMI_MOL_215549,215549,COC(=O)C1(C)CCC2CC3(O)CCC(=O)C3(C)C21,0.6753436109282931,binned_cosine_1Da,21,False,predicted_spectrum,9532
CASMI2022,massformer,completed,38,38,99,CASMI_MOL_1196827,CASMI_MOL_215548,215548,COC(=O)C1(C)CCC2CC3(O)CCC(=O)C3(C)C21,0.6753435100960095,binned_cosine_1Da,22,False,predicted_spectrum,9532
CASMI2022,massformer,completed,38,38,99,CASMI_MOL_1196827,CASMI_MOL_209134,209134,C=C(C)C(=O)OC12CC3CC(O)(CC(C)(O)C1)C3C2,0.675094960049091,binned_cosine_1Da,23,False,predicted_spectrum,9532
CASMI2022,massformer,completed,38,38,99,CASMI_MOL_1196827,CASMI_MOL_214240,214240,COC(=O)c1ccc(C2(O)CC(C)CC(C)(C)C2)o1,0.6749641153434318,binned_cosine_1Da,24,False,predicted_spectrum,9532
CASMI2022,massformer,completed,38,38,99,CASMI_MOL_1196827,CASMI_MOL_212079,212079,COC(=O)C1C2CCCCC2CC(=O)C12CCCO2,0.6746511019185689,binned_cosine_1Da,25,False,predicted_spectrum,9532
CASMI2022,massformer,completed,38,38,99,CASMI_MOL_1196827,CASMI_MOL_211457,211457,CC1(C)c2c(O)c(O)c(O)c(O)c2C(C)(C)C1(C)C,0.6744899733020631,binned_cosine_1Da,26,False,predicted_spectrum,9532
CASMI2022,massformer,completed,38,38,99,CASMI_MOL_1196827,CASMI_MOL_208854,208854,CC1CCC23OC(=O)CC12CC(=O)C(C)(O)C3(C)C,0.6734827913970747,binned_cosine_1Da,27,False,predicted_spectrum,9532
CASMI2022,massformer,completed,38,38,99,CASMI_MOL_1196827,CASMI_MOL_208989,208989,CC1CCC23OC(=O)CC12CC(=O)C(C)(O)C3(C)C,0.6734827913970747,binned_cosine_1Da,28,False,predicted_spectrum,9532
CASMI2022,massformer,completed,38,38,99,CASMI_MOL_1196827,CASMI_MOL_209269,209269,CC1=C2CC(C)(C(=O)O)CC2CC2(CO)CCC12O,0.6733291494241165,binned_cosine_1Da,29,False,predicted_spectrum,9532
CASMI2022,massformer,completed,38,38,99,CASMI_MOL_1196827,CASMI_MOL_209268,209268,CC1=C2CC(C)(C(=O)O)CC2CC2(CO)CCC12O,0.6733291395070701,binned_cosine_1Da,30,False,predicted_spectrum,9532
CASMI2022,massformer,completed,38,38,99,CASMI_MOL_1196827,CASMI_MOL_215955,215955,CC12CCC(O)C(C)(C)C1CCc1c(O)oc(O)c12,0.6732705478428541,binned_cosine_1Da,31,False,predicted_spectrum,9532
CASMI2022,massformer,completed,38,38,99,CASMI_MOL_1196827,CASMI_MOL_211344,211344,CC(=O)OC1CCC=C2CC3(CCC21C)OCCO3,0.6714744828586774,binned_cosine_1Da,32,False,predicted_spectrum,9532
CASMI2022,massformer,completed,38,38,99,CASMI_MOL_1196827,CASMI_MOL_211337,211337,CC(=O)OC1CCC=C2CC3(CCC21C)OCCO3,0.6714744552346014,binned_cosine_1Da,33,False,predicted_spectrum,9532
CASMI2022,massformer,completed,38,38,99,CASMI_MOL_1196827,CASMI_MOL_209876,209876,CC1(C)CC2C(C1)C(C)(O)C13CC1(COC3=O)C2O,0.6714020524788458,binned_cosine_1Da,34,False,predicted_spectrum,9532
CASMI2022,massformer,completed,38,38,99,CASMI_MOL_1196827,CASMI_MOL_209948,209948,CC1(C)CC2C(C1)C(C)(O)C13CC1(COC3=O)C2O,0.6714020524788458,binned_cosine_1Da,35,False,predicted_spectrum,9532
CASMI2022,massformer,completed,38,38,99,CASMI_MOL_1196827,CASMI_MOL_211906,211906,CC1(C)CC2C(C1)C(C)(O)C13CC1(COC3=O)C2O,0.6714020524788458,binned_cosine_1Da,36,False,predicted_spectrum,9532
CASMI2022,massformer,completed,38,38,99,CASMI_MOL_1196827,CASMI_MOL_211936,211936,CC1(C)CC2C(C1)C(C)(O)C13CC1(COC3=O)C2O,0.6714020524788458,binned_cosine_1Da,37,False,predicted_spectrum,9532
CASMI2022,massformer,completed,38,38,99,CASMI_MOL_1196827,CASMI_MOL_216032,216032,CC1(C)CC2C(C1)C(C)(O)C13CC1(COC3=O)C2O,0.6714020524788458,binned_cosine_1Da,38,False,predicted_spectrum,9532
CASMI2022,massformer,completed,38,38,99,CASMI_MOL_1196827,CASMI_MOL_209786,209786,CC1(C)CC2C(C1)C(C)(O)C13CC1(COC3=O)C2O,0.6714019977313102,binned_cosine_1Da,39,False,predicted_spectrum,9532
CASMI2022,massformer,completed,38,38,99,CASMI_MOL_1196827,CASMI_MOL_209841,209841,CC1(C)CC2C(C1)C(C)(O)C13CC1(COC3=O)C2O,0.6714019977313102,binned_cosine_1Da,40,False,predicted_spectrum,9532
CASMI2022,massformer,completed,38,38,99,CASMI_MOL_1196827,CASMI_MOL_209949,209949,CC1(C)CC2C(C1)C(C)(O)C13CC1(COC3=O)C2O,0.6714019977313102,binned_cosine_1Da,41,False,predicted_spectrum,9532
CASMI2022,massformer,completed,38,38,99,CASMI_MOL_1196827,CASMI_MOL_211907,211907,CC1(C)CC2C(C1)C(C)(O)C13CC1(COC3=O)C2O,0.6714019977313102,binned_cosine_1Da,42,False,predicted_spectrum,9532
CASMI2022,massformer,completed,38,38,99,CASMI_MOL_1196827,CASMI_MOL_211923,211923,CC1(C)CC2C(C1)C(C)(O)C13CC1(COC3=O)C2O,0.6714019977313102,binned_cosine_1Da,43,False,predicted_spectrum,9532
CASMI2022,massformer,completed,38,38,99,CASMI_MOL_1196827,CASMI_MOL_216030,216030,CC1(C)CC2C(C1)C(C)(O)C13CC1(COC3=O)C2O,0.6714019977313102,binned_cosine_1Da,44,False,predicted_spectrum,9532
CASMI2022,massformer,completed,38,38,99,CASMI_MOL_1196827,CASMI_MOL_216031,216031,CC1(C)CC2C(C1)C(C)(O)C13CC1(COC3=O)C2O,0.6714019977313102,binned_cosine_1Da,45,False,predicted_spectrum,9532
CASMI2022,massformer,completed,38,38,99,CASMI_MOL_1196827,CASMI_MOL_216033,216033,CC1(C)CC2C(C1)C(C)(O)C13CC1(COC3=O)C2O,0.6714019977313102,binned_cosine_1Da,46,False,predicted_spectrum,9532
CASMI2022,massformer,completed,38,38,99,CASMI_MOL_1196827,CASMI_MOL_208924,208924,CCCc1cc(O)c(O)c(OC2(C)CCOCC2)c1,0.6709413436815348,binned_cosine_1Da,47,False,predicted_spectrum,9532
CASMI2022,massformer,completed,38,38,99,CASMI_MOL_1196827,CASMI_MOL_211395,211395,CC(=O)C12CCC3CC4(CC3(CC1O)C2)OCCO4,0.6705545989883772,binned_cosine_1Da,48,False,predicted_spectrum,9532
CASMI2022,massformer,completed,38,38,99,CASMI_MOL_1196827,CASMI_MOL_209148,209148,C=C(C)C(=O)OC12CC(C)(O)CC3(O)CC(C)(C1)C32,0.6695785462181605,binned_cosine_1Da,49,False,predicted_spectrum,9532
CASMI2022,massformer,completed,38,38,99,CASMI_MOL_1196827,CASMI_MOL_215609,215609,COC1=CCCCCCC(=O)CCCCC(=O)C1=O,0.6692521085535849,binned_cosine_1Da,50,False,predicted_spectrum,9532
CASMI2022,massformer,completed,38,38,99,CASMI_MOL_1196827,CASMI_MOL_215515,215515,CC1(C)CC2(C)CC(=O)OCC23C(C(=O)O)CCC13,0.6689385233697035,binned_cosine_1Da,51,False,predicted_spectrum,9532
CASMI2022,massformer,completed,38,38,99,CASMI_MOL_1196827,CASMI_MOL_209790,209790,CC1(C)CC2C(C1)C1(C)CC13C(=O)OCC3(O)C2O,0.6683030581977373,binned_cosine_1Da,52,False,predicted_spectrum,9532
CASMI2022,massformer,completed,38,38,99,CASMI_MOL_1196827,CASMI_MOL_209890,209890,CC1(C)CC2C(C1)C1(C)CC13C(=O)OCC3(O)C2O,0.6683030581977373,binned_cosine_1Da,53,False,predicted_spectrum,9532
CASMI2022,massformer,completed,38,38,99,CASMI_MOL_1196827,CASMI_MOL_211576,211576,CC1(C)CC2C(C1)C1(C)CC13C(=O)OCC3(O)C2O,0.6683030581977373,binned_cosine_1Da,54,False,predicted_spectrum,9532
CASMI2022,massformer,completed,38,38,99,CASMI_MOL_1196827,CASMI_MOL_209791,209791,CC1(C)CC2C(C1)C1(C)CC13C(=O)OCC3(O)C2O,0.6683030531105486,binned_cosine_1Da,55,False,predicted_spectrum,9532
CASMI2022,massformer,completed,38,38,99,CASMI_MOL_1196827,CASMI_MOL_209891,209891,CC1(C)CC2C(C1)C1(C)CC13C(=O)OCC3(O)C2O,0.6683030531105486,binned_cosine_1Da,56,False,predicted_spectrum,9532
CASMI2022,massformer,completed,38,38,99,CASMI_MOL_1196827,CASMI_MOL_212579,212579,CC(C)(C)c1cc(O)c(O)c(C(C)(C)CC(=O)O)c1,0.6677392424231281,binned_cosine_1Da,57,False,predicted_spectrum,9532
CASMI2022,massformer,completed,38,38,99,CASMI_MOL_1196827,CASMI_MOL_218211,218211,C=C1C(C)CCC(C(C)C(=O)OC)C12COC(=O)C2,0.6671376443433716,binned_cosine_1Da,58,False,predicted_spectrum,9532
CASMI2022,massformer,completed,38,38,99,CASMI_MOL_1196827,CASMI_MOL_209853,209853,CC1=C2CC3(C)C(C)CCCC3(O)CC2(O)OC1=O,0.6671289713284161,binned_cosine_1Da,59,False,predicted_spectrum,9532
CASMI2022,massformer,completed,38,38,99,CASMI_MOL_1196827,CASMI_MOL_215484,215484,COC(=O)C12CC(=O)CC1CC1CC(C)(C)C(O)C12,0.6669899299271924,binned_cosine_1Da,60,False,predicted_spectrum,9532
CASMI2022,massformer,completed,38,38,99,CASMI_MOL_1196827,CASMI_MOL_208855,208855,CC1CC(O)C23C4C(=O)OC(CC142)C(C)(O)C3(C)C,0.6667207344732897,binned_cosine_1Da,61,False,predicted_spectrum,9532
CASMI2022,massformer,completed,38,38,99,CASMI_MOL_1196827,CASMI_MOL_211717,211717,CC(C)OC(=O)C(=O)C12CC3CC(CC(O)(C3)C1)C2,0.6663674040084491,binned_cosine_1Da,62,False,predicted_spectrum,9532
CASMI2022,massformer,completed,38,38,99,CASMI_MOL_1196827,CASMI_MOL_215687,215687,COC(=O)C1C2CCC3(CCCCC13)C(=O)C2CO,0.6654891160112288,binned_cosine_1Da,63,False,predicted_spectrum,9532
CASMI2022,massformer,completed,38,38,99,CASMI_MOL_1196827,CASMI_MOL_209543,209543,C=C(C(=O)O)C1CCC(C)C2(O)CCC(=O)C2(C)C1,0.6651738724940723,binned_cosine_1Da,64,False,predicted_spectrum,9532
CASMI2022,massformer,completed,38,38,99,CASMI_MOL_1196827,CASMI_MOL_209544,209544,C=C(C(=O)O)C1CCC(C)C2(O)CCC(=O)C2(C)C1,0.6651738724940723,binned_cosine_1Da,65,False,predicted_spectrum,9532
CASMI2022,massformer,completed,38,38,99,CASMI_MOL_1196827,CASMI_MOL_209545,209545,C=C(C(=O)O)C1CCC(C)C2(O)CCC(=O)C2(C)C1,0.6651738300214662,binned_cosine_1Da,66,False,predicted_spectrum,9532
CASMI2022,massformer,completed,38,38,99,CASMI_MOL_1196827,CASMI_MOL_215755,215755,C=CCC1C2CC(C)CC1(O)CC(=O)C2C(=O)OC,0.6651596698304366,binned_cosine_1Da,67,False,predicted_spectrum,9532
CASMI2022,massformer,completed,38,38,99,CASMI_MOL_1196827,CASMI_MOL_211174,211174,C=CCC1C2CC(C)CC1(O)CC(=O)C2C(=O)OC,0.6651595927626812,binned_cosine_1Da,68,False,predicted_spectrum,9532
CASMI2022,massformer,completed,38,38,99,CASMI_MOL_1196827,CASMI_MOL_217676,217676,COc1cc(OC)cc(C2(O)CCOC(C)(C)C2)c1,0.6650788348364882,binned_cosine_1Da,69,False,predicted_spectrum,9532
CASMI2022,massformer,completed,38,38,99,CASMI_MOL_1196827,CASMI_MOL_215638,215638,CC1(C)CC(O)CC2(C)c3c(coc3O)CC(O)C12,0.6649149592177949,binned_cosine_1Da,70,False,predicted_spectrum,9532
CASMI2022,massformer,completed,38,38,99,CASMI_MOL_1196827,CASMI_MOL_209987,209987,C=C(C(=O)O)C1CCC2(C)CCC(O)C(=C)C2(O)C1,0.6648223284349133,binned_cosine_1Da,71,False,predicted_spectrum,9532
CASMI2022,massformer,completed,38,38,99,CASMI_MOL_1196827,CASMI_MOL_209878,209878,C=C(C(=O)O)C1CCC2(C)CCC(O)C(=C)C2(O)C1,0.6648222451992073,binned_cosine_1Da,72,False,predicted_spectrum,9532
CASMI2022,massformer,completed,38,38,99,CASMI_MOL_1196827,CASMI_MOL_215538,215538,C=C(C(=O)O)C1CCC2(C)CCC(O)C(=C)C2(O)C1,0.6648222451992073,binned_cosine_1Da,73,False,predicted_spectrum,9532
CASMI2022,massformer,completed,38,38,99,CASMI_MOL_1196827,CASMI_MOL_216587,216587,CC(C)(C)c1ccc(C(C)(C)C)c(OC(=O)O)c1O,0.6648171196449946,binned_cosine_1Da,74,False,predicted_spectrum,9532
CASMI2022,massformer,completed,38,38,99,CASMI_MOL_1196827,CASMI_MOL_209133,209133,C=C(C)C(=O)COC12CC3CC(O)(CC(O)(C3)C1)C2,0.6640434759294394,binned_cosine_1Da,75,False,predicted_spectrum,9532
CASMI2022,massformer,completed,38,38,99,CASMI_MOL_1196827,CASMI_MOL_209839,209839,CC1(C)CC2=CC(C(=O)O)C3CC(O)C(C)(O)C23C1,0.6637408458237992,binned_cosine_1Da,76,False,predicted_spectrum,9532
CASMI2022,massformer,completed,38,38,99,CASMI_MOL_1196827,CASMI_MOL_209924,209924,CC1(C)CC2=CC(C(=O)O)C3CC(O)C(C)(O)C23C1,0.6637408458237992,binned_cosine_1Da,77,False,predicted_spectrum,9532
CASMI2022,massformer,completed,38,38,99,CASMI_MOL_1196827,CASMI_MOL_209753,209753,CC1(C)CC2=CC(C(=O)O)C3CC(O)C(C)(O)C23C1,0.6637408205770535,binned_cosine_1Da,78,False,predicted_spectrum,9532
CASMI2022,massformer,completed,38,38,99,CASMI_MOL_1196827,CASMI_MOL_209840,209840,CC1(C)CC2=CC(C(=O)O)C3CC(O)C(C)(O)C23C1,0.6637408205770535,binned_cosine_1Da,79,False,predicted_spectrum,9532
CASMI2022,massformer,completed,38,38,99,CASMI_MOL_1196827,CASMI_MOL_209946,209946,CC1(C)CC2=CC(C(=O)O)C3CC(O)C(C)(O)C23C1,0.6637408205770535,binned_cosine_1Da,80,False,predicted_spectrum,9532
CASMI2022,massformer,completed,38,38,99,CASMI_MOL_1196827,CASMI_MOL_209947,209947,CC1(C)CC2=CC(C(=O)O)C3CC(O)C(C)(O)C23C1,0.6637408205770535,binned_cosine_1Da,81,False,predicted_spectrum,9532
CASMI2022,massformer,completed,38,38,99,CASMI_MOL_1196827,CASMI_MOL_210504,210504,CC1CCC23CCC(O)C12C(C(=O)O)=CC3(C)CO,0.6635040803266237,binned_cosine_1Da,82,False,predicted_spectrum,9532
CASMI2022,massformer,completed,38,38,99,CASMI_MOL_1196827,CASMI_MOL_215369,215369,O=C1CCC2(CCCO2)C2(CCCO2)C12CCCO2,0.6632368675142635,binned_cosine_1Da,83,False,predicted_spectrum,9532
CASMI2022,massformer,completed,38,38,99,CASMI_MOL_1196827,CASMI_MOL_215798,215798,O=C1CCC2(CCCO2)C2(CCCO2)C12CCCO2,0.6632368675142635,binned_cosine_1Da,84,False,predicted_spectrum,9532
CASMI2022,massformer,completed,38,38,99,CASMI_MOL_1196827,CASMI_MOL_216515,216515,CC(C)(C)c1cc(OC(=O)O)c(O)c(C(C)(C)C)c1,0.6627196491940137,binned_cosine_1Da,85,False,predicted_spectrum,9532
CASMI2022,massformer,completed,38,38,99,CASMI_MOL_1196827,CASMI_MOL_209569,209569,C=C(C(=O)O)C1CC(O)C2(C)CCCC(=C)C2(O)C1,0.6619959974338732,binned_cosine_1Da,86,False,predicted_spectrum,9532
CASMI2022,massformer,completed,38,38,99,CASMI_MOL_1196827,CASMI_MOL_209568,209568,C=C(C(=O)O)C1CC(O)C2(C)CCCC(=C)C2(O)C1,0.6619959677755488,binned_cosine_1Da,87,False,predicted_spectrum,9532
CASMI2022,massformer,completed,38,38,99,CASMI_MOL_1196827,CASMI_MOL_216102,216102,CC12CCC3(C=C1CCCC21OCCO1)OCCO3,0.6619539737949209,binned_cosine_1Da,88,False,predicted_spectrum,9532
CASMI2022,massformer,completed,38,38,99,CASMI_MOL_1196827,CASMI_MOL_216527,216527,CC(C(=O)O)=C(C)C12CC3CC(O)(CC(O)(C3)C1)C2,0.6616490397389171,binned_cosine_1Da,89,False,predicted_spectrum,9532
CASMI2022,massformer,completed,38,38,99,CASMI_MOL_1196827,CASMI_MOL_218186,218186,CC1(C)CCCC2(C)C1C(O)C=C1COC(=O)C12O,0.661586834181757,binned_cosine_1Da,90,False,predicted_spectrum,9532
CASMI2022,massformer,completed,38,38,99,CASMI_MOL_1196827,CASMI_MOL_209098,209098,CC1(O)C=CC23OC(=O)C1C2(C)C(O)CCC3(C)C,0.6615727986468486,binned_cosine_1Da,91,False,predicted_spectrum,9532
CASMI2022,massformer,completed,38,38,99,CASMI_MOL_1196827,CASMI_MOL_209925,209925,CC1(C)CC2C(O)c3coc(O)c3C(C)(CO)C2C1,0.6610398716823901,binned_cosine_1Da,92,False,predicted_spectrum,9532
CASMI2022,massformer,completed,38,38,99,CASMI_MOL_1196827,CASMI_MOL_216346,216346,COC(=O)C1C2CC3CC1CC(COC(C)=O)(C3)C2,0.6609046082549068,binned_cosine_1Da,93,False,predicted_spectrum,9532
CASMI2022,massformer,completed,38,38,99,CASMI_MOL_1196827,CASMI_MOL_209913,209913,C=C1CC(O)CC2(C)CC3OC(=O)C(C)C3CC12O,0.6603866342262456,binned_cosine_1Da,94,False,predicted_spectrum,9532
CASMI2022,massformer,completed,38,38,99,CASMI_MOL_1196827,CASMI_MOL_209363,209363,CC1(C)CCCC2(C)c3c(coc3O)C(O)C(O)C12,0.6603821011172818,binned_cosine_1Da,95,False,predicted_spectrum,9532
CASMI2022,massformer,completed,38,38,99,CASMI_MOL_1196827,CASMI_MOL_215732,215732,CC1(C)CCCC2(C)c3c(coc3O)C(O)C(O)C12,0.6603821011172818,binned_cosine_1Da,96,False,predicted_spectrum,9532
CASMI2022,massformer,completed,38,38,99,CASMI_MOL_1196827,CASMI_MOL_209362,209362,CC1(C)CCCC2(C)c3c(coc3O)C(O)C(O)C12,0.6603820595002599,binned_cosine_1Da,97,False,predicted_spectrum,9532
CASMI2022,massformer,completed,38,38,99,CASMI_MOL_1196827,CASMI_MOL_208859,208859,CC1=C2CC(C)(C(=O)O)CC2CC2(C)CC(O)C12O,0.6602079985798637,binned_cosine_1Da,98,False,predicted_spectrum,9532
CASMI2022,massformer,completed,38,38,99,CASMI_MOL_1196827,CASMI_MOL_209915,209915,C=C1CCC(O)C2(C)CC3OC(=O)C(C)C3CC12O,0.6601848194559032,binned_cosine_1Da,99,False,predicted_spectrum,9532
CASMI2022,massformer,completed,38,38,99,CASMI_MOL_1196827,CASMI_MOL_210806,210806,C=C(OC12CC3(C)CC(O)(CC(O)(C3)C1)C2)C(C)=O,0.6601406434293603,binned_cosine_1Da,100,False,predicted_spectrum,9532
CASMI2022,massformer,completed,38,38,99,CASMI_MOL_1196827,CASMI_MOL_1196827,1196827,CC(C)=CCCC(=CC=CC(C)CC(=O)O)C(=O)O,0.45354876330647975,binned_cosine_1Da,3473,True,predicted_spectrum,9532
CASMI2022,massformer,completed,39,39,104,CASMI_MOL_1196829,CASMI_MOL_218700,218700,C=c1onc(C)c1=C,0.9919720775624175,binned_cosine_1Da,1,False,predicted_spectrum,859
CASMI2022,massformer,completed,39,39,104,CASMI_MOL_1196829,CASMI_MOL_219156,219156,CC=C(C)C(=O)C#N,0.9916941914707859,binned_cosine_1Da,2,False,predicted_spectrum,859
CASMI2022,massformer,completed,39,39,104,CASMI_MOL_1196829,CASMI_MOL_218950,218950,CCOC=C=CC#N,0.9913252353424178,binned_cosine_1Da,3,False,predicted_spectrum,859
CASMI2022,massformer,completed,39,39,104,CASMI_MOL_1196829,CASMI_MOL_219160,219160,C=C(C)c1ncco1,0.9911346634898939,binned_cosine_1Da,4,False,predicted_spectrum,859
CASMI2022,massformer,completed,39,39,104,CASMI_MOL_1196829,CASMI_MOL_218876,218876,[CH]c1c(C)noc1C,0.991002677880812,binned_cosine_1Da,5,False,predicted_spectrum,859
CASMI2022,massformer,completed,39,39,104,CASMI_MOL_1196829,CASMI_MOL_218879,218879,[CH]c1onc(C)c1C,0.9909876005866505,binned_cosine_1Da,6,False,predicted_spectrum,859
CASMI2022,massformer,completed,39,39,104,CASMI_MOL_1196829,CASMI_MOL_218877,218877,[CH]c1noc(C)c1C,0.9909452460724557,binned_cosine_1Da,7,False,predicted_spectrum,859
CASMI2022,massformer,completed,39,39,104,CASMI_MOL_1196829,CASMI_MOL_218524,218524,CC1C(=O)CC1C#N,0.9907790081104235,binned_cosine_1Da,8,False,predicted_spectrum,859
CASMI2022,massformer,completed,39,39,104,CASMI_MOL_1196829,CASMI_MOL_218458,218458,COC1=C=NC=CC1,0.9907562261935995,binned_cosine_1Da,9,False,predicted_spectrum,859
CASMI2022,massformer,completed,39,39,104,CASMI_MOL_1196829,CASMI_MOL_218990,218990,Cc1ncccc1O,0.99072316680461,binned_cosine_1Da,10,False,predicted_spectrum,859
CASMI2022,massformer,completed,39,39,104,CASMI_MOL_1196829,CASMI_MOL_219051,219051,Cc1ncccc1O,0.99072316680461,binned_cosine_1Da,11,False,predicted_spectrum,859
CASMI2022,massformer,completed,39,39,104,CASMI_MOL_1196829,CASMI_MOL_218887,218887,Cc1ncccc1O,0.9907231655951831,binned_cosine_1Da,12,False,predicted_spectrum,859
CASMI2022,massformer,completed,39,39,104,CASMI_MOL_1196829,CASMI_MOL_219202,219202,Cc1ncccc1O,0.9907231655951831,binned_cosine_1Da,13,False,predicted_spectrum,859
CASMI2022,massformer,completed,39,39,104,CASMI_MOL_1196829,CASMI_MOL_218474,218474,C=C(C)C(C#N)C=O,0.9906908977826985,binned_cosine_1Da,14,False,predicted_spectrum,859
CASMI2022,massformer,completed,39,39,104,CASMI_MOL_1196829,CASMI_MOL_218728,218728,CC1Cc2ocnc21,0.990629163042409,binned_cosine_1Da,15,False,predicted_spectrum,859
CASMI2022,massformer,completed,39,39,104,CASMI_MOL_1196829,CASMI_MOL_218743,218743,C=C(C#N)CCC=O,0.9905783848556616,binned_cosine_1Da,16,False,predicted_spectrum,859
CASMI2022,massformer,completed,39,39,104,CASMI_MOL_1196829,CASMI_MOL_218729,218729,CC1Cc2ncoc21,0.9905699201183308,binned_cosine_1Da,17,False,predicted_spectrum,859
CASMI2022,massformer,completed,39,39,104,CASMI_MOL_1196829,CASMI_MOL_218396,218396,C=C1C(C)=C1N1CO1,0.9904969843159842,binned_cosine_1Da,18,False,predicted_spectrum,859
CASMI2022,massformer,completed,39,39,104,CASMI_MOL_1196829,CASMI_MOL_218632,218632,COC1=C(C#N)CC1,0.9904318936161867,binned_cosine_1Da,19,False,predicted_spectrum,859
CASMI2022,massformer,completed,39,39,104,CASMI_MOL_1196829,CASMI_MOL_218783,218783,C=COCC(=C)C#N,0.9903300884802729,binned_cosine_1Da,20,False,predicted_spectrum,859
CASMI2022,massformer,completed,39,39,104,CASMI_MOL_1196829,CASMI_MOL_218412,218412,C#CC(C)(C#N)OC,0.990280656186899,binned_cosine_1Da,21,False,predicted_spectrum,859
CASMI2022,massformer,completed,39,39,104,CASMI_MOL_1196829,CASMI_MOL_218575,218575,CC1CC(C#N)C1=O,0.9902802841790425,binned_cosine_1Da,22,False,predicted_spectrum,859
CASMI2022,massformer,completed,39,39,104,CASMI_MOL_1196829,CASMI_MOL_218372,218372,CCC=C(C#N)C=O,0.9901109848935972,binned_cosine_1Da,23,False,predicted_spectrum,859
CASMI2022,massformer,completed,39,39,104,CASMI_MOL_1196829,CASMI_MOL_218527,218527,CCC=C(C#N)C=O,0.9901109845766222,binned_cosine_1Da,24,False,predicted_spectrum,859
CASMI2022,massformer,completed,39,39,104,CASMI_MOL_1196829,CASMI_MOL_218602,218602,C#CC(C)(O)CC#N,0.9900975732910684,binned_cosine_1Da,25,False,predicted_spectrum,859
CASMI2022,massformer,completed,39,39,104,CASMI_MOL_1196829,CASMI_MOL_218601,218601,C#CC(C)(O)CC#N,0.990097572422123,binned_cosine_1Da,26,False,predicted_spectrum,859
CASMI2022,massformer,completed,39,39,104,CASMI_MOL_1196829,CASMI_MOL_219135,219135,C#CC(C)(O)CC#N,0.990097572422123,binned_cosine_1Da,27,False,predicted_spectrum,859
CASMI2022,massformer,completed,39,39,104,CASMI_MOL_1196829,CASMI_MOL_218459,218459,CCCC(=C=O)C#N,0.9899901369014972,binned_cosine_1Da,28,False,predicted_spectrum,859
CASMI2022,massformer,completed,39,39,104,CASMI_MOL_1196829,CASMI_MOL_218706,218706,C1C2=C3C1CN3CO2,0.9899809668889636,binned_cosine_1Da,29,False,predicted_spectrum,859
CASMI2022,massformer,completed,39,39,104,CASMI_MOL_1196829,CASMI_MOL_218881,218881,C1C2=C3C1CN3CO2,0.9899809668055717,binned_cosine_1Da,30,False,predicted_spectrum,859
CASMI2022,massformer,completed,39,39,104,CASMI_MOL_1196829,CASMI_MOL_218999,218999,c1nc2c(o1)CCC2,0.9897714504023314,binned_cosine_1Da,31,False,predicted_spectrum,859
CASMI2022,massformer,completed,39,39,104,CASMI_MOL_1196829,CASMI_MOL_218519,218519,CC1=CN=C(C)C1=O,0.9896838037412067,binned_cosine_1Da,32,False,predicted_spectrum,859
CASMI2022,massformer,completed,39,39,104,CASMI_MOL_1196829,CASMI_MOL_218535,218535,O=C1N2CC3CC13C2,0.9896286561895175,binned_cosine_1Da,33,False,predicted_spectrum,859
CASMI2022,massformer,completed,39,39,104,CASMI_MOL_1196829,CASMI_MOL_218465,218465,CC1=C2C(=O)N2CC1,0.9895696061361705,binned_cosine_1Da,34,False,predicted_spectrum,859
CASMI2022,massformer,completed,39,39,104,CASMI_MOL_1196829,CASMI_MOL_219097,219097,C=C(C)c1cnco1,0.989559560926456,binned_cosine_1Da,35,False,predicted_spectrum,859
CASMI2022,massformer,completed,39,39,104,CASMI_MOL_1196829,CASMI_MOL_219033,219033,CC1=C(C)C(=O)N=C1,0.9895456772405965,binned_cosine_1Da,36,False,predicted_spectrum,859
CASMI2022,massformer,completed,39,39,104,CASMI_MOL_1196829,CASMI_MOL_219161,219161,CC(C)(O)C#CC#N,0.9894637128114993,binned_cosine_1Da,37,False,predicted_spectrum,859
CASMI2022,massformer,completed,39,39,104,CASMI_MOL_1196829,CASMI_MOL_218689,218689,C=COCC=CC#N,0.9894437233736225,binned_cosine_1Da,38,False,predicted_spectrum,859
CASMI2022,massformer,completed,39,39,104,CASMI_MOL_1196829,CASMI_MOL_218809,218809,C=COCC=CC#N,0.9894437233736225,binned_cosine_1Da,39,False,predicted_spectrum,859
CASMI2022,massformer,completed,39,39,104,CASMI_MOL_1196829,CASMI_MOL_218669,218669,C=COCC=CC#N,0.9894437225721484,binned_cosine_1Da,40,False,predicted_spectrum,859
CASMI2022,massformer,completed,39,39,104,CASMI_MOL_1196829,CASMI_MOL_218370,218370,CCC1=C(C=O)N=C1,0.9894324741045549,binned_cosine_1Da,41,False,predicted_spectrum,859
CASMI2022,massformer,completed,39,39,104,CASMI_MOL_1196829,CASMI_MOL_218554,218554,O=C1CC2CN=CC12,0.9893656786914634,binned_cosine_1Da,42,False,predicted_spectrum,859
CASMI2022,massformer,completed,39,39,104,CASMI_MOL_1196829,CASMI_MOL_219008,219008,CN1C=CC(=C=O)C1,0.9893403581708592,binned_cosine_1Da,43,False,predicted_spectrum,859
CASMI2022,massformer,completed,39,39,104,CASMI_MOL_1196829,CASMI_MOL_218928,218928,C1=CC2OC1C1NC21,0.9893323560912263,binned_cosine_1Da,44,False,predicted_spectrum,859
CASMI2022,massformer,completed,39,39,104,CASMI_MOL_1196829,CASMI_MOL_218837,218837,O=C1CN=CC2CC12,0.9893089489626959,binned_cosine_1Da,45,False,predicted_spectrum,859
CASMI2022,massformer,completed,39,39,104,CASMI_MOL_1196829,CASMI_MOL_218865,218865,C=C(C)c1cocn1,0.989220633480426,binned_cosine_1Da,46,False,predicted_spectrum,859
CASMI2022,massformer,completed,39,39,104,CASMI_MOL_1196829,CASMI_MOL_218720,218720,O=CC1NC2C3C1C23,0.9891799250142884,binned_cosine_1Da,47,False,predicted_spectrum,859
CASMI2022,massformer,completed,39,39,104,CASMI_MOL_1196829,CASMI_MOL_218823,218823,O=C1C2=NCC1CC2,0.9891504874163024,binned_cosine_1Da,48,False,predicted_spectrum,859
CASMI2022,massformer,completed,39,39,104,CASMI_MOL_1196829,CASMI_MOL_218453,218453,O=C1CC=NC12CC2,0.9890054751248493,binned_cosine_1Da,49,False,predicted_spectrum,859
CASMI2022,massformer,completed,39,39,104,CASMI_MOL_1196829,CASMI_MOL_218703,218703,C=C1CN=CCC1=O,0.9889943748374401,binned_cosine_1Da,50,False,predicted_spectrum,859
CASMI2022,massformer,completed,39,39,104,CASMI_MOL_1196829,CASMI_MOL_218497,218497,C=CN=C=COC=C,0.9888344193535175,binned_cosine_1Da,51,False,predicted_spectrum,859
CASMI2022,massformer,completed,39,39,104,CASMI_MOL_1196829,CASMI_MOL_218888,218888,C=C1C(=C)N(C)C1=O,0.9888264900201101,binned_cosine_1Da,52,False,predicted_spectrum,859
CASMI2022,massformer,completed,39,39,104,CASMI_MOL_1196829,CASMI_MOL_218678,218678,O=C1CN2C=CC1C2,0.9887843049111706,binned_cosine_1Da,53,False,predicted_spectrum,859
CASMI2022,massformer,completed,39,39,104,CASMI_MOL_1196829,CASMI_MOL_218954,218954,O=C1CN2C=CC1C2,0.9887843049111706,binned_cosine_1Da,54,False,predicted_spectrum,859
CASMI2022,massformer,completed,39,39,104,CASMI_MOL_1196829,CASMI_MOL_218965,218965,O=C1CN2C=CC1C2,0.9887843006719454,binned_cosine_1Da,55,False,predicted_spectrum,859
CASMI2022,massformer,completed,39,39,104,CASMI_MOL_1196829,CASMI_MOL_219061,219061,O=C1CN2C=CC1C2,0.9887843006719454,binned_cosine_1Da,56,False,predicted_spectrum,859
CASMI2022,massformer,completed,39,39,104,CASMI_MOL_1196829,CASMI_MOL_218572,218572,CC(=O)C1CC1C#N,0.9887424642590633,binned_cosine_1Da,57,False,predicted_spectrum,859
CASMI2022,massformer,completed,39,39,104,CASMI_MOL_1196829,CASMI_MOL_218702,218702,CC(=C=O)CCC#N,0.9887253924269965,binned_cosine_1Da,58,False,predicted_spectrum,859
CASMI2022,massformer,completed,39,39,104,CASMI_MOL_1196829,CASMI_MOL_218485,218485,N#CC1C2COCC12,0.9887070298753395,binned_cosine_1Da,59,False,predicted_spectrum,859
CASMI2022,massformer,completed,39,39,104,CASMI_MOL_1196829,CASMI_MOL_218596,218596,N#CC1C2COCC12,0.9887070298753395,binned_cosine_1Da,60,False,predicted_spectrum,859
CASMI2022,massformer,completed,39,39,104,CASMI_MOL_1196829,CASMI_MOL_218597,218597,N#CC1C2COCC12,0.9887070275591022,binned_cosine_1Da,61,False,predicted_spectrum,859
CASMI2022,massformer,completed,39,39,104,CASMI_MOL_1196829,CASMI_MOL_218598,218598,N#CC1C2COCC12,0.9887070275591022,binned_cosine_1Da,62,False,predicted_spectrum,859
CASMI2022,massformer,completed,39,39,104,CASMI_MOL_1196829,CASMI_MOL_218637,218637,N#CC1C2COCC12,0.9887070275591022,binned_cosine_1Da,63,False,predicted_spectrum,859
CASMI2022,massformer,completed,39,39,104,CASMI_MOL_1196829,CASMI_MOL_218569,218569,O=C1CCC1C1=NC1,0.98867873173354,binned_cosine_1Da,64,False,predicted_spectrum,859
CASMI2022,massformer,completed,39,39,104,CASMI_MOL_1196829,CASMI_MOL_218432,218432,C=C1CC=NCC1=O,0.9886691088280374,binned_cosine_1Da,65,False,predicted_spectrum,859
CASMI2022,massformer,completed,39,39,104,CASMI_MOL_1196829,CASMI_MOL_218502,218502,O=C1C=CCC=NC1,0.9884573439406402,binned_cosine_1Da,66,False,predicted_spectrum,859
CASMI2022,massformer,completed,39,39,104,CASMI_MOL_1196829,CASMI_MOL_218516,218516,O=C1C=CCC=NC1,0.9884573439406402,binned_cosine_1Da,67,False,predicted_spectrum,859
CASMI2022,massformer,completed,39,39,104,CASMI_MOL_1196829,CASMI_MOL_218807,218807,O=C1C=CCC=NC1,0.9884573439406402,binned_cosine_1Da,68,False,predicted_spectrum,859
CASMI2022,massformer,completed,39,39,104,CASMI_MOL_1196829,CASMI_MOL_218838,218838,O=C1C=CCC=NC1,0.9884573439406402,binned_cosine_1Da,69,False,predicted_spectrum,859
CASMI2022,massformer,completed,39,39,104,CASMI_MOL_1196829,CASMI_MOL_218840,218840,O=C1C=CCC=NC1,0.9884573439406402,binned_cosine_1Da,70,False,predicted_spectrum,859
CASMI2022,massformer,completed,39,39,104,CASMI_MOL_1196829,CASMI_MOL_218955,218955,O=C1C=CCC=NC1,0.9884573439406402,binned_cosine_1Da,71,False,predicted_spectrum,859
CASMI2022,massformer,completed,39,39,104,CASMI_MOL_1196829,CASMI_MOL_218958,218958,O=C1C=CCC=NC1,0.9884573439406402,binned_cosine_1Da,72,False,predicted_spectrum,859
CASMI2022,massformer,completed,39,39,104,CASMI_MOL_1196829,CASMI_MOL_218839,218839,O=C1C=CCC=NC1,0.9884573433822368,binned_cosine_1Da,73,False,predicted_spectrum,859
CASMI2022,massformer,completed,39,39,104,CASMI_MOL_1196829,CASMI_MOL_219067,219067,O=C1C=CCC=NC1,0.9884573433822368,binned_cosine_1Da,74,False,predicted_spectrum,859
CASMI2022,massformer,completed,39,39,104,CASMI_MOL_1196829,CASMI_MOL_218455,218455,O=C1CC2C=CN1C2,0.9884162383578796,binned_cosine_1Da,75,False,predicted_spectrum,859
CASMI2022,massformer,completed,39,39,104,CASMI_MOL_1196829,CASMI_MOL_218767,218767,O=C1C2CC=CCN12,0.988408836686288,binned_cosine_1Da,76,False,predicted_spectrum,859
CASMI2022,massformer,completed,39,39,104,CASMI_MOL_1196829,CASMI_MOL_218456,218456,COC1=CC=C=NC1,0.9883964310827087,binned_cosine_1Da,77,False,predicted_spectrum,859
CASMI2022,massformer,completed,39,39,104,CASMI_MOL_1196829,CASMI_MOL_218766,218766,CC1=NC(C=O)=C1C,0.9883959573761053,binned_cosine_1Da,78,False,predicted_spectrum,859
CASMI2022,massformer,completed,39,39,104,CASMI_MOL_1196829,CASMI_MOL_218444,218444,C=CC(=O)C(C)C#N,0.9883348446575287,binned_cosine_1Da,79,False,predicted_spectrum,859
CASMI2022,massformer,completed,39,39,104,CASMI_MOL_1196829,CASMI_MOL_218517,218517,CCC(C=O)=CC#N,0.9883276870188458,binned_cosine_1Da,80,False,predicted_spectrum,859
CASMI2022,massformer,completed,39,39,104,CASMI_MOL_1196829,CASMI_MOL_218962,218962,C=CC=C(C#N)OC,0.9882994835906196,binned_cosine_1Da,81,False,predicted_spectrum,859
CASMI2022,massformer,completed,39,39,104,CASMI_MOL_1196829,CASMI_MOL_218421,218421,C=CC=C(C#N)OC,0.988299481472279,binned_cosine_1Da,82,False,predicted_spectrum,859
CASMI2022,massformer,completed,39,39,104,CASMI_MOL_1196829,CASMI_MOL_219111,219111,C=CC=C(C#N)OC,0.988299481472279,binned_cosine_1Da,83,False,predicted_spectrum,859
CASMI2022,massformer,completed,39,39,104,CASMI_MOL_1196829,CASMI_MOL_218664,218664,O=C1C2=CCCCN12,0.9882687592260054,binned_cosine_1Da,84,False,predicted_spectrum,859
CASMI2022,massformer,completed,39,39,104,CASMI_MOL_1196829,CASMI_MOL_218820,218820,Cc1ccncc1O,0.9882375347177684,binned_cosine_1Da,85,False,predicted_spectrum,859
CASMI2022,massformer,completed,39,39,104,CASMI_MOL_1196829,CASMI_MOL_219063,219063,Cc1ccncc1O,0.9882375347177684,binned_cosine_1Da,86,False,predicted_spectrum,859
CASMI2022,massformer,completed,39,39,104,CASMI_MOL_1196829,CASMI_MOL_219182,219182,Cc1ccncc1O,0.9882375347177684,binned_cosine_1Da,87,False,predicted_spectrum,859
CASMI2022,massformer,completed,39,39,104,CASMI_MOL_1196829,CASMI_MOL_218461,218461,CN1C=CCC1=C=O,0.9882372101023231,binned_cosine_1Da,88,False,predicted_spectrum,859
CASMI2022,massformer,completed,39,39,104,CASMI_MOL_1196829,CASMI_MOL_218685,218685,Cc1ccc[nH]c1=O,0.9882204845441288,binned_cosine_1Da,89,False,predicted_spectrum,859
CASMI2022,massformer,completed,39,39,104,CASMI_MOL_1196829,CASMI_MOL_218705,218705,Cc1ccc[nH]c1=O,0.9882204845441288,binned_cosine_1Da,90,False,predicted_spectrum,859
CASMI2022,massformer,completed,39,39,104,CASMI_MOL_1196829,CASMI_MOL_219204,219204,Cc1ccc[nH]c1=O,0.9882204845441288,binned_cosine_1Da,91,False,predicted_spectrum,859
CASMI2022,massformer,completed,39,39,104,CASMI_MOL_1196829,CASMI_MOL_218686,218686,Cc1ccc[nH]c1=O,0.9882204841248475,binned_cosine_1Da,92,False,predicted_spectrum,859
CASMI2022,massformer,completed,39,39,104,CASMI_MOL_1196829,CASMI_MOL_218896,218896,Cc1ccc[nH]c1=O,0.9882204841248475,binned_cosine_1Da,93,False,predicted_spectrum,859
CASMI2022,massformer,completed,39,39,104,CASMI_MOL_1196829,CASMI_MOL_218918,218918,Cc1c[nH]ccc1=O,0.9882105731035833,binned_cosine_1Da,94,False,predicted_spectrum,859
CASMI2022,massformer,completed,39,39,104,CASMI_MOL_1196829,CASMI_MOL_218919,218919,Cc1c[nH]ccc1=O,0.9882105731035833,binned_cosine_1Da,95,False,predicted_spectrum,859
CASMI2022,massformer,completed,39,39,104,CASMI_MOL_1196829,CASMI_MOL_219181,219181,Cc1c[nH]ccc1=O,0.9882105719792319,binned_cosine_1Da,96,False,predicted_spectrum,859
CASMI2022,massformer,completed,39,39,104,CASMI_MOL_1196829,CASMI_MOL_218842,218842,c1occ2c1CCN2,0.9881175549747232,binned_cosine_1Da,97,False,predicted_spectrum,859
CASMI2022,massformer,completed,39,39,104,CASMI_MOL_1196829,CASMI_MOL_218853,218853,CC1(C#N)CC(=O)C1,0.9880640735029046,binned_cosine_1Da,98,False,predicted_spectrum,859
CASMI2022,massformer,completed,39,39,104,CASMI_MOL_1196829,CASMI_MOL_218576,218576,C=Cc1ncoc1C,0.9880533533039507,binned_cosine_1Da,99,False,predicted_spectrum,859
CASMI2022,massformer,completed,39,39,104,CASMI_MOL_1196829,CASMI_MOL_218852,218852,c1cc2c(o1)CCN2,0.9880167296993242,binned_cosine_1Da,100,False,predicted_spectrum,859
CASMI2022,massformer,completed,39,39,104,CASMI_MOL_1196829,CASMI_MOL_1196829,1196829,Cn1ccccc1=O,0.9745816976213644,binned_cosine_1Da,525,True,predicted_spectrum,859
CASMI2022,massformer,completed,40,40,105,CASMI_MOL_1196830,CASMI_MOL_224024,224024,C=C(C)C(=O)OCOc1ccc(C(=O)Oc2ccc3c(c2)C(C)(C)c2cc(C)ccc2-3)c(C)c1,0.34835177208383733,binned_cosine_1Da,1,False,predicted_spectrum,7695
CASMI2022,massformer,completed,40,40,105,CASMI_MOL_1196830,CASMI_MOL_221233,221233,C=C(C)C(=O)OC=CCOc1ccc(-c2ccc(-c3ccc(OCC=COC)cc3)cc2)cc1,0.3430992370340459,binned_cosine_1Da,2,False,predicted_spectrum,7695
CASMI2022,massformer,completed,40,40,105,CASMI_MOL_1196830,CASMI_MOL_222953,222953,CCOC(=O)CCc1c(C)c2ccc(OCc3ccccc3-c3ccccc3)c(C)c2oc1=O,0.327575494074174,binned_cosine_1Da,3,False,predicted_spectrum,7695
CASMI2022,massformer,completed,40,40,105,CASMI_MOL_1196830,CASMI_MOL_222952,222952,CCOC(=O)CCc1c(C)c2ccc(OCc3cccc(-c4ccccc4)c3)c(C)c2oc1=O,0.3206477510978447,binned_cosine_1Da,4,False,predicted_spectrum,7695
CASMI2022,massformer,completed,40,40,105,CASMI_MOL_1196830,CASMI_MOL_220134,220134,CCCCOC(=O)COc1c2ccccc2c(OCC(=O)OCCCC)c2c(F)cccc12,0.31971635270045967,binned_cosine_1Da,5,False,predicted_spectrum,7695
CASMI2022,massformer,completed,40,40,105,CASMI_MOL_1196830,CASMI_MOL_220620,220620,C=C(C)C(=O)Oc1c2c(c(OC(=O)C(=C)C)c3ccccc13)C(Oc1ccc(C)cc1)CCC2,0.31056517337435674,binned_cosine_1Da,6,False,predicted_spectrum,7695
CASMI2022,massformer,completed,40,40,105,CASMI_MOL_1196830,CASMI_MOL_221953,221953,C=C(C)C(=O)OCOc1ccc(CC(=O)Oc2ccc3c(c2)C(C)(C)c2cc(C)ccc2-3)cc1,0.30762098504481805,binned_cosine_1Da,7,False,predicted_spectrum,7695
CASMI2022,massformer,completed,40,40,105,CASMI_MOL_1196830,CASMI_MOL_220205,220205,C=C(C)C(=O)OCCOc1ccc(-c2ccc(CCCOC(=O)C(=C)COC)cc2)c(F)c1,0.3072506088838658,binned_cosine_1Da,8,False,predicted_spectrum,7695
CASMI2022,massformer,completed,40,40,105,CASMI_MOL_1196830,CASMI_MOL_223080,223080,CCOC(=O)CCc1ccc(Oc2c(-c3ccc(OC)cc3)ccc3cc(OC)ccc23)cc1,0.30608559040511624,binned_cosine_1Da,9,False,predicted_spectrum,7695
CASMI2022,massformer,completed,40,40,105,CASMI_MOL_1196830,CASMI_MOL_222951,222951,CCOC(=O)CCc1c(C)c2ccc(OCc3ccc(-c4ccccc4)cc3)c(C)c2oc1=O,0.30418098876707195,binned_cosine_1Da,10,False,predicted_spectrum,7695
CASMI2022,massformer,completed,40,40,105,CASMI_MOL_1196830,CASMI_MOL_220621,220621,C=C(C)C(=O)Oc1c2c(c(OC(=O)C(=C)C)c3ccccc13)CC(Oc1ccc(C)cc1)CC2,0.30376652322314124,binned_cosine_1Da,11,False,predicted_spectrum,7695
CASMI2022,massformer,completed,40,40,105,CASMI_MOL_1196830,CASMI_MOL_220177,220177,C=C(C)C(=O)OCCCc1ccc(-c2ccc(OCCOC(=O)C(=C)COC)cc2)cc1F,0.29914635745927637,binned_cosine_1Da,12,False,predicted_spectrum,7695
CASMI2022,massformer,completed,40,40,105,CASMI_MOL_1196830,CASMI_MOL_220132,220132,CCCCOC(=O)COc1c2ccccc2c(OCC(=O)OCCCC)c2cc(F)ccc12,0.2988238443223423,binned_cosine_1Da,13,False,predicted_spectrum,7695
CASMI2022,massformer,completed,40,40,105,CASMI_MOL_1196830,CASMI_MOL_220192,220192,C=C(C)C(=O)OCCOc1ccc(-c2ccc(CCCOC(=O)C(=C)COC)c(F)c2)cc1,0.29848055267000106,binned_cosine_1Da,14,False,predicted_spectrum,7695
CASMI2022,massformer,completed,40,40,105,CASMI_MOL_1196830,CASMI_MOL_223058,223058,CCCCOC(=O)CCCc1cccc(-c2ccc(Oc3ccc(C(F)(F)F)cc3)cc2)c1,0.29744124910738656,binned_cosine_1Da,15,False,predicted_spectrum,7695
CASMI2022,massformer,completed,40,40,105,CASMI_MOL_1196830,CASMI_MOL_223079,223079,CCOC(=O)CCc1ccc(Oc2c(-c3cccc(OC)c3)ccc3cc(OC)ccc23)cc1,0.29574977968885213,binned_cosine_1Da,16,False,predicted_spectrum,7695
CASMI2022,massformer,completed,40,40,105,CASMI_MOL_1196830,CASMI_MOL_220193,220193,C=C(C)C(=O)Oc1ccc(-c2ccc(-c3ccc(OC(=O)C(=C)COC)cc3CC)cc2)cc1,0.29506482315712146,binned_cosine_1Da,17,False,predicted_spectrum,7695
CASMI2022,massformer,completed,40,40,105,CASMI_MOL_1196830,CASMI_MOL_223081,223081,CCOC(=O)CCCc1ccc(Oc2c(-c3ccc(OC)cc3)ccc3cc(O)ccc23)cc1,0.2871052202128172,binned_cosine_1Da,18,False,predicted_spectrum,7695
CASMI2022,massformer,completed,40,40,105,CASMI_MOL_1196830,CASMI_MOL_222088,222088,C=C(Oc1ccc(-c2ccccc2)cc1)C1c2ccccc2CC1(C(=O)OCC)C(=O)OCC,0.28679228509712523,binned_cosine_1Da,19,False,predicted_spectrum,7695
CASMI2022,massformer,completed,40,40,105,CASMI_MOL_1196830,CASMI_MOL_222109,222109,C=C(C)C(=O)OCCc1ccc(-c2ccc(OCCOC(=O)C=Cc3ccccc3)cc2)cc1,0.2834682522616658,binned_cosine_1Da,20,False,predicted_spectrum,7695
CASMI2022,massformer,completed,40,40,105,CASMI_MOL_1196830,CASMI_MOL_225877,225877,Cc1ccc(OCn2cc(NC(=O)Cn3nc(C)c4c(-c5ccco5)ccnc43)cn2)c(C)c1,0.28260076711373866,binned_cosine_1Da,21,False,predicted_spectrum,7695
CASMI2022,massformer,completed,40,40,105,CASMI_MOL_1196830,CASMI_MOL_222118,222118,CCOC(=O)C1(C(=O)OCC)C=C(c2ccccc2)OC(c2ccccc2)(c2ccccc2)C1,0.2824472138866166,binned_cosine_1Da,22,False,predicted_spectrum,7695
CASMI2022,massformer,completed,40,40,105,CASMI_MOL_1196830,CASMI_MOL_221554,221554,C=CSC(=CC)CCn1cnc(N2NC(N)N=C2Cc2ccc(OC)c(OC)c2)cc1=O,0.2795561213039894,binned_cosine_1Da,23,False,predicted_spectrum,7695
CASMI2022,massformer,completed,40,40,105,CASMI_MOL_1196830,CASMI_MOL_220088,220088,COC(=O)COc1ccc(CCC2(C(F)(F)F)C=CC(c3ccccc3)=CC2)c2c1CCC2,0.2765356166051055,binned_cosine_1Da,24,False,predicted_spectrum,7695
CASMI2022,massformer,completed,40,40,105,CASMI_MOL_1196830,CASMI_MOL_220619,220619,C=CC(=O)OCCOCCOc1c2ccccc2c(OCCc2ccccc2)c2ccccc12,0.2745719404991683,binned_cosine_1Da,25,False,predicted_spectrum,7695
CASMI2022,massformer,completed,40,40,105,CASMI_MOL_1196830,CASMI_MOL_226868,226868,COc1ccc(CNC(=O)c2cnn3c2NC(c2ccc(C)cc2)CC3C(F)F)cc1OC,0.2734166590503912,binned_cosine_1Da,26,False,predicted_spectrum,7695
CASMI2022,massformer,completed,40,40,105,CASMI_MOL_1196830,CASMI_MOL_226871,226871,COc1ccc(CNC(=O)c2cnn3c2NC(c2ccc(C)cc2)CC3C(F)F)cc1OC,0.2734166590503912,binned_cosine_1Da,27,False,predicted_spectrum,7695
CASMI2022,massformer,completed,40,40,105,CASMI_MOL_1196830,CASMI_MOL_226735,226735,COc1ccc(CNC(=O)c2cnn3c2NC(c2ccc(C)cc2)CC3C(F)F)cc1OC,0.273416653981382,binned_cosine_1Da,28,False,predicted_spectrum,7695
CASMI2022,massformer,completed,40,40,105,CASMI_MOL_1196830,CASMI_MOL_226869,226869,COc1ccc(CNC(=O)c2cnn3c2NC(c2ccc(C)cc2)CC3C(F)F)cc1OC,0.273416653981382,binned_cosine_1Da,29,False,predicted_spectrum,7695
CASMI2022,massformer,completed,40,40,105,CASMI_MOL_1196830,CASMI_MOL_226870,226870,COc1ccc(CNC(=O)c2cnn3c2NC(c2ccc(C)cc2)CC3C(F)F)cc1OC,0.273416653981382,binned_cosine_1Da,30,False,predicted_spectrum,7695
CASMI2022,massformer,completed,40,40,105,CASMI_MOL_1196830,CASMI_MOL_220911,220911,CC(C)(C)OC(=O)N1CCC(=Nc2ccc(NCc3c(O)[nH]c4cccc(F)c34)cc2F)C1,0.27088532526052767,binned_cosine_1Da,31,False,predicted_spectrum,7695
CASMI2022,massformer,completed,40,40,105,CASMI_MOL_1196830,CASMI_MOL_222431,222431,CC(C)(C)OC(=O)N1CCC(=Nc2ccc(NCc3c(O)[nH]c4cccc(F)c34)cc2F)C1,0.27088532526052767,binned_cosine_1Da,32,False,predicted_spectrum,7695
CASMI2022,massformer,completed,40,40,105,CASMI_MOL_1196830,CASMI_MOL_220909,220909,CC(C)(C)OC(=O)N1CCC(=Nc2ccc(NCc3c(O)[nH]c4cc(F)ccc34)cc2F)C1,0.2700970053290691,binned_cosine_1Da,33,False,predicted_spectrum,7695
CASMI2022,massformer,completed,40,40,105,CASMI_MOL_1196830,CASMI_MOL_222398,222398,CC(C)(C)OC(=O)N1CCC(=Nc2ccc(NCc3c(O)[nH]c4cc(F)ccc34)cc2F)C1,0.2700970053290691,binned_cosine_1Da,34,False,predicted_spectrum,7695
CASMI2022,massformer,completed,40,40,105,CASMI_MOL_1196830,CASMI_MOL_220301,220301,C=C(C)C(=O)OCCCc1ccc(-c2ccc(OC(=O)C=Cc3ccc(OC)cc3)cc2)cc1,0.268579777983541,binned_cosine_1Da,35,False,predicted_spectrum,7695
CASMI2022,massformer,completed,40,40,105,CASMI_MOL_1196830,CASMI_MOL_222713,222713,CNc1nc2oc(-c3cccc(C(CCOc4ccccc4)NC=O)c3)nc2c2c1ncn2C,0.2675710420497428,binned_cosine_1Da,36,False,predicted_spectrum,7695
CASMI2022,massformer,completed,40,40,105,CASMI_MOL_1196830,CASMI_MOL_219424,219424,Cc1ccc(NC(=O)C2(c3ccccc3C(C)C)CN(Cc3ccno3)C2)c(OC(F)F)n1,0.26712828747852674,binned_cosine_1Da,37,False,predicted_spectrum,7695
CASMI2022,massformer,completed,40,40,105,CASMI_MOL_1196830,CASMI_MOL_219425,219425,Cc1ccc(NC(=O)C2(c3ccccc3C(C)C)CN(Cc3ncco3)C2)c(OC(F)F)n1,0.26652152704700754,binned_cosine_1Da,38,False,predicted_spectrum,7695
CASMI2022,massformer,completed,40,40,105,CASMI_MOL_1196830,CASMI_MOL_221214,221214,C=CC(=O)OCCCc1ccc(-c2cc(OC)cc(-c3ccc(COC(=O)C=C)cc3)c2)cc1,0.2656057383003701,binned_cosine_1Da,39,False,predicted_spectrum,7695
CASMI2022,massformer,completed,40,40,105,CASMI_MOL_1196830,CASMI_MOL_220315,220315,C=NC(=O)C(=CN(CNc1cc(N2CCCC2=O)ccc1C)Cc1ccc(F)c(F)c1)OC,0.26428920719458326,binned_cosine_1Da,40,False,predicted_spectrum,7695
CASMI2022,massformer,completed,40,40,105,CASMI_MOL_1196830,CASMI_MOL_219449,219449,COc1ccc(NC(=O)NC2CN(c3ccncn3)C2)cc1OCc1ccc2ccccc2n1,0.2630239231576999,binned_cosine_1Da,41,False,predicted_spectrum,7695
CASMI2022,massformer,completed,40,40,105,CASMI_MOL_1196830,CASMI_MOL_221297,221297,Cc1c(N2CCN(C(=O)OC(C)(C)C)CC2)cncc1N1C(=O)c2ccc(Cl)cc2C1C,0.26286315565407736,binned_cosine_1Da,42,False,predicted_spectrum,7695
CASMI2022,massformer,completed,40,40,105,CASMI_MOL_1196830,CASMI_MOL_222119,222119,COC(=O)C1(C(=O)OC)C=C(c2ccccc2)OC(c2ccc(C)cc2)(c2ccc(C)cc2)C1,0.2600891477042816,binned_cosine_1Da,43,False,predicted_spectrum,7695
CASMI2022,massformer,completed,40,40,105,CASMI_MOL_1196830,CASMI_MOL_220791,220791,CC1COCCN1c1cc(NCC(C)[S+]([O-])C2COC2)nc(-n2cnc3ccccc32)n1,0.25955143028008687,binned_cosine_1Da,44,False,predicted_spectrum,7695
CASMI2022,massformer,completed,40,40,105,CASMI_MOL_1196830,CASMI_MOL_225738,225738,CCCCCCC(OC(=O)c1ccc(-c2ccc(-c3ccc(O)cc3)cc2)cc1)C(F)(F)F,0.25889985983517305,binned_cosine_1Da,45,False,predicted_spectrum,7695
CASMI2022,massformer,completed,40,40,105,CASMI_MOL_1196830,CASMI_MOL_224725,224725,CCc1noc(Cn2cnc3c4ccccc4n(CC(=O)Nc4ccc(C)c(C)c4)c3c2=O)n1,0.25866020921702926,binned_cosine_1Da,46,False,predicted_spectrum,7695
CASMI2022,massformer,completed,40,40,105,CASMI_MOL_1196830,CASMI_MOL_224706,224706,CCc1noc(Cn2cnc3c4ccccc4n(CC(=O)Nc4cccc(C)c4C)c3c2=O)n1,0.2569623377786122,binned_cosine_1Da,47,False,predicted_spectrum,7695
CASMI2022,massformer,completed,40,40,105,CASMI_MOL_1196830,CASMI_MOL_224715,224715,Cc1ccc2c(c1)c1ncn(Cc3nc(C)no3)c(=O)c1n2CC(=O)Nc1c(C)cccc1C,0.25656260700371175,binned_cosine_1Da,48,False,predicted_spectrum,7695
CASMI2022,massformer,completed,40,40,105,CASMI_MOL_1196830,CASMI_MOL_224721,224721,CCc1noc(Cn2cnc3c4ccccc4n(CC(=O)Nc4c(C)cccc4C)c3c2=O)n1,0.2562378715524904,binned_cosine_1Da,49,False,predicted_spectrum,7695
CASMI2022,massformer,completed,40,40,105,CASMI_MOL_1196830,CASMI_MOL_222414,222414,CC(C)(O)COc1nc(N=NCc2ccc3ccccc3c2)c(F)c(N2CCOCC2)c1F,0.2558504164635769,binned_cosine_1Da,50,False,predicted_spectrum,7695
CASMI2022,massformer,completed,40,40,105,CASMI_MOL_1196830,CASMI_MOL_221872,221872,C=CC(=O)Oc1ccccc1C(c1cc(C)c(O)c(C)c1)c1cc(C)c(OC(=O)C=C)c(C)c1,0.2549593328040952,binned_cosine_1Da,51,False,predicted_spectrum,7695
CASMI2022,massformer,completed,40,40,105,CASMI_MOL_1196830,CASMI_MOL_219973,219973,C=CC(=O)Oc1ccc(-c2ccc(COc3ccc(CCCOC(=O)C(=C)C)cc3)cc2)cc1,0.25488770790412085,binned_cosine_1Da,52,False,predicted_spectrum,7695
CASMI2022,massformer,completed,40,40,105,CASMI_MOL_1196830,CASMI_MOL_222411,222411,CC(C)C(CO)Nc1nc(N2CCN(c3nc4ccccc4o3)CC2)nc2c1[S+]([O-])CC2,0.2546008085601397,binned_cosine_1Da,53,False,predicted_spectrum,7695
CASMI2022,massformer,completed,40,40,105,CASMI_MOL_1196830,CASMI_MOL_223071,223071,CC(C)C(CO)Nc1nc(N2CCN(c3nc4ccccc4o3)CC2)nc2c1[S+]([O-])CC2,0.2546008085601397,binned_cosine_1Da,54,False,predicted_spectrum,7695
CASMI2022,massformer,completed,40,40,105,CASMI_MOL_1196830,CASMI_MOL_224807,224807,CC(C)C(CO)Nc1nc(N2CCN(c3nc4ccccc4o3)CC2)nc2c1[S+]([O-])CC2,0.2546008085601397,binned_cosine_1Da,55,False,predicted_spectrum,7695
CASMI2022,massformer,completed,40,40,105,CASMI_MOL_1196830,CASMI_MOL_221873,221873,C=CC(=O)Oc1c(C)cc(C(c2cc(C)c(OC(=O)C=C)c(C)c2)c2ccccc2O)cc1C,0.2545184141336768,binned_cosine_1Da,56,False,predicted_spectrum,7695
CASMI2022,massformer,completed,40,40,105,CASMI_MOL_1196830,CASMI_MOL_225830,225830,CC(C)CCCCCOC(=O)c1ccc2c(c1)Oc1ccccc1C21OC(=O)c2ccccc21,0.2536353657212347,binned_cosine_1Da,57,False,predicted_spectrum,7695
CASMI2022,massformer,completed,40,40,105,CASMI_MOL_1196830,CASMI_MOL_226588,226588,CCOC(=O)C(=CC1=C2OC(c3ccccc3)=CC(c3ccccc3)=C2CCC1)C(=O)OCC,0.25337788694617525,binned_cosine_1Da,58,False,predicted_spectrum,7695
CASMI2022,massformer,completed,40,40,105,CASMI_MOL_1196830,CASMI_MOL_220912,220912,CC(C)(C)OC(=O)N1CCC(=Nc2ccc(NCc3c(O)[nH]c4ccc(F)cc34)cc2F)C1,0.2532261047524192,binned_cosine_1Da,59,False,predicted_spectrum,7695
CASMI2022,massformer,completed,40,40,105,CASMI_MOL_1196830,CASMI_MOL_222410,222410,CC(C)(C)OC(=O)N1CCC(=Nc2ccc(NCc3c(O)[nH]c4ccc(F)cc34)cc2F)C1,0.2532261047524192,binned_cosine_1Da,60,False,predicted_spectrum,7695
CASMI2022,massformer,completed,40,40,105,CASMI_MOL_1196830,CASMI_MOL_220135,220135,CC(C)COC(=O)COc1c2ccccc2c(OCC(=O)OCC(C)C)c2c(F)cccc12,0.2527180644990086,binned_cosine_1Da,61,False,predicted_spectrum,7695
CASMI2022,massformer,completed,40,40,105,CASMI_MOL_1196830,CASMI_MOL_226097,226097,COc1ccc(CC(=O)NCCn2ncc3c(N4CCCC4)nc(SC)nc32)cc1OC,0.2520995337071415,binned_cosine_1Da,62,False,predicted_spectrum,7695
CASMI2022,massformer,completed,40,40,105,CASMI_MOL_1196830,CASMI_MOL_222097,222097,COc1ccc2c(c1)C(=O)C(C(=O)OC(C)(C)C)(C1c3ccccc3Oc3ccccc31)CC2,0.2512683593017356,binned_cosine_1Da,63,False,predicted_spectrum,7695
CASMI2022,massformer,completed,40,40,105,CASMI_MOL_1196830,CASMI_MOL_221189,221189,COc1ccc(C2CC(C(=O)NC(CCSC)c3nnc4ccccn34)NN2)cc1OC,0.25013906360257904,binned_cosine_1Da,64,False,predicted_spectrum,7695
CASMI2022,massformer,completed,40,40,105,CASMI_MOL_1196830,CASMI_MOL_221188,221188,COc1ccc(C2CC(C(=O)NC(CCSC)c3nnc4ccccn34)NN2)cc1OC,0.25013904370017914,binned_cosine_1Da,65,False,predicted_spectrum,7695
CASMI2022,massformer,completed,40,40,105,CASMI_MOL_1196830,CASMI_MOL_219972,219972,C=CC(=O)OCCCc1ccc(OCc2ccc(-c3ccc(OC(=O)C(=C)C)cc3)cc2)cc1,0.24974747633037125,binned_cosine_1Da,66,False,predicted_spectrum,7695
CASMI2022,massformer,completed,40,40,105,CASMI_MOL_1196830,CASMI_MOL_220316,220316,C=NC(=O)C(=CN(CNc1cc(N2CCCC2=O)ccc1C)Cc1cc(F)cc(F)c1)OC,0.2490984682828503,binned_cosine_1Da,67,False,predicted_spectrum,7695
CASMI2022,massformer,completed,40,40,105,CASMI_MOL_1196830,CASMI_MOL_224722,224722,CCc1noc(Cn2cnc3c4ccccc4n(CC(=O)Nc4ccc(C)cc4C)c3c2=O)n1,0.24862502062106623,binned_cosine_1Da,68,False,predicted_spectrum,7695
CASMI2022,massformer,completed,40,40,105,CASMI_MOL_1196830,CASMI_MOL_220052,220052,C=C(C)C(=O)Oc1ccc(-c2cc(C)cc(-c3ccc(OC(=O)C(=C)C)cc3)c2OCC)cc1,0.24814364303997177,binned_cosine_1Da,69,False,predicted_spectrum,7695
CASMI2022,massformer,completed,40,40,105,CASMI_MOL_1196830,CASMI_MOL_224717,224717,Cc1ccc(NC(=O)Cn2c3ccc(C)cc3c3ncn(Cc4nc(C)no4)c(=O)c32)c(C)c1,0.24747434527119191,binned_cosine_1Da,70,False,predicted_spectrum,7695
CASMI2022,massformer,completed,40,40,105,CASMI_MOL_1196830,CASMI_MOL_226261,226261,CCOC(=O)C12Cc3ccccc3CC(C(=O)OCC)(Cc3cccc4cccc(c34)C1)C2=O,0.24702569682186104,binned_cosine_1Da,71,False,predicted_spectrum,7695
CASMI2022,massformer,completed,40,40,105,CASMI_MOL_1196830,CASMI_MOL_220404,220404,CC=C(C=NCNc1ccc(C)c(NC(O)c2ccc(O)[nH]2)c1)c1ccc(OC(F)F)cc1,0.24669784443358778,binned_cosine_1Da,72,False,predicted_spectrum,7695
CASMI2022,massformer,completed,40,40,105,CASMI_MOL_1196830,CASMI_MOL_219869,219869,CCOC1=Cc2nc(Cl)nc(N3CC(C)N(C(=O)OCc4ccccc4)CC3C)c2CC1,0.24660891618781317,binned_cosine_1Da,73,False,predicted_spectrum,7695
CASMI2022,massformer,completed,40,40,105,CASMI_MOL_1196830,CASMI_MOL_222729,222729,CCC(c1c[nH]c2ccc(CN=S(=O)=O)cc12)N1CCN(c2ncncc2OC)C(C)C1,0.24603493603865248,binned_cosine_1Da,74,False,predicted_spectrum,7695
CASMI2022,massformer,completed,40,40,105,CASMI_MOL_1196830,CASMI_MOL_220337,220337,C=C(C)C(=O)Cc1ccc(-c2cc(OC(=O)C(=C)C)c(-c3ccc(OC)cc3)cc2OC)cc1,0.24535776525461273,binned_cosine_1Da,75,False,predicted_spectrum,7695
CASMI2022,massformer,completed,40,40,105,CASMI_MOL_1196830,CASMI_MOL_226088,226088,CCSc1nc(N2CCCC2)c2cnn(CCNC(=O)COc3ccccc3OC)c2n1,0.24533514771134682,binned_cosine_1Da,76,False,predicted_spectrum,7695
CASMI2022,massformer,completed,40,40,105,CASMI_MOL_1196830,CASMI_MOL_224240,224240,Cc1cccc(OCC(=O)NNC(=O)c2cc(C3CC3)nc3c2c(C)nn3-c2ccccn2)c1,0.24513799293147404,binned_cosine_1Da,77,False,predicted_spectrum,7695
CASMI2022,massformer,completed,40,40,105,CASMI_MOL_1196830,CASMI_MOL_225967,225967,Cn1c(CCc2ccc(C(=N)N)cc2)nc2cc(C(=O)N(CC(=O)O)c3ccccn3)ccc21,0.24495248956987659,binned_cosine_1Da,78,False,predicted_spectrum,7695
CASMI2022,massformer,completed,40,40,105,CASMI_MOL_1196830,CASMI_MOL_226093,226093,CCSc1nc(NCC(C)C)c2cnn(CCNC(=O)c3ccccc3C(=O)OC)c2n1,0.24486247838271624,binned_cosine_1Da,79,False,predicted_spectrum,7695
CASMI2022,massformer,completed,40,40,105,CASMI_MOL_1196830,CASMI_MOL_225672,225672,CCOC(=O)C(Cc1ccc(OCC=C2c3ccccc3C(=O)c3ccccc32)cc1)OCC,0.24394053871071894,binned_cosine_1Da,80,False,predicted_spectrum,7695
CASMI2022,massformer,completed,40,40,105,CASMI_MOL_1196830,CASMI_MOL_224998,224998,CCN(CC)Cc1nnn(-c2nonc2N)c1C(=O)NN=Cc1ccc(OCC(N)=O)cc1,0.24325942413978477,binned_cosine_1Da,81,False,predicted_spectrum,7695
CASMI2022,massformer,completed,40,40,105,CASMI_MOL_1196830,CASMI_MOL_224969,224969,COc1ccc(-c2cc3c4nn(CC(=O)Nc5c(C)cc(C)cc5C)c(=O)n4ccn3n2)cc1,0.2427737004134813,binned_cosine_1Da,82,False,predicted_spectrum,7695
CASMI2022,massformer,completed,40,40,105,CASMI_MOL_1196830,CASMI_MOL_223508,223508,COc1ccc(-c2cccc3c2CCC3=O)c(OCC2(C(=O)OCCCF)CCC2)c1OC,0.24274319827783594,binned_cosine_1Da,83,False,predicted_spectrum,7695
CASMI2022,massformer,completed,40,40,105,CASMI_MOL_1196830,CASMI_MOL_224713,224713,CCc1noc(Cn2cnc3c4ccccc4n(CC(=O)Nc4cc(C)ccc4C)c3c2=O)n1,0.24255403242925605,binned_cosine_1Da,84,False,predicted_spectrum,7695
CASMI2022,massformer,completed,40,40,105,CASMI_MOL_1196830,CASMI_MOL_220133,220133,CC(C)COC(=O)COc1c2ccccc2c(OCC(=O)OCC(C)C)c2cc(F)ccc12,0.242007158871317,binned_cosine_1Da,85,False,predicted_spectrum,7695
CASMI2022,massformer,completed,40,40,105,CASMI_MOL_1196830,CASMI_MOL_220884,220884,CC=Nc1sc(NC(=O)N2CCC3(CC2)CN(C)c2ccc(OC)cc23)nc1C(=N)OC,0.24165046277284957,binned_cosine_1Da,86,False,predicted_spectrum,7695
CASMI2022,massformer,completed,40,40,105,CASMI_MOL_1196830,CASMI_MOL_221812,221812,COc1ccc(-c2nnc3ccc(OCCNC(=O)Cc4cn(C)c5ccccc45)nn23)cc1,0.2410614679880683,binned_cosine_1Da,87,False,predicted_spectrum,7695
CASMI2022,massformer,completed,40,40,105,CASMI_MOL_1196830,CASMI_MOL_222456,222456,CC(C)C(CO)Nc1nc(N2CCN(c3noc4ccccc34)CC2)nc2c1[S+]([O-])CC2,0.2410123282263699,binned_cosine_1Da,88,False,predicted_spectrum,7695
CASMI2022,massformer,completed,40,40,105,CASMI_MOL_1196830,CASMI_MOL_223766,223766,CC(C)C(CO)Nc1nc(N2CCN(c3noc4ccccc34)CC2)nc2c1[S+]([O-])CC2,0.24101226883784546,binned_cosine_1Da,89,False,predicted_spectrum,7695
CASMI2022,massformer,completed,40,40,105,CASMI_MOL_1196830,CASMI_MOL_224808,224808,CC(C)C(CO)Nc1nc(N2CCN(c3noc4ccccc34)CC2)nc2c1[S+]([O-])CC2,0.24101226883784546,binned_cosine_1Da,90,False,predicted_spectrum,7695
CASMI2022,massformer,completed,40,40,105,CASMI_MOL_1196830,CASMI_MOL_220591,220591,CC(C)(C)Cn1c(NC(=O)c2cccc(C(F)F)c2)nc2cc(N3CCCOC3=O)ccc21,0.2408468417817327,binned_cosine_1Da,91,False,predicted_spectrum,7695
CASMI2022,massformer,completed,40,40,105,CASMI_MOL_1196830,CASMI_MOL_223507,223507,COc1ccc(-c2ccc3c(c2)CCC3=O)c(OCC2(C(=O)OCCCF)CCC2)c1OC,0.24072956986903563,binned_cosine_1Da,92,False,predicted_spectrum,7695
CASMI2022,massformer,completed,40,40,105,CASMI_MOL_1196830,CASMI_MOL_225035,225035,CCSc1nc(NCC(C)C)c2cnn(CCNC(=O)c3ccc(C(=O)OC)cc3)c2n1,0.24069707791808997,binned_cosine_1Da,93,False,predicted_spectrum,7695
CASMI2022,massformer,completed,40,40,105,CASMI_MOL_1196830,CASMI_MOL_221289,221289,CC=C(OC)C(=O)C(=CCC1COc2c(ccc(O)c2CC)C1c1ccc(O)c(F)c1)OC,0.24027376562543334,binned_cosine_1Da,94,False,predicted_spectrum,7695
CASMI2022,massformer,completed,40,40,105,CASMI_MOL_1196830,CASMI_MOL_223685,223685,Cc1cc(CN(C)C(C)C(=O)c2c(N)n(C)c(=O)n(C)c2=O)cc(C)c1OCC(F)(F)F,0.23988417386668112,binned_cosine_1Da,95,False,predicted_spectrum,7695
CASMI2022,massformer,completed,40,40,105,CASMI_MOL_1196830,CASMI_MOL_224095,224095,CCc1noc(C2OC(n3cnc4c(N)nc(NCCc5cn(C)cn5)nc43)C(O)C2O)n1,0.23889408010468513,binned_cosine_1Da,96,False,predicted_spectrum,7695
CASMI2022,massformer,completed,40,40,105,CASMI_MOL_1196830,CASMI_MOL_225681,225681,CCc1noc(C2OC(n3cnc4c(N)nc(NCCc5cn(C)cn5)nc43)C(O)C2O)n1,0.23889408010468513,binned_cosine_1Da,97,False,predicted_spectrum,7695
CASMI2022,massformer,completed,40,40,105,CASMI_MOL_1196830,CASMI_MOL_223621,223621,COc1ccc(N2CCN(C(=O)Cc3c[nH]cn3)C(Cc3ccccc3)C2)cc1OC(F)F,0.23854380642944087,binned_cosine_1Da,98,False,predicted_spectrum,7695
CASMI2022,massformer,completed,40,40,105,CASMI_MOL_1196830,CASMI_MOL_223938,223938,COc1ccc(N2CCN(C(=O)Cc3c[nH]cn3)C(Cc3ccccc3)C2)cc1OC(F)F,0.23854380642944087,binned_cosine_1Da,99,False,predicted_spectrum,7695
CASMI2022,massformer,completed,40,40,105,CASMI_MOL_1196830,CASMI_MOL_219529,219529,CC1COCCN1c1nc(-n2cnc3ccccc32)nc(N)c1CC(C)[S+]([O-])C1COC1,0.23842794455838698,binned_cosine_1Da,100,False,predicted_spectrum,7695
CASMI2022,massformer,completed,40,40,105,CASMI_MOL_1196830,CASMI_MOL_1196830,1196830,CC(C)Nc1cccnc1N1CCN(C(=O)c2cc3cc(NS(C)(=O)=O)ccc3[nH]2)CC1,0.17065929186541604,binned_cosine_1Da,988,True,predicted_spectrum,7695
CASMI2022,massformer,completed,41,41,106,CASMI_MOL_1196831,CASMI_MOL_228740,228740,CCc1cnc(C2CC(CC)(S(=O)(=O)c3cccc(C(F)(F)F)c3)CCO2)c(CC)c1CC,0.07895413466261772,binned_cosine_1Da,1,False,predicted_spectrum,5158
CASMI2022,massformer,completed,41,41,106,CASMI_MOL_1196831,CASMI_MOL_229489,229489,CC(C)(C)N1N=CC(OCc2ccc(OCCOCCOC3CCCCO3)nc2)=C(Cl)C1O,0.052041088973678165,binned_cosine_1Da,2,False,predicted_spectrum,5158
CASMI2022,massformer,completed,41,41,106,CASMI_MOL_1196831,CASMI_MOL_227908,227908,CCc1cnc(N2CCC(c3nc(COc4ccc(C=[N+]([O-])C(C)C)cc4F)cs3)CC2)nc1,0.04729369996454206,binned_cosine_1Da,3,False,predicted_spectrum,5158
CASMI2022,massformer,completed,41,41,106,CASMI_MOL_1196831,CASMI_MOL_227495,227495,CC1(C)C2CCC3(C2)C1c1nn(C(=O)c2ccc(C#N)cc2)c(-c2ccc(Cl)cc2)c1CC3(C)C,0.04566888318546356,binned_cosine_1Da,4,False,predicted_spectrum,5158
CASMI2022,massformer,completed,41,41,106,CASMI_MOL_1196831,CASMI_MOL_230034,230034,CCCCCCCN(CCc1csc(SC(C)(C)C(=O)O)n1)c1nc(C(C)(C)C)cs1,0.044738996858866786,binned_cosine_1Da,5,False,predicted_spectrum,5158
CASMI2022,massformer,completed,41,41,106,CASMI_MOL_1196831,CASMI_MOL_228465,228465,CCC=C(CCNC(=O)c1sc(C(C)=CN=CC=C(C)CC)nc1C)c1cc(Cl)ccc1C,0.043913394410439885,binned_cosine_1Da,6,False,predicted_spectrum,5158
CASMI2022,massformer,completed,41,41,106,CASMI_MOL_1196831,CASMI_MOL_229172,229172,CC(NC(=O)c1cn[nH]c1)c1ccc(OC2CCN(c3ccc(OCC4CC4(F)F)cn3)C2)cc1,0.04310828732081454,binned_cosine_1Da,7,False,predicted_spectrum,5158
CASMI2022,massformer,completed,41,41,106,CASMI_MOL_1196831,CASMI_MOL_227386,227386,CC(NC(=O)c1cn[nH]c1)c1ccc(OC2CCN(c3ccc(OCC4CC4(F)F)cn3)C2)cc1,0.0431082692982548,binned_cosine_1Da,8,False,predicted_spectrum,5158
CASMI2022,massformer,completed,41,41,106,CASMI_MOL_1196831,CASMI_MOL_229173,229173,CC(NC(=O)c1cn[nH]c1)c1ccc(OC2CCN(c3ccc(OCC4CC4(F)F)cn3)C2)cc1,0.0431082692982548,binned_cosine_1Da,9,False,predicted_spectrum,5158
CASMI2022,massformer,completed,41,41,106,CASMI_MOL_1196831,CASMI_MOL_229316,229316,COCc1cnc(N2CCC(C3CC3CCOc3ccc(Cc4nncs4)c(F)c3)CC2)nc1,0.040683003544396135,binned_cosine_1Da,10,False,predicted_spectrum,5158
CASMI2022,massformer,completed,41,41,106,CASMI_MOL_1196831,CASMI_MOL_231559,231559,CC1CCC(C(C)C)C(OC(=O)COC(=O)C2CCN(S(=O)(=O)c3ccc(F)cc3)CC2)C1,0.03874090852946516,binned_cosine_1Da,11,False,predicted_spectrum,5158
CASMI2022,massformer,completed,41,41,106,CASMI_MOL_1196831,CASMI_MOL_227877,227877,CC(C)N(CC1(c2ccc(N(C=O)CCCC(C)N(S)S(O)=S)cc2)CC1)C1CCC1,0.03559297278752724,binned_cosine_1Da,12,False,predicted_spectrum,5158
CASMI2022,massformer,completed,41,41,106,CASMI_MOL_1196831,CASMI_MOL_228939,228939,CCOc1ccc(C(=O)c2c(O)c(O)n(CC3CCCO3)c2-c2sccc2C)cc1C(C)(C)C,0.03475597782016146,binned_cosine_1Da,13,False,predicted_spectrum,5158
CASMI2022,massformer,completed,41,41,106,CASMI_MOL_1196831,CASMI_MOL_231922,231922,Cc1ccc(S(=O)(=O)N2CCCCC2)cc1C(=O)OCC(=O)c1ccc(C2CCCCC2)cc1,0.03434407422691117,binned_cosine_1Da,14,False,predicted_spectrum,5158
CASMI2022,massformer,completed,41,41,106,CASMI_MOL_1196831,CASMI_MOL_227474,227474,C=NC=C(C=C(C)c1ccc(C(=O)N2CCC(F)C(O)C2)cc1Cl)c1ccnc(C(C)(C)C)c1,0.0334192590722563,binned_cosine_1Da,15,False,predicted_spectrum,5158
CASMI2022,massformer,completed,41,41,106,CASMI_MOL_1196831,CASMI_MOL_231891,231891,Cc1ccc(C(=O)OCC(=O)c2ccc(C3CCCCC3)cc2)cc1S(=O)(=O)N1CCCCC1,0.033415828330958075,binned_cosine_1Da,16,False,predicted_spectrum,5158
CASMI2022,massformer,completed,41,41,106,CASMI_MOL_1196831,CASMI_MOL_230033,230033,Cc1csc(N(CCCCCCCC(C)C)CCc2csc(SC(C)(C)C(=O)O)n2)n1,0.033068821357487316,binned_cosine_1Da,17,False,predicted_spectrum,5158
CASMI2022,massformer,completed,41,41,106,CASMI_MOL_1196831,CASMI_MOL_231917,231917,O=C(COC(=O)c1cccc(S(=O)(=O)N2CCCCCC2)c1)c1ccc(C2CCCCC2)cc1,0.03167804207573601,binned_cosine_1Da,18,False,predicted_spectrum,5158
CASMI2022,massformer,completed,41,41,106,CASMI_MOL_1196831,CASMI_MOL_231920,231920,Cc1ccc(C)c(C(=O)COC(=O)c2cccc(S(=O)(=O)N3CC4(C)CC3CC(C)(C)C4)c2)c1,0.030784062388164665,binned_cosine_1Da,19,False,predicted_spectrum,5158
CASMI2022,massformer,completed,41,41,106,CASMI_MOL_1196831,CASMI_MOL_230932,230932,Fc1ccc(F)c(CN2CCOc3ccc(CN4CCC(Oc5cccnc5)CC4)cc3C2)c1F,0.03058395168446987,binned_cosine_1Da,20,False,predicted_spectrum,5158
CASMI2022,massformer,completed,41,41,106,CASMI_MOL_1196831,CASMI_MOL_228571,228571,CCCCCCCCCc1cc(F)ccc1NS(=O)(=O)C1CCC2(C=C1C(=O)O)OCCO2,0.030480311276046577,binned_cosine_1Da,21,False,predicted_spectrum,5158
CASMI2022,massformer,completed,41,41,106,CASMI_MOL_1196831,CASMI_MOL_227947,227947,[H]N(C(=O)c1cccc(C(=N)N)c1)C(C(=O)NC(Cc1c[nH]c2ccccc12)C(N)=O)c1ccccc1,0.03033790074566409,binned_cosine_1Da,22,False,predicted_spectrum,5158
CASMI2022,massformer,completed,41,41,106,CASMI_MOL_1196831,CASMI_MOL_231841,231841,O=C(COC(=O)c1ccc(S(=O)(=O)N2CCCCCC2)cc1)c1ccc(C2CCCCC2)cc1,0.0294172897316808,binned_cosine_1Da,23,False,predicted_spectrum,5158
CASMI2022,massformer,completed,41,41,106,CASMI_MOL_1196831,CASMI_MOL_229234,229234,CC=CC(CN)C(O)C(C(=CC)c1ccc(Cl)s1)C(C(C)CC)C1C=CC(Cl)CCC1,0.029011000010848983,binned_cosine_1Da,24,False,predicted_spectrum,5158
CASMI2022,massformer,completed,41,41,106,CASMI_MOL_1196831,CASMI_MOL_228815,228815,Cc1noc(Cn2cc(C(Cc3cn(Cc4ncno4)nn3)N(C(=O)O)C3CCCCC3)nn2)n1,0.02873337444387957,binned_cosine_1Da,25,False,predicted_spectrum,5158
CASMI2022,massformer,completed,41,41,106,CASMI_MOL_1196831,CASMI_MOL_231805,231805,CCCCOc1ccc(-c2c(C(=O)c3ccc(F)cc3)c(O)c(O)n2CC2CCCO2)cc1OC,0.028227767855781523,binned_cosine_1Da,26,False,predicted_spectrum,5158
CASMI2022,massformer,completed,41,41,106,CASMI_MOL_1196831,CASMI_MOL_231880,231880,CCCCOc1ccc(-c2c(C(=O)c3ccc(F)cc3)c(O)c(O)n2CC2CCCO2)cc1OC,0.028227767855781523,binned_cosine_1Da,27,False,predicted_spectrum,5158
CASMI2022,massformer,completed,41,41,106,CASMI_MOL_1196831,CASMI_MOL_228816,228816,Cc1nc(Cn2cc(C(Cc3cn(Cc4ncon4)nn3)N(C(=O)O)C3CCCCC3)nn2)no1,0.028066788957688486,binned_cosine_1Da,28,False,predicted_spectrum,5158
CASMI2022,massformer,completed,41,41,106,CASMI_MOL_1196831,CASMI_MOL_231927,231927,Cc1nc2nn(C)cc2c(=O)n1NC(=O)c1csc(C2CCN(C(=O)C3CCCCC3)CC2)n1,0.027643012191640882,binned_cosine_1Da,29,False,predicted_spectrum,5158
CASMI2022,massformer,completed,41,41,106,CASMI_MOL_1196831,CASMI_MOL_229989,229989,CC(Sc1nnc(COc2ccccc2F)n1C(C)C1CC2CCC1C2)c1nc(C2CC2)no1,0.027572014063645692,binned_cosine_1Da,30,False,predicted_spectrum,5158
CASMI2022,massformer,completed,41,41,106,CASMI_MOL_1196831,CASMI_MOL_229497,229497,COc1ccc(CC2C(=O)CC3CCN(S(=O)(=O)c4ccc(OC)cc4)C4CCCC2C34)cc1,0.027399281735775965,binned_cosine_1Da,31,False,predicted_spectrum,5158
CASMI2022,massformer,completed,41,41,106,CASMI_MOL_1196831,CASMI_MOL_228398,228398,CC(C)(C)OC(=O)N1CCCC1c1ncc(-c2ccc(Cl)nn2)n1COCCS(C)(C)C,0.027265299507437717,binned_cosine_1Da,32,False,predicted_spectrum,5158
CASMI2022,massformer,completed,41,41,106,CASMI_MOL_1196831,CASMI_MOL_228269,228269,CC=CC=C(CC(=NO)N=C(C)N(NC)C(C)N1CCC(S(C)(=O)=O)CC1)OC(F)(F)F,0.02702563244861278,binned_cosine_1Da,33,False,predicted_spectrum,5158
CASMI2022,massformer,completed,41,41,106,CASMI_MOL_1196831,CASMI_MOL_231115,231115,Cc1ccc(C(=O)COC(=O)c2cccc(S(=O)(=O)N3CC4(C)CC3CC(C)(C)C4)c2)cc1C,0.026467205133652215,binned_cosine_1Da,34,False,predicted_spectrum,5158
CASMI2022,massformer,completed,41,41,106,CASMI_MOL_1196831,CASMI_MOL_231921,231921,CCc1ccc(C(=O)COC(=O)c2cccc(S(=O)(=O)N3CC4(C)CC3CC(C)(C)C4)c2)cc1,0.026358787965982258,binned_cosine_1Da,35,False,predicted_spectrum,5158
CASMI2022,massformer,completed,41,41,106,CASMI_MOL_1196831,CASMI_MOL_230169,230169,CC(C)S(=O)(=O)CC1CCC(C(=O)Cc2ccc(S(=O)(=O)NC3CCCCC3)cc2)CC1,0.026124580101848295,binned_cosine_1Da,36,False,predicted_spectrum,5158
CASMI2022,massformer,completed,41,41,106,CASMI_MOL_1196831,CASMI_MOL_231179,231179,COc1ccc(C(C)(C)c2cc(C(C)(C)C)cc(-n3nc4ccc(C(F)(F)F)cc4n3)c2O)cc1,0.02602472435337801,binned_cosine_1Da,37,False,predicted_spectrum,5158
CASMI2022,massformer,completed,41,41,106,CASMI_MOL_1196831,CASMI_MOL_230171,230171,CC(C)(C)S(=O)(=O)CC1CCC(C(=O)Cc2ccc(S(=O)(=O)N3CCCCC3)cc2)CC1,0.02582491604054075,binned_cosine_1Da,38,False,predicted_spectrum,5158
CASMI2022,massformer,completed,41,41,106,CASMI_MOL_1196831,CASMI_MOL_227249,227249,[C-]#[N+]C1=CC2(C)c3nc(-c4ccc(C(C)C)cc4)n(Cc4ccc(Cl)cc4)c3CCC2C(C)C1=O,0.02565721408657215,binned_cosine_1Da,39,False,predicted_spectrum,5158
CASMI2022,massformer,completed,41,41,106,CASMI_MOL_1196831,CASMI_MOL_229970,229970,Cc1cc(C#N)cc(C)c1OCC(C1CCCCC1)n1c(-c2ccc(Cl)cc2)nc2ccccc21,0.025605571827905807,binned_cosine_1Da,40,False,predicted_spectrum,5158
CASMI2022,massformer,completed,41,41,106,CASMI_MOL_1196831,CASMI_MOL_229994,229994,CC1CCN(C(CNC(=O)CSc2nncn2-c2ccc(C(C)C)cc2)c2cccs2)CC1,0.02546716525403708,binned_cosine_1Da,41,False,predicted_spectrum,5158
CASMI2022,massformer,completed,41,41,106,CASMI_MOL_1196831,CASMI_MOL_231270,231270,C=CCn1c(CCC2CCCCC2)nnc1SCC(=O)Nc1sc2c(c1C#N)CCC(C)C2,0.025450074538573713,binned_cosine_1Da,42,False,predicted_spectrum,5158
CASMI2022,massformer,completed,41,41,106,CASMI_MOL_1196831,CASMI_MOL_231269,231269,C=CCn1c(CCC2CCCCC2)nnc1SCC(=O)Nc1sc2c(c1C#N)CCCCC2,0.025345656107196343,binned_cosine_1Da,43,False,predicted_spectrum,5158
CASMI2022,massformer,completed,41,41,106,CASMI_MOL_1196831,CASMI_MOL_231028,231028,CCN(CC)S(=O)(=O)c1ccc2nn(CN3CCN(CC(=O)NC(C)C)CC3)c(=S)n2c1,0.025189866476660588,binned_cosine_1Da,44,False,predicted_spectrum,5158
CASMI2022,massformer,completed,41,41,106,CASMI_MOL_1196831,CASMI_MOL_229189,229189,Cn1cc(CCN2CCCC2)c2cc(C(=O)N3CCC(Oc4ccc(F)cc4)CC3)c(Cl)cc21,0.025180399369256725,binned_cosine_1Da,45,False,predicted_spectrum,5158
CASMI2022,massformer,completed,41,41,106,CASMI_MOL_1196831,CASMI_MOL_228091,228091,C=C(COC1CC2CC1C(CC)N2C(=O)OC(C)(C)C)N(c1c(Cl)cccc1Cl)N(C)C,0.025003861905954976,binned_cosine_1Da,46,False,predicted_spectrum,5158
CASMI2022,massformer,completed,41,41,106,CASMI_MOL_1196831,CASMI_MOL_227717,227717,Cc1nc(C=C(F)C2CC3OC3(C)CCCC(C)C(O)C(C)C(=O)CC(O)CC(=O)O2)cs1,0.024617629524166105,binned_cosine_1Da,47,False,predicted_spectrum,5158
CASMI2022,massformer,completed,41,41,106,CASMI_MOL_1196831,CASMI_MOL_230011,230011,Cc1nc(C=C(F)C2CC3OC3(C)CCCC(C)C(O)C(C)C(=O)CC(O)CC(=O)O2)cs1,0.024617629524166105,binned_cosine_1Da,48,False,predicted_spectrum,5158
CASMI2022,massformer,completed,41,41,106,CASMI_MOL_1196831,CASMI_MOL_229199,229199,Cc1nc(C=C(F)C2CC3OC3(C)CCCC(C)C(O)C(C)C(=O)CC(O)CC(=O)O2)cs1,0.024617627853642462,binned_cosine_1Da,49,False,predicted_spectrum,5158
CASMI2022,massformer,completed,41,41,106,CASMI_MOL_1196831,CASMI_MOL_231247,231247,Cc1nc(C=C(F)C2CC3OC3(C)CCCC(C)C(O)C(C)C(=O)CC(O)CC(=O)O2)cs1,0.024617627853642462,binned_cosine_1Da,50,False,predicted_spectrum,5158
CASMI2022,massformer,completed,41,41,106,CASMI_MOL_1196831,CASMI_MOL_229995,229995,CC(Sc1nnc(-c2cccs2)n1C(C)C1CC2CCC1C2)C(=O)NC1(C#N)CCCCC1,0.024457994267725942,binned_cosine_1Da,51,False,predicted_spectrum,5158
CASMI2022,massformer,completed,41,41,106,CASMI_MOL_1196831,CASMI_MOL_228068,228068,Cc1nnc(CC(=O)NC2CCC(CCN3CCc4nc(OCC(F)F)sc4CC3)CC2)o1,0.024343729460795847,binned_cosine_1Da,52,False,predicted_spectrum,5158
CASMI2022,massformer,completed,41,41,106,CASMI_MOL_1196831,CASMI_MOL_231027,231027,CCCNC(=O)CN1CCN(Cn2nc3ccc(S(=O)(=O)N(CC)CC)cn3c2=S)CC1,0.0242746546990035,binned_cosine_1Da,53,False,predicted_spectrum,5158
CASMI2022,massformer,completed,41,41,106,CASMI_MOL_1196831,CASMI_MOL_231591,231591,CCCCn1c(=O)[nH]c(=O)c2c1nc(CSc1nnc(-c3ccco3)n1C1CCCCC1)n2C,0.023951321426222284,binned_cosine_1Da,54,False,predicted_spectrum,5158
CASMI2022,massformer,completed,41,41,106,CASMI_MOL_1196831,CASMI_MOL_231572,231572,CCCn1c(N)c(C(=O)CSc2nnc(-c3cccnc3)n2C2CCCCC2C)c(=O)[nH]c1=O,0.023891529081279936,binned_cosine_1Da,55,False,predicted_spectrum,5158
CASMI2022,massformer,completed,41,41,106,CASMI_MOL_1196831,CASMI_MOL_228070,228070,Cc1nnc(CC(=O)NC2CCC(CCN3CCc4sc(OCC(C)(F)F)nc4C3)CC2)o1,0.02374511278741044,binned_cosine_1Da,56,False,predicted_spectrum,5158
CASMI2022,massformer,completed,41,41,106,CASMI_MOL_1196831,CASMI_MOL_231267,231267,C=CCn1c(CC2CCCCC2)nnc1SCC(=O)Nc1sc2c(c1C#N)CCC(CC)C2,0.023703667147414148,binned_cosine_1Da,57,False,predicted_spectrum,5158
CASMI2022,massformer,completed,41,41,106,CASMI_MOL_1196831,CASMI_MOL_231268,231268,C=CCn1c(CC2CCCCC2)nnc1SCC(=O)Nc1sc2c(c1C#N)CCCCCC2,0.023518590085745087,binned_cosine_1Da,58,False,predicted_spectrum,5158
CASMI2022,massformer,completed,41,41,106,CASMI_MOL_1196831,CASMI_MOL_230173,230173,CC(C)(C)S(=O)(=O)CC1CCC(C(=O)Cc2cccc(S(=O)(=O)N3CCCCC3)c2)CC1,0.023189131309255,binned_cosine_1Da,59,False,predicted_spectrum,5158
CASMI2022,massformer,completed,41,41,106,CASMI_MOL_1196831,CASMI_MOL_231675,231675,[H]C1C([H])(O)C2C(C(=O)OCC)C2C1(NC(=O)OCC1c2ccccc2-c2ccccc21)C(=O)OCC,0.022870567517292315,binned_cosine_1Da,60,False,predicted_spectrum,5158
CASMI2022,massformer,completed,41,41,106,CASMI_MOL_1196831,CASMI_MOL_231678,231678,[H]C1C([H])(O)C2C(C(=O)OCC)C2C1(NC(=O)OCC1c2ccccc2-c2ccccc21)C(=O)OCC,0.022870567517292315,binned_cosine_1Da,61,False,predicted_spectrum,5158
CASMI2022,massformer,completed,41,41,106,CASMI_MOL_1196831,CASMI_MOL_227422,227422,Cc1nc(-c2nnn(C)c2CNc2nc(C3CCC3)ns2)ccc1OC1CCCC(C(=O)O)C1,0.022169547438975742,binned_cosine_1Da,62,False,predicted_spectrum,5158
CASMI2022,massformer,completed,41,41,106,CASMI_MOL_1196831,CASMI_MOL_228399,228399,CC(C)(C)OC(=O)N1CCCC1c1ncc(-c2cnc(Cl)nc2)n1COCCS(C)(C)C,0.022144107447549542,binned_cosine_1Da,63,False,predicted_spectrum,5158
CASMI2022,massformer,completed,41,41,106,CASMI_MOL_1196831,CASMI_MOL_228072,228072,Cc1nonc1CC(=O)NC1CCC(CCN2CCc3nc(OCC(F)F)sc3CC2)CC1,0.021918001367633125,binned_cosine_1Da,64,False,predicted_spectrum,5158
CASMI2022,massformer,completed,41,41,106,CASMI_MOL_1196831,CASMI_MOL_228073,228073,Cc1nc(CC(=O)NC2CCC(CCN3CCc4nc(OCC(F)F)sc4CC3)CC2)no1,0.02188031754143175,binned_cosine_1Da,65,False,predicted_spectrum,5158
CASMI2022,massformer,completed,41,41,106,CASMI_MOL_1196831,CASMI_MOL_230753,230753,COc1ccc(CCNC(=O)CSc2nnc(CN3CCCCC3)n2-c2ccc(F)cc2)cc1,0.02179184102672353,binned_cosine_1Da,66,False,predicted_spectrum,5158
CASMI2022,massformer,completed,41,41,106,CASMI_MOL_1196831,CASMI_MOL_228071,228071,Cc1nonc1CC(=O)NC1CCC(CCN2CCc3sc(OCC(C)(F)F)nc3C2)CC1,0.02166682562619039,binned_cosine_1Da,67,False,predicted_spectrum,5158
CASMI2022,massformer,completed,41,41,106,CASMI_MOL_1196831,CASMI_MOL_227425,227425,CCc1nc(-c2nnn(C)c2CNc2nc(C3CC3)ns2)ccc1OC1CCCC(C(=O)O)C1,0.021618024236549214,binned_cosine_1Da,68,False,predicted_spectrum,5158
CASMI2022,massformer,completed,41,41,106,CASMI_MOL_1196831,CASMI_MOL_228069,228069,Cc1nc(CC(=O)NC2CCC(CCN3CCc4sc(OCC(C)(F)F)nc4C3)CC2)no1,0.021572966634364567,binned_cosine_1Da,69,False,predicted_spectrum,5158
CASMI2022,massformer,completed,41,41,106,CASMI_MOL_1196831,CASMI_MOL_227332,227332,CC(C)(C)Nc1ncnc2c(CC(=O)c3ccc(F)c(CCC(=O)C(C)(C)C)c3Cl)cccc12,0.02150885765359827,binned_cosine_1Da,70,False,predicted_spectrum,5158
CASMI2022,massformer,completed,41,41,106,CASMI_MOL_1196831,CASMI_MOL_228067,228067,Cc1noc(CC(=O)NC2CCC(CCN3CCc4sc(OCC(C)(F)F)nc4C3)CC2)n1,0.021416239376934595,binned_cosine_1Da,71,False,predicted_spectrum,5158
CASMI2022,massformer,completed,41,41,106,CASMI_MOL_1196831,CASMI_MOL_231641,231641,Cc1ccc(-c2nc(NC(=O)CN3CCN(CC(=O)NC(C)C)CC3)cc(-c3nccs3)n2)o1,0.021276513294697992,binned_cosine_1Da,72,False,predicted_spectrum,5158
CASMI2022,massformer,completed,41,41,106,CASMI_MOL_1196831,CASMI_MOL_231714,231714,CC(=O)c1ccc(-c2cc(N(C(=O)C3CCC(C)CC3)C3CCC(O)CC3)c(C(=O)O)s2)cc1,0.021233525614152274,binned_cosine_1Da,73,False,predicted_spectrum,5158
CASMI2022,massformer,completed,41,41,106,CASMI_MOL_1196831,CASMI_MOL_230172,230172,CC(C)S(=O)(=O)CC1CCC(C(=O)Cc2cccc(S(=O)(=O)NC3CCCCC3)c2)CC1,0.02122135997389147,binned_cosine_1Da,74,False,predicted_spectrum,5158
CASMI2022,massformer,completed,41,41,106,CASMI_MOL_1196831,CASMI_MOL_229551,229551,CCCCOc1c(C)c(COc2cccc(OCC3CCS(=O)(=O)CC3)c2)nc2ccccc12,0.021095535082199003,binned_cosine_1Da,75,False,predicted_spectrum,5158
CASMI2022,massformer,completed,41,41,106,CASMI_MOL_1196831,CASMI_MOL_229287,229287,O=S1(=O)C(c2ccccc2)CCCN1CCc1ccc(N2CCC(c3c[nH]nn3)CC2)cc1F,0.021089865975182955,binned_cosine_1Da,76,False,predicted_spectrum,5158
CASMI2022,massformer,completed,41,41,106,CASMI_MOL_1196831,CASMI_MOL_227430,227430,CC(C)(C)OC(=O)NCC(=CF)COc1ccc(S(=O)(=O)CC23CCC(O)(CC2)CC3)cc1,0.02103207436516503,binned_cosine_1Da,77,False,predicted_spectrum,5158
CASMI2022,massformer,completed,41,41,106,CASMI_MOL_1196831,CASMI_MOL_227539,227539,COC(=O)CCCCCc1cc(Cl)cc(NC(=O)C(CCC(N)=O)NC(=O)OC(C)(C)C)c1,0.021013439250542113,binned_cosine_1Da,78,False,predicted_spectrum,5158
CASMI2022,massformer,completed,41,41,106,CASMI_MOL_1196831,CASMI_MOL_230620,230620,Cc1cc(C#N)cc(C)c1OCC(c1c2ccccc2nn1-c1ccc(Cl)cc1)C1CCCCC1,0.020902604409098406,binned_cosine_1Da,79,False,predicted_spectrum,5158
CASMI2022,massformer,completed,41,41,106,CASMI_MOL_1196831,CASMI_MOL_229545,229545,CCNC(=O)C(C#N)=c1sc(=CNc2cccc(NC(=O)CN3CCCCC3)n2)c(=O)n1CC,0.020503085516884238,binned_cosine_1Da,80,False,predicted_spectrum,5158
CASMI2022,massformer,completed,41,41,106,CASMI_MOL_1196831,CASMI_MOL_230096,230096,CCNC(=O)C(C#N)=c1sc(=CNc2cccc(NC(=O)CN3CCCCC3)n2)c(=O)n1CC,0.020503085516884238,binned_cosine_1Da,81,False,predicted_spectrum,5158
CASMI2022,massformer,completed,41,41,106,CASMI_MOL_1196831,CASMI_MOL_231563,231563,Cn1c(N)c(C(=O)CSc2nnc(CN3CCCCC3)n2Cc2ccccc2)c(=O)n(C)c1=O,0.020316388783752665,binned_cosine_1Da,82,False,predicted_spectrum,5158
CASMI2022,massformer,completed,41,41,106,CASMI_MOL_1196831,CASMI_MOL_226974,226974,CC1COCCN1C1CC(=O)NC(N2CCN(S(=O)(=O)N3CCCC3)CC2C(F)(F)F)C1,0.020299940214271717,binned_cosine_1Da,83,False,predicted_spectrum,5158
CASMI2022,massformer,completed,41,41,106,CASMI_MOL_1196831,CASMI_MOL_229318,229318,CN(Cc1nn(CC2CCCCC2)c(OCc2cc(F)ccc2F)c1Cl)C(=O)OC(C)(C)C,0.019715694827497632,binned_cosine_1Da,84,False,predicted_spectrum,5158
CASMI2022,massformer,completed,41,41,106,CASMI_MOL_1196831,CASMI_MOL_227084,227084,Cn1ccnc1SCCC(=O)N1CCC2(CC1)COC(CNC(=O)c1cnn3ccncc13)C2,0.01967061190591385,binned_cosine_1Da,85,False,predicted_spectrum,5158
CASMI2022,massformer,completed,41,41,106,CASMI_MOL_1196831,CASMI_MOL_228639,228639,Cc1oc(=O)oc1COC(=O)C=CC(=O)OCC(C)(CO)C(=O)OCCCCN1CCCCC1,0.019405132563578065,binned_cosine_1Da,86,False,predicted_spectrum,5158
CASMI2022,massformer,completed,41,41,106,CASMI_MOL_1196831,CASMI_MOL_227859,227859,CCc1ccc(O)cc1C(=O)Nc1cnc(NC(=S)N=C(C)C(=O)NCCN2CCCC2)nc1,0.01938844890991015,binned_cosine_1Da,87,False,predicted_spectrum,5158
CASMI2022,massformer,completed,41,41,106,CASMI_MOL_1196831,CASMI_MOL_230317,230317,Cc1cc(NC(=O)CCc2nc3cc(S(=O)(=O)N4CCCCC4)ccc3n2C)n(CCC#N)n1,0.019387196376232478,binned_cosine_1Da,88,False,predicted_spectrum,5158
CASMI2022,massformer,completed,41,41,106,CASMI_MOL_1196831,CASMI_MOL_231032,231032,CC(C)Cn1c(N)c(C(=O)CSc2nnc(N3CCCCC3)n2-c2ccccc2)c(=O)[nH]c1=O,0.019336098107638925,binned_cosine_1Da,89,False,predicted_spectrum,5158
CASMI2022,massformer,completed,41,41,106,CASMI_MOL_1196831,CASMI_MOL_230295,230295,CC(C)C(C)NC(=O)C1CCN(Cn2nc(-c3cccs3)n(Cc3ccccc3)c2=S)CC1,0.019237854678214993,binned_cosine_1Da,90,False,predicted_spectrum,5158
CASMI2022,massformer,completed,41,41,106,CASMI_MOL_1196831,CASMI_MOL_229297,229297,O=S1(=O)C(c2ccccc2)CCCN1CCc1ccc(N2CCC(n3cnnc3)CC2)cc1F,0.019207687283961564,binned_cosine_1Da,91,False,predicted_spectrum,5158
CASMI2022,massformer,completed,41,41,106,CASMI_MOL_1196831,CASMI_MOL_226984,226984,Cn1nnnc1SCC(=O)Nc1ccc(C(=O)NNC(=O)CC23CC4CC(CC(C4)C2)C3)cc1,0.019180657067518682,binned_cosine_1Da,92,False,predicted_spectrum,5158
CASMI2022,massformer,completed,41,41,106,CASMI_MOL_1196831,CASMI_MOL_229432,229432,CN(C(=O)NC1CCC(CCN2CCN(c3nsc4ccccc34)CC2)CC1)c1cccs1,0.019101236839667305,binned_cosine_1Da,93,False,predicted_spectrum,5158
CASMI2022,massformer,completed,41,41,106,CASMI_MOL_1196831,CASMI_MOL_228474,228474,C=COCC1OC(CC23COC(C)=NC(COC=C)(O2)C(O)C3O)C(OC=C)C(O)C1OC=C,0.01908104231851215,binned_cosine_1Da,94,False,predicted_spectrum,5158
CASMI2022,massformer,completed,41,41,106,CASMI_MOL_1196831,CASMI_MOL_227509,227509,Cn1ccc(S(=O)(=O)N2CCC(Nc3ncc4ccc(=O)n(C5CC6CCC5C6)c4n3)CC2)n1,0.019047276061165047,binned_cosine_1Da,95,False,predicted_spectrum,5158
CASMI2022,massformer,completed,41,41,106,CASMI_MOL_1196831,CASMI_MOL_231154,231154,Cc1ccc(C=Cc2cc3c(cc2CSc2nc4ccccc4s2)C(C)(C)CCC3(C)C)cc1,0.0189808278213549,binned_cosine_1Da,96,False,predicted_spectrum,5158
CASMI2022,massformer,completed,41,41,106,CASMI_MOL_1196831,CASMI_MOL_230350,230350,COc1ccc(-c2n[nH]c(=S)n2CCC(=O)Nc2ccc(N(C)C3CCCCC3)c(F)c2)cc1,0.018974849134668282,binned_cosine_1Da,97,False,predicted_spectrum,5158
CASMI2022,massformer,completed,41,41,106,CASMI_MOL_1196831,CASMI_MOL_230013,230013,CCC(C(=O)N=C(CCC(C)=O)CC1CCNC1=O)n1cccc(NC(=O)c2cc(C)on2)c1=O,0.018824201362148615,binned_cosine_1Da,98,False,predicted_spectrum,5158
CASMI2022,massformer,completed,41,41,106,CASMI_MOL_1196831,CASMI_MOL_230602,230602,CC(Sc1nnc(CN2CCCC2)n1Cc1ccccc1)C(=O)c1c(N)n(C)c(=O)n(C)c1=O,0.01881612522771773,binned_cosine_1Da,99,False,predicted_spectrum,5158
CASMI2022,massformer,completed,41,41,106,CASMI_MOL_1196831,CASMI_MOL_230276,230276,NCC(=O)N1CCCC1C(=O)NC(CC(=O)N1CCCC1C(N)=O)Cc1cc(F)c(F)cc1F,0.018809285198083184,binned_cosine_1Da,100,False,predicted_spectrum,5158
CASMI2022,massformer,completed,41,41,106,CASMI_MOL_1196831,CASMI_MOL_1196831,1196831,O=C(c1ccc(Nc2nccc(-c3cc4ccccc4s3)n2)cc1)N1CCC(N2CCCC2)CC1,0.007593515008512202,binned_cosine_1Da,987,True,predicted_spectrum,5158
CASMI2022,massformer,completed,42,42,112,CASMI_MOL_1196832,CASMI_MOL_237241,237241,COc1cccc(C2Nc3c(cccc3C(=O)N3CCC(C)(O)C3)CC2(C)C)c1,0.30062902736082614,binned_cosine_1Da,1,False,predicted_spectrum,9484
CASMI2022,massformer,completed,42,42,112,CASMI_MOL_1196832,CASMI_MOL_232266,232266,[H]C([H])([H])n1c(-c2ccnc(-c3cc(C(C)(C)C)c4ccccc4c3)c2)nc2ccccc21,0.2693580983942522,binned_cosine_1Da,2,False,predicted_spectrum,9484
CASMI2022,massformer,completed,42,42,112,CASMI_MOL_1196832,CASMI_MOL_235520,235520,CCOCc1cc(CN2CCC3(CCc4ccccc4C(=O)N3)C2)ccc1OC,0.2613697545679448,binned_cosine_1Da,3,False,predicted_spectrum,9484
CASMI2022,massformer,completed,42,42,112,CASMI_MOL_1196832,CASMI_MOL_234521,234521,COC(=O)C(OC(C)(C)C)c1c(C)c(N)c2[nH]c(C)cc2c1-c1ccc(C)cc1,0.25258811598778685,binned_cosine_1Da,4,False,predicted_spectrum,9484
CASMI2022,massformer,completed,42,42,112,CASMI_MOL_1196832,CASMI_MOL_241132,241132,CCCNC(=O)C1(C)c2ccccc2C(=O)N(C(C)C)C1c1ccc(CO)cc1,0.25132134266858286,binned_cosine_1Da,5,False,predicted_spectrum,9484
CASMI2022,massformer,completed,42,42,112,CASMI_MOL_1196832,CASMI_MOL_233447,233447,COCCN(c1ccc(C2CC2)cc1)c1ccc2c(c1)CCCC2CNC(=O)O,0.24519502272463378,binned_cosine_1Da,6,False,predicted_spectrum,9484
CASMI2022,massformer,completed,42,42,112,CASMI_MOL_1196832,CASMI_MOL_232194,232194,COCCOCc1cc(NC2CCC(O)CC2)c2[nH]c(-c3ccccc3)cc2c1,0.24177940837004322,binned_cosine_1Da,7,False,predicted_spectrum,9484
CASMI2022,massformer,completed,42,42,112,CASMI_MOL_1196832,CASMI_MOL_238644,238644,CC(C)(C)C(=O)Nc1cccc(-c2ccc3c(c2)C(C)(C)C(C(O)=NO)CC3)c1,0.2416958070722482,binned_cosine_1Da,8,False,predicted_spectrum,9484
CASMI2022,massformer,completed,42,42,112,CASMI_MOL_1196832,CASMI_MOL_232193,232193,COCCOCc1cc(NC2CCOCC2)c2c(c1)cc(-c1ccccc1)n2C,0.2408769504585234,binned_cosine_1Da,9,False,predicted_spectrum,9484
CASMI2022,massformer,completed,42,42,112,CASMI_MOL_1196832,CASMI_MOL_233383,233383,CCN1OC=C(c2ccc3c(c2)CCN(C)C3)C1c1cc(C(C)C)c(O)cc1O,0.2388006557506417,binned_cosine_1Da,10,False,predicted_spectrum,9484
CASMI2022,massformer,completed,42,42,112,CASMI_MOL_1196832,CASMI_MOL_238604,238604,COc1cccc(C2Nc3ccc(C(=O)N4CCC(C)(O)C4)cc3CC2(C)C)c1,0.2347813192369927,binned_cosine_1Da,11,False,predicted_spectrum,9484
CASMI2022,massformer,completed,42,42,112,CASMI_MOL_1196832,CASMI_MOL_233241,233241,CCC(OC)C1CCN2c3c(cccc31)C(=O)NC2c1ccc(OC(C)C)cc1,0.23165013287622685,binned_cosine_1Da,12,False,predicted_spectrum,9484
CASMI2022,massformer,completed,42,42,112,CASMI_MOL_1196832,CASMI_MOL_233161,233161,Cc1cccc2c1NC(=O)C2(c1ccc(OC(O)N(C)C)cc1)C1CCCCC1,0.22987947331843486,binned_cosine_1Da,13,False,predicted_spectrum,9484
CASMI2022,massformer,completed,42,42,112,CASMI_MOL_1196832,CASMI_MOL_232278,232278,CC(C)(O)CC(=O)NC1C=CCN(C(=O)C(C)(C)c2ccc3ccccc3c2)C1,0.2215563985543781,binned_cosine_1Da,14,False,predicted_spectrum,9484
CASMI2022,massformer,completed,42,42,112,CASMI_MOL_1196832,CASMI_MOL_236916,236916,COc1ccc(CN2CC(CO)C3(CCc4ccccc4C(=O)N3)C2)c(C)c1C,0.22031404654005957,binned_cosine_1Da,15,False,predicted_spectrum,9484
CASMI2022,massformer,completed,42,42,112,CASMI_MOL_1196832,CASMI_MOL_238991,238991,COc1ccc2[nH]cc(C3CCN(CCOCCOc4ccccc4)CC3)c2c1,0.21813809735359924,binned_cosine_1Da,16,False,predicted_spectrum,9484
CASMI2022,massformer,completed,42,42,112,CASMI_MOL_1196832,CASMI_MOL_232189,232189,CCOCCOCc1cc(NC2CCOCC2)c2[nH]c(-c3ccccc3)cc2c1,0.21576133770689226,binned_cosine_1Da,17,False,predicted_spectrum,9484
CASMI2022,massformer,completed,42,42,112,CASMI_MOL_1196832,CASMI_MOL_232191,232191,COCCOCc1cc(NC2CCOCC2)c2[nH]c(-c3ccc(C)cc3)cc2c1,0.215396700368078,binned_cosine_1Da,18,False,predicted_spectrum,9484
CASMI2022,massformer,completed,42,42,112,CASMI_MOL_1196832,CASMI_MOL_236196,236196,CCN1CC(CCNCCOCC=O)C(c2ccccc2)(c2ccccc2)C1=O,0.21519106012019415,binned_cosine_1Da,19,False,predicted_spectrum,9484
CASMI2022,massformer,completed,42,42,112,CASMI_MOL_1196832,CASMI_MOL_239478,239478,CCC(=O)N1CCc2cc(-c3ccc(C(=O)NCCCOC(C)C)cc3)ccc21,0.2141398460985201,binned_cosine_1Da,20,False,predicted_spectrum,9484
CASMI2022,massformer,completed,42,42,112,CASMI_MOL_1196832,CASMI_MOL_235552,235552,CCN1CCN(C(=O)COC)CC(Cc2cccc(-c3ccccc3C)c2)C1=O,0.21331824916362555,binned_cosine_1Da,21,False,predicted_spectrum,9484
CASMI2022,massformer,completed,42,42,112,CASMI_MOL_1196832,CASMI_MOL_237148,237148,CNC(=O)Cc1ccc(-c2ccc3c(c2)CCN(C(=O)O)CC3C(C)(C)C)cc1,0.21313003505029052,binned_cosine_1Da,22,False,predicted_spectrum,9484
CASMI2022,massformer,completed,42,42,112,CASMI_MOL_1196832,CASMI_MOL_232383,232383,CN(C)C1CCCC(CO)(NC(=O)OCC2c3ccccc3-c3ccccc32)C1,0.2125234381520955,binned_cosine_1Da,23,False,predicted_spectrum,9484
CASMI2022,massformer,completed,42,42,112,CASMI_MOL_1196832,CASMI_MOL_235528,235528,CC(=O)N1CCOC(Cc2cccc(-c3ccc(C)cc3)c2)(C(=O)NC(C)C)C1,0.212523210002302,binned_cosine_1Da,24,False,predicted_spectrum,9484
CASMI2022,massformer,completed,42,42,112,CASMI_MOL_1196832,CASMI_MOL_236642,236642,CC(=O)N1CCOC(Cc2cccc(-c3ccc(C)cc3)c2)(C(=O)NC(C)C)C1,0.212523210002302,binned_cosine_1Da,25,False,predicted_spectrum,9484
CASMI2022,massformer,completed,42,42,112,CASMI_MOL_1196832,CASMI_MOL_236641,236641,CC(=O)N1CCOC(Cc2cccc(-c3ccc(C)cc3)c2)(C(=O)NC(C)C)C1,0.21252320631782615,binned_cosine_1Da,26,False,predicted_spectrum,9484
CASMI2022,massformer,completed,42,42,112,CASMI_MOL_1196832,CASMI_MOL_234091,234091,CCCC(=O)Nc1ccc2c(c1)N(C(=O)COCC(C)C)c1ccccc1CC2,0.21204480566033418,binned_cosine_1Da,27,False,predicted_spectrum,9484
CASMI2022,massformer,completed,42,42,112,CASMI_MOL_1196832,CASMI_MOL_235526,235526,Cc1cccc(-c2ccc(CC3(C(N)=O)CN(C(=O)C(C)(C)C)CCO3)cc2)c1,0.21137536306600532,binned_cosine_1Da,28,False,predicted_spectrum,9484
CASMI2022,massformer,completed,42,42,112,CASMI_MOL_1196832,CASMI_MOL_236639,236639,Cc1cccc(-c2ccc(CC3(C(N)=O)CN(C(=O)C(C)(C)C)CCO3)cc2)c1,0.21137536306600532,binned_cosine_1Da,29,False,predicted_spectrum,9484
CASMI2022,massformer,completed,42,42,112,CASMI_MOL_1196832,CASMI_MOL_236640,236640,Cc1cccc(-c2ccc(CC3(C(N)=O)CN(C(=O)C(C)(C)C)CCO3)cc2)c1,0.21137536306600532,binned_cosine_1Da,30,False,predicted_spectrum,9484
CASMI2022,massformer,completed,42,42,112,CASMI_MOL_1196832,CASMI_MOL_233652,233652,COC(=O)C1C2=Nc3ccccc3C23CCN2CC(=CCOC(C)(C)C)C1CC23,0.21130623854075117,binned_cosine_1Da,31,False,predicted_spectrum,9484
CASMI2022,massformer,completed,42,42,112,CASMI_MOL_1196832,CASMI_MOL_232590,232590,CN(C)CCOC1=CCC2C(=NC(C)(C)CC2c2ccc(C(F)(F)F)cc2)C1,0.21128794270948084,binned_cosine_1Da,32,False,predicted_spectrum,9484
CASMI2022,massformer,completed,42,42,112,CASMI_MOL_1196832,CASMI_MOL_233662,233662,CCC(C)NC(=O)C1CCN(C(=O)c2ccc(-c3ccccc3OC)cc2)CC1,0.2104647456785745,binned_cosine_1Da,33,False,predicted_spectrum,9484
CASMI2022,massformer,completed,42,42,112,CASMI_MOL_1196832,CASMI_MOL_233376,233376,C=CCN1CC(C)N(C(c2ccc(C(=O)OC)cc2)c2cccc(O)c2)CC1C,0.2099078672493245,binned_cosine_1Da,34,False,predicted_spectrum,9484
CASMI2022,massformer,completed,42,42,112,CASMI_MOL_1196832,CASMI_MOL_237629,237629,C=CCN1CC(C)N(C(c2ccc(C(=O)OC)cc2)c2cccc(O)c2)CC1C,0.20990783412600394,binned_cosine_1Da,35,False,predicted_spectrum,9484
CASMI2022,massformer,completed,42,42,112,CASMI_MOL_1196832,CASMI_MOL_241199,241199,C=CCN1CC(C)N(C(c2ccc(C(=O)OC)cc2)c2cccc(O)c2)CC1C,0.20990783412600394,binned_cosine_1Da,36,False,predicted_spectrum,9484
CASMI2022,massformer,completed,42,42,112,CASMI_MOL_1196832,CASMI_MOL_233641,233641,CC=C1CN2CCC34C=C(CO)C1CC23N(C(=O)OC(C)(C)C)c1ccccc14,0.20978548883570686,binned_cosine_1Da,37,False,predicted_spectrum,9484
CASMI2022,massformer,completed,42,42,112,CASMI_MOL_1196832,CASMI_MOL_234097,234097,COC(=O)C1CN(C(=O)C23CC4CC5(C)CC(c6ccccc6)(C2)C53C4)CCN1,0.20963131569827245,binned_cosine_1Da,38,False,predicted_spectrum,9484
CASMI2022,massformer,completed,42,42,112,CASMI_MOL_1196832,CASMI_MOL_235530,235530,Cc1ccc(-c2cccc(CC3(C(N)=O)CN(C(=O)C(C)(C)C)CCO3)c2)cc1,0.20951205270270284,binned_cosine_1Da,39,False,predicted_spectrum,9484
CASMI2022,massformer,completed,42,42,112,CASMI_MOL_1196832,CASMI_MOL_237002,237002,Cc1ccc(-c2cccc(CC3(C(N)=O)CN(C(=O)C(C)(C)C)CCO3)c2)cc1,0.20951203165253182,binned_cosine_1Da,40,False,predicted_spectrum,9484
CASMI2022,massformer,completed,42,42,112,CASMI_MOL_1196832,CASMI_MOL_237003,237003,Cc1ccc(-c2cccc(CC3(C(N)=O)CN(C(=O)C(C)(C)C)CCO3)c2)cc1,0.20951203165253182,binned_cosine_1Da,41,False,predicted_spectrum,9484
CASMI2022,massformer,completed,42,42,112,CASMI_MOL_1196832,CASMI_MOL_232944,232944,NC(=O)Cc1ccccc1OCC(O)CN1CCC2(CCc3ccccc32)CC1,0.2094409091362947,binned_cosine_1Da,42,False,predicted_spectrum,9484
CASMI2022,massformer,completed,42,42,112,CASMI_MOL_1196832,CASMI_MOL_233238,233238,CCN(CC)C(=O)c1ccc(C(=C2CCN(OC)CC2)c2cccc(O)c2)cc1,0.20881535454558273,binned_cosine_1Da,43,False,predicted_spectrum,9484
CASMI2022,massformer,completed,42,42,112,CASMI_MOL_1196832,CASMI_MOL_237872,237872,CCOC(=O)c1ccc(C(C(N)=O)C(C)c2ccccc2N2CCCC2C)cc1,0.20856139393550963,binned_cosine_1Da,44,False,predicted_spectrum,9484
CASMI2022,massformer,completed,42,42,112,CASMI_MOL_1196832,CASMI_MOL_235538,235538,CCC(=O)N1CCOC(Cc2ccccc2-c2ccccc2)(C(=O)NC(C)C)C1,0.20816446266484154,binned_cosine_1Da,45,False,predicted_spectrum,9484
CASMI2022,massformer,completed,42,42,112,CASMI_MOL_1196832,CASMI_MOL_236963,236963,CCC(=O)N1CCOC(Cc2ccccc2-c2ccccc2)(C(=O)NC(C)C)C1,0.20816446266484154,binned_cosine_1Da,46,False,predicted_spectrum,9484
CASMI2022,massformer,completed,42,42,112,CASMI_MOL_1196832,CASMI_MOL_236964,236964,CCC(=O)N1CCOC(Cc2ccccc2-c2ccccc2)(C(=O)NC(C)C)C1,0.20816446266484154,binned_cosine_1Da,47,False,predicted_spectrum,9484
CASMI2022,massformer,completed,42,42,112,CASMI_MOL_1196832,CASMI_MOL_237365,237365,COCCCN1C(=O)CC(C)(C)c2cc(-c3ccc(C)cc3)c(C(C)=NO)cc21,0.2080680503415783,binned_cosine_1Da,48,False,predicted_spectrum,9484
CASMI2022,massformer,completed,42,42,112,CASMI_MOL_1196832,CASMI_MOL_232925,232925,COCCCN1C(=O)CC(C)(C)c2cc(-c3ccc(C)cc3)c(C(C)=NO)cc21,0.208068017342507,binned_cosine_1Da,49,False,predicted_spectrum,9484
CASMI2022,massformer,completed,42,42,112,CASMI_MOL_1196832,CASMI_MOL_233681,233681,CCCNc1nc(NC)nc2c(NC3Cc4ccccc4C3O)nc(NC)nc12,0.20763550822445107,binned_cosine_1Da,50,False,predicted_spectrum,9484
CASMI2022,massformer,completed,42,42,112,CASMI_MOL_1196832,CASMI_MOL_238025,238025,CC(=O)Nc1ccccc1OCC(O)CN1CCC2(CCc3ccccc32)CC1,0.2071075742354197,binned_cosine_1Da,51,False,predicted_spectrum,9484
CASMI2022,massformer,completed,42,42,112,CASMI_MOL_1196832,CASMI_MOL_238201,238201,CCOC(=O)c1ccc2c(c1)CC(C)(C)C(c1cccc(N3CCOCC3)c1)N2,0.2065085022218722,binned_cosine_1Da,52,False,predicted_spectrum,9484
CASMI2022,massformer,completed,42,42,112,CASMI_MOL_1196832,CASMI_MOL_235527,235527,Cc1cccc(-c2ccc(CC3(C(N)=O)CN(C(=O)CC(C)C)CCO3)cc2)c1,0.20606360229892512,binned_cosine_1Da,53,False,predicted_spectrum,9484
CASMI2022,massformer,completed,42,42,112,CASMI_MOL_1196832,CASMI_MOL_236996,236996,Cc1cccc(-c2ccc(CC3(C(N)=O)CN(C(=O)CC(C)C)CCO3)cc2)c1,0.20606359911701827,binned_cosine_1Da,54,False,predicted_spectrum,9484
CASMI2022,massformer,completed,42,42,112,CASMI_MOL_1196832,CASMI_MOL_236997,236997,Cc1cccc(-c2ccc(CC3(C(N)=O)CN(C(=O)CC(C)C)CCO3)cc2)c1,0.20606359911701827,binned_cosine_1Da,55,False,predicted_spectrum,9484
CASMI2022,massformer,completed,42,42,112,CASMI_MOL_1196832,CASMI_MOL_237456,237456,CN(C)CCOC1=CCC2C(=NC(C)(C)CC2c2cccc(C(F)(F)F)c2)C1,0.2057047887204997,binned_cosine_1Da,56,False,predicted_spectrum,9484
CASMI2022,massformer,completed,42,42,112,CASMI_MOL_1196832,CASMI_MOL_235549,235549,CCNC(=O)C1(Cc2ccccc2-c2cccc(C)c2)CCN(C(=O)COC)C1,0.20509435468153428,binned_cosine_1Da,57,False,predicted_spectrum,9484
CASMI2022,massformer,completed,42,42,112,CASMI_MOL_1196832,CASMI_MOL_236942,236942,CCNC(=O)C1(Cc2ccccc2-c2cccc(C)c2)CCN(C(=O)COC)C1,0.20509435468153428,binned_cosine_1Da,58,False,predicted_spectrum,9484
CASMI2022,massformer,completed,42,42,112,CASMI_MOL_1196832,CASMI_MOL_236943,236943,CCNC(=O)C1(Cc2ccccc2-c2cccc(C)c2)CCN(C(=O)COC)C1,0.20509435468153428,binned_cosine_1Da,59,False,predicted_spectrum,9484
CASMI2022,massformer,completed,42,42,112,CASMI_MOL_1196832,CASMI_MOL_233731,233731,COc1ccccc1COCC(O)CN1CCC(c2c[nH]c3ccccc23)CC1,0.20484406977584915,binned_cosine_1Da,60,False,predicted_spectrum,9484
CASMI2022,massformer,completed,42,42,112,CASMI_MOL_1196832,CASMI_MOL_238595,238595,CNC(C)C(=O)CC(C)C(=O)N1CCCC1c1cccc(Oc2ccccc2)c1,0.2035268114183843,binned_cosine_1Da,61,False,predicted_spectrum,9484
CASMI2022,massformer,completed,42,42,112,CASMI_MOL_1196832,CASMI_MOL_233730,233730,COc1cccc(COCC(O)CN2CCC(c3c[nH]c4ccccc34)CC2)c1,0.20320376883142327,binned_cosine_1Da,62,False,predicted_spectrum,9484
CASMI2022,massformer,completed,42,42,112,CASMI_MOL_1196832,CASMI_MOL_237001,237001,Cc1ccc(-c2cccc(CC3(C(N)=O)CN(C(=O)CC(C)C)CCO3)c2)cc1,0.203184747289226,binned_cosine_1Da,63,False,predicted_spectrum,9484
CASMI2022,massformer,completed,42,42,112,CASMI_MOL_1196832,CASMI_MOL_235531,235531,Cc1ccc(-c2cccc(CC3(C(N)=O)CN(C(=O)CC(C)C)CCO3)c2)cc1,0.2031847303105909,binned_cosine_1Da,64,False,predicted_spectrum,9484
CASMI2022,massformer,completed,42,42,112,CASMI_MOL_1196832,CASMI_MOL_237000,237000,Cc1ccc(-c2cccc(CC3(C(N)=O)CN(C(=O)CC(C)C)CCO3)c2)cc1,0.2031847303105909,binned_cosine_1Da,65,False,predicted_spectrum,9484
CASMI2022,massformer,completed,42,42,112,CASMI_MOL_1196832,CASMI_MOL_241139,241139,CC(C)NC(=O)C1(C)c2ccccc2C(=O)N(C(C)C)C1c1ccc(CO)cc1,0.20286955154138325,binned_cosine_1Da,66,False,predicted_spectrum,9484
CASMI2022,massformer,completed,42,42,112,CASMI_MOL_1196832,CASMI_MOL_235550,235550,COCC(=O)N1CCC(Cc2ccccc2-c2ccccc2)(C(=O)NC(C)C)C1,0.20270631215161425,binned_cosine_1Da,67,False,predicted_spectrum,9484
CASMI2022,massformer,completed,42,42,112,CASMI_MOL_1196832,CASMI_MOL_236972,236972,COCC(=O)N1CCC(Cc2ccccc2-c2ccccc2)(C(=O)NC(C)C)C1,0.20270631215161425,binned_cosine_1Da,68,False,predicted_spectrum,9484
CASMI2022,massformer,completed,42,42,112,CASMI_MOL_1196832,CASMI_MOL_236973,236973,COCC(=O)N1CCC(Cc2ccccc2-c2ccccc2)(C(=O)NC(C)C)C1,0.20270631215161425,binned_cosine_1Da,69,False,predicted_spectrum,9484
CASMI2022,massformer,completed,42,42,112,CASMI_MOL_1196832,CASMI_MOL_232190,232190,COCCOCCc1cc(NC2CCOCC2)c2[nH]c(-c3ccccc3)cc2c1,0.20250887261563383,binned_cosine_1Da,70,False,predicted_spectrum,9484
CASMI2022,massformer,completed,42,42,112,CASMI_MOL_1196832,CASMI_MOL_236629,236629,CNC(=O)C1(Cc2cccc(-c3cccc(C)c3)c2)CCCN(C(=O)COC)C1,0.20249363184152658,binned_cosine_1Da,71,False,predicted_spectrum,9484
CASMI2022,massformer,completed,42,42,112,CASMI_MOL_1196832,CASMI_MOL_235513,235513,CNC(=O)C1(Cc2cccc(-c3cccc(C)c3)c2)CCCN(C(=O)COC)C1,0.20249362014458394,binned_cosine_1Da,72,False,predicted_spectrum,9484
CASMI2022,massformer,completed,42,42,112,CASMI_MOL_1196832,CASMI_MOL_236628,236628,CNC(=O)C1(Cc2cccc(-c3cccc(C)c3)c2)CCCN(C(=O)COC)C1,0.20249362014458394,binned_cosine_1Da,73,False,predicted_spectrum,9484
CASMI2022,massformer,completed,42,42,112,CASMI_MOL_1196832,CASMI_MOL_233350,233350,CCCCCCCNC(=O)N(C)c1c2ccc(-c3ccccc3)c1C(C(=O)O)C2,0.201195994064472,binned_cosine_1Da,74,False,predicted_spectrum,9484
CASMI2022,massformer,completed,42,42,112,CASMI_MOL_1196832,CASMI_MOL_241342,241342,Cc1ccc(C(CC(=O)N(C)O)N2Cc3c(C)c(C)c(C)c(C)c3C2=O)cc1C,0.20090542263646108,binned_cosine_1Da,75,False,predicted_spectrum,9484
CASMI2022,massformer,completed,42,42,112,CASMI_MOL_1196832,CASMI_MOL_233235,233235,CC1=CC(=C2CCN(C(=O)CNC(=O)OC(C)(C)C)CC2)c2ccccc2C=C1,0.20086076076904918,binned_cosine_1Da,76,False,predicted_spectrum,9484
CASMI2022,massformer,completed,42,42,112,CASMI_MOL_1196832,CASMI_MOL_240116,240116,COC(=O)C(NCc1ccc(-c2ccccc2C2=NC(C)(C)CO2)cc1)C(C)C,0.20039260340232312,binned_cosine_1Da,77,False,predicted_spectrum,9484
CASMI2022,massformer,completed,42,42,112,CASMI_MOL_1196832,CASMI_MOL_235638,235638,CNC(=O)C1(Cc2cccc(-c3ccccc3)c2)CCN(C(=O)CCOC)CC1,0.20037220666795597,binned_cosine_1Da,78,False,predicted_spectrum,9484
CASMI2022,massformer,completed,42,42,112,CASMI_MOL_1196832,CASMI_MOL_236999,236999,CNC(=O)C1(Cc2ccc(-c3cccc(C)c3)cc2)CN(C(=O)C(C)C)CCO1,0.19955336549759614,binned_cosine_1Da,79,False,predicted_spectrum,9484
CASMI2022,massformer,completed,42,42,112,CASMI_MOL_1196832,CASMI_MOL_235524,235524,CNC(=O)C1(Cc2ccc(-c3cccc(C)c3)cc2)CN(C(=O)C(C)C)CCO1,0.1995533418933883,binned_cosine_1Da,80,False,predicted_spectrum,9484
CASMI2022,massformer,completed,42,42,112,CASMI_MOL_1196832,CASMI_MOL_236998,236998,CNC(=O)C1(Cc2ccc(-c3cccc(C)c3)cc2)CN(C(=O)C(C)C)CCO1,0.1995533418933883,binned_cosine_1Da,81,False,predicted_spectrum,9484
CASMI2022,massformer,completed,42,42,112,CASMI_MOL_1196832,CASMI_MOL_237795,237795,CCNC(CC)CC=C1c2ccccc2Oc2cc(C(=O)N(C)CCO)ccc21,0.19946145154678388,binned_cosine_1Da,82,False,predicted_spectrum,9484
CASMI2022,massformer,completed,42,42,112,CASMI_MOL_1196832,CASMI_MOL_233532,233532,O=C(CC1Cc2ccccc2C2(CCN(c3ccccc3)CC2)O1)NCCCO,0.1991676154948122,binned_cosine_1Da,83,False,predicted_spectrum,9484
CASMI2022,massformer,completed,42,42,112,CASMI_MOL_1196832,CASMI_MOL_235651,235651,CNC(=O)C1(Cc2ccc(-c3cccc(C)c3)cc2)CCN(C(=O)COC)CC1,0.19898308594746733,binned_cosine_1Da,84,False,predicted_spectrum,9484
CASMI2022,massformer,completed,42,42,112,CASMI_MOL_1196832,CASMI_MOL_232365,232365,CC(C)N1CCC(O)(CNC(=O)OCC2c3ccccc3-c3ccccc32)CC1,0.19836420217057046,binned_cosine_1Da,85,False,predicted_spectrum,9484
CASMI2022,massformer,completed,42,42,112,CASMI_MOL_1196832,CASMI_MOL_238332,238332,COc1cc2c(cc1OC)C(c1ccccc1)N(CC(=O)N(C)CC1CC1)CC2,0.19805073956048655,binned_cosine_1Da,86,False,predicted_spectrum,9484
CASMI2022,massformer,completed,42,42,112,CASMI_MOL_1196832,CASMI_MOL_238216,238216,CCCCCNC(=O)N(CCC)c1cccc(-c2ccc(C=CC(=O)O)cc2)c1,0.19801875459628449,binned_cosine_1Da,87,False,predicted_spectrum,9484
CASMI2022,massformer,completed,42,42,112,CASMI_MOL_1196832,CASMI_MOL_234100,234100,CCOC(=O)c1cnn(-c2cccc(C3=C(C=O)C(C)(C)CC(C)(C)C3)c2)c1C,0.19796359109994863,binned_cosine_1Da,88,False,predicted_spectrum,9484
CASMI2022,massformer,completed,42,42,112,CASMI_MOL_1196832,CASMI_MOL_233680,233680,CCCNc1nc(NC)nc2c(NC3c4ccccc4CC3O)nc(NC)nc12,0.19743025164833455,binned_cosine_1Da,89,False,predicted_spectrum,9484
CASMI2022,massformer,completed,42,42,112,CASMI_MOL_1196832,CASMI_MOL_233686,233686,CCCNc1nc(NC)nc2c(NC3c4ccccc4CC3O)nc(NC)nc12,0.19743025164833455,binned_cosine_1Da,90,False,predicted_spectrum,9484
CASMI2022,massformer,completed,42,42,112,CASMI_MOL_1196832,CASMI_MOL_233682,233682,CCCNc1nc(NC)nc2c(NC3c4ccccc4CC3O)nc(NC)nc12,0.1974301985938147,binned_cosine_1Da,91,False,predicted_spectrum,9484
CASMI2022,massformer,completed,42,42,112,CASMI_MOL_1196832,CASMI_MOL_233687,233687,CCCNc1nc(NC)nc2c(NC3c4ccccc4CC3O)nc(NC)nc12,0.1974301985938147,binned_cosine_1Da,92,False,predicted_spectrum,9484
CASMI2022,massformer,completed,42,42,112,CASMI_MOL_1196832,CASMI_MOL_237004,237004,COCCC(=O)N1CCCC(Cc2ccc(-c3ccc(C)cc3)cc2)(C(N)=O)C1,0.19703168137918434,binned_cosine_1Da,93,False,predicted_spectrum,9484
CASMI2022,massformer,completed,42,42,112,CASMI_MOL_1196832,CASMI_MOL_235544,235544,COCCC(=O)N1CCCC(Cc2ccc(-c3ccc(C)cc3)cc2)(C(N)=O)C1,0.1970316517145074,binned_cosine_1Da,94,False,predicted_spectrum,9484
CASMI2022,massformer,completed,42,42,112,CASMI_MOL_1196832,CASMI_MOL_237005,237005,COCCC(=O)N1CCCC(Cc2ccc(-c3ccc(C)cc3)cc2)(C(N)=O)C1,0.1970316517145074,binned_cosine_1Da,95,False,predicted_spectrum,9484
CASMI2022,massformer,completed,42,42,112,CASMI_MOL_1196832,CASMI_MOL_232468,232468,COC1C=CC2=C(C1)C1(c3ccccc3)CCN(C(=O)N3CCOCC3)C(C2)C1,0.19633267561404086,binned_cosine_1Da,96,False,predicted_spectrum,9484
CASMI2022,massformer,completed,42,42,112,CASMI_MOL_1196832,CASMI_MOL_235539,235539,CCNC(=O)C1(Cc2ccccc2-c2ccccc2)CN(C(=O)C(C)C)CCO1,0.19632525573804668,binned_cosine_1Da,97,False,predicted_spectrum,9484
CASMI2022,massformer,completed,42,42,112,CASMI_MOL_1196832,CASMI_MOL_236941,236941,CCNC(=O)C1(Cc2ccccc2-c2ccccc2)CN(C(=O)C(C)C)CCO1,0.19632525573804668,binned_cosine_1Da,98,False,predicted_spectrum,9484
CASMI2022,massformer,completed,42,42,112,CASMI_MOL_1196832,CASMI_MOL_236940,236940,CCNC(=O)C1(Cc2ccccc2-c2ccccc2)CN(C(=O)C(C)C)CCO1,0.19632524191916711,binned_cosine_1Da,99,False,predicted_spectrum,9484
CASMI2022,massformer,completed,42,42,112,CASMI_MOL_1196832,CASMI_MOL_238023,238023,CCCCCCCNC(=O)N(C)c1cccc(-c2ccc(C=CC(=O)O)cc2)c1,0.19606368631661564,binned_cosine_1Da,100,False,predicted_spectrum,9484
CASMI2022,massformer,completed,42,42,112,CASMI_MOL_1196832,CASMI_MOL_1196832,1196832,CCC1CC2CC3(C(=O)OC)c4[nH]c5ccccc5c4CCN(C2CC(C)=O)C13,0.13919223894462074,binned_cosine_1Da,715,True,predicted_spectrum,9484
