dataset,model,status,query_id,spectrum_id,casmi_id,true_candidate_id,candidate_id,candidate_mol_id,candidate_smiles,score,score_name,rank,is_correct,prediction_status,candidate_count
CASMI2022,massformer,completed,68,68,177,CASMI_MOL_1196860,CASMI_MOL_357767,357767,C=CC(N)C(C)(C)C,0.8249824833846696,binned_cosine_1Da,1,False,predicted_spectrum,1511
CASMI2022,massformer,completed,68,68,177,CASMI_MOL_1196860,CASMI_MOL_357888,357888,C=CC(N)C(C)(C)C,0.8249824833846696,binned_cosine_1Da,2,False,predicted_spectrum,1511
CASMI2022,massformer,completed,68,68,177,CASMI_MOL_1196860,CASMI_MOL_356976,356976,CC(C)C(C)(C)C=N,0.8137204692942144,binned_cosine_1Da,3,False,predicted_spectrum,1511
CASMI2022,massformer,completed,68,68,177,CASMI_MOL_1196860,CASMI_MOL_357214,357214,CCC(C)(C)C(C)=N,0.8068294148795496,binned_cosine_1Da,4,False,predicted_spectrum,1511
CASMI2022,massformer,completed,68,68,177,CASMI_MOL_1196860,CASMI_MOL_357537,357537,CCC(C)(C)C(C)=N,0.8068294148795496,binned_cosine_1Da,5,False,predicted_spectrum,1511
CASMI2022,massformer,completed,68,68,177,CASMI_MOL_1196860,CASMI_MOL_357339,357339,CC(C)(C)C=CCN,0.8066229415573063,binned_cosine_1Da,6,False,predicted_spectrum,1511
CASMI2022,massformer,completed,68,68,177,CASMI_MOL_1196860,CASMI_MOL_357541,357541,CC(C)(C)C=CCN,0.8066229415573063,binned_cosine_1Da,7,False,predicted_spectrum,1511
CASMI2022,massformer,completed,68,68,177,CASMI_MOL_1196860,CASMI_MOL_357543,357543,CC(C)(C)C=CCN,0.8066229415573063,binned_cosine_1Da,8,False,predicted_spectrum,1511
CASMI2022,massformer,completed,68,68,177,CASMI_MOL_1196860,CASMI_MOL_357435,357435,CCC(=CCN)CC,0.7982270071558311,binned_cosine_1Da,9,False,predicted_spectrum,1511
CASMI2022,massformer,completed,68,68,177,CASMI_MOL_1196860,CASMI_MOL_356713,356713,CCCC(C)(C)C=N,0.7968722978134757,binned_cosine_1Da,10,False,predicted_spectrum,1511
CASMI2022,massformer,completed,68,68,177,CASMI_MOL_1196860,CASMI_MOL_356834,356834,CCC(C)(C=N)CC,0.7928413372978895,binned_cosine_1Da,11,False,predicted_spectrum,1511
CASMI2022,massformer,completed,68,68,177,CASMI_MOL_1196860,CASMI_MOL_356683,356683,CCC(C)=C(C)CN,0.7800284326548075,binned_cosine_1Da,12,False,predicted_spectrum,1511
CASMI2022,massformer,completed,68,68,177,CASMI_MOL_1196860,CASMI_MOL_356880,356880,CCC(C)=C(C)CN,0.7800284326548075,binned_cosine_1Da,13,False,predicted_spectrum,1511
CASMI2022,massformer,completed,68,68,177,CASMI_MOL_1196860,CASMI_MOL_357049,357049,CCC(C)=C(C)CN,0.7800284326548075,binned_cosine_1Da,14,False,predicted_spectrum,1511
CASMI2022,massformer,completed,68,68,177,CASMI_MOL_1196860,CASMI_MOL_357225,357225,CCCC(=N)CCC,0.7714665604579237,binned_cosine_1Da,15,False,predicted_spectrum,1511
CASMI2022,massformer,completed,68,68,177,CASMI_MOL_1196860,CASMI_MOL_357861,357861,CCCC(=N)CCC,0.7714665604579237,binned_cosine_1Da,16,False,predicted_spectrum,1511
CASMI2022,massformer,completed,68,68,177,CASMI_MOL_1196860,CASMI_MOL_357908,357908,CCCC(=N)CCC,0.7714665604579237,binned_cosine_1Da,17,False,predicted_spectrum,1511
CASMI2022,massformer,completed,68,68,177,CASMI_MOL_1196860,CASMI_MOL_356748,356748,C=C(C)C(C)(N)CC,0.7703896152454635,binned_cosine_1Da,18,False,predicted_spectrum,1511
CASMI2022,massformer,completed,68,68,177,CASMI_MOL_1196860,CASMI_MOL_356850,356850,C=C(C)C(C)(N)CC,0.7703896152454635,binned_cosine_1Da,19,False,predicted_spectrum,1511
CASMI2022,massformer,completed,68,68,177,CASMI_MOL_1196860,CASMI_MOL_356903,356903,C=C(C)C(C)(N)CC,0.7703896152454635,binned_cosine_1Da,20,False,predicted_spectrum,1511
CASMI2022,massformer,completed,68,68,177,CASMI_MOL_1196860,CASMI_MOL_357325,357325,C=C(C)CCCCN,0.7695314619343381,binned_cosine_1Da,21,False,predicted_spectrum,1511
CASMI2022,massformer,completed,68,68,177,CASMI_MOL_1196860,CASMI_MOL_356989,356989,C=CC(C)C(C)(C)N,0.767425968338905,binned_cosine_1Da,22,False,predicted_spectrum,1511
CASMI2022,massformer,completed,68,68,177,CASMI_MOL_1196860,CASMI_MOL_357940,357940,C=CC(N)(CC)CC,0.7635832526528803,binned_cosine_1Da,23,False,predicted_spectrum,1511
CASMI2022,massformer,completed,68,68,177,CASMI_MOL_1196860,CASMI_MOL_356964,356964,CCCC=C(C)CN,0.7612190745640673,binned_cosine_1Da,24,False,predicted_spectrum,1511
CASMI2022,massformer,completed,68,68,177,CASMI_MOL_1196860,CASMI_MOL_357177,357177,CCCC=C(C)CN,0.7612190745640673,binned_cosine_1Da,25,False,predicted_spectrum,1511
CASMI2022,massformer,completed,68,68,177,CASMI_MOL_1196860,CASMI_MOL_357218,357218,CCCC=C(C)CN,0.7612190745640673,binned_cosine_1Da,26,False,predicted_spectrum,1511
CASMI2022,massformer,completed,68,68,177,CASMI_MOL_1196860,CASMI_MOL_356795,356795,C=C(CC)C(N)CC,0.7574026612737839,binned_cosine_1Da,27,False,predicted_spectrum,1511
CASMI2022,massformer,completed,68,68,177,CASMI_MOL_1196860,CASMI_MOL_356774,356774,CCC(C)=CCCN,0.7536974556900734,binned_cosine_1Da,28,False,predicted_spectrum,1511
CASMI2022,massformer,completed,68,68,177,CASMI_MOL_1196860,CASMI_MOL_357336,357336,CCC(C)=CCCN,0.7536974556900734,binned_cosine_1Da,29,False,predicted_spectrum,1511
CASMI2022,massformer,completed,68,68,177,CASMI_MOL_1196860,CASMI_MOL_357434,357434,CCC(C)=CCCN,0.7536974556900734,binned_cosine_1Da,30,False,predicted_spectrum,1511
CASMI2022,massformer,completed,68,68,177,CASMI_MOL_1196860,CASMI_MOL_356596,356596,CCC(C)C=CCN,0.7518515510988226,binned_cosine_1Da,31,False,predicted_spectrum,1511
CASMI2022,massformer,completed,68,68,177,CASMI_MOL_1196860,CASMI_MOL_357337,357337,CCC(C)C=CCN,0.7518515510988226,binned_cosine_1Da,32,False,predicted_spectrum,1511
CASMI2022,massformer,completed,68,68,177,CASMI_MOL_1196860,CASMI_MOL_357437,357437,CCC(C)C=CCN,0.7518515510988226,binned_cosine_1Da,33,False,predicted_spectrum,1511
CASMI2022,massformer,completed,68,68,177,CASMI_MOL_1196860,CASMI_MOL_357204,357204,C=C(CCN)C(C)C,0.7499804905428343,binned_cosine_1Da,34,False,predicted_spectrum,1511
CASMI2022,massformer,completed,68,68,177,CASMI_MOL_1196860,CASMI_MOL_357071,357071,C=C(C)C(N)C(C)C,0.7465680524329132,binned_cosine_1Da,35,False,predicted_spectrum,1511
CASMI2022,massformer,completed,68,68,177,CASMI_MOL_1196860,CASMI_MOL_357185,357185,C=C(C)C(N)C(C)C,0.7465680524329132,binned_cosine_1Da,36,False,predicted_spectrum,1511
CASMI2022,massformer,completed,68,68,177,CASMI_MOL_1196860,CASMI_MOL_357899,357899,C=C(C)C(N)C(C)C,0.7465680524329132,binned_cosine_1Da,37,False,predicted_spectrum,1511
CASMI2022,massformer,completed,68,68,177,CASMI_MOL_1196860,CASMI_MOL_357350,357350,CCC=C(CC)CN,0.7461558708775884,binned_cosine_1Da,38,False,predicted_spectrum,1511
CASMI2022,massformer,completed,68,68,177,CASMI_MOL_1196860,CASMI_MOL_357470,357470,CCC=C(CC)CN,0.7461558708775884,binned_cosine_1Da,39,False,predicted_spectrum,1511
CASMI2022,massformer,completed,68,68,177,CASMI_MOL_1196860,CASMI_MOL_357744,357744,CCC=C(CC)CN,0.7461558708775884,binned_cosine_1Da,40,False,predicted_spectrum,1511
CASMI2022,massformer,completed,68,68,177,CASMI_MOL_1196860,CASMI_MOL_357599,357599,C=C(C)C(C)(C)CN,0.7454816560189097,binned_cosine_1Da,41,False,predicted_spectrum,1511
CASMI2022,massformer,completed,68,68,177,CASMI_MOL_1196860,CASMI_MOL_357629,357629,C=C(CN)CC(C)C,0.7429993301741975,binned_cosine_1Da,42,False,predicted_spectrum,1511
CASMI2022,massformer,completed,68,68,177,CASMI_MOL_1196860,CASMI_MOL_357088,357088,CC(C)CC1CC1N,0.7425600424122687,binned_cosine_1Da,43,False,predicted_spectrum,1511
CASMI2022,massformer,completed,68,68,177,CASMI_MOL_1196860,CASMI_MOL_357089,357089,CC(C)CC1CC1N,0.7425600424122687,binned_cosine_1Da,44,False,predicted_spectrum,1511
CASMI2022,massformer,completed,68,68,177,CASMI_MOL_1196860,CASMI_MOL_357090,357090,CC(C)CC1CC1N,0.7425600424122687,binned_cosine_1Da,45,False,predicted_spectrum,1511
CASMI2022,massformer,completed,68,68,177,CASMI_MOL_1196860,CASMI_MOL_357091,357091,CC(C)CC1CC1N,0.7425600424122687,binned_cosine_1Da,46,False,predicted_spectrum,1511
CASMI2022,massformer,completed,68,68,177,CASMI_MOL_1196860,CASMI_MOL_357444,357444,CC(C)CC1CC1N,0.7425600424122687,binned_cosine_1Da,47,False,predicted_spectrum,1511
CASMI2022,massformer,completed,68,68,177,CASMI_MOL_1196860,CASMI_MOL_357241,357241,CCCC=CCCN,0.7425579107682752,binned_cosine_1Da,48,False,predicted_spectrum,1511
CASMI2022,massformer,completed,68,68,177,CASMI_MOL_1196860,CASMI_MOL_357655,357655,CCCC=CCCN,0.7425579107682752,binned_cosine_1Da,49,False,predicted_spectrum,1511
CASMI2022,massformer,completed,68,68,177,CASMI_MOL_1196860,CASMI_MOL_357792,357792,CCCC=CCCN,0.7425579107682752,binned_cosine_1Da,50,False,predicted_spectrum,1511
CASMI2022,massformer,completed,68,68,177,CASMI_MOL_1196860,CASMI_MOL_356990,356990,CCC(CN)=C(C)C,0.7406667039826167,binned_cosine_1Da,51,False,predicted_spectrum,1511
CASMI2022,massformer,completed,68,68,177,CASMI_MOL_1196860,CASMI_MOL_357694,357694,CCCCC=CCN,0.7390604477145524,binned_cosine_1Da,52,False,predicted_spectrum,1511
CASMI2022,massformer,completed,68,68,177,CASMI_MOL_1196860,CASMI_MOL_357990,357990,CCCCC=CCN,0.7390604477145524,binned_cosine_1Da,53,False,predicted_spectrum,1511
CASMI2022,massformer,completed,68,68,177,CASMI_MOL_1196860,CASMI_MOL_357993,357993,CCCCC=CCN,0.7390604477145524,binned_cosine_1Da,54,False,predicted_spectrum,1511
CASMI2022,massformer,completed,68,68,177,CASMI_MOL_1196860,CASMI_MOL_356791,356791,CCCCCCC=N,0.7365980985455376,binned_cosine_1Da,55,False,predicted_spectrum,1511
CASMI2022,massformer,completed,68,68,177,CASMI_MOL_1196860,CASMI_MOL_357357,357357,CCCCCCC=N,0.7365980985455376,binned_cosine_1Da,56,False,predicted_spectrum,1511
CASMI2022,massformer,completed,68,68,177,CASMI_MOL_1196860,CASMI_MOL_357840,357840,CCCCCCC=N,0.7365980985455376,binned_cosine_1Da,57,False,predicted_spectrum,1511
CASMI2022,massformer,completed,68,68,177,CASMI_MOL_1196860,CASMI_MOL_357868,357868,CCCCCCC=N,0.7365980985455376,binned_cosine_1Da,58,False,predicted_spectrum,1511
CASMI2022,massformer,completed,68,68,177,CASMI_MOL_1196860,CASMI_MOL_356800,356800,CC=C(CN)CCC,0.7361162814821389,binned_cosine_1Da,59,False,predicted_spectrum,1511
CASMI2022,massformer,completed,68,68,177,CASMI_MOL_1196860,CASMI_MOL_357179,357179,CC=C(CN)CCC,0.7361162814821389,binned_cosine_1Da,60,False,predicted_spectrum,1511
CASMI2022,massformer,completed,68,68,177,CASMI_MOL_1196860,CASMI_MOL_356856,356856,CCCCC(=N)CC,0.7358287447214747,binned_cosine_1Da,61,False,predicted_spectrum,1511
CASMI2022,massformer,completed,68,68,177,CASMI_MOL_1196860,CASMI_MOL_357249,357249,CCCCC(=N)CC,0.7358287447214747,binned_cosine_1Da,62,False,predicted_spectrum,1511
CASMI2022,massformer,completed,68,68,177,CASMI_MOL_1196860,CASMI_MOL_357269,357269,CCCCC(=N)CC,0.7358287447214747,binned_cosine_1Da,63,False,predicted_spectrum,1511
CASMI2022,massformer,completed,68,68,177,CASMI_MOL_1196860,CASMI_MOL_357363,357363,CCCCC(=N)CC,0.7358287447214747,binned_cosine_1Da,64,False,predicted_spectrum,1511
CASMI2022,massformer,completed,68,68,177,CASMI_MOL_1196860,CASMI_MOL_357460,357460,CCCCC(=N)CC,0.7358287447214747,binned_cosine_1Da,65,False,predicted_spectrum,1511
CASMI2022,massformer,completed,68,68,177,CASMI_MOL_1196860,CASMI_MOL_357650,357650,CCCCC(=N)CC,0.7358287447214747,binned_cosine_1Da,66,False,predicted_spectrum,1511
CASMI2022,massformer,completed,68,68,177,CASMI_MOL_1196860,CASMI_MOL_357844,357844,CCCCC(=N)CC,0.7358287447214747,binned_cosine_1Da,67,False,predicted_spectrum,1511
CASMI2022,massformer,completed,68,68,177,CASMI_MOL_1196860,CASMI_MOL_356654,356654,C=CC(C)CCCN,0.7347486169644097,binned_cosine_1Da,68,False,predicted_spectrum,1511
CASMI2022,massformer,completed,68,68,177,CASMI_MOL_1196860,CASMI_MOL_357275,357275,C=CC(C)CCCN,0.7347486169644097,binned_cosine_1Da,69,False,predicted_spectrum,1511
CASMI2022,massformer,completed,68,68,177,CASMI_MOL_1196860,CASMI_MOL_356719,356719,CC=C(CN)C(C)C,0.7331120355978629,binned_cosine_1Da,70,False,predicted_spectrum,1511
CASMI2022,massformer,completed,68,68,177,CASMI_MOL_1196860,CASMI_MOL_357778,357778,CC=C(CN)C(C)C,0.7331120355978629,binned_cosine_1Da,71,False,predicted_spectrum,1511
CASMI2022,massformer,completed,68,68,177,CASMI_MOL_1196860,CASMI_MOL_356895,356895,CCC(C)CCC=N,0.7326932723393857,binned_cosine_1Da,72,False,predicted_spectrum,1511
CASMI2022,massformer,completed,68,68,177,CASMI_MOL_1196860,CASMI_MOL_356896,356896,CCC(C)CCC=N,0.7326932723393857,binned_cosine_1Da,73,False,predicted_spectrum,1511
CASMI2022,massformer,completed,68,68,177,CASMI_MOL_1196860,CASMI_MOL_357141,357141,CCC(C)CCC=N,0.7326932723393857,binned_cosine_1Da,74,False,predicted_spectrum,1511
CASMI2022,massformer,completed,68,68,177,CASMI_MOL_1196860,CASMI_MOL_357174,357174,CCC(C)CCC=N,0.7326932723393857,binned_cosine_1Da,75,False,predicted_spectrum,1511
CASMI2022,massformer,completed,68,68,177,CASMI_MOL_1196860,CASMI_MOL_357145,357145,C=C(C)C(C)CCN,0.7306939297492911,binned_cosine_1Da,76,False,predicted_spectrum,1511
CASMI2022,massformer,completed,68,68,177,CASMI_MOL_1196860,CASMI_MOL_356820,356820,C=CC(C)(C)C(C)N,0.7264450034480383,binned_cosine_1Da,77,False,predicted_spectrum,1511
CASMI2022,massformer,completed,68,68,177,CASMI_MOL_1196860,CASMI_MOL_357639,357639,CCC=CCCCN,0.7181676312845313,binned_cosine_1Da,78,False,predicted_spectrum,1511
CASMI2022,massformer,completed,68,68,177,CASMI_MOL_1196860,CASMI_MOL_357666,357666,CCC=CCCCN,0.7181676312845313,binned_cosine_1Da,79,False,predicted_spectrum,1511
CASMI2022,massformer,completed,68,68,177,CASMI_MOL_1196860,CASMI_MOL_357791,357791,CCC=CCCCN,0.7181676312845313,binned_cosine_1Da,80,False,predicted_spectrum,1511
CASMI2022,massformer,completed,68,68,177,CASMI_MOL_1196860,CASMI_MOL_356673,356673,C=CC(C)(N)C(C)C,0.7164169707390642,binned_cosine_1Da,81,False,predicted_spectrum,1511
CASMI2022,massformer,completed,68,68,177,CASMI_MOL_1196860,CASMI_MOL_357623,357623,C=CC(C)(N)C(C)C,0.7164169707390642,binned_cosine_1Da,82,False,predicted_spectrum,1511
CASMI2022,massformer,completed,68,68,177,CASMI_MOL_1196860,CASMI_MOL_357978,357978,C=CC(C)(N)C(C)C,0.7164169707390642,binned_cosine_1Da,83,False,predicted_spectrum,1511
CASMI2022,massformer,completed,68,68,177,CASMI_MOL_1196860,CASMI_MOL_356615,356615,CC(C)(C)C1CC1N,0.7130753044497637,binned_cosine_1Da,84,False,predicted_spectrum,1511
CASMI2022,massformer,completed,68,68,177,CASMI_MOL_1196860,CASMI_MOL_356870,356870,CC(C)(C)C1CC1N,0.7130753044497637,binned_cosine_1Da,85,False,predicted_spectrum,1511
CASMI2022,massformer,completed,68,68,177,CASMI_MOL_1196860,CASMI_MOL_357047,357047,CC(C)(C)C1CC1N,0.7130753044497637,binned_cosine_1Da,86,False,predicted_spectrum,1511
CASMI2022,massformer,completed,68,68,177,CASMI_MOL_1196860,CASMI_MOL_357478,357478,CC(C)(C)C1CC1N,0.7130753044497637,binned_cosine_1Da,87,False,predicted_spectrum,1511
CASMI2022,massformer,completed,68,68,177,CASMI_MOL_1196860,CASMI_MOL_356600,356600,CCCC(C)CC=N,0.7118994956165083,binned_cosine_1Da,88,False,predicted_spectrum,1511
CASMI2022,massformer,completed,68,68,177,CASMI_MOL_1196860,CASMI_MOL_356660,356660,CCCC(C)CC=N,0.7118994956165083,binned_cosine_1Da,89,False,predicted_spectrum,1511
CASMI2022,massformer,completed,68,68,177,CASMI_MOL_1196860,CASMI_MOL_356966,356966,CCCC(C)CC=N,0.7118994956165083,binned_cosine_1Da,90,False,predicted_spectrum,1511
CASMI2022,massformer,completed,68,68,177,CASMI_MOL_1196860,CASMI_MOL_357119,357119,CCC(CC)C(C)=N,0.7116621168216378,binned_cosine_1Da,91,False,predicted_spectrum,1511
CASMI2022,massformer,completed,68,68,177,CASMI_MOL_1196860,CASMI_MOL_357473,357473,CCC(CC)C(C)=N,0.7116621168216378,binned_cosine_1Da,92,False,predicted_spectrum,1511
CASMI2022,massformer,completed,68,68,177,CASMI_MOL_1196860,CASMI_MOL_357771,357771,CCC(CC)C(C)=N,0.7116621168216378,binned_cosine_1Da,93,False,predicted_spectrum,1511
CASMI2022,massformer,completed,68,68,177,CASMI_MOL_1196860,CASMI_MOL_356987,356987,CC(C)CC(C)C=N,0.710228507699634,binned_cosine_1Da,94,False,predicted_spectrum,1511
CASMI2022,massformer,completed,68,68,177,CASMI_MOL_1196860,CASMI_MOL_357601,357601,CC=CC(C)(C)CN,0.7097819525596831,binned_cosine_1Da,95,False,predicted_spectrum,1511
CASMI2022,massformer,completed,68,68,177,CASMI_MOL_1196860,CASMI_MOL_357176,357176,CCCC(C)=CCN,0.7094203306444369,binned_cosine_1Da,96,False,predicted_spectrum,1511
CASMI2022,massformer,completed,68,68,177,CASMI_MOL_1196860,CASMI_MOL_357436,357436,CCCC(C)=CCN,0.7094203306444369,binned_cosine_1Da,97,False,predicted_spectrum,1511
CASMI2022,massformer,completed,68,68,177,CASMI_MOL_1196860,CASMI_MOL_357663,357663,CCCC(C)=CCN,0.7094203306444369,binned_cosine_1Da,98,False,predicted_spectrum,1511
CASMI2022,massformer,completed,68,68,177,CASMI_MOL_1196860,CASMI_MOL_356594,356594,CC(=CCN)C(C)C,0.7089067358576713,binned_cosine_1Da,99,False,predicted_spectrum,1511
CASMI2022,massformer,completed,68,68,177,CASMI_MOL_1196860,CASMI_MOL_357335,357335,CC(=CCN)C(C)C,0.7089067358576713,binned_cosine_1Da,100,False,predicted_spectrum,1511
CASMI2022,massformer,completed,68,68,177,CASMI_MOL_1196860,CASMI_MOL_1196860,1196860,NCC1CCCCC1,0.5791253519907691,binned_cosine_1Da,582,True,predicted_spectrum,1511
CASMI2022,massformer,completed,69,69,178,CASMI_MOL_1196861,CASMI_MOL_359027,359027,O=C(CCCCC1CCCCC1)On1c(O)ccc1O,0.5848250922176976,binned_cosine_1Da,1,False,predicted_spectrum,9556
CASMI2022,massformer,completed,69,69,178,CASMI_MOL_1196861,CASMI_MOL_363356,363356,CCCCOCC=NC(=O)C1C2CCC(C2)C1C(=O)O,0.5793286905570426,binned_cosine_1Da,2,False,predicted_spectrum,9556
CASMI2022,massformer,completed,69,69,178,CASMI_MOL_1196861,CASMI_MOL_363348,363348,CCCC(COC)=NC(=O)C1C2CCC(C2)C1C(=O)O,0.570876504586689,binned_cosine_1Da,3,False,predicted_spectrum,9556
CASMI2022,massformer,completed,69,69,178,CASMI_MOL_1196861,CASMI_MOL_365857,365857,O=C(CCn1c(O)ccc1O)OC1CCCCCCC1,0.5657911145076353,binned_cosine_1Da,4,False,predicted_spectrum,9556
CASMI2022,massformer,completed,69,69,178,CASMI_MOL_1196861,CASMI_MOL_363201,363201,COCCCCC=NC(=O)C1C2CCC(C2)C1C(=O)O,0.5637737842009111,binned_cosine_1Da,5,False,predicted_spectrum,9556
CASMI2022,massformer,completed,69,69,178,CASMI_MOL_1196861,CASMI_MOL_363202,363202,COCCCCC=NC(=O)C1C2CCC(C2)C1C(=O)O,0.5637737842009111,binned_cosine_1Da,6,False,predicted_spectrum,9556
CASMI2022,massformer,completed,69,69,178,CASMI_MOL_1196861,CASMI_MOL_363279,363279,COCCC1(C=NC(=O)C2CCCCC2C(=O)O)CC1,0.5624521150322651,binned_cosine_1Da,7,False,predicted_spectrum,9556
CASMI2022,massformer,completed,69,69,178,CASMI_MOL_1196861,CASMI_MOL_363280,363280,COCCC1(C=NC(=O)C2CCCCC2C(=O)O)CC1,0.5624521026698381,binned_cosine_1Da,8,False,predicted_spectrum,9556
CASMI2022,massformer,completed,69,69,178,CASMI_MOL_1196861,CASMI_MOL_365108,365108,CCOC(=O)N1C2CCC3(CC21)OC1CCCCC1O3,0.5623030844171578,binned_cosine_1Da,9,False,predicted_spectrum,9556
CASMI2022,massformer,completed,69,69,178,CASMI_MOL_1196861,CASMI_MOL_358920,358920,CCCCCCCCCc1ccc(O)c(O)c1[N+](=O)[O-],0.5622844539861012,binned_cosine_1Da,10,False,predicted_spectrum,9556
CASMI2022,massformer,completed,69,69,178,CASMI_MOL_1196861,CASMI_MOL_366166,366166,CCCOCCC=NC(=O)C1C2CCC(C2)C1C(=O)O,0.5609095606493825,binned_cosine_1Da,11,False,predicted_spectrum,9556
CASMI2022,massformer,completed,69,69,178,CASMI_MOL_1196861,CASMI_MOL_363340,363340,CCCOCCC=NC(=O)C1C2CCC(C2)C1C(=O)O,0.560909551621892,binned_cosine_1Da,12,False,predicted_spectrum,9556
CASMI2022,massformer,completed,69,69,178,CASMI_MOL_1196861,CASMI_MOL_358239,358239,CC(=O)OCCCn1cc(CNCCCN=[N+]=[N-])nn1,0.5609055804864261,binned_cosine_1Da,13,False,predicted_spectrum,9556
CASMI2022,massformer,completed,69,69,178,CASMI_MOL_1196861,CASMI_MOL_360320,360320,O=C(OC1CCC2(CC1)CO2)N1CC2(CCOCC2)C1,0.5565952608405275,binned_cosine_1Da,14,False,predicted_spectrum,9556
CASMI2022,massformer,completed,69,69,178,CASMI_MOL_1196861,CASMI_MOL_363695,363695,O=C(O)C1CCCCC1C(=O)N=CCCOCC1CC1,0.5554642208722573,binned_cosine_1Da,15,False,predicted_spectrum,9556
CASMI2022,massformer,completed,69,69,178,CASMI_MOL_1196861,CASMI_MOL_363683,363683,O=C(O)C1CCCCC1C(=O)N=CCOC1CCCC1,0.5548996608159253,binned_cosine_1Da,16,False,predicted_spectrum,9556
CASMI2022,massformer,completed,69,69,178,CASMI_MOL_1196861,CASMI_MOL_363247,363247,COC1CC(=NC(=O)C2CCCCC2C(=O)O)C1(C)C,0.5503267429622154,binned_cosine_1Da,17,False,predicted_spectrum,9556
CASMI2022,massformer,completed,69,69,178,CASMI_MOL_1196861,CASMI_MOL_363248,363248,COC1CC(=NC(=O)C2CCCCC2C(=O)O)C1(C)C,0.5503267429622154,binned_cosine_1Da,18,False,predicted_spectrum,9556
CASMI2022,massformer,completed,69,69,178,CASMI_MOL_1196861,CASMI_MOL_358954,358954,C=CCCCCCCCCC(=O)c1cc(O)n(O)c1O,0.5500497759820414,binned_cosine_1Da,19,False,predicted_spectrum,9556
CASMI2022,massformer,completed,69,69,178,CASMI_MOL_1196861,CASMI_MOL_360760,360760,C=CCOCCCC(=O)N1CC2CCCC2C1C(=O)O,0.5484212750348103,binned_cosine_1Da,20,False,predicted_spectrum,9556
CASMI2022,massformer,completed,69,69,178,CASMI_MOL_1196861,CASMI_MOL_358534,358534,CC(C)(C)C1CCC(C(=O)On2c(O)ccc2O)CC1,0.5475314086994565,binned_cosine_1Da,21,False,predicted_spectrum,9556
CASMI2022,massformer,completed,69,69,178,CASMI_MOL_1196861,CASMI_MOL_360882,360882,O=C(CC1CCCCC1)N=C(C(=O)O)C1CCCOC1,0.5452512112876581,binned_cosine_1Da,22,False,predicted_spectrum,9556
CASMI2022,massformer,completed,69,69,178,CASMI_MOL_1196861,CASMI_MOL_364485,364485,CCC1CCC(C(=O)O)(n2c(O)c(C)c(C)c2O)CC1,0.5442271272524135,binned_cosine_1Da,23,False,predicted_spectrum,9556
CASMI2022,massformer,completed,69,69,178,CASMI_MOL_1196861,CASMI_MOL_359360,359360,CCCCCCCC=CCC(=O)On1c(O)ccc1O,0.5436207154147212,binned_cosine_1Da,24,False,predicted_spectrum,9556
CASMI2022,massformer,completed,69,69,178,CASMI_MOL_1196861,CASMI_MOL_365647,365647,CCCCCCCC=CCC(=O)On1c(O)ccc1O,0.543620685713824,binned_cosine_1Da,25,False,predicted_spectrum,9556
CASMI2022,massformer,completed,69,69,178,CASMI_MOL_1196861,CASMI_MOL_361221,361221,CC(C)COCC=NC(=O)C1C2CCC(C2)C1C(=O)O,0.5421967922896254,binned_cosine_1Da,26,False,predicted_spectrum,9556
CASMI2022,massformer,completed,69,69,178,CASMI_MOL_1196861,CASMI_MOL_363336,363336,CC(C)COCC=NC(=O)C1C2CCC(C2)C1C(=O)O,0.5421967922896254,binned_cosine_1Da,27,False,predicted_spectrum,9556
CASMI2022,massformer,completed,69,69,178,CASMI_MOL_1196861,CASMI_MOL_360754,360754,CC(C)C1(C(=O)O)CCN(C(=O)C2CC3CCC2O3)C1,0.5410647433044282,binned_cosine_1Da,28,False,predicted_spectrum,9556
CASMI2022,massformer,completed,69,69,178,CASMI_MOL_1196861,CASMI_MOL_361768,361768,CCOC(C)(C)C=NC(=O)C1C2CCC(C2)C1C(=O)O,0.5406632734108177,binned_cosine_1Da,29,False,predicted_spectrum,9556
CASMI2022,massformer,completed,69,69,178,CASMI_MOL_1196861,CASMI_MOL_363333,363333,CCOC(C)(C)C=NC(=O)C1C2CCC(C2)C1C(=O)O,0.5406632734108177,binned_cosine_1Da,30,False,predicted_spectrum,9556
CASMI2022,massformer,completed,69,69,178,CASMI_MOL_1196861,CASMI_MOL_358558,358558,CCCCCCC(C)Oc1ccc([N+](=O)[O-])cc1OC,0.5386517261687724,binned_cosine_1Da,31,False,predicted_spectrum,9556
CASMI2022,massformer,completed,69,69,178,CASMI_MOL_1196861,CASMI_MOL_358732,358732,CCC(C)(C)C(=O)ON1C(=O)CC2(CCCC2)CC1=O,0.5378532123293124,binned_cosine_1Da,32,False,predicted_spectrum,9556
CASMI2022,massformer,completed,69,69,178,CASMI_MOL_1196861,CASMI_MOL_361869,361869,COCc1nc(CC2CCCCCC2)oc1C(=O)OC,0.5355314710678868,binned_cosine_1Da,33,False,predicted_spectrum,9556
CASMI2022,massformer,completed,69,69,178,CASMI_MOL_1196861,CASMI_MOL_359058,359058,C=CC(=O)CCCCCCCC(O)n1c(O)ccc1O,0.5319997068497448,binned_cosine_1Da,34,False,predicted_spectrum,9556
CASMI2022,massformer,completed,69,69,178,CASMI_MOL_1196861,CASMI_MOL_360862,360862,CCC1CCC(C(=O)N2CC3CCCC3(C(=O)O)C2)O1,0.5313226219801884,binned_cosine_1Da,35,False,predicted_spectrum,9556
CASMI2022,massformer,completed,69,69,178,CASMI_MOL_1196861,CASMI_MOL_367575,367575,CCOc1oc(C2(CC(C)C)CCCC2)nc1C(=O)O,0.5255787672888742,binned_cosine_1Da,36,False,predicted_spectrum,9556
CASMI2022,massformer,completed,69,69,178,CASMI_MOL_1196861,CASMI_MOL_363366,363366,CC(C)OCCC=NC(=O)C1C2CCC(C2)C1C(=O)O,0.5249712079344329,binned_cosine_1Da,37,False,predicted_spectrum,9556
CASMI2022,massformer,completed,69,69,178,CASMI_MOL_1196861,CASMI_MOL_366671,366671,CCOCCC=NC(=O)C1C2CCC(CC2)C1C(=O)O,0.5243302803631059,binned_cosine_1Da,38,False,predicted_spectrum,9556
CASMI2022,massformer,completed,69,69,178,CASMI_MOL_1196861,CASMI_MOL_359068,359068,CCC=CC=C(CC)COC(=O)N1CCCC1C(=O)O,0.5241317917867786,binned_cosine_1Da,39,False,predicted_spectrum,9556
CASMI2022,massformer,completed,69,69,178,CASMI_MOL_1196861,CASMI_MOL_360703,360703,CC1CC(C(=O)N2CC3CCCC3(C(=O)O)C2)CCO1,0.5232333726419338,binned_cosine_1Da,40,False,predicted_spectrum,9556
CASMI2022,massformer,completed,69,69,178,CASMI_MOL_1196861,CASMI_MOL_365833,365833,CCCCCCCC=CC(C(=O)O)n1c(O)ccc1O,0.5224985946147666,binned_cosine_1Da,41,False,predicted_spectrum,9556
CASMI2022,massformer,completed,69,69,178,CASMI_MOL_1196861,CASMI_MOL_363347,363347,COCC(=NC(=O)C1C2CCC(C2)C1C(=O)O)C(C)C,0.5224982375115422,binned_cosine_1Da,42,False,predicted_spectrum,9556
CASMI2022,massformer,completed,69,69,178,CASMI_MOL_1196861,CASMI_MOL_365664,365664,CCCn1nnnc1C(N=[N+]=[N-])C(CC(C)C)C(=O)O,0.5210570084557654,binned_cosine_1Da,43,False,predicted_spectrum,9556
CASMI2022,massformer,completed,69,69,178,CASMI_MOL_1196861,CASMI_MOL_358941,358941,CCCCCCCCCOc1ccc([N+](=O)[O-])cc1O,0.5185408331654695,binned_cosine_1Da,44,False,predicted_spectrum,9556
CASMI2022,massformer,completed,69,69,178,CASMI_MOL_1196861,CASMI_MOL_358299,358299,COCC1(C(=O)O)CCCN1C(=O)C=C1CCCCC1,0.5174523300898183,binned_cosine_1Da,45,False,predicted_spectrum,9556
CASMI2022,massformer,completed,69,69,178,CASMI_MOL_1196861,CASMI_MOL_358300,358300,COCC1(C(=O)O)CCCN1C(=O)C=C1CCCCC1,0.5174523300898183,binned_cosine_1Da,46,False,predicted_spectrum,9556
CASMI2022,massformer,completed,69,69,178,CASMI_MOL_1196861,CASMI_MOL_358865,358865,CC(COC(=O)N1CCCCC1)C1OC(=O)C2CCC21,0.5173054790428276,binned_cosine_1Da,47,False,predicted_spectrum,9556
CASMI2022,massformer,completed,69,69,178,CASMI_MOL_1196861,CASMI_MOL_363688,363688,CC1CN(C(=O)C2=C(C(=O)O)CCCC2)CC(C)(C)O1,0.5165281276011252,binned_cosine_1Da,48,False,predicted_spectrum,9556
CASMI2022,massformer,completed,69,69,178,CASMI_MOL_1196861,CASMI_MOL_361612,361612,COC(=O)C1COCCN1C(=O)CC1CC2CCC1C2,0.5164667058959741,binned_cosine_1Da,49,False,predicted_spectrum,9556
CASMI2022,massformer,completed,69,69,178,CASMI_MOL_1196861,CASMI_MOL_367513,367513,CCCN(C(=O)C1CC2CC2C1)C1COCC1C(=O)O,0.5158103975984782,binned_cosine_1Da,50,False,predicted_spectrum,9556
CASMI2022,massformer,completed,69,69,178,CASMI_MOL_1196861,CASMI_MOL_361696,361696,CCC1(CC)CC(=O)N(CC2(C(=O)O)CCCC2)C1=O,0.5153677821741799,binned_cosine_1Da,51,False,predicted_spectrum,9556
CASMI2022,massformer,completed,69,69,178,CASMI_MOL_1196861,CASMI_MOL_366847,366847,CCCNC(c1ccc(C(=O)OC)o1)C1(C)CCCO1,0.5151965305383143,binned_cosine_1Da,52,False,predicted_spectrum,9556
CASMI2022,massformer,completed,69,69,178,CASMI_MOL_1196861,CASMI_MOL_359377,359377,CCCOC(=O)C(C1CCCCC1)C(N)C(F)(F)F,0.5140993046699008,binned_cosine_1Da,53,False,predicted_spectrum,9556
CASMI2022,massformer,completed,69,69,178,CASMI_MOL_1196861,CASMI_MOL_359380,359380,CCCOC(=O)C(C1CCCCC1)C(N)C(F)(F)F,0.5140993046699008,binned_cosine_1Da,54,False,predicted_spectrum,9556
CASMI2022,massformer,completed,69,69,178,CASMI_MOL_1196861,CASMI_MOL_361378,361378,COC(=O)C1CC(O)CN1C(=O)CC1CC2CCC1C2,0.5136588839165407,binned_cosine_1Da,55,False,predicted_spectrum,9556
CASMI2022,massformer,completed,69,69,178,CASMI_MOL_1196861,CASMI_MOL_360648,360648,CCOC1CC(NC(=O)C2CC23CC3)(C(=O)O)C1(C)C,0.5134589482258461,binned_cosine_1Da,56,False,predicted_spectrum,9556
CASMI2022,massformer,completed,69,69,178,CASMI_MOL_1196861,CASMI_MOL_358160,358160,CC(C)(C)CC1CC1NC(=O)C12CC(C(=O)O)(CO1)C2,0.5133896158656064,binned_cosine_1Da,57,False,predicted_spectrum,9556
CASMI2022,massformer,completed,69,69,178,CASMI_MOL_1196861,CASMI_MOL_360833,360833,C=CCOCCCC(=O)N1CC(C(=O)O)C(C2CC2)C1,0.512488502702541,binned_cosine_1Da,58,False,predicted_spectrum,9556
CASMI2022,massformer,completed,69,69,178,CASMI_MOL_1196861,CASMI_MOL_366130,366130,CC1(C)CC(=NC(=O)C2CCCCC2C(=O)O)CCO1,0.5113181021671375,binned_cosine_1Da,59,False,predicted_spectrum,9556
CASMI2022,massformer,completed,69,69,178,CASMI_MOL_1196861,CASMI_MOL_363676,363676,CC1(C)CC(=NC(=O)C2CCCCC2C(=O)O)CCO1,0.5113180600964023,binned_cosine_1Da,60,False,predicted_spectrum,9556
CASMI2022,massformer,completed,69,69,178,CASMI_MOL_1196861,CASMI_MOL_361035,361035,C=CC(=O)OCCNC(=O)OC1(C2CCC2)CCCC1,0.5112679451854247,binned_cosine_1Da,61,False,predicted_spectrum,9556
CASMI2022,massformer,completed,69,69,178,CASMI_MOL_1196861,CASMI_MOL_361765,361765,CN(CC1(O)CCCC1)C(=O)C1=C(C(=O)O)CCCC1,0.5104540853820692,binned_cosine_1Da,62,False,predicted_spectrum,9556
CASMI2022,massformer,completed,69,69,178,CASMI_MOL_1196861,CASMI_MOL_363668,363668,CN(CC1(O)CCCC1)C(=O)C1=C(C(=O)O)CCCC1,0.5104540853820692,binned_cosine_1Da,63,False,predicted_spectrum,9556
CASMI2022,massformer,completed,69,69,178,CASMI_MOL_1196861,CASMI_MOL_360868,360868,O=C(CCC1CCCO1)N1CC2CCCC2(C(=O)O)C1,0.5103394671381786,binned_cosine_1Da,64,False,predicted_spectrum,9556
CASMI2022,massformer,completed,69,69,178,CASMI_MOL_1196861,CASMI_MOL_360852,360852,C=C(C)CC(C)C(=O)N1CC2COCCC2(C(=O)O)C1,0.5103253289273848,binned_cosine_1Da,65,False,predicted_spectrum,9556
CASMI2022,massformer,completed,69,69,178,CASMI_MOL_1196861,CASMI_MOL_358271,358271,CCC1(C(C)C)CC1C(=O)OCCn1c(O)ccc1O,0.5102497809573109,binned_cosine_1Da,66,False,predicted_spectrum,9556
CASMI2022,massformer,completed,69,69,178,CASMI_MOL_1196861,CASMI_MOL_360890,360890,CN(C(=O)C1CC2CCC1O2)C1(C(=O)O)CCCCC1,0.5099326587222277,binned_cosine_1Da,67,False,predicted_spectrum,9556
CASMI2022,massformer,completed,69,69,178,CASMI_MOL_1196861,CASMI_MOL_363064,363064,CC(C)C(CCO)=NC(=O)C1C2CCC(C2)C1C(=O)O,0.5086769546868564,binned_cosine_1Da,68,False,predicted_spectrum,9556
CASMI2022,massformer,completed,69,69,178,CASMI_MOL_1196861,CASMI_MOL_363065,363065,CC(C)C(CCO)=NC(=O)C1C2CCC(C2)C1C(=O)O,0.5086769546868564,binned_cosine_1Da,69,False,predicted_spectrum,9556
CASMI2022,massformer,completed,69,69,178,CASMI_MOL_1196861,CASMI_MOL_363343,363343,CCC(C=NC(=O)C1C2CCC(C2)C1C(=O)O)CCO,0.5076299702244215,binned_cosine_1Da,70,False,predicted_spectrum,9556
CASMI2022,massformer,completed,69,69,178,CASMI_MOL_1196861,CASMI_MOL_367558,367558,CCC(C=NC(=O)C1C2CCC(C2)C1C(=O)O)CCO,0.5076299702244215,binned_cosine_1Da,71,False,predicted_spectrum,9556
CASMI2022,massformer,completed,69,69,178,CASMI_MOL_1196861,CASMI_MOL_364482,364482,Cc1c(C)c(O)n(CC2(C(=O)O)CCCCCC2)c1O,0.5075932786245199,binned_cosine_1Da,72,False,predicted_spectrum,9556
CASMI2022,massformer,completed,69,69,178,CASMI_MOL_1196861,CASMI_MOL_359382,359382,CCCCOC(=O)C(C1CCCC1)C(N)C(F)(F)F,0.5073958108657989,binned_cosine_1Da,73,False,predicted_spectrum,9556
CASMI2022,massformer,completed,69,69,178,CASMI_MOL_1196861,CASMI_MOL_359384,359384,CCCCOC(=O)C(C1CCCC1)C(N)C(F)(F)F,0.5073958108657989,binned_cosine_1Da,74,False,predicted_spectrum,9556
CASMI2022,massformer,completed,69,69,178,CASMI_MOL_1196861,CASMI_MOL_358298,358298,COCC1(C(=O)O)CCCN1C(=O)C(C1CC1)C1CC1,0.5073575268988668,binned_cosine_1Da,75,False,predicted_spectrum,9556
CASMI2022,massformer,completed,69,69,178,CASMI_MOL_1196861,CASMI_MOL_364038,364038,CCOC(=O)c1coc(OC2CC(C)CC(C)(C)C2)n1,0.507239817399969,binned_cosine_1Da,76,False,predicted_spectrum,9556
CASMI2022,massformer,completed,69,69,178,CASMI_MOL_1196861,CASMI_MOL_363134,363134,CC(CO)CCC=NC(=O)C1C2CCC(C2)C1C(=O)O,0.5070589749400164,binned_cosine_1Da,77,False,predicted_spectrum,9556
CASMI2022,massformer,completed,69,69,178,CASMI_MOL_1196861,CASMI_MOL_363135,363135,CC(CO)CCC=NC(=O)C1C2CCC(C2)C1C(=O)O,0.5070589749400164,binned_cosine_1Da,78,False,predicted_spectrum,9556
CASMI2022,massformer,completed,69,69,178,CASMI_MOL_1196861,CASMI_MOL_362441,362441,O=C(O)C1C2CCC(C2)C1C(=O)N=CCCCCCO,0.5062985281159457,binned_cosine_1Da,79,False,predicted_spectrum,9556
CASMI2022,massformer,completed,69,69,178,CASMI_MOL_1196861,CASMI_MOL_363329,363329,O=C(O)C1C2CCC(C2)C1C(=O)N=CCCCCCO,0.5062985281159457,binned_cosine_1Da,80,False,predicted_spectrum,9556
CASMI2022,massformer,completed,69,69,178,CASMI_MOL_1196861,CASMI_MOL_358932,358932,CCOC(=O)CC1CC(CC#N)OC2(CCCCC2)O1,0.5060880559338296,binned_cosine_1Da,81,False,predicted_spectrum,9556
CASMI2022,massformer,completed,69,69,178,CASMI_MOL_1196861,CASMI_MOL_360886,360886,O=C(NCC1(C(=O)O)CCCCC1)C1CC2CCC1O2,0.5059060067316998,binned_cosine_1Da,82,False,predicted_spectrum,9556
CASMI2022,massformer,completed,69,69,178,CASMI_MOL_1196861,CASMI_MOL_360887,360887,C=CCC(CC=C)C(=O)NCC1(C(=O)O)CCOCC1,0.5057124418461284,binned_cosine_1Da,83,False,predicted_spectrum,9556
CASMI2022,massformer,completed,69,69,178,CASMI_MOL_1196861,CASMI_MOL_358385,358385,CC(C)(C)OC(=O)C(N)C1CCCC(C(F)(F)F)C1,0.5046252473711251,binned_cosine_1Da,84,False,predicted_spectrum,9556
CASMI2022,massformer,completed,69,69,178,CASMI_MOL_1196861,CASMI_MOL_363206,363206,COC(=O)c1ccc(C(C)NCC2(C)CCOCC2)o1,0.5045463824759555,binned_cosine_1Da,85,False,predicted_spectrum,9556
CASMI2022,massformer,completed,69,69,178,CASMI_MOL_1196861,CASMI_MOL_363188,363188,O=C(O)C1CCCCC1C(=O)N=CCC1CCCCO1,0.5040216329431338,binned_cosine_1Da,86,False,predicted_spectrum,9556
CASMI2022,massformer,completed,69,69,178,CASMI_MOL_1196861,CASMI_MOL_363189,363189,O=C(O)C1CCCCC1C(=O)N=CCC1CCCCO1,0.5040216329431338,binned_cosine_1Da,87,False,predicted_spectrum,9556
CASMI2022,massformer,completed,69,69,178,CASMI_MOL_1196861,CASMI_MOL_361872,361872,C=CCN(CC=C)C(=O)COC1CCC(C(=O)O)CC1,0.5040109828700036,binned_cosine_1Da,88,False,predicted_spectrum,9556
CASMI2022,massformer,completed,69,69,178,CASMI_MOL_1196861,CASMI_MOL_359414,359414,CCCCCCCCONc1ccc(O)c(C(=O)O)c1,0.5023295540834077,binned_cosine_1Da,89,False,predicted_spectrum,9556
CASMI2022,massformer,completed,69,69,178,CASMI_MOL_1196861,CASMI_MOL_363149,363149,O=C(O)C1CCCCC1C(=O)N=CC1CCC(O)CC1,0.5016779796592786,binned_cosine_1Da,90,False,predicted_spectrum,9556
CASMI2022,massformer,completed,69,69,178,CASMI_MOL_1196861,CASMI_MOL_363150,363150,O=C(O)C1CCCCC1C(=O)N=CC1CCC(O)CC1,0.5016779796592786,binned_cosine_1Da,91,False,predicted_spectrum,9556
CASMI2022,massformer,completed,69,69,178,CASMI_MOL_1196861,CASMI_MOL_364448,364448,COC1(CC(=O)N2CC3CCCC3C2C(=O)O)CCC1,0.5016658972173679,binned_cosine_1Da,92,False,predicted_spectrum,9556
CASMI2022,massformer,completed,69,69,178,CASMI_MOL_1196861,CASMI_MOL_360940,360940,O=C(NC1(C(=O)O)CCOC1)C1CC1C1CCCCC1,0.5014439914899589,binned_cosine_1Da,93,False,predicted_spectrum,9556
CASMI2022,massformer,completed,69,69,178,CASMI_MOL_1196861,CASMI_MOL_358828,358828,CC1CCC(C(C)C)C(C(=O)On2c(O)ccc2O)C1,0.501134858329566,binned_cosine_1Da,94,False,predicted_spectrum,9556
CASMI2022,massformer,completed,69,69,178,CASMI_MOL_1196861,CASMI_MOL_364168,364168,COC(=O)c1cc(CNC(C)C2CCOCC2)oc1C,0.4999642135760254,binned_cosine_1Da,95,False,predicted_spectrum,9556
CASMI2022,massformer,completed,69,69,178,CASMI_MOL_1196861,CASMI_MOL_360659,360659,CC1(C)C(NC(=O)C2C(C(=O)O)C2(C)C)C2CCOC21,0.4997508470866913,binned_cosine_1Da,96,False,predicted_spectrum,9556
CASMI2022,massformer,completed,69,69,178,CASMI_MOL_1196861,CASMI_MOL_358280,358280,CC1(C)C(NC(=O)C2C(C(=O)O)C2(C)C)C2CCOC21,0.49975083012394855,binned_cosine_1Da,97,False,predicted_spectrum,9556
CASMI2022,massformer,completed,69,69,178,CASMI_MOL_1196861,CASMI_MOL_365303,365303,CCCc1onc(C)c1C(=O)OC(C)C1CCOCC1,0.4995760760799506,binned_cosine_1Da,98,False,predicted_spectrum,9556
CASMI2022,massformer,completed,69,69,178,CASMI_MOL_1196861,CASMI_MOL_365304,365304,CCCc1onc(C)c1C(=O)OC(C)C1CCOCC1,0.4995760760799506,binned_cosine_1Da,99,False,predicted_spectrum,9556
CASMI2022,massformer,completed,69,69,178,CASMI_MOL_1196861,CASMI_MOL_365651,365651,O=C(O)C=CCCCCCCCCn1c(O)ccc1O,0.49947836794160916,binned_cosine_1Da,100,False,predicted_spectrum,9556
CASMI2022,massformer,completed,69,69,178,CASMI_MOL_1196861,CASMI_MOL_1196861,1196861,O=C(O)CCCCCCCCCCN1C(=O)C=CC1=O,0.4506923802105723,binned_cosine_1Da,340,True,predicted_spectrum,9556
CASMI2022,massformer,completed,70,70,183,CASMI_MOL_1196862,CASMI_MOL_375893,375893,C=CCc1cc(C(=O)O)c(C(=O)O)c(CCCCCC)c1CC=C,0.6135459345743538,binned_cosine_1Da,1,False,predicted_spectrum,8926
CASMI2022,massformer,completed,70,70,183,CASMI_MOL_1196862,CASMI_MOL_370514,370514,C=C(C)N(N=C(C)NC(=O)C(C)=NC)C(=CC)c1ccccc1F,0.6066232598776946,binned_cosine_1Da,2,False,predicted_spectrum,8926
CASMI2022,massformer,completed,70,70,183,CASMI_MOL_1196862,CASMI_MOL_368553,368553,C=C(C)C1CCC(C)C2Oc3cc(CCC)c(C(=O)O)c(O)c3C12,0.6065008863956429,binned_cosine_1Da,3,False,predicted_spectrum,8926
CASMI2022,massformer,completed,70,70,183,CASMI_MOL_1196862,CASMI_MOL_369871,369871,C=C(C)C1CCC(C)C2Oc3cc(CCC)c(C(=O)O)c(O)c3C12,0.6065008863956429,binned_cosine_1Da,4,False,predicted_spectrum,8926
CASMI2022,massformer,completed,70,70,183,CASMI_MOL_1196862,CASMI_MOL_371506,371506,CCCc1cc(O)c2c(c1C(=O)O)OC(C)(C)C1CCC(C)=CC21,0.6018763964889013,binned_cosine_1Da,5,False,predicted_spectrum,8926
CASMI2022,massformer,completed,70,70,183,CASMI_MOL_1196862,CASMI_MOL_374424,374424,CCCc1cc(O)c2c(c1C(=O)O)OC(C)(C)C1CCC(C)=CC21,0.6018763964889013,binned_cosine_1Da,6,False,predicted_spectrum,8926
CASMI2022,massformer,completed,70,70,183,CASMI_MOL_1196862,CASMI_MOL_368017,368017,CC(C)(C)c1cc(O)c2c(c1)OC(C)(C)C1CCC(C(=O)O)=CC21,0.6010817199020322,binned_cosine_1Da,7,False,predicted_spectrum,8926
CASMI2022,massformer,completed,70,70,183,CASMI_MOL_1196862,CASMI_MOL_369384,369384,CCCc1cc2c(c(O)c1C(=O)O)C1C=C(C)CCC1C(C)(C)O2,0.5989770091521063,binned_cosine_1Da,8,False,predicted_spectrum,8926
CASMI2022,massformer,completed,70,70,183,CASMI_MOL_1196862,CASMI_MOL_370408,370408,CCCc1cc2c(c(O)c1C(=O)O)C1C=C(C)CCC1C(C)(C)O2,0.5989770091521063,binned_cosine_1Da,9,False,predicted_spectrum,8926
CASMI2022,massformer,completed,70,70,183,CASMI_MOL_1196862,CASMI_MOL_369638,369638,CC(C)=CC#CC1(O)C(=O)C(C(=O)C(C)C)C(=O)C1CC=C(C)C,0.5980441973628575,binned_cosine_1Da,10,False,predicted_spectrum,8926
CASMI2022,massformer,completed,70,70,183,CASMI_MOL_1196862,CASMI_MOL_375344,375344,C=C(C)c1c(O)c(O)c2c(c1O)CC(=O)C1C(C)(C)CCCC21C,0.5968162220291451,binned_cosine_1Da,11,False,predicted_spectrum,8926
CASMI2022,massformer,completed,70,70,183,CASMI_MOL_1196862,CASMI_MOL_375345,375345,C=C(C)c1c(O)c(O)c2c(c1O)CC(=O)C1C(C)(C)CCCC21C,0.5968162220291451,binned_cosine_1Da,12,False,predicted_spectrum,8926
CASMI2022,massformer,completed,70,70,183,CASMI_MOL_1196862,CASMI_MOL_369006,369006,CC(C)c1cc(O)c2c(c1O)C1CC3C(C)(C)CCCC23C(=O)O1,0.5953862129556723,binned_cosine_1Da,13,False,predicted_spectrum,8926
CASMI2022,massformer,completed,70,70,183,CASMI_MOL_1196862,CASMI_MOL_374719,374719,CC(C)c1cc(O)c2c(c1O)C1CC3C(C)(C)CCCC23C(=O)O1,0.5953862129556723,binned_cosine_1Da,14,False,predicted_spectrum,8926
CASMI2022,massformer,completed,70,70,183,CASMI_MOL_1196862,CASMI_MOL_374720,374720,CC(C)c1cc(O)c2c(c1O)C1CC3C(C)(C)CCCC23C(=O)O1,0.5953862129556723,binned_cosine_1Da,15,False,predicted_spectrum,8926
CASMI2022,massformer,completed,70,70,183,CASMI_MOL_1196862,CASMI_MOL_375538,375538,CC(C)c1cc(O)c2c(c1O)C1CC3C(C)(C)CCCC23C(=O)O1,0.5953862129556723,binned_cosine_1Da,16,False,predicted_spectrum,8926
CASMI2022,massformer,completed,70,70,183,CASMI_MOL_1196862,CASMI_MOL_375539,375539,CC(C)c1cc(O)c2c(c1O)C1CC3C(C)(C)CCCC23C(=O)O1,0.5953862129556723,binned_cosine_1Da,17,False,predicted_spectrum,8926
CASMI2022,massformer,completed,70,70,183,CASMI_MOL_1196862,CASMI_MOL_373173,373173,Cc1c2c(c(C3(C(=O)O)CCCCC3)c3c1OC(C)C3)OC(C)C2,0.5952418325749224,binned_cosine_1Da,18,False,predicted_spectrum,8926
CASMI2022,massformer,completed,70,70,183,CASMI_MOL_1196862,CASMI_MOL_369393,369393,CCC=c1cc(O)c2c(c1C(=O)O)OC(C)(CCC=C(C)C)CC=2,0.5924695344874102,binned_cosine_1Da,19,False,predicted_spectrum,8926
CASMI2022,massformer,completed,70,70,183,CASMI_MOL_1196862,CASMI_MOL_371267,371267,CCC=c1cc(O)c2c(c1C(=O)O)OC(C)(CCC=C(C)C)CC=2,0.5924695344874102,binned_cosine_1Da,20,False,predicted_spectrum,8926
CASMI2022,massformer,completed,70,70,183,CASMI_MOL_1196862,CASMI_MOL_375801,375801,C=C(C)C1CCC(C)=CC1c1c(O)cc(O)cc1C(C)(C)C(=O)O,0.5923362359446417,binned_cosine_1Da,21,False,predicted_spectrum,8926
CASMI2022,massformer,completed,70,70,183,CASMI_MOL_1196862,CASMI_MOL_369386,369386,CC1=CCC2C(C1)c1c(O)cc(C(C)(C)C(=O)O)cc1OC2(C)C,0.5912912690091872,binned_cosine_1Da,22,False,predicted_spectrum,8926
CASMI2022,massformer,completed,70,70,183,CASMI_MOL_1196862,CASMI_MOL_372611,372611,CC1=CCC2C(C1)c1c(O)cc(C(C)(C)C(=O)O)cc1OC2(C)C,0.5912912690091872,binned_cosine_1Da,23,False,predicted_spectrum,8926
CASMI2022,massformer,completed,70,70,183,CASMI_MOL_1196862,CASMI_MOL_372612,372612,CC1=CCC2C(C1)c1c(O)cc(C(C)(C)C(=O)O)cc1OC2(C)C,0.5912912690091872,binned_cosine_1Da,24,False,predicted_spectrum,8926
CASMI2022,massformer,completed,70,70,183,CASMI_MOL_1196862,CASMI_MOL_376108,376108,CC1=CCC2C(C1)c1c(O)cc(C(C)(C)C(=O)O)cc1OC2(C)C,0.5912912690091872,binned_cosine_1Da,25,False,predicted_spectrum,8926
CASMI2022,massformer,completed,70,70,183,CASMI_MOL_1196862,CASMI_MOL_368926,368926,CC(C)=C1CC(=O)C(C)C=CCC(C)CC(=O)Cc2cc1oc2O,0.5910531894619353,binned_cosine_1Da,26,False,predicted_spectrum,8926
CASMI2022,massformer,completed,70,70,183,CASMI_MOL_1196862,CASMI_MOL_368927,368927,CC(C)=C1CC(=O)C(C)C=CCC(C)CC(=O)Cc2cc1oc2O,0.5910531894619353,binned_cosine_1Da,27,False,predicted_spectrum,8926
CASMI2022,massformer,completed,70,70,183,CASMI_MOL_1196862,CASMI_MOL_368928,368928,CC(C)=C1CC(=O)C(C)C=CCC(C)CC(=O)Cc2cc1oc2O,0.5910531894619353,binned_cosine_1Da,28,False,predicted_spectrum,8926
CASMI2022,massformer,completed,70,70,183,CASMI_MOL_1196862,CASMI_MOL_368929,368929,CC(C)=C1CC(=O)C(C)C=CCC(C)CC(=O)Cc2cc1oc2O,0.5910531894619353,binned_cosine_1Da,29,False,predicted_spectrum,8926
CASMI2022,massformer,completed,70,70,183,CASMI_MOL_1196862,CASMI_MOL_368930,368930,CC(C)=C1CC(=O)C(C)C=CCC(C)CC(=O)Cc2cc1oc2O,0.5910531894619353,binned_cosine_1Da,30,False,predicted_spectrum,8926
CASMI2022,massformer,completed,70,70,183,CASMI_MOL_1196862,CASMI_MOL_368931,368931,CC(C)=C1CC(=O)C(C)C=CCC(C)CC(=O)Cc2cc1oc2O,0.5910531894619353,binned_cosine_1Da,31,False,predicted_spectrum,8926
CASMI2022,massformer,completed,70,70,183,CASMI_MOL_1196862,CASMI_MOL_369033,369033,CC(C)=C1CC(=O)C(C)C=CCC(C)CC(=O)Cc2cc1oc2O,0.5910531894619353,binned_cosine_1Da,32,False,predicted_spectrum,8926
CASMI2022,massformer,completed,70,70,183,CASMI_MOL_1196862,CASMI_MOL_369034,369034,CC(C)=C1CC(=O)C(C)C=CCC(C)CC(=O)Cc2cc1oc2O,0.5910531894619353,binned_cosine_1Da,33,False,predicted_spectrum,8926
CASMI2022,massformer,completed,70,70,183,CASMI_MOL_1196862,CASMI_MOL_369115,369115,CC(C)=C1CC(=O)C(C)C=CCC(C)CC(=O)Cc2cc1oc2O,0.5910531894619353,binned_cosine_1Da,34,False,predicted_spectrum,8926
CASMI2022,massformer,completed,70,70,183,CASMI_MOL_1196862,CASMI_MOL_369116,369116,CC(C)=C1CC(=O)C(C)C=CCC(C)CC(=O)Cc2cc1oc2O,0.5910531894619353,binned_cosine_1Da,35,False,predicted_spectrum,8926
CASMI2022,massformer,completed,70,70,183,CASMI_MOL_1196862,CASMI_MOL_369176,369176,CC(C)=C1CC(=O)C(C)C=CCC(C)CC(=O)Cc2cc1oc2O,0.5910531894619353,binned_cosine_1Da,36,False,predicted_spectrum,8926
CASMI2022,massformer,completed,70,70,183,CASMI_MOL_1196862,CASMI_MOL_374278,374278,CC(C)=C1CC(=O)C(C)C=CCC(C)CC(=O)Cc2cc1oc2O,0.5910531894619353,binned_cosine_1Da,37,False,predicted_spectrum,8926
CASMI2022,massformer,completed,70,70,183,CASMI_MOL_1196862,CASMI_MOL_374279,374279,CC(C)=C1CC(=O)C(C)C=CCC(C)CC(=O)Cc2cc1oc2O,0.5910531894619353,binned_cosine_1Da,38,False,predicted_spectrum,8926
CASMI2022,massformer,completed,70,70,183,CASMI_MOL_1196862,CASMI_MOL_370648,370648,C=C(C)C1CCC(C)=CC1c1c(O)cc(CCC)c(C(=O)O)c1O,0.5906698921944123,binned_cosine_1Da,39,False,predicted_spectrum,8926
CASMI2022,massformer,completed,70,70,183,CASMI_MOL_1196862,CASMI_MOL_371279,371279,C=C(C)C1CCC(C)=CC1c1c(O)cc(CCC)c(C(=O)O)c1O,0.5906698921944123,binned_cosine_1Da,40,False,predicted_spectrum,8926
CASMI2022,massformer,completed,70,70,183,CASMI_MOL_1196862,CASMI_MOL_368018,368018,CC(C)(C)c1cc(O)c2c(c1)OC(C)(C)C1C=CC(C(=O)O)CC21,0.5870231523917385,binned_cosine_1Da,41,False,predicted_spectrum,8926
CASMI2022,massformer,completed,70,70,183,CASMI_MOL_1196862,CASMI_MOL_369703,369703,CC(C)(C)c1cc(O)c2c(c1)OC(C)(C)C1C=CC(C(=O)O)CC21,0.5870231523917385,binned_cosine_1Da,42,False,predicted_spectrum,8926
CASMI2022,massformer,completed,70,70,183,CASMI_MOL_1196862,CASMI_MOL_369704,369704,CC(C)(C)c1cc(O)c2c(c1)OC(C)(C)C1C=CC(C(=O)O)CC21,0.5870231523917385,binned_cosine_1Da,43,False,predicted_spectrum,8926
CASMI2022,massformer,completed,70,70,183,CASMI_MOL_1196862,CASMI_MOL_370413,370413,CC(C)(C)c1cc(O)c2c(c1)OC(C)(C)C1C=CC(C(=O)O)CC21,0.5870231523917385,binned_cosine_1Da,44,False,predicted_spectrum,8926
CASMI2022,massformer,completed,70,70,183,CASMI_MOL_1196862,CASMI_MOL_369372,369372,CCC=c1cc2c(c(O)c1C(=O)O)=CCC(C)(CCC=C(C)C)O2,0.5863832147687925,binned_cosine_1Da,45,False,predicted_spectrum,8926
CASMI2022,massformer,completed,70,70,183,CASMI_MOL_1196862,CASMI_MOL_369702,369702,CC(=O)Oc1c(C=O)c(C)cc(OC(C)C)c1C1C=C(C)CCC1,0.5863715338963189,binned_cosine_1Da,46,False,predicted_spectrum,8926
CASMI2022,massformer,completed,70,70,183,CASMI_MOL_1196862,CASMI_MOL_374554,374554,CC(C)c1cc(O)c2c(c1O)C=CC1C(C)(C)CCCC21C(=O)O,0.5854182636618871,binned_cosine_1Da,47,False,predicted_spectrum,8926
CASMI2022,massformer,completed,70,70,183,CASMI_MOL_1196862,CASMI_MOL_369472,369472,CCCCCc1cc(O)c(C2C=C(C)CCC2)c2c1C(=O)OCO2,0.584799297053184,binned_cosine_1Da,48,False,predicted_spectrum,8926
CASMI2022,massformer,completed,70,70,183,CASMI_MOL_1196862,CASMI_MOL_369471,369471,CC(C)c1c(O)c(O)c2c(c1O)C1=C(O1)C1C(C)(C)CCCC21C,0.5839775930609508,binned_cosine_1Da,49,False,predicted_spectrum,8926
CASMI2022,massformer,completed,70,70,183,CASMI_MOL_1196862,CASMI_MOL_369166,369166,CC1CCC2C(C(=O)C1)c1c(O)oc3c1C2(C)C(=O)CC3C(C)C,0.5784352431899444,binned_cosine_1Da,50,False,predicted_spectrum,8926
CASMI2022,massformer,completed,70,70,183,CASMI_MOL_1196862,CASMI_MOL_370755,370755,CC1CCC2C(C(=O)C1)c1c(O)oc3c1C2(C)C(=O)CC3C(C)C,0.5784352431899444,binned_cosine_1Da,51,False,predicted_spectrum,8926
CASMI2022,massformer,completed,70,70,183,CASMI_MOL_1196862,CASMI_MOL_376474,376474,CC1CCC2C(C(=O)C1)c1c(O)oc3c1C2(C)C(=O)CC3C(C)C,0.5784352431899444,binned_cosine_1Da,52,False,predicted_spectrum,8926
CASMI2022,massformer,completed,70,70,183,CASMI_MOL_1196862,CASMI_MOL_371168,371168,CCCc1cc(O)c(C2C=C(C)CCC2=C(C)C)c(O)c1C(=O)O,0.5781487936459516,binned_cosine_1Da,53,False,predicted_spectrum,8926
CASMI2022,massformer,completed,70,70,183,CASMI_MOL_1196862,CASMI_MOL_369072,369072,CC(C)c1cc(O)c2c(c1O)C=CC1C(C)(C(=O)O)CCCC21C,0.5780161670870052,binned_cosine_1Da,54,False,predicted_spectrum,8926
CASMI2022,massformer,completed,70,70,183,CASMI_MOL_1196862,CASMI_MOL_376111,376111,CC(C)c1cc(O)c2c(c1O)C=CC1C(C)(C(=O)O)CCCC21C,0.5780161670870052,binned_cosine_1Da,55,False,predicted_spectrum,8926
CASMI2022,massformer,completed,70,70,183,CASMI_MOL_1196862,CASMI_MOL_369362,369362,C=C(C)C1CCC(C)=CC1c1c(O)cc(C(C)C)c(C(=O)O)c1O,0.5763666885302928,binned_cosine_1Da,56,False,predicted_spectrum,8926
CASMI2022,massformer,completed,70,70,183,CASMI_MOL_1196862,CASMI_MOL_369216,369216,CCCc1cc2c(c(O)c1C(=O)O)C1CC(C)=CCC1C(C)(C)O2,0.5758811833156171,binned_cosine_1Da,57,False,predicted_spectrum,8926
CASMI2022,massformer,completed,70,70,183,CASMI_MOL_1196862,CASMI_MOL_376487,376487,CCCc1cc2c(c(O)c1C(=O)O)C1CC(C)=CCC1C(C)(C)O2,0.5758811833156171,binned_cosine_1Da,58,False,predicted_spectrum,8926
CASMI2022,massformer,completed,70,70,183,CASMI_MOL_1196862,CASMI_MOL_374317,374317,CC(C)c1c(O)c(O)cc2c1C1(C)CCCC(C)(C)C1C(=O)C2=O,0.5757339022326016,binned_cosine_1Da,59,False,predicted_spectrum,8926
CASMI2022,massformer,completed,70,70,183,CASMI_MOL_1196862,CASMI_MOL_368953,368953,CC(C)c1c(O)ccc2c1C(=O)CC1C(C)(C(=O)O)CCCC21C,0.5735278479007858,binned_cosine_1Da,60,False,predicted_spectrum,8926
CASMI2022,massformer,completed,70,70,183,CASMI_MOL_1196862,CASMI_MOL_368952,368952,CC(C)(O)c1cc2c(cc1O)C1(C)CCCC(C)(C)C1C(=O)C2=O,0.5735134619811082,binned_cosine_1Da,61,False,predicted_spectrum,8926
CASMI2022,massformer,completed,70,70,183,CASMI_MOL_1196862,CASMI_MOL_370368,370368,C=CCCC1(C)C=Cc2c(cc(CCCCC)c(C(=O)O)c2O)O1,0.573213398213103,binned_cosine_1Da,62,False,predicted_spectrum,8926
CASMI2022,massformer,completed,70,70,183,CASMI_MOL_1196862,CASMI_MOL_369105,369105,CC(C)c1c(O)c(O)c2c(c1O)C1=CC3C(C)(C)CCCC23CO1,0.5721089987453193,binned_cosine_1Da,63,False,predicted_spectrum,8926
CASMI2022,massformer,completed,70,70,183,CASMI_MOL_1196862,CASMI_MOL_374408,374408,CC(C)c1c(O)c(O)c2c(c1O)C1=CC3C(C)(C)CCCC23CO1,0.5721089987453193,binned_cosine_1Da,64,False,predicted_spectrum,8926
CASMI2022,massformer,completed,70,70,183,CASMI_MOL_1196862,CASMI_MOL_376459,376459,CC(C)C(=O)c1c(O)cc2c3c1OC1(C)CCC(C3C1)C(C)(C)O2,0.569749182935368,binned_cosine_1Da,65,False,predicted_spectrum,8926
CASMI2022,massformer,completed,70,70,183,CASMI_MOL_1196862,CASMI_MOL_376473,376473,CC(C)C(=O)c1c(O)cc2c3c1OC1(C)CCC(C3C1)C(C)(C)O2,0.569749182935368,binned_cosine_1Da,66,False,predicted_spectrum,8926
CASMI2022,massformer,completed,70,70,183,CASMI_MOL_1196862,CASMI_MOL_1196862,1196862,CC(C)c1cc2c(cc1O)C1(C(=O)O)CCCC(C)(C)C1CC2=O,0.5686943252299673,binned_cosine_1Da,67,True,predicted_spectrum,8926
CASMI2022,massformer,completed,70,70,183,CASMI_MOL_1196862,CASMI_MOL_369511,369511,CC(C)c1cc2c(cc1O)C1(C(=O)O)CCCC(C)(C)C1CC2=O,0.5686942959639738,binned_cosine_1Da,68,False,predicted_spectrum,8926
CASMI2022,massformer,completed,70,70,183,CASMI_MOL_1196862,CASMI_MOL_376028,376028,CC(C)c1cc2c(c(O)c1O)C1(C)CCCC(C)(C)C1C(=O)C2=O,0.5686072386545884,binned_cosine_1Da,69,False,predicted_spectrum,8926
CASMI2022,massformer,completed,70,70,183,CASMI_MOL_1196862,CASMI_MOL_376029,376029,CC(C)c1cc2c(c(O)c1O)C1(C)CCCC(C)(C)C1C(=O)C2=O,0.5686072386545884,binned_cosine_1Da,70,False,predicted_spectrum,8926
CASMI2022,massformer,completed,70,70,183,CASMI_MOL_1196862,CASMI_MOL_369092,369092,CC(C)c1cc2c(c(O)c1O)C13CCCC(C)(C)C1C(C2)OC3=O,0.5681956660839396,binned_cosine_1Da,71,False,predicted_spectrum,8926
CASMI2022,massformer,completed,70,70,183,CASMI_MOL_1196862,CASMI_MOL_375887,375887,C=CCCC(CC)(C(=O)O)c1c(O)c(CC=C)cc(O)c1CC=C,0.5679095031328659,binned_cosine_1Da,72,False,predicted_spectrum,8926
CASMI2022,massformer,completed,70,70,183,CASMI_MOL_1196862,CASMI_MOL_368812,368812,C=C(C)c1c(O)c(O)c2c(c1O)C=CC1(O)C(C)(C)CCCC21C,0.5672163645099808,binned_cosine_1Da,73,False,predicted_spectrum,8926
CASMI2022,massformer,completed,70,70,183,CASMI_MOL_1196862,CASMI_MOL_369146,369146,C=C(C)c1c(O)c(O)c2c(c1O)C=CC1(O)C(C)(C)CCCC21C,0.5672163645099808,binned_cosine_1Da,74,False,predicted_spectrum,8926
CASMI2022,massformer,completed,70,70,183,CASMI_MOL_1196862,CASMI_MOL_368833,368833,CC(C)=CCCC1(C)C=Cc2c(O)cc(O)c(C(=O)C(C)C)c2O1,0.5669468523359382,binned_cosine_1Da,75,False,predicted_spectrum,8926
CASMI2022,massformer,completed,70,70,183,CASMI_MOL_1196862,CASMI_MOL_368834,368834,CC(C)=CCCC1(C)C=Cc2c(O)cc(O)c(C(=O)C(C)C)c2O1,0.5669468523359382,binned_cosine_1Da,76,False,predicted_spectrum,8926
CASMI2022,massformer,completed,70,70,183,CASMI_MOL_1196862,CASMI_MOL_376478,376478,CC(C)=CCCC1(C)C=Cc2c(O)cc(O)c(C(=O)C(C)C)c2O1,0.5669468523359382,binned_cosine_1Da,77,False,predicted_spectrum,8926
CASMI2022,massformer,completed,70,70,183,CASMI_MOL_1196862,CASMI_MOL_368908,368908,CC(C)c1cc2c(c(O)c1O)C1(C)CCC(=O)C(C)(C)C1CC2=O,0.5669375566243535,binned_cosine_1Da,78,False,predicted_spectrum,8926
CASMI2022,massformer,completed,70,70,183,CASMI_MOL_1196862,CASMI_MOL_369088,369088,CC(C)c1cc2c(c(O)c1O)C1(C)CCC(=O)C(C)(C)C1CC2=O,0.5669375566243535,binned_cosine_1Da,79,False,predicted_spectrum,8926
CASMI2022,massformer,completed,70,70,183,CASMI_MOL_1196862,CASMI_MOL_370077,370077,C=C(C=CC)CCc1cc(OC)c(CC=C(C)C)c(O)c1C(=O)O,0.5658919494591458,binned_cosine_1Da,80,False,predicted_spectrum,8926
CASMI2022,massformer,completed,70,70,183,CASMI_MOL_1196862,CASMI_MOL_374736,374736,CC(C)c1cc2c(c(O)c1O)C13CCCC(C)(C)C1CC2OC3=O,0.5658157239133185,binned_cosine_1Da,81,False,predicted_spectrum,8926
CASMI2022,massformer,completed,70,70,183,CASMI_MOL_1196862,CASMI_MOL_374737,374737,CC(C)c1cc2c(c(O)c1O)C13CCCC(C)(C)C1CC2OC3=O,0.5658157239133185,binned_cosine_1Da,82,False,predicted_spectrum,8926
CASMI2022,massformer,completed,70,70,183,CASMI_MOL_1196862,CASMI_MOL_374738,374738,CC(C)c1cc2c(c(O)c1O)C13CCCC(C)(C)C1CC2OC3=O,0.5658157239133185,binned_cosine_1Da,83,False,predicted_spectrum,8926
CASMI2022,massformer,completed,70,70,183,CASMI_MOL_1196862,CASMI_MOL_375866,375866,CC(C)c1cc2c(c(O)c1O)C13CCCC(C)(C)C1CC2OC3=O,0.5658157239133185,binned_cosine_1Da,84,False,predicted_spectrum,8926
CASMI2022,massformer,completed,70,70,183,CASMI_MOL_1196862,CASMI_MOL_376486,376486,CCCc1cc(O)c2c(c1C(=O)O)OC(C)(C)C1CC=C(C)CC21,0.5654272780275909,binned_cosine_1Da,85,False,predicted_spectrum,8926
CASMI2022,massformer,completed,70,70,183,CASMI_MOL_1196862,CASMI_MOL_369923,369923,COc1cc2cc(c(=O)c1=C(C)O)=CCC(C)(CCC=C(C)C)O2,0.5650085160247525,binned_cosine_1Da,86,False,predicted_spectrum,8926
CASMI2022,massformer,completed,70,70,183,CASMI_MOL_1196862,CASMI_MOL_376076,376076,CC(C)C(=O)c1c(O)cc2c3c1OC(C)(C)C1CCC(C)(CC31)O2,0.5647541124951034,binned_cosine_1Da,87,False,predicted_spectrum,8926
CASMI2022,massformer,completed,70,70,183,CASMI_MOL_1196862,CASMI_MOL_376460,376460,CC(C)C(=O)c1c(O)cc2c3c1OC(C)(C)C1CCC(C)(CC31)O2,0.5647541124951034,binned_cosine_1Da,88,False,predicted_spectrum,8926
CASMI2022,massformer,completed,70,70,183,CASMI_MOL_1196862,CASMI_MOL_369001,369001,CC(C)c1c(O)c(O)c2c(c1O)C=CC1C(C)(C)C(=O)CCC21C,0.5640129764926815,binned_cosine_1Da,89,False,predicted_spectrum,8926
CASMI2022,massformer,completed,70,70,183,CASMI_MOL_1196862,CASMI_MOL_369002,369002,CC(C)c1c(O)c(O)c2c(c1O)C=CC1C(C)(C)C(=O)CCC21C,0.5640129764926815,binned_cosine_1Da,90,False,predicted_spectrum,8926
CASMI2022,massformer,completed,70,70,183,CASMI_MOL_1196862,CASMI_MOL_374415,374415,CC(C)c1c(O)c(O)c2c(c1O)C=CC1C(C)(C)C(=O)CCC21C,0.5640129764926815,binned_cosine_1Da,91,False,predicted_spectrum,8926
CASMI2022,massformer,completed,70,70,183,CASMI_MOL_1196862,CASMI_MOL_368870,368870,CC(C)c1cc2c(cc1O)C1(C)C(=O)CCC(C)(C)C1C(=O)C2O,0.5636018076563133,binned_cosine_1Da,92,False,predicted_spectrum,8926
CASMI2022,massformer,completed,70,70,183,CASMI_MOL_1196862,CASMI_MOL_369147,369147,CC(C)c1cc2c(cc1O)C1(C)C(=O)CCC(C)(C)C1C(=O)C2O,0.5636018076563133,binned_cosine_1Da,93,False,predicted_spectrum,8926
CASMI2022,massformer,completed,70,70,183,CASMI_MOL_1196862,CASMI_MOL_370381,370381,CC(C)c1cc(O)c2c(c1O)CCC1C3COC(=O)C3CCC21C,0.5613028909825821,binned_cosine_1Da,94,False,predicted_spectrum,8926
CASMI2022,massformer,completed,70,70,183,CASMI_MOL_1196862,CASMI_MOL_370896,370896,C=C(C)c1cc2c(c(O)c1O)C1(C)CCCC(C)(C)C1(O)C(=O)C2,0.5605907359422007,binned_cosine_1Da,95,False,predicted_spectrum,8926
CASMI2022,massformer,completed,70,70,183,CASMI_MOL_1196862,CASMI_MOL_368912,368912,CC(C)c1c(O)ccc2c1CCC1C(C)(C(=O)O)CC(=O)CC21C,0.5601886246216888,binned_cosine_1Da,96,False,predicted_spectrum,8926
CASMI2022,massformer,completed,70,70,183,CASMI_MOL_1196862,CASMI_MOL_368549,368549,CCCCC1=CC(=O)C(c2cc(C(=O)O)ccc2C(C)C)C(O)C1,0.5598254760811358,binned_cosine_1Da,97,False,predicted_spectrum,8926
CASMI2022,massformer,completed,70,70,183,CASMI_MOL_1196862,CASMI_MOL_368970,368970,CCC(=O)C1C(=O)C2=C(OC(C)(C)C=C2)C(C)(CC=C(C)C)C1=O,0.5591261115731806,binned_cosine_1Da,98,False,predicted_spectrum,8926
CASMI2022,massformer,completed,70,70,183,CASMI_MOL_1196862,CASMI_MOL_369170,369170,CC(C)c1cc2c(cc1O)C13CCCC(C)(C)C1C(OC3=O)C2O,0.5589789405587974,binned_cosine_1Da,99,False,predicted_spectrum,8926
CASMI2022,massformer,completed,70,70,183,CASMI_MOL_1196862,CASMI_MOL_374488,374488,CC(C)c1cc2c(c(O)c1O)C1(C(=O)O)CCCC(C)(C)C1=CC2,0.5580955595782733,binned_cosine_1Da,100,False,predicted_spectrum,8926
CASMI2022,massformer,completed,71,71,184,CASMI_MOL_1196863,CASMI_MOL_382854,382854,CCCCC1CCC(=O)C(=O)C1,0.8946874703716629,binned_cosine_1Da,1,False,predicted_spectrum,9485
CASMI2022,massformer,completed,71,71,184,CASMI_MOL_1196863,CASMI_MOL_377358,377358,CCCCCC=CCC(=O)C=O,0.8911275928296087,binned_cosine_1Da,2,False,predicted_spectrum,9485
CASMI2022,massformer,completed,71,71,184,CASMI_MOL_1196863,CASMI_MOL_378060,378060,C=C(C=O)CCCCCCC=O,0.8901527867364595,binned_cosine_1Da,3,False,predicted_spectrum,9485
CASMI2022,massformer,completed,71,71,184,CASMI_MOL_1196863,CASMI_MOL_377564,377564,C=CCCCCCC(=O)CC=O,0.8893802131084928,binned_cosine_1Da,4,False,predicted_spectrum,9485
CASMI2022,massformer,completed,71,71,184,CASMI_MOL_1196863,CASMI_MOL_384902,384902,O=CCCCC1CCCC(=O)C1,0.8884747563805877,binned_cosine_1Da,5,False,predicted_spectrum,9485
CASMI2022,massformer,completed,71,71,184,CASMI_MOL_1196863,CASMI_MOL_386058,386058,CCC=CCCC(=O)CCC=O,0.8853092841201707,binned_cosine_1Da,6,False,predicted_spectrum,9485
CASMI2022,massformer,completed,71,71,184,CASMI_MOL_1196863,CASMI_MOL_382931,382931,CCC(=O)CC1CCC(=O)CC1,0.8842480105110023,binned_cosine_1Da,7,False,predicted_spectrum,9485
CASMI2022,massformer,completed,71,71,184,CASMI_MOL_1196863,CASMI_MOL_381678,381678,C=CC(=O)CCCCCCC=O,0.8839984409307178,binned_cosine_1Da,8,False,predicted_spectrum,9485
CASMI2022,massformer,completed,71,71,184,CASMI_MOL_1196863,CASMI_MOL_381982,381982,CC=C(CCCCC)C(=O)C=O,0.8839130790851191,binned_cosine_1Da,9,False,predicted_spectrum,9485
CASMI2022,massformer,completed,71,71,184,CASMI_MOL_1196863,CASMI_MOL_379248,379248,CCCC=CCC(=O)CCC=O,0.8834339979839112,binned_cosine_1Da,10,False,predicted_spectrum,9485
CASMI2022,massformer,completed,71,71,184,CASMI_MOL_1196863,CASMI_MOL_382150,382150,CCCCCC(O)C#CC(C)=O,0.8833556865002842,binned_cosine_1Da,11,False,predicted_spectrum,9485
CASMI2022,massformer,completed,71,71,184,CASMI_MOL_1196863,CASMI_MOL_380408,380408,CCCCCCC1=CC1C(=O)O,0.8829710306890404,binned_cosine_1Da,12,False,predicted_spectrum,9485
CASMI2022,massformer,completed,71,71,184,CASMI_MOL_1196863,CASMI_MOL_380944,380944,CCCCCCC1=CC1C(=O)O,0.8829710306890404,binned_cosine_1Da,13,False,predicted_spectrum,9485
CASMI2022,massformer,completed,71,71,184,CASMI_MOL_1196863,CASMI_MOL_379594,379594,CCC(=O)C1CCCC1C(C)=O,0.8807513678628147,binned_cosine_1Da,14,False,predicted_spectrum,9485
CASMI2022,massformer,completed,71,71,184,CASMI_MOL_1196863,CASMI_MOL_384928,384928,CCC(C)C1CCCC(=O)C1=O,0.8803945561646139,binned_cosine_1Da,15,False,predicted_spectrum,9485
CASMI2022,massformer,completed,71,71,184,CASMI_MOL_1196863,CASMI_MOL_381378,381378,C=CCC(C)CCC(=O)C(C)=O,0.8803736833953681,binned_cosine_1Da,16,False,predicted_spectrum,9485
CASMI2022,massformer,completed,71,71,184,CASMI_MOL_1196863,CASMI_MOL_381460,381460,C=CCC(C)CCC(=O)C(C)=O,0.8803736833953681,binned_cosine_1Da,17,False,predicted_spectrum,9485
CASMI2022,massformer,completed,71,71,184,CASMI_MOL_1196863,CASMI_MOL_381975,381975,C=CCC(C)CCC(=O)C(C)=O,0.8803736833953681,binned_cosine_1Da,18,False,predicted_spectrum,9485
CASMI2022,massformer,completed,71,71,184,CASMI_MOL_1196863,CASMI_MOL_381976,381976,C=CCC(C)CCC(=O)C(C)=O,0.8803736833953681,binned_cosine_1Da,19,False,predicted_spectrum,9485
CASMI2022,massformer,completed,71,71,184,CASMI_MOL_1196863,CASMI_MOL_382603,382603,C=CCC(C)CCC(=O)C(C)=O,0.8803736833953681,binned_cosine_1Da,20,False,predicted_spectrum,9485
CASMI2022,massformer,completed,71,71,184,CASMI_MOL_1196863,CASMI_MOL_383281,383281,C=CCC(C)CCC(=O)C(C)=O,0.8803736833953681,binned_cosine_1Da,21,False,predicted_spectrum,9485
CASMI2022,massformer,completed,71,71,184,CASMI_MOL_1196863,CASMI_MOL_385730,385730,C=CCC(C)CCC(=O)C(C)=O,0.8803736833953681,binned_cosine_1Da,22,False,predicted_spectrum,9485
CASMI2022,massformer,completed,71,71,184,CASMI_MOL_1196863,CASMI_MOL_385867,385867,C=CCC(C)CCC(=O)C(C)=O,0.8803736833953681,binned_cosine_1Da,23,False,predicted_spectrum,9485
CASMI2022,massformer,completed,71,71,184,CASMI_MOL_1196863,CASMI_MOL_385124,385124,CCCCC1CCCC(=O)C1=O,0.8802242001915226,binned_cosine_1Da,24,False,predicted_spectrum,9485
CASMI2022,massformer,completed,71,71,184,CASMI_MOL_1196863,CASMI_MOL_385801,385801,C=CCCCC(=O)CCCC=O,0.8796493394075765,binned_cosine_1Da,25,False,predicted_spectrum,9485
CASMI2022,massformer,completed,71,71,184,CASMI_MOL_1196863,CASMI_MOL_377954,377954,CC=CC(=O)CCCCCC=O,0.8789626843608359,binned_cosine_1Da,26,False,predicted_spectrum,9485
CASMI2022,massformer,completed,71,71,184,CASMI_MOL_1196863,CASMI_MOL_382185,382185,CC(=O)CCC1CCC(C)C1=O,0.8788472020352125,binned_cosine_1Da,27,False,predicted_spectrum,9485
CASMI2022,massformer,completed,71,71,184,CASMI_MOL_1196863,CASMI_MOL_379938,379938,CCCC(=O)C1CCC(=O)CC1,0.8782428124486176,binned_cosine_1Da,28,False,predicted_spectrum,9485
CASMI2022,massformer,completed,71,71,184,CASMI_MOL_1196863,CASMI_MOL_377136,377136,O=CCCCCC1CCCC1=O,0.878054563411764,binned_cosine_1Da,29,False,predicted_spectrum,9485
CASMI2022,massformer,completed,71,71,184,CASMI_MOL_1196863,CASMI_MOL_377432,377432,CCC=CCCCC(=O)CC=O,0.8779918010395468,binned_cosine_1Da,30,False,predicted_spectrum,9485
CASMI2022,massformer,completed,71,71,184,CASMI_MOL_1196863,CASMI_MOL_376689,376689,CCCC(=O)CC(=O)C1CC1C,0.87765492317449,binned_cosine_1Da,31,False,predicted_spectrum,9485
CASMI2022,massformer,completed,71,71,184,CASMI_MOL_1196863,CASMI_MOL_379301,379301,CCCCCCCC(=C=O)C=O,0.8772865556977459,binned_cosine_1Da,32,False,predicted_spectrum,9485
CASMI2022,massformer,completed,71,71,184,CASMI_MOL_1196863,CASMI_MOL_379520,379520,CC(=O)CC1C(=O)CCCC1C,0.8768027761248735,binned_cosine_1Da,33,False,predicted_spectrum,9485
CASMI2022,massformer,completed,71,71,184,CASMI_MOL_1196863,CASMI_MOL_379521,379521,CC(=O)CC1C(=O)CCCC1C,0.8768027761248735,binned_cosine_1Da,34,False,predicted_spectrum,9485
CASMI2022,massformer,completed,71,71,184,CASMI_MOL_1196863,CASMI_MOL_379524,379524,CC(=O)CC1C(=O)CCCC1C,0.8768027761248735,binned_cosine_1Da,35,False,predicted_spectrum,9485
CASMI2022,massformer,completed,71,71,184,CASMI_MOL_1196863,CASMI_MOL_379525,379525,CC(=O)CC1C(=O)CCCC1C,0.8768027761248735,binned_cosine_1Da,36,False,predicted_spectrum,9485
CASMI2022,massformer,completed,71,71,184,CASMI_MOL_1196863,CASMI_MOL_377923,377923,CCC1CCCCCC(=O)C1=O,0.8767435905274856,binned_cosine_1Da,37,False,predicted_spectrum,9485
CASMI2022,massformer,completed,71,71,184,CASMI_MOL_1196863,CASMI_MOL_377079,377079,CCC(C)CC1CCC(=O)C1=O,0.8763193663356976,binned_cosine_1Da,38,False,predicted_spectrum,9485
CASMI2022,massformer,completed,71,71,184,CASMI_MOL_1196863,CASMI_MOL_382078,382078,CCC(C)CC1CCC(=O)C1=O,0.8763193663356976,binned_cosine_1Da,39,False,predicted_spectrum,9485
CASMI2022,massformer,completed,71,71,184,CASMI_MOL_1196863,CASMI_MOL_383242,383242,CCC1CCC(=O)C(C(C)=O)C1,0.8762032673718719,binned_cosine_1Da,40,False,predicted_spectrum,9485
CASMI2022,massformer,completed,71,71,184,CASMI_MOL_1196863,CASMI_MOL_377115,377115,CCCCCC1CCC(=O)C1=O,0.8751377068914522,binned_cosine_1Da,41,False,predicted_spectrum,9485
CASMI2022,massformer,completed,71,71,184,CASMI_MOL_1196863,CASMI_MOL_382741,382741,CCCCCC1CCC(=O)C1=O,0.8751377068914522,binned_cosine_1Da,42,False,predicted_spectrum,9485
CASMI2022,massformer,completed,71,71,184,CASMI_MOL_1196863,CASMI_MOL_379636,379636,CC1CCCC(=O)C(=O)C(C)C1,0.8748291938267722,binned_cosine_1Da,43,False,predicted_spectrum,9485
CASMI2022,massformer,completed,71,71,184,CASMI_MOL_1196863,CASMI_MOL_379550,379550,C=CCCCC1COCCC1=O,0.8747694061639021,binned_cosine_1Da,44,False,predicted_spectrum,9485
CASMI2022,massformer,completed,71,71,184,CASMI_MOL_1196863,CASMI_MOL_379551,379551,C=CCCCC1COCCC1=O,0.8747694061639021,binned_cosine_1Da,45,False,predicted_spectrum,9485
CASMI2022,massformer,completed,71,71,184,CASMI_MOL_1196863,CASMI_MOL_383123,383123,C=CCCCC1COCCC1=O,0.8747694061639021,binned_cosine_1Da,46,False,predicted_spectrum,9485
CASMI2022,massformer,completed,71,71,184,CASMI_MOL_1196863,CASMI_MOL_381702,381702,CC(=O)C1CCC(C)C1C(C)=O,0.8746060998565182,binned_cosine_1Da,47,False,predicted_spectrum,9485
CASMI2022,massformer,completed,71,71,184,CASMI_MOL_1196863,CASMI_MOL_382497,382497,CC(C)C1CCC(=O)C(=O)CC1,0.8735521969950057,binned_cosine_1Da,48,False,predicted_spectrum,9485
CASMI2022,massformer,completed,71,71,184,CASMI_MOL_1196863,CASMI_MOL_383879,383879,CC(C)C1CCC(=O)C(=O)CC1,0.8735521969950057,binned_cosine_1Da,49,False,predicted_spectrum,9485
CASMI2022,massformer,completed,71,71,184,CASMI_MOL_1196863,CASMI_MOL_377492,377492,CC=CCCCC(=O)C(=O)CC,0.8734532213244482,binned_cosine_1Da,50,False,predicted_spectrum,9485
CASMI2022,massformer,completed,71,71,184,CASMI_MOL_1196863,CASMI_MOL_381843,381843,O=CCCCC1CCC(=O)CC1,0.8726675855085273,binned_cosine_1Da,51,False,predicted_spectrum,9485
CASMI2022,massformer,completed,71,71,184,CASMI_MOL_1196863,CASMI_MOL_383992,383992,CC(=O)CC1CC(C)CCC1=O,0.8721514475846333,binned_cosine_1Da,52,False,predicted_spectrum,9485
CASMI2022,massformer,completed,71,71,184,CASMI_MOL_1196863,CASMI_MOL_377611,377611,CCCCC(C)C=C(C=O)C=O,0.8720860628366904,binned_cosine_1Da,53,False,predicted_spectrum,9485
CASMI2022,massformer,completed,71,71,184,CASMI_MOL_1196863,CASMI_MOL_383769,383769,O=C=CCCCCCCCC=O,0.8715054859000241,binned_cosine_1Da,54,False,predicted_spectrum,9485
CASMI2022,massformer,completed,71,71,184,CASMI_MOL_1196863,CASMI_MOL_382496,382496,CC(C)C1CCCC(=O)C(=O)C1,0.8713273410438749,binned_cosine_1Da,55,False,predicted_spectrum,9485
CASMI2022,massformer,completed,71,71,184,CASMI_MOL_1196863,CASMI_MOL_383878,383878,CC(C)C1CCCC(=O)C(=O)C1,0.8713273410438749,binned_cosine_1Da,56,False,predicted_spectrum,9485
CASMI2022,massformer,completed,71,71,184,CASMI_MOL_1196863,CASMI_MOL_384984,384984,CC(C)C1CCCC(=O)C(=O)C1,0.8713273410438749,binned_cosine_1Da,57,False,predicted_spectrum,9485
CASMI2022,massformer,completed,71,71,184,CASMI_MOL_1196863,CASMI_MOL_383679,383679,C=C1CC(CCCC)COC1=O,0.8712537733966894,binned_cosine_1Da,58,False,predicted_spectrum,9485
CASMI2022,massformer,completed,71,71,184,CASMI_MOL_1196863,CASMI_MOL_377508,377508,CC(=C=O)CCC(C=O)C(C)C,0.870967317371957,binned_cosine_1Da,59,False,predicted_spectrum,9485
CASMI2022,massformer,completed,71,71,184,CASMI_MOL_1196863,CASMI_MOL_377509,377509,CC(=C=O)CCC(C=O)C(C)C,0.870967317371957,binned_cosine_1Da,60,False,predicted_spectrum,9485
CASMI2022,massformer,completed,71,71,184,CASMI_MOL_1196863,CASMI_MOL_377510,377510,CC(=C=O)CCC(C=O)C(C)C,0.870967317371957,binned_cosine_1Da,61,False,predicted_spectrum,9485
CASMI2022,massformer,completed,71,71,184,CASMI_MOL_1196863,CASMI_MOL_381060,381060,CCCCC=CC1CC1C(=O)O,0.8705473303959157,binned_cosine_1Da,62,False,predicted_spectrum,9485
CASMI2022,massformer,completed,71,71,184,CASMI_MOL_1196863,CASMI_MOL_381061,381061,CCCCC=CC1CC1C(=O)O,0.8705473303959157,binned_cosine_1Da,63,False,predicted_spectrum,9485
CASMI2022,massformer,completed,71,71,184,CASMI_MOL_1196863,CASMI_MOL_377573,377573,CC(=O)C1CCCCC1C(C)=O,0.8705121709948659,binned_cosine_1Da,64,False,predicted_spectrum,9485
CASMI2022,massformer,completed,71,71,184,CASMI_MOL_1196863,CASMI_MOL_379386,379386,CC(=O)C1CCCCC1C(C)=O,0.8705121709948659,binned_cosine_1Da,65,False,predicted_spectrum,9485
CASMI2022,massformer,completed,71,71,184,CASMI_MOL_1196863,CASMI_MOL_385187,385187,CC(=O)C1CCCCC1C(C)=O,0.8705121709948659,binned_cosine_1Da,66,False,predicted_spectrum,9485
CASMI2022,massformer,completed,71,71,184,CASMI_MOL_1196863,CASMI_MOL_385188,385188,CC(=O)C1CCCCC1C(C)=O,0.8705121709948659,binned_cosine_1Da,67,False,predicted_spectrum,9485
CASMI2022,massformer,completed,71,71,184,CASMI_MOL_1196863,CASMI_MOL_385189,385189,CC(=O)C1CCCCC1C(C)=O,0.8705121709948659,binned_cosine_1Da,68,False,predicted_spectrum,9485
CASMI2022,massformer,completed,71,71,184,CASMI_MOL_1196863,CASMI_MOL_379177,379177,CC(C)C1(CO)C=CC(=O)CC1,0.8704672009245673,binned_cosine_1Da,69,False,predicted_spectrum,9485
CASMI2022,massformer,completed,71,71,184,CASMI_MOL_1196863,CASMI_MOL_383891,383891,CC(C)C1(CO)C=CC(=O)CC1,0.8704672009245673,binned_cosine_1Da,70,False,predicted_spectrum,9485
CASMI2022,massformer,completed,71,71,184,CASMI_MOL_1196863,CASMI_MOL_378257,378257,CC(=O)CCC1CC(=O)CC1C,0.8703747230048616,binned_cosine_1Da,71,False,predicted_spectrum,9485
CASMI2022,massformer,completed,71,71,184,CASMI_MOL_1196863,CASMI_MOL_385272,385272,CC(=O)CCC1CC(=O)CC1C,0.8703747230048616,binned_cosine_1Da,72,False,predicted_spectrum,9485
CASMI2022,massformer,completed,71,71,184,CASMI_MOL_1196863,CASMI_MOL_385805,385805,CC(=O)CCC1CC(=O)CC1C,0.8703747230048616,binned_cosine_1Da,73,False,predicted_spectrum,9485
CASMI2022,massformer,completed,71,71,184,CASMI_MOL_1196863,CASMI_MOL_379360,379360,O=CCCCCC(=O)C1CCC1,0.8700670904012158,binned_cosine_1Da,74,False,predicted_spectrum,9485
CASMI2022,massformer,completed,71,71,184,CASMI_MOL_1196863,CASMI_MOL_385041,385041,C=CC(C)CCC(=CC)C(=O)O,0.8693155000054607,binned_cosine_1Da,75,False,predicted_spectrum,9485
CASMI2022,massformer,completed,71,71,184,CASMI_MOL_1196863,CASMI_MOL_380294,380294,CCCCCC(=O)C1=CCCO1,0.868612346164666,binned_cosine_1Da,76,False,predicted_spectrum,9485
CASMI2022,massformer,completed,71,71,184,CASMI_MOL_1196863,CASMI_MOL_383124,383124,C=CCCCC1CCOCC1=O,0.8683897632688798,binned_cosine_1Da,77,False,predicted_spectrum,9485
CASMI2022,massformer,completed,71,71,184,CASMI_MOL_1196863,CASMI_MOL_377180,377180,CC(=O)C(C)C1CCC(=O)CC1,0.8682008978004284,binned_cosine_1Da,78,False,predicted_spectrum,9485
CASMI2022,massformer,completed,71,71,184,CASMI_MOL_1196863,CASMI_MOL_378565,378565,CC=CC(=O)C1CCCCC1O,0.8679695407515376,binned_cosine_1Da,79,False,predicted_spectrum,9485
CASMI2022,massformer,completed,71,71,184,CASMI_MOL_1196863,CASMI_MOL_378206,378206,CCCCCCC=C[CH+]C(=O)[O-],0.8678922746522888,binned_cosine_1Da,80,False,predicted_spectrum,9485
CASMI2022,massformer,completed,71,71,184,CASMI_MOL_1196863,CASMI_MOL_377393,377393,CCCCC1=CC(C(=O)O)CC1,0.8678102431573484,binned_cosine_1Da,81,False,predicted_spectrum,9485
CASMI2022,massformer,completed,71,71,184,CASMI_MOL_1196863,CASMI_MOL_379901,379901,CCCCC1CC1=CCC(=O)O,0.8677552628458286,binned_cosine_1Da,82,False,predicted_spectrum,9485
CASMI2022,massformer,completed,71,71,184,CASMI_MOL_1196863,CASMI_MOL_379902,379902,CCCCC1CC1=CCC(=O)O,0.8677552628458286,binned_cosine_1Da,83,False,predicted_spectrum,9485
CASMI2022,massformer,completed,71,71,184,CASMI_MOL_1196863,CASMI_MOL_383767,383767,CCCCC=CCC(=O)CC=O,0.8677433729091761,binned_cosine_1Da,84,False,predicted_spectrum,9485
CASMI2022,massformer,completed,71,71,184,CASMI_MOL_1196863,CASMI_MOL_384544,384544,CCCCC=CCC(=O)CC=O,0.8677433729091761,binned_cosine_1Da,85,False,predicted_spectrum,9485
CASMI2022,massformer,completed,71,71,184,CASMI_MOL_1196863,CASMI_MOL_384589,384589,CCCC=C1CCCC1C(=O)O,0.8676477082286376,binned_cosine_1Da,86,False,predicted_spectrum,9485
CASMI2022,massformer,completed,71,71,184,CASMI_MOL_1196863,CASMI_MOL_384702,384702,CCCCC(=O)C(=O)C1CCC1,0.8676393545169132,binned_cosine_1Da,87,False,predicted_spectrum,9485
CASMI2022,massformer,completed,71,71,184,CASMI_MOL_1196863,CASMI_MOL_379750,379750,C=CCCC(CCC=C)C(=O)O,0.8674403967490062,binned_cosine_1Da,88,False,predicted_spectrum,9485
CASMI2022,massformer,completed,71,71,184,CASMI_MOL_1196863,CASMI_MOL_381478,381478,CCCCCCC=CC1OC1=O,0.8673693104264255,binned_cosine_1Da,89,False,predicted_spectrum,9485
CASMI2022,massformer,completed,71,71,184,CASMI_MOL_1196863,CASMI_MOL_383535,383535,CCCCCCC=CC1OC1=O,0.8673693104264255,binned_cosine_1Da,90,False,predicted_spectrum,9485
CASMI2022,massformer,completed,71,71,184,CASMI_MOL_1196863,CASMI_MOL_384165,384165,CCCCCCC=CC1OC1=O,0.8673693104264255,binned_cosine_1Da,91,False,predicted_spectrum,9485
CASMI2022,massformer,completed,71,71,184,CASMI_MOL_1196863,CASMI_MOL_379804,379804,C=CCC1OC(CCC)CC1=O,0.8672499910344688,binned_cosine_1Da,92,False,predicted_spectrum,9485
CASMI2022,massformer,completed,71,71,184,CASMI_MOL_1196863,CASMI_MOL_385275,385275,CCCC1CCC(C)C(=O)C1=O,0.8671778451889955,binned_cosine_1Da,93,False,predicted_spectrum,9485
CASMI2022,massformer,completed,71,71,184,CASMI_MOL_1196863,CASMI_MOL_376875,376875,CCCC1CC2C(C1)C2C(=O)O,0.8671258948726037,binned_cosine_1Da,94,False,predicted_spectrum,9485
CASMI2022,massformer,completed,71,71,184,CASMI_MOL_1196863,CASMI_MOL_378205,378205,CCCCCC[CH+]C=CC(=O)[O-],0.8669981279497259,binned_cosine_1Da,95,False,predicted_spectrum,9485
CASMI2022,massformer,completed,71,71,184,CASMI_MOL_1196863,CASMI_MOL_381857,381857,CCCCC=C1CCC1C(=O)O,0.8669384273723131,binned_cosine_1Da,96,False,predicted_spectrum,9485
CASMI2022,massformer,completed,71,71,184,CASMI_MOL_1196863,CASMI_MOL_379708,379708,C=CC(C=C)CCCCC(=O)O,0.8668000380013394,binned_cosine_1Da,97,False,predicted_spectrum,9485
CASMI2022,massformer,completed,71,71,184,CASMI_MOL_1196863,CASMI_MOL_382975,382975,CCC(=O)CC1CCC(=O)C1C,0.8665007252546844,binned_cosine_1Da,98,False,predicted_spectrum,9485
CASMI2022,massformer,completed,71,71,184,CASMI_MOL_1196863,CASMI_MOL_380198,380198,CCCCC(=O)C1=COCCC1,0.8663532032877371,binned_cosine_1Da,99,False,predicted_spectrum,9485
CASMI2022,massformer,completed,71,71,184,CASMI_MOL_1196863,CASMI_MOL_384031,384031,CC(C)CC1CC=CC1C(=O)O,0.8662690394216115,binned_cosine_1Da,100,False,predicted_spectrum,9485
CASMI2022,massformer,completed,71,71,184,CASMI_MOL_1196863,CASMI_MOL_1196863,1196863,CC1CC(=O)C(C(C)C)CC1=O,0.6674704562727163,binned_cosine_1Da,6262,True,predicted_spectrum,9485
CASMI2022,massformer,completed,74,74,189,CASMI_MOL_1196866,CASMI_MOL_400587,400587,CCCCCC(C)(C)N=O,0.9001045307464338,binned_cosine_1Da,1,False,predicted_spectrum,7251
CASMI2022,massformer,completed,74,74,189,CASMI_MOL_1196866,CASMI_MOL_400815,400815,CCC(C)CN(C)C(C)=O,0.8941083663012472,binned_cosine_1Da,2,False,predicted_spectrum,7251
CASMI2022,massformer,completed,74,74,189,CASMI_MOL_1196866,CASMI_MOL_400287,400287,CCCC(=O)N(C)CCC,0.8938170476969213,binned_cosine_1Da,3,False,predicted_spectrum,7251
CASMI2022,massformer,completed,74,74,189,CASMI_MOL_1196866,CASMI_MOL_400948,400948,CCCN(CCC)C(C)=O,0.893341283238553,binned_cosine_1Da,4,False,predicted_spectrum,7251
CASMI2022,massformer,completed,74,74,189,CASMI_MOL_1196866,CASMI_MOL_401493,401493,CCCN(CCC)C(C)=O,0.893341283238553,binned_cosine_1Da,5,False,predicted_spectrum,7251
CASMI2022,massformer,completed,74,74,189,CASMI_MOL_1196866,CASMI_MOL_401499,401499,CCCC(=O)N(CC)CC,0.8921993615842934,binned_cosine_1Da,6,False,predicted_spectrum,7251
CASMI2022,massformer,completed,74,74,189,CASMI_MOL_1196866,CASMI_MOL_400820,400820,CCC(=O)N(C)CC(C)C,0.8901224772369201,binned_cosine_1Da,7,False,predicted_spectrum,7251
CASMI2022,massformer,completed,74,74,189,CASMI_MOL_1196866,CASMI_MOL_400133,400133,CCC(CC)(CC)NC=O,0.8898166767303594,binned_cosine_1Da,8,False,predicted_spectrum,7251
CASMI2022,massformer,completed,74,74,189,CASMI_MOL_1196866,CASMI_MOL_400819,400819,CCCCN(C)C(=O)CC,0.8896352653681049,binned_cosine_1Da,9,False,predicted_spectrum,7251
CASMI2022,massformer,completed,74,74,189,CASMI_MOL_1196866,CASMI_MOL_398102,398102,CCN(CC)C(C)C(C)=O,0.889529968067318,binned_cosine_1Da,10,False,predicted_spectrum,7251
CASMI2022,massformer,completed,74,74,189,CASMI_MOL_1196866,CASMI_MOL_398193,398193,CCN(CC)C(C)C(C)=O,0.889529968067318,binned_cosine_1Da,11,False,predicted_spectrum,7251
CASMI2022,massformer,completed,74,74,189,CASMI_MOL_1196866,CASMI_MOL_400412,400412,CCN(CC)C(C)C(C)=O,0.889529968067318,binned_cosine_1Da,12,False,predicted_spectrum,7251
CASMI2022,massformer,completed,74,74,189,CASMI_MOL_1196866,CASMI_MOL_401468,401468,CCCCN(CC)C(C)=O,0.8885786105141568,binned_cosine_1Da,13,False,predicted_spectrum,7251
CASMI2022,massformer,completed,74,74,189,CASMI_MOL_1196866,CASMI_MOL_400283,400283,CCN(C=O)CC(C)(C)C,0.8883006076959542,binned_cosine_1Da,14,False,predicted_spectrum,7251
CASMI2022,massformer,completed,74,74,189,CASMI_MOL_1196866,CASMI_MOL_399704,399704,CCC(CC)N(C)C(C)=O,0.888223307661587,binned_cosine_1Da,15,False,predicted_spectrum,7251
CASMI2022,massformer,completed,74,74,189,CASMI_MOL_1196866,CASMI_MOL_400196,400196,CCCN(C)C(=O)C(C)C,0.8876023682041638,binned_cosine_1Da,16,False,predicted_spectrum,7251
CASMI2022,massformer,completed,74,74,189,CASMI_MOL_1196866,CASMI_MOL_394261,394261,CCCCC(C)(CC)N=O,0.8875676889217602,binned_cosine_1Da,17,False,predicted_spectrum,7251
CASMI2022,massformer,completed,74,74,189,CASMI_MOL_1196866,CASMI_MOL_400905,400905,CCC(C)(C)N(C)C(C)=O,0.8871017825779907,binned_cosine_1Da,18,False,predicted_spectrum,7251
CASMI2022,massformer,completed,74,74,189,CASMI_MOL_1196866,CASMI_MOL_400690,400690,CCN(C)C(=O)C(C)(C)C,0.8869618779781566,binned_cosine_1Da,19,False,predicted_spectrum,7251
CASMI2022,massformer,completed,74,74,189,CASMI_MOL_1196866,CASMI_MOL_401015,401015,CCCCCN(C=O)CC,0.8851375730186058,binned_cosine_1Da,20,False,predicted_spectrum,7251
CASMI2022,massformer,completed,74,74,189,CASMI_MOL_1196866,CASMI_MOL_397930,397930,CCC(C)C(=O)N(C)CC,0.8848677111225001,binned_cosine_1Da,21,False,predicted_spectrum,7251
CASMI2022,massformer,completed,74,74,189,CASMI_MOL_1196866,CASMI_MOL_401137,401137,CCCN(CC)C(=O)CC,0.8841923952408797,binned_cosine_1Da,22,False,predicted_spectrum,7251
CASMI2022,massformer,completed,74,74,189,CASMI_MOL_1196866,CASMI_MOL_397857,397857,CCCC(C)C(=O)NCC,0.8838028947210628,binned_cosine_1Da,23,False,predicted_spectrum,7251
CASMI2022,massformer,completed,74,74,189,CASMI_MOL_1196866,CASMI_MOL_401335,401335,CCCC(C)C(=O)NCC,0.8838028947210628,binned_cosine_1Da,24,False,predicted_spectrum,7251
CASMI2022,massformer,completed,74,74,189,CASMI_MOL_1196866,CASMI_MOL_401103,401103,CC(C)(C)CC(C)(C)N=O,0.8837247320246502,binned_cosine_1Da,25,False,predicted_spectrum,7251
CASMI2022,massformer,completed,74,74,189,CASMI_MOL_1196866,CASMI_MOL_401340,401340,CCNC(=O)C(CC)CC,0.8834169058532745,binned_cosine_1Da,26,False,predicted_spectrum,7251
CASMI2022,massformer,completed,74,74,189,CASMI_MOL_1196866,CASMI_MOL_396011,396011,CCN(C)C(C)(C)C(C)=O,0.8833101779966459,binned_cosine_1Da,27,False,predicted_spectrum,7251
CASMI2022,massformer,completed,74,74,189,CASMI_MOL_1196866,CASMI_MOL_396020,396020,CCC(C)C(C)(C)NC=O,0.8829143807537223,binned_cosine_1Da,28,False,predicted_spectrum,7251
CASMI2022,massformer,completed,74,74,189,CASMI_MOL_1196866,CASMI_MOL_401395,401395,CCCCN(C=O)C(C)C,0.8828270322088229,binned_cosine_1Da,29,False,predicted_spectrum,7251
CASMI2022,massformer,completed,74,74,189,CASMI_MOL_1196866,CASMI_MOL_394961,394961,CCC(=O)N(C)C(C)CC,0.8828197669613869,binned_cosine_1Da,30,False,predicted_spectrum,7251
CASMI2022,massformer,completed,74,74,189,CASMI_MOL_1196866,CASMI_MOL_394962,394962,CCC(=O)N(C)C(C)CC,0.8828197669613869,binned_cosine_1Da,31,False,predicted_spectrum,7251
CASMI2022,massformer,completed,74,74,189,CASMI_MOL_1196866,CASMI_MOL_400175,400175,CCC(=O)N(C)C(C)CC,0.8828197669613869,binned_cosine_1Da,32,False,predicted_spectrum,7251
CASMI2022,massformer,completed,74,74,189,CASMI_MOL_1196866,CASMI_MOL_400379,400379,CCN(CC(C)=O)C(C)C,0.8825214660995112,binned_cosine_1Da,33,False,predicted_spectrum,7251
CASMI2022,massformer,completed,74,74,189,CASMI_MOL_1196866,CASMI_MOL_394773,394773,CCC(CC)C(C)(C)N=O,0.8822392451243946,binned_cosine_1Da,34,False,predicted_spectrum,7251
CASMI2022,massformer,completed,74,74,189,CASMI_MOL_1196866,CASMI_MOL_401507,401507,CCN(CC)CCC(C)=O,0.8820587033093652,binned_cosine_1Da,35,False,predicted_spectrum,7251
CASMI2022,massformer,completed,74,74,189,CASMI_MOL_1196866,CASMI_MOL_394779,394779,CCOCCCC(C)=NC,0.8814887075120297,binned_cosine_1Da,36,False,predicted_spectrum,7251
CASMI2022,massformer,completed,74,74,189,CASMI_MOL_1196866,CASMI_MOL_396080,396080,CC(C)CCC(C)(C)N=O,0.8811844445439275,binned_cosine_1Da,37,False,predicted_spectrum,7251
CASMI2022,massformer,completed,74,74,189,CASMI_MOL_1196866,CASMI_MOL_400364,400364,CC(=O)CC(C)(C)N(C)C,0.8804751655082435,binned_cosine_1Da,38,False,predicted_spectrum,7251
CASMI2022,massformer,completed,74,74,189,CASMI_MOL_1196866,CASMI_MOL_400552,400552,CCC(=O)N(C)C(C)(C)C,0.8802101154056649,binned_cosine_1Da,39,False,predicted_spectrum,7251
CASMI2022,massformer,completed,74,74,189,CASMI_MOL_1196866,CASMI_MOL_401181,401181,COCC1CN1C(C)(C)C,0.8799886307769177,binned_cosine_1Da,40,False,predicted_spectrum,7251
CASMI2022,massformer,completed,74,74,189,CASMI_MOL_1196866,CASMI_MOL_401330,401330,CCNC(=O)C(C)(C)CC,0.8799589612107503,binned_cosine_1Da,41,False,predicted_spectrum,7251
CASMI2022,massformer,completed,74,74,189,CASMI_MOL_1196866,CASMI_MOL_394519,394519,C=C(CN)CC(C)(C)OC,0.8799145595100684,binned_cosine_1Da,42,False,predicted_spectrum,7251
CASMI2022,massformer,completed,74,74,189,CASMI_MOL_1196866,CASMI_MOL_394461,394461,CCCN(C)C(C)C(C)=O,0.8796971692463333,binned_cosine_1Da,43,False,predicted_spectrum,7251
CASMI2022,massformer,completed,74,74,189,CASMI_MOL_1196866,CASMI_MOL_401062,401062,CCCN(C)C(C)C(C)=O,0.8796971692463333,binned_cosine_1Da,44,False,predicted_spectrum,7251
CASMI2022,massformer,completed,74,74,189,CASMI_MOL_1196866,CASMI_MOL_400219,400219,CCN(C(C)=O)C(C)(C)C,0.8796121860407777,binned_cosine_1Da,45,False,predicted_spectrum,7251
CASMI2022,massformer,completed,74,74,189,CASMI_MOL_1196866,CASMI_MOL_400267,400267,CCN(C=O)CCC(C)C,0.8794756940596773,binned_cosine_1Da,46,False,predicted_spectrum,7251
CASMI2022,massformer,completed,74,74,189,CASMI_MOL_1196866,CASMI_MOL_396352,396352,CCCC(C)CNC(C)=O,0.8794321005715455,binned_cosine_1Da,47,False,predicted_spectrum,7251
CASMI2022,massformer,completed,74,74,189,CASMI_MOL_1196866,CASMI_MOL_396353,396353,CCCC(C)CNC(C)=O,0.8794321005715455,binned_cosine_1Da,48,False,predicted_spectrum,7251
CASMI2022,massformer,completed,74,74,189,CASMI_MOL_1196866,CASMI_MOL_400160,400160,CCCC(C)CNC(C)=O,0.8794321005715455,binned_cosine_1Da,49,False,predicted_spectrum,7251
CASMI2022,massformer,completed,74,74,189,CASMI_MOL_1196866,CASMI_MOL_400802,400802,C=NCCCCCCOC,0.8793566729174479,binned_cosine_1Da,50,False,predicted_spectrum,7251
CASMI2022,massformer,completed,74,74,189,CASMI_MOL_1196866,CASMI_MOL_401436,401436,COC1CN(C(C)(C)C)C1,0.87909604581022,binned_cosine_1Da,51,False,predicted_spectrum,7251
CASMI2022,massformer,completed,74,74,189,CASMI_MOL_1196866,CASMI_MOL_400818,400818,CCCCC(=O)N(C)CC,0.8788612123523862,binned_cosine_1Da,52,False,predicted_spectrum,7251
CASMI2022,massformer,completed,74,74,189,CASMI_MOL_1196866,CASMI_MOL_401033,401033,CCN(CC)C(=O)C(C)C,0.8787004194886521,binned_cosine_1Da,53,False,predicted_spectrum,7251
CASMI2022,massformer,completed,74,74,189,CASMI_MOL_1196866,CASMI_MOL_401476,401476,CCN(CC)C(=O)C(C)C,0.8787004194886521,binned_cosine_1Da,54,False,predicted_spectrum,7251
CASMI2022,massformer,completed,74,74,189,CASMI_MOL_1196866,CASMI_MOL_401029,401029,CCCCN(C=O)CCC,0.8786453081345378,binned_cosine_1Da,55,False,predicted_spectrum,7251
CASMI2022,massformer,completed,74,74,189,CASMI_MOL_1196866,CASMI_MOL_396548,396548,CCC(=O)NCC(C)CC,0.8784723307305303,binned_cosine_1Da,56,False,predicted_spectrum,7251
CASMI2022,massformer,completed,74,74,189,CASMI_MOL_1196866,CASMI_MOL_400234,400234,CCC(=O)NCC(C)CC,0.8784723307305303,binned_cosine_1Da,57,False,predicted_spectrum,7251
CASMI2022,massformer,completed,74,74,189,CASMI_MOL_1196866,CASMI_MOL_398789,398789,CCC(=O)C(C)(C)N(C)C,0.8779528418717082,binned_cosine_1Da,58,False,predicted_spectrum,7251
CASMI2022,massformer,completed,74,74,189,CASMI_MOL_1196866,CASMI_MOL_395956,395956,C=C(CC)CNOCCC,0.8779500494004137,binned_cosine_1Da,59,False,predicted_spectrum,7251
CASMI2022,massformer,completed,74,74,189,CASMI_MOL_1196866,CASMI_MOL_397944,397944,CCC(=O)C(C)N(C)CC,0.8776762949623161,binned_cosine_1Da,60,False,predicted_spectrum,7251
CASMI2022,massformer,completed,74,74,189,CASMI_MOL_1196866,CASMI_MOL_398046,398046,CCC(=O)C(C)N(C)CC,0.8776762949623161,binned_cosine_1Da,61,False,predicted_spectrum,7251
CASMI2022,massformer,completed,74,74,189,CASMI_MOL_1196866,CASMI_MOL_399238,399238,CCC(=O)C(C)N(C)CC,0.8776762949623161,binned_cosine_1Da,62,False,predicted_spectrum,7251
CASMI2022,massformer,completed,74,74,189,CASMI_MOL_1196866,CASMI_MOL_396207,396207,CCCC(CC)C(=O)NC,0.8775459545455736,binned_cosine_1Da,63,False,predicted_spectrum,7251
CASMI2022,massformer,completed,74,74,189,CASMI_MOL_1196866,CASMI_MOL_399986,399986,CCCC(CC)C(=O)NC,0.8775459545455736,binned_cosine_1Da,64,False,predicted_spectrum,7251
CASMI2022,massformer,completed,74,74,189,CASMI_MOL_1196866,CASMI_MOL_400077,400077,CCCC(CC)C(=O)NC,0.8775459545455736,binned_cosine_1Da,65,False,predicted_spectrum,7251
CASMI2022,massformer,completed,74,74,189,CASMI_MOL_1196866,CASMI_MOL_399448,399448,CCC(=O)CN(C)C(C)C,0.8773387127280048,binned_cosine_1Da,66,False,predicted_spectrum,7251
CASMI2022,massformer,completed,74,74,189,CASMI_MOL_1196866,CASMI_MOL_399524,399524,CCC(NC=O)C(C)(C)C,0.8773072613358969,binned_cosine_1Da,67,False,predicted_spectrum,7251
CASMI2022,massformer,completed,74,74,189,CASMI_MOL_1196866,CASMI_MOL_399525,399525,CCC(C)(NC=O)C(C)C,0.8768246687995241,binned_cosine_1Da,68,False,predicted_spectrum,7251
CASMI2022,massformer,completed,74,74,189,CASMI_MOL_1196866,CASMI_MOL_400280,400280,CCCC(C)(C)N(C)C=O,0.8765380092146324,binned_cosine_1Da,69,False,predicted_spectrum,7251
CASMI2022,massformer,completed,74,74,189,CASMI_MOL_1196866,CASMI_MOL_400821,400821,CCC(C(C)=O)N(C)CC,0.8760243079555194,binned_cosine_1Da,70,False,predicted_spectrum,7251
CASMI2022,massformer,completed,74,74,189,CASMI_MOL_1196866,CASMI_MOL_398011,398011,CCC(C)N(C)CC(C)=O,0.8757537496441984,binned_cosine_1Da,71,False,predicted_spectrum,7251
CASMI2022,massformer,completed,74,74,189,CASMI_MOL_1196866,CASMI_MOL_400376,400376,CCC(C)N(C)CC(C)=O,0.8757537496441984,binned_cosine_1Da,72,False,predicted_spectrum,7251
CASMI2022,massformer,completed,74,74,189,CASMI_MOL_1196866,CASMI_MOL_400760,400760,CCC1(C)ON1C(C)(C)C,0.8757528010446888,binned_cosine_1Da,73,False,predicted_spectrum,7251
CASMI2022,massformer,completed,74,74,189,CASMI_MOL_1196866,CASMI_MOL_400809,400809,CCN(CC(C)C)C(C)=O,0.8756684975455785,binned_cosine_1Da,74,False,predicted_spectrum,7251
CASMI2022,massformer,completed,74,74,189,CASMI_MOL_1196866,CASMI_MOL_400224,400224,CCC(CC)CNC(C)=O,0.8756366175860437,binned_cosine_1Da,75,False,predicted_spectrum,7251
CASMI2022,massformer,completed,74,74,189,CASMI_MOL_1196866,CASMI_MOL_401331,401331,CCC(C)(C)C(=O)N(C)C,0.8756114479087241,binned_cosine_1Da,76,False,predicted_spectrum,7251
CASMI2022,massformer,completed,74,74,189,CASMI_MOL_1196866,CASMI_MOL_395807,395807,CCC(CC)CC(=O)NC,0.8754174221726203,binned_cosine_1Da,77,False,predicted_spectrum,7251
CASMI2022,massformer,completed,74,74,189,CASMI_MOL_1196866,CASMI_MOL_395504,395504,CCCNC(=O)C(C)CC,0.8753720389677953,binned_cosine_1Da,78,False,predicted_spectrum,7251
CASMI2022,massformer,completed,74,74,189,CASMI_MOL_1196866,CASMI_MOL_401337,401337,CCCNC(=O)C(C)CC,0.8753720389677953,binned_cosine_1Da,79,False,predicted_spectrum,7251
CASMI2022,massformer,completed,74,74,189,CASMI_MOL_1196866,CASMI_MOL_400822,400822,CCC(C)(C(C)=O)N(C)C,0.8752046461496749,binned_cosine_1Da,80,False,predicted_spectrum,7251
CASMI2022,massformer,completed,74,74,189,CASMI_MOL_1196866,CASMI_MOL_397328,397328,CCC(C)CC(=O)N(C)C,0.8749165456738888,binned_cosine_1Da,81,False,predicted_spectrum,7251
CASMI2022,massformer,completed,74,74,189,CASMI_MOL_1196866,CASMI_MOL_398250,398250,CCC(C)CC(=O)N(C)C,0.8749165456738888,binned_cosine_1Da,82,False,predicted_spectrum,7251
CASMI2022,massformer,completed,74,74,189,CASMI_MOL_1196866,CASMI_MOL_401234,401234,CCC(C)CC(=O)N(C)C,0.8749165456738888,binned_cosine_1Da,83,False,predicted_spectrum,7251
CASMI2022,massformer,completed,74,74,189,CASMI_MOL_1196866,CASMI_MOL_395481,395481,CCCNC(CC)C(C)=O,0.8748751522960676,binned_cosine_1Da,84,False,predicted_spectrum,7251
CASMI2022,massformer,completed,74,74,189,CASMI_MOL_1196866,CASMI_MOL_395708,395708,CCCNC(CC)C(C)=O,0.8748751522960676,binned_cosine_1Da,85,False,predicted_spectrum,7251
CASMI2022,massformer,completed,74,74,189,CASMI_MOL_1196866,CASMI_MOL_396708,396708,C=C(CCCOC)CNC,0.8746330047896482,binned_cosine_1Da,86,False,predicted_spectrum,7251
CASMI2022,massformer,completed,74,74,189,CASMI_MOL_1196866,CASMI_MOL_395372,395372,CCCCC(C)C(=O)NC,0.8742624681192871,binned_cosine_1Da,87,False,predicted_spectrum,7251
CASMI2022,massformer,completed,74,74,189,CASMI_MOL_1196866,CASMI_MOL_395534,395534,CCCCC(C)C(=O)NC,0.8742624681192871,binned_cosine_1Da,88,False,predicted_spectrum,7251
CASMI2022,massformer,completed,74,74,189,CASMI_MOL_1196866,CASMI_MOL_400860,400860,CCCCC(C)C(=O)NC,0.8742624681192871,binned_cosine_1Da,89,False,predicted_spectrum,7251
CASMI2022,massformer,completed,74,74,189,CASMI_MOL_1196866,CASMI_MOL_400212,400212,CCC(C)CN(C=O)CC,0.8739547177700694,binned_cosine_1Da,90,False,predicted_spectrum,7251
CASMI2022,massformer,completed,74,74,189,CASMI_MOL_1196866,CASMI_MOL_400380,400380,CCN(C)CCCC(C)=O,0.873822456878591,binned_cosine_1Da,91,False,predicted_spectrum,7251
CASMI2022,massformer,completed,74,74,189,CASMI_MOL_1196866,CASMI_MOL_399245,399245,CCN(C)C(C)CC(C)=O,0.8737954581624897,binned_cosine_1Da,92,False,predicted_spectrum,7251
CASMI2022,massformer,completed,74,74,189,CASMI_MOL_1196866,CASMI_MOL_401443,401443,CCCCCCN(C)C=O,0.8736445212980576,binned_cosine_1Da,93,False,predicted_spectrum,7251
CASMI2022,massformer,completed,74,74,189,CASMI_MOL_1196866,CASMI_MOL_401473,401473,CCCCCN(C)C(C)=O,0.8732212075051702,binned_cosine_1Da,94,False,predicted_spectrum,7251
CASMI2022,massformer,completed,74,74,189,CASMI_MOL_1196866,CASMI_MOL_400759,400759,CCC(C)(C)N1OC1(C)C,0.8729674393161277,binned_cosine_1Da,95,False,predicted_spectrum,7251
CASMI2022,massformer,completed,74,74,189,CASMI_MOL_1196866,CASMI_MOL_394715,394715,CCCCN1OC1(C)CC,0.8727790911967538,binned_cosine_1Da,96,False,predicted_spectrum,7251
CASMI2022,massformer,completed,74,74,189,CASMI_MOL_1196866,CASMI_MOL_395344,395344,CCCCC(C)N(C)C=O,0.8726135685183987,binned_cosine_1Da,97,False,predicted_spectrum,7251
CASMI2022,massformer,completed,74,74,189,CASMI_MOL_1196866,CASMI_MOL_399860,399860,CCCCC(C)N(C)C=O,0.8726135685183987,binned_cosine_1Da,98,False,predicted_spectrum,7251
CASMI2022,massformer,completed,74,74,189,CASMI_MOL_1196866,CASMI_MOL_400174,400174,CCCCC(C)N(C)C=O,0.8726135685183987,binned_cosine_1Da,99,False,predicted_spectrum,7251
CASMI2022,massformer,completed,74,74,189,CASMI_MOL_1196866,CASMI_MOL_400561,400561,CC(C)N(C=O)C(C)(C)C,0.8724707569376929,binned_cosine_1Da,100,False,predicted_spectrum,7251
CASMI2022,massformer,completed,74,74,189,CASMI_MOL_1196866,CASMI_MOL_1196866,1196866,CCC(C)C(CC)C(N)=O,0.8491706695905602,binned_cosine_1Da,525,True,predicted_spectrum,7251
CASMI2022,massformer,completed,75,75,190,CASMI_MOL_1196867,CASMI_MOL_403614,403614,CCOP(=O)(OCC)C(N)C(=O)ON(S)C=O,0.11850603379594599,binned_cosine_1Da,1,False,predicted_spectrum,4498
CASMI2022,massformer,completed,75,75,190,CASMI_MOL_1196867,CASMI_MOL_402422,402422,O=C(COCCO[N+](=O)[O-])Oc1ccc([N+](=O)[O-])cc1,0.08209066286435594,binned_cosine_1Da,2,False,predicted_spectrum,4498
CASMI2022,massformer,completed,75,75,190,CASMI_MOL_1196867,CASMI_MOL_401662,401662,CNC(=O)ON=CC(C)(C)COS(=O)(=O)CCl,0.08164934503914159,binned_cosine_1Da,3,False,predicted_spectrum,4498
CASMI2022,massformer,completed,75,75,190,CASMI_MOL_1196867,CASMI_MOL_401656,401656,CNNc1cccc(-c2noc(C(Cl)Cl)n2)c1C,0.07811597601055428,binned_cosine_1Da,4,False,predicted_spectrum,4498
CASMI2022,massformer,completed,75,75,190,CASMI_MOL_1196867,CASMI_MOL_404391,404391,C=C1c2ccccc2C(=O)N1Cc1nc(C(=O)O)cs1,0.07784152144841289,binned_cosine_1Da,5,False,predicted_spectrum,4498
CASMI2022,massformer,completed,75,75,190,CASMI_MOL_1196867,CASMI_MOL_405595,405595,COc1cc(C=O)c([N+](=O)[O-])cc1OCCO[N+](=O)[O-],0.07780072889989287,binned_cosine_1Da,6,False,predicted_spectrum,4498
CASMI2022,massformer,completed,75,75,190,CASMI_MOL_1196867,CASMI_MOL_404228,404228,Cc1n[nH]c(-c2ccc(NC(=O)C(F)(F)Cl)cc2)n1,0.07515196327100186,binned_cosine_1Da,7,False,predicted_spectrum,4498
CASMI2022,massformer,completed,75,75,190,CASMI_MOL_1196867,CASMI_MOL_402736,402736,CCOC(=O)C(F)N1C=NS(=O)(=O)c2ccccc21,0.07284317815331465,binned_cosine_1Da,8,False,predicted_spectrum,4498
CASMI2022,massformer,completed,75,75,190,CASMI_MOL_1196867,CASMI_MOL_403919,403919,O=C(O)c1nc(Cn2ccc3ccccc3c2=O)cs1,0.06992037483815143,binned_cosine_1Da,9,False,predicted_spectrum,4498
CASMI2022,massformer,completed,75,75,190,CASMI_MOL_1196867,CASMI_MOL_405116,405116,O=Cc1ccc(OCC(CO[N+](=O)[O-])O[N+](=O)[O-])cc1,0.069233402362185,binned_cosine_1Da,10,False,predicted_spectrum,4498
CASMI2022,massformer,completed,75,75,190,CASMI_MOL_1196867,CASMI_MOL_401874,401874,O=C1CC2(O)CC(=O)OC3(NCCN(O1)C3=O)OC2=O,0.06800398828856742,binned_cosine_1Da,11,False,predicted_spectrum,4498
CASMI2022,massformer,completed,75,75,190,CASMI_MOL_1196867,CASMI_MOL_405590,405590,O=[N+]([O-])c1ccc(COc2nccc3ccccc23)s1,0.06652229091670779,binned_cosine_1Da,12,False,predicted_spectrum,4498
CASMI2022,massformer,completed,75,75,190,CASMI_MOL_1196867,CASMI_MOL_401769,401769,O=Cc1cccc(OC(CO[N+](=O)[O-])CO[N+](=O)[O-])c1,0.06548494030565441,binned_cosine_1Da,13,False,predicted_spectrum,4498
CASMI2022,massformer,completed,75,75,190,CASMI_MOL_1196867,CASMI_MOL_402037,402037,O=C(ON1C(=O)CCC1O)C(=O)On1c(O)ccc1O,0.06494905155066322,binned_cosine_1Da,14,False,predicted_spectrum,4498
CASMI2022,massformer,completed,75,75,190,CASMI_MOL_1196867,CASMI_MOL_402265,402265,O=C(ON1C(=O)CCC1O)C(=O)On1c(O)ccc1O,0.06494905155066322,binned_cosine_1Da,15,False,predicted_spectrum,4498
CASMI2022,massformer,completed,75,75,190,CASMI_MOL_1196867,CASMI_MOL_405508,405508,COc1c([N+](=O)[O-])ccc2c1OC(CO[N+](=O)[O-])CO2,0.06444332583959644,binned_cosine_1Da,16,False,predicted_spectrum,4498
CASMI2022,massformer,completed,75,75,190,CASMI_MOL_1196867,CASMI_MOL_402093,402093,O=C(OCc1nc(=O)c2ccccc2[nH]1)c1ccsc1,0.06400272598788864,binned_cosine_1Da,17,False,predicted_spectrum,4498
CASMI2022,massformer,completed,75,75,190,CASMI_MOL_1196867,CASMI_MOL_401623,401623,O=C1NC(=O)C(=C2C(=O)N3CCCc4cccc2c43)S1,0.06396263198484145,binned_cosine_1Da,18,False,predicted_spectrum,4498
CASMI2022,massformer,completed,75,75,190,CASMI_MOL_1196867,CASMI_MOL_403859,403859,CC1(C)CN(C(=O)C(Cl)(Cl)Cl)C(C)(C)CN1,0.06383414579816932,binned_cosine_1Da,19,False,predicted_spectrum,4498
CASMI2022,massformer,completed,75,75,190,CASMI_MOL_1196867,CASMI_MOL_403625,403625,O=C1NCCCCC1NC(=O)C(F)(F)S(=O)(=O)O,0.06295299952577021,binned_cosine_1Da,20,False,predicted_spectrum,4498
CASMI2022,massformer,completed,75,75,190,CASMI_MOL_1196867,CASMI_MOL_402123,402123,O=C(OCc1nc(=O)c2ccccc2[nH]1)c1cccs1,0.06277581802349606,binned_cosine_1Da,21,False,predicted_spectrum,4498
CASMI2022,massformer,completed,75,75,190,CASMI_MOL_1196867,CASMI_MOL_402780,402780,O=C(c1cnn2ccncc12)N(CCCl)CCCl,0.06216718616938542,binned_cosine_1Da,22,False,predicted_spectrum,4498
CASMI2022,massformer,completed,75,75,190,CASMI_MOL_1196867,CASMI_MOL_401999,401999,N=C1NC(=S)C1=Cc1ccc(OCC(F)(F)F)cc1,0.06182743438752261,binned_cosine_1Da,23,False,predicted_spectrum,4498
CASMI2022,massformer,completed,75,75,190,CASMI_MOL_1196867,CASMI_MOL_405466,405466,O=C(OCc1cscn1)c1cc(=O)[nH]c2ccccc12,0.061515954343753024,binned_cosine_1Da,24,False,predicted_spectrum,4498
CASMI2022,massformer,completed,75,75,190,CASMI_MOL_1196867,CASMI_MOL_402005,402005,N=C1NC(=S)C1=Cc1ccccc1OCC(F)(F)F,0.061419078535792516,binned_cosine_1Da,25,False,predicted_spectrum,4498
CASMI2022,massformer,completed,75,75,190,CASMI_MOL_1196867,CASMI_MOL_401983,401983,Cc1ccc(C(F)(F)F)c(CC2=NC(=S)NC2=O)c1,0.060704392045814834,binned_cosine_1Da,26,False,predicted_spectrum,4498
CASMI2022,massformer,completed,75,75,190,CASMI_MOL_1196867,CASMI_MOL_405441,405441,O=C(COC(=O)c1[nH]nc2ccccc12)c1cccs1,0.060290621033748576,binned_cosine_1Da,27,False,predicted_spectrum,4498
CASMI2022,massformer,completed,75,75,190,CASMI_MOL_1196867,CASMI_MOL_405946,405946,COC(=O)c1ccc(-c2nc(-c3cccs3)no2)cc1,0.05929235229118909,binned_cosine_1Da,28,False,predicted_spectrum,4498
CASMI2022,massformer,completed,75,75,190,CASMI_MOL_1196867,CASMI_MOL_401665,401665,FC(F)C1=NN(c2ccn3cc(CCl)nc3c2)CO1,0.0587061713726607,binned_cosine_1Da,29,False,predicted_spectrum,4498
CASMI2022,massformer,completed,75,75,190,CASMI_MOL_1196867,CASMI_MOL_401566,401566,O=C(ON1C(=O)c2ccccc2C1=O)c1ccncc1F,0.058488664512564285,binned_cosine_1Da,30,False,predicted_spectrum,4498
CASMI2022,massformer,completed,75,75,190,CASMI_MOL_1196867,CASMI_MOL_404731,404731,O=C(O)c1cc(N2CCSCC2)c(F)cc1[N+](=O)[O-],0.058211764150429765,binned_cosine_1Da,31,False,predicted_spectrum,4498
CASMI2022,massformer,completed,75,75,190,CASMI_MOL_1196867,CASMI_MOL_401673,401673,Cc1scnc1C(=O)OC(=O)c1c[nH]c2ccccc12,0.05809803993775965,binned_cosine_1Da,32,False,predicted_spectrum,4498
CASMI2022,massformer,completed,75,75,190,CASMI_MOL_1196867,CASMI_MOL_404465,404465,COC(=O)c1nn(-c2ccc3sccc3c2)ccc1=O,0.05789863311457718,binned_cosine_1Da,33,False,predicted_spectrum,4498
CASMI2022,massformer,completed,75,75,190,CASMI_MOL_1196867,CASMI_MOL_402077,402077,O=Cc1ccccc1OCc1nc(=O)c2sccc2[nH]1,0.05781095133972705,binned_cosine_1Da,34,False,predicted_spectrum,4498
CASMI2022,massformer,completed,75,75,190,CASMI_MOL_1196867,CASMI_MOL_401578,401578,COC(=O)c1cc2c(cc1[N+](=O)[O-])C(F)(F)C(=O)N2C,0.05753120424106795,binned_cosine_1Da,35,False,predicted_spectrum,4498
CASMI2022,massformer,completed,75,75,190,CASMI_MOL_1196867,CASMI_MOL_405044,405044,COC(=O)c1ccc(-n2sc3ccccc3c2=O)nc1,0.05733403602162827,binned_cosine_1Da,36,False,predicted_spectrum,4498
CASMI2022,massformer,completed,75,75,190,CASMI_MOL_1196867,CASMI_MOL_404218,404218,COc1ccc(C2=NC(=Cc3cscn3)C(=O)O2)cc1,0.05713144112348638,binned_cosine_1Da,37,False,predicted_spectrum,4498
CASMI2022,massformer,completed,75,75,190,CASMI_MOL_1196867,CASMI_MOL_404806,404806,COc1ccc(C2=NC(=Cc3cscn3)C(=O)O2)cc1,0.05713144112348638,binned_cosine_1Da,38,False,predicted_spectrum,4498
CASMI2022,massformer,completed,75,75,190,CASMI_MOL_1196867,CASMI_MOL_401570,401570,O=C(ON1C(=O)c2ccccc2C1=O)c1ccc(F)cn1,0.056894215766364005,binned_cosine_1Da,39,False,predicted_spectrum,4498
CASMI2022,massformer,completed,75,75,190,CASMI_MOL_1196867,CASMI_MOL_401565,401565,O=C(ON1C(=O)c2ccccc2C1=O)c1ccc(F)nc1,0.05653774759204768,binned_cosine_1Da,40,False,predicted_spectrum,4498
CASMI2022,massformer,completed,75,75,190,CASMI_MOL_1196867,CASMI_MOL_405150,405150,O=C(O)C=Cc1c(Oc2ccccc2)nc2sccn12,0.05628612774783067,binned_cosine_1Da,41,False,predicted_spectrum,4498
CASMI2022,massformer,completed,75,75,190,CASMI_MOL_1196867,CASMI_MOL_405680,405680,O=C(OCc1nc2ccccc2s1)c1ccc[nH]c1=O,0.05620361764082678,binned_cosine_1Da,42,False,predicted_spectrum,4498
CASMI2022,massformer,completed,75,75,190,CASMI_MOL_1196867,CASMI_MOL_405781,405781,O=C1CSc2ccccc2N1c1ccc([N+](=O)[O-])cc1,0.05610273693467287,binned_cosine_1Da,43,False,predicted_spectrum,4498
CASMI2022,massformer,completed,75,75,190,CASMI_MOL_1196867,CASMI_MOL_401646,401646,O=C(OCc1ccc2nsnc2c1)c1ccccc1O,0.055626857523582304,binned_cosine_1Da,44,False,predicted_spectrum,4498
CASMI2022,massformer,completed,75,75,190,CASMI_MOL_1196867,CASMI_MOL_404234,404234,COc1ccc(C=C2N=C(c3cccs3)OC2=O)cn1,0.05559775579239916,binned_cosine_1Da,45,False,predicted_spectrum,4498
CASMI2022,massformer,completed,75,75,190,CASMI_MOL_1196867,CASMI_MOL_404857,404857,COc1ccc(C=C2N=C(c3cccs3)OC2=O)cn1,0.05559775579239916,binned_cosine_1Da,46,False,predicted_spectrum,4498
CASMI2022,massformer,completed,75,75,190,CASMI_MOL_1196867,CASMI_MOL_405089,405089,COc1ccc(C=C2N=C(c3cccs3)OC2=O)cn1,0.05559775579239916,binned_cosine_1Da,47,False,predicted_spectrum,4498
CASMI2022,massformer,completed,75,75,190,CASMI_MOL_1196867,CASMI_MOL_404219,404219,COc1cccc(C2=NC(=Cc3cscn3)C(=O)O2)c1,0.0555929774963611,binned_cosine_1Da,48,False,predicted_spectrum,4498
CASMI2022,massformer,completed,75,75,190,CASMI_MOL_1196867,CASMI_MOL_404807,404807,COc1cccc(C2=NC(=Cc3cscn3)C(=O)O2)c1,0.0555929774963611,binned_cosine_1Da,49,False,predicted_spectrum,4498
CASMI2022,massformer,completed,75,75,190,CASMI_MOL_1196867,CASMI_MOL_401563,401563,O=C(ON1C(=O)c2ccccc2C1=O)c1ncccc1F,0.055588300100325894,binned_cosine_1Da,50,False,predicted_spectrum,4498
CASMI2022,massformer,completed,75,75,190,CASMI_MOL_1196867,CASMI_MOL_404545,404545,O=C(O)c1nc(Cn2c(=O)ccc3ccccc32)cs1,0.055323289925946095,binned_cosine_1Da,51,False,predicted_spectrum,4498
CASMI2022,massformer,completed,75,75,190,CASMI_MOL_1196867,CASMI_MOL_404829,404829,N=Cc1csc(CON2C(=O)c3ccccc3C2=O)c1,0.05529432937473059,binned_cosine_1Da,52,False,predicted_spectrum,4498
CASMI2022,massformer,completed,75,75,190,CASMI_MOL_1196867,CASMI_MOL_401669,401669,COC(=O)c1cccnc1-n1sc2ccccc2c1=O,0.055137784397914974,binned_cosine_1Da,53,False,predicted_spectrum,4498
CASMI2022,massformer,completed,75,75,190,CASMI_MOL_1196867,CASMI_MOL_404235,404235,COc1cncc(C=C2N=C(c3cccs3)OC2=O)c1,0.05512542334847959,binned_cosine_1Da,54,False,predicted_spectrum,4498
CASMI2022,massformer,completed,75,75,190,CASMI_MOL_1196867,CASMI_MOL_404858,404858,COc1cncc(C=C2N=C(c3cccs3)OC2=O)c1,0.05512542334847959,binned_cosine_1Da,55,False,predicted_spectrum,4498
CASMI2022,massformer,completed,75,75,190,CASMI_MOL_1196867,CASMI_MOL_405090,405090,COc1cncc(C=C2N=C(c3cccs3)OC2=O)c1,0.05512542334847959,binned_cosine_1Da,56,False,predicted_spectrum,4498
CASMI2022,massformer,completed,75,75,190,CASMI_MOL_1196867,CASMI_MOL_401568,401568,O=C(ON1C(=O)c2ccccc2C1=O)c1cncc(F)c1,0.055100368414662954,binned_cosine_1Da,57,False,predicted_spectrum,4498
CASMI2022,massformer,completed,75,75,190,CASMI_MOL_1196867,CASMI_MOL_403391,403391,O=C(O)c1nc(COc2cccc3ncccc23)cs1,0.0550450079240603,binned_cosine_1Da,58,False,predicted_spectrum,4498
CASMI2022,massformer,completed,75,75,190,CASMI_MOL_1196867,CASMI_MOL_401564,401564,O=C(ON1C(=O)c2ccccc2C1=O)c1cccnc1F,0.05501364503120886,binned_cosine_1Da,59,False,predicted_spectrum,4498
CASMI2022,massformer,completed,75,75,190,CASMI_MOL_1196867,CASMI_MOL_405650,405650,COC(=O)c1ccccc1-n1sc2ncccc2c1=O,0.05497446199626926,binned_cosine_1Da,60,False,predicted_spectrum,4498
CASMI2022,massformer,completed,75,75,190,CASMI_MOL_1196867,CASMI_MOL_405653,405653,COC(=O)c1cccc(-n2sc3ncccc3c2=O)c1,0.05492399059625295,binned_cosine_1Da,61,False,predicted_spectrum,4498
CASMI2022,massformer,completed,75,75,190,CASMI_MOL_1196867,CASMI_MOL_402036,402036,Cc1cccc2cc(C=C3SC(=O)NC3=O)c(=O)[nH]c12,0.05449767096492682,binned_cosine_1Da,62,False,predicted_spectrum,4498
CASMI2022,massformer,completed,75,75,190,CASMI_MOL_1196867,CASMI_MOL_402067,402067,Cc1cccc2cc(C=C3SC(=O)NC3=O)c(=O)[nH]c12,0.05449767096492682,binned_cosine_1Da,63,False,predicted_spectrum,4498
CASMI2022,massformer,completed,75,75,190,CASMI_MOL_1196867,CASMI_MOL_405954,405954,Cc1cc(NC(=O)c2cc3ccccc3c(=O)s2)no1,0.05435200577610132,binned_cosine_1Da,64,False,predicted_spectrum,4498
CASMI2022,massformer,completed,75,75,190,CASMI_MOL_1196867,CASMI_MOL_401787,401787,CC(Cl)C(=O)NCCc1cnc2c(Cl)cnn2c1,0.05419638542910465,binned_cosine_1Da,65,False,predicted_spectrum,4498
CASMI2022,massformer,completed,75,75,190,CASMI_MOL_1196867,CASMI_MOL_405267,405267,COC(=O)c1cccc(Oc2ncnc3ccsc23)c1,0.05419439190866261,binned_cosine_1Da,66,False,predicted_spectrum,4498
CASMI2022,massformer,completed,75,75,190,CASMI_MOL_1196867,CASMI_MOL_402019,402019,COC(=O)c1ncc2nc(-c3cccs3)ccc2c1O,0.05419315284705949,binned_cosine_1Da,67,False,predicted_spectrum,4498
CASMI2022,massformer,completed,75,75,190,CASMI_MOL_1196867,CASMI_MOL_401569,401569,O=C(ON1C(=O)c2ccccc2C1=O)c1ccnc(F)c1,0.054124268662844914,binned_cosine_1Da,68,False,predicted_spectrum,4498
CASMI2022,massformer,completed,75,75,190,CASMI_MOL_1196867,CASMI_MOL_401852,401852,Cc1cc(C(=O)OCCO[N+](=O)[O-])cc([N+](=O)[O-])c1O,0.054117847765517695,binned_cosine_1Da,69,False,predicted_spectrum,4498
CASMI2022,massformer,completed,75,75,190,CASMI_MOL_1196867,CASMI_MOL_402988,402988,Cc1nc(C(=O)C(C#N)c2ccc3c(c2)OCO3)cs1,0.0537194185494988,binned_cosine_1Da,70,False,predicted_spectrum,4498
CASMI2022,massformer,completed,75,75,190,CASMI_MOL_1196867,CASMI_MOL_402989,402989,Cc1ncc(C(=O)C(C#N)c2ccc3c(c2)OCO3)s1,0.053679994001398994,binned_cosine_1Da,71,False,predicted_spectrum,4498
CASMI2022,massformer,completed,75,75,190,CASMI_MOL_1196867,CASMI_MOL_402276,402276,COC(=O)c1ccccc1C(C#N)c1ccc(N=O)s1,0.05354900916832996,binned_cosine_1Da,72,False,predicted_spectrum,4498
CASMI2022,massformer,completed,75,75,190,CASMI_MOL_1196867,CASMI_MOL_403655,403655,COC(=O)c1ccccc1C(C#N)c1ccc(N=O)s1,0.05354899131885979,binned_cosine_1Da,73,False,predicted_spectrum,4498
CASMI2022,massformer,completed,75,75,190,CASMI_MOL_1196867,CASMI_MOL_404103,404103,COc1ccccc1Sc1ccc(C#N)c([N+](=O)[O-])c1,0.05335802357485482,binned_cosine_1Da,74,False,predicted_spectrum,4498
CASMI2022,massformer,completed,75,75,190,CASMI_MOL_1196867,CASMI_MOL_405464,405464,COC(=O)c1cccc(Oc2ncnc3sccc23)c1,0.05314968262066826,binned_cosine_1Da,75,False,predicted_spectrum,4498
CASMI2022,massformer,completed,75,75,190,CASMI_MOL_1196867,CASMI_MOL_405859,405859,COC(=O)c1ccccc1Oc1ncnc2sccc12,0.05290246058337604,binned_cosine_1Da,76,False,predicted_spectrum,4498
CASMI2022,massformer,completed,75,75,190,CASMI_MOL_1196867,CASMI_MOL_405081,405081,COC(=O)c1ccc(Oc2ncnc3ccsc23)cc1,0.052824352117688975,binned_cosine_1Da,77,False,predicted_spectrum,4498
CASMI2022,massformer,completed,75,75,190,CASMI_MOL_1196867,CASMI_MOL_404315,404315,N=C(N)c1cc2coccc-2c1OC(=O)c1ccsc1,0.05279264118905434,binned_cosine_1Da,78,False,predicted_spectrum,4498
CASMI2022,massformer,completed,75,75,190,CASMI_MOL_1196867,CASMI_MOL_405492,405492,COC(=O)c1ccc(-c2nnc(-c3ccccc3)o2)s1,0.05277602893832035,binned_cosine_1Da,79,False,predicted_spectrum,4498
CASMI2022,massformer,completed,75,75,190,CASMI_MOL_1196867,CASMI_MOL_405311,405311,COc1ccccc1-c1nsc2ccc([N+](=O)[O-])cc12,0.05262563641156365,binned_cosine_1Da,80,False,predicted_spectrum,4498
CASMI2022,massformer,completed,75,75,190,CASMI_MOL_1196867,CASMI_MOL_405645,405645,COc1ccccc1Sc1cccc([N+](=O)[O-])c1C#N,0.052595285475066755,binned_cosine_1Da,81,False,predicted_spectrum,4498
CASMI2022,massformer,completed,75,75,190,CASMI_MOL_1196867,CASMI_MOL_403496,403496,COc1cccc2cc(C(=O)C=Cc3csnn3)oc12,0.052586978435299914,binned_cosine_1Da,82,False,predicted_spectrum,4498
CASMI2022,massformer,completed,75,75,190,CASMI_MOL_1196867,CASMI_MOL_404264,404264,COc1cccc2cc(C(=O)C=Cc3csnn3)oc12,0.052586978435299914,binned_cosine_1Da,83,False,predicted_spectrum,4498
CASMI2022,massformer,completed,75,75,190,CASMI_MOL_1196867,CASMI_MOL_405085,405085,COc1cccc2cc(C(=O)C=Cc3csnn3)oc12,0.052586978435299914,binned_cosine_1Da,84,False,predicted_spectrum,4498
CASMI2022,massformer,completed,75,75,190,CASMI_MOL_1196867,CASMI_MOL_405691,405691,N#CCOC(=O)c1ccc(NC(=O)c2cccs2)cc1,0.05255730408499488,binned_cosine_1Da,85,False,predicted_spectrum,4498
CASMI2022,massformer,completed,75,75,190,CASMI_MOL_1196867,CASMI_MOL_402076,402076,O=Cc1cccc(OCc2nc(=O)c3sccc3[nH]2)c1,0.052358558989886804,binned_cosine_1Da,86,False,predicted_spectrum,4498
CASMI2022,massformer,completed,75,75,190,CASMI_MOL_1196867,CASMI_MOL_401567,401567,O=C(ON1C(=O)c2ccccc2C1=O)c1cccc(F)n1,0.052349476815465534,binned_cosine_1Da,87,False,predicted_spectrum,4498
CASMI2022,massformer,completed,75,75,190,CASMI_MOL_1196867,CASMI_MOL_402094,402094,O=C(OCc1nc(=O)c2sccc2[nH]1)c1ccccc1,0.052325514194033126,binned_cosine_1Da,88,False,predicted_spectrum,4498
CASMI2022,massformer,completed,75,75,190,CASMI_MOL_1196867,CASMI_MOL_401652,401652,COC(=O)c1csc(C(=O)C2=NCc3ccccc32)n1,0.05231666043630934,binned_cosine_1Da,89,False,predicted_spectrum,4498
CASMI2022,massformer,completed,75,75,190,CASMI_MOL_1196867,CASMI_MOL_405494,405494,COC(=O)c1ccc(-c2noc(-c3ccccc3)n2)s1,0.05224221155298477,binned_cosine_1Da,90,False,predicted_spectrum,4498
CASMI2022,massformer,completed,75,75,190,CASMI_MOL_1196867,CASMI_MOL_405106,405106,Cc1cc(NC(=O)c2cc3ccccc3oc2=O)sn1,0.05216510957888825,binned_cosine_1Da,91,False,predicted_spectrum,4498
CASMI2022,massformer,completed,75,75,190,CASMI_MOL_1196867,CASMI_MOL_404990,404990,COC(=O)c1sc2nc(-c3ccccc3)ncc2c1O,0.052163463480953715,binned_cosine_1Da,92,False,predicted_spectrum,4498
CASMI2022,massformer,completed,75,75,190,CASMI_MOL_1196867,CASMI_MOL_404233,404233,COc1cccc(C=C2N=C(c3cccs3)OC2=O)n1,0.05209274132800209,binned_cosine_1Da,93,False,predicted_spectrum,4498
CASMI2022,massformer,completed,75,75,190,CASMI_MOL_1196867,CASMI_MOL_404855,404855,COc1cccc(C=C2N=C(c3cccs3)OC2=O)n1,0.05209274132800209,binned_cosine_1Da,94,False,predicted_spectrum,4498
CASMI2022,massformer,completed,75,75,190,CASMI_MOL_1196867,CASMI_MOL_405088,405088,COc1cccc(C=C2N=C(c3cccs3)OC2=O)n1,0.05209274132800209,binned_cosine_1Da,95,False,predicted_spectrum,4498
CASMI2022,massformer,completed,75,75,190,CASMI_MOL_1196867,CASMI_MOL_402589,402589,COc1ccccc1Sc1ccc([N+](=O)[O-])c(C#N)c1,0.05192349091083866,binned_cosine_1Da,96,False,predicted_spectrum,4498
CASMI2022,massformer,completed,75,75,190,CASMI_MOL_1196867,CASMI_MOL_401949,401949,O=[N+]([O-])N1CN([N+](=O)[O-])C2=C1N(O)C1=NCN=C1N2O,0.05187385285426839,binned_cosine_1Da,97,False,predicted_spectrum,4498
CASMI2022,massformer,completed,75,75,190,CASMI_MOL_1196867,CASMI_MOL_404232,404232,COc1cc(C=C2N=C(c3cccs3)OC2=O)ccn1,0.051846540405996226,binned_cosine_1Da,98,False,predicted_spectrum,4498
CASMI2022,massformer,completed,75,75,190,CASMI_MOL_1196867,CASMI_MOL_404856,404856,COc1cc(C=C2N=C(c3cccs3)OC2=O)ccn1,0.051846540405996226,binned_cosine_1Da,99,False,predicted_spectrum,4498
CASMI2022,massformer,completed,75,75,190,CASMI_MOL_1196867,CASMI_MOL_405087,405087,COc1cc(C=C2N=C(c3cccs3)OC2=O)ccn1,0.051846540405996226,binned_cosine_1Da,100,False,predicted_spectrum,4498
CASMI2022,massformer,completed,75,75,190,CASMI_MOL_1196867,CASMI_MOL_1196867,1196867,COC(=O)c1csc(C(=O)c2c[nH]c3ccccc23)n1,0.05009476835109161,binned_cosine_1Da,160,True,predicted_spectrum,4498
CASMI2022,massformer,completed,76,76,193,CASMI_MOL_1196812,CASMI_MOL_116743,116743,CCCCCC=CCC=CCCCCCCCC#CC(=O)O,0.9090361239862081,binned_cosine_1Da,1,False,predicted_spectrum,5745
CASMI2022,massformer,completed,76,76,193,CASMI_MOL_1196812,CASMI_MOL_117460,117460,CCCCCC=CCC=CCCCCCCCC#CC(=O)O,0.9090361239862081,binned_cosine_1Da,2,False,predicted_spectrum,5745
CASMI2022,massformer,completed,76,76,193,CASMI_MOL_1196812,CASMI_MOL_114739,114739,CC=C(CCCCCCC=CCC=CCC=CCC)C(=O)O,0.9068327532990018,binned_cosine_1Da,3,False,predicted_spectrum,5745
CASMI2022,massformer,completed,76,76,193,CASMI_MOL_1196812,CASMI_MOL_115885,115885,CC=C(CCCCCCC=CCC=CCC=CCC)C(=O)O,0.9068327532990018,binned_cosine_1Da,4,False,predicted_spectrum,5745
CASMI2022,massformer,completed,76,76,193,CASMI_MOL_1196812,CASMI_MOL_116540,116540,C=C(C)C(=O)OC1(CCCCCC)C2CC3CC(C2)CC1C3,0.9056936658635745,binned_cosine_1Da,5,False,predicted_spectrum,5745
CASMI2022,massformer,completed,76,76,193,CASMI_MOL_1196812,CASMI_MOL_113547,113547,CCCCCC=CCC=CCC=CCCCC=CCC(=O)O,0.9051955308098194,binned_cosine_1Da,6,False,predicted_spectrum,5745
CASMI2022,massformer,completed,76,76,193,CASMI_MOL_1196812,CASMI_MOL_117572,117572,CCCCCC=CCC=CCC=CCCCC=CCC(=O)O,0.9051955308098194,binned_cosine_1Da,7,False,predicted_spectrum,5745
CASMI2022,massformer,completed,76,76,193,CASMI_MOL_1196812,CASMI_MOL_116674,116674,CCCCCC=CCC=CCCCC=CCC=CCC(=O)O,0.9046077736391874,binned_cosine_1Da,8,False,predicted_spectrum,5745
CASMI2022,massformer,completed,76,76,193,CASMI_MOL_1196812,CASMI_MOL_114200,114200,C=CCCC1CCC=CCCCCCCC(=O)CCCC1=O,0.9040403866425216,binned_cosine_1Da,9,False,predicted_spectrum,5745
CASMI2022,massformer,completed,76,76,193,CASMI_MOL_1196812,CASMI_MOL_113645,113645,CC=C=CCC=CCC=CCCCCCCCCCC(=O)O,0.9038004114707172,binned_cosine_1Da,10,False,predicted_spectrum,5745
CASMI2022,massformer,completed,76,76,193,CASMI_MOL_1196812,CASMI_MOL_115332,115332,CCCCCCCCC=CCC=CCC=CC1CC1C(=O)O,0.9036114830020329,binned_cosine_1Da,11,False,predicted_spectrum,5745
CASMI2022,massformer,completed,76,76,193,CASMI_MOL_1196812,CASMI_MOL_117948,117948,CCCCCCCCC=CCC=CCC=CC1CC1C(=O)O,0.9036114830020329,binned_cosine_1Da,12,False,predicted_spectrum,5745
CASMI2022,massformer,completed,76,76,193,CASMI_MOL_1196812,CASMI_MOL_116541,116541,C=C(C)C(=O)OC1(CC(C)(C)C)C2CC3CC1CC(C)(C3)C2,0.9034760344271685,binned_cosine_1Da,13,False,predicted_spectrum,5745
CASMI2022,massformer,completed,76,76,193,CASMI_MOL_1196812,CASMI_MOL_117440,117440,C=CCCCCCCCC1OC(=O)C(=C)C1CCCCC=C,0.9032080726947563,binned_cosine_1Da,14,False,predicted_spectrum,5745
CASMI2022,massformer,completed,76,76,193,CASMI_MOL_1196812,CASMI_MOL_117441,117441,C=CCCCCCCCC1OC(=O)C(=C)C1CCCCC=C,0.9032080726947563,binned_cosine_1Da,15,False,predicted_spectrum,5745
CASMI2022,massformer,completed,76,76,193,CASMI_MOL_1196812,CASMI_MOL_115465,115465,C=CCCCCCCCC1C(=C)C(=O)OC1CCCCC=C,0.9031212115308127,binned_cosine_1Da,16,False,predicted_spectrum,5745
CASMI2022,massformer,completed,76,76,193,CASMI_MOL_1196812,CASMI_MOL_115466,115466,C=CCCCCCCCC1C(=C)C(=O)OC1CCCCC=C,0.9031212115308127,binned_cosine_1Da,17,False,predicted_spectrum,5745
CASMI2022,massformer,completed,76,76,193,CASMI_MOL_1196812,CASMI_MOL_115467,115467,C=CCCCCCCCC1C(=C)C(=O)OC1CCCCC=C,0.9031212115308127,binned_cosine_1Da,18,False,predicted_spectrum,5745
CASMI2022,massformer,completed,76,76,193,CASMI_MOL_1196812,CASMI_MOL_115468,115468,C=CCCCCCCCC1C(=C)C(=O)OC1CCCCC=C,0.9031212115308127,binned_cosine_1Da,19,False,predicted_spectrum,5745
CASMI2022,massformer,completed,76,76,193,CASMI_MOL_1196812,CASMI_MOL_116073,116073,CCCCC=CCC=CCC=CCC=CCCCCC(=O)O,0.902510103855673,binned_cosine_1Da,20,False,predicted_spectrum,5745
CASMI2022,massformer,completed,76,76,193,CASMI_MOL_1196812,CASMI_MOL_117508,117508,CCCCC=CCC=CCC=CCC=CCCCCC(=O)O,0.902510103855673,binned_cosine_1Da,21,False,predicted_spectrum,5745
CASMI2022,massformer,completed,76,76,193,CASMI_MOL_1196812,CASMI_MOL_117509,117509,CCCCC=CCC=CCC=CCC=CCCCCC(=O)O,0.902510103855673,binned_cosine_1Da,22,False,predicted_spectrum,5745
CASMI2022,massformer,completed,76,76,193,CASMI_MOL_1196812,CASMI_MOL_112641,112641,CCCCCC=CC=CC1CC=CCCCCCCC(=O)O1,0.9017118780566735,binned_cosine_1Da,23,False,predicted_spectrum,5745
CASMI2022,massformer,completed,76,76,193,CASMI_MOL_1196812,CASMI_MOL_114166,114166,CCCCCC=CC=CC1CC=CCCCCCCC(=O)O1,0.9017118780566735,binned_cosine_1Da,24,False,predicted_spectrum,5745
CASMI2022,massformer,completed,76,76,193,CASMI_MOL_1196812,CASMI_MOL_115887,115887,CCCC=CCC=CCC=CCC=CCCCCCC(=O)O,0.9017014739416682,binned_cosine_1Da,25,False,predicted_spectrum,5745
CASMI2022,massformer,completed,76,76,193,CASMI_MOL_1196812,CASMI_MOL_116054,116054,CCCC=CCC=CCC=CCC=CCCCCCC(=O)O,0.9017014739416682,binned_cosine_1Da,26,False,predicted_spectrum,5745
CASMI2022,massformer,completed,76,76,193,CASMI_MOL_1196812,CASMI_MOL_117961,117961,CCCC=CCC=CCC=CCC=CCCCCCC(=O)O,0.9017014739416682,binned_cosine_1Da,27,False,predicted_spectrum,5745
CASMI2022,massformer,completed,76,76,193,CASMI_MOL_1196812,CASMI_MOL_114505,114505,CCCCCCCCCCCC=CC=CC=C=CCC(=O)O,0.901677051894956,binned_cosine_1Da,28,False,predicted_spectrum,5745
CASMI2022,massformer,completed,76,76,193,CASMI_MOL_1196812,CASMI_MOL_114180,114180,CCC=CCC=CCC=CCC=CCCCCCCC(=O)O,0.9012824599602538,binned_cosine_1Da,29,False,predicted_spectrum,5745
CASMI2022,massformer,completed,76,76,193,CASMI_MOL_1196812,CASMI_MOL_114710,114710,CCC=CCC=CCC=CCC=CCCCCCCC(=O)O,0.9012824599602538,binned_cosine_1Da,30,False,predicted_spectrum,5745
CASMI2022,massformer,completed,76,76,193,CASMI_MOL_1196812,CASMI_MOL_114711,114711,CCC=CCC=CCC=CCC=CCCCCCCC(=O)O,0.9012824599602538,binned_cosine_1Da,31,False,predicted_spectrum,5745
CASMI2022,massformer,completed,76,76,193,CASMI_MOL_1196812,CASMI_MOL_114712,114712,CCC=CCC=CCC=CCC=CCCCCCCC(=O)O,0.9012824599602538,binned_cosine_1Da,32,False,predicted_spectrum,5745
CASMI2022,massformer,completed,76,76,193,CASMI_MOL_1196812,CASMI_MOL_114713,114713,CCC=CCC=CCC=CCC=CCCCCCCC(=O)O,0.9012824599602538,binned_cosine_1Da,33,False,predicted_spectrum,5745
CASMI2022,massformer,completed,76,76,193,CASMI_MOL_1196812,CASMI_MOL_114714,114714,CCC=CCC=CCC=CCC=CCCCCCCC(=O)O,0.9012824599602538,binned_cosine_1Da,34,False,predicted_spectrum,5745
CASMI2022,massformer,completed,76,76,193,CASMI_MOL_1196812,CASMI_MOL_114715,114715,CCC=CCC=CCC=CCC=CCCCCCCC(=O)O,0.9012824599602538,binned_cosine_1Da,35,False,predicted_spectrum,5745
CASMI2022,massformer,completed,76,76,193,CASMI_MOL_1196812,CASMI_MOL_114716,114716,CCC=CCC=CCC=CCC=CCCCCCCC(=O)O,0.9012824599602538,binned_cosine_1Da,36,False,predicted_spectrum,5745
CASMI2022,massformer,completed,76,76,193,CASMI_MOL_1196812,CASMI_MOL_114717,114717,CCC=CCC=CCC=CCC=CCCCCCCC(=O)O,0.9012824599602538,binned_cosine_1Da,37,False,predicted_spectrum,5745
CASMI2022,massformer,completed,76,76,193,CASMI_MOL_1196812,CASMI_MOL_114783,114783,CCC=CCC=CCC=CCC=CCCCCCCC(=O)O,0.9012824599602538,binned_cosine_1Da,38,False,predicted_spectrum,5745
CASMI2022,massformer,completed,76,76,193,CASMI_MOL_1196812,CASMI_MOL_114784,114784,CCC=CCC=CCC=CCC=CCCCCCCC(=O)O,0.9012824599602538,binned_cosine_1Da,39,False,predicted_spectrum,5745
CASMI2022,massformer,completed,76,76,193,CASMI_MOL_1196812,CASMI_MOL_114788,114788,CCC=CCC=CCC=CCC=CCCCCCCC(=O)O,0.9012824599602538,binned_cosine_1Da,40,False,predicted_spectrum,5745
CASMI2022,massformer,completed,76,76,193,CASMI_MOL_1196812,CASMI_MOL_114789,114789,CCC=CCC=CCC=CCC=CCCCCCCC(=O)O,0.9012824599602538,binned_cosine_1Da,41,False,predicted_spectrum,5745
CASMI2022,massformer,completed,76,76,193,CASMI_MOL_1196812,CASMI_MOL_114791,114791,CCC=CCC=CCC=CCC=CCCCCCCC(=O)O,0.9012824599602538,binned_cosine_1Da,42,False,predicted_spectrum,5745
CASMI2022,massformer,completed,76,76,193,CASMI_MOL_1196812,CASMI_MOL_115904,115904,CCC=CCC=CCC=CCC=CCCCCCCC(=O)O,0.9012824599602538,binned_cosine_1Da,43,False,predicted_spectrum,5745
CASMI2022,massformer,completed,76,76,193,CASMI_MOL_1196812,CASMI_MOL_115910,115910,CCC=CCC=CCC=CCC=CCCCCCCC(=O)O,0.9012824599602538,binned_cosine_1Da,44,False,predicted_spectrum,5745
CASMI2022,massformer,completed,76,76,193,CASMI_MOL_1196812,CASMI_MOL_117711,117711,CCC=CCC=CCC=CCC=CCCCCCCC(=O)O,0.9012824599602538,binned_cosine_1Da,45,False,predicted_spectrum,5745
CASMI2022,massformer,completed,76,76,193,CASMI_MOL_1196812,CASMI_MOL_118045,118045,CCC=CCC=CCC=CCC=CCCCCCCC(=O)O,0.9012824599602538,binned_cosine_1Da,46,False,predicted_spectrum,5745
CASMI2022,massformer,completed,76,76,193,CASMI_MOL_1196812,CASMI_MOL_118087,118087,CCC=CCC=CCC=CCC=CCCCCCCC(=O)O,0.9012824599602538,binned_cosine_1Da,47,False,predicted_spectrum,5745
CASMI2022,massformer,completed,76,76,193,CASMI_MOL_1196812,CASMI_MOL_114199,114199,C=CCCC1CCCCCC=CCCCC(=O)CCCC1=O,0.9012618657654495,binned_cosine_1Da,48,False,predicted_spectrum,5745
CASMI2022,massformer,completed,76,76,193,CASMI_MOL_1196812,CASMI_MOL_115849,115849,CCCCCCCCC=CCC=CCC=C=CCCC(=O)O,0.9006386017990741,binned_cosine_1Da,49,False,predicted_spectrum,5745
CASMI2022,massformer,completed,76,76,193,CASMI_MOL_1196812,CASMI_MOL_116729,116729,CCCCCCCCC=CCC=CCC=C=CCCC(=O)O,0.9006386017990741,binned_cosine_1Da,50,False,predicted_spectrum,5745
CASMI2022,massformer,completed,76,76,193,CASMI_MOL_1196812,CASMI_MOL_112498,112498,CC=CCC=CCC=CCC=CCCCCCCCC(=O)O,0.900607005994724,binned_cosine_1Da,51,False,predicted_spectrum,5745
CASMI2022,massformer,completed,76,76,193,CASMI_MOL_1196812,CASMI_MOL_115942,115942,CCCCCC=CCC=CCC#CCCCCCCC(=O)O,0.9004151755896974,binned_cosine_1Da,52,False,predicted_spectrum,5745
CASMI2022,massformer,completed,76,76,193,CASMI_MOL_1196812,CASMI_MOL_117148,117148,C=CCC=CCC=CCC=CCCCCCCCCC(=O)O,0.9002239393404412,binned_cosine_1Da,53,False,predicted_spectrum,5745
CASMI2022,massformer,completed,76,76,193,CASMI_MOL_1196812,CASMI_MOL_114458,114458,CCC=CCC=CCC=CCCC=CCCCCCC(=O)O,0.8998906133053641,binned_cosine_1Da,54,False,predicted_spectrum,5745
CASMI2022,massformer,completed,76,76,193,CASMI_MOL_1196812,CASMI_MOL_114764,114764,CCC=CCC=CCC=CCCC=CCCCCCC(=O)O,0.8998906133053641,binned_cosine_1Da,55,False,predicted_spectrum,5745
CASMI2022,massformer,completed,76,76,193,CASMI_MOL_1196812,CASMI_MOL_113105,113105,C#CC=CCCCCCCCCCCCCC1CC1C(=O)O,0.8996788650914667,binned_cosine_1Da,56,False,predicted_spectrum,5745
CASMI2022,massformer,completed,76,76,193,CASMI_MOL_1196812,CASMI_MOL_113385,113385,C#CC=CCCCCCCCCCCCCC1CC1C(=O)O,0.8996788650914667,binned_cosine_1Da,57,False,predicted_spectrum,5745
CASMI2022,massformer,completed,76,76,193,CASMI_MOL_1196812,CASMI_MOL_116984,116984,C#CC=CCCCCCCCCCCCCC1CC1C(=O)O,0.8996788650914667,binned_cosine_1Da,58,False,predicted_spectrum,5745
CASMI2022,massformer,completed,76,76,193,CASMI_MOL_1196812,CASMI_MOL_116021,116021,CCOC(=O)C=C(C)CCC=C(C)CCC=C1CCCCC1,0.8993495466676106,binned_cosine_1Da,59,False,predicted_spectrum,5745
CASMI2022,massformer,completed,76,76,193,CASMI_MOL_1196812,CASMI_MOL_116081,116081,CCOC(=O)C=C(C)CCC=C(C)CCC=C1CCCCC1,0.8993495466676106,binned_cosine_1Da,60,False,predicted_spectrum,5745
CASMI2022,massformer,completed,76,76,193,CASMI_MOL_1196812,CASMI_MOL_114096,114096,CCCCCC=CCC=CCC=C=CCCCCCC(=O)O,0.8990074435924063,binned_cosine_1Da,61,False,predicted_spectrum,5745
CASMI2022,massformer,completed,76,76,193,CASMI_MOL_1196812,CASMI_MOL_114283,114283,CCCCCCCCCC=CC=CC=CC=C(CC)C(=O)O,0.8989899346998281,binned_cosine_1Da,62,False,predicted_spectrum,5745
CASMI2022,massformer,completed,76,76,193,CASMI_MOL_1196812,CASMI_MOL_116014,116014,CCCCCC=CCC=CCC=CCCC=CCCC(=O)O,0.8989564113572175,binned_cosine_1Da,63,False,predicted_spectrum,5745
CASMI2022,massformer,completed,76,76,193,CASMI_MOL_1196812,CASMI_MOL_118041,118041,CCCCCC=CCC=CCC=CCCC=CCCC(=O)O,0.8989564113572175,binned_cosine_1Da,64,False,predicted_spectrum,5745
CASMI2022,massformer,completed,76,76,193,CASMI_MOL_1196812,CASMI_MOL_116658,116658,CCCCCCC=CCC=CCC=CCC=CCCC(=O)O,0.8988493958137879,binned_cosine_1Da,65,False,predicted_spectrum,5745
CASMI2022,massformer,completed,76,76,193,CASMI_MOL_1196812,CASMI_MOL_118042,118042,CCCCCCC=CCC=CCC=CCC=CCCC(=O)O,0.8988493958137879,binned_cosine_1Da,66,False,predicted_spectrum,5745
CASMI2022,massformer,completed,76,76,193,CASMI_MOL_1196812,CASMI_MOL_118043,118043,CCCCCCC=CCC=CCC=CCC=CCCC(=O)O,0.8988493958137879,binned_cosine_1Da,67,False,predicted_spectrum,5745
CASMI2022,massformer,completed,76,76,193,CASMI_MOL_1196812,CASMI_MOL_112614,112614,CC=CCCC=CCC=CCC=CCCCCCCC(=O)O,0.8987041647159993,binned_cosine_1Da,68,False,predicted_spectrum,5745
CASMI2022,massformer,completed,76,76,193,CASMI_MOL_1196812,CASMI_MOL_118037,118037,CC=CCCC=CCC=CCC=CCCCCCCC(=O)O,0.8987041647159993,binned_cosine_1Da,69,False,predicted_spectrum,5745
CASMI2022,massformer,completed,76,76,193,CASMI_MOL_1196812,CASMI_MOL_116579,116579,CCCCCC=CCC=CCCCC=C=CCCCC(=O)O,0.898612603767204,binned_cosine_1Da,70,False,predicted_spectrum,5745
CASMI2022,massformer,completed,76,76,193,CASMI_MOL_1196812,CASMI_MOL_117340,117340,CCCCCC=CCC=CCCCC=C=CCCCC(=O)O,0.898612603767204,binned_cosine_1Da,71,False,predicted_spectrum,5745
CASMI2022,massformer,completed,76,76,193,CASMI_MOL_1196812,CASMI_MOL_115946,115946,C=CCCCC=CCC=CCC=CCCCCCCC(=O)O,0.8985560566715902,binned_cosine_1Da,72,False,predicted_spectrum,5745
CASMI2022,massformer,completed,76,76,193,CASMI_MOL_1196812,CASMI_MOL_116538,116538,C=C(C)C(=O)OC1(CCC(C)C)C2CC3CC1CC(C)(C3)C2,0.8983700493571877,binned_cosine_1Da,73,False,predicted_spectrum,5745
CASMI2022,massformer,completed,76,76,193,CASMI_MOL_1196812,CASMI_MOL_115405,115405,CCCCCC=CCCC=CCC=CCC=CCCC(=O)O,0.8980376977451526,binned_cosine_1Da,74,False,predicted_spectrum,5745
CASMI2022,massformer,completed,76,76,193,CASMI_MOL_1196812,CASMI_MOL_114493,114493,CCCCCC=CCC=CCCCCCCCC(=O)C=C=O,0.8980303630836687,binned_cosine_1Da,75,False,predicted_spectrum,5745
CASMI2022,massformer,completed,76,76,193,CASMI_MOL_1196812,CASMI_MOL_114809,114809,C=C(C)C(=O)OC1(C2CC3CCC2C3)CC(C)CC(C)(C)C1,0.8979995741651433,binned_cosine_1Da,76,False,predicted_spectrum,5745
CASMI2022,massformer,completed,76,76,193,CASMI_MOL_1196812,CASMI_MOL_115541,115541,CCCCCC=CCC=CC=CCC=CCCCCC(=O)O,0.8979535491018327,binned_cosine_1Da,77,False,predicted_spectrum,5745
CASMI2022,massformer,completed,76,76,193,CASMI_MOL_1196812,CASMI_MOL_114126,114126,CCCCCCC#CC=CCCCCC=CCCCC(=O)O,0.8978469882926453,binned_cosine_1Da,78,False,predicted_spectrum,5745
CASMI2022,massformer,completed,76,76,193,CASMI_MOL_1196812,CASMI_MOL_114561,114561,CCC=CCC=CCC=CC=CCCCCCCCC(=O)O,0.8978117245003618,binned_cosine_1Da,79,False,predicted_spectrum,5745
CASMI2022,massformer,completed,76,76,193,CASMI_MOL_1196812,CASMI_MOL_114246,114246,CCCCC=CCCCCCC=CC=C=CCCCC(=O)O,0.8977911798626395,binned_cosine_1Da,80,False,predicted_spectrum,5745
CASMI2022,massformer,completed,76,76,193,CASMI_MOL_1196812,CASMI_MOL_117644,117644,CCCCC=CCC=CCCCCC=CC=CCCC(=O)O,0.8977143238897949,binned_cosine_1Da,81,False,predicted_spectrum,5745
CASMI2022,massformer,completed,76,76,193,CASMI_MOL_1196812,CASMI_MOL_113897,113897,CCCCC=CCC=CCCC=CCC=CCCCC(=O)O,0.8975293156677063,binned_cosine_1Da,82,False,predicted_spectrum,5745
CASMI2022,massformer,completed,76,76,193,CASMI_MOL_1196812,CASMI_MOL_116624,116624,CCCCCC=CCC=CCC=CC=CCCCCC(=O)O,0.8973698473206025,binned_cosine_1Da,83,False,predicted_spectrum,5745
CASMI2022,massformer,completed,76,76,193,CASMI_MOL_1196812,CASMI_MOL_116785,116785,CCCCCC=CCC=CCC=CC=CCCCCC(=O)O,0.8973698473206025,binned_cosine_1Da,84,False,predicted_spectrum,5745
CASMI2022,massformer,completed,76,76,193,CASMI_MOL_1196812,CASMI_MOL_117956,117956,CCCCCC=CCC=CCC=CC=CCCCCC(=O)O,0.8973698473206025,binned_cosine_1Da,85,False,predicted_spectrum,5745
CASMI2022,massformer,completed,76,76,193,CASMI_MOL_1196812,CASMI_MOL_117977,117977,CCCCCC=CCC=CCC=CC=CCCCCC(=O)O,0.8973698473206025,binned_cosine_1Da,86,False,predicted_spectrum,5745
CASMI2022,massformer,completed,76,76,193,CASMI_MOL_1196812,CASMI_MOL_114785,114785,CCCCCC=CCC=CCC=CCC=CCCCC(=O)O,0.897340729094052,binned_cosine_1Da,87,False,predicted_spectrum,5745
CASMI2022,massformer,completed,76,76,193,CASMI_MOL_1196812,CASMI_MOL_114786,114786,CCCCCC=CCC=CCC=CCC=CCCCC(=O)O,0.897340729094052,binned_cosine_1Da,88,False,predicted_spectrum,5745
CASMI2022,massformer,completed,76,76,193,CASMI_MOL_1196812,CASMI_MOL_114787,114787,CCCCCC=CCC=CCC=CCC=CCCCC(=O)O,0.897340729094052,binned_cosine_1Da,89,False,predicted_spectrum,5745
CASMI2022,massformer,completed,76,76,193,CASMI_MOL_1196812,CASMI_MOL_114790,114790,CCCCCC=CCC=CCC=CCC=CCCCC(=O)O,0.897340729094052,binned_cosine_1Da,90,False,predicted_spectrum,5745
CASMI2022,massformer,completed,76,76,193,CASMI_MOL_1196812,CASMI_MOL_115633,115633,CCCCCC=CCC=CCC=CCC=CCCCC(=O)O,0.897340729094052,binned_cosine_1Da,91,False,predicted_spectrum,5745
CASMI2022,massformer,completed,76,76,193,CASMI_MOL_1196812,CASMI_MOL_115907,115907,CCCCCC=CCC=CCC=CCC=CCCCC(=O)O,0.897340729094052,binned_cosine_1Da,92,False,predicted_spectrum,5745
CASMI2022,massformer,completed,76,76,193,CASMI_MOL_1196812,CASMI_MOL_115911,115911,CCCCCC=CCC=CCC=CCC=CCCCC(=O)O,0.897340729094052,binned_cosine_1Da,93,False,predicted_spectrum,5745
CASMI2022,massformer,completed,76,76,193,CASMI_MOL_1196812,CASMI_MOL_117583,117583,CCCCCC=CCC=CCC=CCC=CCCCC(=O)O,0.897340729094052,binned_cosine_1Da,94,False,predicted_spectrum,5745
CASMI2022,massformer,completed,76,76,193,CASMI_MOL_1196812,CASMI_MOL_117598,117598,CCCCCC=CCC=CCC=CCC=CCCCC(=O)O,0.897340729094052,binned_cosine_1Da,95,False,predicted_spectrum,5745
CASMI2022,massformer,completed,76,76,193,CASMI_MOL_1196812,CASMI_MOL_117599,117599,CCCCCC=CCC=CCC=CCC=CCCCC(=O)O,0.897340729094052,binned_cosine_1Da,96,False,predicted_spectrum,5745
CASMI2022,massformer,completed,76,76,193,CASMI_MOL_1196812,CASMI_MOL_117600,117600,CCCCCC=CCC=CCC=CCC=CCCCC(=O)O,0.897340729094052,binned_cosine_1Da,97,False,predicted_spectrum,5745
CASMI2022,massformer,completed,76,76,193,CASMI_MOL_1196812,CASMI_MOL_117601,117601,CCCCCC=CCC=CCC=CCC=CCCCC(=O)O,0.897340729094052,binned_cosine_1Da,98,False,predicted_spectrum,5745
CASMI2022,massformer,completed,76,76,193,CASMI_MOL_1196812,CASMI_MOL_117614,117614,CCCCCC=CCC=CCC=CCC=CCCCC(=O)O,0.897340729094052,binned_cosine_1Da,99,False,predicted_spectrum,5745
CASMI2022,massformer,completed,76,76,193,CASMI_MOL_1196812,CASMI_MOL_117631,117631,CCCCCC=CCC=CCC=CCC=CCCCC(=O)O,0.897340729094052,binned_cosine_1Da,100,False,predicted_spectrum,5745
CASMI2022,massformer,completed,76,76,193,CASMI_MOL_1196812,CASMI_MOL_1196812,1196812,CC(C)=CCCC(C)=CCCC1=CCC(C(C)=CCO)OC1,0.8377186417780643,binned_cosine_1Da,2896,True,predicted_spectrum,5745
CASMI2022,massformer,completed,77,77,194,CASMI_MOL_1196868,CASMI_MOL_411847,411847,CCCCCC(=O)CCC1C(OC(C)=O)CC(OC(C)=O)C1CCC(=O)OC,0.5123833801787164,binned_cosine_1Da,1,False,predicted_spectrum,8719
CASMI2022,massformer,completed,77,77,194,CASMI_MOL_1196868,CASMI_MOL_413430,413430,CCCCCCCCCCCC1OCC(c2oc(O)c(O)c2OCC(C)=O)O1,0.5099462688438345,binned_cosine_1Da,2,False,predicted_spectrum,8719
CASMI2022,massformer,completed,77,77,194,CASMI_MOL_1196868,CASMI_MOL_414236,414236,CCCCCCCCCCCC1OCC(c2oc(O)c(O)c2OCC(C)=O)O1,0.5099462688438345,binned_cosine_1Da,3,False,predicted_spectrum,8719
CASMI2022,massformer,completed,77,77,194,CASMI_MOL_1196868,CASMI_MOL_408689,408689,CC(=CC(=O)OCC(O)c1oc(O)c(O)c1O)CCCC(C)CCCC(C)C,0.5064862062598006,binned_cosine_1Da,4,False,predicted_spectrum,8719
CASMI2022,massformer,completed,77,77,194,CASMI_MOL_1196868,CASMI_MOL_411686,411686,CC(=CC(=O)OCC(O)c1oc(O)c(O)c1O)CCCC(C)CCCC(C)C,0.5064862062598006,binned_cosine_1Da,5,False,predicted_spectrum,8719
CASMI2022,massformer,completed,77,77,194,CASMI_MOL_1196868,CASMI_MOL_412038,412038,CC(=CC(=O)OCC(O)c1oc(O)c(O)c1O)CCCC(C)CCCC(C)C,0.5064862062598006,binned_cosine_1Da,6,False,predicted_spectrum,8719
CASMI2022,massformer,completed,77,77,194,CASMI_MOL_1196868,CASMI_MOL_406862,406862,CCCCCCC1CCC(CCC(=O)OCC(O)c2oc(O)c(O)c2O)CC1,0.5054498050107887,binned_cosine_1Da,7,False,predicted_spectrum,8719
CASMI2022,massformer,completed,77,77,194,CASMI_MOL_1196868,CASMI_MOL_412051,412051,CCOC(=O)CCCCCCC1C(OC(C)=O)CC(OC(C)=O)C1C=CCO,0.5035300032736384,binned_cosine_1Da,8,False,predicted_spectrum,8719
CASMI2022,massformer,completed,77,77,194,CASMI_MOL_1196868,CASMI_MOL_413427,413427,CCC1(C)CC(=O)C2(O)C(O1)C(OC(C)=O)C(O)C1C(C)(C)CCC(O)C12C,0.5003676635887284,binned_cosine_1Da,9,False,predicted_spectrum,8719
CASMI2022,massformer,completed,77,77,194,CASMI_MOL_1196868,CASMI_MOL_414284,414284,CCCCOCC1(C)C(C)(O)C2CC3(CC(=O)O2)C(C)CC(OC(C)=O)C31O,0.49834140339433747,binned_cosine_1Da,10,False,predicted_spectrum,8719
CASMI2022,massformer,completed,77,77,194,CASMI_MOL_1196868,CASMI_MOL_414246,414246,CC(=O)OCC(C)C1CCC2(C)C(OC(C)=O)CCC(C)(O)C2C1OC(C)=O,0.498181823908894,binned_cosine_1Da,11,False,predicted_spectrum,8719
CASMI2022,massformer,completed,77,77,194,CASMI_MOL_1196868,CASMI_MOL_414247,414247,CC(=O)OCC(C)C1CCC2(C)C(OC(C)=O)CCC(C)(O)C2C1OC(C)=O,0.498181823908894,binned_cosine_1Da,12,False,predicted_spectrum,8719
CASMI2022,massformer,completed,77,77,194,CASMI_MOL_1196868,CASMI_MOL_414311,414311,CC(=O)OCC(C)C1CCC2(C)C(OC(C)=O)CCC(C)(O)C2C1OC(C)=O,0.498181823908894,binned_cosine_1Da,13,False,predicted_spectrum,8719
CASMI2022,massformer,completed,77,77,194,CASMI_MOL_1196868,CASMI_MOL_407184,407184,CC(=O)OC1C(O)C2(C)OC(C)(C)CC(=O)C2(O)C2(C)C(O)CCC(C)(C)C12,0.4978313195036334,binned_cosine_1Da,14,False,predicted_spectrum,8719
CASMI2022,massformer,completed,77,77,194,CASMI_MOL_1196868,CASMI_MOL_413426,413426,C=CC1(C)CC(O)C2(O)C(O1)C(OC(C)=O)C(O)C1C(C)(C)CCC(O)C12C,0.49752856862881667,binned_cosine_1Da,15,False,predicted_spectrum,8719
CASMI2022,massformer,completed,77,77,194,CASMI_MOL_1196868,CASMI_MOL_407555,407555,CC(=O)OC1C(O)C2C(C)(C)CCC(O)C2(C)C2(O)C(=O)CC(C)(C)OC12C,0.4972449126446403,binned_cosine_1Da,16,False,predicted_spectrum,8719
CASMI2022,massformer,completed,77,77,194,CASMI_MOL_1196868,CASMI_MOL_414256,414256,CC(=O)OC1C(O)C2C(C)(C)CCC(O)C2(C)C2(O)C(=O)CC(C)(C)OC12C,0.4972449126446403,binned_cosine_1Da,17,False,predicted_spectrum,8719
CASMI2022,massformer,completed,77,77,194,CASMI_MOL_1196868,CASMI_MOL_407140,407140,CC(=CCC1(C(O)C(=O)O)OC(=O)C(=O)C1O)CCCC(C)CCCC(C)C,0.49589008161757453,binned_cosine_1Da,18,False,predicted_spectrum,8719
CASMI2022,massformer,completed,77,77,194,CASMI_MOL_1196868,CASMI_MOL_414345,414345,CC(=O)OC1C(=O)CC(C)(C)CC2(CC1(C)CCC1(C)OCCO1)OCCO2,0.4958820918900703,binned_cosine_1Da,19,False,predicted_spectrum,8719
CASMI2022,massformer,completed,77,77,194,CASMI_MOL_1196868,CASMI_MOL_406920,406920,COC(=O)C1CC(O)C(O)C2C(C)(CCC3CCOC3)C(C(=O)O)CCC12C,0.49529109042568775,binned_cosine_1Da,20,False,predicted_spectrum,8719
CASMI2022,massformer,completed,77,77,194,CASMI_MOL_1196868,CASMI_MOL_412434,412434,COC(=O)C1CC(O)C(O)C2C(C)(CCC3CCOC3)C(C(=O)O)CCC12C,0.49529109042568775,binned_cosine_1Da,21,False,predicted_spectrum,8719
CASMI2022,massformer,completed,77,77,194,CASMI_MOL_1196868,CASMI_MOL_414378,414378,CCNc1ccc(C(=O)NN=C(C)C=CC2C(C)=CCCC2(C)C)cc1[N+](=O)[O-],0.49409594403210944,binned_cosine_1Da,22,False,predicted_spectrum,8719
CASMI2022,massformer,completed,77,77,194,CASMI_MOL_1196868,CASMI_MOL_414494,414494,CCNc1ccc(C(=O)NN=C(C)C=CC2C(C)=CCCC2(C)C)cc1[N+](=O)[O-],0.49409594403210944,binned_cosine_1Da,23,False,predicted_spectrum,8719
CASMI2022,massformer,completed,77,77,194,CASMI_MOL_1196868,CASMI_MOL_414495,414495,CCNc1ccc(C(=O)NN=C(C)C=CC2C(C)=CCCC2(C)C)cc1[N+](=O)[O-],0.49409594403210944,binned_cosine_1Da,24,False,predicted_spectrum,8719
CASMI2022,massformer,completed,77,77,194,CASMI_MOL_1196868,CASMI_MOL_414614,414614,CCNc1ccc(C(=O)NN=C(C)C=CC2C(C)=CCCC2(C)C)cc1[N+](=O)[O-],0.49409594403210944,binned_cosine_1Da,25,False,predicted_spectrum,8719
CASMI2022,massformer,completed,77,77,194,CASMI_MOL_1196868,CASMI_MOL_408614,408614,CCCOC1CCC(CCCC(=O)c2ccc(OCC)c(C(F)F)c2O)CC1,0.4937669611051149,binned_cosine_1Da,26,False,predicted_spectrum,8719
CASMI2022,massformer,completed,77,77,194,CASMI_MOL_1196868,CASMI_MOL_412406,412406,CC1CCC(C(=O)OC23CC4CC(CC(COC(=O)C(C)(F)F)(C4)C2)C3)CC1,0.4930403075261115,binned_cosine_1Da,27,False,predicted_spectrum,8719
CASMI2022,massformer,completed,77,77,194,CASMI_MOL_1196868,CASMI_MOL_414338,414338,CC(C)C(=O)OCCC1C(O)C=C(COC(=O)C(C)C)C1COC(=O)C(C)C,0.4924843061816699,binned_cosine_1Da,28,False,predicted_spectrum,8719
CASMI2022,massformer,completed,77,77,194,CASMI_MOL_1196868,CASMI_MOL_413437,413437,CC(=O)C1OC(=O)CC(O)C(C)(C)C(=O)C(C)C(O)C(C)CCCC2(C)OC12,0.4924255104583793,binned_cosine_1Da,29,False,predicted_spectrum,8719
CASMI2022,massformer,completed,77,77,194,CASMI_MOL_1196868,CASMI_MOL_407028,407028,C=CC(=O)OCC1CCC(OC(=O)CCCCCOC(=O)C(C)CC)C(O)C1,0.4919430941657094,binned_cosine_1Da,30,False,predicted_spectrum,8719
CASMI2022,massformer,completed,77,77,194,CASMI_MOL_1196868,CASMI_MOL_409382,409382,COc1ccc(N=C(N)NCc2ccnc(OC3CCC(C)CC3)c2)cc1OC,0.49116597632152265,binned_cosine_1Da,31,False,predicted_spectrum,8719
CASMI2022,massformer,completed,77,77,194,CASMI_MOL_1196868,CASMI_MOL_408686,408686,CCOC(=O)CC1(C(=O)OCC)CCC(CCC(=O)OC(C)(C)C)CCC1=O,0.491142061636114,binned_cosine_1Da,32,False,predicted_spectrum,8719
CASMI2022,massformer,completed,77,77,194,CASMI_MOL_1196868,CASMI_MOL_412147,412147,C=C(C)C(=O)OC1C(CO)C2OC(CC)(CC)OC2C2OC(CC)(CC)OC12,0.49056966051726847,binned_cosine_1Da,33,False,predicted_spectrum,8719
CASMI2022,massformer,completed,77,77,194,CASMI_MOL_1196868,CASMI_MOL_412320,412320,CC(=O)OCCC(CCC1(CC=O)CCCCC1)(COC(C)=O)COC(C)=O,0.49022803106390445,binned_cosine_1Da,34,False,predicted_spectrum,8719
CASMI2022,massformer,completed,77,77,194,CASMI_MOL_1196868,CASMI_MOL_414286,414286,CC(=O)OC1C(C(C)C)CC2C(C)(O)C(OC(C)=O)CCC2(C)C1OC(C)=O,0.48895517070400235,binned_cosine_1Da,35,False,predicted_spectrum,8719
CASMI2022,massformer,completed,77,77,194,CASMI_MOL_1196868,CASMI_MOL_414057,414057,O=C(O)CCC1CCCCCCCCCC(CCC(=O)O)(CCC(=O)O)C1=O,0.48868953466153103,binned_cosine_1Da,36,False,predicted_spectrum,8719
CASMI2022,massformer,completed,77,77,194,CASMI_MOL_1196868,CASMI_MOL_414228,414228,[H]C1([H])C(C)C2C3C(C1O)C2(C)C(OC(C)=O)C(OC(C)=O)C(OC(C)=O)C3(C)C,0.4883646021455357,binned_cosine_1Da,37,False,predicted_spectrum,8719
CASMI2022,massformer,completed,77,77,194,CASMI_MOL_1196868,CASMI_MOL_414324,414324,[H]C1([H])C(C)C2C3C(C1O)C2(C)C(OC(C)=O)C(OC(C)=O)C(OC(C)=O)C3(C)C,0.4883646021455357,binned_cosine_1Da,38,False,predicted_spectrum,8719
CASMI2022,massformer,completed,77,77,194,CASMI_MOL_1196868,CASMI_MOL_407564,407564,C=CC1C=CC(C(=O)C(C)CC(=C)C(C)C#CCCC=CC)=CCSCCO1,0.48780063578232186,binned_cosine_1Da,39,False,predicted_spectrum,8719
CASMI2022,massformer,completed,77,77,194,CASMI_MOL_1196868,CASMI_MOL_409042,409042,CCOC(=N)c1ccc(OCCC2CCN(c3ccc(C)nn3)CC2)cc1OC,0.48756663742875966,binned_cosine_1Da,40,False,predicted_spectrum,8719
CASMI2022,massformer,completed,77,77,194,CASMI_MOL_1196868,CASMI_MOL_408758,408758,CCCCC(F)(F)C(=O)C=CC1C(OCC)CC2OC(=O)CCCC=CCC21,0.48730491380755153,binned_cosine_1Da,41,False,predicted_spectrum,8719
CASMI2022,massformer,completed,77,77,194,CASMI_MOL_1196868,CASMI_MOL_412316,412316,CCCCCC(O)c1ccc(C2C(=O)CCC2CCCc2ccc(C)s2)cc1,0.48612921958991223,binned_cosine_1Da,42,False,predicted_spectrum,8719
CASMI2022,massformer,completed,77,77,194,CASMI_MOL_1196868,CASMI_MOL_407988,407988,C=CC(=O)OCCCC(CC)OC(=O)CCC(=O)OCCC1CCC(O)CC1,0.4857058454703217,binned_cosine_1Da,43,False,predicted_spectrum,8719
CASMI2022,massformer,completed,77,77,194,CASMI_MOL_1196868,CASMI_MOL_407989,407989,C=CC(=O)OC(CC)CCCOC(=O)CCC(=O)OCCC1CCC(O)CC1,0.48551771852600356,binned_cosine_1Da,44,False,predicted_spectrum,8719
CASMI2022,massformer,completed,77,77,194,CASMI_MOL_1196868,CASMI_MOL_412052,412052,CC1(C)COC(C(O)C=CC2C(O)CC(=O)C2CCCCCCC(=O)O)OC1,0.4854735774748922,binned_cosine_1Da,45,False,predicted_spectrum,8719
CASMI2022,massformer,completed,77,77,194,CASMI_MOL_1196868,CASMI_MOL_411469,411469,COC(=O)CCCCCCC1C(OC(C)=O)CC(OC2CCCCO2)C1C=O,0.4843672507523793,binned_cosine_1Da,46,False,predicted_spectrum,8719
CASMI2022,massformer,completed,77,77,194,CASMI_MOL_1196868,CASMI_MOL_411510,411510,COC(=O)CCCCCCC1C(OC(C)=O)CC(OC2CCCCO2)C1C=O,0.4843672507523793,binned_cosine_1Da,47,False,predicted_spectrum,8719
CASMI2022,massformer,completed,77,77,194,CASMI_MOL_1196868,CASMI_MOL_412329,412329,COC(=O)CCCCCCC1C(OC(C)=O)CC(OC2CCCCO2)C1C=O,0.4843672507523793,binned_cosine_1Da,48,False,predicted_spectrum,8719
CASMI2022,massformer,completed,77,77,194,CASMI_MOL_1196868,CASMI_MOL_412339,412339,COC(=O)CCCCCCC1C(OC(C)=O)CC(OC2CCCCO2)C1C=O,0.4843672507523793,binned_cosine_1Da,49,False,predicted_spectrum,8719
CASMI2022,massformer,completed,77,77,194,CASMI_MOL_1196868,CASMI_MOL_412340,412340,COC(=O)CCCCCCC1C(OC(C)=O)CC(OC2CCCCO2)C1C=O,0.4843672507523793,binned_cosine_1Da,50,False,predicted_spectrum,8719
CASMI2022,massformer,completed,77,77,194,CASMI_MOL_1196868,CASMI_MOL_412377,412377,COC(=O)CCCCCCC1C(OC(C)=O)CC(OC2CCCCO2)C1C=O,0.4843672507523793,binned_cosine_1Da,51,False,predicted_spectrum,8719
CASMI2022,massformer,completed,77,77,194,CASMI_MOL_1196868,CASMI_MOL_413987,413987,COC(=O)CCCCCCC1C(OC(C)=O)CC(OC2CCCCO2)C1C=O,0.4843672507523793,binned_cosine_1Da,52,False,predicted_spectrum,8719
CASMI2022,massformer,completed,77,77,194,CASMI_MOL_1196868,CASMI_MOL_414259,414259,COC(=O)CCCCCCC1C(OC(C)=O)CC(OC2CCCCO2)C1C=O,0.4843672507523793,binned_cosine_1Da,53,False,predicted_spectrum,8719
CASMI2022,massformer,completed,77,77,194,CASMI_MOL_1196868,CASMI_MOL_414260,414260,COC(=O)CCCCCCC1C(OC(C)=O)CC(OC2CCCCO2)C1C=O,0.4843672507523793,binned_cosine_1Da,54,False,predicted_spectrum,8719
CASMI2022,massformer,completed,77,77,194,CASMI_MOL_1196868,CASMI_MOL_414288,414288,COC(=O)CCCCCCC1C(OC(C)=O)CC(OC2CCCCO2)C1C=O,0.4843672507523793,binned_cosine_1Da,55,False,predicted_spectrum,8719
CASMI2022,massformer,completed,77,77,194,CASMI_MOL_1196868,CASMI_MOL_414325,414325,COC(=O)CCCCCCC1C(OC(C)=O)CC(OC2CCCCO2)C1C=O,0.4843672507523793,binned_cosine_1Da,56,False,predicted_spectrum,8719
CASMI2022,massformer,completed,77,77,194,CASMI_MOL_1196868,CASMI_MOL_412396,412396,CC(F)(F)C(=O)OCC12CC3CC(CC(COC(=O)C4CCCCC4)(C3)C1)C2,0.4833193862929157,binned_cosine_1Da,57,False,predicted_spectrum,8719
CASMI2022,massformer,completed,77,77,194,CASMI_MOL_1196868,CASMI_MOL_410745,410745,COC(=O)C1(C)CCCC2(C)C1C(O)C(O)C13CC(O)(CO)C(O)(CCC21)C3,0.4830753126216221,binned_cosine_1Da,58,False,predicted_spectrum,8719
CASMI2022,massformer,completed,77,77,194,CASMI_MOL_1196868,CASMI_MOL_414335,414335,COC(=O)C1(C)CCCC2(C)C1C(O)C(O)C13CC(O)(CO)C(O)(CCC21)C3,0.4830753126216221,binned_cosine_1Da,59,False,predicted_spectrum,8719
CASMI2022,massformer,completed,77,77,194,CASMI_MOL_1196868,CASMI_MOL_410748,410748,CC(=O)CC1CC(C(=O)OC(C)(C)C)(C(=O)OC(C)(C)C)CCC(C)OC1=O,0.4830122767449859,binned_cosine_1Da,60,False,predicted_spectrum,8719
CASMI2022,massformer,completed,77,77,194,CASMI_MOL_1196868,CASMI_MOL_411913,411913,O=C(O)CC1(C=CCCCCCCOC2CCCCO2)CC(C(=O)O)CC1O,0.4822989235430385,binned_cosine_1Da,61,False,predicted_spectrum,8719
CASMI2022,massformer,completed,77,77,194,CASMI_MOL_1196868,CASMI_MOL_410755,410755,COC(=O)C1(C)C(O)CC(O)C2(C)C3CCC(CO)(C4CO4)OC3(C)CCC12,0.4820406827562858,binned_cosine_1Da,62,False,predicted_spectrum,8719
CASMI2022,massformer,completed,77,77,194,CASMI_MOL_1196868,CASMI_MOL_406485,406485,CCC1CC(NC(=O)C2CC2CN2C(=O)CC(C)(C)N=C2N)c2ccccc2O1,0.4820311468417127,binned_cosine_1Da,63,False,predicted_spectrum,8719
CASMI2022,massformer,completed,77,77,194,CASMI_MOL_1196868,CASMI_MOL_406689,406689,CCC1CC(NC(=O)C2CC2CN2C(=O)CC(C)(C)N=C2N)c2ccccc2O1,0.4820311468417127,binned_cosine_1Da,64,False,predicted_spectrum,8719
CASMI2022,massformer,completed,77,77,194,CASMI_MOL_1196868,CASMI_MOL_406719,406719,CCC1CC(NC(=O)C2CC2CN2C(=O)CC(C)(C)N=C2N)c2ccccc2O1,0.4820311468417127,binned_cosine_1Da,65,False,predicted_spectrum,8719
CASMI2022,massformer,completed,77,77,194,CASMI_MOL_1196868,CASMI_MOL_406980,406980,CCC1CC(NC(=O)C2CC2CN2C(=O)CC(C)(C)N=C2N)c2ccccc2O1,0.4820311468417127,binned_cosine_1Da,66,False,predicted_spectrum,8719
CASMI2022,massformer,completed,77,77,194,CASMI_MOL_1196868,CASMI_MOL_408389,408389,CC1CCC2(O)C3(C)CC4(O)CC2(C1O)C1(O)C3(O)C(O)C(O)(C(C)C)C41C,0.48201385713292644,binned_cosine_1Da,67,False,predicted_spectrum,8719
CASMI2022,massformer,completed,77,77,194,CASMI_MOL_1196868,CASMI_MOL_408391,408391,CC1CCC2(O)C3(C)CC4(O)CC2(C1O)C1(O)C3(O)C(O)C(O)(C(C)C)C41C,0.48201385713292644,binned_cosine_1Da,68,False,predicted_spectrum,8719
CASMI2022,massformer,completed,77,77,194,CASMI_MOL_1196868,CASMI_MOL_412407,412407,CCC(C)(C)C(=O)OC1CC2CC1C1C3CC(CC3C(=O)OCC(C)(F)F)C21,0.48102705145662483,binned_cosine_1Da,69,False,predicted_spectrum,8719
CASMI2022,massformer,completed,77,77,194,CASMI_MOL_1196868,CASMI_MOL_411888,411888,CC(=CC(=O)Oc1c(C(O)CO)oc(O)c1O)CCCC(C)CCCC(C)C,0.4808638598674819,binned_cosine_1Da,70,False,predicted_spectrum,8719
CASMI2022,massformer,completed,77,77,194,CASMI_MOL_1196868,CASMI_MOL_414011,414011,C=C(C(=O)O)C(CC(=O)OCCOCCCCCC)(C(=O)O)C1CCCCC1,0.4803978197150307,binned_cosine_1Da,71,False,predicted_spectrum,8719
CASMI2022,massformer,completed,77,77,194,CASMI_MOL_1196868,CASMI_MOL_411466,411466,C=C(C)C(=O)OCCCCCCC(=O)OC(C)(C)CC(O)COC(=O)C(=C)C,0.4801756862640276,binned_cosine_1Da,72,False,predicted_spectrum,8719
CASMI2022,massformer,completed,77,77,194,CASMI_MOL_1196868,CASMI_MOL_413988,413988,CCOC1=CC2=CC(C(=S)C=O)C3C(CCC4(C)C3CCC43CCC3)C2CC1,0.47986895738303104,binned_cosine_1Da,73,False,predicted_spectrum,8719
CASMI2022,massformer,completed,77,77,194,CASMI_MOL_1196868,CASMI_MOL_411960,411960,O=C(O)COC1CCC(CCC(=O)CCC2CCC(OCC(=O)O)CC2)CC1,0.47970154953549343,binned_cosine_1Da,74,False,predicted_spectrum,8719
CASMI2022,massformer,completed,77,77,194,CASMI_MOL_1196868,CASMI_MOL_411489,411489,COC(=O)CCCCCCC1(C=O)CC(OC2CCCCO2)CC1OC(C)=O,0.47950080700799635,binned_cosine_1Da,75,False,predicted_spectrum,8719
CASMI2022,massformer,completed,77,77,194,CASMI_MOL_1196868,CASMI_MOL_408492,408492,C=CCCC(CCCc1cccs1)C(=O)c1ccc(C(O)CCCCC)cc1,0.47949437248682336,binned_cosine_1Da,76,False,predicted_spectrum,8719
CASMI2022,massformer,completed,77,77,194,CASMI_MOL_1196868,CASMI_MOL_410749,410749,CC(=O)CC1CC(C(=O)OC(C)(C)C)(C(=O)OC(C)(C)C)CCCCOC1=O,0.47923333364265275,binned_cosine_1Da,77,False,predicted_spectrum,8719
CASMI2022,massformer,completed,77,77,194,CASMI_MOL_1196868,CASMI_MOL_410786,410786,CC(=O)C1CC2OC2CCCC(C)C(O)C(C)C(=O)C(C)(C)C(O)CC(=O)O1,0.4785821410336816,binned_cosine_1Da,78,False,predicted_spectrum,8719
CASMI2022,massformer,completed,77,77,194,CASMI_MOL_1196868,CASMI_MOL_411495,411495,CCCCCCOCCOC(=O)C=C(C1CCCCC1)C(CC(=O)O)C(=O)O,0.4784138147349102,binned_cosine_1Da,79,False,predicted_spectrum,8719
CASMI2022,massformer,completed,77,77,194,CASMI_MOL_1196868,CASMI_MOL_411968,411968,CCCCCCOCCOC(=O)C=C(C1CCCCC1)C(CC(=O)O)C(=O)O,0.4784138147349102,binned_cosine_1Da,80,False,predicted_spectrum,8719
CASMI2022,massformer,completed,77,77,194,CASMI_MOL_1196868,CASMI_MOL_412327,412327,CCC(=O)OC1=C(CC(=O)OC)CC(CC(C)CC)OC1(OC)C(C)(C)C=O,0.47838116725425744,binned_cosine_1Da,81,False,predicted_spectrum,8719
CASMI2022,massformer,completed,77,77,194,CASMI_MOL_1196868,CASMI_MOL_412362,412362,CCC(=O)OC1=C(CC(=O)OC)CC(CC(C)CC)OC1(OC)C(C)(C)C=O,0.47838116725425744,binned_cosine_1Da,82,False,predicted_spectrum,8719
CASMI2022,massformer,completed,77,77,194,CASMI_MOL_1196868,CASMI_MOL_408747,408747,O=C(CCCCCOC(=O)OCC1CCCC(O)C1)OCC1CCC2OC2C1,0.4783314218937704,binned_cosine_1Da,83,False,predicted_spectrum,8719
CASMI2022,massformer,completed,77,77,194,CASMI_MOL_1196868,CASMI_MOL_411916,411916,COC(=O)CCCC=CCC1C(O)CC(OC2CCCCO2)C1COC(C)=O,0.47827217323430954,binned_cosine_1Da,84,False,predicted_spectrum,8719
CASMI2022,massformer,completed,77,77,194,CASMI_MOL_1196868,CASMI_MOL_412500,412500,COC(=O)CCCC=CCC1C(O)CC(OC2CCCCO2)C1COC(C)=O,0.47827217323430954,binned_cosine_1Da,85,False,predicted_spectrum,8719
CASMI2022,massformer,completed,77,77,194,CASMI_MOL_1196868,CASMI_MOL_411518,411518,CCCCCC(O)OCC1COCCOCCOCCOc2ccccc2O1,0.477494550058081,binned_cosine_1Da,86,False,predicted_spectrum,8719
CASMI2022,massformer,completed,77,77,194,CASMI_MOL_1196868,CASMI_MOL_414231,414231,CC(C)C1C(Sc2ccccc2)C(=O)C2(C)CCC(C)C3(CCC(=O)CC3)C12,0.4774633054795184,binned_cosine_1Da,87,False,predicted_spectrum,8719
CASMI2022,massformer,completed,77,77,194,CASMI_MOL_1196868,CASMI_MOL_412492,412492,CC12CCCC1C1CCC3CC(=O)C(Oc4ccc(S)cc4)CC3(C)C1CC2,0.47742820479856396,binned_cosine_1Da,88,False,predicted_spectrum,8719
CASMI2022,massformer,completed,77,77,194,CASMI_MOL_1196868,CASMI_MOL_412076,412076,Cc1c(C)c2c(c(C)c1O)CCC(C)(CCOc1ccc(N(N)C(=N)N)cc1)O2,0.476588308065732,binned_cosine_1Da,89,False,predicted_spectrum,8719
CASMI2022,massformer,completed,77,77,194,CASMI_MOL_1196868,CASMI_MOL_414282,414282,CCON=Cc1ccc(OCCC2CCN(c3ccc(C)nn3)CC2)cc1OC,0.47595830976333975,binned_cosine_1Da,90,False,predicted_spectrum,8719
CASMI2022,massformer,completed,77,77,194,CASMI_MOL_1196868,CASMI_MOL_414574,414574,CCON=Cc1ccc(OCCC2CCN(c3ccc(C)nn3)CC2)cc1OC,0.47595830976333975,binned_cosine_1Da,91,False,predicted_spectrum,8719
CASMI2022,massformer,completed,77,77,194,CASMI_MOL_1196868,CASMI_MOL_412495,412495,COC(=O)CCCCCCC1CC(OC2CCCCO2)CC1C(=O)OC(C)=O,0.47578802850227747,binned_cosine_1Da,92,False,predicted_spectrum,8719
CASMI2022,massformer,completed,77,77,194,CASMI_MOL_1196868,CASMI_MOL_412850,412850,O=C(O)CC1C(O)CC(C(=O)O)C1C=CCCCCCCOC1CCCCO1,0.47577575116231696,binned_cosine_1Da,93,False,predicted_spectrum,8719
CASMI2022,massformer,completed,77,77,194,CASMI_MOL_1196868,CASMI_MOL_411329,411329,O=CCCCCCCCCOC12CCC13OCCC31OCCC1(O)C(CO)O2,0.4757024334168937,binned_cosine_1Da,94,False,predicted_spectrum,8719
CASMI2022,massformer,completed,77,77,194,CASMI_MOL_1196868,CASMI_MOL_412471,412471,COC(=O)CCCC1CC2C(CC(OC3CCCCO3)C2C(OC)OC)C1=O,0.47513997275748604,binned_cosine_1Da,95,False,predicted_spectrum,8719
CASMI2022,massformer,completed,77,77,194,CASMI_MOL_1196868,CASMI_MOL_408310,408310,CC(=CC(=O)Oc1c(O)oc(C(O)CO)c1O)CCCC(C)CCCC(C)C,0.4750892674499107,binned_cosine_1Da,96,False,predicted_spectrum,8719
CASMI2022,massformer,completed,77,77,194,CASMI_MOL_1196868,CASMI_MOL_406780,406780,C=CC=C(N=C(CC)CC(=N)C(=O)N1CCC(N)C1)c1ccc(OC)c(OC)c1,0.47501698596581843,binned_cosine_1Da,97,False,predicted_spectrum,8719
CASMI2022,massformer,completed,77,77,194,CASMI_MOL_1196868,CASMI_MOL_406238,406238,CC1(C)C(N)C(C)(C)C1NCc1ccc2c(O)n(C3CCC(=O)NC3=O)cc2c1,0.47481180629524405,binned_cosine_1Da,98,False,predicted_spectrum,8719
CASMI2022,massformer,completed,77,77,194,CASMI_MOL_1196868,CASMI_MOL_406871,406871,CC(=O)OC1CCC2C3CCC4(C)C(CCC45OCCO5)C3CC(F)(F)C2C1,0.47403512150021787,binned_cosine_1Da,99,False,predicted_spectrum,8719
CASMI2022,massformer,completed,77,77,194,CASMI_MOL_1196868,CASMI_MOL_408274,408274,CC(=O)OC1CCC2C3CCC4(C)C(CCC45OCCO5)C3CC(F)(F)C2C1,0.47403512150021787,binned_cosine_1Da,100,False,predicted_spectrum,8719
CASMI2022,massformer,completed,77,77,194,CASMI_MOL_1196868,CASMI_MOL_1196868,1196868,CC1=C2CC(C(C)(C)OC3OC(CO)C(O)C(O)C3O)CCC2(C)CCC1=O,0.3660247144174399,binned_cosine_1Da,729,True,predicted_spectrum,8719
CASMI2022,massformer,completed,78,78,201,CASMI_MOL_1196869,CASMI_MOL_415274,415274,CN=C(C)NOC,0.869728699814121,binned_cosine_1Da,1,False,predicted_spectrum,787
CASMI2022,massformer,completed,78,78,201,CASMI_MOL_1196869,CASMI_MOL_415359,415359,CN=C(C)NOC,0.869728699814121,binned_cosine_1Da,2,False,predicted_spectrum,787
CASMI2022,massformer,completed,78,78,201,CASMI_MOL_1196869,CASMI_MOL_414739,414739,CONNC1CC1,0.8695017290568869,binned_cosine_1Da,3,False,predicted_spectrum,787
CASMI2022,massformer,completed,78,78,201,CASMI_MOL_1196869,CASMI_MOL_415025,415025,CCNNC1CO1,0.8687164678286445,binned_cosine_1Da,4,False,predicted_spectrum,787
CASMI2022,massformer,completed,78,78,201,CASMI_MOL_1196869,CASMI_MOL_414772,414772,CC1NCN(C)O1,0.8668583777553103,binned_cosine_1Da,5,False,predicted_spectrum,787
CASMI2022,massformer,completed,78,78,201,CASMI_MOL_1196869,CASMI_MOL_415327,415327,OC1NCCCN1,0.8667215037422411,binned_cosine_1Da,6,False,predicted_spectrum,787
CASMI2022,massformer,completed,78,78,201,CASMI_MOL_1196869,CASMI_MOL_414821,414821,CNNC1OC1C,0.8663473144408191,binned_cosine_1Da,7,False,predicted_spectrum,787
CASMI2022,massformer,completed,78,78,201,CASMI_MOL_1196869,CASMI_MOL_414981,414981,CCN1CCON1,0.8663207627893913,binned_cosine_1Da,8,False,predicted_spectrum,787
CASMI2022,massformer,completed,78,78,201,CASMI_MOL_1196869,CASMI_MOL_415070,415070,CON1CCCN1,0.866224646258027,binned_cosine_1Da,9,False,predicted_spectrum,787
CASMI2022,massformer,completed,78,78,201,CASMI_MOL_1196869,CASMI_MOL_414770,414770,CC1NOCN1C,0.865892393717596,binned_cosine_1Da,10,False,predicted_spectrum,787
CASMI2022,massformer,completed,78,78,201,CASMI_MOL_1196869,CASMI_MOL_415017,415017,CONN1CCC1,0.8658044408323784,binned_cosine_1Da,11,False,predicted_spectrum,787
CASMI2022,massformer,completed,78,78,201,CASMI_MOL_1196869,CASMI_MOL_414894,414894,CNC1NCCO1,0.8657244361197184,binned_cosine_1Da,12,False,predicted_spectrum,787
CASMI2022,massformer,completed,78,78,201,CASMI_MOL_1196869,CASMI_MOL_414983,414983,CC1CONN1C,0.8650109131420847,binned_cosine_1Da,13,False,predicted_spectrum,787
CASMI2022,massformer,completed,78,78,201,CASMI_MOL_1196869,CASMI_MOL_414755,414755,CC1NNCCO1,0.8647102189431779,binned_cosine_1Da,14,False,predicted_spectrum,787
CASMI2022,massformer,completed,78,78,201,CASMI_MOL_1196869,CASMI_MOL_415228,415228,CC1NNCCO1,0.8647102189431779,binned_cosine_1Da,15,False,predicted_spectrum,787
CASMI2022,massformer,completed,78,78,201,CASMI_MOL_1196869,CASMI_MOL_415179,415179,C[N+]1([O-])CCCN1,0.8646258162264547,binned_cosine_1Da,16,False,predicted_spectrum,787
CASMI2022,massformer,completed,78,78,201,CASMI_MOL_1196869,CASMI_MOL_415010,415010,COC1NCCN1,0.8642644271711585,binned_cosine_1Da,17,False,predicted_spectrum,787
CASMI2022,massformer,completed,78,78,201,CASMI_MOL_1196869,CASMI_MOL_415164,415164,[O-][NH+]1CCCCN1,0.8635699472274703,binned_cosine_1Da,18,False,predicted_spectrum,787
CASMI2022,massformer,completed,78,78,201,CASMI_MOL_1196869,CASMI_MOL_415214,415214,CC1NCNCO1,0.863205980240536,binned_cosine_1Da,19,False,predicted_spectrum,787
CASMI2022,massformer,completed,78,78,201,CASMI_MOL_1196869,CASMI_MOL_415229,415229,CC1NCNCO1,0.863205980240536,binned_cosine_1Da,20,False,predicted_spectrum,787
CASMI2022,massformer,completed,78,78,201,CASMI_MOL_1196869,CASMI_MOL_415350,415350,CN=C(NC)OC,0.8629822683849284,binned_cosine_1Da,21,False,predicted_spectrum,787
CASMI2022,massformer,completed,78,78,201,CASMI_MOL_1196869,CASMI_MOL_414998,414998,C=CN(C)N(C)O,0.8628394992057793,binned_cosine_1Da,22,False,predicted_spectrum,787
CASMI2022,massformer,completed,78,78,201,CASMI_MOL_1196869,CASMI_MOL_415230,415230,ON1CCCCN1,0.8626006814045176,binned_cosine_1Da,23,False,predicted_spectrum,787
CASMI2022,massformer,completed,78,78,201,CASMI_MOL_1196869,CASMI_MOL_415386,415386,NC1CCCN1O,0.8624629711086924,binned_cosine_1Da,24,False,predicted_spectrum,787
CASMI2022,massformer,completed,78,78,201,CASMI_MOL_1196869,CASMI_MOL_414900,414900,NC(O)N1CCC1,0.8621879902335466,binned_cosine_1Da,25,False,predicted_spectrum,787
CASMI2022,massformer,completed,78,78,201,CASMI_MOL_1196869,CASMI_MOL_415246,415246,CN1CON(C)C1,0.8615128768919019,binned_cosine_1Da,26,False,predicted_spectrum,787
CASMI2022,massformer,completed,78,78,201,CASMI_MOL_1196869,CASMI_MOL_414892,414892,CCNC(=O)NC,0.8605240325405824,binned_cosine_1Da,27,False,predicted_spectrum,787
CASMI2022,massformer,completed,78,78,201,CASMI_MOL_1196869,CASMI_MOL_415494,415494,CCNC(=O)NC,0.8605240325405824,binned_cosine_1Da,28,False,predicted_spectrum,787
CASMI2022,massformer,completed,78,78,201,CASMI_MOL_1196869,CASMI_MOL_414910,414910,CCNN=COC,0.8603750086450269,binned_cosine_1Da,29,False,predicted_spectrum,787
CASMI2022,massformer,completed,78,78,201,CASMI_MOL_1196869,CASMI_MOL_414951,414951,CN1CCN(C)O1,0.860118371852139,binned_cosine_1Da,30,False,predicted_spectrum,787
CASMI2022,massformer,completed,78,78,201,CASMI_MOL_1196869,CASMI_MOL_414777,414777,C[NH+]([O-])NC1CC1,0.8596008415172005,binned_cosine_1Da,31,False,predicted_spectrum,787
CASMI2022,massformer,completed,78,78,201,CASMI_MOL_1196869,CASMI_MOL_415007,415007,CC1CCN1NO,0.8594174126348954,binned_cosine_1Da,32,False,predicted_spectrum,787
CASMI2022,massformer,completed,78,78,201,CASMI_MOL_1196869,CASMI_MOL_415245,415245,CN1COCN1C,0.8593743897696794,binned_cosine_1Da,33,False,predicted_spectrum,787
CASMI2022,massformer,completed,78,78,201,CASMI_MOL_1196869,CASMI_MOL_415242,415242,CC1NNC(C)O1,0.8590561927782393,binned_cosine_1Da,34,False,predicted_spectrum,787
CASMI2022,massformer,completed,78,78,201,CASMI_MOL_1196869,CASMI_MOL_415334,415334,CN1CCOCN1,0.8590385242478087,binned_cosine_1Da,35,False,predicted_spectrum,787
CASMI2022,massformer,completed,78,78,201,CASMI_MOL_1196869,CASMI_MOL_415037,415037,CN(O)N1CCC1,0.8588922265998927,binned_cosine_1Da,36,False,predicted_spectrum,787
CASMI2022,massformer,completed,78,78,201,CASMI_MOL_1196869,CASMI_MOL_415416,415416,CN(C)N(C)C=O,0.8584972380914824,binned_cosine_1Da,37,False,predicted_spectrum,787
CASMI2022,massformer,completed,78,78,201,CASMI_MOL_1196869,CASMI_MOL_414823,414823,CC(C)N=[N+](C)[O-],0.8581609817700229,binned_cosine_1Da,38,False,predicted_spectrum,787
CASMI2022,massformer,completed,78,78,201,CASMI_MOL_1196869,CASMI_MOL_415298,415298,ONN1CCCC1,0.8575634144305958,binned_cosine_1Da,39,False,predicted_spectrum,787
CASMI2022,massformer,completed,78,78,201,CASMI_MOL_1196869,CASMI_MOL_414879,414879,C=CN(C)NOC,0.8571436902808349,binned_cosine_1Da,40,False,predicted_spectrum,787
CASMI2022,massformer,completed,78,78,201,CASMI_MOL_1196869,CASMI_MOL_414969,414969,CC1NN(C)CO1,0.8568302076724313,binned_cosine_1Da,41,False,predicted_spectrum,787
CASMI2022,massformer,completed,78,78,201,CASMI_MOL_1196869,CASMI_MOL_415039,415039,CNN1CCOC1,0.8567577226446448,binned_cosine_1Da,42,False,predicted_spectrum,787
CASMI2022,massformer,completed,78,78,201,CASMI_MOL_1196869,CASMI_MOL_415227,415227,CC1CNNCO1,0.8542355729268422,binned_cosine_1Da,43,False,predicted_spectrum,787
CASMI2022,massformer,completed,78,78,201,CASMI_MOL_1196869,CASMI_MOL_415458,415458,CC1CNNCO1,0.8542355729268422,binned_cosine_1Da,44,False,predicted_spectrum,787
CASMI2022,massformer,completed,78,78,201,CASMI_MOL_1196869,CASMI_MOL_415376,415376,CC1NONC1C,0.8538842479898126,binned_cosine_1Da,45,False,predicted_spectrum,787
CASMI2022,massformer,completed,78,78,201,CASMI_MOL_1196869,CASMI_MOL_415145,415145,COC=NN(C)C,0.8537388580268489,binned_cosine_1Da,46,False,predicted_spectrum,787
CASMI2022,massformer,completed,78,78,201,CASMI_MOL_1196869,CASMI_MOL_415318,415318,COC=NN(C)C,0.8537388580268489,binned_cosine_1Da,47,False,predicted_spectrum,787
CASMI2022,massformer,completed,78,78,201,CASMI_MOL_1196869,CASMI_MOL_414776,414776,CC1CCN[NH+]1[O-],0.8536095462746617,binned_cosine_1Da,48,False,predicted_spectrum,787
CASMI2022,massformer,completed,78,78,201,CASMI_MOL_1196869,CASMI_MOL_415161,415161,CC1CC[NH+]([O-])N1,0.8534783125122382,binned_cosine_1Da,49,False,predicted_spectrum,787
CASMI2022,massformer,completed,78,78,201,CASMI_MOL_1196869,CASMI_MOL_415269,415269,CC1NOC(C)N1,0.8530302834164117,binned_cosine_1Da,50,False,predicted_spectrum,787
CASMI2022,massformer,completed,78,78,201,CASMI_MOL_1196869,CASMI_MOL_414809,414809,CC1CN1[NH+](C)[O-],0.8522261841961744,binned_cosine_1Da,51,False,predicted_spectrum,787
CASMI2022,massformer,completed,78,78,201,CASMI_MOL_1196869,CASMI_MOL_414797,414797,CO[NH+]([NH-])C1CC1,0.852090630836973,binned_cosine_1Da,52,False,predicted_spectrum,787
CASMI2022,massformer,completed,78,78,201,CASMI_MOL_1196869,CASMI_MOL_414817,414817,CNC1(NC)CO1,0.8508765662292677,binned_cosine_1Da,53,False,predicted_spectrum,787
CASMI2022,massformer,completed,78,78,201,CASMI_MOL_1196869,CASMI_MOL_414815,414815,C=CC[NH+]([O-])NC,0.8503356599801148,binned_cosine_1Da,54,False,predicted_spectrum,787
CASMI2022,massformer,completed,78,78,201,CASMI_MOL_1196869,CASMI_MOL_415042,415042,NN1CCCC1O,0.8501335575120819,binned_cosine_1Da,55,False,predicted_spectrum,787
CASMI2022,massformer,completed,78,78,201,CASMI_MOL_1196869,CASMI_MOL_415043,415043,NN1CCCC1O,0.8501335575120819,binned_cosine_1Da,56,False,predicted_spectrum,787
CASMI2022,massformer,completed,78,78,201,CASMI_MOL_1196869,CASMI_MOL_415305,415305,NN1CCCC1O,0.8501335575120819,binned_cosine_1Da,57,False,predicted_spectrum,787
CASMI2022,massformer,completed,78,78,201,CASMI_MOL_1196869,CASMI_MOL_414970,414970,CC(C)N(O)C=N,0.8498595083197107,binned_cosine_1Da,58,False,predicted_spectrum,787
CASMI2022,massformer,completed,78,78,201,CASMI_MOL_1196869,CASMI_MOL_415258,415258,CC[N+]([O-])=CCN,0.8495182386691044,binned_cosine_1Da,59,False,predicted_spectrum,787
CASMI2022,massformer,completed,78,78,201,CASMI_MOL_1196869,CASMI_MOL_415045,415045,CNNC1COC1,0.8492870082133209,binned_cosine_1Da,60,False,predicted_spectrum,787
CASMI2022,massformer,completed,78,78,201,CASMI_MOL_1196869,CASMI_MOL_415031,415031,NN1CCCCO1,0.8491845961746102,binned_cosine_1Da,61,False,predicted_spectrum,787
CASMI2022,massformer,completed,78,78,201,CASMI_MOL_1196869,CASMI_MOL_414789,414789,CC=[N+](C)[N-]OC,0.8489946877634132,binned_cosine_1Da,62,False,predicted_spectrum,787
CASMI2022,massformer,completed,78,78,201,CASMI_MOL_1196869,CASMI_MOL_415204,415204,CC([O-])=N[NH+](C)C,0.8481791441236809,binned_cosine_1Da,63,False,predicted_spectrum,787
CASMI2022,massformer,completed,78,78,201,CASMI_MOL_1196869,CASMI_MOL_415240,415240,CC([O-])=N[NH+](C)C,0.8481791441236809,binned_cosine_1Da,64,False,predicted_spectrum,787
CASMI2022,massformer,completed,78,78,201,CASMI_MOL_1196869,CASMI_MOL_415373,415373,CC([O-])=N[NH+](C)C,0.8481791441236809,binned_cosine_1Da,65,False,predicted_spectrum,787
CASMI2022,massformer,completed,78,78,201,CASMI_MOL_1196869,CASMI_MOL_414806,414806,CN1CC1[NH+](C)[O-],0.8481465210390993,binned_cosine_1Da,66,False,predicted_spectrum,787
CASMI2022,massformer,completed,78,78,201,CASMI_MOL_1196869,CASMI_MOL_414947,414947,CNN=C(C)OC,0.8479263880063969,binned_cosine_1Da,67,False,predicted_spectrum,787
CASMI2022,massformer,completed,78,78,201,CASMI_MOL_1196869,CASMI_MOL_414950,414950,CNN=C(C)OC,0.8479263880063969,binned_cosine_1Da,68,False,predicted_spectrum,787
CASMI2022,massformer,completed,78,78,201,CASMI_MOL_1196869,CASMI_MOL_415019,415019,CNN=C(C)OC,0.8479263880063969,binned_cosine_1Da,69,False,predicted_spectrum,787
CASMI2022,massformer,completed,78,78,201,CASMI_MOL_1196869,CASMI_MOL_414860,414860,CC1CNC(O)N1,0.8476423524313778,binned_cosine_1Da,70,False,predicted_spectrum,787
CASMI2022,massformer,completed,78,78,201,CASMI_MOL_1196869,CASMI_MOL_414968,414968,CC1CNC(O)N1,0.8476423524313778,binned_cosine_1Da,71,False,predicted_spectrum,787
CASMI2022,massformer,completed,78,78,201,CASMI_MOL_1196869,CASMI_MOL_415026,415026,CC1CNC(O)N1,0.8476423524313778,binned_cosine_1Da,72,False,predicted_spectrum,787
CASMI2022,massformer,completed,78,78,201,CASMI_MOL_1196869,CASMI_MOL_415123,415123,CN1CCNC1O,0.8470665020973489,binned_cosine_1Da,73,False,predicted_spectrum,787
CASMI2022,massformer,completed,78,78,201,CASMI_MOL_1196869,CASMI_MOL_414964,414964,CC1CONCN1,0.8464973909487037,binned_cosine_1Da,74,False,predicted_spectrum,787
CASMI2022,massformer,completed,78,78,201,CASMI_MOL_1196869,CASMI_MOL_415496,415496,CC(C)N(C)N=O,0.8460924960510526,binned_cosine_1Da,75,False,predicted_spectrum,787
CASMI2022,massformer,completed,78,78,201,CASMI_MOL_1196869,CASMI_MOL_414862,414862,ONNC1CCC1,0.8459955807123064,binned_cosine_1Da,76,False,predicted_spectrum,787
CASMI2022,massformer,completed,78,78,201,CASMI_MOL_1196869,CASMI_MOL_415280,415280,CN(C)C1(C)NO1,0.8454282145712071,binned_cosine_1Da,77,False,predicted_spectrum,787
CASMI2022,massformer,completed,78,78,201,CASMI_MOL_1196869,CASMI_MOL_415061,415061,CN1CNCOC1,0.8446929583020244,binned_cosine_1Da,78,False,predicted_spectrum,787
CASMI2022,massformer,completed,78,78,201,CASMI_MOL_1196869,CASMI_MOL_414986,414986,CCC1NCON1,0.8440668148217911,binned_cosine_1Da,79,False,predicted_spectrum,787
CASMI2022,massformer,completed,78,78,201,CASMI_MOL_1196869,CASMI_MOL_415233,415233,COC1CNCN1,0.8420688783491445,binned_cosine_1Da,80,False,predicted_spectrum,787
CASMI2022,massformer,completed,78,78,201,CASMI_MOL_1196869,CASMI_MOL_415087,415087,CC=NN(C)CO,0.8398532278691103,binned_cosine_1Da,81,False,predicted_spectrum,787
CASMI2022,massformer,completed,78,78,201,CASMI_MOL_1196869,CASMI_MOL_415406,415406,C1CCONNC1,0.8397173991844276,binned_cosine_1Da,82,False,predicted_spectrum,787
CASMI2022,massformer,completed,78,78,201,CASMI_MOL_1196869,CASMI_MOL_414757,414757,CCON=CNC,0.8386891106024772,binned_cosine_1Da,83,False,predicted_spectrum,787
CASMI2022,massformer,completed,78,78,201,CASMI_MOL_1196869,CASMI_MOL_415062,415062,CN(C)CC=NO,0.8378266729369735,binned_cosine_1Da,84,False,predicted_spectrum,787
CASMI2022,massformer,completed,78,78,201,CASMI_MOL_1196869,CASMI_MOL_415155,415155,CN(C)CC=NO,0.8378266729369735,binned_cosine_1Da,85,False,predicted_spectrum,787
CASMI2022,massformer,completed,78,78,201,CASMI_MOL_1196869,CASMI_MOL_415189,415189,CN(C)CC=NO,0.8378266729369735,binned_cosine_1Da,86,False,predicted_spectrum,787
CASMI2022,massformer,completed,78,78,201,CASMI_MOL_1196869,CASMI_MOL_415034,415034,C=NC(O)N(C)C,0.8370226813150717,binned_cosine_1Da,87,False,predicted_spectrum,787
CASMI2022,massformer,completed,78,78,201,CASMI_MOL_1196869,CASMI_MOL_415217,415217,CN1CCCN1O,0.8369629380416329,binned_cosine_1Da,88,False,predicted_spectrum,787
CASMI2022,massformer,completed,78,78,201,CASMI_MOL_1196869,CASMI_MOL_415173,415173,NC1CCC[NH+]1[O-],0.8369151038963483,binned_cosine_1Da,89,False,predicted_spectrum,787
CASMI2022,massformer,completed,78,78,201,CASMI_MOL_1196869,CASMI_MOL_414816,414816,CC(O)N(C)C=N,0.8361799825576902,binned_cosine_1Da,90,False,predicted_spectrum,787
CASMI2022,massformer,completed,78,78,201,CASMI_MOL_1196869,CASMI_MOL_414976,414976,CON=NC(C)C,0.835133508624763,binned_cosine_1Da,91,False,predicted_spectrum,787
CASMI2022,massformer,completed,78,78,201,CASMI_MOL_1196869,CASMI_MOL_415213,415213,CN1OCCC1N,0.8347759853988298,binned_cosine_1Da,92,False,predicted_spectrum,787
CASMI2022,massformer,completed,78,78,201,CASMI_MOL_1196869,CASMI_MOL_415078,415078,CN1COCCN1,0.834033667921618,binned_cosine_1Da,93,False,predicted_spectrum,787
CASMI2022,massformer,completed,78,78,201,CASMI_MOL_1196869,CASMI_MOL_414778,414778,CCN=CN(C)O,0.83268260460185,binned_cosine_1Da,94,False,predicted_spectrum,787
CASMI2022,massformer,completed,78,78,201,CASMI_MOL_1196869,CASMI_MOL_415276,415276,C[N+]1([O-])CCNC1,0.8320894488402545,binned_cosine_1Da,95,False,predicted_spectrum,787
CASMI2022,massformer,completed,78,78,201,CASMI_MOL_1196869,CASMI_MOL_415215,415215,CC1COCNN1,0.8295446460086988,binned_cosine_1Da,96,False,predicted_spectrum,787
CASMI2022,massformer,completed,78,78,201,CASMI_MOL_1196869,CASMI_MOL_415180,415180,CN=C(C)N(C)O,0.8291946523014834,binned_cosine_1Da,97,False,predicted_spectrum,787
CASMI2022,massformer,completed,78,78,201,CASMI_MOL_1196869,CASMI_MOL_415106,415106,C1COCNCN1,0.826577111095469,binned_cosine_1Da,98,False,predicted_spectrum,787
CASMI2022,massformer,completed,78,78,201,CASMI_MOL_1196869,CASMI_MOL_414920,414920,CN(O)C1CNC1,0.8228689192304343,binned_cosine_1Da,99,False,predicted_spectrum,787
CASMI2022,massformer,completed,78,78,201,CASMI_MOL_1196869,CASMI_MOL_415279,415279,NCC(O)N1CC1,0.8217277628349113,binned_cosine_1Da,100,False,predicted_spectrum,787
CASMI2022,massformer,completed,78,78,201,CASMI_MOL_1196869,CASMI_MOL_1196869,1196869,CCCNC(N)=O,0.49566513679548746,binned_cosine_1Da,339,True,predicted_spectrum,787
CASMI2022,massformer,completed,79,79,208,CASMI_MOL_1196870,CASMI_MOL_419923,419923,CC(C)(C)OC(=O)C=CC1CCC(c2ccc(C(N)=O)cc2)CC1,0.6703349478152328,binned_cosine_1Da,1,False,predicted_spectrum,7821
CASMI2022,massformer,completed,79,79,208,CASMI_MOL_1196870,CASMI_MOL_420614,420614,COc1ccccc1C1=CCCC2CCC1N2C(=O)OC(C)(C)C,0.6384019811218864,binned_cosine_1Da,2,False,predicted_spectrum,7821
CASMI2022,massformer,completed,79,79,208,CASMI_MOL_1196870,CASMI_MOL_419123,419123,C=CCCC(C#N)CC(=C)CC(OCOC)c1cc(O)ccc1C,0.6291109075764421,binned_cosine_1Da,3,False,predicted_spectrum,7821
CASMI2022,massformer,completed,79,79,208,CASMI_MOL_1196870,CASMI_MOL_417017,417017,C=NC=Cc1ccccc1CCC(O)C1CCC(C(=O)OC)CC1,0.6267190397897483,binned_cosine_1Da,4,False,predicted_spectrum,7821
CASMI2022,massformer,completed,79,79,208,CASMI_MOL_1196870,CASMI_MOL_420609,420609,CC(C)(C#CCN)OC(=O)C(O)c1ccccc1C1CCCCC1,0.6219395296676683,binned_cosine_1Da,5,False,predicted_spectrum,7821
CASMI2022,massformer,completed,79,79,208,CASMI_MOL_1196870,CASMI_MOL_420600,420600,C=CC1C(CCOCCCC)C(=O)N2C(c3ccccc3)OCC12,0.6193768629684252,binned_cosine_1Da,6,False,predicted_spectrum,7821
CASMI2022,massformer,completed,79,79,208,CASMI_MOL_1196870,CASMI_MOL_417816,417816,CCC1=C(OCc2ccccc2C(OC)C(=O)NC)CC(C)C=C1,0.6132342984675729,binned_cosine_1Da,7,False,predicted_spectrum,7821
CASMI2022,massformer,completed,79,79,208,CASMI_MOL_1196870,CASMI_MOL_417099,417099,COc1ccccc1C=C1CCCC(C)C1=NOC(=O)C(C)(C)C,0.6129099891628151,binned_cosine_1Da,8,False,predicted_spectrum,7821
CASMI2022,massformer,completed,79,79,208,CASMI_MOL_1196870,CASMI_MOL_420736,420736,C=CCNC1CCCC(C(=O)OCC=C)(c2cccc(OC)c2)C1,0.6051521052234669,binned_cosine_1Da,9,False,predicted_spectrum,7821
CASMI2022,massformer,completed,79,79,208,CASMI_MOL_1196870,CASMI_MOL_417832,417832,CNC(=O)C(OC)c1ccccc1COC1=C(C)C=CC(C)(C)C1,0.5994846786444591,binned_cosine_1Da,10,False,predicted_spectrum,7821
CASMI2022,massformer,completed,79,79,208,CASMI_MOL_1196870,CASMI_MOL_416068,416068,CC(C)(C)OC(=O)NC1c2ccccc2C=CC1C1CCOCC1,0.5987167953455579,binned_cosine_1Da,11,False,predicted_spectrum,7821
CASMI2022,massformer,completed,79,79,208,CASMI_MOL_1196870,CASMI_MOL_416879,416879,CCCCOC(=O)C(C#N)=Cc1cc(C)ccc1OCCC(C)C,0.5983623632886989,binned_cosine_1Da,12,False,predicted_spectrum,7821
CASMI2022,massformer,completed,79,79,208,CASMI_MOL_1196870,CASMI_MOL_421051,421051,CC(C)(C)OC(=O)N1CCC(=O)c2cc(C3CCCCC3)ccc21,0.5944958636277646,binned_cosine_1Da,13,False,predicted_spectrum,7821
CASMI2022,massformer,completed,79,79,208,CASMI_MOL_1196870,CASMI_MOL_420601,420601,C=C1C(COCCCC)C(C)C(c2ccccc2)C2COC(=O)N12,0.5922160944730123,binned_cosine_1Da,14,False,predicted_spectrum,7821
CASMI2022,massformer,completed,79,79,208,CASMI_MOL_1196870,CASMI_MOL_416610,416610,CC(C)(C)OC(=O)Nc1cc(C2CC2)ccc1CC(=O)C1(C)CC1,0.5919302468686868,binned_cosine_1Da,15,False,predicted_spectrum,7821
CASMI2022,massformer,completed,79,79,208,CASMI_MOL_1196870,CASMI_MOL_419841,419841,CCCC=CN=C1CC(C(=O)O)CC(C)(C)C1Oc1ccccc1,0.5893945152556438,binned_cosine_1Da,16,False,predicted_spectrum,7821
CASMI2022,massformer,completed,79,79,208,CASMI_MOL_1196870,CASMI_MOL_417820,417820,CNC(=O)C(OC)c1ccccc1COC1=C(C)C(C)CC(C)=C1,0.5880890624919757,binned_cosine_1Da,17,False,predicted_spectrum,7821
CASMI2022,massformer,completed,79,79,208,CASMI_MOL_1196870,CASMI_MOL_420960,420960,CC(C=CC1=C(C)CCCC1(C)C)=CC=CC(=CC=O)CON=O,0.5876629490574222,binned_cosine_1Da,18,False,predicted_spectrum,7821
CASMI2022,massformer,completed,79,79,208,CASMI_MOL_1196870,CASMI_MOL_416694,416694,CCNCC#CCOC(=O)Cc1cccc(O)c1C1CCCCC1,0.5842480506803304,binned_cosine_1Da,19,False,predicted_spectrum,7821
CASMI2022,massformer,completed,79,79,208,CASMI_MOL_1196870,CASMI_MOL_422770,422770,C=CCC1OC(c2ccccc2)OCC1=NC1CCCC1COC,0.5836551381665928,binned_cosine_1Da,20,False,predicted_spectrum,7821
CASMI2022,massformer,completed,79,79,208,CASMI_MOL_1196870,CASMI_MOL_416632,416632,CCCCC#CC(O)(CC(C)(C)c1cccc2c1OCC2)C(N)=O,0.5829351368538584,binned_cosine_1Da,21,False,predicted_spectrum,7821
CASMI2022,massformer,completed,79,79,208,CASMI_MOL_1196870,CASMI_MOL_422252,422252,COC(=O)C(Cc1ccc(O)cc1)N=C1CC2CCC1(C)C2(C)C,0.5817942436116819,binned_cosine_1Da,22,False,predicted_spectrum,7821
CASMI2022,massformer,completed,79,79,208,CASMI_MOL_1196870,CASMI_MOL_416866,416866,CCCCCOc1ccc(C)cc1C=C(C#N)C(=O)OCCCC,0.5817289561688185,binned_cosine_1Da,23,False,predicted_spectrum,7821
CASMI2022,massformer,completed,79,79,208,CASMI_MOL_1196870,CASMI_MOL_420749,420749,COCCCCCC#Cc1ccc(C2CCC(N)(C(=O)O)C2)cc1,0.5762268989307938,binned_cosine_1Da,24,False,predicted_spectrum,7821
CASMI2022,massformer,completed,79,79,208,CASMI_MOL_1196870,CASMI_MOL_421040,421040,COCCCCCC#Cc1ccc(C2CCC(N)(C(=O)O)C2)cc1,0.5762268989307938,binned_cosine_1Da,25,False,predicted_spectrum,7821
CASMI2022,massformer,completed,79,79,208,CASMI_MOL_1196870,CASMI_MOL_421898,421898,CCC(CC)COC(=O)C1C(C)=NC(=O)CC1c1ccccc1C,0.5752914306970676,binned_cosine_1Da,26,False,predicted_spectrum,7821
CASMI2022,massformer,completed,79,79,208,CASMI_MOL_1196870,CASMI_MOL_421899,421899,CCC(CC)COC(=O)C1C(C)=NC(=O)CC1c1ccccc1C,0.5752914306970676,binned_cosine_1Da,27,False,predicted_spectrum,7821
CASMI2022,massformer,completed,79,79,208,CASMI_MOL_1196870,CASMI_MOL_422503,422503,CCC(CC)COC(=O)C1C(C)=NC(=O)CC1c1ccccc1C,0.5752914306970676,binned_cosine_1Da,28,False,predicted_spectrum,7821
CASMI2022,massformer,completed,79,79,208,CASMI_MOL_1196870,CASMI_MOL_416184,416184,COc1ccc(C23CC(C4CN(C(=O)OC(C)(C)C)C4)(C2)C3)cc1,0.5746970153067609,binned_cosine_1Da,29,False,predicted_spectrum,7821
CASMI2022,massformer,completed,79,79,208,CASMI_MOL_1196870,CASMI_MOL_416893,416893,CCCCOC(=O)C(C#N)=Cc1ccc(OCCC(C)C)c(C)c1,0.5745150562162448,binned_cosine_1Da,30,False,predicted_spectrum,7821
CASMI2022,massformer,completed,79,79,208,CASMI_MOL_1196870,CASMI_MOL_420686,420686,COCCCCC#Cc1ccc(C2CCC(N)(C(=O)OC)C2)cc1,0.5744850420302946,binned_cosine_1Da,31,False,predicted_spectrum,7821
CASMI2022,massformer,completed,79,79,208,CASMI_MOL_1196870,CASMI_MOL_421041,421041,COCCCCC#Cc1ccc(C2CCC(N)(C(=O)OC)C2)cc1,0.5744850420302946,binned_cosine_1Da,32,False,predicted_spectrum,7821
CASMI2022,massformer,completed,79,79,208,CASMI_MOL_1196870,CASMI_MOL_415953,415953,CNC(=O)C(OC)=C1C=CCC=CC1COC1=CC(C)=CCC1C,0.5724115786211127,binned_cosine_1Da,33,False,predicted_spectrum,7821
CASMI2022,massformer,completed,79,79,208,CASMI_MOL_1196870,CASMI_MOL_415700,415700,N=CC=C(CCCC1=CCCC=C(C2OCCO2)C=C1)OC1CC1,0.5721394824962717,binned_cosine_1Da,34,False,predicted_spectrum,7821
CASMI2022,massformer,completed,79,79,208,CASMI_MOL_1196870,CASMI_MOL_419208,419208,CCNCC#CCOC(=O)COc1ccccc1C1CCCCC1,0.5696053627049426,binned_cosine_1Da,35,False,predicted_spectrum,7821
CASMI2022,massformer,completed,79,79,208,CASMI_MOL_1196870,CASMI_MOL_415580,415580,CC=CC(C=Cc1ccc(OCC(OC)OC)cc1)=CC=NCC,0.5694169756657322,binned_cosine_1Da,36,False,predicted_spectrum,7821
CASMI2022,massformer,completed,79,79,208,CASMI_MOL_1196870,CASMI_MOL_419854,419854,CC=CC(C=Cc1ccc(OCC(OC)OC)cc1)=CC=NCC,0.5694169756657322,binned_cosine_1Da,37,False,predicted_spectrum,7821
CASMI2022,massformer,completed,79,79,208,CASMI_MOL_1196870,CASMI_MOL_416845,416845,CCCCCCCCOC(=O)C(C#N)=Cc1ccc(C)c(OC)c1,0.5690892775791819,binned_cosine_1Da,38,False,predicted_spectrum,7821
CASMI2022,massformer,completed,79,79,208,CASMI_MOL_1196870,CASMI_MOL_416787,416787,CCCCN(CC(OC)OC)c1ccc(Oc2ccccc2)cc1,0.5673068372319919,binned_cosine_1Da,39,False,predicted_spectrum,7821
CASMI2022,massformer,completed,79,79,208,CASMI_MOL_1196870,CASMI_MOL_419174,419174,COC(=O)C1(C)CCC(C(=NO)c2ccc3c(c2)CCC3)C1(C)C,0.5666086562735594,binned_cosine_1Da,40,False,predicted_spectrum,7821
CASMI2022,massformer,completed,79,79,208,CASMI_MOL_1196870,CASMI_MOL_416914,416914,CCCCCCCCOC(=O)C(C#N)=Cc1ccc(C)cc1OC,0.5657537135073136,binned_cosine_1Da,41,False,predicted_spectrum,7821
CASMI2022,massformer,completed,79,79,208,CASMI_MOL_1196870,CASMI_MOL_417360,417360,CC12CCC3c4ccc(O)cc4CCC3C1CCC2OC(=O)CN,0.5647023448767927,binned_cosine_1Da,42,False,predicted_spectrum,7821
CASMI2022,massformer,completed,79,79,208,CASMI_MOL_1196870,CASMI_MOL_416397,416397,C=C1COC2(CCCN(C(=O)OC(C)(C)C)C2c2ccccc2)C1,0.5644898636420715,binned_cosine_1Da,43,False,predicted_spectrum,7821
CASMI2022,massformer,completed,79,79,208,CASMI_MOL_1196870,CASMI_MOL_417739,417739,C=C1COC2(CCCN(C(=O)OC(C)(C)C)C2c2ccccc2)C1,0.5644898636420715,binned_cosine_1Da,44,False,predicted_spectrum,7821
CASMI2022,massformer,completed,79,79,208,CASMI_MOL_1196870,CASMI_MOL_421061,421061,C=C1COC2(CCCN(C(=O)OC(C)(C)C)C2c2ccccc2)C1,0.5644898636420715,binned_cosine_1Da,45,False,predicted_spectrum,7821
CASMI2022,massformer,completed,79,79,208,CASMI_MOL_1196870,CASMI_MOL_420403,420403,CC(C=CC=C(C=CC1=C(C)CCCC1(C)C)CON=O)=CC=O,0.562125548945309,binned_cosine_1Da,46,False,predicted_spectrum,7821
CASMI2022,massformer,completed,79,79,208,CASMI_MOL_1196870,CASMI_MOL_420961,420961,CC(C=CC=C(C=CC1=C(C)CCCC1(C)C)CON=O)=CC=O,0.562125548945309,binned_cosine_1Da,47,False,predicted_spectrum,7821
CASMI2022,massformer,completed,79,79,208,CASMI_MOL_1196870,CASMI_MOL_416581,416581,CCCCOC(=O)CCC(C#N)C(=O)C(C)(C)c1ccc(C)cc1,0.5614615503023695,binned_cosine_1Da,48,False,predicted_spectrum,7821
CASMI2022,massformer,completed,79,79,208,CASMI_MOL_1196870,CASMI_MOL_416915,416915,CCCCCCCCOC(=O)C(C#N)=Cc1cc(C)ccc1OC,0.5613069487957378,binned_cosine_1Da,49,False,predicted_spectrum,7821
CASMI2022,massformer,completed,79,79,208,CASMI_MOL_1196870,CASMI_MOL_416816,416816,CCOc1ccc(N(CC(OCC)OCC)c2ccccc2)cc1,0.5606644291273652,binned_cosine_1Da,50,False,predicted_spectrum,7821
CASMI2022,massformer,completed,79,79,208,CASMI_MOL_1196870,CASMI_MOL_417263,417263,COc1ccc(N2C(=O)OC(C(C)(C)C)C2C2=CCCCC2)cc1,0.559643076755896,binned_cosine_1Da,51,False,predicted_spectrum,7821
CASMI2022,massformer,completed,79,79,208,CASMI_MOL_1196870,CASMI_MOL_416123,416123,CC1(C)CC(=O)C1NC(=O)OCc1ccc(C2CCCCC2)cc1,0.5593472151750966,binned_cosine_1Da,52,False,predicted_spectrum,7821
CASMI2022,massformer,completed,79,79,208,CASMI_MOL_1196870,CASMI_MOL_416361,416361,CC1(C)CC(=O)C1NC(=O)OCc1ccc(C2CCCCC2)cc1,0.5593472151750966,binned_cosine_1Da,53,False,predicted_spectrum,7821
CASMI2022,massformer,completed,79,79,208,CASMI_MOL_1196870,CASMI_MOL_422848,422848,O=C(C=CCCCCCCc1ccc2c(c1)OCO2)N1CCCC1,0.5580969670232906,binned_cosine_1Da,54,False,predicted_spectrum,7821
CASMI2022,massformer,completed,79,79,208,CASMI_MOL_1196870,CASMI_MOL_416619,416619,CC(C)(C)OC(=O)NC1(CCCO)CC=CC=C1c1ccccc1,0.5578589889194958,binned_cosine_1Da,55,False,predicted_spectrum,7821
CASMI2022,massformer,completed,79,79,208,CASMI_MOL_1196870,CASMI_MOL_421424,421424,CCCCCC1CC=CC(N(C(=O)OC)c2ccccc2)C1C=O,0.55782150185898,binned_cosine_1Da,56,False,predicted_spectrum,7821
CASMI2022,massformer,completed,79,79,208,CASMI_MOL_1196870,CASMI_MOL_416884,416884,CCCCCOc1ccc(C=C(C#N)C(=O)OCCCC)cc1C,0.555526959490078,binned_cosine_1Da,57,False,predicted_spectrum,7821
CASMI2022,massformer,completed,79,79,208,CASMI_MOL_1196870,CASMI_MOL_419810,419810,CC(C=CC1=C(C)CCCC1(C)C)=CC=CC(=CON=O)CC=O,0.5548331764480304,binned_cosine_1Da,58,False,predicted_spectrum,7821
CASMI2022,massformer,completed,79,79,208,CASMI_MOL_1196870,CASMI_MOL_417012,417012,C[CH+]C=C(CCCCCCC)C(=O)[N-]c1ccc(C(=O)OC)cc1,0.5536542245369955,binned_cosine_1Da,59,False,predicted_spectrum,7821
CASMI2022,massformer,completed,79,79,208,CASMI_MOL_1196870,CASMI_MOL_416922,416922,CCCCCCCCOC(=O)C(C#N)=Cc1ccc(OC)c(C)c1,0.5526320761883083,binned_cosine_1Da,60,False,predicted_spectrum,7821
CASMI2022,massformer,completed,79,79,208,CASMI_MOL_1196870,CASMI_MOL_416280,416280,COCC1(C(=O)N2C3CCC2C(CO)(Cc2ccccc2)C3)CC1,0.5523539864545803,binned_cosine_1Da,61,False,predicted_spectrum,7821
CASMI2022,massformer,completed,79,79,208,CASMI_MOL_1196870,CASMI_MOL_416895,416895,CCCCCCCCCOc1ccc(C=C(C#N)C(=O)OC)cc1,0.5504166680127497,binned_cosine_1Da,62,False,predicted_spectrum,7821
CASMI2022,massformer,completed,79,79,208,CASMI_MOL_1196870,CASMI_MOL_419191,419191,CC1C(=O)C(c2ccccc2)C2(C)CCC1N2C(=O)OC(C)(C)C,0.5495754880160122,binned_cosine_1Da,63,False,predicted_spectrum,7821
CASMI2022,massformer,completed,79,79,208,CASMI_MOL_1196870,CASMI_MOL_420708,420708,CC(C)(C)OC(=O)N1CCOc2c(cccc2C2=CCCCC2)C1,0.5492371713821596,binned_cosine_1Da,64,False,predicted_spectrum,7821
CASMI2022,massformer,completed,79,79,208,CASMI_MOL_1196870,CASMI_MOL_421567,421567,CC(C)(C)OC(=O)N1CCCC1C1CCCc2ccccc2C1=O,0.5485866800461092,binned_cosine_1Da,65,False,predicted_spectrum,7821
CASMI2022,massformer,completed,79,79,208,CASMI_MOL_1196870,CASMI_MOL_421568,421568,CC(C)(C)OC(=O)N1CCCC1C1CCCc2ccccc2C1=O,0.5485866800461092,binned_cosine_1Da,66,False,predicted_spectrum,7821
CASMI2022,massformer,completed,79,79,208,CASMI_MOL_1196870,CASMI_MOL_421569,421569,CC(C)(C)OC(=O)N1CCCC1C1CCCc2ccccc2C1=O,0.5485866800461092,binned_cosine_1Da,67,False,predicted_spectrum,7821
CASMI2022,massformer,completed,79,79,208,CASMI_MOL_1196870,CASMI_MOL_421570,421570,CC(C)(C)OC(=O)N1CCCC1C1CCCc2ccccc2C1=O,0.5485866800461092,binned_cosine_1Da,68,False,predicted_spectrum,7821
CASMI2022,massformer,completed,79,79,208,CASMI_MOL_1196870,CASMI_MOL_421713,421713,CC(C)(C)OC(=O)N1CCCC1C1CCCc2ccccc2C1=O,0.5485866800461092,binned_cosine_1Da,69,False,predicted_spectrum,7821
CASMI2022,massformer,completed,79,79,208,CASMI_MOL_1196870,CASMI_MOL_415695,415695,CC(C)(C)OC(=O)N=CC1CCC(Cc2ccc(C=O)cc2)CC1,0.5485491823418899,binned_cosine_1Da,70,False,predicted_spectrum,7821
CASMI2022,massformer,completed,79,79,208,CASMI_MOL_1196870,CASMI_MOL_416912,416912,CCCCCCCCOC(=O)C(C#N)=Cc1cc(OC)ccc1C,0.5481961132530883,binned_cosine_1Da,71,False,predicted_spectrum,7821
CASMI2022,massformer,completed,79,79,208,CASMI_MOL_1196870,CASMI_MOL_416860,416860,CCCCOC(=O)C(C#N)=Cc1ccc(C)c(OCCC(C)C)c1,0.5470969472276864,binned_cosine_1Da,72,False,predicted_spectrum,7821
CASMI2022,massformer,completed,79,79,208,CASMI_MOL_1196870,CASMI_MOL_416863,416863,CCCCCOc1cc(C=C(C#N)C(=O)OCCCC)ccc1C,0.5437315053190284,binned_cosine_1Da,73,False,predicted_spectrum,7821
CASMI2022,massformer,completed,79,79,208,CASMI_MOL_1196870,CASMI_MOL_416527,416527,C=CC=C(C=C)COC(=O)N1CCOC(C(C)C(C=C)=CC=C)C1,0.543372962952512,binned_cosine_1Da,74,False,predicted_spectrum,7821
CASMI2022,massformer,completed,79,79,208,CASMI_MOL_1196870,CASMI_MOL_416941,416941,CC(C)(C)OC(=O)N1CC2CCC(O)C3=C(C=CC=CC=C3)C2C1,0.5427702029280003,binned_cosine_1Da,75,False,predicted_spectrum,7821
CASMI2022,massformer,completed,79,79,208,CASMI_MOL_1196870,CASMI_MOL_417593,417593,CCC(C)(C)C1CCC(=O)C(C=Nc2ccc(C(=O)OC)cc2)C1,0.5419095681616335,binned_cosine_1Da,76,False,predicted_spectrum,7821
CASMI2022,massformer,completed,79,79,208,CASMI_MOL_1196870,CASMI_MOL_417594,417594,CCC(C)(C)C1CCC(=O)C(C=Nc2ccc(C(=O)OC)cc2)C1,0.5419095681616335,binned_cosine_1Da,77,False,predicted_spectrum,7821
CASMI2022,massformer,completed,79,79,208,CASMI_MOL_1196870,CASMI_MOL_420838,420838,Cc1cccc(C#CC2(O)CCCC(NC(=O)OC(C)(C)C)C2)c1,0.5418681876078301,binned_cosine_1Da,78,False,predicted_spectrum,7821
CASMI2022,massformer,completed,79,79,208,CASMI_MOL_1196870,CASMI_MOL_419140,419140,C=CCOC(C)C1(CC=C)OC(c2ccccc2)C(C)N(C)C1=O,0.5417636541492614,binned_cosine_1Da,79,False,predicted_spectrum,7821
CASMI2022,massformer,completed,79,79,208,CASMI_MOL_1196870,CASMI_MOL_422585,422585,CC1(C)COC(C)(C)N1C(=O)OC1CCCC1=Cc1ccccc1,0.5409784326131856,binned_cosine_1Da,80,False,predicted_spectrum,7821
CASMI2022,massformer,completed,79,79,208,CASMI_MOL_1196870,CASMI_MOL_416867,416867,CCCCCOc1ccc(C)cc1C=C(C#N)C(=O)OCC(C)C,0.5408062304859574,binned_cosine_1Da,81,False,predicted_spectrum,7821
CASMI2022,massformer,completed,79,79,208,CASMI_MOL_1196870,CASMI_MOL_416784,416784,CCOC(CN(CC)c1ccc(Oc2ccccc2)cc1)OCC,0.540662367702834,binned_cosine_1Da,82,False,predicted_spectrum,7821
CASMI2022,massformer,completed,79,79,208,CASMI_MOL_1196870,CASMI_MOL_415724,415724,O=C1CCCCC(C2CCN(C(=O)OCc3ccccc3)CC2)C1,0.539689941875824,binned_cosine_1Da,83,False,predicted_spectrum,7821
CASMI2022,massformer,completed,79,79,208,CASMI_MOL_1196870,CASMI_MOL_416073,416073,[C-]#[N+]COc1cccc2c1CC1CC(O)C(CCC(O)CC)C1C2,0.5391854767661245,binned_cosine_1Da,84,False,predicted_spectrum,7821
CASMI2022,massformer,completed,79,79,208,CASMI_MOL_1196870,CASMI_MOL_416849,416849,CCCCCCCCOC(=O)C(C#N)=Cc1ccc(OC)cc1C,0.5383125748126626,binned_cosine_1Da,85,False,predicted_spectrum,7821
CASMI2022,massformer,completed,79,79,208,CASMI_MOL_1196870,CASMI_MOL_416906,416906,CCCCCCCCOC(=O)C(C#N)=Cc1cccc(C)c1OC,0.5380966051477211,binned_cosine_1Da,86,False,predicted_spectrum,7821
CASMI2022,massformer,completed,79,79,208,CASMI_MOL_1196870,CASMI_MOL_417376,417376,CCCOC1(OCC)C=CC(N=Cc2ccc(OCC)cc2)=CC1,0.5374968012265634,binned_cosine_1Da,87,False,predicted_spectrum,7821
CASMI2022,massformer,completed,79,79,208,CASMI_MOL_1196870,CASMI_MOL_418171,418171,CCCN(C(=O)CC1(C(=O)O)CCC1)C1CCc2ccccc2C1,0.536941140792032,binned_cosine_1Da,88,False,predicted_spectrum,7821
CASMI2022,massformer,completed,79,79,208,CASMI_MOL_1196870,CASMI_MOL_417821,417821,CNC(=O)C(OC)c1ccccc1COC1(C)C=C(C)C=CC1C,0.5358561309786307,binned_cosine_1Da,89,False,predicted_spectrum,7821
CASMI2022,massformer,completed,79,79,208,CASMI_MOL_1196870,CASMI_MOL_416908,416908,CCCCCCCCOC(=O)C(C#N)=Cc1c(C)cccc1OC,0.5357136426934849,binned_cosine_1Da,90,False,predicted_spectrum,7821
CASMI2022,massformer,completed,79,79,208,CASMI_MOL_1196870,CASMI_MOL_419848,419848,CC(C)(C)OC(=O)C1CC2C3C=CC=CC3OC2C2CCC=CN12,0.5334553700427883,binned_cosine_1Da,91,False,predicted_spectrum,7821
CASMI2022,massformer,completed,79,79,208,CASMI_MOL_1196870,CASMI_MOL_420404,420404,CC(C=CC=C(C)C=CC1=C(CON=O)CCCC1(C)C)=CC=O,0.5333565236658686,binned_cosine_1Da,92,False,predicted_spectrum,7821
CASMI2022,massformer,completed,79,79,208,CASMI_MOL_1196870,CASMI_MOL_420962,420962,CC(C=CC=C(C)C=CC1=C(CON=O)CCCC1(C)C)=CC=O,0.5333565236658686,binned_cosine_1Da,93,False,predicted_spectrum,7821
CASMI2022,massformer,completed,79,79,208,CASMI_MOL_1196870,CASMI_MOL_419521,419521,O=C(CCOC1CCOCC1)N(C1CC1)C1CCc2ccccc21,0.531047127587894,binned_cosine_1Da,94,False,predicted_spectrum,7821
CASMI2022,massformer,completed,79,79,208,CASMI_MOL_1196870,CASMI_MOL_419522,419522,O=C(CCOC1CCOCC1)N(C1CC1)C1CCc2ccccc21,0.531047127587894,binned_cosine_1Da,95,False,predicted_spectrum,7821
CASMI2022,massformer,completed,79,79,208,CASMI_MOL_1196870,CASMI_MOL_420434,420434,O=C(CCOC1CCOCC1)N(C1CC1)C1CCc2ccccc21,0.531047127587894,binned_cosine_1Da,96,False,predicted_spectrum,7821
CASMI2022,massformer,completed,79,79,208,CASMI_MOL_1196870,CASMI_MOL_416920,416920,CCCCCCCCOC(=O)C(C#N)=Cc1cccc(OCC)c1,0.5304360768081205,binned_cosine_1Da,97,False,predicted_spectrum,7821
CASMI2022,massformer,completed,79,79,208,CASMI_MOL_1196870,CASMI_MOL_420009,420009,COc1cccc(C=CC=C2CCN(C(=O)OC(C)(C)C)CC2)c1,0.5291505874442466,binned_cosine_1Da,98,False,predicted_spectrum,7821
CASMI2022,massformer,completed,79,79,208,CASMI_MOL_1196870,CASMI_MOL_420058,420058,COc1cccc(C=CC=C2CCN(C(=O)OC(C)(C)C)CC2)c1,0.5291505874442466,binned_cosine_1Da,99,False,predicted_spectrum,7821
CASMI2022,massformer,completed,79,79,208,CASMI_MOL_1196870,CASMI_MOL_416611,416611,CCOCCOCC(O)(c1ccccc1)c1ccc(N(C)C)cc1,0.5281174742605366,binned_cosine_1Da,100,False,predicted_spectrum,7821
CASMI2022,massformer,completed,79,79,208,CASMI_MOL_1196870,CASMI_MOL_1196870,1196870,C=c1cc(O)[nH]c1=CC=C(C)CC=CC(CCC=C(C)C)C(=O)O,0.20518986933131672,binned_cosine_1Da,3658,True,predicted_spectrum,7821
