dataset,model,status,query_id,spectrum_id,casmi_id,true_candidate_id,candidate_id,candidate_mol_id,candidate_smiles,score,score_name,rank,is_correct,prediction_status,candidate_count
CASMI2022,massformer,completed,100,100,254,CASMI_MOL_1196888,CASMI_MOL_503311,503311,CCCCCCCC=CCCCCCC(=O)OCC(O)C(=O)O,0.793899809794349,binned_cosine_1Da,1,False,predicted_spectrum,6530
CASMI2022,massformer,completed,100,100,254,CASMI_MOL_1196888,CASMI_MOL_504197,504197,O=C(O)CCCCCCCC=CCCCCCC(O)CC(=O)O,0.7925399241219905,binned_cosine_1Da,2,False,predicted_spectrum,6530
CASMI2022,massformer,completed,100,100,254,CASMI_MOL_1196888,CASMI_MOL_506327,506327,O=C(O)CCCCCCCC=CCCCCCC(O)CC(=O)O,0.7925399241219905,binned_cosine_1Da,3,False,predicted_spectrum,6530
CASMI2022,massformer,completed,100,100,254,CASMI_MOL_1196888,CASMI_MOL_507277,507277,O=C(O)CCCCCCCC=CCCCCCC(O)CC(=O)O,0.7925399241219905,binned_cosine_1Da,4,False,predicted_spectrum,6530
CASMI2022,massformer,completed,100,100,254,CASMI_MOL_1196888,CASMI_MOL_507374,507374,O=C(O)CCCCCCCC=CCCCCCC(O)CC(=O)O,0.7925399241219905,binned_cosine_1Da,5,False,predicted_spectrum,6530
CASMI2022,massformer,completed,100,100,254,CASMI_MOL_1196888,CASMI_MOL_503460,503460,O=C(O)C(O)CCCCCCCC=CC=CCCCCC(O)O,0.7916912997303434,binned_cosine_1Da,6,False,predicted_spectrum,6530
CASMI2022,massformer,completed,100,100,254,CASMI_MOL_1196888,CASMI_MOL_503583,503583,O=C(O)CCCCCCCC=CCCCCCCC(O)C(=O)O,0.7902017263417074,binned_cosine_1Da,7,False,predicted_spectrum,6530
CASMI2022,massformer,completed,100,100,254,CASMI_MOL_1196888,CASMI_MOL_504178,504178,O=C(O)CCCCCCCCC=CC=CCCCCCOOO,0.7897376169641257,binned_cosine_1Da,8,False,predicted_spectrum,6530
CASMI2022,massformer,completed,100,100,254,CASMI_MOL_1196888,CASMI_MOL_503796,503796,O=C(O)CCCCCCCC=CC=CCC(O)CCC(O)CO,0.7875263877469173,binned_cosine_1Da,9,False,predicted_spectrum,6530
CASMI2022,massformer,completed,100,100,254,CASMI_MOL_1196888,CASMI_MOL_504198,504198,O=C(O)CCCCCCCC=CCC(O)CCCCCC(=O)O,0.787296529798119,binned_cosine_1Da,10,False,predicted_spectrum,6530
CASMI2022,massformer,completed,100,100,254,CASMI_MOL_1196888,CASMI_MOL_507382,507382,O=C(O)CCCCCCCC=CCC(O)CCCCCC(=O)O,0.787296529798119,binned_cosine_1Da,11,False,predicted_spectrum,6530
CASMI2022,massformer,completed,100,100,254,CASMI_MOL_1196888,CASMI_MOL_507622,507622,O=C(O)CCCCCCCC=CCC(O)CCCCCC(=O)O,0.787296529798119,binned_cosine_1Da,12,False,predicted_spectrum,6530
CASMI2022,massformer,completed,100,100,254,CASMI_MOL_1196888,CASMI_MOL_508903,508903,O=C(O)CCCCCCCC=CCC(O)CCCCCC(=O)O,0.787296529798119,binned_cosine_1Da,13,False,predicted_spectrum,6530
CASMI2022,massformer,completed,100,100,254,CASMI_MOL_1196888,CASMI_MOL_504179,504179,CCCCCC=CC=CCCCCCCCC(OOO)C(=O)O,0.787134947567461,binned_cosine_1Da,14,False,predicted_spectrum,6530
CASMI2022,massformer,completed,100,100,254,CASMI_MOL_1196888,CASMI_MOL_507970,507970,CCOC(=O)CCCCCCC1C(O)CC(O)C1CCC(C)=O,0.7869704583853675,binned_cosine_1Da,15,False,predicted_spectrum,6530
CASMI2022,massformer,completed,100,100,254,CASMI_MOL_1196888,CASMI_MOL_508974,508974,CCOC(=O)CCCCCCC1C(O)CC(O)C1CCC(C)=O,0.7869704583853675,binned_cosine_1Da,16,False,predicted_spectrum,6530
CASMI2022,massformer,completed,100,100,254,CASMI_MOL_1196888,CASMI_MOL_509011,509011,CCOC(=O)CCCCCCC1C(O)CC(O)C1CCC(C)=O,0.7869704583853675,binned_cosine_1Da,17,False,predicted_spectrum,6530
CASMI2022,massformer,completed,100,100,254,CASMI_MOL_1196888,CASMI_MOL_503151,503151,O=C(O)CCCCC(O)CC(O)C=CCC=CCCCCCO,0.7852346175464557,binned_cosine_1Da,18,False,predicted_spectrum,6530
CASMI2022,massformer,completed,100,100,254,CASMI_MOL_1196888,CASMI_MOL_503152,503152,O=C(O)CCCCC(O)CC(O)C=CCC=CCCCCCO,0.7852346175464557,binned_cosine_1Da,19,False,predicted_spectrum,6530
CASMI2022,massformer,completed,100,100,254,CASMI_MOL_1196888,CASMI_MOL_503155,503155,O=C(O)CCCCC(O)CC(O)C=CCC=CCCCCCO,0.7852346175464557,binned_cosine_1Da,20,False,predicted_spectrum,6530
CASMI2022,massformer,completed,100,100,254,CASMI_MOL_1196888,CASMI_MOL_503159,503159,O=C(O)CCCCC(O)CC(O)C=CCC=CCCCCCO,0.7852346175464557,binned_cosine_1Da,21,False,predicted_spectrum,6530
CASMI2022,massformer,completed,100,100,254,CASMI_MOL_1196888,CASMI_MOL_503160,503160,O=C(O)CCCCC(O)CC(O)C=CCC=CCCCCCO,0.7852346175464557,binned_cosine_1Da,22,False,predicted_spectrum,6530
CASMI2022,massformer,completed,100,100,254,CASMI_MOL_1196888,CASMI_MOL_507370,507370,O=C(O)C(=O)C(O)CCCCCCC=CCCCCCCCO,0.7845653288609685,binned_cosine_1Da,23,False,predicted_spectrum,6530
CASMI2022,massformer,completed,100,100,254,CASMI_MOL_1196888,CASMI_MOL_507369,507369,CCCCCCCC=CCCCCCCC(=O)C(O)(O)C(=O)O,0.7837891146227252,binned_cosine_1Da,24,False,predicted_spectrum,6530
CASMI2022,massformer,completed,100,100,254,CASMI_MOL_1196888,CASMI_MOL_507348,507348,CCCCCC=CC=CCCCCCCC(O)C(O)(O)C(=O)O,0.7835948916144906,binned_cosine_1Da,25,False,predicted_spectrum,6530
CASMI2022,massformer,completed,100,100,254,CASMI_MOL_1196888,CASMI_MOL_506305,506305,CCC(O)C=CC(O)C(O)CC=CCCCCCCCC(=O)O,0.7830678232847451,binned_cosine_1Da,26,False,predicted_spectrum,6530
CASMI2022,massformer,completed,100,100,254,CASMI_MOL_1196888,CASMI_MOL_506306,506306,CCC(O)C=CC(O)C(O)CC=CCCCCCCCC(=O)O,0.7830678232847451,binned_cosine_1Da,27,False,predicted_spectrum,6530
CASMI2022,massformer,completed,100,100,254,CASMI_MOL_1196888,CASMI_MOL_506307,506307,CCC(O)C=CC(O)C(O)CC=CCCCCCCCC(=O)O,0.7830678232847451,binned_cosine_1Da,28,False,predicted_spectrum,6530
CASMI2022,massformer,completed,100,100,254,CASMI_MOL_1196888,CASMI_MOL_508348,508348,CCC(O)C=CC(O)C(O)CC=CCCCCCCCC(=O)O,0.7830678232847451,binned_cosine_1Da,29,False,predicted_spectrum,6530
CASMI2022,massformer,completed,100,100,254,CASMI_MOL_1196888,CASMI_MOL_509243,509243,CCC(O)C=CC(O)C(O)CC=CCCCCCCCC(=O)O,0.7830678232847451,binned_cosine_1Da,30,False,predicted_spectrum,6530
CASMI2022,massformer,completed,100,100,254,CASMI_MOL_1196888,CASMI_MOL_507818,507818,CCCCC(=O)OCC1CCC(O)CC1COC(=O)CCCC,0.7824900042753845,binned_cosine_1Da,31,False,predicted_spectrum,6530
CASMI2022,massformer,completed,100,100,254,CASMI_MOL_1196888,CASMI_MOL_503795,503795,O=C(O)CCCCCCCC=CC=CCCCCCC(O)(O)O,0.7823760188687977,binned_cosine_1Da,32,False,predicted_spectrum,6530
CASMI2022,massformer,completed,100,100,254,CASMI_MOL_1196888,CASMI_MOL_507972,507972,CCCCCC(=O)CCC1C(O)CC(O)C1CCC(=O)OCC,0.7821457950225988,binned_cosine_1Da,33,False,predicted_spectrum,6530
CASMI2022,massformer,completed,100,100,254,CASMI_MOL_1196888,CASMI_MOL_509009,509009,CCCCCC(=O)CCC1C(O)CC(O)C1CCC(=O)OCC,0.7821457950225988,binned_cosine_1Da,34,False,predicted_spectrum,6530
CASMI2022,massformer,completed,100,100,254,CASMI_MOL_1196888,CASMI_MOL_503794,503794,O=C(O)C(O)C(O)CCCCCC=CC=CCCCCCCO,0.7818817739471158,binned_cosine_1Da,35,False,predicted_spectrum,6530
CASMI2022,massformer,completed,100,100,254,CASMI_MOL_1196888,CASMI_MOL_507307,507307,CCC=CCCCC=CCCCCCCC(O)C(O)(O)C(=O)O,0.7815170669872166,binned_cosine_1Da,36,False,predicted_spectrum,6530
CASMI2022,massformer,completed,100,100,254,CASMI_MOL_1196888,CASMI_MOL_507633,507633,CCC=CCCCC=CCCCCCCC(O)C(O)(O)C(=O)O,0.7815170669872166,binned_cosine_1Da,37,False,predicted_spectrum,6530
CASMI2022,massformer,completed,100,100,254,CASMI_MOL_1196888,CASMI_MOL_508992,508992,CCC=CCCCC=CCCCCCCC(O)C(O)(O)C(=O)O,0.7815170669872166,binned_cosine_1Da,38,False,predicted_spectrum,6530
CASMI2022,massformer,completed,100,100,254,CASMI_MOL_1196888,CASMI_MOL_503097,503097,CCCCCC(C)(CCC1C(O)CC2OC(=O)CC21)COCO,0.7811279084546143,binned_cosine_1Da,39,False,predicted_spectrum,6530
CASMI2022,massformer,completed,100,100,254,CASMI_MOL_1196888,CASMI_MOL_503158,503158,CCC(O)C(O)C=CC(O)CC=CCCCCCCCC(=O)O,0.7810952638465561,binned_cosine_1Da,40,False,predicted_spectrum,6530
CASMI2022,massformer,completed,100,100,254,CASMI_MOL_1196888,CASMI_MOL_506302,506302,CCC(O)C(O)C=CC(O)CC=CCCCCCCCC(=O)O,0.7810952638465561,binned_cosine_1Da,41,False,predicted_spectrum,6530
CASMI2022,massformer,completed,100,100,254,CASMI_MOL_1196888,CASMI_MOL_506303,506303,CCC(O)C(O)C=CC(O)CC=CCCCCCCCC(=O)O,0.7810952638465561,binned_cosine_1Da,42,False,predicted_spectrum,6530
CASMI2022,massformer,completed,100,100,254,CASMI_MOL_1196888,CASMI_MOL_506304,506304,CCC(O)C(O)C=CC(O)CC=CCCCCCCCC(=O)O,0.7810952638465561,binned_cosine_1Da,43,False,predicted_spectrum,6530
CASMI2022,massformer,completed,100,100,254,CASMI_MOL_1196888,CASMI_MOL_509239,509239,CCC(O)C(O)C=CC(O)CC=CCCCCCCCC(=O)O,0.7810952638465561,binned_cosine_1Da,44,False,predicted_spectrum,6530
CASMI2022,massformer,completed,100,100,254,CASMI_MOL_1196888,CASMI_MOL_506293,506293,CCCCC(=O)OCC1CCC(COC(=O)CCCC)C(O)C1,0.7808616855196886,binned_cosine_1Da,45,False,predicted_spectrum,6530
CASMI2022,massformer,completed,100,100,254,CASMI_MOL_1196888,CASMI_MOL_504106,504106,C=C(C)C(O)CCC1C(O)CC(O)C1CCCCCCC(=O)O,0.7805180878649003,binned_cosine_1Da,46,False,predicted_spectrum,6530
CASMI2022,massformer,completed,100,100,254,CASMI_MOL_1196888,CASMI_MOL_505140,505140,O=C(O)C(O)C(O)CCCCCCC=CCCCC=CCCO,0.780281552764325,binned_cosine_1Da,47,False,predicted_spectrum,6530
CASMI2022,massformer,completed,100,100,254,CASMI_MOL_1196888,CASMI_MOL_504176,504176,CCCCCCCC=CC(CCCCC=CCC(=O)O)OOO,0.7801965905239547,binned_cosine_1Da,48,False,predicted_spectrum,6530
CASMI2022,massformer,completed,100,100,254,CASMI_MOL_1196888,CASMI_MOL_507384,507384,O=CCCCCCCCCCC1C(O)CC(O)C1CCC(=O)O,0.7801677764102579,binned_cosine_1Da,49,False,predicted_spectrum,6530
CASMI2022,massformer,completed,100,100,254,CASMI_MOL_1196888,CASMI_MOL_503230,503230,CCC=CCC=CCC(O)C(O)CC(O)CCCCCC(=O)O,0.7799598139397279,binned_cosine_1Da,50,False,predicted_spectrum,6530
CASMI2022,massformer,completed,100,100,254,CASMI_MOL_1196888,CASMI_MOL_504401,504401,CCC=CCC=CCC(O)C(O)CC(O)CCCCCC(=O)O,0.7799598139397279,binned_cosine_1Da,51,False,predicted_spectrum,6530
CASMI2022,massformer,completed,100,100,254,CASMI_MOL_1196888,CASMI_MOL_504402,504402,CCC=CCC=CCC(O)C(O)CC(O)CCCCCC(=O)O,0.7799598139397279,binned_cosine_1Da,52,False,predicted_spectrum,6530
CASMI2022,massformer,completed,100,100,254,CASMI_MOL_1196888,CASMI_MOL_504403,504403,CCC=CCC=CCC(O)C(O)CC(O)CCCCCC(=O)O,0.7799598139397279,binned_cosine_1Da,53,False,predicted_spectrum,6530
CASMI2022,massformer,completed,100,100,254,CASMI_MOL_1196888,CASMI_MOL_504404,504404,CCC=CCC=CCC(O)C(O)CC(O)CCCCCC(=O)O,0.7799598139397279,binned_cosine_1Da,54,False,predicted_spectrum,6530
CASMI2022,massformer,completed,100,100,254,CASMI_MOL_1196888,CASMI_MOL_507450,507450,CCCCC(CC(O)C=CCCCCCCCC(=O)O)C(=O)O,0.7796341188537034,binned_cosine_1Da,55,False,predicted_spectrum,6530
CASMI2022,massformer,completed,100,100,254,CASMI_MOL_1196888,CASMI_MOL_507372,507372,CCCCCCCC=CCCCCCCC(O)(O)C(=O)C(=O)O,0.7793990908520271,binned_cosine_1Da,56,False,predicted_spectrum,6530
CASMI2022,massformer,completed,100,100,254,CASMI_MOL_1196888,CASMI_MOL_504200,504200,O=C(O)CCCCCCCC=CCC=CCCCCC(O)(O)O,0.7793330295655316,binned_cosine_1Da,57,False,predicted_spectrum,6530
CASMI2022,massformer,completed,100,100,254,CASMI_MOL_1196888,CASMI_MOL_509184,509184,O=C(O)C=CCCCCCCCOC(=O)CCCCCCCO,0.7789124186331469,binned_cosine_1Da,58,False,predicted_spectrum,6530
CASMI2022,massformer,completed,100,100,254,CASMI_MOL_1196888,CASMI_MOL_504193,504193,O=C(O)CCCCC=CCC=CCCCCCCCC(O)(O)O,0.7788229658734319,binned_cosine_1Da,59,False,predicted_spectrum,6530
CASMI2022,massformer,completed,100,100,254,CASMI_MOL_1196888,CASMI_MOL_503206,503206,CCC1C(O)CC(O)C1C=CC(O)CCCCCCCC(=O)O,0.77866824990457,binned_cosine_1Da,60,False,predicted_spectrum,6530
CASMI2022,massformer,completed,100,100,254,CASMI_MOL_1196888,CASMI_MOL_504152,504152,CCC1C(O)CC(O)C1C=CC(O)CCCCCCCC(=O)O,0.77866824990457,binned_cosine_1Da,61,False,predicted_spectrum,6530
CASMI2022,massformer,completed,100,100,254,CASMI_MOL_1196888,CASMI_MOL_504153,504153,CCC1C(O)CC(O)C1C=CC(O)CCCCCCCC(=O)O,0.77866824990457,binned_cosine_1Da,62,False,predicted_spectrum,6530
CASMI2022,massformer,completed,100,100,254,CASMI_MOL_1196888,CASMI_MOL_504154,504154,CCC1C(O)CC(O)C1C=CC(O)CCCCCCCC(=O)O,0.77866824990457,binned_cosine_1Da,63,False,predicted_spectrum,6530
CASMI2022,massformer,completed,100,100,254,CASMI_MOL_1196888,CASMI_MOL_504155,504155,CCC1C(O)CC(O)C1C=CC(O)CCCCCCCC(=O)O,0.77866824990457,binned_cosine_1Da,64,False,predicted_spectrum,6530
CASMI2022,massformer,completed,100,100,254,CASMI_MOL_1196888,CASMI_MOL_504156,504156,CCC1C(O)CC(O)C1C=CC(O)CCCCCCCC(=O)O,0.77866824990457,binned_cosine_1Da,65,False,predicted_spectrum,6530
CASMI2022,massformer,completed,100,100,254,CASMI_MOL_1196888,CASMI_MOL_504157,504157,CCC1C(O)CC(O)C1C=CC(O)CCCCCCCC(=O)O,0.77866824990457,binned_cosine_1Da,66,False,predicted_spectrum,6530
CASMI2022,massformer,completed,100,100,254,CASMI_MOL_1196888,CASMI_MOL_504357,504357,CCC1C(O)CC(O)C1C=CC(O)CCCCCCCC(=O)O,0.77866824990457,binned_cosine_1Da,67,False,predicted_spectrum,6530
CASMI2022,massformer,completed,100,100,254,CASMI_MOL_1196888,CASMI_MOL_504617,504617,CCC1C(O)CC(O)C1C=CC(O)CCCCCCCC(=O)O,0.77866824990457,binned_cosine_1Da,68,False,predicted_spectrum,6530
CASMI2022,massformer,completed,100,100,254,CASMI_MOL_1196888,CASMI_MOL_504618,504618,CCC1C(O)CC(O)C1C=CC(O)CCCCCCCC(=O)O,0.77866824990457,binned_cosine_1Da,69,False,predicted_spectrum,6530
CASMI2022,massformer,completed,100,100,254,CASMI_MOL_1196888,CASMI_MOL_508019,508019,CCCCCCCCCC(=O)C1C(O)CC(O)C1CCC(=O)O,0.7786222198131787,binned_cosine_1Da,70,False,predicted_spectrum,6530
CASMI2022,massformer,completed,100,100,254,CASMI_MOL_1196888,CASMI_MOL_503231,503231,CCCCCCCC(=O)CCC1C(O)CC(O)C1CCC(=O)O,0.7785504697449127,binned_cosine_1Da,71,False,predicted_spectrum,6530
CASMI2022,massformer,completed,100,100,254,CASMI_MOL_1196888,CASMI_MOL_507283,507283,CCCCCCCC(=O)CCC1C(O)CC(O)C1CCC(=O)O,0.7785504697449127,binned_cosine_1Da,72,False,predicted_spectrum,6530
CASMI2022,massformer,completed,100,100,254,CASMI_MOL_1196888,CASMI_MOL_506333,506333,CCC=CCC(O)C(O)C=CC(O)CCCCCCCC(=O)O,0.7784420556254233,binned_cosine_1Da,73,False,predicted_spectrum,6530
CASMI2022,massformer,completed,100,100,254,CASMI_MOL_1196888,CASMI_MOL_507715,507715,CCC=CCC(O)C(O)C=CC(O)CCCCCCCC(=O)O,0.7784420556254233,binned_cosine_1Da,74,False,predicted_spectrum,6530
CASMI2022,massformer,completed,100,100,254,CASMI_MOL_1196888,CASMI_MOL_507798,507798,CCC=CCC(O)C(O)C=CC(O)CCCCCCCC(=O)O,0.7784420556254233,binned_cosine_1Da,75,False,predicted_spectrum,6530
CASMI2022,massformer,completed,100,100,254,CASMI_MOL_1196888,CASMI_MOL_508177,508177,CCC=CCC(O)C(O)C=CC(O)CCCCCCCC(=O)O,0.7784420556254233,binned_cosine_1Da,76,False,predicted_spectrum,6530
CASMI2022,massformer,completed,100,100,254,CASMI_MOL_1196888,CASMI_MOL_508533,508533,CCC=CCC(O)C(O)C=CC(O)CCCCCCCC(=O)O,0.7784420556254233,binned_cosine_1Da,77,False,predicted_spectrum,6530
CASMI2022,massformer,completed,100,100,254,CASMI_MOL_1196888,CASMI_MOL_508534,508534,CCC=CCC(O)C(O)C=CC(O)CCCCCCCC(=O)O,0.7784420556254233,binned_cosine_1Da,78,False,predicted_spectrum,6530
CASMI2022,massformer,completed,100,100,254,CASMI_MOL_1196888,CASMI_MOL_508535,508535,CCC=CCC(O)C(O)C=CC(O)CCCCCCCC(=O)O,0.7784420556254233,binned_cosine_1Da,79,False,predicted_spectrum,6530
CASMI2022,massformer,completed,100,100,254,CASMI_MOL_1196888,CASMI_MOL_508772,508772,CCC=CCC(O)C(O)C=CC(O)CCCCCCCC(=O)O,0.7784420556254233,binned_cosine_1Da,80,False,predicted_spectrum,6530
CASMI2022,massformer,completed,100,100,254,CASMI_MOL_1196888,CASMI_MOL_508885,508885,CCC=CCC(O)C(O)C=CC(O)CCCCCCCC(=O)O,0.7784420556254233,binned_cosine_1Da,81,False,predicted_spectrum,6530
CASMI2022,massformer,completed,100,100,254,CASMI_MOL_1196888,CASMI_MOL_508886,508886,CCC=CCC(O)C(O)C=CC(O)CCCCCCCC(=O)O,0.7784420556254233,binned_cosine_1Da,82,False,predicted_spectrum,6530
CASMI2022,massformer,completed,100,100,254,CASMI_MOL_1196888,CASMI_MOL_509158,509158,CCC=CCC(O)C(O)C=CC(O)CCCCCCCC(=O)O,0.7784420556254233,binned_cosine_1Da,83,False,predicted_spectrum,6530
CASMI2022,massformer,completed,100,100,254,CASMI_MOL_1196888,CASMI_MOL_509210,509210,CCC=CCC(O)C(O)C=CC(O)CCCCCCCC(=O)O,0.7784420556254233,binned_cosine_1Da,84,False,predicted_spectrum,6530
CASMI2022,massformer,completed,100,100,254,CASMI_MOL_1196888,CASMI_MOL_509245,509245,CCC=CCC(O)C(O)C=CC(O)CCCCCCCC(=O)O,0.7784420556254233,binned_cosine_1Da,85,False,predicted_spectrum,6530
CASMI2022,massformer,completed,100,100,254,CASMI_MOL_1196888,CASMI_MOL_509285,509285,CCC=CCC(O)C(O)C=CC(O)CCCCCCCC(=O)O,0.7784420556254233,binned_cosine_1Da,86,False,predicted_spectrum,6530
CASMI2022,massformer,completed,100,100,254,CASMI_MOL_1196888,CASMI_MOL_507268,507268,CCCCCC(O)C(O)CCC(O)CCC=CC=CCC(=O)O,0.7777539008096341,binned_cosine_1Da,87,False,predicted_spectrum,6530
CASMI2022,massformer,completed,100,100,254,CASMI_MOL_1196888,CASMI_MOL_507990,507990,CCCCCCCCC(O)COC(=O)C1CCC(C(=O)O)CC1,0.7774085110497919,binned_cosine_1Da,88,False,predicted_spectrum,6530
CASMI2022,massformer,completed,100,100,254,CASMI_MOL_1196888,CASMI_MOL_507375,507375,CCCCCC(C=CC=CCCCCCCCC(=O)O)OOO,0.7772890365519158,binned_cosine_1Da,89,False,predicted_spectrum,6530
CASMI2022,massformer,completed,100,100,254,CASMI_MOL_1196888,CASMI_MOL_503312,503312,CCC(O)CCC=CCC=CC(O)C(O)CCCCCC(=O)O,0.7770325678710358,binned_cosine_1Da,90,False,predicted_spectrum,6530
CASMI2022,massformer,completed,100,100,254,CASMI_MOL_1196888,CASMI_MOL_506338,506338,CCOC(=O)OCC=CCCCCCCCCCCCC(=O)O,0.7766363374566118,binned_cosine_1Da,91,False,predicted_spectrum,6530
CASMI2022,massformer,completed,100,100,254,CASMI_MOL_1196888,CASMI_MOL_503131,503131,CCCCCCCCCC1CC(O)C(O)C=CC(O)CC(=O)O1,0.7761936608479313,binned_cosine_1Da,92,False,predicted_spectrum,6530
CASMI2022,massformer,completed,100,100,254,CASMI_MOL_1196888,CASMI_MOL_503149,503149,CCCCCCCCCC1CC(O)C(O)C=CC(O)CC(=O)O1,0.7761936608479313,binned_cosine_1Da,93,False,predicted_spectrum,6530
CASMI2022,massformer,completed,100,100,254,CASMI_MOL_1196888,CASMI_MOL_503644,503644,CCCCCCCCCC1CC(O)C(O)C=CC(O)CC(=O)O1,0.7761936608479313,binned_cosine_1Da,94,False,predicted_spectrum,6530
CASMI2022,massformer,completed,100,100,254,CASMI_MOL_1196888,CASMI_MOL_508021,508021,CCCCCCCCCC1CC(O)C(O)C=CC(O)CC(=O)O1,0.7761936608479313,binned_cosine_1Da,95,False,predicted_spectrum,6530
CASMI2022,massformer,completed,100,100,254,CASMI_MOL_1196888,CASMI_MOL_508173,508173,CCCCCCCCCC1CC(O)C(O)C=CC(O)CC(=O)O1,0.7761936608479313,binned_cosine_1Da,96,False,predicted_spectrum,6530
CASMI2022,massformer,completed,100,100,254,CASMI_MOL_1196888,CASMI_MOL_507318,507318,CC(=CCCCCC(O)CCCCCC(C)(C)C(=O)O)C(=O)O,0.775998913684358,binned_cosine_1Da,97,False,predicted_spectrum,6530
CASMI2022,massformer,completed,100,100,254,CASMI_MOL_1196888,CASMI_MOL_503313,503313,CC(O)CCCC=CCC=CC(O)C(O)CCCCCC(=O)O,0.7759535639330372,binned_cosine_1Da,98,False,predicted_spectrum,6530
CASMI2022,massformer,completed,100,100,254,CASMI_MOL_1196888,CASMI_MOL_1196888,1196888,CC(O)CCCC=CCC=CC(O)C(O)CCCCCC(=O)O,0.7759535370494829,binned_cosine_1Da,99,True,predicted_spectrum,6530
CASMI2022,massformer,completed,100,100,254,CASMI_MOL_1196888,CASMI_MOL_504180,504180,CCCCCC=CC=CC(CCCCCCCC(=O)O)OOO,0.7755643712880779,binned_cosine_1Da,100,False,predicted_spectrum,6530
CASMI2022,massformer,completed,101,101,255,CASMI_MOL_1196890,CASMI_MOL_510420,510420,COc1cc(O)c(CC=C(C)CO)c2coc(O)c12,0.8714067476465162,binned_cosine_1Da,1,False,predicted_spectrum,7839
CASMI2022,massformer,completed,101,101,255,CASMI_MOL_1196890,CASMI_MOL_511564,511564,O=C(O)c1c2c(c(CCCO)c3c1OCC3)OCC2,0.8693081557232574,binned_cosine_1Da,2,False,predicted_spectrum,7839
CASMI2022,massformer,completed,101,101,255,CASMI_MOL_1196890,CASMI_MOL_509605,509605,CC(=O)CCc1cc(O)cc2c1C(=O)CC(CO)O2,0.8680340590065795,binned_cosine_1Da,3,False,predicted_spectrum,7839
CASMI2022,massformer,completed,101,101,255,CASMI_MOL_1196890,CASMI_MOL_509660,509660,CC(=O)CCc1cc(O)cc2c1C(=O)CC(CO)O2,0.8680340590065795,binned_cosine_1Da,4,False,predicted_spectrum,7839
CASMI2022,massformer,completed,101,101,255,CASMI_MOL_1196890,CASMI_MOL_515545,515545,CC(C)(C)c1cccc2c1C(=O)OC2(O)CC(=O)O,0.8672960310074782,binned_cosine_1Da,5,False,predicted_spectrum,7839
CASMI2022,massformer,completed,101,101,255,CASMI_MOL_1196890,CASMI_MOL_509644,509644,COc1cc(OC)c2oc(=O)c(CC(C)O)cc2c1,0.8662459687416528,binned_cosine_1Da,6,False,predicted_spectrum,7839
CASMI2022,massformer,completed,101,101,255,CASMI_MOL_1196890,CASMI_MOL_515725,515725,COc1cc(OC)c2oc(=O)c(CC(C)O)cc2c1,0.8662459687416528,binned_cosine_1Da,7,False,predicted_spectrum,7839
CASMI2022,massformer,completed,101,101,255,CASMI_MOL_1196890,CASMI_MOL_511217,511217,CCC(=O)CC1(O)CC(=O)c2c(C)cc(O)cc2O1,0.8651017715696457,binned_cosine_1Da,8,False,predicted_spectrum,7839
CASMI2022,massformer,completed,101,101,255,CASMI_MOL_1196890,CASMI_MOL_513361,513361,COc1cc2c(cc1OC)C(C(=O)O)CCCC2=O,0.8646903537231029,binned_cosine_1Da,9,False,predicted_spectrum,7839
CASMI2022,massformer,completed,101,101,255,CASMI_MOL_1196890,CASMI_MOL_513362,513362,COc1cc2c(cc1OC)C(C(=O)O)CCCC2=O,0.8646903537231029,binned_cosine_1Da,10,False,predicted_spectrum,7839
CASMI2022,massformer,completed,101,101,255,CASMI_MOL_1196890,CASMI_MOL_516540,516540,COc1cc2c(cc1OC)C(C(=O)O)CCCC2=O,0.8646903537231029,binned_cosine_1Da,11,False,predicted_spectrum,7839
CASMI2022,massformer,completed,101,101,255,CASMI_MOL_1196890,CASMI_MOL_512959,512959,CC(C)Oc1ccc(-c2oc(O)cc2C(O)O)cc1,0.8637382349657687,binned_cosine_1Da,12,False,predicted_spectrum,7839
CASMI2022,massformer,completed,101,101,255,CASMI_MOL_1196890,CASMI_MOL_513272,513272,CC(C)Oc1ccc(-c2oc(O)cc2C(O)O)cc1,0.8637382349657687,binned_cosine_1Da,13,False,predicted_spectrum,7839
CASMI2022,massformer,completed,101,101,255,CASMI_MOL_1196890,CASMI_MOL_513273,513273,CC(C)Oc1ccc(-c2oc(O)cc2C(O)O)cc1,0.8637382349657687,binned_cosine_1Da,14,False,predicted_spectrum,7839
CASMI2022,massformer,completed,101,101,255,CASMI_MOL_1196890,CASMI_MOL_513274,513274,CC(C)Oc1ccc(-c2oc(O)cc2C(O)O)cc1,0.8637382349657687,binned_cosine_1Da,15,False,predicted_spectrum,7839
CASMI2022,massformer,completed,101,101,255,CASMI_MOL_1196890,CASMI_MOL_513275,513275,CC(C)Oc1ccc(-c2oc(O)cc2C(O)O)cc1,0.8637382349657687,binned_cosine_1Da,16,False,predicted_spectrum,7839
CASMI2022,massformer,completed,101,101,255,CASMI_MOL_1196890,CASMI_MOL_509599,509599,CC(=O)CCc1cc(O)c2c(c1)OC(CO)CC2=O,0.8635653385286444,binned_cosine_1Da,17,False,predicted_spectrum,7839
CASMI2022,massformer,completed,101,101,255,CASMI_MOL_1196890,CASMI_MOL_509653,509653,CC(=O)CCc1cc(O)c2c(c1)OC(CO)CC2=O,0.8635653385286444,binned_cosine_1Da,18,False,predicted_spectrum,7839
CASMI2022,massformer,completed,101,101,255,CASMI_MOL_1196890,CASMI_MOL_514012,514012,Cc1cccc(-c2nnnn2CCCC(=O)O)c1F,0.8632302187508794,binned_cosine_1Da,19,False,predicted_spectrum,7839
CASMI2022,massformer,completed,101,101,255,CASMI_MOL_1196890,CASMI_MOL_511562,511562,O=C(O)c1c2c(c(CO)c3c1OCCC3)OCCC2,0.862847833187897,binned_cosine_1Da,20,False,predicted_spectrum,7839
CASMI2022,massformer,completed,101,101,255,CASMI_MOL_1196890,CASMI_MOL_509624,509624,C=C(CO)C1Oc2cc(C(C)=O)c(O)cc2C1OC,0.8617470967728339,binned_cosine_1Da,21,False,predicted_spectrum,7839
CASMI2022,massformer,completed,101,101,255,CASMI_MOL_1196890,CASMI_MOL_509625,509625,C=C(CO)C1Oc2cc(C(C)=O)c(O)cc2C1OC,0.8617470967728339,binned_cosine_1Da,22,False,predicted_spectrum,7839
CASMI2022,massformer,completed,101,101,255,CASMI_MOL_1196890,CASMI_MOL_509626,509626,C=C(CO)C1Oc2cc(C(C)=O)c(O)cc2C1OC,0.8617470967728339,binned_cosine_1Da,23,False,predicted_spectrum,7839
CASMI2022,massformer,completed,101,101,255,CASMI_MOL_1196890,CASMI_MOL_510930,510930,C=C(CO)C1Oc2cc(C(C)=O)c(O)cc2C1OC,0.8617470967728339,binned_cosine_1Da,24,False,predicted_spectrum,7839
CASMI2022,massformer,completed,101,101,255,CASMI_MOL_1196890,CASMI_MOL_510931,510931,C=C(CO)C1Oc2cc(C(C)=O)c(O)cc2C1OC,0.8617470967728339,binned_cosine_1Da,25,False,predicted_spectrum,7839
CASMI2022,massformer,completed,101,101,255,CASMI_MOL_1196890,CASMI_MOL_511086,511086,COc1cc2c(cc1OC)C(=O)CC(C)(C(=O)O)C2,0.8601791424308194,binned_cosine_1Da,26,False,predicted_spectrum,7839
CASMI2022,massformer,completed,101,101,255,CASMI_MOL_1196890,CASMI_MOL_511087,511087,COc1cc2c(cc1OC)C(=O)CC(C)(C(=O)O)C2,0.8601791424308194,binned_cosine_1Da,27,False,predicted_spectrum,7839
CASMI2022,massformer,completed,101,101,255,CASMI_MOL_1196890,CASMI_MOL_511391,511391,O=C(O)Cc1c2c(c(O)c3c1OCCC3)OCCC2,0.8599184821230292,binned_cosine_1Da,28,False,predicted_spectrum,7839
CASMI2022,massformer,completed,101,101,255,CASMI_MOL_1196890,CASMI_MOL_515770,515770,COc1cc2cc(CC(C)O)oc(=O)c2cc1OC,0.8598270023435012,binned_cosine_1Da,29,False,predicted_spectrum,7839
CASMI2022,massformer,completed,101,101,255,CASMI_MOL_1196890,CASMI_MOL_510382,510382,CC(O)C1CC2c3c(O)c4c(c(O)c3C1OC2C)O4,0.8592333930182126,binned_cosine_1Da,30,False,predicted_spectrum,7839
CASMI2022,massformer,completed,101,101,255,CASMI_MOL_1196890,CASMI_MOL_516595,516595,CC(O)C1CC2c3c(O)c4c(c(O)c3C1OC2C)O4,0.8592333930182126,binned_cosine_1Da,31,False,predicted_spectrum,7839
CASMI2022,massformer,completed,101,101,255,CASMI_MOL_1196890,CASMI_MOL_514014,514014,Cc1cccc(-c2nnnn2C(C)CC(=O)O)c1F,0.8591313285851543,binned_cosine_1Da,32,False,predicted_spectrum,7839
CASMI2022,massformer,completed,101,101,255,CASMI_MOL_1196890,CASMI_MOL_510099,510099,Cc1cc(C2CC(O)OC2=O)cc2c1C(O)CC2O,0.858048892019475,binned_cosine_1Da,33,False,predicted_spectrum,7839
CASMI2022,massformer,completed,101,101,255,CASMI_MOL_1196890,CASMI_MOL_511842,511842,Nc1nn(-c2ccccc2F)c(N)c1CCC(=O)O,0.8579968794027821,binned_cosine_1Da,34,False,predicted_spectrum,7839
CASMI2022,massformer,completed,101,101,255,CASMI_MOL_1196890,CASMI_MOL_511393,511393,COc1cc(C2(CC(=O)O)CC2)cc(C=O)c1OC,0.8578551216537642,binned_cosine_1Da,35,False,predicted_spectrum,7839
CASMI2022,massformer,completed,101,101,255,CASMI_MOL_1196890,CASMI_MOL_511840,511840,Nc1nn(-c2ccc(F)cc2)c(N)c1CCC(=O)O,0.8578507663232381,binned_cosine_1Da,36,False,predicted_spectrum,7839
CASMI2022,massformer,completed,101,101,255,CASMI_MOL_1196890,CASMI_MOL_511419,511419,COc1c2c(c(C(C)C(=O)O)c3c1OCC3)OCC2,0.8577546279139716,binned_cosine_1Da,37,False,predicted_spectrum,7839
CASMI2022,massformer,completed,101,101,255,CASMI_MOL_1196890,CASMI_MOL_513015,513015,COc1cc2c(cc1C(=O)O)C(CO)=CC(C)(C)O2,0.8575735674718066,binned_cosine_1Da,38,False,predicted_spectrum,7839
CASMI2022,massformer,completed,101,101,255,CASMI_MOL_1196890,CASMI_MOL_512961,512961,CC(C)Oc1cccc(-c2oc(O)cc2C(O)O)c1,0.8572744984593397,binned_cosine_1Da,39,False,predicted_spectrum,7839
CASMI2022,massformer,completed,101,101,255,CASMI_MOL_1196890,CASMI_MOL_513280,513280,CC(C)Oc1cccc(-c2oc(O)cc2C(O)O)c1,0.8572744984593397,binned_cosine_1Da,40,False,predicted_spectrum,7839
CASMI2022,massformer,completed,101,101,255,CASMI_MOL_1196890,CASMI_MOL_513281,513281,CC(C)Oc1cccc(-c2oc(O)cc2C(O)O)c1,0.8572744984593397,binned_cosine_1Da,41,False,predicted_spectrum,7839
CASMI2022,massformer,completed,101,101,255,CASMI_MOL_1196890,CASMI_MOL_513282,513282,CC(C)Oc1cccc(-c2oc(O)cc2C(O)O)c1,0.8572744984593397,binned_cosine_1Da,42,False,predicted_spectrum,7839
CASMI2022,massformer,completed,101,101,255,CASMI_MOL_1196890,CASMI_MOL_513283,513283,CC(C)Oc1cccc(-c2oc(O)cc2C(O)O)c1,0.8572744984593397,binned_cosine_1Da,43,False,predicted_spectrum,7839
CASMI2022,massformer,completed,101,101,255,CASMI_MOL_1196890,CASMI_MOL_509620,509620,COc1cc2c(cc1C(C)O)OC(=O)C(=C(C)C)O2,0.857138775195865,binned_cosine_1Da,44,False,predicted_spectrum,7839
CASMI2022,massformer,completed,101,101,255,CASMI_MOL_1196890,CASMI_MOL_509621,509621,COc1cc2c(cc1C(C)O)OC(=O)C(=C(C)C)O2,0.857138775195865,binned_cosine_1Da,45,False,predicted_spectrum,7839
CASMI2022,massformer,completed,101,101,255,CASMI_MOL_1196890,CASMI_MOL_511395,511395,COc1cc(C=O)c(C2(CC(=O)O)CC2)cc1OC,0.856899547887525,binned_cosine_1Da,46,False,predicted_spectrum,7839
CASMI2022,massformer,completed,101,101,255,CASMI_MOL_1196890,CASMI_MOL_513033,513033,CCC1C(C(C)=O)=C(C)Oc2c1oc(CO)cc2=O,0.8560722784521486,binned_cosine_1Da,47,False,predicted_spectrum,7839
CASMI2022,massformer,completed,101,101,255,CASMI_MOL_1196890,CASMI_MOL_510201,510201,Cc1c(C)c2c(c(C)c1O)C1OC(=O)C(C)(O2)C1O,0.8560227337268438,binned_cosine_1Da,48,False,predicted_spectrum,7839
CASMI2022,massformer,completed,101,101,255,CASMI_MOL_1196890,CASMI_MOL_511426,511426,COCc1ccc2c(c1C1(C(=O)O)CC1)OCCO2,0.8550114191310711,binned_cosine_1Da,49,False,predicted_spectrum,7839
CASMI2022,massformer,completed,101,101,255,CASMI_MOL_1196890,CASMI_MOL_514013,514013,Cc1cccc(-c2nnnn2CC(C)C(=O)O)c1F,0.8546792203028615,binned_cosine_1Da,50,False,predicted_spectrum,7839
CASMI2022,massformer,completed,101,101,255,CASMI_MOL_1196890,CASMI_MOL_511427,511427,COCc1ccc(C2(C(=O)O)CC2)c2c1OCCO2,0.8542060017989126,binned_cosine_1Da,51,False,predicted_spectrum,7839
CASMI2022,massformer,completed,101,101,255,CASMI_MOL_1196890,CASMI_MOL_509631,509631,CC(=O)CC1C(=O)c2c(O)ccc(O)c2C(O)C1C,0.8536971137478326,binned_cosine_1Da,52,False,predicted_spectrum,7839
CASMI2022,massformer,completed,101,101,255,CASMI_MOL_1196890,CASMI_MOL_513652,513652,CC(=O)CC1C(=O)c2c(O)ccc(O)c2C(O)C1C,0.8536971137478326,binned_cosine_1Da,53,False,predicted_spectrum,7839
CASMI2022,massformer,completed,101,101,255,CASMI_MOL_1196890,CASMI_MOL_513025,513025,C=C(C)C(O)Cc1cc2c(cc1O)OC(O)CC2=O,0.8534770167717479,binned_cosine_1Da,54,False,predicted_spectrum,7839
CASMI2022,massformer,completed,101,101,255,CASMI_MOL_1196890,CASMI_MOL_510346,510346,CC(C)C1(O)C(=O)OC(=O)C1c1ccc(CO)cc1,0.8532584304149069,binned_cosine_1Da,55,False,predicted_spectrum,7839
CASMI2022,massformer,completed,101,101,255,CASMI_MOL_1196890,CASMI_MOL_516285,516285,CC(C)c1oc2cc(O)c(CCC(=O)O)cc2c1O,0.8528848652745752,binned_cosine_1Da,56,False,predicted_spectrum,7839
CASMI2022,massformer,completed,101,101,255,CASMI_MOL_1196890,CASMI_MOL_509668,509668,COc1cc(OC)c2c(=O)oc(CC(C)O)cc2c1,0.8528292403761311,binned_cosine_1Da,57,False,predicted_spectrum,7839
CASMI2022,massformer,completed,101,101,255,CASMI_MOL_1196890,CASMI_MOL_516388,516388,COc1cc(OC)c2c(=O)oc(CC(C)O)cc2c1,0.8528292403761311,binned_cosine_1Da,58,False,predicted_spectrum,7839
CASMI2022,massformer,completed,101,101,255,CASMI_MOL_1196890,CASMI_MOL_516700,516700,COc1cc(OC)c2c(=O)oc(CC(C)O)cc2c1,0.8528292403761311,binned_cosine_1Da,59,False,predicted_spectrum,7839
CASMI2022,massformer,completed,101,101,255,CASMI_MOL_1196890,CASMI_MOL_513906,513906,COc1cc(OC)c2c(c1)C(=O)CC2(C)CC(=O)O,0.8522782347330309,binned_cosine_1Da,60,False,predicted_spectrum,7839
CASMI2022,massformer,completed,101,101,255,CASMI_MOL_1196890,CASMI_MOL_511897,511897,CCCc1c(C(=O)O)oc2cc(OC)cc(OC)c12,0.8521658581756124,binned_cosine_1Da,61,False,predicted_spectrum,7839
CASMI2022,massformer,completed,101,101,255,CASMI_MOL_1196890,CASMI_MOL_513628,513628,CC(C)C1(O)C(=O)OC(=O)C1c1ccccc1CO,0.8519621915050939,binned_cosine_1Da,62,False,predicted_spectrum,7839
CASMI2022,massformer,completed,101,101,255,CASMI_MOL_1196890,CASMI_MOL_511019,511019,Cc1c(C)c2c(c(C)c1O)C(=O)CC(C)(C(=O)O)O2,0.8509927959107735,binned_cosine_1Da,63,False,predicted_spectrum,7839
CASMI2022,massformer,completed,101,101,255,CASMI_MOL_1196890,CASMI_MOL_511841,511841,Nc1nn(-c2cccc(F)c2)c(N)c1CCC(=O)O,0.8507519550664091,binned_cosine_1Da,64,False,predicted_spectrum,7839
CASMI2022,massformer,completed,101,101,255,CASMI_MOL_1196890,CASMI_MOL_516623,516623,COc1cc2c(c(CO)c1C(=O)O)C=CC(C)(C)O2,0.8504624948033824,binned_cosine_1Da,65,False,predicted_spectrum,7839
CASMI2022,massformer,completed,101,101,255,CASMI_MOL_1196890,CASMI_MOL_509642,509642,CC(=O)C1c2cc(O)cc(O)c2C(=O)C(C)C1(C)O,0.8503767894465989,binned_cosine_1Da,66,False,predicted_spectrum,7839
CASMI2022,massformer,completed,101,101,255,CASMI_MOL_1196890,CASMI_MOL_509643,509643,CC(=O)C1c2cc(O)cc(O)c2C(=O)C(C)C1(C)O,0.8503767894465989,binned_cosine_1Da,67,False,predicted_spectrum,7839
CASMI2022,massformer,completed,101,101,255,CASMI_MOL_1196890,CASMI_MOL_511451,511451,COCc1ccc2c(c1C1(C(=O)O)CCC1)OCO2,0.8498493571381625,binned_cosine_1Da,68,False,predicted_spectrum,7839
CASMI2022,massformer,completed,101,101,255,CASMI_MOL_1196890,CASMI_MOL_509545,509545,CC1(C)Oc2ccc3c(c2C(O)C1O)OC(O)C=C3,0.8495044496736006,binned_cosine_1Da,69,False,predicted_spectrum,7839
CASMI2022,massformer,completed,101,101,255,CASMI_MOL_1196890,CASMI_MOL_516196,516196,COc1cc2c(cc1OC)C(=O)C(C(=O)O)CCC2,0.8494785145202789,binned_cosine_1Da,70,False,predicted_spectrum,7839
CASMI2022,massformer,completed,101,101,255,CASMI_MOL_1196890,CASMI_MOL_511000,511000,CCC(O)c1cc2cc(OC)cc(OC)c2oc1=O,0.8486407570515628,binned_cosine_1Da,71,False,predicted_spectrum,7839
CASMI2022,massformer,completed,101,101,255,CASMI_MOL_1196890,CASMI_MOL_513217,513217,COC(O)c1cc(O)c2ccccc2c1C(O)OC,0.8486353695294715,binned_cosine_1Da,72,False,predicted_spectrum,7839
CASMI2022,massformer,completed,101,101,255,CASMI_MOL_1196890,CASMI_MOL_509606,509606,COc1c(O)c(C(C)=O)cc2c1OC(C)(CO)C=C2,0.8485504923153651,binned_cosine_1Da,73,False,predicted_spectrum,7839
CASMI2022,massformer,completed,101,101,255,CASMI_MOL_1196890,CASMI_MOL_509607,509607,COc1c(O)c(C(C)=O)cc2c1OC(C)(CO)C=C2,0.8485504923153651,binned_cosine_1Da,74,False,predicted_spectrum,7839
CASMI2022,massformer,completed,101,101,255,CASMI_MOL_1196890,CASMI_MOL_516282,516282,COc1cc(C2OC(=O)C(C)C2C)cc2c1OCO2,0.8484585652665346,binned_cosine_1Da,75,False,predicted_spectrum,7839
CASMI2022,massformer,completed,101,101,255,CASMI_MOL_1196890,CASMI_MOL_511498,511498,CC(Cc1c2c(c(O)c3c1OCC3)OCC2)C(=O)O,0.8480584623034224,binned_cosine_1Da,76,False,predicted_spectrum,7839
CASMI2022,massformer,completed,101,101,255,CASMI_MOL_1196890,CASMI_MOL_513904,513904,COc1cc(OC)c(OC)c2c1CC(C(=O)O)=CC2,0.8479566876785897,binned_cosine_1Da,77,False,predicted_spectrum,7839
CASMI2022,massformer,completed,101,101,255,CASMI_MOL_1196890,CASMI_MOL_511452,511452,COCc1ccc(C2(C(=O)O)CCC2)c2c1OCO2,0.8476460046599539,binned_cosine_1Da,78,False,predicted_spectrum,7839
CASMI2022,massformer,completed,101,101,255,CASMI_MOL_1196890,CASMI_MOL_510210,510210,COc1cc(CC2CC2)c(C=O)c(C(=O)O)c1OC,0.8474464352664379,binned_cosine_1Da,79,False,predicted_spectrum,7839
CASMI2022,massformer,completed,101,101,255,CASMI_MOL_1196890,CASMI_MOL_513908,513908,COc1cc2c(cc1OC)C(C)(CC(=O)O)CC2=O,0.8472829469716838,binned_cosine_1Da,80,False,predicted_spectrum,7839
CASMI2022,massformer,completed,101,101,255,CASMI_MOL_1196890,CASMI_MOL_511425,511425,COCc1cc2c(cc1C1(C(=O)O)CC1)OCCO2,0.8471212164023756,binned_cosine_1Da,81,False,predicted_spectrum,7839
CASMI2022,massformer,completed,101,101,255,CASMI_MOL_1196890,CASMI_MOL_509636,509636,COC(=O)C(C)C1Cc2cc(O)c(C(C)=O)cc2O1,0.8467557850209182,binned_cosine_1Da,82,False,predicted_spectrum,7839
CASMI2022,massformer,completed,101,101,255,CASMI_MOL_1196890,CASMI_MOL_509637,509637,COC(=O)C(C)C1Cc2cc(O)c(C(C)=O)cc2O1,0.8467557850209182,binned_cosine_1Da,83,False,predicted_spectrum,7839
CASMI2022,massformer,completed,101,101,255,CASMI_MOL_1196890,CASMI_MOL_509662,509662,COC(=O)C(C)C1Cc2cc(O)c(C(C)=O)cc2O1,0.8467557850209182,binned_cosine_1Da,84,False,predicted_spectrum,7839
CASMI2022,massformer,completed,101,101,255,CASMI_MOL_1196890,CASMI_MOL_516611,516611,Cc1c(O)c2c(c(O)c1CC=O)CC(C)(C(=O)O)C2,0.8463915615622,binned_cosine_1Da,85,False,predicted_spectrum,7839
CASMI2022,massformer,completed,101,101,255,CASMI_MOL_1196890,CASMI_MOL_516634,516634,Cc1c(O)c2c(c(O)c1CC=O)CC(C)(C(=O)O)C2,0.8463915615622,binned_cosine_1Da,86,False,predicted_spectrum,7839
CASMI2022,massformer,completed,101,101,255,CASMI_MOL_1196890,CASMI_MOL_516639,516639,Cc1c(O)c2c(c(O)c1CC=O)CC(C)(C(=O)O)C2,0.8463915615622,binned_cosine_1Da,87,False,predicted_spectrum,7839
CASMI2022,massformer,completed,101,101,255,CASMI_MOL_1196890,CASMI_MOL_514795,514795,Cc1ccc(F)cc1-c1nnnn1CCCC(=O)O,0.8458137726569865,binned_cosine_1Da,88,False,predicted_spectrum,7839
CASMI2022,massformer,completed,101,101,255,CASMI_MOL_1196890,CASMI_MOL_511563,511563,CC(C)(O)c1c2c(c(C(=O)O)c3c1OCC3)OCC2,0.8452436909140612,binned_cosine_1Da,89,False,predicted_spectrum,7839
CASMI2022,massformer,completed,101,101,255,CASMI_MOL_1196890,CASMI_MOL_511392,511392,CC1Cc2c(CC(=O)O)c3c(c(O)c2O1)CC(C)O3,0.8451653246436877,binned_cosine_1Da,90,False,predicted_spectrum,7839
CASMI2022,massformer,completed,101,101,255,CASMI_MOL_1196890,CASMI_MOL_513219,513219,COc1ccc(OC)c2c1C(C)OC1CC(=O)OC21,0.8446432942423663,binned_cosine_1Da,91,False,predicted_spectrum,7839
CASMI2022,massformer,completed,101,101,255,CASMI_MOL_1196890,CASMI_MOL_514422,514422,COc1ccc(OC)c2c1C(C)OC1CC(=O)OC21,0.8446432942423663,binned_cosine_1Da,92,False,predicted_spectrum,7839
CASMI2022,massformer,completed,101,101,255,CASMI_MOL_1196890,CASMI_MOL_516721,516721,COc1ccc(OC)c2c1C(C)OC1CC(=O)OC21,0.8446432942423663,binned_cosine_1Da,93,False,predicted_spectrum,7839
CASMI2022,massformer,completed,101,101,255,CASMI_MOL_1196890,CASMI_MOL_516794,516794,COc1ccc(OC)c2c1C(C)OC1CC(=O)OC21,0.8446432942423663,binned_cosine_1Da,94,False,predicted_spectrum,7839
CASMI2022,massformer,completed,101,101,255,CASMI_MOL_1196890,CASMI_MOL_514790,514790,Cc1ccc(-c2nnnn2CCCC(=O)O)cc1F,0.8443851855542628,binned_cosine_1Da,95,False,predicted_spectrum,7839
CASMI2022,massformer,completed,101,101,255,CASMI_MOL_1196890,CASMI_MOL_511428,511428,COCc1c(C2(C(=O)O)CC2)ccc2c1OCCO2,0.8442469531597405,binned_cosine_1Da,96,False,predicted_spectrum,7839
CASMI2022,massformer,completed,101,101,255,CASMI_MOL_1196890,CASMI_MOL_514794,514794,Cc1ccc(-c2nnnn2C(C)CC(=O)O)cc1F,0.8442116934850024,binned_cosine_1Da,97,False,predicted_spectrum,7839
CASMI2022,massformer,completed,101,101,255,CASMI_MOL_1196890,CASMI_MOL_511389,511389,COc1c2c(c(C(=O)O)c3c1OCCC3)OCCC2,0.8440241371537065,binned_cosine_1Da,98,False,predicted_spectrum,7839
CASMI2022,massformer,completed,101,101,255,CASMI_MOL_1196890,CASMI_MOL_512038,512038,Cc1cc(F)ccc1-c1nnnn1CCCC(=O)O,0.8430244428441014,binned_cosine_1Da,99,False,predicted_spectrum,7839
CASMI2022,massformer,completed,101,101,255,CASMI_MOL_1196890,CASMI_MOL_514803,514803,Cc1cc(-c2nnnn2C(C)CC(=O)O)ccc1F,0.8422418181334146,binned_cosine_1Da,100,False,predicted_spectrum,7839
CASMI2022,massformer,completed,101,101,255,CASMI_MOL_1196890,CASMI_MOL_1196890,1196890,CCC1(C)C(=O)C=C2C(=COC(C(=O)O)=C2C)C1O,0.5541634540089084,binned_cosine_1Da,3925,True,predicted_spectrum,7839
CASMI2022,massformer,completed,102,102,256,CASMI_MOL_1196891,CASMI_MOL_520699,520699,C=C1C(=O)CC(OC(C)OCC)C1C(C=CCCCCC)Sc1ccccc1,0.35159545007007376,binned_cosine_1Da,1,False,predicted_spectrum,4859
CASMI2022,massformer,completed,102,102,256,CASMI_MOL_1196891,CASMI_MOL_521410,521410,C=C1C(=O)CC(OC(C)OCC)C1C(C=CCCCCC)Sc1ccccc1,0.35159545007007376,binned_cosine_1Da,2,False,predicted_spectrum,4859
CASMI2022,massformer,completed,102,102,256,CASMI_MOL_1196891,CASMI_MOL_518584,518584,CCCCCC=CC1CCC(c2ccc(OC)cc2OC)CC(=O)CCC1=S,0.3460775084882153,binned_cosine_1Da,3,False,predicted_spectrum,4859
CASMI2022,massformer,completed,102,102,256,CASMI_MOL_1196891,CASMI_MOL_519658,519658,CCCCC(F)C(O)C=CC1C(O)CC2OC(=CCCCC(=O)OC)C(F)C21,0.340702744962429,binned_cosine_1Da,4,False,predicted_spectrum,4859
CASMI2022,massformer,completed,102,102,256,CASMI_MOL_1196891,CASMI_MOL_519992,519992,CCCCC(F)C(O)C=CC1C(O)CC2OC(=CCCCC(=O)OC)C(F)C21,0.340702744962429,binned_cosine_1Da,5,False,predicted_spectrum,4859
CASMI2022,massformer,completed,102,102,256,CASMI_MOL_1196891,CASMI_MOL_519993,519993,CCCCC(F)C(O)C=CC1C(O)CC2OC(=CCCCC(=O)OC)C(F)C21,0.340702744962429,binned_cosine_1Da,6,False,predicted_spectrum,4859
CASMI2022,massformer,completed,102,102,256,CASMI_MOL_1196891,CASMI_MOL_520716,520716,CCCCC(F)C(O)C=CC1C(O)CC2OC(=CCCCC(=O)OC)C(F)C21,0.340702744962429,binned_cosine_1Da,7,False,predicted_spectrum,4859
CASMI2022,massformer,completed,102,102,256,CASMI_MOL_1196891,CASMI_MOL_521372,521372,CCCc1cc([S+]([O-])c2cc(CCC)c(O)c(CCC)c2)cc(CCC)c1O,0.3351505052650476,binned_cosine_1Da,8,False,predicted_spectrum,4859
CASMI2022,massformer,completed,102,102,256,CASMI_MOL_1196891,CASMI_MOL_517445,517445,CCOC(=O)C1=C(C)N=C(C)C(C(=O)OCC)C1c1cn(C2CCCCC2)nn1,0.33245339766181575,binned_cosine_1Da,9,False,predicted_spectrum,4859
CASMI2022,massformer,completed,102,102,256,CASMI_MOL_1196891,CASMI_MOL_519994,519994,CCCCC(C)(F)C(O)C=CC1C(O)CC2OC(=CCCCC(=O)O)C(F)C21,0.3308307459625858,binned_cosine_1Da,10,False,predicted_spectrum,4859
CASMI2022,massformer,completed,102,102,256,CASMI_MOL_1196891,CASMI_MOL_519995,519995,CCCCC(C)(F)C(O)C=CC1C(O)CC2OC(=CCCCC(=O)O)C(F)C21,0.3308307459625858,binned_cosine_1Da,11,False,predicted_spectrum,4859
CASMI2022,massformer,completed,102,102,256,CASMI_MOL_1196891,CASMI_MOL_520409,520409,CCCCC(C)(F)C(O)C=CC1C(O)CC2OC(=CCCCC(=O)O)C(F)C21,0.3308307459625858,binned_cosine_1Da,12,False,predicted_spectrum,4859
CASMI2022,massformer,completed,102,102,256,CASMI_MOL_1196891,CASMI_MOL_519996,519996,CCCCC(C)(F)C(O)C=CC1C(O)CC2OC(C=CCCC(=O)O)C(F)C21,0.3246155931015007,binned_cosine_1Da,13,False,predicted_spectrum,4859
CASMI2022,massformer,completed,102,102,256,CASMI_MOL_1196891,CASMI_MOL_519997,519997,CCCCC(C)(F)C(O)C=CC1C(O)CC2OC(C=CCCC(=O)O)C(F)C21,0.3246155931015007,binned_cosine_1Da,14,False,predicted_spectrum,4859
CASMI2022,massformer,completed,102,102,256,CASMI_MOL_1196891,CASMI_MOL_520410,520410,CCCCC(C)(F)C(O)C=CC1C(O)CC2OC(C=CCCC(=O)O)C(F)C21,0.3246155931015007,binned_cosine_1Da,15,False,predicted_spectrum,4859
CASMI2022,massformer,completed,102,102,256,CASMI_MOL_1196891,CASMI_MOL_521357,521357,CC(C)c1cc([S+]([O-])c2cc(C(C)C)c(O)c(C(C)C)c2)cc(C(C)C)c1O,0.305783469002969,binned_cosine_1Da,16,False,predicted_spectrum,4859
CASMI2022,massformer,completed,102,102,256,CASMI_MOL_1196891,CASMI_MOL_517277,517277,Cc1nc(-c2nnn(C)c2CO)ccc1OC1CCCC(C(=O)OC(C)(C)C)C1,0.3025950900297532,binned_cosine_1Da,17,False,predicted_spectrum,4859
CASMI2022,massformer,completed,102,102,256,CASMI_MOL_1196891,CASMI_MOL_517715,517715,Cc1nc(-c2nnn(C)c2CO)ccc1OC1CCCC(C(=O)OC(C)(C)C)C1,0.3025950900297532,binned_cosine_1Da,18,False,predicted_spectrum,4859
CASMI2022,massformer,completed,102,102,256,CASMI_MOL_1196891,CASMI_MOL_518067,518067,Cc1nc(-c2nnn(C)c2CO)ccc1OC1CCCC(C(=O)OC(C)(C)C)C1,0.3025950900297532,binned_cosine_1Da,19,False,predicted_spectrum,4859
CASMI2022,massformer,completed,102,102,256,CASMI_MOL_1196891,CASMI_MOL_519679,519679,CCCCCC(O)C=CC1C(O)CC2OC(=CCCCC(=O)OC)C(F)(F)C21,0.30163714594969143,binned_cosine_1Da,20,False,predicted_spectrum,4859
CASMI2022,massformer,completed,102,102,256,CASMI_MOL_1196891,CASMI_MOL_519311,519311,CCSC=CC1=C(Cc2ccc(C(C)C)c(OC)c2OC)C(=O)CCC1(C)C,0.29278266845803147,binned_cosine_1Da,21,False,predicted_spectrum,4859
CASMI2022,massformer,completed,102,102,256,CASMI_MOL_1196891,CASMI_MOL_517951,517951,CCCCCCCCC1C(=O)CC(O)C1CCC(O)c1cc2ccccc2s1,0.2868422196251544,binned_cosine_1Da,22,False,predicted_spectrum,4859
CASMI2022,massformer,completed,102,102,256,CASMI_MOL_1196891,CASMI_MOL_518586,518586,CC=CC(=CC)C1=C(c2c(C)sc(C)c2C(OC(C)(C)C)C(=O)O)CCCC1,0.28516498962760384,binned_cosine_1Da,23,False,predicted_spectrum,4859
CASMI2022,massformer,completed,102,102,256,CASMI_MOL_1196891,CASMI_MOL_520134,520134,CC(C)(C)OC(=O)N1CCC(OC2CCC(Oc3cnc(C#N)cn3)CC2)CC1,0.28377866760932446,binned_cosine_1Da,24,False,predicted_spectrum,4859
CASMI2022,massformer,completed,102,102,256,CASMI_MOL_1196891,CASMI_MOL_520018,520018,C=CC(O)CC(CCC)C1C(O)CC2OC(=CCCCC(=O)OC)C(F)(F)C21,0.2824573403149321,binned_cosine_1Da,25,False,predicted_spectrum,4859
CASMI2022,massformer,completed,102,102,256,CASMI_MOL_1196891,CASMI_MOL_520411,520411,C=CC(O)CC(CCC)C1C(O)CC2OC(=CCCCC(=O)OC)C(F)(F)C21,0.2824573403149321,binned_cosine_1Da,26,False,predicted_spectrum,4859
CASMI2022,massformer,completed,102,102,256,CASMI_MOL_1196891,CASMI_MOL_521779,521779,CCCCCCCCCOc1csc(C=CC(C)=CC=CC(C)=CC(=O)O)c1,0.2730481476741872,binned_cosine_1Da,27,False,predicted_spectrum,4859
CASMI2022,massformer,completed,102,102,256,CASMI_MOL_1196891,CASMI_MOL_520383,520383,CCC(C)C(=O)OC1C2CC3CC1CC(C2)C3OC(C)(C)c1ccc(S)cc1,0.26627487679530587,binned_cosine_1Da,28,False,predicted_spectrum,4859
CASMI2022,massformer,completed,102,102,256,CASMI_MOL_1196891,CASMI_MOL_517860,517860,CC1CC2C3CC(F)C4CC(O)CCC4(C)C3(F)C(O)CC2(C)C1(O)C(=O)O,0.2656713378917605,binned_cosine_1Da,29,False,predicted_spectrum,4859
CASMI2022,massformer,completed,102,102,256,CASMI_MOL_1196891,CASMI_MOL_520420,520420,CCCC(F)(F)C(=O)C=CCC1C(O)CC(=O)C1CCCCCCC(=O)OC,0.2644657408592227,binned_cosine_1Da,30,False,predicted_spectrum,4859
CASMI2022,massformer,completed,102,102,256,CASMI_MOL_1196891,CASMI_MOL_521778,521778,CCCC(F)(F)C(=O)C=CCC1C(O)CC(=O)C1CCCCCCC(=O)OC,0.2644657408592227,binned_cosine_1Da,31,False,predicted_spectrum,4859
CASMI2022,massformer,completed,102,102,256,CASMI_MOL_1196891,CASMI_MOL_519896,519896,CCCCCCCCCOc1ccsc1C=CC(C)=CC=CC(C)=CC(=O)O,0.2632248438770969,binned_cosine_1Da,32,False,predicted_spectrum,4859
CASMI2022,massformer,completed,102,102,256,CASMI_MOL_1196891,CASMI_MOL_520338,520338,CCCCCCCCCOc1ccsc1C=CC(C)=CC=CC(C)=CC(=O)O,0.2632248438770969,binned_cosine_1Da,33,False,predicted_spectrum,4859
CASMI2022,massformer,completed,102,102,256,CASMI_MOL_1196891,CASMI_MOL_517981,517981,CC(C)(C)C(=O)C(=O)C(O)C(O)(C(=O)C(C)(C)C)C(O)C(=O)C(O)C(C)(C)C,0.25811633092050756,binned_cosine_1Da,34,False,predicted_spectrum,4859
CASMI2022,massformer,completed,102,102,256,CASMI_MOL_1196891,CASMI_MOL_521292,521292,COc1cc(Cc2cnc(NCOC3CCCCC3)nc2N)cc(OC)c1OC,0.2580434145819355,binned_cosine_1Da,35,False,predicted_spectrum,4859
CASMI2022,massformer,completed,102,102,256,CASMI_MOL_1196891,CASMI_MOL_519700,519700,CC(C)(C)C(C(=O)C(C(=O)O)C(O)(CC(=O)O)C(=O)O)(C(C)(C)C)C(C)(C)C,0.25643337833083696,binned_cosine_1Da,36,False,predicted_spectrum,4859
CASMI2022,massformer,completed,102,102,256,CASMI_MOL_1196891,CASMI_MOL_518044,518044,CCCCCCCCCCCCS(=O)(=O)Oc1ccc(-c2ccccc2)cc1,0.24601060691320564,binned_cosine_1Da,37,False,predicted_spectrum,4859
CASMI2022,massformer,completed,102,102,256,CASMI_MOL_1196891,CASMI_MOL_519644,519644,Cc1c(C=CC(=O)OCCSC2CC3CCC2C3)cc(C(C)(C)C)c(O)c1C,0.2450878934583577,binned_cosine_1Da,38,False,predicted_spectrum,4859
CASMI2022,massformer,completed,102,102,256,CASMI_MOL_1196891,CASMI_MOL_517511,517511,CCCCCCCCCOc1ccc(C=CC=CC=CC(C)=C(C)C(=O)O)s1,0.24479466272659894,binned_cosine_1Da,39,False,predicted_spectrum,4859
CASMI2022,massformer,completed,102,102,256,CASMI_MOL_1196891,CASMI_MOL_519699,519699,CC(=O)OC(C(=O)O)(C(C(=O)O)C(C)(C)C)C(C(=O)O)(C(C)(C)C)C(C)(C)C,0.24371222901895467,binned_cosine_1Da,40,False,predicted_spectrum,4859
CASMI2022,massformer,completed,102,102,256,CASMI_MOL_1196891,CASMI_MOL_517813,517813,CCC=CCC=CCC=CCC=CCC=CCC(=S)CC(=O)CCCC(=O)O,0.24350875329992078,binned_cosine_1Da,41,False,predicted_spectrum,4859
CASMI2022,massformer,completed,102,102,256,CASMI_MOL_1196891,CASMI_MOL_518050,518050,CC=C(C=c1nc(CC)c(NNC(=O)C2CCC(OC)C2)nc1=CC)C(=O)OC,0.24259404122892322,binned_cosine_1Da,42,False,predicted_spectrum,4859
CASMI2022,massformer,completed,102,102,256,CASMI_MOL_1196891,CASMI_MOL_520221,520221,CCCCCCCCCCCCC1(O)C(=O)OC(C(=O)OC)C1(O)C(=O)OC,0.24075374893680143,binned_cosine_1Da,43,False,predicted_spectrum,4859
CASMI2022,massformer,completed,102,102,256,CASMI_MOL_1196891,CASMI_MOL_520874,520874,CCCCCCCCCCCCC1(O)C(=O)OC(C(=O)OC)C1(O)C(=O)OC,0.24075374893680143,binned_cosine_1Da,44,False,predicted_spectrum,4859
CASMI2022,massformer,completed,102,102,256,CASMI_MOL_1196891,CASMI_MOL_520169,520169,CCCC(F)(F)C(=O)CCCC1C(O)CC(=O)C1CC=CCCCC(=O)OC,0.23922676110538385,binned_cosine_1Da,45,False,predicted_spectrum,4859
CASMI2022,massformer,completed,102,102,256,CASMI_MOL_1196891,CASMI_MOL_520170,520170,CCCC(F)(F)C(=O)CCCC1C(O)CC(=O)C1CC=CCCCC(=O)OC,0.23922676110538385,binned_cosine_1Da,46,False,predicted_spectrum,4859
CASMI2022,massformer,completed,102,102,256,CASMI_MOL_1196891,CASMI_MOL_521668,521668,CCCC(F)(F)C(=O)CCCC1C(O)CC(=O)C1CC=CCCCC(=O)OC,0.23922676110538385,binned_cosine_1Da,47,False,predicted_spectrum,4859
CASMI2022,massformer,completed,102,102,256,CASMI_MOL_1196891,CASMI_MOL_520417,520417,CCCC(F)(F)C(=O)CCCC1C(=O)CC(O)C1CC=CCCCC(=O)OC,0.23635740098262886,binned_cosine_1Da,48,False,predicted_spectrum,4859
CASMI2022,massformer,completed,102,102,256,CASMI_MOL_1196891,CASMI_MOL_521667,521667,CCCC(F)(F)C(=O)CCCC1C(=O)CC(O)C1CC=CCCCC(=O)OC,0.23635740098262886,binned_cosine_1Da,49,False,predicted_spectrum,4859
CASMI2022,massformer,completed,102,102,256,CASMI_MOL_1196891,CASMI_MOL_519522,519522,CCC1(C(O)CC=CC2=CCCC2CCCc2ccc(C(=O)OC)s2)CCC1,0.23581170376719143,binned_cosine_1Da,50,False,predicted_spectrum,4859
CASMI2022,massformer,completed,102,102,256,CASMI_MOL_1196891,CASMI_MOL_520972,520972,CCC1(C(O)CC=CC2=CCCC2CCCc2ccc(C(=O)OC)s2)CCC1,0.23581170376719143,binned_cosine_1Da,51,False,predicted_spectrum,4859
CASMI2022,massformer,completed,102,102,256,CASMI_MOL_1196891,CASMI_MOL_519897,519897,CCCCCCCCCOc1ccc(C=CC(C)=CC=CC(C)=CC(=O)O)s1,0.23405167940028687,binned_cosine_1Da,52,False,predicted_spectrum,4859
CASMI2022,massformer,completed,102,102,256,CASMI_MOL_1196891,CASMI_MOL_520339,520339,CCCCCCCCCOc1ccc(C=CC(C)=CC=CC(C)=CC(=O)O)s1,0.23405167940028687,binned_cosine_1Da,53,False,predicted_spectrum,4859
CASMI2022,massformer,completed,102,102,256,CASMI_MOL_1196891,CASMI_MOL_517986,517986,CCSCC(O)C(O)CCCCCCCCC(O)COc1ccc(F)cc1,0.23403604299706296,binned_cosine_1Da,54,False,predicted_spectrum,4859
CASMI2022,massformer,completed,102,102,256,CASMI_MOL_1196891,CASMI_MOL_517433,517433,CCC(C)=CC(C)(C)CC1C(=O)CC(CCSc2ccc(OC)cc2)CC1=O,0.23211394267825788,binned_cosine_1Da,55,False,predicted_spectrum,4859
CASMI2022,massformer,completed,102,102,256,CASMI_MOL_1196891,CASMI_MOL_519548,519548,CCCCC(F)(F)C(=O)CCC1C(O)CC(=O)C1CC=CCCCC(=O)OC,0.23177009890617864,binned_cosine_1Da,56,False,predicted_spectrum,4859
CASMI2022,massformer,completed,102,102,256,CASMI_MOL_1196891,CASMI_MOL_520292,520292,CCCCC(F)(F)C(=O)CCC1C(O)CC(=O)C1CC=CCCCC(=O)OC,0.23177009890617864,binned_cosine_1Da,57,False,predicted_spectrum,4859
CASMI2022,massformer,completed,102,102,256,CASMI_MOL_1196891,CASMI_MOL_521669,521669,CCCCC(F)(F)C(=O)CCC1C(O)CC(=O)C1CC=CCCCC(=O)OC,0.23177009890617864,binned_cosine_1Da,58,False,predicted_spectrum,4859
CASMI2022,massformer,completed,102,102,256,CASMI_MOL_1196891,CASMI_MOL_521776,521776,CCCCC(F)(F)C(=O)CCC1C(O)CC(=O)C1CC=CCCCC(=O)OC,0.23177009890617864,binned_cosine_1Da,59,False,predicted_spectrum,4859
CASMI2022,massformer,completed,102,102,256,CASMI_MOL_1196891,CASMI_MOL_519286,519286,CCCCCCCCCCCCC1(C(=O)OC)OC(=O)C(O)C1(O)C(=O)OC,0.23041871374060616,binned_cosine_1Da,60,False,predicted_spectrum,4859
CASMI2022,massformer,completed,102,102,256,CASMI_MOL_1196891,CASMI_MOL_521718,521718,CCCCCCCCCCCCC1(C(=O)OC)OC(=O)C(O)C1(O)C(=O)OC,0.23041871374060616,binned_cosine_1Da,61,False,predicted_spectrum,4859
CASMI2022,massformer,completed,102,102,256,CASMI_MOL_1196891,CASMI_MOL_521719,521719,CCCCCCCCCCCCC1(C(=O)OC)OC(=O)C(O)C1(O)C(=O)OC,0.23041871374060616,binned_cosine_1Da,62,False,predicted_spectrum,4859
CASMI2022,massformer,completed,102,102,256,CASMI_MOL_1196891,CASMI_MOL_521406,521406,CCCCC(CCCC)(C(=O)O)C(O)(C(=O)O)C(CCCC)(C(C)=O)C(=O)O,0.22990774882076212,binned_cosine_1Da,63,False,predicted_spectrum,4859
CASMI2022,massformer,completed,102,102,256,CASMI_MOL_1196891,CASMI_MOL_519654,519654,CCCCCCCCCCCCc1cccc2c1C(=O)C(OC)=C(OC)C2=S,0.22771169809109387,binned_cosine_1Da,64,False,predicted_spectrum,4859
CASMI2022,massformer,completed,102,102,256,CASMI_MOL_1196891,CASMI_MOL_521638,521638,Cc1nn(Cc2ccc(C(=O)NC3CCC(C(C)(C)C)CC3)o2)c(C)c1[N+](=O)[O-],0.22648892833485085,binned_cosine_1Da,65,False,predicted_spectrum,4859
CASMI2022,massformer,completed,102,102,256,CASMI_MOL_1196891,CASMI_MOL_521358,521358,CCCCC(O)(CC=CC1C(O)CC(=O)C1CC=CCCCC(=O)O)C(F)F,0.22608760142914647,binned_cosine_1Da,66,False,predicted_spectrum,4859
CASMI2022,massformer,completed,102,102,256,CASMI_MOL_1196891,CASMI_MOL_521360,521360,CCCCCC(C)C(C)c1cc(OC(C)=O)c2c(c1)OC(C)(C)C1=C2CCS1,0.22435647219835791,binned_cosine_1Da,67,False,predicted_spectrum,4859
CASMI2022,massformer,completed,102,102,256,CASMI_MOL_1196891,CASMI_MOL_519535,519535,CCCCCCCCCCCCSC1CC(=O)C(C(=O)c2ccccc2)C1=O,0.22371613384469802,binned_cosine_1Da,68,False,predicted_spectrum,4859
CASMI2022,massformer,completed,102,102,256,CASMI_MOL_1196891,CASMI_MOL_521285,521285,CCCCCCCCCCCCSC1CC(=O)C(C(=O)c2ccccc2)C1=O,0.22371613384469802,binned_cosine_1Da,69,False,predicted_spectrum,4859
CASMI2022,massformer,completed,102,102,256,CASMI_MOL_1196891,CASMI_MOL_521730,521730,CCCCCCCCCCC1CC2(OC(OC)C(O)C2(O)C(=O)OC)C(=O)O1,0.22327324474230784,binned_cosine_1Da,70,False,predicted_spectrum,4859
CASMI2022,massformer,completed,102,102,256,CASMI_MOL_1196891,CASMI_MOL_521471,521471,CCCCCCCCCCCCc1c(-c2ccccc2)cccc1S(=O)(=O)O,0.22115351966109836,binned_cosine_1Da,71,False,predicted_spectrum,4859
CASMI2022,massformer,completed,102,102,256,CASMI_MOL_1196891,CASMI_MOL_520355,520355,Cc1nc(OCCCC2CCN(c3nc(C(C)(C)C)no3)CC2)ccc1C(=O)O,0.22055781256367052,binned_cosine_1Da,72,False,predicted_spectrum,4859
CASMI2022,massformer,completed,102,102,256,CASMI_MOL_1196891,CASMI_MOL_521359,521359,CCCCC(CCCC)(CCCC)C(=O)C(C(=O)O)C(O)(CC(=O)O)C(=O)O,0.22051139116375915,binned_cosine_1Da,73,False,predicted_spectrum,4859
CASMI2022,massformer,completed,102,102,256,CASMI_MOL_1196891,CASMI_MOL_518597,518597,CCCCC(F)(F)C(=O)CCC1C(O)CC(=O)C1CC=CCCCCC(=O)O,0.219042245875347,binned_cosine_1Da,74,False,predicted_spectrum,4859
CASMI2022,massformer,completed,102,102,256,CASMI_MOL_1196891,CASMI_MOL_519592,519592,CCCCC(F)(F)C(=O)CCC1C(O)CC(=O)C1CC=CCCCCC(=O)O,0.219042245875347,binned_cosine_1Da,75,False,predicted_spectrum,4859
CASMI2022,massformer,completed,102,102,256,CASMI_MOL_1196891,CASMI_MOL_520131,520131,CCCCC(F)(F)C(=O)CCC1C(O)CC(=O)C1CC=CCCCCC(=O)O,0.219042245875347,binned_cosine_1Da,76,False,predicted_spectrum,4859
CASMI2022,massformer,completed,102,102,256,CASMI_MOL_1196891,CASMI_MOL_519729,519729,CC(=O)SC1C=C2CC(=O)CCC2(C)C2C(O)CC3(C)C(=C(C)C)CCC3C12,0.21897566362526444,binned_cosine_1Da,77,False,predicted_spectrum,4859
CASMI2022,massformer,completed,102,102,256,CASMI_MOL_1196891,CASMI_MOL_519789,519789,CC(=O)SC1C=C2CC(=O)CCC2(C)C2C(O)CC3(C)C(=C(C)C)CCC3C12,0.21897566362526444,binned_cosine_1Da,78,False,predicted_spectrum,4859
CASMI2022,massformer,completed,102,102,256,CASMI_MOL_1196891,CASMI_MOL_521227,521227,CC(=O)SC1C=C2CC(=O)CCC2(C)C2C(O)CC3(C)C(=C(C)C)CCC3C12,0.21897566362526444,binned_cosine_1Da,79,False,predicted_spectrum,4859
CASMI2022,massformer,completed,102,102,256,CASMI_MOL_1196891,CASMI_MOL_517431,517431,CC(C)CC(=NC1CCN(c2ncc(C(=O)O)cn2)CC1)C(=O)OC1CCCC1,0.2177243442594645,binned_cosine_1Da,80,False,predicted_spectrum,4859
CASMI2022,massformer,completed,102,102,256,CASMI_MOL_1196891,CASMI_MOL_519665,519665,CCCCC(F)(F)C(=O)CCCC1C(O)CC(=O)C1CC=CCCCC(=O)O,0.21768621881948633,binned_cosine_1Da,81,False,predicted_spectrum,4859
CASMI2022,massformer,completed,102,102,256,CASMI_MOL_1196891,CASMI_MOL_520168,520168,CCCCC(F)(F)C(=O)CCCC1C(O)CC(=O)C1CC=CCCCC(=O)O,0.21768621881948633,binned_cosine_1Da,82,False,predicted_spectrum,4859
CASMI2022,massformer,completed,102,102,256,CASMI_MOL_1196891,CASMI_MOL_517972,517972,CCCCC(C(=O)O)C(O)(C(=O)O)C(CCCC)(CCCC)C(=O)OC(C)=O,0.21730069663803683,binned_cosine_1Da,83,False,predicted_spectrum,4859
CASMI2022,massformer,completed,102,102,256,CASMI_MOL_1196891,CASMI_MOL_519670,519670,CCCCCCCCCCCCCCOc1c(O)oc(O)c1C(=O)C(O)(O)O,0.21710941956487018,binned_cosine_1Da,84,False,predicted_spectrum,4859
CASMI2022,massformer,completed,102,102,256,CASMI_MOL_1196891,CASMI_MOL_520425,520425,CCCCCCCCCCCCCCOc1c(O)oc(O)c1C(=O)C(O)(O)O,0.21710941956487018,binned_cosine_1Da,85,False,predicted_spectrum,4859
CASMI2022,massformer,completed,102,102,256,CASMI_MOL_1196891,CASMI_MOL_518458,518458,C=C(C)C(=O)OC1CCC(C2(OC3(C)COC(C)(O)C3(F)F)CCCC2)CC1,0.2169320428708057,binned_cosine_1Da,86,False,predicted_spectrum,4859
CASMI2022,massformer,completed,102,102,256,CASMI_MOL_1196891,CASMI_MOL_519556,519556,CCCCC(F)(F)C1(O)CCC2C(CC(=O)C2CC=CCCCC(=O)OC)O1,0.21659775207355908,binned_cosine_1Da,87,False,predicted_spectrum,4859
CASMI2022,massformer,completed,102,102,256,CASMI_MOL_1196891,CASMI_MOL_520324,520324,CCCCC(F)(F)C1(O)CCC2C(CC(=O)C2CC=CCCCC(=O)OC)O1,0.21659775207355908,binned_cosine_1Da,88,False,predicted_spectrum,4859
CASMI2022,massformer,completed,102,102,256,CASMI_MOL_1196891,CASMI_MOL_517613,517613,CCc1nc(-c2cnn(C)c2CO)ncc1OC1CCCC(C(=O)OC(C)C)C1,0.21569090514372852,binned_cosine_1Da,89,False,predicted_spectrum,4859
CASMI2022,massformer,completed,102,102,256,CASMI_MOL_1196891,CASMI_MOL_517737,517737,CCCCC(F)(F)C1(O)CCC2C(CCCCCCC(=O)O)C(=O)CC2C1=O,0.2155695339695269,binned_cosine_1Da,90,False,predicted_spectrum,4859
CASMI2022,massformer,completed,102,102,256,CASMI_MOL_1196891,CASMI_MOL_517989,517989,CCC(CC)(CC)CCCCCOC(=O)C(C(C)=O)C(O)(CC(=O)O)C(=O)O,0.2153919397895711,binned_cosine_1Da,91,False,predicted_spectrum,4859
CASMI2022,massformer,completed,102,102,256,CASMI_MOL_1196891,CASMI_MOL_518587,518587,COc1ccc2nccc(CC(NC(=O)OC(C)(C)C)C3CCC(N)CO3)c2n1,0.2152286583921939,binned_cosine_1Da,92,False,predicted_spectrum,4859
CASMI2022,massformer,completed,102,102,256,CASMI_MOL_1196891,CASMI_MOL_519845,519845,COc1ccc2nccc(CC(NC(=O)OC(C)(C)C)C3CCC(N)CO3)c2n1,0.2152286583921939,binned_cosine_1Da,93,False,predicted_spectrum,4859
CASMI2022,massformer,completed,102,102,256,CASMI_MOL_1196891,CASMI_MOL_520101,520101,COc1ccc2nccc(CC(NC(=O)OC(C)(C)C)C3CCC(N)CO3)c2n1,0.2152286583921939,binned_cosine_1Da,94,False,predicted_spectrum,4859
CASMI2022,massformer,completed,102,102,256,CASMI_MOL_1196891,CASMI_MOL_520102,520102,COc1ccc2nccc(CC(NC(=O)OC(C)(C)C)C3CCC(N)CO3)c2n1,0.2152286583921939,binned_cosine_1Da,95,False,predicted_spectrum,4859
CASMI2022,massformer,completed,102,102,256,CASMI_MOL_1196891,CASMI_MOL_520116,520116,COc1ccc2nccc(CC(NC(=O)OC(C)(C)C)C3CCC(N)CO3)c2n1,0.2152286583921939,binned_cosine_1Da,96,False,predicted_spectrum,4859
CASMI2022,massformer,completed,102,102,256,CASMI_MOL_1196891,CASMI_MOL_520190,520190,COc1ccc2nccc(CC(NC(=O)OC(C)(C)C)C3CCC(N)CO3)c2n1,0.2152286583921939,binned_cosine_1Da,97,False,predicted_spectrum,4859
CASMI2022,massformer,completed,102,102,256,CASMI_MOL_1196891,CASMI_MOL_519645,519645,CCOC(=O)OCC1CC(C(O)CO)C(CCCCCCC(=O)OC)C1C=O,0.2148004122224677,binned_cosine_1Da,98,False,predicted_spectrum,4859
CASMI2022,massformer,completed,102,102,256,CASMI_MOL_1196891,CASMI_MOL_518033,518033,CCCCCCC(C(C)=O)(C(=O)OCC)C(O)(CC(=O)OCC)C(=O)OCC,0.21429535193875798,binned_cosine_1Da,99,False,predicted_spectrum,4859
CASMI2022,massformer,completed,102,102,256,CASMI_MOL_1196891,CASMI_MOL_517697,517697,CCC(=O)OC1CCC2C3CC=C4C(C(C)=O)C(=S)CCC4(C)C3CCC12C,0.21373764770381515,binned_cosine_1Da,100,False,predicted_spectrum,4859
CASMI2022,massformer,completed,102,102,256,CASMI_MOL_1196891,CASMI_MOL_1196891,1196891,CCCCOC(=O)CC(CC(=O)OCCCC)(OC(C)=O)C(=O)OCCCC,0.07855549953707071,binned_cosine_1Da,1057,True,predicted_spectrum,4859
CASMI2022,massformer,completed,104,104,264,CASMI_MOL_1196893,CASMI_MOL_527701,527701,CC(CS)CSc1ccc2ccccc2c1,0.8541548227401251,binned_cosine_1Da,1,False,predicted_spectrum,8559
CASMI2022,massformer,completed,104,104,264,CASMI_MOL_1196893,CASMI_MOL_529136,529136,CNCc1nc(Oc2ccccc2)ccc1Cl,0.7055316948826674,binned_cosine_1Da,2,False,predicted_spectrum,8559
CASMI2022,massformer,completed,104,104,264,CASMI_MOL_1196893,CASMI_MOL_529138,529138,CNCc1cnc(Oc2ccccc2)c(Cl)c1,0.5659784722854405,binned_cosine_1Da,3,False,predicted_spectrum,8559
CASMI2022,massformer,completed,104,104,264,CASMI_MOL_1196893,CASMI_MOL_530043,530043,NC(=O)CNCc1csc(-c2ccccn2)n1,0.5443170850680608,binned_cosine_1Da,4,False,predicted_spectrum,8559
CASMI2022,massformer,completed,104,104,264,CASMI_MOL_1196893,CASMI_MOL_526666,526666,CNC(=O)NSc1ccc(-c2c[nH]cn2)cc1,0.49547354162446955,binned_cosine_1Da,5,False,predicted_spectrum,8559
CASMI2022,massformer,completed,104,104,264,CASMI_MOL_1196893,CASMI_MOL_524724,524724,CNC(=O)CSc1nc2ccccc2nc1N,0.48548638297926217,binned_cosine_1Da,6,False,predicted_spectrum,8559
CASMI2022,massformer,completed,104,104,264,CASMI_MOL_1196893,CASMI_MOL_524450,524450,C=C(Cl)CNCc1cc2ccccc2[nH]c1=O,0.46507648908941424,binned_cosine_1Da,7,False,predicted_spectrum,8559
CASMI2022,massformer,completed,104,104,264,CASMI_MOL_1196893,CASMI_MOL_529869,529869,NNCc1cccc(Oc2ccc(Cl)cc2)c1,0.44782239700070686,binned_cosine_1Da,8,False,predicted_spectrum,8559
CASMI2022,massformer,completed,104,104,264,CASMI_MOL_1196893,CASMI_MOL_529474,529474,CNC(=O)CSc1c[nH]c(-c2ccncc2)n1,0.4371391626331606,binned_cosine_1Da,9,False,predicted_spectrum,8559
CASMI2022,massformer,completed,104,104,264,CASMI_MOL_1196893,CASMI_MOL_530735,530735,NNC(=O)CNc1nc(-c2ccccc2)cs1,0.42987340632236387,binned_cosine_1Da,10,False,predicted_spectrum,8559
CASMI2022,massformer,completed,104,104,264,CASMI_MOL_1196893,CASMI_MOL_529470,529470,CNC(=O)CSc1nc(-c2ccncc2)c[nH]1,0.4218624858876962,binned_cosine_1Da,11,False,predicted_spectrum,8559
CASMI2022,massformer,completed,104,104,264,CASMI_MOL_1196893,CASMI_MOL_522856,522856,NOCC1(c2cc3ccccc3nc2Cl)CC1,0.411129056627068,binned_cosine_1Da,12,False,predicted_spectrum,8559
CASMI2022,massformer,completed,104,104,264,CASMI_MOL_1196893,CASMI_MOL_527700,527700,SCCCCSc1ccc2ccccc2c1,0.4066150103747549,binned_cosine_1Da,13,False,predicted_spectrum,8559
CASMI2022,massformer,completed,104,104,264,CASMI_MOL_1196893,CASMI_MOL_524023,524023,N=CC(CNc1nc2ccccc2s1)NC=O,0.38224385849540576,binned_cosine_1Da,14,False,predicted_spectrum,8559
CASMI2022,massformer,completed,104,104,264,CASMI_MOL_1196893,CASMI_MOL_524957,524957,CNCc1cc(Oc2ccccc2)ncc1Cl,0.38027936697475273,binned_cosine_1Da,15,False,predicted_spectrum,8559
CASMI2022,massformer,completed,104,104,264,CASMI_MOL_1196893,CASMI_MOL_524893,524893,CNCc1ccccc1Oc1ncccc1Cl,0.378046450065847,binned_cosine_1Da,16,False,predicted_spectrum,8559
CASMI2022,massformer,completed,104,104,264,CASMI_MOL_1196893,CASMI_MOL_528845,528845,NNC(=O)CCSc1ncnc2ccccc12,0.35303359838476756,binned_cosine_1Da,17,False,predicted_spectrum,8559
CASMI2022,massformer,completed,104,104,264,CASMI_MOL_1196893,CASMI_MOL_529244,529244,NC(=O)C(N)CSc1ncnc2ccccc12,0.34675054558034946,binned_cosine_1Da,18,False,predicted_spectrum,8559
CASMI2022,massformer,completed,104,104,264,CASMI_MOL_1196893,CASMI_MOL_523857,523857,CN(CC(N)=O)c1nnc(-c2ccccc2)s1,0.34226564701663936,binned_cosine_1Da,19,False,predicted_spectrum,8559
CASMI2022,massformer,completed,104,104,264,CASMI_MOL_1196893,CASMI_MOL_528247,528247,CN(Cc1nccc2ccccc12)C(=O)CCl,0.3259981440982923,binned_cosine_1Da,20,False,predicted_spectrum,8559
CASMI2022,massformer,completed,104,104,264,CASMI_MOL_1196893,CASMI_MOL_530654,530654,NNCC(=O)Nc1nc(-c2ccccc2)cs1,0.3120963737030238,binned_cosine_1Da,21,False,predicted_spectrum,8559
CASMI2022,massformer,completed,104,104,264,CASMI_MOL_1196893,CASMI_MOL_531118,531118,NNC(=O)CSc1nc(-c2ccccc2)c[nH]1,0.310681239172601,binned_cosine_1Da,22,False,predicted_spectrum,8559
CASMI2022,massformer,completed,104,104,264,CASMI_MOL_1196893,CASMI_MOL_522852,522852,NOCC1(c2c(Cl)ccc3cccnc23)CC1,0.3050891645725314,binned_cosine_1Da,23,False,predicted_spectrum,8559
CASMI2022,massformer,completed,104,104,264,CASMI_MOL_1196893,CASMI_MOL_531180,531180,Cc1cccc(-c2n[nH]c(SCC(N)=O)n2)c1,0.2976230279915412,binned_cosine_1Da,24,False,predicted_spectrum,8559
CASMI2022,massformer,completed,104,104,264,CASMI_MOL_1196893,CASMI_MOL_525749,525749,CNCc1ccccc1Oc1ccc(Cl)cn1,0.2956699151906162,binned_cosine_1Da,25,False,predicted_spectrum,8559
CASMI2022,massformer,completed,104,104,264,CASMI_MOL_1196893,CASMI_MOL_525747,525747,CNCc1cccc(Oc2ccc(Cl)cn2)c1,0.29509698719367483,binned_cosine_1Da,26,False,predicted_spectrum,8559
CASMI2022,massformer,completed,104,104,264,CASMI_MOL_1196893,CASMI_MOL_528161,528161,NC(=O)C(Cl)CCc1ccc2ncccc2c1,0.2936620738367884,binned_cosine_1Da,27,False,predicted_spectrum,8559
CASMI2022,massformer,completed,104,104,264,CASMI_MOL_1196893,CASMI_MOL_530851,530851,Cc1cccc2c(Cl)c(C(=O)N(C)C)cnc12,0.29257698133141785,binned_cosine_1Da,28,False,predicted_spectrum,8559
CASMI2022,massformer,completed,104,104,264,CASMI_MOL_1196893,CASMI_MOL_525748,525748,CNCc1cccc(Oc2ncccc2Cl)c1,0.27860647025024193,binned_cosine_1Da,29,False,predicted_spectrum,8559
CASMI2022,massformer,completed,104,104,264,CASMI_MOL_1196893,CASMI_MOL_525745,525745,CNCc1ccc(Oc2ccc(Cl)cn2)cc1,0.2750932375118102,binned_cosine_1Da,30,False,predicted_spectrum,8559
CASMI2022,massformer,completed,104,104,264,CASMI_MOL_1196893,CASMI_MOL_528854,528854,CN(CCCl)C(=O)c1ccc2ccccc2n1,0.2747969977420267,binned_cosine_1Da,31,False,predicted_spectrum,8559
CASMI2022,massformer,completed,104,104,264,CASMI_MOL_1196893,CASMI_MOL_524037,524037,CC=C1Cc2ccccc2C1=CCS(C)=S,0.27155910272087863,binned_cosine_1Da,32,False,predicted_spectrum,8559
CASMI2022,massformer,completed,104,104,264,CASMI_MOL_1196893,CASMI_MOL_530521,530521,NC(=O)C1(N)C=C(c2ccccc2)C=CC1Cl,0.26453354551530867,binned_cosine_1Da,33,False,predicted_spectrum,8559
CASMI2022,massformer,completed,104,104,264,CASMI_MOL_1196893,CASMI_MOL_526130,526130,CN(C)C(=O)C(Cl)c1cncc2ccccc12,0.2575526024326961,binned_cosine_1Da,34,False,predicted_spectrum,8559
CASMI2022,massformer,completed,104,104,264,CASMI_MOL_1196893,CASMI_MOL_530282,530282,N=C(N)Sc1cn(CC(N)=O)c2ccccc12,0.24966184705657452,binned_cosine_1Da,35,False,predicted_spectrum,8559
CASMI2022,massformer,completed,104,104,264,CASMI_MOL_1196893,CASMI_MOL_531040,531040,CNC(=O)CSc1n[nH]c(-c2ccccc2)n1,0.2484325707759729,binned_cosine_1Da,36,False,predicted_spectrum,8559
CASMI2022,massformer,completed,104,104,264,CASMI_MOL_1196893,CASMI_MOL_530298,530298,NC(=O)Cc1ccc(-c2ccccc2CCl)[nH]1,0.24572372956159955,binned_cosine_1Da,37,False,predicted_spectrum,8559
CASMI2022,massformer,completed,104,104,264,CASMI_MOL_1196893,CASMI_MOL_524890,524890,CNCc1ccc(Oc2ncccc2Cl)cc1,0.24342364169890635,binned_cosine_1Da,38,False,predicted_spectrum,8559
CASMI2022,massformer,completed,104,104,264,CASMI_MOL_1196893,CASMI_MOL_525307,525307,CNC(=O)CCc1ccc2ccc(Cl)cc2n1,0.23967463811024348,binned_cosine_1Da,39,False,predicted_spectrum,8559
CASMI2022,massformer,completed,104,104,264,CASMI_MOL_1196893,CASMI_MOL_526567,526567,CSCCC(c1ccccc1)c1cccs1,0.23478432377622518,binned_cosine_1Da,40,False,predicted_spectrum,8559
CASMI2022,massformer,completed,104,104,264,CASMI_MOL_1196893,CASMI_MOL_529645,529645,CN(CCCl)C(=O)c1nccc2ccccc12,0.23116935934901622,binned_cosine_1Da,41,False,predicted_spectrum,8559
CASMI2022,massformer,completed,104,104,264,CASMI_MOL_1196893,CASMI_MOL_524068,524068,CN(C)C(=O)c1ccc(-c2ccc(Cl)cc2)[nH]1,0.23064510498141322,binned_cosine_1Da,42,False,predicted_spectrum,8559
CASMI2022,massformer,completed,104,104,264,CASMI_MOL_1196893,CASMI_MOL_523332,523332,NCCc1cccc(Oc2ccc(Cl)cc2)n1,0.22682445724808722,binned_cosine_1Da,43,False,predicted_spectrum,8559
CASMI2022,massformer,completed,104,104,264,CASMI_MOL_1196893,CASMI_MOL_529131,529131,CNCc1cccnc1Oc1ccccc1Cl,0.2262831271691713,binned_cosine_1Da,44,False,predicted_spectrum,8559
CASMI2022,massformer,completed,104,104,264,CASMI_MOL_1196893,CASMI_MOL_525304,525304,CNC(=O)CCc1ccc2cc(Cl)ccc2n1,0.22181529356350815,binned_cosine_1Da,45,False,predicted_spectrum,8559
CASMI2022,massformer,completed,104,104,264,CASMI_MOL_1196893,CASMI_MOL_524925,524925,CN(CC(N)=S)C(=O)c1cnn2ccccc12,0.22180754777925407,binned_cosine_1Da,46,False,predicted_spectrum,8559
CASMI2022,massformer,completed,104,104,264,CASMI_MOL_1196893,CASMI_MOL_523830,523830,CNCC(=O)Cc1ccc2ncc(Cl)cc2c1,0.2181431167706859,binned_cosine_1Da,47,False,predicted_spectrum,8559
CASMI2022,massformer,completed,104,104,264,CASMI_MOL_1196893,CASMI_MOL_527717,527717,NCCc1ccc(Oc2ccncc2Cl)cc1,0.21445613014917192,binned_cosine_1Da,48,False,predicted_spectrum,8559
CASMI2022,massformer,completed,104,104,264,CASMI_MOL_1196893,CASMI_MOL_528106,528106,CN(C)C=C(C#N)C(=O)Cc1cccc(Cl)c1,0.21382096972411457,binned_cosine_1Da,49,False,predicted_spectrum,8559
CASMI2022,massformer,completed,104,104,264,CASMI_MOL_1196893,CASMI_MOL_530837,530837,CN(C)C=C(C#N)C(=O)Cc1cccc(Cl)c1,0.21382096972411457,binned_cosine_1Da,50,False,predicted_spectrum,8559
CASMI2022,massformer,completed,104,104,264,CASMI_MOL_1196893,CASMI_MOL_527526,527526,NCCc1ccc(Oc2cccc(Cl)c2)nc1,0.21197391154194398,binned_cosine_1Da,51,False,predicted_spectrum,8559
CASMI2022,massformer,completed,104,104,264,CASMI_MOL_1196893,CASMI_MOL_524274,524274,NCC1(c2cc3ccccc3nc2Cl)COC1,0.20821617389576388,binned_cosine_1Da,52,False,predicted_spectrum,8559
CASMI2022,massformer,completed,104,104,264,CASMI_MOL_1196893,CASMI_MOL_525105,525105,C=C(Cl)CNC(=O)Cc1c[nH]c2ccccc12,0.20802477281008225,binned_cosine_1Da,53,False,predicted_spectrum,8559
CASMI2022,massformer,completed,104,104,264,CASMI_MOL_1196893,CASMI_MOL_527456,527456,CC(C)c1nc(Cl)cc(Oc2ccccc2)n1,0.20781701251241777,binned_cosine_1Da,54,False,predicted_spectrum,8559
CASMI2022,massformer,completed,104,104,264,CASMI_MOL_1196893,CASMI_MOL_530827,530827,NC(=S)NNC(=O)Cc1c[nH]c2ccccc12,0.20693049054655185,binned_cosine_1Da,55,False,predicted_spectrum,8559
CASMI2022,massformer,completed,104,104,264,CASMI_MOL_1196893,CASMI_MOL_528603,528603,NCCc1cccc(Oc2cncc(Cl)c2)c1,0.2005740446127191,binned_cosine_1Da,56,False,predicted_spectrum,8559
CASMI2022,massformer,completed,104,104,264,CASMI_MOL_1196893,CASMI_MOL_528623,528623,CNCc1ccccc1Oc1cncc(Cl)c1,0.19897906555859438,binned_cosine_1Da,57,False,predicted_spectrum,8559
CASMI2022,massformer,completed,104,104,264,CASMI_MOL_1196893,CASMI_MOL_525314,525314,CN(C)C(=O)Cc1ccc2cccc(Cl)c2n1,0.19807302352483355,binned_cosine_1Da,58,False,predicted_spectrum,8559
CASMI2022,massformer,completed,104,104,264,CASMI_MOL_1196893,CASMI_MOL_531055,531055,CC(N)C(=O)Nc1nnc(-c2ccccc2)s1,0.19775599689512055,binned_cosine_1Da,59,False,predicted_spectrum,8559
CASMI2022,massformer,completed,104,104,264,CASMI_MOL_1196893,CASMI_MOL_531195,531195,CC(N)C(=O)Nc1nnc(-c2ccccc2)s1,0.19775599689512055,binned_cosine_1Da,60,False,predicted_spectrum,8559
CASMI2022,massformer,completed,104,104,264,CASMI_MOL_1196893,CASMI_MOL_531196,531196,CC(N)C(=O)Nc1nnc(-c2ccccc2)s1,0.19775599689512055,binned_cosine_1Da,61,False,predicted_spectrum,8559
CASMI2022,massformer,completed,104,104,264,CASMI_MOL_1196893,CASMI_MOL_524892,524892,CNCc1ccccc1Oc1ccncc1Cl,0.19677833892964938,binned_cosine_1Da,62,False,predicted_spectrum,8559
CASMI2022,massformer,completed,104,104,264,CASMI_MOL_1196893,CASMI_MOL_529134,529134,CNCc1ccc(Oc2ccc(Cl)cc2)nc1,0.19654858211941487,binned_cosine_1Da,63,False,predicted_spectrum,8559
CASMI2022,massformer,completed,104,104,264,CASMI_MOL_1196893,CASMI_MOL_525308,525308,CN(C)C(=O)Cc1ccc2ccc(Cl)cc2n1,0.19302709905227763,binned_cosine_1Da,64,False,predicted_spectrum,8559
CASMI2022,massformer,completed,104,104,264,CASMI_MOL_1196893,CASMI_MOL_529616,529616,NC(=O)Cn1c(CC(N)=S)nc2ccccc21,0.19175011587051868,binned_cosine_1Da,65,False,predicted_spectrum,8559
CASMI2022,massformer,completed,104,104,264,CASMI_MOL_1196893,CASMI_MOL_530932,530932,Cc1ccc(-c2n[nH]c(SCC(N)=O)n2)cc1,0.19040143100468945,binned_cosine_1Da,66,False,predicted_spectrum,8559
CASMI2022,massformer,completed,104,104,264,CASMI_MOL_1196893,CASMI_MOL_528602,528602,NCCc1ccc(Oc2cncc(Cl)c2)cc1,0.1881858712391265,binned_cosine_1Da,67,False,predicted_spectrum,8559
CASMI2022,massformer,completed,104,104,264,CASMI_MOL_1196893,CASMI_MOL_531223,531223,CSCc1cccc2c(CSC)cccc12,0.18714346290024597,binned_cosine_1Da,68,False,predicted_spectrum,8559
CASMI2022,massformer,completed,104,104,264,CASMI_MOL_1196893,CASMI_MOL_529118,529118,CNCc1ccc(Oc2cccc(Cl)c2)nc1,0.18638370487887124,binned_cosine_1Da,69,False,predicted_spectrum,8559
CASMI2022,massformer,completed,104,104,264,CASMI_MOL_1196893,CASMI_MOL_529117,529117,CNCc1cccnc1Oc1cccc(Cl)c1,0.1856703141500031,binned_cosine_1Da,70,False,predicted_spectrum,8559
CASMI2022,massformer,completed,104,104,264,CASMI_MOL_1196893,CASMI_MOL_529126,529126,CNCc1cccc(Oc2ccc(Cl)cc2)n1,0.18462961821544854,binned_cosine_1Da,71,False,predicted_spectrum,8559
CASMI2022,massformer,completed,104,104,264,CASMI_MOL_1196893,CASMI_MOL_530035,530035,N=C(N)CCOc1ccc(Cl)c2ccccc12,0.18394527031999044,binned_cosine_1Da,72,False,predicted_spectrum,8559
CASMI2022,massformer,completed,104,104,264,CASMI_MOL_1196893,CASMI_MOL_523915,523915,Cc1ccccc1-c1n[nH]c(SCC(N)=O)n1,0.18188630010665674,binned_cosine_1Da,73,False,predicted_spectrum,8559
CASMI2022,massformer,completed,104,104,264,CASMI_MOL_1196893,CASMI_MOL_524723,524723,CNC(=O)CSc1nc(N)nc2ccccc12,0.17964759938446248,binned_cosine_1Da,74,False,predicted_spectrum,8559
CASMI2022,massformer,completed,104,104,264,CASMI_MOL_1196893,CASMI_MOL_529404,529404,NC(CCSc1ncnc2ccccc12)=NO,0.17950234767588938,binned_cosine_1Da,75,False,predicted_spectrum,8559
CASMI2022,massformer,completed,104,104,264,CASMI_MOL_1196893,CASMI_MOL_530348,530348,CC(N)Cc1csc2nc(-c3ccco3)nn12,0.17945068022345015,binned_cosine_1Da,76,False,predicted_spectrum,8559
CASMI2022,massformer,completed,104,104,264,CASMI_MOL_1196893,CASMI_MOL_527128,527128,NCCn1cc(-c2ccc(Cl)cc2)ccc1=O,0.17867619264390405,binned_cosine_1Da,77,False,predicted_spectrum,8559
CASMI2022,massformer,completed,104,104,264,CASMI_MOL_1196893,CASMI_MOL_529737,529737,CNCc1cccc(Oc2ccccc2Cl)n1,0.1786195752858745,binned_cosine_1Da,78,False,predicted_spectrum,8559
CASMI2022,massformer,completed,104,104,264,CASMI_MOL_1196893,CASMI_MOL_528614,528614,CNCc1cccc(Oc2cncc(Cl)c2)c1,0.1783678679026062,binned_cosine_1Da,79,False,predicted_spectrum,8559
CASMI2022,massformer,completed,104,104,264,CASMI_MOL_1196893,CASMI_MOL_524891,524891,CNCc1cccc(Oc2ccncc2Cl)c1,0.1763443699788823,binned_cosine_1Da,80,False,predicted_spectrum,8559
CASMI2022,massformer,completed,104,104,264,CASMI_MOL_1196893,CASMI_MOL_526467,526467,CC(N)C(=O)Nc1nc(-c2ccccn2)cs1,0.17621741607552208,binned_cosine_1Da,81,False,predicted_spectrum,8559
CASMI2022,massformer,completed,104,104,264,CASMI_MOL_1196893,CASMI_MOL_526468,526468,CC(N)C(=O)Nc1nc(-c2ccccn2)cs1,0.17621741607552208,binned_cosine_1Da,82,False,predicted_spectrum,8559
CASMI2022,massformer,completed,104,104,264,CASMI_MOL_1196893,CASMI_MOL_527964,527964,CC(N)C(=O)Nc1nc(-c2ccccn2)cs1,0.17621741607552208,binned_cosine_1Da,83,False,predicted_spectrum,8559
CASMI2022,massformer,completed,104,104,264,CASMI_MOL_1196893,CASMI_MOL_527525,527525,NCCc1ccc(Oc2ccc(Cl)cc2)nc1,0.17609262464312664,binned_cosine_1Da,84,False,predicted_spectrum,8559
CASMI2022,massformer,completed,104,104,264,CASMI_MOL_1196893,CASMI_MOL_530933,530933,CC(Sc1n[nH]c(-c2ccccc2)n1)C(N)=O,0.17451310494999409,binned_cosine_1Da,85,False,predicted_spectrum,8559
CASMI2022,massformer,completed,104,104,264,CASMI_MOL_1196893,CASMI_MOL_530934,530934,CC(Sc1n[nH]c(-c2ccccc2)n1)C(N)=O,0.17451310494999409,binned_cosine_1Da,86,False,predicted_spectrum,8559
CASMI2022,massformer,completed,104,104,264,CASMI_MOL_1196893,CASMI_MOL_527438,527438,NCCc1ccc(Oc2cccnc2)c(Cl)c1,0.17397069773070184,binned_cosine_1Da,87,False,predicted_spectrum,8559
CASMI2022,massformer,completed,104,104,264,CASMI_MOL_1196893,CASMI_MOL_531101,531101,CNC(=O)NCc1ccc(-c2csnn2)cc1,0.17350560965741674,binned_cosine_1Da,88,False,predicted_spectrum,8559
CASMI2022,massformer,completed,104,104,264,CASMI_MOL_1196893,CASMI_MOL_526386,526386,CSCc1cccc2cccc(CSC)c12,0.1732211137738125,binned_cosine_1Da,89,False,predicted_spectrum,8559
CASMI2022,massformer,completed,104,104,264,CASMI_MOL_1196893,CASMI_MOL_523029,523029,NC(=NO)C1C2C=C(c3cccc(Cl)c3)CC21,0.17317423119043288,binned_cosine_1Da,90,False,predicted_spectrum,8559
CASMI2022,massformer,completed,104,104,264,CASMI_MOL_1196893,CASMI_MOL_523073,523073,NC(=NO)C1C2C=C(c3cccc(Cl)c3)CC21,0.17317423119043288,binned_cosine_1Da,91,False,predicted_spectrum,8559
CASMI2022,massformer,completed,104,104,264,CASMI_MOL_1196893,CASMI_MOL_523075,523075,NC(=NO)C1C2C=C(c3cccc(Cl)c3)CC21,0.17317423119043288,binned_cosine_1Da,92,False,predicted_spectrum,8559
CASMI2022,massformer,completed,104,104,264,CASMI_MOL_1196893,CASMI_MOL_523111,523111,NC(=NO)C1C2C=C(c3cccc(Cl)c3)CC21,0.17317423119043288,binned_cosine_1Da,93,False,predicted_spectrum,8559
CASMI2022,massformer,completed,104,104,264,CASMI_MOL_1196893,CASMI_MOL_529271,529271,CC(Oc1ccc(Cl)c2ccccc12)C(=N)N,0.1722285560170734,binned_cosine_1Da,94,False,predicted_spectrum,8559
CASMI2022,massformer,completed,104,104,264,CASMI_MOL_1196893,CASMI_MOL_529132,529132,CNCc1ccc(Oc2ccccc2Cl)nc1,0.17217546972102393,binned_cosine_1Da,95,False,predicted_spectrum,8559
CASMI2022,massformer,completed,104,104,264,CASMI_MOL_1196893,CASMI_MOL_530182,530182,CN(Cc1cccc(Cl)c1)C(=O)c1ccc[nH]1,0.17201517878826655,binned_cosine_1Da,96,False,predicted_spectrum,8559
CASMI2022,massformer,completed,104,104,264,CASMI_MOL_1196893,CASMI_MOL_526129,526129,Cc1ccc2cccc(CC(Cl)C(N)=O)c2n1,0.17115067194521374,binned_cosine_1Da,97,False,predicted_spectrum,8559
CASMI2022,massformer,completed,104,104,264,CASMI_MOL_1196893,CASMI_MOL_524926,524926,CC(NC(=O)c1cnn2ccccc12)C(N)=S,0.17004278793935015,binned_cosine_1Da,98,False,predicted_spectrum,8559
CASMI2022,massformer,completed,104,104,264,CASMI_MOL_1196893,CASMI_MOL_525473,525473,NCCc1cccnc1Oc1ccccc1Cl,0.1689591462704198,binned_cosine_1Da,99,False,predicted_spectrum,8559
CASMI2022,massformer,completed,104,104,264,CASMI_MOL_1196893,CASMI_MOL_525305,525305,CN(C)C(=O)Cc1ccc2cc(Cl)ccc2n1,0.16773015901510013,binned_cosine_1Da,100,False,predicted_spectrum,8559
CASMI2022,massformer,completed,104,104,264,CASMI_MOL_1196893,CASMI_MOL_1196893,1196893,NC(=O)C1CCCc2c1[nH]c1ccc(Cl)cc21,0.06274586521273191,binned_cosine_1Da,897,True,predicted_spectrum,8559
CASMI2022,massformer,completed,105,105,268,CASMI_MOL_1196894,CASMI_MOL_533457,533457,CCCCCCCCOc1cccc2c1C(=O)C(OC(=O)C(C)C)C2=O,0.6350989378737352,binned_cosine_1Da,1,False,predicted_spectrum,9237
CASMI2022,massformer,completed,105,105,268,CASMI_MOL_1196894,CASMI_MOL_533305,533305,C=C(C)CCOC(=O)C=Cc1cc(OC)c(OCC=C(C)C)c(OC)c1,0.6100568316787588,binned_cosine_1Da,2,False,predicted_spectrum,9237
CASMI2022,massformer,completed,105,105,268,CASMI_MOL_1196894,CASMI_MOL_533456,533456,CCCCCCCCOc1ccc2c(c1)C(=O)C(OC(=O)C(C)C)C2=O,0.6078562143835107,binned_cosine_1Da,3,False,predicted_spectrum,9237
CASMI2022,massformer,completed,105,105,268,CASMI_MOL_1196894,CASMI_MOL_533454,533454,CCCCCCCCOc1cccc2c1C(=O)C(OC(=O)CCC)C2=O,0.6067797538040663,binned_cosine_1Da,4,False,predicted_spectrum,9237
CASMI2022,massformer,completed,105,105,268,CASMI_MOL_1196894,CASMI_MOL_533247,533247,C=C(C)C(=O)C=C(C=CC)C(CC)C(OC=O)C(=O)C(C)=CC(=O)CC,0.6020497864553366,binned_cosine_1Da,5,False,predicted_spectrum,9237
CASMI2022,massformer,completed,105,105,268,CASMI_MOL_1196894,CASMI_MOL_532341,532341,COC(=O)c1cc(O)c(CC=CC(C)CCC=C(C)C)cc1C(=O)OC,0.5955411615694511,binned_cosine_1Da,6,False,predicted_spectrum,9237
CASMI2022,massformer,completed,105,105,268,CASMI_MOL_1196894,CASMI_MOL_535320,535320,COC(=O)c1cc(O)c(CC=CC(C)CCC=C(C)C)cc1C(=O)OC,0.5955411615694511,binned_cosine_1Da,7,False,predicted_spectrum,9237
CASMI2022,massformer,completed,105,105,268,CASMI_MOL_1196894,CASMI_MOL_540465,540465,COC(=O)c1cc(O)c(CC=CC(C)CCC=C(C)C)cc1C(=O)OC,0.5955411615694511,binned_cosine_1Da,8,False,predicted_spectrum,9237
CASMI2022,massformer,completed,105,105,268,CASMI_MOL_1196894,CASMI_MOL_532071,532071,C=C(c1cc(O)c(C)c(OC)c1O)C(CC=C(C)C)OC(=O)C(C)=CC,0.5924070702283383,binned_cosine_1Da,9,False,predicted_spectrum,9237
CASMI2022,massformer,completed,105,105,268,CASMI_MOL_1196894,CASMI_MOL_532072,532072,C=C(c1cc(O)c(C)c(OC)c1O)C(CC=C(C)C)OC(=O)C(C)=CC,0.5924070702283383,binned_cosine_1Da,10,False,predicted_spectrum,9237
CASMI2022,massformer,completed,105,105,268,CASMI_MOL_1196894,CASMI_MOL_532073,532073,C=C(c1cc(O)c(C)c(OC)c1O)C(CC=C(C)C)OC(=O)C(C)=CC,0.5924070702283383,binned_cosine_1Da,11,False,predicted_spectrum,9237
CASMI2022,massformer,completed,105,105,268,CASMI_MOL_1196894,CASMI_MOL_535397,535397,COc1cc(C=CC(=O)OCC=C(C)C)cc(OC)c1OCC=C(C)C,0.5910850799803251,binned_cosine_1Da,12,False,predicted_spectrum,9237
CASMI2022,massformer,completed,105,105,268,CASMI_MOL_1196894,CASMI_MOL_536173,536173,COc1cc(C=CC(=O)OCC=C(C)C)cc(OC)c1OCC=C(C)C,0.5910850799803251,binned_cosine_1Da,13,False,predicted_spectrum,9237
CASMI2022,massformer,completed,105,105,268,CASMI_MOL_1196894,CASMI_MOL_539334,539334,CCCCCC(=O)C(C)C(OC(=O)CCSC)C(=O)OC(C)(C)C,0.58945128393212,binned_cosine_1Da,14,False,predicted_spectrum,9237
CASMI2022,massformer,completed,105,105,268,CASMI_MOL_1196894,CASMI_MOL_536867,536867,CCN=C(NCCOc1cccnc1)NCC(C)Oc1ccc(F)cc1,0.5856490945967787,binned_cosine_1Da,15,False,predicted_spectrum,9237
CASMI2022,massformer,completed,105,105,268,CASMI_MOL_1196894,CASMI_MOL_539357,539357,COC(=O)CCC=CC=CC1=C(C=CCCCCC(=O)OC)CCC1=O,0.5849909255549167,binned_cosine_1Da,16,False,predicted_spectrum,9237
CASMI2022,massformer,completed,105,105,268,CASMI_MOL_1196894,CASMI_MOL_539411,539411,COC(=O)CCC=CC=CC1=C(C=CCCCCC(=O)OC)CCC1=O,0.5849909255549167,binned_cosine_1Da,17,False,predicted_spectrum,9237
CASMI2022,massformer,completed,105,105,268,CASMI_MOL_1196894,CASMI_MOL_536866,536866,CCN=C(NCCOc1cccnc1)NCC(C)Oc1cccc(F)c1,0.583420391395568,binned_cosine_1Da,18,False,predicted_spectrum,9237
CASMI2022,massformer,completed,105,105,268,CASMI_MOL_1196894,CASMI_MOL_537233,537233,CCN=C(NCCNC(=O)c1ccco1)NCCc1ccc(F)cc1C,0.5820335140234754,binned_cosine_1Da,19,False,predicted_spectrum,9237
CASMI2022,massformer,completed,105,105,268,CASMI_MOL_1196894,CASMI_MOL_533106,533106,COC(=O)c1cc(C=CC(=O)OCC(C)C)c(O)c(C2CCCCC2)c1,0.5804834654944822,binned_cosine_1Da,20,False,predicted_spectrum,9237
CASMI2022,massformer,completed,105,105,268,CASMI_MOL_1196894,CASMI_MOL_534347,534347,CCOC(C)(C)C(O)CCC(C)=CCOc1ccc2ccc(=O)oc2c1,0.5794531723975095,binned_cosine_1Da,21,False,predicted_spectrum,9237
CASMI2022,massformer,completed,105,105,268,CASMI_MOL_1196894,CASMI_MOL_534681,534681,CCOC(C)(C)C(O)CCC(C)=CCOc1ccc2ccc(=O)oc2c1,0.5794531723975095,binned_cosine_1Da,22,False,predicted_spectrum,9237
CASMI2022,massformer,completed,105,105,268,CASMI_MOL_1196894,CASMI_MOL_539338,539338,CCOC(C)(C)C(O)CCC(C)=CCOc1ccc2ccc(=O)oc2c1,0.5794531723975095,binned_cosine_1Da,23,False,predicted_spectrum,9237
CASMI2022,massformer,completed,105,105,268,CASMI_MOL_1196894,CASMI_MOL_531886,531886,CC=CCC1=C(C)C(OC(=O)C2=C(CC(C)C(=O)OC)C2(C)C)CC1=O,0.5784642863490447,binned_cosine_1Da,24,False,predicted_spectrum,9237
CASMI2022,massformer,completed,105,105,268,CASMI_MOL_1196894,CASMI_MOL_532070,532070,CC=CCC1=C(C)C(OC(=O)C2=C(CC(C)C(=O)OC)C2(C)C)CC1=O,0.5784642863490447,binned_cosine_1Da,25,False,predicted_spectrum,9237
CASMI2022,massformer,completed,105,105,268,CASMI_MOL_1196894,CASMI_MOL_532308,532308,CC=CCC1=C(C)C(OC(=O)C2=C(CC(C)C(=O)OC)C2(C)C)CC1=O,0.5784642863490447,binned_cosine_1Da,26,False,predicted_spectrum,9237
CASMI2022,massformer,completed,105,105,268,CASMI_MOL_1196894,CASMI_MOL_535356,535356,CC=CCC1=C(C)C(OC(=O)C2=C(CC(C)C(=O)OC)C2(C)C)CC1=O,0.5784642863490447,binned_cosine_1Da,27,False,predicted_spectrum,9237
CASMI2022,massformer,completed,105,105,268,CASMI_MOL_1196894,CASMI_MOL_540328,540328,CC=CCC1=C(C)C(OC(=O)C2=C(CC(C)C(=O)OC)C2(C)C)CC1=O,0.5784642863490447,binned_cosine_1Da,28,False,predicted_spectrum,9237
CASMI2022,massformer,completed,105,105,268,CASMI_MOL_1196894,CASMI_MOL_536865,536865,CCN=C(NCCOc1cccnc1)NCC(C)Oc1ccccc1F,0.575497546179195,binned_cosine_1Da,29,False,predicted_spectrum,9237
CASMI2022,massformer,completed,105,105,268,CASMI_MOL_1196894,CASMI_MOL_537247,537247,CCC(CN=C(NC)NCCOc1cccnc1)Oc1cccc(F)c1,0.5750323551145379,binned_cosine_1Da,30,False,predicted_spectrum,9237
CASMI2022,massformer,completed,105,105,268,CASMI_MOL_1196894,CASMI_MOL_535391,535391,CC(C)=CCOC(=O)C=Cc1cc(CO)c(OCC=C(C)C)c(CO)c1,0.5731810965663936,binned_cosine_1Da,31,False,predicted_spectrum,9237
CASMI2022,massformer,completed,105,105,268,CASMI_MOL_1196894,CASMI_MOL_540317,540317,COc1cc(C=C(C=O)OCC=C(C)CCC=C(C)C)cc(OC)c1O,0.5721211977600688,binned_cosine_1Da,32,False,predicted_spectrum,9237
CASMI2022,massformer,completed,105,105,268,CASMI_MOL_1196894,CASMI_MOL_533455,533455,CCCCCCCCOc1ccc2c(c1)C(=O)C(OC(=O)CCC)C2=O,0.5669329343683556,binned_cosine_1Da,33,False,predicted_spectrum,9237
CASMI2022,massformer,completed,105,105,268,CASMI_MOL_1196894,CASMI_MOL_532842,532842,CCCC=C(C)C(C(=O)C(C(C)=O)C(C)=O)c1c(OC)cccc1OC,0.5647901084574231,binned_cosine_1Da,34,False,predicted_spectrum,9237
CASMI2022,massformer,completed,105,105,268,CASMI_MOL_1196894,CASMI_MOL_532014,532014,COc1cc(C=CCO)cc(OC)c1OCC=C(C)CC(=O)C=C(C)C,0.5645860381834663,binned_cosine_1Da,35,False,predicted_spectrum,9237
CASMI2022,massformer,completed,105,105,268,CASMI_MOL_1196894,CASMI_MOL_533922,533922,C=CCCC(=CCCC1OC(C)(C)Oc2cccc(O)c21)C(=O)OCC,0.5622009159962655,binned_cosine_1Da,36,False,predicted_spectrum,9237
CASMI2022,massformer,completed,105,105,268,CASMI_MOL_1196894,CASMI_MOL_537232,537232,CCN=C(NCCc1ccc(F)cc1C)NCC(=O)NCc1ccco1,0.5604835189720875,binned_cosine_1Da,37,False,predicted_spectrum,9237
CASMI2022,massformer,completed,105,105,268,CASMI_MOL_1196894,CASMI_MOL_532074,532074,COc1cc(C=CC(=O)OCO)ccc1OCC=C(C)CCC=C(C)C,0.5602615517232233,binned_cosine_1Da,38,False,predicted_spectrum,9237
CASMI2022,massformer,completed,105,105,268,CASMI_MOL_1196894,CASMI_MOL_536940,536940,CCN=C(NCc1cccc(OC)n1)NCC(C)Oc1ccccc1F,0.5589871481873238,binned_cosine_1Da,39,False,predicted_spectrum,9237
CASMI2022,massformer,completed,105,105,268,CASMI_MOL_1196894,CASMI_MOL_536942,536942,CCN=C(NCc1ccnc(OC)c1)NCC(C)Oc1ccccc1F,0.5521356859682522,binned_cosine_1Da,40,False,predicted_spectrum,9237
CASMI2022,massformer,completed,105,105,268,CASMI_MOL_1196894,CASMI_MOL_532304,532304,CC(C)=CCC=C(C)CC(=O)OCC(=O)CCCc1ccc(O)c(O)c1,0.5512270731966056,binned_cosine_1Da,41,False,predicted_spectrum,9237
CASMI2022,massformer,completed,105,105,268,CASMI_MOL_1196894,CASMI_MOL_537250,537250,CCC(CN=C(NC)NCc1cccc(OC)n1)Oc1cccc(F)c1,0.5509122529641884,binned_cosine_1Da,42,False,predicted_spectrum,9237
CASMI2022,massformer,completed,105,105,268,CASMI_MOL_1196894,CASMI_MOL_536963,536963,CN=C(NCc1ccc(Oc2ccc(F)cc2)nc1)NCC(C)(C)OC,0.5465428424557978,binned_cosine_1Da,43,False,predicted_spectrum,9237
CASMI2022,massformer,completed,105,105,268,CASMI_MOL_1196894,CASMI_MOL_535141,535141,CCOC(=O)CCCCCCC(CCCC(=O)OC)CSC(C)=O,0.5456252280554281,binned_cosine_1Da,44,False,predicted_spectrum,9237
CASMI2022,massformer,completed,105,105,268,CASMI_MOL_1196894,CASMI_MOL_535142,535142,CCOC(=O)CCCCCCC(CCCC(=O)OC)CSC(C)=O,0.5456252280554281,binned_cosine_1Da,45,False,predicted_spectrum,9237
CASMI2022,massformer,completed,105,105,268,CASMI_MOL_1196894,CASMI_MOL_536946,536946,CCN=C(NCc1cccc(OC)n1)NCC(C)Oc1cccc(F)c1,0.5447077425533443,binned_cosine_1Da,46,False,predicted_spectrum,9237
CASMI2022,massformer,completed,105,105,268,CASMI_MOL_1196894,CASMI_MOL_533231,533231,CCN(CCO)C1=CCC(=NCC(=N)COc2ccccn2)C=C(F)C1,0.5433635596163295,binned_cosine_1Da,47,False,predicted_spectrum,9237
CASMI2022,massformer,completed,105,105,268,CASMI_MOL_1196894,CASMI_MOL_539310,539310,C=CC1CC(C(=O)OC(C)C)(C(=O)OC(C)C)CC12C=CC(=O)C=C2C,0.5432465688571869,binned_cosine_1Da,48,False,predicted_spectrum,9237
CASMI2022,massformer,completed,105,105,268,CASMI_MOL_1196894,CASMI_MOL_536960,536960,CN=C(NCCNC(=O)c1ccco1)NCC(C)(C)c1cccc(F)c1,0.5431178452736954,binned_cosine_1Da,49,False,predicted_spectrum,9237
CASMI2022,massformer,completed,105,105,268,CASMI_MOL_1196894,CASMI_MOL_531261,531261,C=C(C)C(=O)OC(CC)CC(=O)OC1(c2ccc(O)cc2)CCCCC1,0.5429780118240626,binned_cosine_1Da,50,False,predicted_spectrum,9237
CASMI2022,massformer,completed,105,105,268,CASMI_MOL_1196894,CASMI_MOL_531453,531453,CC(C)C(=O)COCCCCOc1ccc(C(C)C)c(C(F)(F)F)c1,0.5409380341421962,binned_cosine_1Da,51,False,predicted_spectrum,9237
CASMI2022,massformer,completed,105,105,268,CASMI_MOL_1196894,CASMI_MOL_533452,533452,CCCC(=O)OCC(OC(=O)CCC)C(OC(=S)CCC)C(C)C,0.540648437221929,binned_cosine_1Da,52,False,predicted_spectrum,9237
CASMI2022,massformer,completed,105,105,268,CASMI_MOL_1196894,CASMI_MOL_539325,539325,CCCCCC(=O)C1(CCCC)OC(=O)C(C)(c2ccccc2)OC1=O,0.5397513757931719,binned_cosine_1Da,53,False,predicted_spectrum,9237
CASMI2022,massformer,completed,105,105,268,CASMI_MOL_1196894,CASMI_MOL_532438,532438,CCCCOC(=O)Cc1cc(O)c2c(c1)OC(C)(C)C1CCC(=O)CC21,0.5391914712432181,binned_cosine_1Da,54,False,predicted_spectrum,9237
CASMI2022,massformer,completed,105,105,268,CASMI_MOL_1196894,CASMI_MOL_535561,535561,CCCCOC(=O)Cc1cc(O)c2c(c1)OC(C)(C)C1CCC(=O)CC21,0.5391914712432181,binned_cosine_1Da,55,False,predicted_spectrum,9237
CASMI2022,massformer,completed,105,105,268,CASMI_MOL_1196894,CASMI_MOL_536848,536848,CN=C(NCCCNC(=O)c1occc1C)NCc1ccc(F)c(C)c1,0.538596533698034,binned_cosine_1Da,56,False,predicted_spectrum,9237
CASMI2022,massformer,completed,105,105,268,CASMI_MOL_1196894,CASMI_MOL_536849,536849,CN=C(NCCCNC(=O)c1occc1C)NCc1ccc(C)c(F)c1,0.5381872693458452,binned_cosine_1Da,57,False,predicted_spectrum,9237
CASMI2022,massformer,completed,105,105,268,CASMI_MOL_1196894,CASMI_MOL_532907,532907,C=C(C)C(=O)OCCCc1cc(C)c(CCCOC(=O)C(C)=O)cc1C,0.534088083655885,binned_cosine_1Da,58,False,predicted_spectrum,9237
CASMI2022,massformer,completed,105,105,268,CASMI_MOL_1196894,CASMI_MOL_532055,532055,CC(=O)OC1CC=C2Cc3occ(C)c3C(OC(=O)C(C)C)C2(C)C1C,0.5340036416355676,binned_cosine_1Da,59,False,predicted_spectrum,9237
CASMI2022,massformer,completed,105,105,268,CASMI_MOL_1196894,CASMI_MOL_532211,532211,CC(=O)OC1CC=C2Cc3occ(C)c3C(OC(=O)C(C)C)C2(C)C1C,0.5340036416355676,binned_cosine_1Da,60,False,predicted_spectrum,9237
CASMI2022,massformer,completed,105,105,268,CASMI_MOL_1196894,CASMI_MOL_534357,534357,COc1cc(OC(C)=O)c(CC=C(C)CCC=C(C)C)cc1OC(C)=O,0.5334067498916251,binned_cosine_1Da,61,False,predicted_spectrum,9237
CASMI2022,massformer,completed,105,105,268,CASMI_MOL_1196894,CASMI_MOL_532011,532011,COc1c(CC=C(C)CCCC(C)C(C)=O)c(O)c2c(O)occ2c1C,0.5328234115692416,binned_cosine_1Da,62,False,predicted_spectrum,9237
CASMI2022,massformer,completed,105,105,268,CASMI_MOL_1196894,CASMI_MOL_532012,532012,COc1c(CC=C(C)CCCC(C)C(C)=O)c(O)c2c(O)occ2c1C,0.5328234115692416,binned_cosine_1Da,63,False,predicted_spectrum,9237
CASMI2022,massformer,completed,105,105,268,CASMI_MOL_1196894,CASMI_MOL_536939,536939,CCOc1cc(CN=C(NC)NCC(C)Oc2ccccc2F)ccn1,0.5325459642580367,binned_cosine_1Da,64,False,predicted_spectrum,9237
CASMI2022,massformer,completed,105,105,268,CASMI_MOL_1196894,CASMI_MOL_537026,537026,CCN=C(NCCc1ccccn1)NCC(O)COc1ccc(F)cc1,0.532512564224998,binned_cosine_1Da,65,False,predicted_spectrum,9237
CASMI2022,massformer,completed,105,105,268,CASMI_MOL_1196894,CASMI_MOL_539351,539351,CC(C)CC(=O)OC1c2ccccc2C(OC(=O)CC(C)C)C2(C)OC12,0.5306723360535932,binned_cosine_1Da,66,False,predicted_spectrum,9237
CASMI2022,massformer,completed,105,105,268,CASMI_MOL_1196894,CASMI_MOL_536951,536951,CCN=C(NCc1cccc(OC)n1)NCC(C)Oc1ccc(F)cc1,0.5300749324274754,binned_cosine_1Da,67,False,predicted_spectrum,9237
CASMI2022,massformer,completed,105,105,268,CASMI_MOL_1196894,CASMI_MOL_536926,536926,CN=C(NCCCNC(=O)c1occc1C)NCCc1cccc(F)c1,0.5281878647375242,binned_cosine_1Da,68,False,predicted_spectrum,9237
CASMI2022,massformer,completed,105,105,268,CASMI_MOL_1196894,CASMI_MOL_532478,532478,CCCOC(=O)CC(C)(C)c1cc(O)c(C2CC(=O)C3CC2C3)c(O)c1,0.5279739738816096,binned_cosine_1Da,69,False,predicted_spectrum,9237
CASMI2022,massformer,completed,105,105,268,CASMI_MOL_1196894,CASMI_MOL_537249,537249,CCC(CN=C(NC)NCc1ccnc(OC)c1)Oc1cccc(F)c1,0.5266789377259775,binned_cosine_1Da,70,False,predicted_spectrum,9237
CASMI2022,massformer,completed,105,105,268,CASMI_MOL_1196894,CASMI_MOL_531452,531452,CC(C)C(=O)COCCCCOc1ccc(C(C)C)cc1C(F)(F)F,0.5250414192409905,binned_cosine_1Da,71,False,predicted_spectrum,9237
CASMI2022,massformer,completed,105,105,268,CASMI_MOL_1196894,CASMI_MOL_539438,539438,C=C(c1ccccc1)C1CC(C(=O)OCC)(C(=O)OCC)CCC1(C)O,0.5241876175862037,binned_cosine_1Da,72,False,predicted_spectrum,9237
CASMI2022,massformer,completed,105,105,268,CASMI_MOL_1196894,CASMI_MOL_539290,539290,CCOC(=O)C(O)(CC=C(C)CCC=C(C)C)c1ccc2c(c1)OCO2,0.5232965866894278,binned_cosine_1Da,73,False,predicted_spectrum,9237
CASMI2022,massformer,completed,105,105,268,CASMI_MOL_1196894,CASMI_MOL_536847,536847,CCN=C(NCCCNC(=O)c1occc1C)NCc1cccc(F)c1,0.522030768731578,binned_cosine_1Da,74,False,predicted_spectrum,9237
CASMI2022,massformer,completed,105,105,268,CASMI_MOL_1196894,CASMI_MOL_536948,536948,CCN=C(NCc1ccnc(OC)c1)NCC(C)Oc1cccc(F)c1,0.5211646702365067,binned_cosine_1Da,75,False,predicted_spectrum,9237
CASMI2022,massformer,completed,105,105,268,CASMI_MOL_1196894,CASMI_MOL_536949,536949,CCOc1ncccc1CN=C(NC)NCC(C)Oc1cccc(F)c1,0.5206795175159938,binned_cosine_1Da,76,False,predicted_spectrum,9237
CASMI2022,massformer,completed,105,105,268,CASMI_MOL_1196894,CASMI_MOL_531988,531988,COC(=O)C(C)=CCCC(C)C1CCC(C)c2c(O)cc(C(=O)O)cc21,0.5204053930555309,binned_cosine_1Da,77,False,predicted_spectrum,9237
CASMI2022,massformer,completed,105,105,268,CASMI_MOL_1196894,CASMI_MOL_531989,531989,COC(=O)C(C)=CCCC(C)C1CCC(C)c2c(O)cc(C(=O)O)cc21,0.5204053930555309,binned_cosine_1Da,78,False,predicted_spectrum,9237
CASMI2022,massformer,completed,105,105,268,CASMI_MOL_1196894,CASMI_MOL_531990,531990,COC(=O)C(C)=CCCC(C)C1CCC(C)c2c(O)cc(C(=O)O)cc21,0.5204053930555309,binned_cosine_1Da,79,False,predicted_spectrum,9237
CASMI2022,massformer,completed,105,105,268,CASMI_MOL_1196894,CASMI_MOL_536863,536863,CCC(CN=C(NC)NCCOc1cccnc1)Oc1ccccc1F,0.5201294583792913,binned_cosine_1Da,80,False,predicted_spectrum,9237
CASMI2022,massformer,completed,105,105,268,CASMI_MOL_1196894,CASMI_MOL_532400,532400,CC(C)(C)C1(C(C)(C)C)C=C(C(=O)c2ccc(O)cc2)C(O)(O)CC1=O,0.5197587788303504,binned_cosine_1Da,81,False,predicted_spectrum,9237
CASMI2022,massformer,completed,105,105,268,CASMI_MOL_1196894,CASMI_MOL_532124,532124,CC=CCC1=C(C)C(OC(=O)C2C(C=C(C)OC(C)=O)C2(C)C)CC1=O,0.5180070014962391,binned_cosine_1Da,82,False,predicted_spectrum,9237
CASMI2022,massformer,completed,105,105,268,CASMI_MOL_1196894,CASMI_MOL_532125,532125,CC=CCC1=C(C)C(OC(=O)C2C(C=C(C)OC(C)=O)C2(C)C)CC1=O,0.5180070014962391,binned_cosine_1Da,83,False,predicted_spectrum,9237
CASMI2022,massformer,completed,105,105,268,CASMI_MOL_1196894,CASMI_MOL_532126,532126,CC=CCC1=C(C)C(OC(=O)C2C(C=C(C)OC(C)=O)C2(C)C)CC1=O,0.5180070014962391,binned_cosine_1Da,84,False,predicted_spectrum,9237
CASMI2022,massformer,completed,105,105,268,CASMI_MOL_1196894,CASMI_MOL_536953,536953,CCN=C(NCc1ccnc(OC)c1)NCC(C)Oc1ccc(F)cc1,0.5172660160570461,binned_cosine_1Da,85,False,predicted_spectrum,9237
CASMI2022,massformer,completed,105,105,268,CASMI_MOL_1196894,CASMI_MOL_539409,539409,CC(=O)OC1CCC(C(C)CCC=C(C)C)c2cc(C(=O)O)cc(O)c21,0.5159092300840452,binned_cosine_1Da,86,False,predicted_spectrum,9237
CASMI2022,massformer,completed,105,105,268,CASMI_MOL_1196894,CASMI_MOL_532965,532965,CCCC1C(OC(C)=O)CC2Oc3c(CCCC(=O)OC)cccc3C21,0.5149944717734403,binned_cosine_1Da,87,False,predicted_spectrum,9237
CASMI2022,massformer,completed,105,105,268,CASMI_MOL_1196894,CASMI_MOL_539324,539324,CCCCC1(C(=O)CC(C)(C)C)OC(=O)C(C)(c2ccccc2)OC1=O,0.5139276998199097,binned_cosine_1Da,88,False,predicted_spectrum,9237
CASMI2022,massformer,completed,105,105,268,CASMI_MOL_1196894,CASMI_MOL_533003,533003,COC(=O)CCCc1cccc(C2CCCC2C=CCOC(C)=O)c1O,0.5138300988553435,binned_cosine_1Da,89,False,predicted_spectrum,9237
CASMI2022,massformer,completed,105,105,268,CASMI_MOL_1196894,CASMI_MOL_534119,534119,CC(NC(=O)C(C)(C)C)C(=O)NC(c1ccc(F)cc1)c1nccn1C,0.5133687245058339,binned_cosine_1Da,90,False,predicted_spectrum,9237
CASMI2022,massformer,completed,105,105,268,CASMI_MOL_1196894,CASMI_MOL_539355,539355,COC(=O)C12C(=O)OCC1C(C)(CCCC(C)C)OC2c1ccccc1,0.5127181503061813,binned_cosine_1Da,91,False,predicted_spectrum,9237
CASMI2022,massformer,completed,105,105,268,CASMI_MOL_1196894,CASMI_MOL_532706,532706,CC(C)=CCCC(C)=CCOC1COc2cc(OCCO)ccc2C1=O,0.5121297157567188,binned_cosine_1Da,92,False,predicted_spectrum,9237
CASMI2022,massformer,completed,105,105,268,CASMI_MOL_1196894,CASMI_MOL_536944,536944,CCN=C(NCc1cccnc1OC)NCC(C)Oc1cccc(F)c1,0.5105695604343127,binned_cosine_1Da,93,False,predicted_spectrum,9237
CASMI2022,massformer,completed,105,105,268,CASMI_MOL_1196894,CASMI_MOL_535453,535453,C=CCCCCC(=O)Cc1cc(OC)cc(O)c1C(=O)OC(C)CC=C,0.5102568768473983,binned_cosine_1Da,94,False,predicted_spectrum,9237
CASMI2022,massformer,completed,105,105,268,CASMI_MOL_1196894,CASMI_MOL_535454,535454,C=CCCCCC(=O)Cc1cc(OC)cc(O)c1C(=O)OC(C)CC=C,0.5102568768473983,binned_cosine_1Da,95,False,predicted_spectrum,9237
CASMI2022,massformer,completed,105,105,268,CASMI_MOL_1196894,CASMI_MOL_536872,536872,CCN=C(NCCOc1cccnc1)N(C)Cc1ccc(OC)c(F)c1,0.5094614468591447,binned_cosine_1Da,96,False,predicted_spectrum,9237
CASMI2022,massformer,completed,105,105,268,CASMI_MOL_1196894,CASMI_MOL_536116,536116,CC(C)(C)c1cc(CCC(=O)OCC(F)(F)F)cc(C(C)(C)C)c1O,0.5041801748760391,binned_cosine_1Da,97,False,predicted_spectrum,9237
CASMI2022,massformer,completed,105,105,268,CASMI_MOL_1196894,CASMI_MOL_536945,536945,CCOc1cc(CN=C(NC)NCC(C)Oc2cccc(F)c2)ccn1,0.5040857220379702,binned_cosine_1Da,98,False,predicted_spectrum,9237
CASMI2022,massformer,completed,105,105,268,CASMI_MOL_1196894,CASMI_MOL_532095,532095,CCC(C)C=C(C)C=CC1=CC2=C(CO1)C(OC(C)=O)C(C)(O)C(=O)C2,0.5011156024374891,binned_cosine_1Da,99,False,predicted_spectrum,9237
CASMI2022,massformer,completed,105,105,268,CASMI_MOL_1196894,CASMI_MOL_532096,532096,CCC(C)C=C(C)C=CC1=CC2=C(CO1)C(OC(C)=O)C(C)(O)C(=O)C2,0.5011156024374891,binned_cosine_1Da,100,False,predicted_spectrum,9237
CASMI2022,massformer,completed,105,105,268,CASMI_MOL_1196894,CASMI_MOL_1196894,1196894,COc1c(CC=C(C)CCC=C(C)CCO)c(O)c2c(O)occ2c1C,0.3623599470554122,binned_cosine_1Da,894,True,predicted_spectrum,9237
CASMI2022,massformer,completed,106,106,269,CASMI_MOL_1196895,CASMI_MOL_545275,545275,Nc1ncnc2c1nc(N)n2C1OC(CO)C(O)C1=CF,0.5914547980574233,binned_cosine_1Da,1,False,predicted_spectrum,9491
CASMI2022,massformer,completed,106,106,269,CASMI_MOL_1196895,CASMI_MOL_546908,546908,Nc1ncnc2c1nc(N)n2C1OC(CO)C(O)C1=CF,0.5914547980574233,binned_cosine_1Da,2,False,predicted_spectrum,9491
CASMI2022,massformer,completed,106,106,269,CASMI_MOL_1196895,CASMI_MOL_546909,546909,Nc1ncnc2c1nc(N)n2C1OC(CO)C(O)C1=CF,0.5914547980574233,binned_cosine_1Da,3,False,predicted_spectrum,9491
CASMI2022,massformer,completed,106,106,269,CASMI_MOL_1196895,CASMI_MOL_546763,546763,O=c1c2c(ccn1C1OC(CO)C(O)C1O)N(O)CC=C2,0.5858251663751879,binned_cosine_1Da,4,False,predicted_spectrum,9491
CASMI2022,massformer,completed,106,106,269,CASMI_MOL_1196895,CASMI_MOL_545133,545133,COC1C(O)C(CO)OC1n1cc2cc(C)oc2nc1=O,0.5799133575629627,binned_cosine_1Da,5,False,predicted_spectrum,9491
CASMI2022,massformer,completed,106,106,269,CASMI_MOL_1196895,CASMI_MOL_546785,546785,COC1C(O)C(CO)OC1n1cc2cc(C)oc2nc1=O,0.5799133575629627,binned_cosine_1Da,6,False,predicted_spectrum,9491
CASMI2022,massformer,completed,106,106,269,CASMI_MOL_1196895,CASMI_MOL_545206,545206,C=CC1(O)OC(n2cnc3c(N)nc(N)nc32)C(F)C1O,0.5792953147910006,binned_cosine_1Da,7,False,predicted_spectrum,9491
CASMI2022,massformer,completed,106,106,269,CASMI_MOL_1196895,CASMI_MOL_546967,546967,COc1nc(C2OC(CO)C(O)C2(C)O)nc2ccoc12,0.5781801197911153,binned_cosine_1Da,8,False,predicted_spectrum,9491
CASMI2022,massformer,completed,106,106,269,CASMI_MOL_1196895,CASMI_MOL_545158,545158,COC1C(c2[nH]c(=O)nc3oc(C)cc23)OC(CO)C1O,0.5766551010862907,binned_cosine_1Da,9,False,predicted_spectrum,9491
CASMI2022,massformer,completed,106,106,269,CASMI_MOL_1196895,CASMI_MOL_546786,546786,COC1C(c2[nH]c(=O)nc3oc(C)cc23)OC(CO)C1O,0.5766551010862907,binned_cosine_1Da,10,False,predicted_spectrum,9491
CASMI2022,massformer,completed,106,106,269,CASMI_MOL_1196895,CASMI_MOL_541087,541087,Nc1nc(N)c2ncn(C3C(F)=C(CO)C(O)C3O)c2n1,0.5725590977441912,binned_cosine_1Da,11,False,predicted_spectrum,9491
CASMI2022,massformer,completed,106,106,269,CASMI_MOL_1196895,CASMI_MOL_544829,544829,Cc1cc2c(cc1O)ncn2OC1OC(CO)C(O)C1O,0.5567716256354718,binned_cosine_1Da,12,False,predicted_spectrum,9491
CASMI2022,massformer,completed,106,106,269,CASMI_MOL_1196895,CASMI_MOL_541828,541828,Cc1ccc(C#N)c(=O)n1C1OC(CO)C(O)C(O)C1O,0.5493638972391949,binned_cosine_1Da,13,False,predicted_spectrum,9491
CASMI2022,massformer,completed,106,106,269,CASMI_MOL_1196895,CASMI_MOL_544910,544910,Cc1ccc(C#N)c(=O)n1C1OC(CO)C(O)C(O)C1O,0.5493638972391949,binned_cosine_1Da,14,False,predicted_spectrum,9491
CASMI2022,massformer,completed,106,106,269,CASMI_MOL_1196895,CASMI_MOL_549921,549921,O=c1nc2oc(CCO)cc2cn1C1CC(O)C(CO)O1,0.5397207406416592,binned_cosine_1Da,15,False,predicted_spectrum,9491
CASMI2022,massformer,completed,106,106,269,CASMI_MOL_1196895,CASMI_MOL_540792,540792,CC#Cc1cn(C2OC(CO)C(O)C2OC)c(=O)[nH]c1=O,0.49950655766506596,binned_cosine_1Da,16,False,predicted_spectrum,9491
CASMI2022,massformer,completed,106,106,269,CASMI_MOL_1196895,CASMI_MOL_546957,546957,CC#Cc1cn(C2OC(CO)C(O)C2OC)c(=O)[nH]c1=O,0.49950655766506596,binned_cosine_1Da,17,False,predicted_spectrum,9491
CASMI2022,massformer,completed,106,106,269,CASMI_MOL_1196895,CASMI_MOL_549944,549944,CC#Cc1cn(C2OC(CO)C(O)C2OC)c(=O)[nH]c1=O,0.49950655766506596,binned_cosine_1Da,18,False,predicted_spectrum,9491
CASMI2022,massformer,completed,106,106,269,CASMI_MOL_1196895,CASMI_MOL_540957,540957,CCn1c(O)csc1=S=CC1=C2CCCN2CCC1,0.4899725882738559,binned_cosine_1Da,19,False,predicted_spectrum,9491
CASMI2022,massformer,completed,106,106,269,CASMI_MOL_1196895,CASMI_MOL_542029,542029,COCC1CCN2C(=O)c3c(O)c(=O)c(O)cn3CC2O1,0.48900011677114213,binned_cosine_1Da,20,False,predicted_spectrum,9491
CASMI2022,massformer,completed,106,106,269,CASMI_MOL_1196895,CASMI_MOL_540713,540713,CC#Cc1c(C)n(C2OC(CO)C(O)C2O)c(=O)[nH]c1=O,0.4776580113791149,binned_cosine_1Da,21,False,predicted_spectrum,9491
CASMI2022,massformer,completed,106,106,269,CASMI_MOL_1196895,CASMI_MOL_544887,544887,CN1C(=N)[N]c2c(ncn2C2OC(CO)C(O)C2O)C1=O,0.4755543352777472,binned_cosine_1Da,22,False,predicted_spectrum,9491
CASMI2022,massformer,completed,106,106,269,CASMI_MOL_1196895,CASMI_MOL_542096,542096,C=C1C(OOO)=CN2CC3OCCCN3C(=O)C2=C1OC,0.4713037318956139,binned_cosine_1Da,23,False,predicted_spectrum,9491
CASMI2022,massformer,completed,106,106,269,CASMI_MOL_1196895,CASMI_MOL_540832,540832,CCC1(C)OC(c2csc3c(N)ccnc23)C(F)C1O,0.46094488197685074,binned_cosine_1Da,24,False,predicted_spectrum,9491
CASMI2022,massformer,completed,106,106,269,CASMI_MOL_1196895,CASMI_MOL_545986,545986,O=C(O)c1ccc(NC(=O)N2CCOC(CO)C2)cc1O,0.443445397679896,binned_cosine_1Da,25,False,predicted_spectrum,9491
CASMI2022,massformer,completed,106,106,269,CASMI_MOL_1196895,CASMI_MOL_540512,540512,O=C1NC(=O)N(C2CC(O)C(CO)O2)CC1c1ccco1,0.4309335207974602,binned_cosine_1Da,26,False,predicted_spectrum,9491
CASMI2022,massformer,completed,106,106,269,CASMI_MOL_1196895,CASMI_MOL_549793,549793,O=C(OCCO)c1cc([N+](=O)[O-])ccc1N1CCOCC1,0.4260458139061996,binned_cosine_1Da,27,False,predicted_spectrum,9491
CASMI2022,massformer,completed,106,106,269,CASMI_MOL_1196895,CASMI_MOL_549537,549537,O=C(OCCO)c1cc(N2CCOCC2)ccc1[N+](=O)[O-],0.42434884787656535,binned_cosine_1Da,28,False,predicted_spectrum,9491
CASMI2022,massformer,completed,106,106,269,CASMI_MOL_1196895,CASMI_MOL_545980,545980,O=C(O)c1cc(NC(=O)N2CCOC(CO)C2)ccc1O,0.4093016604110767,binned_cosine_1Da,29,False,predicted_spectrum,9491
CASMI2022,massformer,completed,106,106,269,CASMI_MOL_1196895,CASMI_MOL_547030,547030,COc1cc(N(C)C2COCC2C(=O)O)ccc1[N+](=O)[O-],0.4016019609177298,binned_cosine_1Da,30,False,predicted_spectrum,9491
CASMI2022,massformer,completed,106,106,269,CASMI_MOL_1196895,CASMI_MOL_549088,549088,CCC#Cc1cn(C2OC(CO)C(O)C2O)c(=O)[nH]c1=O,0.38444417184325136,binned_cosine_1Da,31,False,predicted_spectrum,9491
CASMI2022,massformer,completed,106,106,269,CASMI_MOL_1196895,CASMI_MOL_549184,549184,CCC#Cc1cn(C2OC(CO)C(O)C2O)c(=O)[nH]c1=O,0.38444417184325136,binned_cosine_1Da,32,False,predicted_spectrum,9491
CASMI2022,massformer,completed,106,106,269,CASMI_MOL_1196895,CASMI_MOL_549938,549938,CCC#Cc1cn(C2OC(CO)C(O)C2O)c(=O)[nH]c1=O,0.38444417184325136,binned_cosine_1Da,33,False,predicted_spectrum,9491
CASMI2022,massformer,completed,106,106,269,CASMI_MOL_1196895,CASMI_MOL_542726,542726,O=C(O)c1cc(NC(=O)N2CCOCC2CO)ccc1O,0.3823510936076921,binned_cosine_1Da,34,False,predicted_spectrum,9491
CASMI2022,massformer,completed,106,106,269,CASMI_MOL_1196895,CASMI_MOL_542722,542722,O=C(O)c1ccc(NC(=O)N2CCOCC2CO)cc1O,0.37651713846921686,binned_cosine_1Da,35,False,predicted_spectrum,9491
CASMI2022,massformer,completed,106,106,269,CASMI_MOL_1196895,CASMI_MOL_540765,540765,COc1cc(O)n(C(=O)C=C2CC(O)(CO)C(=O)N2C)c1,0.3764145092008585,binned_cosine_1Da,36,False,predicted_spectrum,9491
CASMI2022,massformer,completed,106,106,269,CASMI_MOL_1196895,CASMI_MOL_546666,546666,COc1cc(O)n(C(=O)C=C2CC(O)(CO)C(=O)N2C)c1,0.3764145092008585,binned_cosine_1Da,37,False,predicted_spectrum,9491
CASMI2022,massformer,completed,106,106,269,CASMI_MOL_1196895,CASMI_MOL_549922,549922,COc1cc(O)n(C(=O)C=C2CC(O)(CO)C(=O)N2C)c1,0.3764145092008585,binned_cosine_1Da,38,False,predicted_spectrum,9491
CASMI2022,massformer,completed,106,106,269,CASMI_MOL_1196895,CASMI_MOL_545270,545270,CC=CC(=O)c1cn(C2CC(O)C(CO)O2)c(=O)[nH]c1=O,0.37316374621057513,binned_cosine_1Da,39,False,predicted_spectrum,9491
CASMI2022,massformer,completed,106,106,269,CASMI_MOL_1196895,CASMI_MOL_546895,546895,CC=CC(=O)c1cn(C2CC(O)C(CO)O2)c(=O)[nH]c1=O,0.37316374621057513,binned_cosine_1Da,40,False,predicted_spectrum,9491
CASMI2022,massformer,completed,106,106,269,CASMI_MOL_1196895,CASMI_MOL_546063,546063,COc1cc(N(C)C2COCC2C(=O)O)cc([N+](=O)[O-])c1,0.36592067126704503,binned_cosine_1Da,41,False,predicted_spectrum,9491
CASMI2022,massformer,completed,106,106,269,CASMI_MOL_1196895,CASMI_MOL_541270,541270,CC#CC1(O)C(O)C(CO)OC1n1c(C)cc(=O)[nH]c1=O,0.35503901982428926,binned_cosine_1Da,42,False,predicted_spectrum,9491
CASMI2022,massformer,completed,106,106,269,CASMI_MOL_1196895,CASMI_MOL_541517,541517,CC#CC1(O)C(O)C(CO)OC1n1c(C)cc(=O)[nH]c1=O,0.35503901982428926,binned_cosine_1Da,43,False,predicted_spectrum,9491
CASMI2022,massformer,completed,106,106,269,CASMI_MOL_1196895,CASMI_MOL_541994,541994,CC#CC1(O)C(O)C(CO)OC1n1c(C)cc(=O)[nH]c1=O,0.35503901982428926,binned_cosine_1Da,44,False,predicted_spectrum,9491
CASMI2022,massformer,completed,106,106,269,CASMI_MOL_1196895,CASMI_MOL_541995,541995,CC#CC1(O)C(O)C(CO)OC1n1c(C)cc(=O)[nH]c1=O,0.35503901982428926,binned_cosine_1Da,45,False,predicted_spectrum,9491
CASMI2022,massformer,completed,106,106,269,CASMI_MOL_1196895,CASMI_MOL_544803,544803,C=C1COC2(CO)OC(n3cc(C)c(=O)[nH]c3=O)C1C2O,0.33528640185590053,binned_cosine_1Da,46,False,predicted_spectrum,9491
CASMI2022,massformer,completed,106,106,269,CASMI_MOL_1196895,CASMI_MOL_540694,540694,CC#Cc1cn(C2OC(COC)C(O)C2O)c(=O)[nH]c1=O,0.32951717653690804,binned_cosine_1Da,47,False,predicted_spectrum,9491
CASMI2022,massformer,completed,106,106,269,CASMI_MOL_1196895,CASMI_MOL_542094,542094,CC#Cc1cn(C2OC(COC)C(O)C2O)c(=O)[nH]c1=O,0.32951717653690804,binned_cosine_1Da,48,False,predicted_spectrum,9491
CASMI2022,massformer,completed,106,106,269,CASMI_MOL_1196895,CASMI_MOL_545993,545993,Cc1c(N2CCOC(CO)C2)cc(C(=O)O)cc1[N+](=O)[O-],0.32120671197095596,binned_cosine_1Da,49,False,predicted_spectrum,9491
CASMI2022,massformer,completed,106,106,269,CASMI_MOL_1196895,CASMI_MOL_543762,543762,CC1COC(CO)CN1C(=O)c1cc(O)ccc1[N+](=O)[O-],0.32085805020376446,binned_cosine_1Da,50,False,predicted_spectrum,9491
CASMI2022,massformer,completed,106,106,269,CASMI_MOL_1196895,CASMI_MOL_545988,545988,O=C(O)c1cc(O)ccc1NC(=O)N1CCOC(CO)C1,0.3170308781238201,binned_cosine_1Da,51,False,predicted_spectrum,9491
CASMI2022,massformer,completed,106,106,269,CASMI_MOL_1196895,CASMI_MOL_540749,540749,CC1(F)C(c2cnc3c(N)nc(N)nn23)OC2C(O)C21O,0.3163808549191292,binned_cosine_1Da,52,False,predicted_spectrum,9491
CASMI2022,massformer,completed,106,106,269,CASMI_MOL_1196895,CASMI_MOL_541134,541134,CC1(F)C(c2cnc3c(N)nc(N)nn23)OC2C(O)C21O,0.3163808549191292,binned_cosine_1Da,53,False,predicted_spectrum,9491
CASMI2022,massformer,completed,106,106,269,CASMI_MOL_1196895,CASMI_MOL_542205,542205,CC1(F)C(c2cnc3c(N)nc(N)nn23)OC2C(O)C21O,0.3163808549191292,binned_cosine_1Da,54,False,predicted_spectrum,9491
CASMI2022,massformer,completed,106,106,269,CASMI_MOL_1196895,CASMI_MOL_548774,548774,C#CC(C)C1(O)C(CO)OC(n2ccc(=O)[nH]c2=O)C1O,0.31219622441656825,binned_cosine_1Da,55,False,predicted_spectrum,9491
CASMI2022,massformer,completed,106,106,269,CASMI_MOL_1196895,CASMI_MOL_541380,541380,O=C(ON1CCCC1)C1CCCN1OC(=O)C(F)(F)F,0.3119735924740807,binned_cosine_1Da,56,False,predicted_spectrum,9491
CASMI2022,massformer,completed,106,106,269,CASMI_MOL_1196895,CASMI_MOL_546067,546067,CCOc1cc(N2CCOC(C(=O)O)C2)cc([N+](=O)[O-])c1,0.3114563446289737,binned_cosine_1Da,57,False,predicted_spectrum,9491
CASMI2022,massformer,completed,106,106,269,CASMI_MOL_1196895,CASMI_MOL_544013,544013,CSC1CCC(N2C(=O)C(C)NC2c2ccsc2)C1,0.30958825525426636,binned_cosine_1Da,58,False,predicted_spectrum,9491
CASMI2022,massformer,completed,106,106,269,CASMI_MOL_1196895,CASMI_MOL_549156,549156,CC(C)NC(=S)C1(c2cccnc2)CCCC[S+]1[O-],0.3095278180714416,binned_cosine_1Da,59,False,predicted_spectrum,9491
CASMI2022,massformer,completed,106,106,269,CASMI_MOL_1196895,CASMI_MOL_549910,549910,CC(C)NC(=S)C1(c2cccnc2)CCCC[S+]1[O-],0.30952761524398553,binned_cosine_1Da,60,False,predicted_spectrum,9491
CASMI2022,massformer,completed,106,106,269,CASMI_MOL_1196895,CASMI_MOL_540966,540966,CCOC(=O)C(CO)N(C(C)=O)c1ccc([N+](=O)[O-])cc1,0.3087455053153637,binned_cosine_1Da,61,False,predicted_spectrum,9491
CASMI2022,massformer,completed,106,106,269,CASMI_MOL_1196895,CASMI_MOL_549194,549194,O=C(O)C=CC(=O)CN1CCN(C(=O)C=CC(=O)O)CC1,0.3075369593789652,binned_cosine_1Da,62,False,predicted_spectrum,9491
CASMI2022,massformer,completed,106,106,269,CASMI_MOL_1196895,CASMI_MOL_541568,541568,COCC(=O)N(c1ccc([N+](=O)[O-])cc1)C(C)C(=O)OC,0.3056838417069946,binned_cosine_1Da,63,False,predicted_spectrum,9491
CASMI2022,massformer,completed,106,106,269,CASMI_MOL_1196895,CASMI_MOL_544491,544491,COC(=O)c1ccc([N+](=O)[O-])c(N2CCOC(CO)C2)c1,0.3053600527341579,binned_cosine_1Da,64,False,predicted_spectrum,9491
CASMI2022,massformer,completed,106,106,269,CASMI_MOL_1196895,CASMI_MOL_542725,542725,O=C(O)c1cc(O)ccc1NC(=O)N1CCOCC1CO,0.2978570308268268,binned_cosine_1Da,65,False,predicted_spectrum,9491
CASMI2022,massformer,completed,106,106,269,CASMI_MOL_1196895,CASMI_MOL_543880,543880,O=C(O)COc1cccc(NC(=O)N2CC(O)C(O)C2)c1,0.29772401392078396,binned_cosine_1Da,66,False,predicted_spectrum,9491
CASMI2022,massformer,completed,106,106,269,CASMI_MOL_1196895,CASMI_MOL_547595,547595,CC(C)(C)n1c(O)cc(C(O)O)c1-c1ccc([N+](=O)[O-])o1,0.29669589951216035,binned_cosine_1Da,67,False,predicted_spectrum,9491
CASMI2022,massformer,completed,106,106,269,CASMI_MOL_1196895,CASMI_MOL_541547,541547,COCC(=O)N(C(=O)C(C)C)c1cc([N+](=O)[O-])ccc1O,0.28916159652462287,binned_cosine_1Da,68,False,predicted_spectrum,9491
CASMI2022,massformer,completed,106,106,269,CASMI_MOL_1196895,CASMI_MOL_542095,542095,CC#Cc1cn(C2(C)OC(CO)C(O)C2O)c(=O)[nH]c1=O,0.28693018099693024,binned_cosine_1Da,69,False,predicted_spectrum,9491
CASMI2022,massformer,completed,106,106,269,CASMI_MOL_1196895,CASMI_MOL_548735,548735,COC(=O)COc1ccc(NC2(OC)CC2)cc1[N+](=O)[O-],0.281271050706476,binned_cosine_1Da,70,False,predicted_spectrum,9491
CASMI2022,massformer,completed,106,106,269,CASMI_MOL_1196895,CASMI_MOL_543876,543876,O=C(O)COc1ccc(NC(=O)N2CC(O)C(O)C2)cc1,0.2804240652895983,binned_cosine_1Da,71,False,predicted_spectrum,9491
CASMI2022,massformer,completed,106,106,269,CASMI_MOL_1196895,CASMI_MOL_546061,546061,COc1cc(N2CCOC(CC(=O)O)C2)cc([N+](=O)[O-])c1,0.27680084350231093,binned_cosine_1Da,72,False,predicted_spectrum,9491
CASMI2022,massformer,completed,106,106,269,CASMI_MOL_1196895,CASMI_MOL_546121,546121,COc1ccc([N+](=O)[O-])c(N(C)C2COCC2C(=O)O)c1,0.27495451192137765,binned_cosine_1Da,73,False,predicted_spectrum,9491
CASMI2022,massformer,completed,106,106,269,CASMI_MOL_1196895,CASMI_MOL_543049,543049,COC(=O)C1CN(c2cc(OC)cc([N+](=O)[O-])c2)CCO1,0.27327279419574274,binned_cosine_1Da,74,False,predicted_spectrum,9491
CASMI2022,massformer,completed,106,106,269,CASMI_MOL_1196895,CASMI_MOL_541561,541561,COCC(=O)N(c1ccc([N+](=O)[O-])cc1)C(C)CC(=O)O,0.27106092061165676,binned_cosine_1Da,75,False,predicted_spectrum,9491
CASMI2022,massformer,completed,106,106,269,CASMI_MOL_1196895,CASMI_MOL_546795,546795,COc1cc([N+](=O)[O-])ccc1N1CCC(OCC(=O)O)C1,0.27035053211393983,binned_cosine_1Da,76,False,predicted_spectrum,9491
CASMI2022,massformer,completed,106,106,269,CASMI_MOL_1196895,CASMI_MOL_540746,540746,C#CC1(O)COC(C(C)O)OC1n1c(C)cc(=O)[nH]c1=O,0.26901469544642787,binned_cosine_1Da,77,False,predicted_spectrum,9491
CASMI2022,massformer,completed,106,106,269,CASMI_MOL_1196895,CASMI_MOL_542728,542728,Cc1c(N2CCOCC2CO)cc(C(=O)O)cc1[N+](=O)[O-],0.2662902716518494,binned_cosine_1Da,78,False,predicted_spectrum,9491
CASMI2022,massformer,completed,106,106,269,CASMI_MOL_1196895,CASMI_MOL_543732,543732,COc1cc(NC(=O)N2CC(O)C(O)C2)ccc1C(=O)O,0.26613432692294714,binned_cosine_1Da,79,False,predicted_spectrum,9491
CASMI2022,massformer,completed,106,106,269,CASMI_MOL_1196895,CASMI_MOL_546219,546219,O=C(Cc1ccn(C2CCCC2)n1)C1CSCCS1,0.26518238556014095,binned_cosine_1Da,80,False,predicted_spectrum,9491
CASMI2022,massformer,completed,106,106,269,CASMI_MOL_1196895,CASMI_MOL_541475,541475,COCC(=O)N(C(=O)C(C)C)c1ccc([N+](=O)[O-])cc1O,0.26273632273226977,binned_cosine_1Da,81,False,predicted_spectrum,9491
CASMI2022,massformer,completed,106,106,269,CASMI_MOL_1196895,CASMI_MOL_549733,549733,Cc1cc(C)c2c(c1C)C(NC(=S)NCCO)CS2,0.26229489925801047,binned_cosine_1Da,82,False,predicted_spectrum,9491
CASMI2022,massformer,completed,106,106,269,CASMI_MOL_1196895,CASMI_MOL_546979,546979,COc1cc(N2CCOC(CC(=O)O)C2)ccc1[N+](=O)[O-],0.2622283398948953,binned_cosine_1Da,83,False,predicted_spectrum,9491
CASMI2022,massformer,completed,106,106,269,CASMI_MOL_1196895,CASMI_MOL_544727,544727,CSc1cccc(N(CCO)C2CCC2)c1C(N)=S,0.2608520640077448,binned_cosine_1Da,84,False,predicted_spectrum,9491
CASMI2022,massformer,completed,106,106,269,CASMI_MOL_1196895,CASMI_MOL_546458,546458,COC(=O)C1CN(c2ccc([N+](=O)[O-])c(OC)c2)CCO1,0.26081404848414785,binned_cosine_1Da,85,False,predicted_spectrum,9491
CASMI2022,massformer,completed,106,106,269,CASMI_MOL_1196895,CASMI_MOL_541428,541428,COCC(=O)N(C(=O)C(C)C)c1ccc(O)c([N+](=O)[O-])c1,0.26053537565926677,binned_cosine_1Da,86,False,predicted_spectrum,9491
CASMI2022,massformer,completed,106,106,269,CASMI_MOL_1196895,CASMI_MOL_547530,547530,CCOc1cc(N2CCOC(C(=O)O)C2)ccc1[N+](=O)[O-],0.2597523385537198,binned_cosine_1Da,87,False,predicted_spectrum,9491
CASMI2022,massformer,completed,106,106,269,CASMI_MOL_1196895,CASMI_MOL_548213,548213,CCCCCCC[S+]([O-])c1nc2ccc(N)cc2s1,0.2586980115247077,binned_cosine_1Da,88,False,predicted_spectrum,9491
CASMI2022,massformer,completed,106,106,269,CASMI_MOL_1196895,CASMI_MOL_544705,544705,CCOC(=O)C(C(=O)OCC)C(=O)c1cc(OC)ncn1,0.2553719229657777,binned_cosine_1Da,89,False,predicted_spectrum,9491
CASMI2022,massformer,completed,106,106,269,CASMI_MOL_1196895,CASMI_MOL_548618,548618,CCOC(=O)c1c(C#N)ccn1C1OC(CO)C(O)C1O,0.25165280690282993,binned_cosine_1Da,90,False,predicted_spectrum,9491
CASMI2022,massformer,completed,106,106,269,CASMI_MOL_1196895,CASMI_MOL_544350,544350,CCOc1cccc(N2CCOC(C(=O)O)C2)c1[N+](=O)[O-],0.25165086347084087,binned_cosine_1Da,91,False,predicted_spectrum,9491
CASMI2022,massformer,completed,106,106,269,CASMI_MOL_1196895,CASMI_MOL_544011,544011,CSC1CCC(N2C(=O)C(C)NC2c2cccs2)C1,0.2513033824520937,binned_cosine_1Da,92,False,predicted_spectrum,9491
CASMI2022,massformer,completed,106,106,269,CASMI_MOL_1196895,CASMI_MOL_543943,543943,O=C(O)c1cc(NC2(CO)CCOCC2)ccc1[N+](=O)[O-],0.25129150267300243,binned_cosine_1Da,93,False,predicted_spectrum,9491
CASMI2022,massformer,completed,106,106,269,CASMI_MOL_1196895,CASMI_MOL_542030,542030,COCC1CCOC2Cn3cc(O)c(=O)c(O)c3C(=O)N12,0.25115732290608955,binned_cosine_1Da,94,False,predicted_spectrum,9491
CASMI2022,massformer,completed,106,106,269,CASMI_MOL_1196895,CASMI_MOL_543760,543760,CC1CN(C(=O)c2cc(O)ccc2[N+](=O)[O-])CC(CO)O1,0.24776944705046094,binned_cosine_1Da,95,False,predicted_spectrum,9491
CASMI2022,massformer,completed,106,106,269,CASMI_MOL_1196895,CASMI_MOL_541434,541434,COCC(=O)N(c1cccc([N+](=O)[O-])c1)C(C)CC(=O)O,0.2460050184041698,binned_cosine_1Da,96,False,predicted_spectrum,9491
CASMI2022,massformer,completed,106,106,269,CASMI_MOL_1196895,CASMI_MOL_546130,546130,COc1cc(N2CCOCC2CC(=O)O)ccc1[N+](=O)[O-],0.24397804640227186,binned_cosine_1Da,97,False,predicted_spectrum,9491
CASMI2022,massformer,completed,106,106,269,CASMI_MOL_1196895,CASMI_MOL_544786,544786,COc1cc(N2CC(C)(OCC(=O)O)C2)ccc1[N+](=O)[O-],0.24259897099604166,binned_cosine_1Da,98,False,predicted_spectrum,9491
CASMI2022,massformer,completed,106,106,269,CASMI_MOL_1196895,CASMI_MOL_547176,547176,CCOc1cc(N2CCOCC2C(=O)O)ccc1[N+](=O)[O-],0.24049569203516794,binned_cosine_1Da,99,False,predicted_spectrum,9491
CASMI2022,massformer,completed,106,106,269,CASMI_MOL_1196895,CASMI_MOL_545992,545992,CC1COC(CO)CN1c1ccc([N+](=O)[O-])c(C(=O)O)c1,0.24024723229194736,binned_cosine_1Da,100,False,predicted_spectrum,9491
CASMI2022,massformer,completed,106,106,269,CASMI_MOL_1196895,CASMI_MOL_1196895,1196895,COC(=O)C(NC(=O)c1cccc(NC=O)c1O)C(C)O,0.14250736775879508,binned_cosine_1Da,702,True,predicted_spectrum,9491
CASMI2022,massformer,completed,95,95,243,CASMI_MOL_1196883,CASMI_MOL_476520,476520,CC1C(OC(=O)OC2(C(=O)O)C(C)CC3C4CC(F)=C5CC(=O)C=CC5(C)C4(F)C(O)CC32C)CC2CC23C1C3(C)C,0.5911257996313148,binned_cosine_1Da,1,False,predicted_spectrum,1877
CASMI2022,massformer,completed,95,95,243,CASMI_MOL_1196883,CASMI_MOL_476578,476578,CC1C(OC(=O)OC2(C(=O)O)C(C)CC3C4CC(F)=C5CC(=O)C=CC5(C)C4(F)C(O)CC32C)CC2CC23C1C3(C)C,0.5911257996313148,binned_cosine_1Da,2,False,predicted_spectrum,1877
CASMI2022,massformer,completed,95,95,243,CASMI_MOL_1196883,CASMI_MOL_476931,476931,CC1C(OC(=O)OC2(C(=O)O)C(C)CC3C4CC(F)=C5CC(=O)C=CC5(C)C4(F)C(O)CC32C)CC2CC23C1C3(C)C,0.5911257996313148,binned_cosine_1Da,3,False,predicted_spectrum,1877
CASMI2022,massformer,completed,95,95,243,CASMI_MOL_1196883,CASMI_MOL_475923,475923,CC(=O)OC(C)(C)C=CC(=O)C(C)(O)C1C(O)CC2(C)C3C=CC(C(C)(C)C(=O)O)=C(CC(=O)O)C3(C)C(=O)CC12C,0.5910401247303265,binned_cosine_1Da,4,False,predicted_spectrum,1877
CASMI2022,massformer,completed,95,95,243,CASMI_MOL_1196883,CASMI_MOL_476080,476080,C=CC(=O)OCCOCC(O)COc1ccc(C23CC4CC(CC(C4)C2)C3)c(OCC(O)COCCOC(=O)C=C)c1,0.5899895581042035,binned_cosine_1Da,5,False,predicted_spectrum,1877
CASMI2022,massformer,completed,95,95,243,CASMI_MOL_1196883,CASMI_MOL_476498,476498,CC1C(OC(=O)OC2(C(=O)O)C(C)CC3C4CC(F)=C5CC(=O)C=CC5(C)C4(F)C(O)CC32C)CC2C(C)(C)C23CC13,0.5893916829494565,binned_cosine_1Da,6,False,predicted_spectrum,1877
CASMI2022,massformer,completed,95,95,243,CASMI_MOL_1196883,CASMI_MOL_476932,476932,CC1C(OC(=O)OC2(C(=O)O)C(C)CC3C4CC(F)=C5CC(=O)C=CC5(C)C4(F)C(O)CC32C)CC2C(C)(C)C23CC13,0.5893916829494565,binned_cosine_1Da,7,False,predicted_spectrum,1877
CASMI2022,massformer,completed,95,95,243,CASMI_MOL_1196883,CASMI_MOL_476079,476079,C=CC(=O)OCCOCC(O)COc1ccc(OCC(O)COCCOC(=O)C=C)c(C23CC4CC(CC(C4)C2)C3)c1,0.5870249820833268,binned_cosine_1Da,8,False,predicted_spectrum,1877
CASMI2022,massformer,completed,95,95,243,CASMI_MOL_1196883,CASMI_MOL_475995,475995,CC1CC2C3CC(F)=C4CC(=O)C=CC4(C)C3(F)C(O)CC2(C)C1(OC(=O)OC1CC2CCC3(C)C(C)(C)C213)C(=O)O,0.5864921222960826,binned_cosine_1Da,9,False,predicted_spectrum,1877
CASMI2022,massformer,completed,95,95,243,CASMI_MOL_1196883,CASMI_MOL_476651,476651,CC=CCCCCCc1c2c3c(C(O)OC)c(C(=O)OC)c1C(O)C3(OC(C)=O)OC(C1(CCC=CC)OCCO1)C2,0.5863540732109233,binned_cosine_1Da,10,False,predicted_spectrum,1877
CASMI2022,massformer,completed,95,95,243,CASMI_MOL_1196883,CASMI_MOL_475922,475922,CC(=O)OC(C)(C)C=CC(=O)C(C)(O)C1C(O)CC2(C)C3C=CC(C(C)(C)C(=O)O)=C4CC(=O)OC(O)(CC12C)C43C,0.5830305066197297,binned_cosine_1Da,11,False,predicted_spectrum,1877
CASMI2022,massformer,completed,95,95,243,CASMI_MOL_1196883,CASMI_MOL_475674,475674,CC(=O)OC(C)C1(O)CCC2(O)C3(O)CC(O)C4(O)CC(O)CCC4(C)C3CC(OC(=O)C=Cc3ccccc3)C12C,0.5811073947252948,binned_cosine_1Da,12,False,predicted_spectrum,1877
CASMI2022,massformer,completed,95,95,243,CASMI_MOL_1196883,CASMI_MOL_475675,475675,CC(=O)OC(C)C1(O)CCC2(O)C3(O)CC(O)C4(O)CC(O)CCC4(C)C3CC(OC(=O)C=Cc3ccccc3)C12C,0.5811073947252948,binned_cosine_1Da,13,False,predicted_spectrum,1877
CASMI2022,massformer,completed,95,95,243,CASMI_MOL_1196883,CASMI_MOL_476444,476444,CC(=O)OC(C)C1(O)CCC2(O)C3(O)CC(O)C4(O)CC(O)CCC4(C)C3CC(OC(=O)C=Cc3ccccc3)C12C,0.5811073947252948,binned_cosine_1Da,14,False,predicted_spectrum,1877
CASMI2022,massformer,completed,95,95,243,CASMI_MOL_1196883,CASMI_MOL_476584,476584,CCCCC(=O)OC(O)(OCC(=O)C1(O)CCC2C3CC=C4CC(=O)C=CC4(C)C3C(=O)CC21C)OC(=O)CCCC,0.5805433436848378,binned_cosine_1Da,15,False,predicted_spectrum,1877
CASMI2022,massformer,completed,95,95,243,CASMI_MOL_1196883,CASMI_MOL_475527,475527,C=C1C2C(O)CC3(C)C(c4ccoc4)OC(=O)CC13OC1C(O)C(OC(=O)C(C)CC)C(C)(C)C(CC(=O)OC)C12C,0.5787167701415712,binned_cosine_1Da,16,False,predicted_spectrum,1877
CASMI2022,massformer,completed,95,95,243,CASMI_MOL_1196883,CASMI_MOL_475896,475896,CC(=O)OC1C(=O)C2=C(C(=O)CC3C2(C)CCC(O)C3(C)CO)C2(C)C(=O)CC(C(C)CC(=O)CC(C)C(=O)O)C12C,0.5781330585248413,binned_cosine_1Da,17,False,predicted_spectrum,1877
CASMI2022,massformer,completed,95,95,243,CASMI_MOL_1196883,CASMI_MOL_476042,476042,CC(=O)OC1C(=O)C2=C(C(=O)CC3C2(C)CCC(O)C3(C)CO)C2(C)C(=O)CC(C(C)CC(=O)CC(C)C(=O)O)C12C,0.5781330585248413,binned_cosine_1Da,18,False,predicted_spectrum,1877
CASMI2022,massformer,completed,95,95,243,CASMI_MOL_1196883,CASMI_MOL_475845,475845,CC(=O)OC1CC2C(C(O)CC3CC4CC4C(O)C32C(C)=O)C2C(O)C3C(C(C)C4OC45OC(=O)C(C)(O)C35C)C12C,0.5751555257637411,binned_cosine_1Da,19,False,predicted_spectrum,1877
CASMI2022,massformer,completed,95,95,243,CASMI_MOL_1196883,CASMI_MOL_475688,475688,C=C(C)C12OC3(C=CCCCCCCC)OC1C1C4OC4(CO)C(O)C4(O)C(=O)C(C)=CC4C1(O3)C(C)C2OC(C)=O,0.5746638507181193,binned_cosine_1Da,20,False,predicted_spectrum,1877
CASMI2022,massformer,completed,95,95,243,CASMI_MOL_1196883,CASMI_MOL_475689,475689,C=C(C)C12OC3(C=CCCCCCCC)OC1C1C4OC4(CO)C(O)C4(O)C(=O)C(C)=CC4C1(O3)C(C)C2OC(C)=O,0.5746638507181193,binned_cosine_1Da,21,False,predicted_spectrum,1877
CASMI2022,massformer,completed,95,95,243,CASMI_MOL_1196883,CASMI_MOL_475690,475690,C=C(C)C12OC3(C=CCCCCCCC)OC1C1C4OC4(CO)C(O)C4(O)C(=O)C(C)=CC4C1(O3)C(C)C2OC(C)=O,0.5746638507181193,binned_cosine_1Da,22,False,predicted_spectrum,1877
CASMI2022,massformer,completed,95,95,243,CASMI_MOL_1196883,CASMI_MOL_475691,475691,C=C(C)C12OC3(C=CCCCCCCC)OC1C1C4OC4(CO)C(O)C4(O)C(=O)C(C)=CC4C1(O3)C(C)C2OC(C)=O,0.5746638507181193,binned_cosine_1Da,23,False,predicted_spectrum,1877
CASMI2022,massformer,completed,95,95,243,CASMI_MOL_1196883,CASMI_MOL_476289,476289,CC(=O)OC1CC(C(C)(C)O)OC2CCC3(C)OC4=C(C(=O)CC5=C(C)C(OC(C)=O)C6(C)C(C)OC546)C(O)C3C12C,0.5731934098782221,binned_cosine_1Da,24,False,predicted_spectrum,1877
CASMI2022,massformer,completed,95,95,243,CASMI_MOL_1196883,CASMI_MOL_476290,476290,CC(=O)OC1CC(C(C)(C)O)OC2CCC3(C)OC4=C(C(=O)CC5=C(C)C(OC(C)=O)C6(C)C(C)OC546)C(O)C3C12C,0.5731934098782221,binned_cosine_1Da,25,False,predicted_spectrum,1877
CASMI2022,massformer,completed,95,95,243,CASMI_MOL_1196883,CASMI_MOL_476291,476291,CC(=O)OC1CC(C(C)(C)O)OC2CCC3(C)OC4=C(C(=O)CC5=C(C)C(OC(C)=O)C6(C)C(C)OC546)C(O)C3C12C,0.5731934098782221,binned_cosine_1Da,26,False,predicted_spectrum,1877
CASMI2022,massformer,completed,95,95,243,CASMI_MOL_1196883,CASMI_MOL_476292,476292,CC(=O)OC1CC(C(C)(C)O)OC2CCC3(C)OC4=C(C(=O)CC5=C(C)C(OC(C)=O)C6(C)C(C)OC546)C(O)C3C12C,0.5731934098782221,binned_cosine_1Da,27,False,predicted_spectrum,1877
CASMI2022,massformer,completed,95,95,243,CASMI_MOL_1196883,CASMI_MOL_476417,476417,CC(=O)OC1CC(C(C)(C)O)OC2CCC3(C)OC4=C(C(=O)C=C5C(C)C(OC(C)=O)C6(C)C(C)OC546)C(O)C3C12C,0.5731934098782221,binned_cosine_1Da,28,False,predicted_spectrum,1877
CASMI2022,massformer,completed,95,95,243,CASMI_MOL_1196883,CASMI_MOL_476646,476646,COC(=O)C12CCC(C)(C)CC1C1C(=O)C=C3C(CCC4C(C)(CO)C(=O)C(=C(SC)SC)CC34C)C1(C)CC2,0.5719628031022935,binned_cosine_1Da,29,False,predicted_spectrum,1877
CASMI2022,massformer,completed,95,95,243,CASMI_MOL_1196883,CASMI_MOL_476576,476576,CC=CC(=CC)C(=O)C(C)(C)C1CC(=O)OC2C3(O)C(O)C4(C)CC35OC3(C)OC12C(CC)(O3)C5(C)C4CC(=O)OC,0.5719576730882948,binned_cosine_1Da,30,False,predicted_spectrum,1877
CASMI2022,massformer,completed,95,95,243,CASMI_MOL_1196883,CASMI_MOL_476393,476393,CC(=O)OC1C2OC2CC2C(=O)C(O)C3C(C(C)C(C)C4(C)C3C(O)C3C4C(C)(O)C=C4OC(=O)C(C)(O)C43C)C21C,0.5709213102561794,binned_cosine_1Da,31,False,predicted_spectrum,1877
CASMI2022,massformer,completed,95,95,243,CASMI_MOL_1196883,CASMI_MOL_476534,476534,CC(=O)OC1C(C)=CC23OC2(CC(C)C3OC(=O)C2(C)CC2C)C(=O)C(C)C(OC(C)=O)C2C(C1OC(C)=O)C2(C)C,0.5693993097474531,binned_cosine_1Da,32,False,predicted_spectrum,1877
CASMI2022,massformer,completed,95,95,243,CASMI_MOL_1196883,CASMI_MOL_476533,476533,CC(=O)OC1C(C)=CC23OC2(CC(C)C3OC(C)=O)C(=O)C(C)C(OC(C)=O)C2C(C1OC(=O)C1(C)CC1C)C2(C)C,0.5670355835647765,binned_cosine_1Da,33,False,predicted_spectrum,1877
CASMI2022,massformer,completed,95,95,243,CASMI_MOL_1196883,CASMI_MOL_475686,475686,CC(=O)OC1=CCC(=O)C2(C)C3CCC4(C)C(CC(OC(C)=O)C4C(C)(O)C4CC(C)(O)C(C)C(=O)O4)C3CC3OC132,0.5628265999636105,binned_cosine_1Da,34,False,predicted_spectrum,1877
CASMI2022,massformer,completed,95,95,243,CASMI_MOL_1196883,CASMI_MOL_475687,475687,CC(=O)OC1=CCC(=O)C2(C)C3CCC4(C)C(CC(OC(C)=O)C4C(C)(O)C4CC(C)(O)C(C)C(=O)O4)C3CC3OC132,0.5628265999636105,binned_cosine_1Da,35,False,predicted_spectrum,1877
CASMI2022,massformer,completed,95,95,243,CASMI_MOL_1196883,CASMI_MOL_475692,475692,CC(=O)OC1CC(OC(C)=O)C2(C)C(CC(OC(C)=O)C3(C)C2CCC2(C)C(c4cc(O)oc4O)CC4OC423)C1(C)C,0.5627843046301736,binned_cosine_1Da,36,False,predicted_spectrum,1877
CASMI2022,massformer,completed,95,95,243,CASMI_MOL_1196883,CASMI_MOL_475703,475703,CC(=O)OC1CC(OC(C)=O)C2(C)C(CC(OC(C)=O)C3(C)C2CCC2(C)C(c4cc(O)oc4O)CC4OC423)C1(C)C,0.5627843046301736,binned_cosine_1Da,37,False,predicted_spectrum,1877
CASMI2022,massformer,completed,95,95,243,CASMI_MOL_1196883,CASMI_MOL_476428,476428,CC(=O)OC1CC(OC(C)=O)C2(C)C(CC(OC(C)=O)C3(C)C2CCC2(C)C(c4cc(O)oc4O)CC4OC423)C1(C)C,0.5627843046301736,binned_cosine_1Da,38,False,predicted_spectrum,1877
CASMI2022,massformer,completed,95,95,243,CASMI_MOL_1196883,CASMI_MOL_475924,475924,Cc1c(O)cc(C(C)C)c(O)c1C=CCOC(=O)CCC(=O)OC1OC2OC3(C)CCC4C(C)CCC(C1C)C24OO3,0.5620303661867233,binned_cosine_1Da,39,False,predicted_spectrum,1877
CASMI2022,massformer,completed,95,95,243,CASMI_MOL_1196883,CASMI_MOL_476351,476351,C=C1C(=O)OC2C1CCC(C=NCc1cn(CC3=CCCC4(C)OC4C4OC(=O)C(=C)C4CC3)nn1)=CCCC1(C)OC21,0.5618833101166242,binned_cosine_1Da,40,False,predicted_spectrum,1877
CASMI2022,massformer,completed,95,95,243,CASMI_MOL_1196883,CASMI_MOL_475538,475538,COP(=O)(S)OCCC(=O)OCCC(=O)CC(C)C1CCC2C3C(O)CC4CC(O)CCC4(C)C3CCC12C,0.559887483628185,binned_cosine_1Da,41,False,predicted_spectrum,1877
CASMI2022,massformer,completed,95,95,243,CASMI_MOL_1196883,CASMI_MOL_477221,477221,CCCCCC(=O)OC1C2OC3(OCC45CC6C(C)CCC6C6(C=O)CC4C=C(C(C)C)C65C(=O)O)OC2OC1C3O,0.5576462734663874,binned_cosine_1Da,42,False,predicted_spectrum,1877
CASMI2022,massformer,completed,95,95,243,CASMI_MOL_1196883,CASMI_MOL_477385,477385,CC12CCNC(=O)CC1=CCC1C2CCC2(C)C(OC(=O)CCCc3ccc(N(CCCl)CCCl)cc3)CCC12,0.5565658474863432,binned_cosine_1Da,43,False,predicted_spectrum,1877
CASMI2022,massformer,completed,95,95,243,CASMI_MOL_1196883,CASMI_MOL_477389,477389,CC12CCNC(=O)CC1=CCC1C2CCC2(C)C(OC(=O)CCCc3ccc(N(CCCl)CCCl)cc3)CCC12,0.5565658474863432,binned_cosine_1Da,44,False,predicted_spectrum,1877
CASMI2022,massformer,completed,95,95,243,CASMI_MOL_1196883,CASMI_MOL_475846,475846,CC(=O)OC1C2C3C(O)CC4CC5OC5CC4(C)C3CC(OC(C)=O)C2(C)C2C(C)C3OC34OC(=O)C(C)(O)C4(C)C12,0.5559630383960511,binned_cosine_1Da,45,False,predicted_spectrum,1877
CASMI2022,massformer,completed,95,95,243,CASMI_MOL_1196883,CASMI_MOL_477222,477222,O=C1OCCOCCOC(=O)C23CC4CC(C2)CC(C4)(C3)C(=O)OCCOCCOC(=O)C23CC4CC(CC1(C4)C2)C3,0.5548009332698528,binned_cosine_1Da,46,False,predicted_spectrum,1877
CASMI2022,massformer,completed,95,95,243,CASMI_MOL_1196883,CASMI_MOL_477364,477364,CC12CCNC(=O)C=C1CCC1C2CCC2(C)C(OC(=O)CCCc3ccc(N(CCCl)CCCl)cc3)CCC12,0.5531632811984721,binned_cosine_1Da,47,False,predicted_spectrum,1877
CASMI2022,massformer,completed,95,95,243,CASMI_MOL_1196883,CASMI_MOL_475693,475693,CC=C(C)C(=O)OC1C(C)C(C)(C2CC3CCOC3O2)C2CC3CC4(CO4)C2(C(OC(=O)C(C)=CC)O3)C1OC(C)=O,0.5529753202010316,binned_cosine_1Da,48,False,predicted_spectrum,1877
CASMI2022,massformer,completed,95,95,243,CASMI_MOL_1196883,CASMI_MOL_475694,475694,CC=C(C)C(=O)OC1C(C)C(C)(C2CC3CCOC3O2)C2CC3CC4(CO4)C2(C(OC(=O)C(C)=CC)O3)C1OC(C)=O,0.5529753202010316,binned_cosine_1Da,49,False,predicted_spectrum,1877
CASMI2022,massformer,completed,95,95,243,CASMI_MOL_1196883,CASMI_MOL_476203,476203,CC(=O)OC1C(OC(C)=O)C2C3CC4OC45C(=O)CCC(=O)C5(C)C3CCC2(C)C1C(C)C1CC2(C)OC2(C)C(O)O1,0.5526748448293632,binned_cosine_1Da,50,False,predicted_spectrum,1877
CASMI2022,massformer,completed,95,95,243,CASMI_MOL_1196883,CASMI_MOL_477388,477388,CC12CCC3C(CC=C4CC(OC(=O)CCCc5ccc(N(CCCl)CCCl)cc5)CCC43C)C1CCC(=O)N2,0.5524884259296934,binned_cosine_1Da,51,False,predicted_spectrum,1877
CASMI2022,massformer,completed,95,95,243,CASMI_MOL_1196883,CASMI_MOL_477273,477273,CC(=O)OC1CCC2(C)C(C1)CC(OC(C)=O)C1C2CC(OC(C)=O)C2(C)C1CC1OC(O)(C(F)(F)F)CC(C)C12,0.5518541752954232,binned_cosine_1Da,52,False,predicted_spectrum,1877
CASMI2022,massformer,completed,95,95,243,CASMI_MOL_1196883,CASMI_MOL_475708,475708,CC12CCC3C(CCC4CC(OC(=O)Cc5ccccc5)CCC43C)C1CCC2=NNc1ccc([N+](=O)[O-])cc1[N+](=O)[O-],0.5507552026079786,binned_cosine_1Da,53,False,predicted_spectrum,1877
CASMI2022,massformer,completed,95,95,243,CASMI_MOL_1196883,CASMI_MOL_476986,476986,CC(=O)NC1CCC2C3CC=C4CC(OC(=O)Cc5ccc(N(CCCl)CCCl)cc5)CCC4(C)C3CCC12C,0.5490032525023617,binned_cosine_1Da,54,False,predicted_spectrum,1877
CASMI2022,massformer,completed,95,95,243,CASMI_MOL_1196883,CASMI_MOL_477143,477143,CC(=O)NC1CCC2C3CC=C4CC(OC(=O)Cc5ccc(N(CCCl)CCCl)cc5)CCC4(C)C3CCC12C,0.5490032525023617,binned_cosine_1Da,55,False,predicted_spectrum,1877
CASMI2022,massformer,completed,95,95,243,CASMI_MOL_1196883,CASMI_MOL_477387,477387,CC(=O)NC1CCC2C3CC=C4CC(OC(=O)Cc5ccc(N(CCCl)CCCl)cc5)CCC4(C)C3CCC12C,0.5490032525023617,binned_cosine_1Da,56,False,predicted_spectrum,1877
CASMI2022,massformer,completed,95,95,243,CASMI_MOL_1196883,CASMI_MOL_476150,476150,COc1c(Cl)c(C)c(C=NCCCCC(NC(C)=O)C(=O)O)c(O)c1CC=C(C)C=CC1(C)C(C)CCC(=O)C1C,0.5475596062090551,binned_cosine_1Da,57,False,predicted_spectrum,1877
CASMI2022,massformer,completed,95,95,243,CASMI_MOL_1196883,CASMI_MOL_476151,476151,COc1c(Cl)c(C)c(C=NCCCCC(NC(C)=O)C(=O)O)c(O)c1CC=C(C)C=CC1(C)C(C)CCC(=O)C1C,0.5475596062090551,binned_cosine_1Da,58,False,predicted_spectrum,1877
CASMI2022,massformer,completed,95,95,243,CASMI_MOL_1196883,CASMI_MOL_476162,476162,COc1c(Cl)c(C)c(C=NCCCCC(NC(C)=O)C(=O)O)c(O)c1CC=C(C)C=CC1(C)C(C)CCC(=O)C1C,0.5475596062090551,binned_cosine_1Da,59,False,predicted_spectrum,1877
CASMI2022,massformer,completed,95,95,243,CASMI_MOL_1196883,CASMI_MOL_476768,476768,CCC(C)(C)C(=O)OCC(=O)OC1C2CC3C1OC(=O)C3(C(=O)OCC(=O)OC(C)(C)C13CC4CC(CC(C4)C1)C3)C2,0.5473145735525636,binned_cosine_1Da,60,False,predicted_spectrum,1877
CASMI2022,massformer,completed,95,95,243,CASMI_MOL_1196883,CASMI_MOL_476445,476445,CC=C(C)C(=O)OC1C(C)C(C)(C2CC3CCOC3O2)C2CC3CC4(OCC24C1OC(C)=O)C(OC(=O)C(C)=CC)O3,0.5464204380422123,binned_cosine_1Da,61,False,predicted_spectrum,1877
CASMI2022,massformer,completed,95,95,243,CASMI_MOL_1196883,CASMI_MOL_475982,475982,CCC(O)CC1OCC1(OC(C)=O)C1CC(O)C(OC(C)=O)C2=C(C)CCC(O)(C1OC(=O)c1ccccc1)C2(C)C,0.544770062737457,binned_cosine_1Da,62,False,predicted_spectrum,1877
CASMI2022,massformer,completed,95,95,243,CASMI_MOL_1196883,CASMI_MOL_475701,475701,CC(=O)OC1CC2C(C3OC3C3(O)CC4OC4C(OC(C)=O)C23C)C2CCC(C(C)C3C=C(C)C(CO)C(=O)O3)C12C,0.5428746340973745,binned_cosine_1Da,63,False,predicted_spectrum,1877
CASMI2022,massformer,completed,95,95,243,CASMI_MOL_1196883,CASMI_MOL_477215,477215,CC(=O)OC1CC2C(C3OC3C3(O)CC4OC4C(OC(C)=O)C23C)C2CCC(C(C)C3C=C(C)C(CO)C(=O)O3)C12C,0.5428746340973745,binned_cosine_1Da,64,False,predicted_spectrum,1877
CASMI2022,massformer,completed,95,95,243,CASMI_MOL_1196883,CASMI_MOL_475558,475558,CC12CCC3C(CCC4CC(=NOCC(=O)NC(=O)N=Cc5ccc(C(N)C(F)(F)F)cc5)CCC43C)C1CCC2=O,0.5427773173963956,binned_cosine_1Da,65,False,predicted_spectrum,1877
CASMI2022,massformer,completed,95,95,243,CASMI_MOL_1196883,CASMI_MOL_475700,475700,COC1CC(C)OC2OC3C=C4CCC5C(CCC6(C)C(c7coc(O)c7)C(OC(C)=O)CC56O)C4(C)CC3OC12O,0.5420112899649616,binned_cosine_1Da,66,False,predicted_spectrum,1877
CASMI2022,massformer,completed,95,95,243,CASMI_MOL_1196883,CASMI_MOL_475784,475784,COC1CC(C)OC2OC3C=C4CCC5C(CCC6(C)C(c7coc(O)c7)C(OC(C)=O)CC56O)C4(C)CC3OC12O,0.5420112899649616,binned_cosine_1Da,67,False,predicted_spectrum,1877
CASMI2022,massformer,completed,95,95,243,CASMI_MOL_1196883,CASMI_MOL_476422,476422,COC1CC(C)OC2OC3C=C4CCC5C(CCC6(C)C(c7coc(O)c7)C(OC(C)=O)CC56O)C4(C)CC3OC12O,0.5420112899649616,binned_cosine_1Da,68,False,predicted_spectrum,1877
CASMI2022,massformer,completed,95,95,243,CASMI_MOL_1196883,CASMI_MOL_477207,477207,COC1CC(C)OC2OC3C=C4CCC5C(CCC6(C)C(c7coc(O)c7)C(OC(C)=O)CC56O)C4(C)CC3OC12O,0.5420112899649616,binned_cosine_1Da,69,False,predicted_spectrum,1877
CASMI2022,massformer,completed,95,95,243,CASMI_MOL_1196883,CASMI_MOL_477209,477209,COC1CC(C)OC2OC3C=C4CCC5C(CCC6(C)C(c7coc(O)c7)C(OC(C)=O)CC56O)C4(C)CC3OC12O,0.5420112899649616,binned_cosine_1Da,70,False,predicted_spectrum,1877
CASMI2022,massformer,completed,95,95,243,CASMI_MOL_1196883,CASMI_MOL_477131,477131,CC(CCC(=O)NN1C(=O)C(Cl)C1c1ccc(Cl)cc1)C1CCC2C3CCC4CC(O)CCC4(C)C3CCC12C,0.5417762076856997,binned_cosine_1Da,71,False,predicted_spectrum,1877
CASMI2022,massformer,completed,95,95,243,CASMI_MOL_1196883,CASMI_MOL_477309,477309,CC(CCC(=O)NN1C(=O)C(Cl)C1c1ccc(Cl)cc1)C1CCC2C3CCC4CC(O)CCC4(C)C3CCC12C,0.5417762076856997,binned_cosine_1Da,72,False,predicted_spectrum,1877
CASMI2022,massformer,completed,95,95,243,CASMI_MOL_1196883,CASMI_MOL_475812,475812,CC=CC=c1cc(-c2cccc(C(C)=NCc3ccc(C(=O)NC4CCCC(C(F)(F)F)C4)cc3)c2)cc(O)c1=CCC,0.5394476313306843,binned_cosine_1Da,73,False,predicted_spectrum,1877
CASMI2022,massformer,completed,95,95,243,CASMI_MOL_1196883,CASMI_MOL_475681,475681,CC(=O)OC1CC2(O)C3CCC4=CC(OC5OC(C)C(O)C(O)C5O)CCC4(C)C3CCC2(C)C1c1ccc(=O)oc1,0.5362232339936764,binned_cosine_1Da,74,False,predicted_spectrum,1877
CASMI2022,massformer,completed,95,95,243,CASMI_MOL_1196883,CASMI_MOL_475682,475682,CC(=O)OC1CC2(O)C3CCC4=CC(OC5OC(C)C(O)C(O)C5O)CCC4(C)C3CCC2(C)C1c1ccc(=O)oc1,0.5362232339936764,binned_cosine_1Da,75,False,predicted_spectrum,1877
CASMI2022,massformer,completed,95,95,243,CASMI_MOL_1196883,CASMI_MOL_476429,476429,CC(=O)OC1CC2(O)C3CCC4=CC(OC5OC(C)C(O)C(O)C5O)CCC4(C)C3CCC2(C)C1c1ccc(=O)oc1,0.5362232339936764,binned_cosine_1Da,76,False,predicted_spectrum,1877
CASMI2022,massformer,completed,95,95,243,CASMI_MOL_1196883,CASMI_MOL_476446,476446,CC(=O)OC1CC2(O)C3CCC4=CC(OC5OC(C)C(O)C(O)C5O)CCC4(C)C3CCC2(C)C1c1ccc(=O)oc1,0.5362232339936764,binned_cosine_1Da,77,False,predicted_spectrum,1877
CASMI2022,massformer,completed,95,95,243,CASMI_MOL_1196883,CASMI_MOL_475856,475856,CC(=O)OC1CC2C(CCC3=CC(OC4OC(C)C(O)C(O)C4O)CCC32C)C2(O)CCC(c3ccc(=O)oc3)C12C,0.5356705282604087,binned_cosine_1Da,78,False,predicted_spectrum,1877
CASMI2022,massformer,completed,95,95,243,CASMI_MOL_1196883,CASMI_MOL_1196883,1196883,CC(=O)OC1CC2C(CCC3=CC(OC4OC(C)C(O)C(O)C4O)CCC32C)C2(O)CCC(c3ccc(=O)oc3)C12C,0.5356705146791166,binned_cosine_1Da,79,True,predicted_spectrum,1877
CASMI2022,massformer,completed,95,95,243,CASMI_MOL_1196883,CASMI_MOL_475813,475813,CC=CC=c1cc(-c2cccc(C(C)=NCc3ccc(C(=O)NC4CCC(C(F)(F)F)CC4)cc3)c2)cc(O)c1=CCC,0.5345830298792384,binned_cosine_1Da,80,False,predicted_spectrum,1877
CASMI2022,massformer,completed,95,95,243,CASMI_MOL_1196883,CASMI_MOL_475983,475983,CC(=O)OC1CC2(O)C(OC(O)c3ccccc3)C3C4(OC(C)=O)COC4CC(O)C3(C)C(O)C(C)C(=C1C)C2(C)C,0.5336332258322114,binned_cosine_1Da,81,False,predicted_spectrum,1877
CASMI2022,massformer,completed,95,95,243,CASMI_MOL_1196883,CASMI_MOL_476557,476557,COC1=C2C(C)C(O)CC(O)(C(OC(=O)c3ccccc3)C3CC(OCCOC(C)=O)CC(OC)C3(C)C1=O)C2(C)C,0.5333959974442569,binned_cosine_1Da,82,False,predicted_spectrum,1877
CASMI2022,massformer,completed,95,95,243,CASMI_MOL_1196883,CASMI_MOL_476164,476164,CC1(C)CC(=O)C(C(Cc2ccccc2)=Nc2ccc(N=C(Cc3ccccc3)C3C(=O)CC(C)(C)CC3=O)cc2)C(=O)C1,0.5328502193670017,binned_cosine_1Da,83,False,predicted_spectrum,1877
CASMI2022,massformer,completed,95,95,243,CASMI_MOL_1196883,CASMI_MOL_475758,475758,O=C(O)C1CCC2(C1)OC(COC(=O)C13CC4CC(CC(O)(C4)C1)C3)C(COC(=O)C13CC4CC(CC(O)(C4)C1)C3)O2,0.5325923708033912,binned_cosine_1Da,84,False,predicted_spectrum,1877
CASMI2022,massformer,completed,95,95,243,CASMI_MOL_1196883,CASMI_MOL_476124,476124,CC(=CCC1CCC(OC(=O)C(=O)CC(=O)OC2CCCC2)C1)C1CCC(OC(=O)CC(=O)C(=O)OC2CCCC2)C1,0.5319564319909161,binned_cosine_1Da,85,False,predicted_spectrum,1877
CASMI2022,massformer,completed,95,95,243,CASMI_MOL_1196883,CASMI_MOL_476949,476949,C=CC1(C)CC(=O)C2(O)C3(C)CC(OC(=O)COCc4ccc(OC)cc4)CC(C)(C)C3C(O)C(OC(C)=O)C2(C)O1,0.5318298371017076,binned_cosine_1Da,86,False,predicted_spectrum,1877
CASMI2022,massformer,completed,95,95,243,CASMI_MOL_1196883,CASMI_MOL_476022,476022,COc1ccccc1C(=O)N1CCCC(C(=O)N=C(CC2CCC(=NC(=O)N3CCC4=C(C=CCC4)C3)CC2)C(=O)O)C1,0.5315383093744002,binned_cosine_1Da,87,False,predicted_spectrum,1877
CASMI2022,massformer,completed,95,95,243,CASMI_MOL_1196883,CASMI_MOL_475748,475748,CC12Cc3cnn(-c4ccccc4)c3C=C1CCC1C2C(O)CC2(C)C1CCC2(O)C(=O)COc1ccc2ccccc2c1,0.531064407561727,binned_cosine_1Da,88,False,predicted_spectrum,1877
CASMI2022,massformer,completed,95,95,243,CASMI_MOL_1196883,CASMI_MOL_476623,476623,CC12Cc3cnn(-c4ccccc4)c3C=C1CCC1C2C(O)CC2(C)C1CCC2(O)C(=O)COc1ccc2ccccc2c1,0.531064407561727,binned_cosine_1Da,89,False,predicted_spectrum,1877
CASMI2022,massformer,completed,95,95,243,CASMI_MOL_1196883,CASMI_MOL_476772,476772,CC12Cc3cnn(-c4ccccc4)c3C=C1CCC1C2C(O)CC2(C)C1CCC2(O)C(=O)COc1ccc2ccccc2c1,0.531064407561727,binned_cosine_1Da,90,False,predicted_spectrum,1877
CASMI2022,massformer,completed,95,95,243,CASMI_MOL_1196883,CASMI_MOL_476608,476608,C=Cc1ccc2c(c1)OCCOCCOCCOCCOc1cc(C=C)ccc1OCCOCCOCCOCCO2,0.5308910728580953,binned_cosine_1Da,91,False,predicted_spectrum,1877
CASMI2022,massformer,completed,95,95,243,CASMI_MOL_1196883,CASMI_MOL_475601,475601,CCCCCCOc1ccc(-c2cc(C(=C(C(=O)OCC)C(C(=O)O)=C3C4CC5CC(C4)CC3C5)C3CC3)cs2)cc1,0.530409969111475,binned_cosine_1Da,92,False,predicted_spectrum,1877
CASMI2022,massformer,completed,95,95,243,CASMI_MOL_1196883,CASMI_MOL_476538,476538,C1=C2OCCOCCOCCOCCOc3cc4ccccc4cc3OCCOCCOCCOCCOC2=CCC1,0.5283167773456028,binned_cosine_1Da,93,False,predicted_spectrum,1877
CASMI2022,massformer,completed,95,95,243,CASMI_MOL_1196883,CASMI_MOL_475839,475839,CC(C=CC=C(C)C(=O)O)=CC=CC=C(C)C=CC=C(C)C(=O)OC1CC(O)CC(COC2CC(O)CC(CO)O2)O1,0.5279120013721915,binned_cosine_1Da,94,False,predicted_spectrum,1877
CASMI2022,massformer,completed,95,95,243,CASMI_MOL_1196883,CASMI_MOL_476201,476201,C=CCOCc1ccc2c(c1)OCCOCCOCCOc1cc(COCC=C)ccc1OCCOCCOCCO2,0.5271466498019902,binned_cosine_1Da,95,False,predicted_spectrum,1877
CASMI2022,massformer,completed,95,95,243,CASMI_MOL_1196883,CASMI_MOL_476999,476999,COC1CC(OC(C)=O)C(C)(C)C=CC(C)(O)C(O)C2(OC(C)=O)C(O)C(C)C(OC(=O)c3ccccc3)C2C=C1C,0.5252930449394351,binned_cosine_1Da,96,False,predicted_spectrum,1877
CASMI2022,massformer,completed,95,95,243,CASMI_MOL_1196883,CASMI_MOL_475697,475697,CC=C(C)C(OC(C)=O)C(C)c1cc(O)c2c(c1O)OC1(C)CCC3OC(C(C)(C)O)CC(OC(C)=O)C3(C)C1C2=O,0.5207066040176546,binned_cosine_1Da,97,False,predicted_spectrum,1877
CASMI2022,massformer,completed,95,95,243,CASMI_MOL_1196883,CASMI_MOL_475698,475698,CC=C(C)C(OC(C)=O)C(C)c1cc(O)c2c(c1O)OC1(C)CCC3OC(C(C)(C)O)CC(OC(C)=O)C3(C)C1C2=O,0.5207066040176546,binned_cosine_1Da,98,False,predicted_spectrum,1877
CASMI2022,massformer,completed,95,95,243,CASMI_MOL_1196883,CASMI_MOL_476113,476113,CC=C(C)C(OC(C)=O)C(C)c1cc(O)c2c(c1O)OC1(C)CCC3OC(C(C)(C)O)CC(OC(C)=O)C3(C)C1C2=O,0.5207066040176546,binned_cosine_1Da,99,False,predicted_spectrum,1877
CASMI2022,massformer,completed,95,95,243,CASMI_MOL_1196883,CASMI_MOL_476114,476114,CC=C(C)C(OC(C)=O)C(C)c1cc(O)c2c(c1O)OC1(C)CCC3OC(C(C)(C)O)CC(OC(C)=O)C3(C)C1C2=O,0.5207066040176546,binned_cosine_1Da,100,False,predicted_spectrum,1877
CASMI2022,massformer,completed,96,96,244,CASMI_MOL_1196884,CASMI_MOL_480878,480878,CCC1CC2(CC(C)C=C3C=CC(C)C(CCC(O)CC(O)CC(=O)O)C32)OC1=O,0.6649017765159968,binned_cosine_1Da,1,False,predicted_spectrum,6683
CASMI2022,massformer,completed,96,96,244,CASMI_MOL_1196884,CASMI_MOL_481224,481224,CC1C=C2C=CC(C)C(CCC3CC(O)CC(=O)O3)C2C(O)(CCC(C)C(=O)O)C1,0.6641857464718067,binned_cosine_1Da,2,False,predicted_spectrum,6683
CASMI2022,massformer,completed,96,96,244,CASMI_MOL_1196884,CASMI_MOL_478406,478406,CC(C)(O)OC1(C(=O)CO)CCC2C3CC=C4CC(=O)CCC4(C)C3C(O)CC21C,0.6623683286180159,binned_cosine_1Da,3,False,predicted_spectrum,6683
CASMI2022,massformer,completed,96,96,244,CASMI_MOL_1196884,CASMI_MOL_480560,480560,CC1CC2C3CC=C4CC(=O)CCC4(C)C3CCC2(C)C1C(=O)COCOC(O)O,0.6621284294691819,binned_cosine_1Da,4,False,predicted_spectrum,6683
CASMI2022,massformer,completed,96,96,244,CASMI_MOL_1196884,CASMI_MOL_480940,480940,CCOCOC1(C(O)C(=O)O)CCC2C3CC=C4CC(=O)CCC4(C)C3CCC21C,0.6597882154468501,binned_cosine_1Da,5,False,predicted_spectrum,6683
CASMI2022,massformer,completed,96,96,244,CASMI_MOL_1196884,CASMI_MOL_478025,478025,CCC1(C)C(=O)OC2C3C(=CC(C)C21)C=CC(C)C3CCC(O)CC(O)CC(=O)O,0.6591738791184175,binned_cosine_1Da,6,False,predicted_spectrum,6683
CASMI2022,massformer,completed,96,96,244,CASMI_MOL_1196884,CASMI_MOL_481274,481274,CC1C=C2C=CC(C)C(CCC3CC(O)CC(=O)O3)C2C(OC(=O)C(C)CCO)C1,0.6579811711668251,binned_cosine_1Da,7,False,predicted_spectrum,6683
CASMI2022,massformer,completed,96,96,244,CASMI_MOL_1196884,CASMI_MOL_481953,481953,CC1C=C2C=CC(C)C(CCC3CC(O)CC(=O)O3)C2C(OC(=O)C(C)CCO)C1,0.6579811711668251,binned_cosine_1Da,8,False,predicted_spectrum,6683
CASMI2022,massformer,completed,96,96,244,CASMI_MOL_1196884,CASMI_MOL_481954,481954,CC1C=C2C=CC(C)C(CCC3CC(O)CC(=O)O3)C2C(OC(=O)C(C)CCO)C1,0.6579811711668251,binned_cosine_1Da,9,False,predicted_spectrum,6683
CASMI2022,massformer,completed,96,96,244,CASMI_MOL_1196884,CASMI_MOL_483464,483464,CC1C=C2C=CC(C)C(CCC3CC(O)CC(=O)O3)C2C(OC(=O)C(C)CCO)C1,0.6579811711668251,binned_cosine_1Da,10,False,predicted_spectrum,6683
CASMI2022,massformer,completed,96,96,244,CASMI_MOL_1196884,CASMI_MOL_483873,483873,CC1C=C2C=CC(C)C(CCC3CC(O)CC(=O)O3)C2C(OC(=O)C(C)CCO)C1,0.6579811711668251,binned_cosine_1Da,11,False,predicted_spectrum,6683
CASMI2022,massformer,completed,96,96,244,CASMI_MOL_1196884,CASMI_MOL_480945,480945,COCOC1(C(O)C(=O)O)C(C)CC2C3CC=C4CC(=O)CCC4(C)C3CCC21C,0.6578673651489124,binned_cosine_1Da,12,False,predicted_spectrum,6683
CASMI2022,massformer,completed,96,96,244,CASMI_MOL_1196884,CASMI_MOL_481968,481968,CCOCOC1CC2(C)C(=CC1=O)CCC1C2C(O)CC2(C)C(C(=O)CO)CCC12,0.6576644347943329,binned_cosine_1Da,13,False,predicted_spectrum,6683
CASMI2022,massformer,completed,96,96,244,CASMI_MOL_1196884,CASMI_MOL_478575,478575,CCC(C)C(=O)OC1(O)CC(C)C=C2C=CC(C)C(CCC3CC(O)CC(=O)O3)C21,0.6576267692697005,binned_cosine_1Da,14,False,predicted_spectrum,6683
CASMI2022,massformer,completed,96,96,244,CASMI_MOL_1196884,CASMI_MOL_480960,480960,COCOC1(C(=O)CO)C(C)CC2C3CC=C4CC(=O)CCC4(C)C3C(O)CC21C,0.6571321747508341,binned_cosine_1Da,15,False,predicted_spectrum,6683
CASMI2022,massformer,completed,96,96,244,CASMI_MOL_1196884,CASMI_MOL_480961,480961,COCOC1(C(=O)CO)C(C)CC2C3CC=C4CC(=O)CCC4(C)C3C(O)CC21C,0.6571321747508341,binned_cosine_1Da,16,False,predicted_spectrum,6683
CASMI2022,massformer,completed,96,96,244,CASMI_MOL_1196884,CASMI_MOL_480962,480962,CCOCOC1(C(=O)CO)CCC2C3CC=C4CC(=O)CCC4(C)C3C(O)CC21C,0.6561375479508538,binned_cosine_1Da,17,False,predicted_spectrum,6683
CASMI2022,massformer,completed,96,96,244,CASMI_MOL_1196884,CASMI_MOL_480963,480963,CCOCOC1(C(=O)CO)CCC2C3CC=C4CC(=O)CCC4(C)C3C(O)CC21C,0.6561375479508538,binned_cosine_1Da,18,False,predicted_spectrum,6683
CASMI2022,massformer,completed,96,96,244,CASMI_MOL_1196884,CASMI_MOL_478496,478496,CCC(C)C(=O)OC1CC(C)C=C2C=CC(C)C(=CCC(O)CC(O)CC(=O)O)C21,0.6547697626931759,binned_cosine_1Da,19,False,predicted_spectrum,6683
CASMI2022,massformer,completed,96,96,244,CASMI_MOL_1196884,CASMI_MOL_479446,479446,C=C1C=C2C=CC(C)C(CCC(O)CC(O)CC(=O)O)C2C(OC(=O)C(C)CC)C1,0.6544078249044575,binned_cosine_1Da,20,False,predicted_spectrum,6683
CASMI2022,massformer,completed,96,96,244,CASMI_MOL_1196884,CASMI_MOL_480941,480941,COC(C)OC1(C(O)C(=O)O)CCC2C3CC=C4CC(=O)CCC4(C)C3CCC21C,0.654252705834746,binned_cosine_1Da,21,False,predicted_spectrum,6683
CASMI2022,massformer,completed,96,96,244,CASMI_MOL_1196884,CASMI_MOL_477487,477487,CC1C=C2C=CC(C)C(CCC3CC(O)CC(=O)O3)C2C(OC(=O)C(C)C(C)O)C1,0.6535636938572296,binned_cosine_1Da,22,False,predicted_spectrum,6683
CASMI2022,massformer,completed,96,96,244,CASMI_MOL_1196884,CASMI_MOL_477794,477794,CC1C=C2C=CC(C)C(CCC3CC(O)CC(=O)O3)C2C(OC(=O)C(C)C(C)O)C1,0.6535636938572296,binned_cosine_1Da,23,False,predicted_spectrum,6683
CASMI2022,massformer,completed,96,96,244,CASMI_MOL_1196884,CASMI_MOL_480827,480827,CC1C=C2C=CC(C)C(CCC3CC(O)CC(=O)O3)C2C(OC(=O)C(C)C(C)O)C1,0.6535636938572296,binned_cosine_1Da,24,False,predicted_spectrum,6683
CASMI2022,massformer,completed,96,96,244,CASMI_MOL_1196884,CASMI_MOL_483474,483474,CC1C=C2C=CC(C)C(CCC3CC(O)CC(=O)O3)C2C(OC(=O)C(C)C(C)O)C1,0.6535636938572296,binned_cosine_1Da,25,False,predicted_spectrum,6683
CASMI2022,massformer,completed,96,96,244,CASMI_MOL_1196884,CASMI_MOL_483475,483475,CC1C=C2C=CC(C)C(CCC3CC(O)CC(=O)O3)C2C(OC(=O)C(C)C(C)O)C1,0.6535636938572296,binned_cosine_1Da,26,False,predicted_spectrum,6683
CASMI2022,massformer,completed,96,96,244,CASMI_MOL_1196884,CASMI_MOL_478296,478296,COC1CC2C=CCC3C(=O)C(C)C(C)COC23C(C)=CC(C)C(C(C)O)OC1=O,0.6532146519185061,binned_cosine_1Da,27,False,predicted_spectrum,6683
CASMI2022,massformer,completed,96,96,244,CASMI_MOL_1196884,CASMI_MOL_480894,480894,CCC(C)C(=O)OC1CC(O)C=C2C=C(C)C(C)C(CCC3CC(O)CC(=O)O3)C21,0.6527228020528181,binned_cosine_1Da,28,False,predicted_spectrum,6683
CASMI2022,massformer,completed,96,96,244,CASMI_MOL_1196884,CASMI_MOL_480555,480555,CC(O)(O)OCOCC(=O)C1CCC2C3CC=C4CC(=O)CCC4(C)C3CCC12C,0.6516775911221048,binned_cosine_1Da,29,False,predicted_spectrum,6683
CASMI2022,massformer,completed,96,96,244,CASMI_MOL_1196884,CASMI_MOL_480027,480027,CCC(C)C(=O)OC1CC(C)(O)C=C2C=CC(C)C(CCC3CC(O)CC(=O)O3)C21,0.6504531530632556,binned_cosine_1Da,30,False,predicted_spectrum,6683
CASMI2022,massformer,completed,96,96,244,CASMI_MOL_1196884,CASMI_MOL_481195,481195,CCC(C)C(=O)OC1CC(C)(O)C=C2C=CC(C)C(CCC3CC(O)CC(=O)O3)C21,0.6504531530632556,binned_cosine_1Da,31,False,predicted_spectrum,6683
CASMI2022,massformer,completed,96,96,244,CASMI_MOL_1196884,CASMI_MOL_481511,481511,CCC(C)C(=O)OC1CC(C)(O)C=C2C=CC(C)C(CCC3CC(O)CC(=O)O3)C21,0.6504531530632556,binned_cosine_1Da,32,False,predicted_spectrum,6683
CASMI2022,massformer,completed,96,96,244,CASMI_MOL_1196884,CASMI_MOL_482074,482074,CCC(C)C(=O)OC1CC(C)(O)C=C2C=CC(C)C(CCC3CC(O)CC(=O)O3)C21,0.6504531530632556,binned_cosine_1Da,33,False,predicted_spectrum,6683
CASMI2022,massformer,completed,96,96,244,CASMI_MOL_1196884,CASMI_MOL_483250,483250,CCC(C)C(=O)OC1CC(C)(O)C=C2C=CC(C)C(CCC3CC(O)CC(=O)O3)C21,0.6504531530632556,binned_cosine_1Da,34,False,predicted_spectrum,6683
CASMI2022,massformer,completed,96,96,244,CASMI_MOL_1196884,CASMI_MOL_483611,483611,CCC(C)C(=O)OC1CC(C)(O)C=C2C=CC(C)C(CCC3CC(O)CC(=O)O3)C21,0.6504531530632556,binned_cosine_1Da,35,False,predicted_spectrum,6683
CASMI2022,massformer,completed,96,96,244,CASMI_MOL_1196884,CASMI_MOL_480964,480964,COC(C)OC1(C(=O)CO)CCC2C3CC=C4CC(=O)CCC4(C)C3C(O)CC21C,0.6491090503104213,binned_cosine_1Da,36,False,predicted_spectrum,6683
CASMI2022,massformer,completed,96,96,244,CASMI_MOL_1196884,CASMI_MOL_483049,483049,COC(C)OC1(C(=O)CO)CCC2C3CC=C4CC(=O)CCC4(C)C3C(O)CC21C,0.6491090503104213,binned_cosine_1Da,37,False,predicted_spectrum,6683
CASMI2022,massformer,completed,96,96,244,CASMI_MOL_1196884,CASMI_MOL_481576,481576,COCCOCOCC12CC3C(C)CCC3C3(C=O)CC1C=C(C(C)C)C32C(=O)O,0.6490654581615029,binned_cosine_1Da,38,False,predicted_spectrum,6683
CASMI2022,massformer,completed,96,96,244,CASMI_MOL_1196884,CASMI_MOL_483011,483011,COCCOCOCC12CC3C(C)CCC3C3(C=O)CC1C=C(C(C)C)C32C(=O)O,0.6490654581615029,binned_cosine_1Da,39,False,predicted_spectrum,6683
CASMI2022,massformer,completed,96,96,244,CASMI_MOL_1196884,CASMI_MOL_478423,478423,CCC(C)C(=O)OC1CC(C)C=C2C=CC(C)C(CCC(=O)CC(O)CC(=O)O)C21,0.6489753451029352,binned_cosine_1Da,40,False,predicted_spectrum,6683
CASMI2022,massformer,completed,96,96,244,CASMI_MOL_1196884,CASMI_MOL_480788,480788,CCC(C)C(=O)OC1CC(C)C=C2C=CC(C)C(CCC(=O)CC(O)CC(=O)O)C21,0.6489753451029352,binned_cosine_1Da,41,False,predicted_spectrum,6683
CASMI2022,massformer,completed,96,96,244,CASMI_MOL_1196884,CASMI_MOL_483267,483267,CCC(C)C(=O)OC1CC(C)C=C2C=CC(C)C(CCC(=O)CC(O)CC(=O)O)C21,0.6489753451029352,binned_cosine_1Da,42,False,predicted_spectrum,6683
CASMI2022,massformer,completed,96,96,244,CASMI_MOL_1196884,CASMI_MOL_483227,483227,COC(C)OCOCC12CC3C(C)CCC3C3(C=O)CC1C=C(C(C)C)C32C(=O)O,0.6484780695248812,binned_cosine_1Da,43,False,predicted_spectrum,6683
CASMI2022,massformer,completed,96,96,244,CASMI_MOL_1196884,CASMI_MOL_477627,477627,CCC(C)C(=O)OC1CC(CO)C=C2C=CC(C)C(CCC3CC(O)CC(=O)O3)C21,0.648427319281011,binned_cosine_1Da,44,False,predicted_spectrum,6683
CASMI2022,massformer,completed,96,96,244,CASMI_MOL_1196884,CASMI_MOL_480022,480022,CCC(C)C(=O)OC1CC(CO)C=C2C=CC(C)C(CCC3CC(O)CC(=O)O3)C21,0.648427319281011,binned_cosine_1Da,45,False,predicted_spectrum,6683
CASMI2022,massformer,completed,96,96,244,CASMI_MOL_1196884,CASMI_MOL_483270,483270,CCC(C)C(=O)OC1CC(CO)C=C2C=CC(C)C(CCC3CC(O)CC(=O)O3)C21,0.648427319281011,binned_cosine_1Da,46,False,predicted_spectrum,6683
CASMI2022,massformer,completed,96,96,244,CASMI_MOL_1196884,CASMI_MOL_483271,483271,CCC(C)C(=O)OC1CC(CO)C=C2C=CC(C)C(CCC3CC(O)CC(=O)O3)C21,0.648427319281011,binned_cosine_1Da,47,False,predicted_spectrum,6683
CASMI2022,massformer,completed,96,96,244,CASMI_MOL_1196884,CASMI_MOL_477455,477455,CC(=O)OC1(C(C)=O)CC(O)C2C3CC(C)C4=CC(O)CCC4(C)C3C(O)CC21C,0.6479779606768773,binned_cosine_1Da,48,False,predicted_spectrum,6683
CASMI2022,massformer,completed,96,96,244,CASMI_MOL_1196884,CASMI_MOL_479120,479120,CCC(C)C(=O)OC1C(O)C(C)C=C2C=CC(C)C(CCC3CC(O)CC(=O)O3)C21,0.647619518836256,binned_cosine_1Da,49,False,predicted_spectrum,6683
CASMI2022,massformer,completed,96,96,244,CASMI_MOL_1196884,CASMI_MOL_483037,483037,CCC(C)C(=O)OC1C(O)C(C)C=C2C=CC(C)C(CCC3CC(O)CC(=O)O3)C21,0.647619518836256,binned_cosine_1Da,50,False,predicted_spectrum,6683
CASMI2022,massformer,completed,96,96,244,CASMI_MOL_1196884,CASMI_MOL_478931,478931,CCC(C)C(=O)OC1CC(C)=CC2=CC(O)C(C)C(CCC3CC(O)CC(=O)O3)C21,0.6474415909007449,binned_cosine_1Da,51,False,predicted_spectrum,6683
CASMI2022,massformer,completed,96,96,244,CASMI_MOL_1196884,CASMI_MOL_481214,481214,CCC(C)C(=O)OC1CC(C)C=C2C=CCC(C)(CCC(=O)CC(O)CC(=O)O)C21,0.6472607536071461,binned_cosine_1Da,52,False,predicted_spectrum,6683
CASMI2022,massformer,completed,96,96,244,CASMI_MOL_1196884,CASMI_MOL_480943,480943,CC(=O)OCCC1(O)C(C)CC2C3C(O)C(O)C4=CCC=CC4(C)C3C(O)CC21C,0.6464931946973802,binned_cosine_1Da,53,False,predicted_spectrum,6683
CASMI2022,massformer,completed,96,96,244,CASMI_MOL_1196884,CASMI_MOL_477606,477606,CCC(C)C(=O)OC1CC(O)C=C2C=CC(C)C(CCCC3CC(O)CC(=O)O3)C21,0.6463656581769915,binned_cosine_1Da,54,False,predicted_spectrum,6683
CASMI2022,massformer,completed,96,96,244,CASMI_MOL_1196884,CASMI_MOL_479107,479107,CCC(=O)OC1(C(=O)CO)CCC2C3CCC4=CC(O)CCC4(C)C3C(O)CC21C,0.6462788063271357,binned_cosine_1Da,55,False,predicted_spectrum,6683
CASMI2022,massformer,completed,96,96,244,CASMI_MOL_1196884,CASMI_MOL_483463,483463,CC1C=C2C=CC(C)C(CCC3CC(O)CC(=O)O3)C2C(OC(=O)C(C)(C)CO)C1,0.6456458061051282,binned_cosine_1Da,56,False,predicted_spectrum,6683
CASMI2022,massformer,completed,96,96,244,CASMI_MOL_1196884,CASMI_MOL_483272,483272,CCC(C)C(=O)OCC1CC(CO)C=C2C=CCC(CCC3CC(O)CC(=O)O3)C21,0.6453798332620896,binned_cosine_1Da,57,False,predicted_spectrum,6683
CASMI2022,massformer,completed,96,96,244,CASMI_MOL_1196884,CASMI_MOL_478877,478877,COC1CC2C=CC3C4CC2(C(C)=CC(C)C(C(C)O)OC1=O)C3C(O)C(C)C4O,0.6451282227962571,binned_cosine_1Da,58,False,predicted_spectrum,6683
CASMI2022,massformer,completed,96,96,244,CASMI_MOL_1196884,CASMI_MOL_478216,478216,CCCC(=O)OCC1=CC2C(=O)C3(C=C(C)C(O)C3(O)C1O)C(C)CC(C)C2(C)C,0.6446457650097124,binned_cosine_1Da,59,False,predicted_spectrum,6683
CASMI2022,massformer,completed,96,96,244,CASMI_MOL_1196884,CASMI_MOL_479386,479386,CCC(C)C(=O)OC1CC(C)C=C2CC(=O)C(C)C(CCC3CC(O)CC(=O)O3)C21,0.644548400078378,binned_cosine_1Da,60,False,predicted_spectrum,6683
CASMI2022,massformer,completed,96,96,244,CASMI_MOL_1196884,CASMI_MOL_479390,479390,CCC(C)C(=O)OC1CC(C)C=C2CC(=O)C(C)C(CCC3CC(O)CC(=O)O3)C21,0.644548400078378,binned_cosine_1Da,61,False,predicted_spectrum,6683
CASMI2022,massformer,completed,96,96,244,CASMI_MOL_1196884,CASMI_MOL_481510,481510,CCC(C)C(=O)OC1CC(C)C=C2CC(=O)C(C)C(CCC3CC(O)CC(=O)O3)C21,0.644548400078378,binned_cosine_1Da,62,False,predicted_spectrum,6683
CASMI2022,massformer,completed,96,96,244,CASMI_MOL_1196884,CASMI_MOL_482075,482075,CCC(C)C(=O)OC1CC(C)C=C2CC(=O)C(C)C(CCC3CC(O)CC(=O)O3)C21,0.644548400078378,binned_cosine_1Da,63,False,predicted_spectrum,6683
CASMI2022,massformer,completed,96,96,244,CASMI_MOL_1196884,CASMI_MOL_483209,483209,CCC(C)C(=O)OC1CC(C)C=C2CC(=O)C(C)C(CCC3CC(O)CC(=O)O3)C21,0.644548400078378,binned_cosine_1Da,64,False,predicted_spectrum,6683
CASMI2022,massformer,completed,96,96,244,CASMI_MOL_1196884,CASMI_MOL_483268,483268,CCC(C)C(=O)OC1CC(C)C=C2CC(=O)C(C)C(CCC3CC(O)CC(=O)O3)C21,0.644548400078378,binned_cosine_1Da,65,False,predicted_spectrum,6683
CASMI2022,massformer,completed,96,96,244,CASMI_MOL_1196884,CASMI_MOL_483470,483470,CCC(C)C(=O)OC1CC(C)C=C2CC(=O)C(C)C(CCC3CC(O)CC(=O)O3)C21,0.644548400078378,binned_cosine_1Da,66,False,predicted_spectrum,6683
CASMI2022,massformer,completed,96,96,244,CASMI_MOL_1196884,CASMI_MOL_479975,479975,CCC(C)C(=O)OC1CC(C)C=C2C(O)C=C(C)C(CCC3CC(O)CC(=O)O3)C21,0.6445483538127875,binned_cosine_1Da,67,False,predicted_spectrum,6683
CASMI2022,massformer,completed,96,96,244,CASMI_MOL_1196884,CASMI_MOL_477864,477864,C=C(C)C(=O)C(OCCO)C12CCC(C1)C1CCCC12C(OCCO)C(=O)C(=C)C,0.6443793135648376,binned_cosine_1Da,68,False,predicted_spectrum,6683
CASMI2022,massformer,completed,96,96,244,CASMI_MOL_1196884,CASMI_MOL_480893,480893,CCC(C)C(=O)OC1CC(O)C=C2C(C)=CC(C)C(CCC3CC(O)CC(=O)O3)C21,0.6440883389891989,binned_cosine_1Da,69,False,predicted_spectrum,6683
CASMI2022,massformer,completed,96,96,244,CASMI_MOL_1196884,CASMI_MOL_478219,478219,CCCC(=O)OC1C(C)=CC23C(=O)C(=CC(CO)C(O)C12O)C(C)(C)C(C)CC3C,0.6435492189385383,binned_cosine_1Da,70,False,predicted_spectrum,6683
CASMI2022,massformer,completed,96,96,244,CASMI_MOL_1196884,CASMI_MOL_478880,478880,CC(C)C(=O)OC1(C)CC(C)C2(O)C3=CC(C)C(=O)C3(O)CC(CO)=CC2C1(C)C,0.6432150060150353,binned_cosine_1Da,71,False,predicted_spectrum,6683
CASMI2022,massformer,completed,96,96,244,CASMI_MOL_1196884,CASMI_MOL_478220,478220,CCCC(=O)OCC1=CC2C(=O)C3(C=C(C)CC3(O)C1O)C(C)CC(C)(O)C2(C)C,0.6431432208399012,binned_cosine_1Da,72,False,predicted_spectrum,6683
CASMI2022,massformer,completed,96,96,244,CASMI_MOL_1196884,CASMI_MOL_479992,479992,CCOCOC1(C(=O)OC)CCC2C3CC=C4CC(=O)CCC4(C)C3C(O)CC21C,0.6430428706316712,binned_cosine_1Da,73,False,predicted_spectrum,6683
CASMI2022,massformer,completed,96,96,244,CASMI_MOL_1196884,CASMI_MOL_482424,482424,CCC(C)C(=O)OC1CC(C)CC2C=CC(C)C(=CCC(=O)CC(O)CC(=O)O)C21,0.6426062577227373,binned_cosine_1Da,74,False,predicted_spectrum,6683
CASMI2022,massformer,completed,96,96,244,CASMI_MOL_1196884,CASMI_MOL_479967,479967,C=C1C2C(CO)C(O)CCC2C(C(=O)OC)(C(=O)OC)CC2=C(C)CCC1C2(C)C,0.6424791901158057,binned_cosine_1Da,75,False,predicted_spectrum,6683
CASMI2022,massformer,completed,96,96,244,CASMI_MOL_1196884,CASMI_MOL_480895,480895,CCC(C)C(=O)OC1CC(O)C(C)=C2C=CC(C)C(CCC3CC(O)CC(=O)O3)C21,0.6413329943199693,binned_cosine_1Da,76,False,predicted_spectrum,6683
CASMI2022,massformer,completed,96,96,244,CASMI_MOL_1196884,CASMI_MOL_479095,479095,CC=C(C)C(=O)OC1C(C)=CC2(C(C)CC(C)C)C(=O)C(C)=CC(CO)C(O)C12O,0.6411085519432688,binned_cosine_1Da,77,False,predicted_spectrum,6683
CASMI2022,massformer,completed,96,96,244,CASMI_MOL_1196884,CASMI_MOL_478121,478121,CCC(C)C(=O)OC1CC(C)CC2=CC(O)C(C)C(CCC3CC(O)CC(=O)O3)=C21,0.6401604445687237,binned_cosine_1Da,78,False,predicted_spectrum,6683
CASMI2022,massformer,completed,96,96,244,CASMI_MOL_1196884,CASMI_MOL_483038,483038,CCC(C)C(=O)OC1CC(C)CC2=CC(O)C(C)C(CCC3CC(O)CC(=O)O3)=C21,0.6401604445687237,binned_cosine_1Da,79,False,predicted_spectrum,6683
CASMI2022,massformer,completed,96,96,244,CASMI_MOL_1196884,CASMI_MOL_481573,481573,CC1CC2C3CCC4=CCC=CC4(C)C3(F)CCC2(C)C1CCSCCC(=O)O,0.6393171943488913,binned_cosine_1Da,80,False,predicted_spectrum,6683
CASMI2022,massformer,completed,96,96,244,CASMI_MOL_1196884,CASMI_MOL_481971,481971,CC1CC2C3CCC4=CCC=CC4(C)C3(F)CCC2(C)C1CCSCCC(=O)O,0.6393171943488913,binned_cosine_1Da,81,False,predicted_spectrum,6683
CASMI2022,massformer,completed,96,96,244,CASMI_MOL_1196884,CASMI_MOL_478892,478892,CC(=O)OCC(=O)C1(O)C(C)CC2C3CCC4CC(O)CCC4(C)C3C(=O)CC21C,0.6391032551478497,binned_cosine_1Da,82,False,predicted_spectrum,6683
CASMI2022,massformer,completed,96,96,244,CASMI_MOL_1196884,CASMI_MOL_478893,478893,CC(=O)OCC(=O)C1(O)C(C)CC2C3CCC4CC(O)CCC4(C)C3C(=O)CC21C,0.6391032551478497,binned_cosine_1Da,83,False,predicted_spectrum,6683
CASMI2022,massformer,completed,96,96,244,CASMI_MOL_1196884,CASMI_MOL_481196,481196,CC(=O)OCC(=O)C1(O)C(C)CC2C3CCC4CC(O)CCC4(C)C3C(=O)CC21C,0.6391032551478497,binned_cosine_1Da,84,False,predicted_spectrum,6683
CASMI2022,massformer,completed,96,96,244,CASMI_MOL_1196884,CASMI_MOL_481197,481197,CC(=O)OCC(=O)C1(O)C(C)CC2C3CCC4CC(O)CCC4(C)C3C(=O)CC21C,0.6391032551478497,binned_cosine_1Da,85,False,predicted_spectrum,6683
CASMI2022,massformer,completed,96,96,244,CASMI_MOL_1196884,CASMI_MOL_481242,481242,CCCC(C)C(=O)OC1CC(O)C=C2C=CC(C)C(CCC3CC(O)CC(=O)O3)C21,0.6378545886580459,binned_cosine_1Da,86,False,predicted_spectrum,6683
CASMI2022,massformer,completed,96,96,244,CASMI_MOL_1196884,CASMI_MOL_481947,481947,CCCC(C)C(=O)OC1CC(O)C=C2C=CC(C)C(CCC3CC(O)CC(=O)O3)C21,0.6378545886580459,binned_cosine_1Da,87,False,predicted_spectrum,6683
CASMI2022,massformer,completed,96,96,244,CASMI_MOL_1196884,CASMI_MOL_477655,477655,COC1CC2C=CC3C4OC2(C(C)=CC(C)C(C(C)O)OC1=O)C3C(O)C(C)C4C,0.6378207961645216,binned_cosine_1Da,88,False,predicted_spectrum,6683
CASMI2022,massformer,completed,96,96,244,CASMI_MOL_1196884,CASMI_MOL_479059,479059,COC1CC2C=CC3C4OC2(C(C)=CC(C)C(C(C)O)OC1=O)C3C(O)C(C)C4C,0.6378207961645216,binned_cosine_1Da,89,False,predicted_spectrum,6683
CASMI2022,massformer,completed,96,96,244,CASMI_MOL_1196884,CASMI_MOL_479055,479055,CC=C(C)C(=O)OC1C(C)CC23CCC(C)C(C)(C)C(=CC(CO)C(O)C12O)C3=O,0.6366552571758696,binned_cosine_1Da,90,False,predicted_spectrum,6683
CASMI2022,massformer,completed,96,96,244,CASMI_MOL_1196884,CASMI_MOL_483445,483445,CC1C=C2C=CC(C)C(CCC(O)CC(O)CC(=O)O)C2C(OC(=O)C2(C)CC2)C1,0.6363974371258301,binned_cosine_1Da,91,False,predicted_spectrum,6683
CASMI2022,massformer,completed,96,96,244,CASMI_MOL_1196884,CASMI_MOL_481223,481223,CCC(CC)C(=O)OC1CC(O)C=C2C=CC(C)C(CCC3CC(O)CC(=O)O3)C21,0.6363068932307344,binned_cosine_1Da,92,False,predicted_spectrum,6683
CASMI2022,massformer,completed,96,96,244,CASMI_MOL_1196884,CASMI_MOL_481967,481967,CCC(CC)C(=O)OC1CC(O)C=C2C=CC(C)C(CCC3CC(O)CC(=O)O3)C21,0.6363068932307344,binned_cosine_1Da,93,False,predicted_spectrum,6683
CASMI2022,massformer,completed,96,96,244,CASMI_MOL_1196884,CASMI_MOL_479961,479961,CC(=O)OCCC1(C)C2=C(CCC1C)C1(C)C(OC(C)=O)CCC(C)(O)C1C(=O)C2,0.6363020380195397,binned_cosine_1Da,94,False,predicted_spectrum,6683
CASMI2022,massformer,completed,96,96,244,CASMI_MOL_1196884,CASMI_MOL_483429,483429,CC(=O)OCCC1(C)C2=C(CCC1C)C1(C)C(OC(C)=O)CCC(C)(O)C1C(=O)C2,0.6363020380195397,binned_cosine_1Da,95,False,predicted_spectrum,6683
CASMI2022,massformer,completed,96,96,244,CASMI_MOL_1196884,CASMI_MOL_477690,477690,C=C1C(O)CC(C(C)C(OC(C)=O)C(=CC(C)C)C(C)=O)C(O)C2C(=C)C(O)CC12,0.6357708165050412,binned_cosine_1Da,96,False,predicted_spectrum,6683
CASMI2022,massformer,completed,96,96,244,CASMI_MOL_1196884,CASMI_MOL_477691,477691,C=C1C(O)CC(C(C)C(OC(C)=O)C(=CC(C)C)C(C)=O)C(O)C2C(=C)C(O)CC12,0.6357708165050412,binned_cosine_1Da,97,False,predicted_spectrum,6683
CASMI2022,massformer,completed,96,96,244,CASMI_MOL_1196884,CASMI_MOL_480909,480909,CCC(C)C(=O)OC1CC(O)C=C2C=CC(C)C(CCC3CC(OC)CC(=O)O3)C21,0.6353538739775513,binned_cosine_1Da,98,False,predicted_spectrum,6683
CASMI2022,massformer,completed,96,96,244,CASMI_MOL_1196884,CASMI_MOL_480430,480430,C=C1CCC2C(C)(CO)C(O)CCC2(C)C1C=CC1C(=O)OCC1OC(=O)C(C)C,0.6351903015994983,binned_cosine_1Da,99,False,predicted_spectrum,6683
CASMI2022,massformer,completed,96,96,244,CASMI_MOL_1196884,CASMI_MOL_481383,481383,C=C1CCC2C(C)(CO)C(O)CCC2(C)C1C=CC1C(=O)OCC1OC(=O)C(C)C,0.6351903015994983,binned_cosine_1Da,100,False,predicted_spectrum,6683
CASMI2022,massformer,completed,96,96,244,CASMI_MOL_1196884,CASMI_MOL_1196884,1196884,CC(=O)OCC1(O)CC23CCC4C(C)(COC(C)=O)C(=O)CCC4(C)C2CCC1C3,0.6095688351227501,binned_cosine_1Da,245,True,predicted_spectrum,6683
CASMI2022,massformer,completed,98,98,248,CASMI_MOL_1196886,CASMI_MOL_489089,489089,Cc1csc(-c2ccc(-c3c4cc(C(C)(C)C)ccc4cc4ccc(C(C)(C)C)cc34)[nH]2)n1,0.8685468742932152,binned_cosine_1Da,1,False,predicted_spectrum,9270
CASMI2022,massformer,completed,98,98,248,CASMI_MOL_1196886,CASMI_MOL_489533,489533,Cc1csc(-c2ccc(-c3c4ccc(C(C)(C)C)cc4cc4ccc(C(C)(C)C)cc34)[nH]2)n1,0.8685382530542528,binned_cosine_1Da,2,False,predicted_spectrum,9270
CASMI2022,massformer,completed,98,98,248,CASMI_MOL_1196886,CASMI_MOL_491910,491910,COC1C=CC(C)=C(C23Cc4[nH]c(=O)c(C(=O)O)cc4CC2(O)C2C(CN2CC2CC2)C3)C1,0.8626935451544016,binned_cosine_1Da,3,False,predicted_spectrum,9270
CASMI2022,massformer,completed,98,98,248,CASMI_MOL_1196886,CASMI_MOL_492752,492752,Cc1cc(-c2ccc(C(C)(c3cc(C)c(O)c(C)c3)c3cc(C)c(O)c(C)c3)cc2)ccc1O,0.8625204410781756,binned_cosine_1Da,4,False,predicted_spectrum,9270
CASMI2022,massformer,completed,98,98,248,CASMI_MOL_1196886,CASMI_MOL_489889,489889,COc1cc(C)ccc1-c1cc2c3c(cc(O)c2cc1OC)C(C)(C)C(C)(C)c1ccccc1-3,0.8610728029297288,binned_cosine_1Da,5,False,predicted_spectrum,9270
CASMI2022,massformer,completed,98,98,248,CASMI_MOL_1196886,CASMI_MOL_489721,489721,CC(C)c1ccccc1-c1nccn1-c1c(C(C)C)cc2c(sc3ccccc32)c1C(C)C,0.8606266526176352,binned_cosine_1Da,6,False,predicted_spectrum,9270
CASMI2022,massformer,completed,98,98,248,CASMI_MOL_1196886,CASMI_MOL_490638,490638,COc1ccc(C)c(C23CCN(CC4CC4)C(C)C2(O)Cc2cc(C(=O)O)c(=O)[nH]c2C3)c1,0.8586178274459402,binned_cosine_1Da,7,False,predicted_spectrum,9270
CASMI2022,massformer,completed,98,98,248,CASMI_MOL_1196886,CASMI_MOL_490792,490792,COc1ccc(C)c(C23CCN(CC4CC4)C(C)C2(O)Cc2cc(C(=O)O)c(=O)[nH]c2C3)c1,0.8586178274459402,binned_cosine_1Da,8,False,predicted_spectrum,9270
CASMI2022,massformer,completed,98,98,248,CASMI_MOL_1196886,CASMI_MOL_489038,489038,COc1ccc(-c2cc3c4c(cc(O)c3cc2OC)CCCCCCCc2ccccc2-4)cc1,0.8580913709988557,binned_cosine_1Da,9,False,predicted_spectrum,9270
CASMI2022,massformer,completed,98,98,248,CASMI_MOL_1196886,CASMI_MOL_490728,490728,COc1ccc2ccc(OC)c(-c3c(C)cc(C)cc3C)c2c1C(=O)c1c(C)cc(C)cc1C,0.8564708563718177,binned_cosine_1Da,10,False,predicted_spectrum,9270
CASMI2022,massformer,completed,98,98,248,CASMI_MOL_1196886,CASMI_MOL_488948,488948,CC1=C(c2c(C)cc(C)cc2C)SC2C(c3cc(C(C)(C)C)c4ccccc4c3)=NC=NC12,0.8524474480459051,binned_cosine_1Da,11,False,predicted_spectrum,9270
CASMI2022,massformer,completed,98,98,248,CASMI_MOL_1196886,CASMI_MOL_489002,489002,Cc1cc(C2CCN(C3CNC3)CC2)cc2c1OCc1c(ncnc1N1CCSCC1)N2,0.8498124457044007,binned_cosine_1Da,12,False,predicted_spectrum,9270
CASMI2022,massformer,completed,98,98,248,CASMI_MOL_1196886,CASMI_MOL_489037,489037,CC1CCCN(c2ccc(Nc3ccc(-c4ccnc5c4ccn5C)c4c[nH]c(O)c34)nc2)C1,0.8472660478776218,binned_cosine_1Da,13,False,predicted_spectrum,9270
CASMI2022,massformer,completed,98,98,248,CASMI_MOL_1196886,CASMI_MOL_489566,489566,Cc1c(Oc2c(C)c(N)c(CC3CO3)c(CC3CO3)c2CC2CO2)ccc(CC2CO2)c1N,0.8453633664701263,binned_cosine_1Da,14,False,predicted_spectrum,9270
CASMI2022,massformer,completed,98,98,248,CASMI_MOL_1196886,CASMI_MOL_486687,486687,CN1CCn2ncc(-c3cnc4[nH]cc(-c5ccc6c(c5)C5(CCNCC5)CC6=O)c4c3)c2C1,0.8441638330541752,binned_cosine_1Da,15,False,predicted_spectrum,9270
CASMI2022,massformer,completed,98,98,248,CASMI_MOL_1196886,CASMI_MOL_486742,486742,Cc1cc(C2CN(C3CCNC3)C2)cc2c1OC(C)c1c(ncnc1N1CCSCC1)N2,0.8439646237659669,binned_cosine_1Da,16,False,predicted_spectrum,9270
CASMI2022,massformer,completed,98,98,248,CASMI_MOL_1196886,CASMI_MOL_492875,492875,Cc1c(-c2ccccn2)nc2ncccc2c1N1CC(C)(C)c2ncc(N3CCOCC3)cc21,0.8435779986066985,binned_cosine_1Da,17,False,predicted_spectrum,9270
CASMI2022,massformer,completed,98,98,248,CASMI_MOL_1196886,CASMI_MOL_490731,490731,COc1ccc2c(c1)C13CCN(CC4CC4)C(C2)C1(O)CC1=CC(C(=O)O)COCN=C1C3,0.8409934038620104,binned_cosine_1Da,18,False,predicted_spectrum,9270
CASMI2022,massformer,completed,98,98,248,CASMI_MOL_1196886,CASMI_MOL_486689,486689,CN1CCN(c2cc(-c3cnc4[nH]cc(-c5ccc6c(c5)C(C)(C)NC6=O)c4c3)ccn2)CC1,0.840643992189362,binned_cosine_1Da,19,False,predicted_spectrum,9270
CASMI2022,massformer,completed,98,98,248,CASMI_MOL_1196886,CASMI_MOL_492549,492549,Cc1ccc(-c2c(CN)c(CC(C)(C)C)nc(C)c2C(C)(C(=O)O)c2oc(=O)oc2C)cc1,0.8400141266618136,binned_cosine_1Da,20,False,predicted_spectrum,9270
CASMI2022,massformer,completed,98,98,248,CASMI_MOL_1196886,CASMI_MOL_489564,489564,Cc1ccc(Oc2c(CC3CO3)c(N)c(C)c(CC3CO3)c2CC2CO2)c(CC2CO2)c1N,0.8395928414978783,binned_cosine_1Da,21,False,predicted_spectrum,9270
CASMI2022,massformer,completed,98,98,248,CASMI_MOL_1196886,CASMI_MOL_492012,492012,Cc1cc(N)c(CC2CO2)c(Oc2c(CC3CO3)c(C)c(CC3CO3)c(N)c2CC2CO2)c1,0.8395102940418346,binned_cosine_1Da,22,False,predicted_spectrum,9270
CASMI2022,massformer,completed,98,98,248,CASMI_MOL_1196886,CASMI_MOL_489948,489948,Cc1ccc(Oc2c(N)c(N)c(C)c(CC3CO3)c2CC2CO2)c(CC2CO2)c1CC1CO1,0.8381790770713851,binned_cosine_1Da,23,False,predicted_spectrum,9270
CASMI2022,massformer,completed,98,98,248,CASMI_MOL_1196886,CASMI_MOL_492226,492226,COc1cc(-c2cnc(C)n2C)ccc1Nc1cc2cc(-c3cnn(C(C)C)c3)ccc2cn1,0.8381094475313686,binned_cosine_1Da,24,False,predicted_spectrum,9270
CASMI2022,massformer,completed,98,98,248,CASMI_MOL_1196886,CASMI_MOL_492015,492015,Cc1c(Oc2c(C)c(N)c(CC3CO3)c(CC3CO3)c2CC2CO2)ccc(N)c1CC1CO1,0.8375158953450673,binned_cosine_1Da,25,False,predicted_spectrum,9270
CASMI2022,massformer,completed,98,98,248,CASMI_MOL_1196886,CASMI_MOL_489563,489563,Cc1c(N)ccc(Oc2c(C)c(N)c(CC3CO3)c(CC3CO3)c2CC2CO2)c1CC1CO1,0.8374478577574863,binned_cosine_1Da,26,False,predicted_spectrum,9270
CASMI2022,massformer,completed,98,98,248,CASMI_MOL_1196886,CASMI_MOL_486699,486699,COc1ccc2c3c1OC1C4(OC)C=CC5(CC4C(=O)N4CCOCC4)C(C2)N(C)CCC315,0.8365869329811885,binned_cosine_1Da,27,False,predicted_spectrum,9270
CASMI2022,massformer,completed,98,98,248,CASMI_MOL_1196886,CASMI_MOL_490696,490696,Cc1c(N)ccc(Oc2c(C)c(CC3CO3)c(N)c(CC3CO3)c2CC2CO2)c1CC1CO1,0.8364798524257514,binned_cosine_1Da,28,False,predicted_spectrum,9270
CASMI2022,massformer,completed,98,98,248,CASMI_MOL_1196886,CASMI_MOL_492014,492014,Cc1c(Oc2c(CC3CO3)c(C)c(CC3CO3)c(N)c2CC2CO2)ccc(N)c1CC1CO1,0.8358778087739477,binned_cosine_1Da,29,False,predicted_spectrum,9270
CASMI2022,massformer,completed,98,98,248,CASMI_MOL_1196886,CASMI_MOL_490021,490021,CC(C)c1cc(C(C)C)c2sc3ccc(C(C)C)c(-n4ccnc4-c4ccccc4)c3c2c1,0.8358635758077569,binned_cosine_1Da,30,False,predicted_spectrum,9270
CASMI2022,massformer,completed,98,98,248,CASMI_MOL_1196886,CASMI_MOL_491034,491034,Cc1c(Oc2c(C)c(CC3CO3)c(N)c(CC3CO3)c2CC2CO2)ccc(N)c1CC1CO1,0.8357011602599586,binned_cosine_1Da,31,False,predicted_spectrum,9270
CASMI2022,massformer,completed,98,98,248,CASMI_MOL_1196886,CASMI_MOL_490290,490290,Cc1cc(-c2nc3cc(-c4nc5cc(N6CCN(C)CC6)ccc5[nH]4)ccc3[nH]2)cc(C)c1O,0.8350265933238461,binned_cosine_1Da,32,False,predicted_spectrum,9270
CASMI2022,massformer,completed,98,98,248,CASMI_MOL_1196886,CASMI_MOL_492831,492831,COc1cc2c(O)cc3c(c2cc1OC)-c1ccc(-c2ccc(C(C)(C)C)cc2)cc1C3(C)C,0.8347249212143919,binned_cosine_1Da,33,False,predicted_spectrum,9270
CASMI2022,massformer,completed,98,98,248,CASMI_MOL_1196886,CASMI_MOL_489761,489761,CCCCc1cccc(-c2cc(-c3cc(C)n(C)n3)c3cnn(-c4cccc(CO)n4)c3c2)n1,0.8346582937596706,binned_cosine_1Da,34,False,predicted_spectrum,9270
CASMI2022,massformer,completed,98,98,248,CASMI_MOL_1196886,CASMI_MOL_491033,491033,Cc1c(Oc2c(CC3CO3)c(C)c(N)c(CC3CO3)c2CC2CO2)ccc(N)c1CC1CO1,0.8345793632395363,binned_cosine_1Da,35,False,predicted_spectrum,9270
CASMI2022,massformer,completed,98,98,248,CASMI_MOL_1196886,CASMI_MOL_489565,489565,Cc1c(N)ccc(Oc2c(CC3CO3)c(N)c(C)c(CC3CO3)c2CC2CO2)c1CC1CO1,0.8342811176005847,binned_cosine_1Da,36,False,predicted_spectrum,9270
CASMI2022,massformer,completed,98,98,248,CASMI_MOL_1196886,CASMI_MOL_492013,492013,Cc1c(N)ccc(Oc2c(CC3CO3)c(C)c(CC3CO3)c(N)c2CC2CO2)c1CC1CO1,0.8342230433468056,binned_cosine_1Da,37,False,predicted_spectrum,9270
CASMI2022,massformer,completed,98,98,248,CASMI_MOL_1196886,CASMI_MOL_491032,491032,Cc1c(N)ccc(Oc2c(CC3CO3)c(C)c(N)c(CC3CO3)c2CC2CO2)c1CC1CO1,0.8338428942052666,binned_cosine_1Da,38,False,predicted_spectrum,9270
CASMI2022,massformer,completed,98,98,248,CASMI_MOL_1196886,CASMI_MOL_492035,492035,COc1cc(-c2ccnc3c2CN=C(C)N3C(C)c2ccc(N)cc2)ccc1-n1cnc(C)c1,0.8333674153332911,binned_cosine_1Da,39,False,predicted_spectrum,9270
CASMI2022,massformer,completed,98,98,248,CASMI_MOL_1196886,CASMI_MOL_492548,492548,Cc1ccc(-c2c(CN)c(CC(C)(C)C)nc(C)c2C(Cc2oc(=O)oc2C)C(=O)O)cc1,0.8332788643007323,binned_cosine_1Da,40,False,predicted_spectrum,9270
CASMI2022,massformer,completed,98,98,248,CASMI_MOL_1196886,CASMI_MOL_486807,486807,Cc1cnc(Nc2ccc3c(c2)N(C(C)C)C(C)C(=O)N3C)nc1-c1cncc2ccccc12,0.8318610678130267,binned_cosine_1Da,41,False,predicted_spectrum,9270
CASMI2022,massformer,completed,98,98,248,CASMI_MOL_1196886,CASMI_MOL_489107,489107,Cc1cnc(Nc2ccc3c(c2)N(C(C)C)C(C)C(=O)N3C)nc1-c1cncc2ccccc12,0.8318610678130267,binned_cosine_1Da,42,False,predicted_spectrum,9270
CASMI2022,massformer,completed,98,98,248,CASMI_MOL_1196886,CASMI_MOL_493588,493588,CCCCc1c(C)c(C)c(OC)c2c1-c1c(ccc3[nH]nnc13)C(C)c1ccc3[nH]nnc3c1-2,0.8310239096656764,binned_cosine_1Da,43,False,predicted_spectrum,9270
CASMI2022,massformer,completed,98,98,248,CASMI_MOL_1196886,CASMI_MOL_489289,489289,COc1ccc2cc1Oc1cc(ccc1O)CCC(=O)NC1CN(CC3CCOCC3)CC21,0.8296404416502283,binned_cosine_1Da,44,False,predicted_spectrum,9270
CASMI2022,massformer,completed,98,98,248,CASMI_MOL_1196886,CASMI_MOL_492042,492042,Cc1cc(C(c2ccc(-c3ccc(O)cc3)cc2)c2cc(C)c(O)c(C)c2C)c(C)c(C)c1O,0.8294778756566946,binned_cosine_1Da,45,False,predicted_spectrum,9270
CASMI2022,massformer,completed,98,98,248,CASMI_MOL_1196886,CASMI_MOL_489754,489754,Cc1c(N2CCCC(C3CCN(CCc4ccc5c(c4C)COC5=O)CC3)C2=O)coc1O,0.8291796610045519,binned_cosine_1Da,46,False,predicted_spectrum,9270
CASMI2022,massformer,completed,98,98,248,CASMI_MOL_1196886,CASMI_MOL_491035,491035,Cc1cc(Oc2c(CC3CO3)c(C)c(N)c(CC3CO3)c2CC2CO2)c(CC2CO2)cc1N,0.8290633197223899,binned_cosine_1Da,47,False,predicted_spectrum,9270
CASMI2022,massformer,completed,98,98,248,CASMI_MOL_1196886,CASMI_MOL_490147,490147,Cc1cc(C(c2ccccc2)(c2cc(C)c(O)c(C)c2)c2cc(C)c(O)c(C)c2)cc(C)c1O,0.8285806965405497,binned_cosine_1Da,48,False,predicted_spectrum,9270
CASMI2022,massformer,completed,98,98,248,CASMI_MOL_1196886,CASMI_MOL_495201,495201,COc1cc2c(c(OC)c1OC)-c1ccc(=O)c(N3CCCCC3)cc1C(NC(C)=O)CC2,0.8276932146514623,binned_cosine_1Da,49,False,predicted_spectrum,9270
CASMI2022,massformer,completed,98,98,248,CASMI_MOL_1196886,CASMI_MOL_495224,495224,COc1cc2c(c(OC)c1OC)-c1ccc(=O)c(N3CCCCC3)cc1C(NC(C)=O)CC2,0.8276932146514623,binned_cosine_1Da,50,False,predicted_spectrum,9270
CASMI2022,massformer,completed,98,98,248,CASMI_MOL_1196886,CASMI_MOL_489388,489388,Cn1ccc2c(-c3ccc(Nc4ccc(C5(C)CCNCC5)cn4)c4c(O)[nH]cc34)ccnc21,0.8268950948070859,binned_cosine_1Da,51,False,predicted_spectrum,9270
CASMI2022,massformer,completed,98,98,248,CASMI_MOL_1196886,CASMI_MOL_495186,495186,COc1cc2c(c(OC)c1OC)-c1cc(N3CCCCC3)c(=O)ccc1C(NC(C)=O)CC2,0.8267156373315285,binned_cosine_1Da,52,False,predicted_spectrum,9270
CASMI2022,massformer,completed,98,98,248,CASMI_MOL_1196886,CASMI_MOL_495207,495207,COc1cc2c(c(OC)c1OC)-c1cc(N3CCCCC3)c(=O)ccc1C(NC(C)=O)CC2,0.8267156373315285,binned_cosine_1Da,53,False,predicted_spectrum,9270
CASMI2022,massformer,completed,98,98,248,CASMI_MOL_1196886,CASMI_MOL_492647,492647,CCCC(C)c1c(OC)c(C)c(C)c2c1-c1c(ccc3[nH]nnc13)Cc1ccc3[nH]nnc3c1-2,0.8264670065363438,binned_cosine_1Da,54,False,predicted_spectrum,9270
CASMI2022,massformer,completed,98,98,248,CASMI_MOL_1196886,CASMI_MOL_491947,491947,CC1(C)CCCc2ccc(-c3nccn4nc(Nc5ccc6c(c5)NC(=O)C6(C)C)nc34)cc21,0.8259295174543766,binned_cosine_1Da,55,False,predicted_spectrum,9270
CASMI2022,massformer,completed,98,98,248,CASMI_MOL_1196886,CASMI_MOL_490066,490066,CC(C)c1cnn2c(NC3CCc4[nH]c5ccccc5c4C3)cc(-c3cncc(CO)c3)nc12,0.8258032305976368,binned_cosine_1Da,56,False,predicted_spectrum,9270
CASMI2022,massformer,completed,98,98,248,CASMI_MOL_1196886,CASMI_MOL_490973,490973,COc1nccnc1C1CCN(c2nc(C3(F)CC3)nc3ccc(N(C)CCO)cc23)CC1,0.8244111819272356,binned_cosine_1Da,57,False,predicted_spectrum,9270
CASMI2022,massformer,completed,98,98,248,CASMI_MOL_1196886,CASMI_MOL_489030,489030,CCC1(C)CNc2c(C#N)cc(-c3ccnc(Nc4cc(C#N)ccc4CCCOC)n3)cc21,0.8241905422474182,binned_cosine_1Da,58,False,predicted_spectrum,9270
CASMI2022,massformer,completed,98,98,248,CASMI_MOL_1196886,CASMI_MOL_486686,486686,CN1CCn2ncc(-c3cnc4[nH]cc(-c5ccc6c(c5)C5(CCCCC5)NC6=O)c4c3)c2C1,0.8235305288993524,binned_cosine_1Da,59,False,predicted_spectrum,9270
CASMI2022,massformer,completed,98,98,248,CASMI_MOL_1196886,CASMI_MOL_495212,495212,COc1cc2c(c(OC)c1OC)-c1ccc(N3CCCCC3)c(=O)cc1C(NC(C)=O)CC2,0.8214232997828942,binned_cosine_1Da,60,False,predicted_spectrum,9270
CASMI2022,massformer,completed,98,98,248,CASMI_MOL_1196886,CASMI_MOL_495719,495719,COc1cc2c(c(OC)c1OC)-c1ccc(N3CCCCC3)c(=O)cc1C(NC(C)=O)CC2,0.8214232997828942,binned_cosine_1Da,61,False,predicted_spectrum,9270
CASMI2022,massformer,completed,98,98,248,CASMI_MOL_1196886,CASMI_MOL_495915,495915,COc1cc2c(c(OC)c1OC)-c1ccc(N3CCCCC3)c(=O)cc1C(NC(C)=O)CC2,0.8214232997828942,binned_cosine_1Da,62,False,predicted_spectrum,9270
CASMI2022,massformer,completed,98,98,248,CASMI_MOL_1196886,CASMI_MOL_489955,489955,CCN(CC)c1cccc(-c2c(C(N)=O)ccc(C)c2Nc2nccc(-c3cccnc3)n2)c1,0.8210797830213801,binned_cosine_1Da,63,False,predicted_spectrum,9270
CASMI2022,massformer,completed,98,98,248,CASMI_MOL_1196886,CASMI_MOL_489491,489491,CC(=O)c1c(C)[nH]c(-c2nc3cc(N4CCN(C)CC4)ccc3[nH]2)c1-c1ccc2[nH]ccc2c1,0.8204985378835109,binned_cosine_1Da,64,False,predicted_spectrum,9270
CASMI2022,massformer,completed,98,98,248,CASMI_MOL_1196886,CASMI_MOL_486669,486669,CN(C)c1ccc2c(c1)N(c1nccn3nc(Cc4ccc5c(c4)CC(=O)C5(C)C)nc13)CC2,0.8203605662436924,binned_cosine_1Da,65,False,predicted_spectrum,9270
CASMI2022,massformer,completed,98,98,248,CASMI_MOL_1196886,CASMI_MOL_489334,489334,Cn1ccc2c(-c3ccc(Nc4ccc(C5CCCNCC5)cn4)c4c(O)[nH]cc34)ccnc21,0.8203245372024759,binned_cosine_1Da,66,False,predicted_spectrum,9270
CASMI2022,massformer,completed,98,98,248,CASMI_MOL_1196886,CASMI_MOL_490697,490697,CCOc1cc(CN2CCN(c3ncc(F)cn3)CC2C)cc2[nH]c(=O)c3c(c12)NCCC3,0.8194717236442526,binned_cosine_1Da,67,False,predicted_spectrum,9270
CASMI2022,massformer,completed,98,98,248,CASMI_MOL_1196886,CASMI_MOL_486690,486690,CN1CCN(c2ccc(-c3cnc4[nH]cc(-c5ccc6c(c5)C(C)(C)NC6=O)c4c3)cn2)CC1,0.819240802260712,binned_cosine_1Da,68,False,predicted_spectrum,9270
CASMI2022,massformer,completed,98,98,248,CASMI_MOL_1196886,CASMI_MOL_489387,489387,Cc1ccc2c(-c3ccc(Nc4ccc(N5CCN(C)CC5)cn4)c4c(O)[nH]cc34)c[nH]c2c1,0.8189522220999454,binned_cosine_1Da,69,False,predicted_spectrum,9270
CASMI2022,massformer,completed,98,98,248,CASMI_MOL_1196886,CASMI_MOL_489490,489490,CC(=O)c1c(C)[nH]c(-c2nc3cc(N4CCN(C)CC4)ccc3[nH]2)c1-c1c[nH]c2ccccc12,0.8185362053355943,binned_cosine_1Da,70,False,predicted_spectrum,9270
CASMI2022,massformer,completed,98,98,248,CASMI_MOL_1196886,CASMI_MOL_490972,490972,COc1cccnc1N1CCN(c2nc(C3(F)CC3)nc3ccc(N(C)CCO)cc23)CC1,0.8180498602837277,binned_cosine_1Da,71,False,predicted_spectrum,9270
CASMI2022,massformer,completed,98,98,248,CASMI_MOL_1196886,CASMI_MOL_490974,490974,COc1cncnc1C1CCN(c2nc(C3(F)CC3)nc3ccc(N(C)CCO)cc23)CC1,0.8179228471702067,binned_cosine_1Da,72,False,predicted_spectrum,9270
CASMI2022,massformer,completed,98,98,248,CASMI_MOL_1196886,CASMI_MOL_490778,490778,COc1cc2c(cc1OC)C(CO)N1CC3CC4(C)c5cc(OC)c(OC)cc5C(C1C2)N34,0.8170286190279233,binned_cosine_1Da,73,False,predicted_spectrum,9270
CASMI2022,massformer,completed,98,98,248,CASMI_MOL_1196886,CASMI_MOL_491366,491366,CCCn1c(O)c(O)c(C(=O)c2c(OC)cccc2OC)c1-c1ccc(N(CC)CC)cc1,0.8159462696849064,binned_cosine_1Da,74,False,predicted_spectrum,9270
CASMI2022,massformer,completed,98,98,248,CASMI_MOL_1196886,CASMI_MOL_493974,493974,COc1cc(OC)c(C2c3cccn3CCCN2Cc2ccc(OC)c(OC)c2)c(OC)c1,0.8155140496325092,binned_cosine_1Da,75,False,predicted_spectrum,9270
CASMI2022,massformer,completed,98,98,248,CASMI_MOL_1196886,CASMI_MOL_489603,489603,Cc1c(-c2ccc3c(c2)CN=C3)nc(Nc2ccc(N3CCC(C)(O)CC3)cc2)c2nccn12,0.8149872176695234,binned_cosine_1Da,76,False,predicted_spectrum,9270
CASMI2022,massformer,completed,98,98,248,CASMI_MOL_1196886,CASMI_MOL_492762,492762,CNc1ncc2cc(-c3c(C)ccc4c(Nc5cccc(OC(C)C)c5)nn(C)c34)ccc2n1,0.8149304073107821,binned_cosine_1Da,77,False,predicted_spectrum,9270
CASMI2022,massformer,completed,98,98,248,CASMI_MOL_1196886,CASMI_MOL_490548,490548,Cc1ccc2cc1Nc1nccc(n1)-c1cc(C#N)c3c(c1)C(C)(CN3)CON1CCC2CC1,0.8131831773311129,binned_cosine_1Da,78,False,predicted_spectrum,9270
CASMI2022,massformer,completed,98,98,248,CASMI_MOL_1196886,CASMI_MOL_490551,490551,Cc1cc(-c2cc(N3CCOCC3C)nc3c(-c4cc[nH]n4)ncc(C)c23)ccc1C=CC=N,0.8131740655957269,binned_cosine_1Da,79,False,predicted_spectrum,9270
CASMI2022,massformer,completed,98,98,248,CASMI_MOL_1196886,CASMI_MOL_490485,490485,CC1CCC(C2Nc3ccc4c5c(ccc(c35)S2)N(C)C(C2CCC(C)CC2)S4)CC1,0.8123822626633624,binned_cosine_1Da,80,False,predicted_spectrum,9270
CASMI2022,massformer,completed,98,98,248,CASMI_MOL_1196886,CASMI_MOL_489044,489044,[C-]#[N+]c1cncc(-c2ccc3c(c2)-c2c(ncnc2NC2CCC(N4CCOCC4)CC2)C3)c1,0.8083610264539955,binned_cosine_1Da,81,False,predicted_spectrum,9270
CASMI2022,massformer,completed,98,98,248,CASMI_MOL_1196886,CASMI_MOL_489260,489260,CCC1CCN(c2ccc(Nc3ccc(-c4ccnc5[nH]ccc45)c4c[nH]c(O)c34)nc2)CC1,0.8081051091958544,binned_cosine_1Da,82,False,predicted_spectrum,9270
CASMI2022,massformer,completed,98,98,248,CASMI_MOL_1196886,CASMI_MOL_490969,490969,COc1cccnc1C1CCN(c2nc(C3(F)CC3)nc3cnc(N(C)CCO)cc23)CC1,0.8077350446498941,binned_cosine_1Da,83,False,predicted_spectrum,9270
CASMI2022,massformer,completed,98,98,248,CASMI_MOL_1196886,CASMI_MOL_495088,495088,COc1cc2nc(N3CCN(c4ccnc(N5CCOCC5)n4)CC3)nc(N)c2cc1OC,0.807089734776194,binned_cosine_1Da,84,False,predicted_spectrum,9270
CASMI2022,massformer,completed,98,98,248,CASMI_MOL_1196886,CASMI_MOL_495144,495144,CCOC(=O)c1c(C)n(CCC(C)C)c2cc(-c3ccncc3)c(OC(C)(C)C(=O)O)cc12,0.8060455752819151,binned_cosine_1Da,85,False,predicted_spectrum,9270
CASMI2022,massformer,completed,98,98,248,CASMI_MOL_1196886,CASMI_MOL_488958,488958,c1cc(-c2cnc3[nH]ccc3c2)c2c(n1)Nc1cc(C3CCN(C4CNC4)CC3)ccc1OC2,0.805950111165468,binned_cosine_1Da,86,False,predicted_spectrum,9270
CASMI2022,massformer,completed,98,98,248,CASMI_MOL_1196886,CASMI_MOL_489062,489062,COc1cc2c(cc1Nc1ncc(C(N)=O)c(Nc3cc(C)nn3CCO)n1)CN(C)CC2,0.805773069092338,binned_cosine_1Da,87,False,predicted_spectrum,9270
CASMI2022,massformer,completed,98,98,248,CASMI_MOL_1196886,CASMI_MOL_493977,493977,COc1cc(CN2CCCn3cccc3C2c2cc(OC)c(OC)cc2OC)cc(OC)c1,0.8045494788013898,binned_cosine_1Da,88,False,predicted_spectrum,9270
CASMI2022,massformer,completed,98,98,248,CASMI_MOL_1196886,CASMI_MOL_489789,489789,CC=C1OCc2c1ccc(CCN1CCC3(CCN(c4coc(O)c4C)C3=O)C(O)C1)c2C,0.8033779654943604,binned_cosine_1Da,89,False,predicted_spectrum,9270
CASMI2022,massformer,completed,98,98,248,CASMI_MOL_1196886,CASMI_MOL_493699,493699,Cc1nc2cc(-c3ccc4c(c3)CN(c3ncnc5c3CN(C3CC3)CC5)CCO4)ccc2[nH]1,0.8033201614901908,binned_cosine_1Da,90,False,predicted_spectrum,9270
CASMI2022,massformer,completed,98,98,248,CASMI_MOL_1196886,CASMI_MOL_493991,493991,COc1cc(CN2CCCn3cccc3C2c2ccc(OC)c(OC)c2OC)cc(OC)c1,0.8026556222670894,binned_cosine_1Da,91,False,predicted_spectrum,9270
CASMI2022,massformer,completed,98,98,248,CASMI_MOL_1196886,CASMI_MOL_489581,489581,C=C(CC)C(c1c(C)c(C)c(C)c(C)c1O)(c1cccc2[nH]nnc12)c1cccc2[nH]nnc12,0.8020287694135612,binned_cosine_1Da,92,False,predicted_spectrum,9270
CASMI2022,massformer,completed,98,98,248,CASMI_MOL_1196886,CASMI_MOL_489106,489106,[C-]#[N+]c1cccc(-c2ccc3[nH]c4ncnc(NC5CCC(N6CCOCC6)CC5)c4c3c2)c1,0.8020254512954107,binned_cosine_1Da,93,False,predicted_spectrum,9270
CASMI2022,massformer,completed,98,98,248,CASMI_MOL_1196886,CASMI_MOL_491022,491022,COC(CN1CCC2(CC1)CCN(c1c(C)c(=O)c1=O)CC2)c1ccc2c(c1C)COC2=O,0.8010600277588804,binned_cosine_1Da,94,False,predicted_spectrum,9270
CASMI2022,massformer,completed,98,98,248,CASMI_MOL_1196886,CASMI_MOL_491023,491023,COC(CN1CCC2(CC1)CCN(c1c(C)c(=O)c1=O)CC2)c1ccc2c(c1C)COC2=O,0.8010600277588804,binned_cosine_1Da,95,False,predicted_spectrum,9270
CASMI2022,massformer,completed,98,98,248,CASMI_MOL_1196886,CASMI_MOL_494821,494821,COc1ccc(CN2CCCC(CN3CCc4cc5c(cc4CC3=O)OCO5)C2)cc1OC,0.8009524946565061,binned_cosine_1Da,96,False,predicted_spectrum,9270
CASMI2022,massformer,completed,98,98,248,CASMI_MOL_1196886,CASMI_MOL_493976,493976,COc1ccc(CN2CCCn3cccc3C2c2cc(OC)c(OC)cc2OC)cc1OC,0.8004696317508835,binned_cosine_1Da,97,False,predicted_spectrum,9270
CASMI2022,massformer,completed,98,98,248,CASMI_MOL_1196886,CASMI_MOL_491383,491383,CCCCCn1c(O)c(O)c(C(=O)c2c(OC)cccc2OC)c1-c1ccc(N(C)C)cc1,0.7993959045819538,binned_cosine_1Da,98,False,predicted_spectrum,9270
CASMI2022,massformer,completed,98,98,248,CASMI_MOL_1196886,CASMI_MOL_490214,490214,CC(C)(C)C1Cc2c(cc(N3CCCCOCC3)c3c2CCO3)-c2cc(=O)c(C(=O)O)cn21,0.798167118008293,binned_cosine_1Da,99,False,predicted_spectrum,9270
CASMI2022,massformer,completed,98,98,248,CASMI_MOL_1196886,CASMI_MOL_489167,489167,COc1cc2c(c(OC)c1C)CC1NC2C2Cc3cc(C)c(C)c(OC)c3C(CO)N2C1=O,0.797914688634413,binned_cosine_1Da,100,False,predicted_spectrum,9270
CASMI2022,massformer,completed,98,98,248,CASMI_MOL_1196886,CASMI_MOL_1196886,1196886,CCOc1ccc(-c2nc3cc(-c4nc5cc(N6CCN(C)CC6)ccc5[nH]4)ccc3[nH]2)cc1,0.7717330156495816,binned_cosine_1Da,158,True,predicted_spectrum,9270
CASMI2022,massformer,completed,99,99,253,CASMI_MOL_1196887,CASMI_MOL_501112,501112,Cc1ccc(C(C)C)c(OCC(=O)Nc2cccc(C(=O)Nc3ccc(F)c(Cl)c3)c2)c1,0.5828897461541751,binned_cosine_1Da,1,False,predicted_spectrum,6863
CASMI2022,massformer,completed,99,99,253,CASMI_MOL_1196887,CASMI_MOL_500638,500638,CC(Oc1ccc(C(C)C)cc1)C(=O)Nc1cccc(C(=O)Nc2ccc(F)c(Cl)c2)c1,0.5712398939639703,binned_cosine_1Da,2,False,predicted_spectrum,6863
CASMI2022,massformer,completed,99,99,253,CASMI_MOL_1196887,CASMI_MOL_499434,499434,CC(NC(=O)CC(=O)Nc1cc(F)c(Oc2ccnc(C(N)=O)c2)cc1F)c1ccccc1,0.5576553085855848,binned_cosine_1Da,3,False,predicted_spectrum,6863
CASMI2022,massformer,completed,99,99,253,CASMI_MOL_1196887,CASMI_MOL_498823,498823,COc1cc(NC(=O)Cc2ccc(F)c(F)c2)ccc1C=NNC(=O)c1ccc(O)c(N)c1,0.5493390307940399,binned_cosine_1Da,4,False,predicted_spectrum,6863
CASMI2022,massformer,completed,99,99,253,CASMI_MOL_1196887,CASMI_MOL_499852,499852,CN(C)c1cccc(C(=O)NNC(=O)c2ccc(NC(=O)c3cc(F)cc(F)c3)cc2O)c1,0.5213009724091543,binned_cosine_1Da,5,False,predicted_spectrum,6863
CASMI2022,massformer,completed,99,99,253,CASMI_MOL_1196887,CASMI_MOL_498696,498696,CNC(=O)c1cc(Oc2ccc(C(C)NC(=O)Nc3cc(Cl)ccc3OC)cc2)ccn1,0.5139694497706138,binned_cosine_1Da,6,False,predicted_spectrum,6863
CASMI2022,massformer,completed,99,99,253,CASMI_MOL_1196887,CASMI_MOL_497486,497486,CC(=O)Nc1ccc(SC2OC(COC(C)=O)C(OC(C)=O)C(N)C2OC(C)=O)cc1,0.5090506515134849,binned_cosine_1Da,7,False,predicted_spectrum,6863
CASMI2022,massformer,completed,99,99,253,CASMI_MOL_1196887,CASMI_MOL_501107,501107,CC(C)CCOc1ccc(C(=O)Nc2cccc(C(=O)Nc3ccc(F)c(Cl)c3)c2)cc1,0.5074036630602284,binned_cosine_1Da,8,False,predicted_spectrum,6863
CASMI2022,massformer,completed,99,99,253,CASMI_MOL_1196887,CASMI_MOL_501106,501106,CC(C)CCOc1cccc(C(=O)Nc2cccc(C(=O)Nc3ccc(F)c(Cl)c3)c2)c1,0.5064085762521892,binned_cosine_1Da,9,False,predicted_spectrum,6863
CASMI2022,massformer,completed,99,99,253,CASMI_MOL_1196887,CASMI_MOL_498079,498079,CCN1C(=O)COc2cc(NC(=O)CC(C)CC(=O)Nc3ccc(C#N)c(Cl)c3)ccc21,0.4981423162798727,binned_cosine_1Da,10,False,predicted_spectrum,6863
CASMI2022,massformer,completed,99,99,253,CASMI_MOL_1196887,CASMI_MOL_498434,498434,COc1ccc(NC(=O)C(=O)NN=Cc2cc(C)n(-c3ccc(Cl)cc3)c2C)c(OC)c1,0.4838807047585492,binned_cosine_1Da,11,False,predicted_spectrum,6863
CASMI2022,massformer,completed,99,99,253,CASMI_MOL_1196887,CASMI_MOL_497757,497757,COc1ccc(OC)c(NC(=O)C(=O)NN=Cc2cc(C)n(-c3ccc(Cl)cc3)c2C)c1,0.4834498084620246,binned_cosine_1Da,12,False,predicted_spectrum,6863
CASMI2022,massformer,completed,99,99,253,CASMI_MOL_1196887,CASMI_MOL_499348,499348,Cc1cnc(Nc2cccc(S(=O)(=O)NC(C)C)c2)nc1Nc1ccc2oc(=O)[nH]c2c1,0.48325439198186476,binned_cosine_1Da,13,False,predicted_spectrum,6863
CASMI2022,massformer,completed,99,99,253,CASMI_MOL_1196887,CASMI_MOL_497756,497756,COc1ccc(-n2c(C)cc(C=NNC(=O)C(=O)Nc3cc(Cl)ccc3OC)c2C)cc1,0.48273662672893924,binned_cosine_1Da,14,False,predicted_spectrum,6863
CASMI2022,massformer,completed,99,99,253,CASMI_MOL_1196887,CASMI_MOL_496965,496965,CC(C)C(NC(=O)c1ccc(-c2ccc(NC(=O)Nc3ccc(Cl)cc3)cc2)[nH]1)C(=O)O,0.48038797217749823,binned_cosine_1Da,15,False,predicted_spectrum,6863
CASMI2022,massformer,completed,99,99,253,CASMI_MOL_1196887,CASMI_MOL_499044,499044,CC1Nc2ccc(CNC(=O)Cc3ccc(Cl)cc3)cc2C(=O)N1C1CCC(=O)NC1=O,0.47898913059592774,binned_cosine_1Da,16,False,predicted_spectrum,6863
CASMI2022,massformer,completed,99,99,253,CASMI_MOL_1196887,CASMI_MOL_498950,498950,CCC(=O)Nc1cccc(C2=NOC3(C2)CC(C(N)=O)N(C(=O)c2ccc(Cl)cc2)C3)c1,0.4783787447873693,binned_cosine_1Da,17,False,predicted_spectrum,6863
CASMI2022,massformer,completed,99,99,253,CASMI_MOL_1196887,CASMI_MOL_501848,501848,CCC(=O)Nc1cccc(C2=NOC3(C2)CC(C(N)=O)N(C(=O)c2ccc(Cl)cc2)C3)c1,0.4783787447873693,binned_cosine_1Da,18,False,predicted_spectrum,6863
CASMI2022,massformer,completed,99,99,253,CASMI_MOL_1196887,CASMI_MOL_498432,498432,COc1ccc(OC)c(NC(=O)C(=O)NN=Cc2cc(C)n(-c3ccccc3Cl)c2C)c1,0.4779033559947108,binned_cosine_1Da,19,False,predicted_spectrum,6863
CASMI2022,massformer,completed,99,99,253,CASMI_MOL_1196887,CASMI_MOL_500253,500253,COc1ccc(NC(=O)CCc2ccc(C)cc2C)cc1NC(=O)c1ccc(Cl)cc1F,0.4775239813504079,binned_cosine_1Da,20,False,predicted_spectrum,6863
CASMI2022,massformer,completed,99,99,253,CASMI_MOL_1196887,CASMI_MOL_499762,499762,CN(C)C(=O)c1ccc(NC(=O)CNC(=O)c2c3ccccc3c(O)n2C2CC2)cc1Cl,0.476109810221147,binned_cosine_1Da,21,False,predicted_spectrum,6863
CASMI2022,massformer,completed,99,99,253,CASMI_MOL_1196887,CASMI_MOL_499767,499767,Cc1ccc(NC(=O)CNC(=O)CN2C(=O)c3ccccc3N3C(=O)CCC23C)c(Cl)c1,0.47592729655925425,binned_cosine_1Da,22,False,predicted_spectrum,6863
CASMI2022,massformer,completed,99,99,253,CASMI_MOL_1196887,CASMI_MOL_501104,501104,CCN(C(=O)c1ccc(NC(=O)C=Cc2ccc(Cl)cc2)cc1)c1cccc2ccccc12,0.47435221915408127,binned_cosine_1Da,23,False,predicted_spectrum,6863
CASMI2022,massformer,completed,99,99,253,CASMI_MOL_1196887,CASMI_MOL_499928,499928,Cc1ccc(C2(C)NC(=O)N(CC(=O)Nc3ccc(C(=O)NC4CC4)c(Cl)c3)C2=O)cc1,0.4737965582684623,binned_cosine_1Da,24,False,predicted_spectrum,6863
CASMI2022,massformer,completed,99,99,253,CASMI_MOL_1196887,CASMI_MOL_499317,499317,Cc1cnc(Nc2cccc(S(N)(=O)=O)c2)nc1Nc1ccc2c(c1)NC(=O)C(C)(C)O2,0.4727166386238268,binned_cosine_1Da,25,False,predicted_spectrum,6863
CASMI2022,massformer,completed,99,99,253,CASMI_MOL_1196887,CASMI_MOL_497727,497727,COc1ccc(NC(=O)C(=O)NN=Cc2cc(C)n(-c3ccc(OC)c(Cl)c3)c2C)cc1,0.47189832623874034,binned_cosine_1Da,26,False,predicted_spectrum,6863
CASMI2022,massformer,completed,99,99,253,CASMI_MOL_1196887,CASMI_MOL_498435,498435,COc1ccc(-n2c(C)cc(C=NNC(=O)C(=O)Nc3ccc(OC)c(Cl)c3)c2C)cc1,0.4717150226454828,binned_cosine_1Da,27,False,predicted_spectrum,6863
CASMI2022,massformer,completed,99,99,253,CASMI_MOL_1196887,CASMI_MOL_496964,496964,CC(C)C(NC(=O)c1ccc(-c2ccc(NC(=O)Nc3cccc(Cl)c3)cc2)[nH]1)C(=O)O,0.47127901516812704,binned_cosine_1Da,28,False,predicted_spectrum,6863
CASMI2022,massformer,completed,99,99,253,CASMI_MOL_1196887,CASMI_MOL_496305,496305,Oc1ccc(C=C(C(=Cc2ccc(O)cc2)c2cc(O)cc(O)c2)c2cc(O)cc(O)c2)cc1,0.46955529146886754,binned_cosine_1Da,29,False,predicted_spectrum,6863
CASMI2022,massformer,completed,99,99,253,CASMI_MOL_1196887,CASMI_MOL_500310,500310,COc1ccc(NC(=O)Cn2nc(-c3ccccc3)cc(NC(=O)C(C)C)c2=O)cc1Cl,0.46243761950194745,binned_cosine_1Da,30,False,predicted_spectrum,6863
CASMI2022,massformer,completed,99,99,253,CASMI_MOL_1196887,CASMI_MOL_498433,498433,COc1ccc(NC(=O)C(=O)NN=Cc2cc(C)n(-c3ccccc3Cl)c2C)c(OC)c1,0.4623068297422567,binned_cosine_1Da,31,False,predicted_spectrum,6863
CASMI2022,massformer,completed,99,99,253,CASMI_MOL_1196887,CASMI_MOL_501246,501246,Cc1cnc(Nc2ccc(S(N)(=O)=O)cc2)nc1Nc1ccc2c(c1)NC(=O)C(C)(C)O2,0.460770256592911,binned_cosine_1Da,32,False,predicted_spectrum,6863
CASMI2022,massformer,completed,99,99,253,CASMI_MOL_1196887,CASMI_MOL_496702,496702,Cc1ccc(NCC(=O)NCc2ccc3c(c2)C(=O)N(C2CCC(=O)NC2=O)C3)cc1Cl,0.46042537451776105,binned_cosine_1Da,33,False,predicted_spectrum,6863
CASMI2022,massformer,completed,99,99,253,CASMI_MOL_1196887,CASMI_MOL_502197,502197,CCN(C(=O)c1ccc(NC(=O)C=Cc2ccccc2Cl)cc1)c1cccc2ccccc12,0.4595782231973658,binned_cosine_1Da,34,False,predicted_spectrum,6863
CASMI2022,massformer,completed,99,99,253,CASMI_MOL_1196887,CASMI_MOL_502292,502292,CCN(C(=O)c1ccc(NC(=O)C=Cc2ccccc2Cl)cc1)c1cccc2ccccc12,0.4595782231973658,binned_cosine_1Da,35,False,predicted_spectrum,6863
CASMI2022,massformer,completed,99,99,253,CASMI_MOL_1196887,CASMI_MOL_499318,499318,CNS(=O)(=O)c1cc(Nc2ncc(C)c(Nc3ccc4c(c3)NC(=O)CO4)n2)ccc1C,0.45864619530924394,binned_cosine_1Da,36,False,predicted_spectrum,6863
CASMI2022,massformer,completed,99,99,253,CASMI_MOL_1196887,CASMI_MOL_496511,496511,Cc1ccc(NC(=O)NCc2ccc3c(c2)C(=O)N(C2CCC(=O)NC2=O)C3)c(C)c1Cl,0.45812114107697494,binned_cosine_1Da,37,False,predicted_spectrum,6863
CASMI2022,massformer,completed,99,99,253,CASMI_MOL_1196887,CASMI_MOL_496901,496901,CNC(=O)c1cc(Oc2cccc(CNC(=O)Nc3cc(C)c(Cl)cc3OC)c2)ccn1,0.45713298680416864,binned_cosine_1Da,38,False,predicted_spectrum,6863
CASMI2022,massformer,completed,99,99,253,CASMI_MOL_1196887,CASMI_MOL_496992,496992,CCNC(=O)Nc1cc(S(N)(=O)=O)cc(Nc2ccccc2)c1NC(=O)c1cccnc1,0.45559549224556123,binned_cosine_1Da,39,False,predicted_spectrum,6863
CASMI2022,massformer,completed,99,99,253,CASMI_MOL_1196887,CASMI_MOL_496705,496705,Cc1ccc(NCC(=O)NCc2cccc3c2CN(C2CCC(=O)NC2=O)C3=O)cc1Cl,0.454802602716508,binned_cosine_1Da,40,False,predicted_spectrum,6863
CASMI2022,massformer,completed,99,99,253,CASMI_MOL_1196887,CASMI_MOL_497795,497795,COc1ccc(Cl)cc1-n1c(C)cc(C=NNC(=O)CNc2ccc3c(c2)OCO3)c1C,0.4521080410353193,binned_cosine_1Da,41,False,predicted_spectrum,6863
CASMI2022,massformer,completed,99,99,253,CASMI_MOL_1196887,CASMI_MOL_497799,497799,Cc1cc(C)c(NC(=O)COc2cccc(C=C3SC(=S)N(C(C)C)C3=O)c2)c(C)c1,0.4517564952415616,binned_cosine_1Da,42,False,predicted_spectrum,6863
CASMI2022,massformer,completed,99,99,253,CASMI_MOL_1196887,CASMI_MOL_500427,500427,COc1ccc(NC(=O)C(CCSC)NC(=O)c2ccccc2OC)cc1OC(F)F,0.4500103699232217,binned_cosine_1Da,43,False,predicted_spectrum,6863
CASMI2022,massformer,completed,99,99,253,CASMI_MOL_1196887,CASMI_MOL_499625,499625,Cc1ccc(Nc2ncc(C)c(Nc3ccc4c(c3)N(C)C(=O)CO4)n2)cc1S(N)(=O)=O,0.44979382638219256,binned_cosine_1Da,44,False,predicted_spectrum,6863
CASMI2022,massformer,completed,99,99,253,CASMI_MOL_1196887,CASMI_MOL_497728,497728,COc1ccc(-n2c(C)cc(C=NNC(=O)C(=O)Nc3ccccc3OC)c2C)cc1Cl,0.44779563092605573,binned_cosine_1Da,45,False,predicted_spectrum,6863
CASMI2022,massformer,completed,99,99,253,CASMI_MOL_1196887,CASMI_MOL_496773,496773,Cc1ccc(NC(=O)N(C)Cc2ccc3c(c2)CN(C2CCC(=O)NC2=O)C3=O)cc1Cl,0.4477831639444372,binned_cosine_1Da,46,False,predicted_spectrum,6863
CASMI2022,massformer,completed,99,99,253,CASMI_MOL_1196887,CASMI_MOL_497017,497017,CNC(=O)Cc1cc(CNc2ccccc2C(=O)Nc2ccc3c(c2)OC(F)(F)O3)ccn1,0.44707764390367793,binned_cosine_1Da,47,False,predicted_spectrum,6863
CASMI2022,massformer,completed,99,99,253,CASMI_MOL_1196887,CASMI_MOL_499592,499592,CNC(=O)c1cc(Oc2ccc(CNC(=O)Nc3cc(C)c(Cl)cc3OC)cc2)ccn1,0.4465413201811078,binned_cosine_1Da,48,False,predicted_spectrum,6863
CASMI2022,massformer,completed,99,99,253,CASMI_MOL_1196887,CASMI_MOL_496510,496510,Cc1cc(C)c(NC(=O)NCc2ccc3c(c2)C(=O)N(C2CCC(=O)NC2=O)C3)cc1Cl,0.44524456632170445,binned_cosine_1Da,49,False,predicted_spectrum,6863
CASMI2022,massformer,completed,99,99,253,CASMI_MOL_1196887,CASMI_MOL_499350,499350,CC1Nc2cccc(CNC(=O)Cc3ccc(Cl)cc3)c2C(=O)N1C1CCC(=O)NC1=O,0.44433508584064,binned_cosine_1Da,50,False,predicted_spectrum,6863
CASMI2022,massformer,completed,99,99,253,CASMI_MOL_1196887,CASMI_MOL_496966,496966,CC(C)C(NC(=O)c1ccc(-c2ccc(NC(=O)Nc3ccccc3Cl)cc2)[nH]1)C(=O)O,0.4424742076003415,binned_cosine_1Da,51,False,predicted_spectrum,6863
CASMI2022,massformer,completed,99,99,253,CASMI_MOL_1196887,CASMI_MOL_501813,501813,COC(=O)c1c(NC(=S)Nc2cc(C(C)(C)C)ccc2O)sc(C)c1-c1ccccc1,0.44147273446075347,binned_cosine_1Da,52,False,predicted_spectrum,6863
CASMI2022,massformer,completed,99,99,253,CASMI_MOL_1196887,CASMI_MOL_496355,496355,COc1cccc(C2C(=O)N(C)c3cnc(Nc4ccc(S(N)(=O)=O)cc4)nc3N2C)c1,0.44132918334336313,binned_cosine_1Da,53,False,predicted_spectrum,6863
CASMI2022,massformer,completed,99,99,253,CASMI_MOL_1196887,CASMI_MOL_497729,497729,COc1cccc(NC(=O)C(=O)NN=Cc2cc(C)n(-c3ccc(OC)c(Cl)c3)c2C)c1,0.44064395624176883,binned_cosine_1Da,54,False,predicted_spectrum,6863
CASMI2022,massformer,completed,99,99,253,CASMI_MOL_1196887,CASMI_MOL_500390,500390,CCC1(c2ccc(Cl)cc2)NC(=O)N(CC(=O)Nc2cccc(C(=O)NC3CC3)c2)C1=O,0.4402783030475185,binned_cosine_1Da,55,False,predicted_spectrum,6863
CASMI2022,massformer,completed,99,99,253,CASMI_MOL_1196887,CASMI_MOL_499933,499933,CCC(=O)Nc1ccc(Cl)c(NC(=O)CN2C(=O)c3ccccc3N3C(=O)CCC23C)c1,0.4397636334145751,binned_cosine_1Da,56,False,predicted_spectrum,6863
CASMI2022,massformer,completed,99,99,253,CASMI_MOL_1196887,CASMI_MOL_498938,498938,COc1cccc(CCNC(=O)C2=CN(C)C3C(=O)N(c4ccc(Cl)cc4)C(=O)NC23)c1,0.43713240340486104,binned_cosine_1Da,57,False,predicted_spectrum,6863
CASMI2022,massformer,completed,99,99,253,CASMI_MOL_1196887,CASMI_MOL_496446,496446,CC(C)(COc1cccc2c1C(=N)NS(=O)(=O)C2)NC(=O)c1ccnc(-n2cccn2)c1,0.4343843363227527,binned_cosine_1Da,58,False,predicted_spectrum,6863
CASMI2022,massformer,completed,99,99,253,CASMI_MOL_1196887,CASMI_MOL_498431,498431,COc1ccc(OC)c(NC(=O)C(=O)NN=Cc2cc(C)n(-c3cccc(Cl)c3)c2C)c1,0.43225819577425617,binned_cosine_1Da,59,False,predicted_spectrum,6863
CASMI2022,massformer,completed,99,99,253,CASMI_MOL_1196887,CASMI_MOL_499595,499595,CNC(=O)c1cc(Oc2ccc(CNC(=O)Nc3cc(Cl)ccc3OC)c(C)c2)ccn1,0.43180518875378254,binned_cosine_1Da,60,False,predicted_spectrum,6863
CASMI2022,massformer,completed,99,99,253,CASMI_MOL_1196887,CASMI_MOL_498884,498884,CC(C)(COc1cccc2c1C(=N)NS(=O)(=O)N2)NC(=O)c1ccnc(-n2cccc2)c1,0.4302674131054896,binned_cosine_1Da,61,False,predicted_spectrum,6863
CASMI2022,massformer,completed,99,99,253,CASMI_MOL_1196887,CASMI_MOL_499624,499624,CC1=CC=CC(C)C1Oc1cc(C2CC(=O)N(c3ccc(F)c(C(N)=O)c3)C2)ccc1Cl,0.42987928242646406,binned_cosine_1Da,62,False,predicted_spectrum,6863
CASMI2022,massformer,completed,99,99,253,CASMI_MOL_1196887,CASMI_MOL_497618,497618,C=CCc1cc(C=C2SC(=S)N(c3ccc(N(C)C)cc3)C2=O)cc(OCC)c1OC,0.42785461933393154,binned_cosine_1Da,63,False,predicted_spectrum,6863
CASMI2022,massformer,completed,99,99,253,CASMI_MOL_1196887,CASMI_MOL_500125,500125,CCCC(=O)Nc1ccc(Cl)c(NC(=O)CNc2cccc(NC(=O)c3ccco3)c2)c1,0.42590406263863445,binned_cosine_1Da,64,False,predicted_spectrum,6863
CASMI2022,massformer,completed,99,99,253,CASMI_MOL_1196887,CASMI_MOL_497800,497800,Cc1cc(C)c(NC(=O)COc2ccc(C=C3SC(=S)N(C(C)C)C3=O)cc2)c(C)c1,0.42436627808156574,binned_cosine_1Da,65,False,predicted_spectrum,6863
CASMI2022,massformer,completed,99,99,253,CASMI_MOL_1196887,CASMI_MOL_499593,499593,CNC(=O)c1cc(Oc2ccc(CNC(=O)Nc3cc(Cl)c(C)cc3OC)cc2)ccn1,0.42363652853562045,binned_cosine_1Da,66,False,predicted_spectrum,6863
CASMI2022,massformer,completed,99,99,253,CASMI_MOL_1196887,CASMI_MOL_501117,501117,CCOc1cc(C=CC(=O)Nc2ccc(S(=O)(=O)NC(C)C)cc2)ccc1OC(F)F,0.4233395827715426,binned_cosine_1Da,67,False,predicted_spectrum,6863
CASMI2022,massformer,completed,99,99,253,CASMI_MOL_1196887,CASMI_MOL_501691,501691,CCOC(=O)c1c(-c2ccc(C)cc2)csc1NC(=O)C(CC)Sc1cccc(N)c1,0.42248729476045,binned_cosine_1Da,68,False,predicted_spectrum,6863
CASMI2022,massformer,completed,99,99,253,CASMI_MOL_1196887,CASMI_MOL_501476,501476,CCOC(=O)c1c(-c2ccc(C)cc2)csc1NC(=O)C(CC)Sc1ccc(N)cc1,0.42223752311946405,binned_cosine_1Da,69,False,predicted_spectrum,6863
CASMI2022,massformer,completed,99,99,253,CASMI_MOL_1196887,CASMI_MOL_500557,500557,Cc1cc(C)c2c(c1C(=O)NCCSC1Sc3ccccc3NC1=O)CC(C)(C)C2=O,0.4179547753878378,binned_cosine_1Da,70,False,predicted_spectrum,6863
CASMI2022,massformer,completed,99,99,253,CASMI_MOL_1196887,CASMI_MOL_495963,495963,Cc1ccc(N(C)C(=O)NCc2ccc3c(c2)C(=O)N(C2CCC(=O)NC2=O)C3)cc1Cl,0.4178769635782622,binned_cosine_1Da,71,False,predicted_spectrum,6863
CASMI2022,massformer,completed,99,99,253,CASMI_MOL_1196887,CASMI_MOL_500309,500309,COc1ccc(Cl)cc1NC(=O)Cn1nc(-c2ccccc2)cc(NC(=O)C(C)C)c1=O,0.4177002918744728,binned_cosine_1Da,72,False,predicted_spectrum,6863
CASMI2022,massformer,completed,99,99,253,CASMI_MOL_1196887,CASMI_MOL_497324,497324,Cc1ccc(NC(=O)NCc2ccc3c(c2)C(=O)N(C2(C)CCC(=O)NC2=O)C3)cc1Cl,0.41702118159642854,binned_cosine_1Da,73,False,predicted_spectrum,6863
CASMI2022,massformer,completed,99,99,253,CASMI_MOL_1196887,CASMI_MOL_499690,499690,COc1ccc(-c2nc(CCNC(=O)Nc3cc(N4CCCC4=O)ccc3Cl)co2)cc1,0.4170093340459621,binned_cosine_1Da,74,False,predicted_spectrum,6863
CASMI2022,massformer,completed,99,99,253,CASMI_MOL_1196887,CASMI_MOL_501591,501591,COC(=O)c1cc(-c2ccccc2)sc1NC(=S)Nc1cc(C(C)(C)C)ccc1OC,0.4158439132076316,binned_cosine_1Da,75,False,predicted_spectrum,6863
CASMI2022,massformer,completed,99,99,253,CASMI_MOL_1196887,CASMI_MOL_497725,497725,CCOc1ccccc1NC(=O)NN=Cc1cc(C)n(-c2ccc(Cl)c(C(=O)O)c2)c1C,0.4140323931804299,binned_cosine_1Da,76,False,predicted_spectrum,6863
CASMI2022,massformer,completed,99,99,253,CASMI_MOL_1196887,CASMI_MOL_499673,499673,CCC(=O)NC1COC(=O)c2c(C)c(OC)cc(O)c2CSCC(C(=O)OC)NC1=O,0.41369389031034776,binned_cosine_1Da,77,False,predicted_spectrum,6863
CASMI2022,massformer,completed,99,99,253,CASMI_MOL_1196887,CASMI_MOL_502128,502128,C=c1[nH]c(=Cc2ccc(Cl)cc2)c(=O)n1NC(=O)COc1cc(C)c(N=O)cc1C(C)C,0.41367531063818885,binned_cosine_1Da,78,False,predicted_spectrum,6863
CASMI2022,massformer,completed,99,99,253,CASMI_MOL_1196887,CASMI_MOL_495970,495970,Cc1ccc(NC(=O)NCc2cc(C)c3c(c2)CN(C2CCC(=O)NC2=O)C3=O)cc1Cl,0.4134786056424635,binned_cosine_1Da,79,False,predicted_spectrum,6863
CASMI2022,massformer,completed,99,99,253,CASMI_MOL_1196887,CASMI_MOL_497760,497760,CCOc1ccccc1NC(=O)NN=Cc1cc(C)n(-c2ccc(C(=O)O)c(Cl)c2)c1C,0.41326567133949144,binned_cosine_1Da,80,False,predicted_spectrum,6863
CASMI2022,massformer,completed,99,99,253,CASMI_MOL_1196887,CASMI_MOL_496356,496356,COc1ccccc1C1C(=O)N(C)c2cnc(Nc3ccc(S(N)(=O)=O)cc3)nc2N1C,0.4126242080488714,binned_cosine_1Da,81,False,predicted_spectrum,6863
CASMI2022,massformer,completed,99,99,253,CASMI_MOL_1196887,CASMI_MOL_500428,500428,Cc1ccc(C2(C)NC(=O)N(CC(=O)Nc3ccc(N4CCCC4=O)c(Cl)c3)C2=O)cc1,0.4102393101109385,binned_cosine_1Da,82,False,predicted_spectrum,6863
CASMI2022,massformer,completed,99,99,253,CASMI_MOL_1196887,CASMI_MOL_496700,496700,CC(C)(COc1cccc2c1C(=N)NS(=O)(=O)C2)NC(=O)c1ccnc(-n2ccnc2)c1,0.40964904849556727,binned_cosine_1Da,83,False,predicted_spectrum,6863
CASMI2022,massformer,completed,99,99,253,CASMI_MOL_1196887,CASMI_MOL_499347,499347,Cc1ccc(Nc2ncc(C)c(Nc3ccc4oc(=O)n(C)c4c3)n2)cc1NS(C)(=O)=O,0.4081478487053683,binned_cosine_1Da,84,False,predicted_spectrum,6863
CASMI2022,massformer,completed,99,99,253,CASMI_MOL_1196887,CASMI_MOL_497759,497759,CCOc1ccc(NC(=O)NN=Cc2cc(C)n(-c3ccc(C(=O)O)c(Cl)c3)c2C)cc1,0.408053143693697,binned_cosine_1Da,85,False,predicted_spectrum,6863
CASMI2022,massformer,completed,99,99,253,CASMI_MOL_1196887,CASMI_MOL_496884,496884,Cc1ccc(NC(=O)NCc2cccc3c2CN(C2CCC(=O)NC(=O)C2)C3=O)cc1Cl,0.40729454129364373,binned_cosine_1Da,86,False,predicted_spectrum,6863
CASMI2022,massformer,completed,99,99,253,CASMI_MOL_1196887,CASMI_MOL_497836,497836,COc1ccc(-n2c(O)c(CCC(=O)NCCc3c[nH]c4ccc(Cl)cc34)[nH]c2=O)cc1,0.40727207970735396,binned_cosine_1Da,87,False,predicted_spectrum,6863
CASMI2022,massformer,completed,99,99,253,CASMI_MOL_1196887,CASMI_MOL_498185,498185,COc1ccc(-n2c(O)c(CCC(=O)NCCc3c[nH]c4ccc(Cl)cc34)[nH]c2=O)cc1,0.40727207970735396,binned_cosine_1Da,88,False,predicted_spectrum,6863
CASMI2022,massformer,completed,99,99,253,CASMI_MOL_1196887,CASMI_MOL_498545,498545,COc1ccc(-n2c(O)c(CCC(=O)NCCc3c[nH]c4ccc(Cl)cc34)[nH]c2=O)cc1,0.40727207970735396,binned_cosine_1Da,89,False,predicted_spectrum,6863
CASMI2022,massformer,completed,99,99,253,CASMI_MOL_1196887,CASMI_MOL_497724,497724,CCOc1ccc(NC(=O)NN=Cc2cc(C)n(-c3ccc(Cl)c(C(=O)O)c3)c2C)cc1,0.40696469356918674,binned_cosine_1Da,90,False,predicted_spectrum,6863
CASMI2022,massformer,completed,99,99,253,CASMI_MOL_1196887,CASMI_MOL_499321,499321,CN(C)c1cc(C(N)=O)ccc1-n1ccc(NCCc2cccc(Cl)c2)c(C(=O)O)c1=O,0.40631451284886055,binned_cosine_1Da,91,False,predicted_spectrum,6863
CASMI2022,massformer,completed,99,99,253,CASMI_MOL_1196887,CASMI_MOL_500304,500304,COc1cc(OC)cc(C(=O)N=C(NCc2ccccn2)Nc2ccc(OC)c(Cl)c2)c1,0.4058924066590432,binned_cosine_1Da,92,False,predicted_spectrum,6863
CASMI2022,massformer,completed,99,99,253,CASMI_MOL_1196887,CASMI_MOL_497721,497721,COc1ccc(NC(=O)C(=O)NN=Cc2cc(C)n(-c3cccc(Cl)c3)c2C)c(OC)c1,0.405611466614691,binned_cosine_1Da,93,False,predicted_spectrum,6863
CASMI2022,massformer,completed,99,99,253,CASMI_MOL_1196887,CASMI_MOL_499689,499689,CC(=O)Nc1ccc(NC(=O)CCN2C(=O)c3ccccc3N3C(=O)CCC23C)c(Cl)c1,0.4049637706518042,binned_cosine_1Da,94,False,predicted_spectrum,6863
CASMI2022,massformer,completed,99,99,253,CASMI_MOL_1196887,CASMI_MOL_500126,500126,CCCC(=O)Nc1ccc(Cl)c(NCC(=O)Nc2cccc(NC(=O)c3ccco3)c2)c1,0.40465956434015876,binned_cosine_1Da,95,False,predicted_spectrum,6863
CASMI2022,massformer,completed,99,99,253,CASMI_MOL_1196887,CASMI_MOL_501058,501058,COc1ccc(NC(=O)C(C)n2nc(-c3ccc(C)c(NC(C)=O)c3)ccc2=O)cc1Cl,0.4038203374901528,binned_cosine_1Da,96,False,predicted_spectrum,6863
CASMI2022,massformer,completed,99,99,253,CASMI_MOL_1196887,CASMI_MOL_501059,501059,COc1ccc(NC(=O)C(C)n2nc(-c3ccc(C)c(NC(C)=O)c3)ccc2=O)cc1Cl,0.4038203374901528,binned_cosine_1Da,97,False,predicted_spectrum,6863
CASMI2022,massformer,completed,99,99,253,CASMI_MOL_1196887,CASMI_MOL_501223,501223,COc1ccc(NC(=O)C(C)n2nc(-c3ccc(C)c(NC(C)=O)c3)ccc2=O)cc1Cl,0.4038203374901528,binned_cosine_1Da,98,False,predicted_spectrum,6863
CASMI2022,massformer,completed,99,99,253,CASMI_MOL_1196887,CASMI_MOL_501263,501263,Cc1ccc(NC(=O)N(C)Cc2cccc3c2CN(C2CCC(=O)NC2=O)C3=O)cc1Cl,0.40377281241691765,binned_cosine_1Da,99,False,predicted_spectrum,6863
CASMI2022,massformer,completed,99,99,253,CASMI_MOL_1196887,CASMI_MOL_501109,501109,CC(C)(C)c1ccc(OCC(=O)Nc2cccc(C(=O)Nc3ccc(F)c(Cl)c3)c2)cc1,0.4027195021798063,binned_cosine_1Da,100,False,predicted_spectrum,6863
CASMI2022,massformer,completed,99,99,253,CASMI_MOL_1196887,CASMI_MOL_1196887,1196887,Oc1ccc(C=C2c3cc(O)cc(O)c3C(c3ccc(O)cc3)C2c2cc(O)cc(O)c2)cc1,0.1451559735706823,binned_cosine_1Da,1826,True,predicted_spectrum,6863
