dataset,model,status,n_queries,top1_accuracy,top5_accuracy,top10_accuracy,mean_reciprocal_rank,mean_top1_tanimoto,molecular_formula_accuracy,notes
CASMI2022,FragAnnotor,completed,229,0.0,0.004366812227074236,0.013100436681222707,0.004822663626576242,0.09135179573528407,0.08733624454148471,
CASMI2022,CFM-ID,completed,229,0.004366812227074236,0.017467248908296942,0.021834061135371178,0.010837436302356453,0.09452819563099976,0.09170305676855896,
CASMI2022,SIRIUS,completed,229,0.0,0.0,0.008733624454148471,0.0034753969703071783,0.09222717112867404,0.12663755458515283,
CASMI2022,MS2DeepScore,completed,229,0.0,0.0,0.004366812227074236,0.003324216285847366,0.09675452547351164,0.29694323144104806,
PFAS,FragAnnotor,completed,64,0.328125,0.71875,0.828125,0.502844039959644,0.46169711913564426,0.34375,
PFAS,CFM-ID,completed,64,0.328125,0.65625,0.75,0.46612686869088077,0.4478419101480884,0.34375,
PFAS,SIRIUS,completed,64,0.0,0.015625,0.0625,0.02480186933879968,0.21353452806451576,0.0,
PFAS,MS2DeepScore,completed,64,0.265625,0.671875,0.765625,0.43283167062609634,0.43179639441701356,0.28125,
