dataset,model,status,query_id,spectrum_id,casmi_id,true_candidate_id,candidate_id,candidate_mol_id,candidate_smiles,score,score_name,rank,is_correct,prediction_status,candidate_count
CASMI2022,massformer,completed,43,43,113,CASMI_MOL_1196833,CASMI_MOL_250472,250472,C=C1C(=O)C23CCC4C(C(=O)OC)CC(O)CC4(C)C2CCC1C3,0.8143369970534698,binned_cosine_1Da,1,False,predicted_spectrum,8937
CASMI2022,massformer,completed,43,43,113,CASMI_MOL_1196833,CASMI_MOL_243121,243121,CC1C(=O)C(=O)C=C2C3(C)CCC(C)(C(=O)CO)CC3CCC21C,0.8137291467797203,binned_cosine_1Da,2,False,predicted_spectrum,8937
CASMI2022,massformer,completed,43,43,113,CASMI_MOL_1196833,CASMI_MOL_247068,247068,CC1C(=O)C(=O)C=C2C3(C)CCC(C)(C(=O)CO)CC3CCC21C,0.8137291306174091,binned_cosine_1Da,3,False,predicted_spectrum,8937
CASMI2022,massformer,completed,43,43,113,CASMI_MOL_1196833,CASMI_MOL_247185,247185,CC1C(=O)C(=O)C=C2C3(C)CCC(C)(C(=O)CO)CC3CCC21C,0.8137291306174091,binned_cosine_1Da,4,False,predicted_spectrum,8937
CASMI2022,massformer,completed,43,43,113,CASMI_MOL_1196833,CASMI_MOL_250443,250443,CC1C(=O)C(=O)C=C2C3(C)CCC(C)(C(=O)CO)CC3CCC21C,0.8137291306174091,binned_cosine_1Da,5,False,predicted_spectrum,8937
CASMI2022,massformer,completed,43,43,113,CASMI_MOL_1196833,CASMI_MOL_248085,248085,CC1C(=O)C(=O)C=C2C3(C)CCC(C)(C(=O)CO)CC3CCC21C,0.8137291207578554,binned_cosine_1Da,6,False,predicted_spectrum,8937
CASMI2022,massformer,completed,43,43,113,CASMI_MOL_1196833,CASMI_MOL_248060,248060,CC(=O)OC1CCC2=C3CCC4(C)C(=O)CCC4C3C(O)C2(C)C1,0.8109159054490827,binned_cosine_1Da,7,False,predicted_spectrum,8937
CASMI2022,massformer,completed,43,43,113,CASMI_MOL_1196833,CASMI_MOL_248062,248062,CC(=O)OC1CCC2=C3CCC4(C)C(=O)CCC4C3C(O)C2(C)C1,0.8109159054490827,binned_cosine_1Da,8,False,predicted_spectrum,8937
CASMI2022,massformer,completed,43,43,113,CASMI_MOL_1196833,CASMI_MOL_248063,248063,CC(=O)OC1CCC2=C3CCC4(C)C(=O)CCC4C3C(O)C2(C)C1,0.8109159054490827,binned_cosine_1Da,9,False,predicted_spectrum,8937
CASMI2022,massformer,completed,43,43,113,CASMI_MOL_1196833,CASMI_MOL_248061,248061,CC(=O)OC1CCC2=C3CCC4(C)C(=O)CCC4C3C(O)C2(C)C1,0.8109158644438672,binned_cosine_1Da,10,False,predicted_spectrum,8937
CASMI2022,massformer,completed,43,43,113,CASMI_MOL_1196833,CASMI_MOL_247296,247296,COC(=O)C12CCC(O)CC1=CCC1C3CCC(=O)C3(C)CCC12,0.8107021109189039,binned_cosine_1Da,11,False,predicted_spectrum,8937
CASMI2022,massformer,completed,43,43,113,CASMI_MOL_1196833,CASMI_MOL_248189,248189,CC(=O)OC1CCC2C3CC=C4CC(=O)CCC4(O)C3CCC12C,0.8106331122037919,binned_cosine_1Da,12,False,predicted_spectrum,8937
CASMI2022,massformer,completed,43,43,113,CASMI_MOL_1196833,CASMI_MOL_249731,249731,CC(=O)OC1CCC2C3CC=C4CC(=O)CCC4(O)C3CCC12C,0.8106331122037919,binned_cosine_1Da,13,False,predicted_spectrum,8937
CASMI2022,massformer,completed,43,43,113,CASMI_MOL_1196833,CASMI_MOL_243234,243234,COC1C(=O)CC2(C)C(C(=O)CC3C4CCCC4(C)CCC32)C1=O,0.8098042827799852,binned_cosine_1Da,14,False,predicted_spectrum,8937
CASMI2022,massformer,completed,43,43,113,CASMI_MOL_1196833,CASMI_MOL_242529,242529,CC1(C(=O)CO)C=C2CCC3C(C)(C)C(=O)C(=O)CC3(C)C2CC1,0.8097974122840288,binned_cosine_1Da,15,False,predicted_spectrum,8937
CASMI2022,massformer,completed,43,43,113,CASMI_MOL_1196833,CASMI_MOL_249377,249377,CC12CCC(=O)CC1CC(=O)C1C3CCC(=O)C3(CCO)CCC12,0.8089741090285186,binned_cosine_1Da,16,False,predicted_spectrum,8937
CASMI2022,massformer,completed,43,43,113,CASMI_MOL_1196833,CASMI_MOL_244851,244851,CC(=O)OC1CC(=O)C=C2CCC3C(CCC4(C)C(O)CCC34)C21,0.8088905185228196,binned_cosine_1Da,17,False,predicted_spectrum,8937
CASMI2022,massformer,completed,43,43,113,CASMI_MOL_1196833,CASMI_MOL_249007,249007,CC12CCC3C4=C(CCC3C1CCC2(O)C(=O)CO)CC(=O)CC4,0.8087273920334491,binned_cosine_1Da,18,False,predicted_spectrum,8937
CASMI2022,massformer,completed,43,43,113,CASMI_MOL_1196833,CASMI_MOL_249489,249489,CC12CCC3C4=C(CCC3C1CCC2(O)C(=O)CO)CC(=O)CC4,0.8087273693786468,binned_cosine_1Da,19,False,predicted_spectrum,8937
CASMI2022,massformer,completed,43,43,113,CASMI_MOL_1196833,CASMI_MOL_245412,245412,C=C1CC2C3CCC(=O)C3(C)CCC2C2(CO)CCC(=O)CC12O,0.8083970486281234,binned_cosine_1Da,20,False,predicted_spectrum,8937
CASMI2022,massformer,completed,43,43,113,CASMI_MOL_1196833,CASMI_MOL_249669,249669,COC(=O)C12CCC(C(C)C)=C1C1CCC(C=O)C(=O)C1(C)CC2,0.8082243208312417,binned_cosine_1Da,21,False,predicted_spectrum,8937
CASMI2022,massformer,completed,43,43,113,CASMI_MOL_1196833,CASMI_MOL_248199,248199,COC(=O)C12CCC(C(C)C)=C1C1CCC(C=O)C(=O)C1(C)CC2,0.8082243205735771,binned_cosine_1Da,22,False,predicted_spectrum,8937
CASMI2022,massformer,completed,43,43,113,CASMI_MOL_1196833,CASMI_MOL_242424,242424,CC(C)C1C(=O)C(=O)C2CC3C(C=O)C(O)C=CC3(C)CCC21C,0.808043443717464,binned_cosine_1Da,23,False,predicted_spectrum,8937
CASMI2022,massformer,completed,43,43,113,CASMI_MOL_1196833,CASMI_MOL_246957,246957,CC(C)C1C(=O)C(=O)C2CC3C(C=O)C(O)C=CC3(C)CCC21C,0.8080434157434584,binned_cosine_1Da,24,False,predicted_spectrum,8937
CASMI2022,massformer,completed,43,43,113,CASMI_MOL_1196833,CASMI_MOL_243153,243153,C=CC1(C)C=C2C(O)CC3C(C)(C)C(=O)CCC3(C)C2(O)C(=O)C1,0.8077437524848822,binned_cosine_1Da,25,False,predicted_spectrum,8937
CASMI2022,massformer,completed,43,43,113,CASMI_MOL_1196833,CASMI_MOL_242810,242810,C=C1C(=O)C23C(O)CC4C(C)(C)CC(=O)CC4(C)C2CCC1C3O,0.8075854171523581,binned_cosine_1Da,26,False,predicted_spectrum,8937
CASMI2022,massformer,completed,43,43,113,CASMI_MOL_1196833,CASMI_MOL_242811,242811,C=C1C(=O)C23C(O)CC4C(C)(C)CC(=O)CC4(C)C2CCC1C3O,0.8075854171523581,binned_cosine_1Da,27,False,predicted_spectrum,8937
CASMI2022,massformer,completed,43,43,113,CASMI_MOL_1196833,CASMI_MOL_249030,249030,CC12CCC3C(CCC4C(=O)C(=O)CCC43C)C1C(CO)CC2=O,0.8074144259721157,binned_cosine_1Da,28,False,predicted_spectrum,8937
CASMI2022,massformer,completed,43,43,113,CASMI_MOL_1196833,CASMI_MOL_247001,247001,C=C1C(=O)OC2C3=CCC4C(C)(C)CCC(O)C4(C)C3CC(O)C12,0.8068443657728481,binned_cosine_1Da,29,False,predicted_spectrum,8937
CASMI2022,massformer,completed,43,43,113,CASMI_MOL_1196833,CASMI_MOL_248597,248597,CC12CCC3C(CC=C4CC(=O)CC(O)C43C)C1CCC2C(=O)O,0.8066113082351601,binned_cosine_1Da,30,False,predicted_spectrum,8937
CASMI2022,massformer,completed,43,43,113,CASMI_MOL_1196833,CASMI_MOL_249116,249116,CC12CCC3C(CC=C4CC(=O)CC(O)C43C)C1CCC2C(=O)O,0.8066113082351601,binned_cosine_1Da,31,False,predicted_spectrum,8937
CASMI2022,massformer,completed,43,43,113,CASMI_MOL_1196833,CASMI_MOL_249117,249117,CC12CCC3C(CC=C4CC(=O)CC(O)C43C)C1CCC2C(=O)O,0.8066113082351601,binned_cosine_1Da,32,False,predicted_spectrum,8937
CASMI2022,massformer,completed,43,43,113,CASMI_MOL_1196833,CASMI_MOL_243093,243093,C=C(CO)C12C=C3C(=O)CC(C(C)C)C3(C)CCC1(C)CC(=O)O2,0.8063340329271125,binned_cosine_1Da,33,False,predicted_spectrum,8937
CASMI2022,massformer,completed,43,43,113,CASMI_MOL_1196833,CASMI_MOL_247098,247098,C=C(CO)C12C=C3C(=O)CC(C(C)C)C3(C)CCC1(C)CC(=O)O2,0.8063340329271125,binned_cosine_1Da,34,False,predicted_spectrum,8937
CASMI2022,massformer,completed,43,43,113,CASMI_MOL_1196833,CASMI_MOL_241561,241561,CC12CCC(=O)CC1=CCC1C2C(O)CC2(C)C1CCC2(O)C=O,0.8060975502823426,binned_cosine_1Da,35,False,predicted_spectrum,8937
CASMI2022,massformer,completed,43,43,113,CASMI_MOL_1196833,CASMI_MOL_242379,242379,CC(C)=C1CC(=O)C2(C)CCC3(C)C(=O)CC(C=O)C(O)CC3C12,0.8056080614177353,binned_cosine_1Da,36,False,predicted_spectrum,8937
CASMI2022,massformer,completed,43,43,113,CASMI_MOL_1196833,CASMI_MOL_242665,242665,CC(C)=C1CC(=O)C2(C)CCC3(C)C(=O)CC(C=O)C(O)CC3C12,0.8056080614177353,binned_cosine_1Da,37,False,predicted_spectrum,8937
CASMI2022,massformer,completed,43,43,113,CASMI_MOL_1196833,CASMI_MOL_242378,242378,CC(C)=C1CC(=O)C2(C)CCC3(C)C(=O)CC(C=O)C(O)CC3C12,0.8056080326147176,binned_cosine_1Da,38,False,predicted_spectrum,8937
CASMI2022,massformer,completed,43,43,113,CASMI_MOL_1196833,CASMI_MOL_242663,242663,CC(C)=C1CC(=O)C2(C)CCC3(C)C(=O)CC(C=O)C(O)CC3C12,0.8056080326147176,binned_cosine_1Da,39,False,predicted_spectrum,8937
CASMI2022,massformer,completed,43,43,113,CASMI_MOL_1196833,CASMI_MOL_242664,242664,CC(C)=C1CC(=O)C2(C)CCC3(C)C(=O)CC(C=O)C(O)CC3C12,0.8056080326147176,binned_cosine_1Da,40,False,predicted_spectrum,8937
CASMI2022,massformer,completed,43,43,113,CASMI_MOL_1196833,CASMI_MOL_244077,244077,CC(C)=C1CC(=O)C2(C)CCC3(C)C(=O)CC(C=O)C(O)CC3C12,0.8056080326147176,binned_cosine_1Da,41,False,predicted_spectrum,8937
CASMI2022,massformer,completed,43,43,113,CASMI_MOL_1196833,CASMI_MOL_248303,248303,CC(C)=C1CC(=O)C2(C)CCC3(C)C(=O)CC(C=O)C(O)CC3C12,0.8056080326147176,binned_cosine_1Da,42,False,predicted_spectrum,8937
CASMI2022,massformer,completed,43,43,113,CASMI_MOL_1196833,CASMI_MOL_242475,242475,C=C1C2CCC3C(C)=CC2(CC(O)C2(O)C1CC(=O)C2(C)C)C3O,0.8053279193258124,binned_cosine_1Da,43,False,predicted_spectrum,8937
CASMI2022,massformer,completed,43,43,113,CASMI_MOL_1196833,CASMI_MOL_242473,242473,C=C1C2CCC3C(C)=CC2(CC(O)C2(O)C1CC(=O)C2(C)C)C3O,0.8053278851077251,binned_cosine_1Da,44,False,predicted_spectrum,8937
CASMI2022,massformer,completed,43,43,113,CASMI_MOL_1196833,CASMI_MOL_242474,242474,C=C1C2CCC3C(C)=CC2(CC(O)C2(O)C1CC(=O)C2(C)C)C3O,0.8053278851077251,binned_cosine_1Da,45,False,predicted_spectrum,8937
CASMI2022,massformer,completed,43,43,113,CASMI_MOL_1196833,CASMI_MOL_243291,243291,CC12CCC3C(CC=C4CC(=O)CCC43CO)C1C(C=O)CC2O,0.8050728204856153,binned_cosine_1Da,46,False,predicted_spectrum,8937
CASMI2022,massformer,completed,43,43,113,CASMI_MOL_1196833,CASMI_MOL_245427,245427,CC12CC(O)C3C(CC=C4CC(=O)CCC43C)C1CCOCC2=O,0.8049067696719252,binned_cosine_1Da,47,False,predicted_spectrum,8937
CASMI2022,massformer,completed,43,43,113,CASMI_MOL_1196833,CASMI_MOL_242449,242449,C=CC1(C)C=C2C(=O)C(=O)C3C(C)(C)C(O)CCC3(C)C2(O)CC1,0.8048230896555442,binned_cosine_1Da,48,False,predicted_spectrum,8937
CASMI2022,massformer,completed,43,43,113,CASMI_MOL_1196833,CASMI_MOL_242448,242448,C=CC1(C)C=C2C(=O)C(=O)C3C(C)(C)C(O)CCC3(C)C2(O)CC1,0.8048230842748842,binned_cosine_1Da,49,False,predicted_spectrum,8937
CASMI2022,massformer,completed,43,43,113,CASMI_MOL_1196833,CASMI_MOL_248243,248243,CC12CCC3C(CC(C=O)C4C(=O)C(O)CCC34C)C1CCC2=O,0.8046236990590478,binned_cosine_1Da,50,False,predicted_spectrum,8937
CASMI2022,massformer,completed,43,43,113,CASMI_MOL_1196833,CASMI_MOL_249093,249093,CC12CCC3C(CC(C=O)C4C(=O)C(O)CCC34C)C1CCC2=O,0.8046236990590478,binned_cosine_1Da,51,False,predicted_spectrum,8937
CASMI2022,massformer,completed,43,43,113,CASMI_MOL_1196833,CASMI_MOL_249094,249094,CC12CCC3C(CC(C=O)C4C(=O)C(O)CCC34C)C1CCC2=O,0.8046236791144673,binned_cosine_1Da,52,False,predicted_spectrum,8937
CASMI2022,massformer,completed,43,43,113,CASMI_MOL_1196833,CASMI_MOL_249085,249085,CC12CCC3C(CC=C4CC(O)(C(=O)O)CCC43C)C1CCC2=O,0.8043467542915003,binned_cosine_1Da,53,False,predicted_spectrum,8937
CASMI2022,massformer,completed,43,43,113,CASMI_MOL_1196833,CASMI_MOL_243527,243527,CC(=O)OC1CC2C(CCC3(C)C(=O)CCC23)C2=C1CC(O)CC2,0.8043053291674709,binned_cosine_1Da,54,False,predicted_spectrum,8937
CASMI2022,massformer,completed,43,43,113,CASMI_MOL_1196833,CASMI_MOL_243547,243547,CC12CCC3C(C(=O)CC4CC(=O)CCC43C)C1C(CO)CC2=O,0.8035889156230143,binned_cosine_1Da,55,False,predicted_spectrum,8937
CASMI2022,massformer,completed,43,43,113,CASMI_MOL_1196833,CASMI_MOL_244673,244673,C=C1CC23CCC4C(C)(CO)C(=O)C(O)CC4(C)C2CC1CC3=O,0.8033826285653511,binned_cosine_1Da,56,False,predicted_spectrum,8937
CASMI2022,massformer,completed,43,43,113,CASMI_MOL_1196833,CASMI_MOL_248946,248946,CC12CCC3C(C(=O)C(CO)C4CC(=O)CCC43C)C1CCC2=O,0.8032306081657131,binned_cosine_1Da,57,False,predicted_spectrum,8937
CASMI2022,massformer,completed,43,43,113,CASMI_MOL_1196833,CASMI_MOL_249380,249380,CC12CCC3C(C(=O)C(CO)C4CC(=O)CCC43C)C1CCC2=O,0.8032306081657131,binned_cosine_1Da,58,False,predicted_spectrum,8937
CASMI2022,massformer,completed,43,43,113,CASMI_MOL_1196833,CASMI_MOL_243334,243334,CC12CCC3C(C(=O)C(CO)C4CC(=O)CCC43C)C1CCC2=O,0.8032305878576099,binned_cosine_1Da,59,False,predicted_spectrum,8937
CASMI2022,massformer,completed,43,43,113,CASMI_MOL_1196833,CASMI_MOL_248600,248600,CC12CCC3C(C(=O)C(CO)C4CC(=O)CCC43C)C1CCC2=O,0.8032305656864791,binned_cosine_1Da,60,False,predicted_spectrum,8937
CASMI2022,massformer,completed,43,43,113,CASMI_MOL_1196833,CASMI_MOL_249381,249381,CC12CCC3C(C(=O)C(CO)C4CC(=O)CCC43C)C1CCC2=O,0.8032305656864791,binned_cosine_1Da,61,False,predicted_spectrum,8937
CASMI2022,massformer,completed,43,43,113,CASMI_MOL_1196833,CASMI_MOL_249379,249379,CC12CCC3C(C(=O)CC4CC(=O)CC(CO)C43C)C1CCC2=O,0.8030704519673184,binned_cosine_1Da,62,False,predicted_spectrum,8937
CASMI2022,massformer,completed,43,43,113,CASMI_MOL_1196833,CASMI_MOL_243745,243745,CC12CCC(=O)CC1=CCC1C2C(O)CC2(C)C(C(=O)O)CCC12,0.8028816477917902,binned_cosine_1Da,63,False,predicted_spectrum,8937
CASMI2022,massformer,completed,43,43,113,CASMI_MOL_1196833,CASMI_MOL_248596,248596,CC12CCC(=O)CC1=CCC1C2C(O)CC2(C)C(C(=O)O)CCC12,0.8028816477917902,binned_cosine_1Da,64,False,predicted_spectrum,8937
CASMI2022,massformer,completed,43,43,113,CASMI_MOL_1196833,CASMI_MOL_250462,250462,CC12CCC(=O)CC1=CCC1C2C(O)CC2(C)C(C(=O)O)CCC12,0.8028816477917902,binned_cosine_1Da,65,False,predicted_spectrum,8937
CASMI2022,massformer,completed,43,43,113,CASMI_MOL_1196833,CASMI_MOL_243746,243746,CC12CCC(=O)CC1=CCC1C2C(O)CC2(C)C(C(=O)O)CCC12,0.8028816358422285,binned_cosine_1Da,66,False,predicted_spectrum,8937
CASMI2022,massformer,completed,43,43,113,CASMI_MOL_1196833,CASMI_MOL_243778,243778,CC12CCC(=O)C=C1CCC1C2C(O)CC2(C)C(C(=O)O)CCC12,0.8028816246964185,binned_cosine_1Da,67,False,predicted_spectrum,8937
CASMI2022,massformer,completed,43,43,113,CASMI_MOL_1196833,CASMI_MOL_244447,244447,CC12CCC(=O)C=C1CCC1C2C(O)CC2(C)C(C(=O)O)CCC12,0.8028816246964185,binned_cosine_1Da,68,False,predicted_spectrum,8937
CASMI2022,massformer,completed,43,43,113,CASMI_MOL_1196833,CASMI_MOL_248317,248317,CC12CCC(=O)CC1=CCC1C2C(O)CC2(C)C(C(=O)O)CCC12,0.8028816246964185,binned_cosine_1Da,69,False,predicted_spectrum,8937
CASMI2022,massformer,completed,43,43,113,CASMI_MOL_1196833,CASMI_MOL_250485,250485,CC12CCC(=O)CC1=CCC1C2C(O)CC2(C)C(C(=O)O)CCC12,0.8028816246964185,binned_cosine_1Da,70,False,predicted_spectrum,8937
CASMI2022,massformer,completed,43,43,113,CASMI_MOL_1196833,CASMI_MOL_249427,249427,CC12CCC(=O)CC1=CCC1C2C(O)CC2(C)C(C(=O)O)CCC12,0.8028816160510673,binned_cosine_1Da,71,False,predicted_spectrum,8937
CASMI2022,massformer,completed,43,43,113,CASMI_MOL_1196833,CASMI_MOL_245220,245220,CC12CCC3C(CC=C4CC(=O)CCC43CO)C1CCC2C(=O)O,0.8028009779203378,binned_cosine_1Da,72,False,predicted_spectrum,8937
CASMI2022,massformer,completed,43,43,113,CASMI_MOL_1196833,CASMI_MOL_250433,250433,CC12CCC3C(CC=C4CC(=O)CCC43CO)C1CCC2C(=O)O,0.8028009452432503,binned_cosine_1Da,73,False,predicted_spectrum,8937
CASMI2022,massformer,completed,43,43,113,CASMI_MOL_1196833,CASMI_MOL_245218,245218,CC12CCC3C(CC=C4CC(=O)CCC43CO)C1CCC2C(=O)O,0.8028009323500771,binned_cosine_1Da,74,False,predicted_spectrum,8937
CASMI2022,massformer,completed,43,43,113,CASMI_MOL_1196833,CASMI_MOL_245219,245219,CC12CCC3C(CC=C4CC(=O)CCC43CO)C1CCC2C(=O)O,0.8028009323500771,binned_cosine_1Da,75,False,predicted_spectrum,8937
CASMI2022,massformer,completed,43,43,113,CASMI_MOL_1196833,CASMI_MOL_245221,245221,CC12CCC3C(CC=C4CC(=O)CCC43CO)C1CCC2C(=O)O,0.8028009323500771,binned_cosine_1Da,76,False,predicted_spectrum,8937
CASMI2022,massformer,completed,43,43,113,CASMI_MOL_1196833,CASMI_MOL_245461,245461,CCC1=CC2C(=O)C3(C=C(C)C(O)C3(O)C1O)CCC1C2C1(C)C,0.8027251379568675,binned_cosine_1Da,77,False,predicted_spectrum,8937
CASMI2022,massformer,completed,43,43,113,CASMI_MOL_1196833,CASMI_MOL_248235,248235,COC1(O)CCC2=C3CCC4C(=O)C(=O)CCC4(C)C3CCC21C,0.8025827767778547,binned_cosine_1Da,78,False,predicted_spectrum,8937
CASMI2022,massformer,completed,43,43,113,CASMI_MOL_1196833,CASMI_MOL_249043,249043,CC12CCC3C4CCC(=O)C(=O)C4CCC3C1CCC2C(=O)CO,0.8024982858465851,binned_cosine_1Da,79,False,predicted_spectrum,8937
CASMI2022,massformer,completed,43,43,113,CASMI_MOL_1196833,CASMI_MOL_242321,242321,CC=C(C)C(=O)OC1C(C)(C)C2C(O)CC(C)C23C=CC(=O)C13C,0.802424181021034,binned_cosine_1Da,80,False,predicted_spectrum,8937
CASMI2022,massformer,completed,43,43,113,CASMI_MOL_1196833,CASMI_MOL_242333,242333,CC=C(C)C(=O)OC1C(C)(C)C2C(O)CC(C)C23C=CC(=O)C13C,0.802424181021034,binned_cosine_1Da,81,False,predicted_spectrum,8937
CASMI2022,massformer,completed,43,43,113,CASMI_MOL_1196833,CASMI_MOL_243087,243087,CC=C(C)C(=O)OC1C(C)(C)C2C(O)CC(C)C23C=CC(=O)C13C,0.802424181021034,binned_cosine_1Da,82,False,predicted_spectrum,8937
CASMI2022,massformer,completed,43,43,113,CASMI_MOL_1196833,CASMI_MOL_247179,247179,CC=C(C)C(=O)OC1C(C)(C)C2C(O)CC(C)C23C=CC(=O)C13C,0.802424181021034,binned_cosine_1Da,83,False,predicted_spectrum,8937
CASMI2022,massformer,completed,43,43,113,CASMI_MOL_1196833,CASMI_MOL_247211,247211,CC12C=CC(=O)CC1C(=O)CC1C2CC(O)C2(C)C1CCC2(C)O,0.8024021281756544,binned_cosine_1Da,84,False,predicted_spectrum,8937
CASMI2022,massformer,completed,43,43,113,CASMI_MOL_1196833,CASMI_MOL_249771,249771,CC(=O)C1CCC2C3CCC4CC(=O)C(=O)C(O)C4C3CCC12C,0.8020766547507655,binned_cosine_1Da,85,False,predicted_spectrum,8937
CASMI2022,massformer,completed,43,43,113,CASMI_MOL_1196833,CASMI_MOL_247037,247037,CC12C=CC(=O)CC1C(=O)CC1C2CCC2(C)C1C(O)CC2(C)O,0.802046605133513,binned_cosine_1Da,86,False,predicted_spectrum,8937
CASMI2022,massformer,completed,43,43,113,CASMI_MOL_1196833,CASMI_MOL_243108,243108,CC(CO)C1=C2C3CC=C(C=O)CC(=O)C3(C)CCC2(CO)CC1,0.8019919079631236,binned_cosine_1Da,87,False,predicted_spectrum,8937
CASMI2022,massformer,completed,43,43,113,CASMI_MOL_1196833,CASMI_MOL_249906,249906,CC(CO)C1=C2C3CC=C(C=O)CC(=O)C3(C)CCC2(CO)CC1,0.8019918580815631,binned_cosine_1Da,88,False,predicted_spectrum,8937
CASMI2022,massformer,completed,43,43,113,CASMI_MOL_1196833,CASMI_MOL_250129,250129,CC(CO)C1=C2C3CC=C(C=O)CC(=O)C3(C)CCC2(CO)CC1,0.8019918580815631,binned_cosine_1Da,89,False,predicted_spectrum,8937
CASMI2022,massformer,completed,43,43,113,CASMI_MOL_1196833,CASMI_MOL_249754,249754,CC12CCCC1C1CC=C3CC(=O)C(C(=O)O)CC3(C)C1C(O)C2,0.8019084747258682,binned_cosine_1Da,90,False,predicted_spectrum,8937
CASMI2022,massformer,completed,43,43,113,CASMI_MOL_1196833,CASMI_MOL_247138,247138,C=C1C(=O)C23CCC4C(C)(CO)C(=O)CCC4(C)C2CC1C(O)C3,0.8016887101296387,binned_cosine_1Da,91,False,predicted_spectrum,8937
CASMI2022,massformer,completed,43,43,113,CASMI_MOL_1196833,CASMI_MOL_247227,247227,C=C1C(=O)C23CCC4C(C)(CO)C(=O)CCC4(C)C2CC1C(O)C3,0.8016887101296387,binned_cosine_1Da,92,False,predicted_spectrum,8937
CASMI2022,massformer,completed,43,43,113,CASMI_MOL_1196833,CASMI_MOL_247188,247188,CC12CCC3C(CC(O)C4CC(=O)CC(C=O)C43C)C1CCC2=O,0.8016564828543026,binned_cosine_1Da,93,False,predicted_spectrum,8937
CASMI2022,massformer,completed,43,43,113,CASMI_MOL_1196833,CASMI_MOL_243622,243622,CC12CCC(=O)C=C1CCC1C3CCC(C(=O)CO)C3CC(O)C12,0.8016536878855574,binned_cosine_1Da,94,False,predicted_spectrum,8937
CASMI2022,massformer,completed,43,43,113,CASMI_MOL_1196833,CASMI_MOL_243625,243625,CC12CCC(=O)C=C1CCC1C3CCC(C(=O)CO)C3CC(O)C12,0.8016536878855574,binned_cosine_1Da,95,False,predicted_spectrum,8937
CASMI2022,massformer,completed,43,43,113,CASMI_MOL_1196833,CASMI_MOL_245471,245471,C=CC1=C(C)C2CCC3C(C)(C)C(=O)C(O)C(O)C3(C)C2C(=O)C1,0.8016136979185905,binned_cosine_1Da,96,False,predicted_spectrum,8937
CASMI2022,massformer,completed,43,43,113,CASMI_MOL_1196833,CASMI_MOL_247137,247137,C=CC1=C(C)C2CCC3C(C)(C)C(=O)C(O)C(O)C3(C)C2C(=O)C1,0.8016136979185905,binned_cosine_1Da,97,False,predicted_spectrum,8937
CASMI2022,massformer,completed,43,43,113,CASMI_MOL_1196833,CASMI_MOL_243344,243344,CC12CCC(O)C=C1CCC1C2C(=O)CC2(C)C(C(=O)O)CCC12,0.8015034755358721,binned_cosine_1Da,98,False,predicted_spectrum,8937
CASMI2022,massformer,completed,43,43,113,CASMI_MOL_1196833,CASMI_MOL_243626,243626,CC12CC(O)C3C4=C(CCC3C1CCC2C(=O)CO)CC(=O)CC4,0.8014298137445856,binned_cosine_1Da,99,False,predicted_spectrum,8937
CASMI2022,massformer,completed,43,43,113,CASMI_MOL_1196833,CASMI_MOL_249773,249773,CC12CC(O)C3C4=C(CCC3C1CCC2C(=O)CO)CC(=O)CC4,0.8014298137445856,binned_cosine_1Da,100,False,predicted_spectrum,8937
CASMI2022,massformer,completed,43,43,113,CASMI_MOL_1196833,CASMI_MOL_1196833,1196833,CC(C)=CCCC(=CCCC(C)=CCc1oc(O)cc1C)C(=O)O,0.6766103768659819,binned_cosine_1Da,2190,True,predicted_spectrum,8937
CASMI2022,massformer,completed,46,46,117,CASMI_MOL_1196837,CASMI_MOL_254664,254664,N#CC1NC1c1ccccc1,0.9831444180928602,binned_cosine_1Da,1,False,predicted_spectrum,960
CASMI2022,massformer,completed,46,46,117,CASMI_MOL_1196837,CASMI_MOL_255056,255056,N#CC1NC1c1ccccc1,0.9831444180928602,binned_cosine_1Da,2,False,predicted_spectrum,960
CASMI2022,massformer,completed,46,46,117,CASMI_MOL_1196837,CASMI_MOL_255055,255055,N#CC1NC1c1ccccc1,0.9831444157555338,binned_cosine_1Da,3,False,predicted_spectrum,960
CASMI2022,massformer,completed,46,46,117,CASMI_MOL_1196837,CASMI_MOL_255097,255097,N#CC1NC1c1ccccc1,0.9831444157555338,binned_cosine_1Da,4,False,predicted_spectrum,960
CASMI2022,massformer,completed,46,46,117,CASMI_MOL_1196837,CASMI_MOL_254306,254306,N#Cc1ccc(CC=N)cc1,0.9814751181001448,binned_cosine_1Da,5,False,predicted_spectrum,960
CASMI2022,massformer,completed,46,46,117,CASMI_MOL_1196837,CASMI_MOL_254661,254661,[N-]=[N+]=C1Cc2ccccc2C1,0.9805079761322264,binned_cosine_1Da,6,False,predicted_spectrum,960
CASMI2022,massformer,completed,46,46,117,CASMI_MOL_1196837,CASMI_MOL_254815,254815,[N-]=[N+]=C1C2C=CC=CC1C=C2,0.9793801744369967,binned_cosine_1Da,7,False,predicted_spectrum,960
CASMI2022,massformer,completed,46,46,117,CASMI_MOL_1196837,CASMI_MOL_254446,254446,C#Cc1ccccc1C(=N)N,0.9786338506600643,binned_cosine_1Da,8,False,predicted_spectrum,960
CASMI2022,massformer,completed,46,46,117,CASMI_MOL_1196837,CASMI_MOL_255080,255080,[NH-][n+]1ccc2ccccc2c1,0.9785646369937417,binned_cosine_1Da,9,False,predicted_spectrum,960
CASMI2022,massformer,completed,46,46,117,CASMI_MOL_1196837,CASMI_MOL_255104,255104,C#Cc1ccc(C(=N)N)cc1,0.9778779369682038,binned_cosine_1Da,10,False,predicted_spectrum,960
CASMI2022,massformer,completed,46,46,117,CASMI_MOL_1196837,CASMI_MOL_254572,254572,C#Cc1cccc(C(=N)N)c1,0.9774415740545322,binned_cosine_1Da,11,False,predicted_spectrum,960
CASMI2022,massformer,completed,46,46,117,CASMI_MOL_1196837,CASMI_MOL_255121,255121,[NH-][n+]1cccc2ccccc21,0.9770872952486687,binned_cosine_1Da,12,False,predicted_spectrum,960
CASMI2022,massformer,completed,46,46,117,CASMI_MOL_1196837,CASMI_MOL_254469,254469,N#CC1NCc2ccccc21,0.9769121320970207,binned_cosine_1Da,13,False,predicted_spectrum,960
CASMI2022,massformer,completed,46,46,117,CASMI_MOL_1196837,CASMI_MOL_254662,254662,N#CC1(C#N)CC2C=CC1C2,0.9766867361274296,binned_cosine_1Da,14,False,predicted_spectrum,960
CASMI2022,massformer,completed,46,46,117,CASMI_MOL_1196837,CASMI_MOL_255013,255013,N#CC1(C#N)CC2C=CC1C2,0.9766867341106689,binned_cosine_1Da,15,False,predicted_spectrum,960
CASMI2022,massformer,completed,46,46,117,CASMI_MOL_1196837,CASMI_MOL_254693,254693,N=C(N)C#Cc1ccccc1,0.9766355725708865,binned_cosine_1Da,16,False,predicted_spectrum,960
CASMI2022,massformer,completed,46,46,117,CASMI_MOL_1196837,CASMI_MOL_254913,254913,N#Cc1ccc(C2CN2)cc1,0.9765436375537564,binned_cosine_1Da,17,False,predicted_spectrum,960
CASMI2022,massformer,completed,46,46,117,CASMI_MOL_1196837,CASMI_MOL_255069,255069,[N-]=[N+]=C1C=CC=CC=CC=C1,0.9758596324178911,binned_cosine_1Da,18,False,predicted_spectrum,960
CASMI2022,massformer,completed,46,46,117,CASMI_MOL_1196837,CASMI_MOL_254911,254911,N#Cc1cccc(C2CN2)c1,0.9758221168664128,binned_cosine_1Da,19,False,predicted_spectrum,960
CASMI2022,massformer,completed,46,46,117,CASMI_MOL_1196837,CASMI_MOL_254666,254666,N#CC(C#N)=C1CC=CCC1,0.9750021623264457,binned_cosine_1Da,20,False,predicted_spectrum,960
CASMI2022,massformer,completed,46,46,117,CASMI_MOL_1196837,CASMI_MOL_255089,255089,[N-]=[N+]=C1CCc2ccccc21,0.9749972096834448,binned_cosine_1Da,21,False,predicted_spectrum,960
CASMI2022,massformer,completed,46,46,117,CASMI_MOL_1196837,CASMI_MOL_255147,255147,N#CC1(C#N)C2C=CCCC21,0.9749053727639737,binned_cosine_1Da,22,False,predicted_spectrum,960
CASMI2022,massformer,completed,46,46,117,CASMI_MOL_1196837,CASMI_MOL_254372,254372,N#CC#CC1=CCC(=N)CC1,0.9747450932025524,binned_cosine_1Da,23,False,predicted_spectrum,960
CASMI2022,massformer,completed,46,46,117,CASMI_MOL_1196837,CASMI_MOL_254658,254658,N#Cc1ccccc1CC=N,0.9745990229876026,binned_cosine_1Da,24,False,predicted_spectrum,960
CASMI2022,massformer,completed,46,46,117,CASMI_MOL_1196837,CASMI_MOL_254683,254683,N#Cc1ccccc1CC=N,0.9745990229876026,binned_cosine_1Da,25,False,predicted_spectrum,960
CASMI2022,massformer,completed,46,46,117,CASMI_MOL_1196837,CASMI_MOL_254986,254986,N=C1CC(=N)c2ccccc21,0.9741233581618456,binned_cosine_1Da,26,False,predicted_spectrum,960
CASMI2022,massformer,completed,46,46,117,CASMI_MOL_1196837,CASMI_MOL_255159,255159,N=C1CC(=N)c2ccccc21,0.9741233561457346,binned_cosine_1Da,27,False,predicted_spectrum,960
CASMI2022,massformer,completed,46,46,117,CASMI_MOL_1196837,CASMI_MOL_254688,254688,C=C=C1CC=C(C#N)C(=N)C1,0.9741082544633831,binned_cosine_1Da,28,False,predicted_spectrum,960
CASMI2022,massformer,completed,46,46,117,CASMI_MOL_1196837,CASMI_MOL_254995,254995,N#CC1(C#N)CC2=CCC1C2,0.9734066622085858,binned_cosine_1Da,29,False,predicted_spectrum,960
CASMI2022,massformer,completed,46,46,117,CASMI_MOL_1196837,CASMI_MOL_255146,255146,N#CC(C#N)=C1C=CCCC1,0.9733728179908309,binned_cosine_1Da,30,False,predicted_spectrum,960
CASMI2022,massformer,completed,46,46,117,CASMI_MOL_1196837,CASMI_MOL_254912,254912,N#Cc1ccccc1C1CN1,0.9731036456008675,binned_cosine_1Da,31,False,predicted_spectrum,960
CASMI2022,massformer,completed,46,46,117,CASMI_MOL_1196837,CASMI_MOL_254276,254276,C=NC1(c2ccccn2)C=C1,0.9728686967475149,binned_cosine_1Da,32,False,predicted_spectrum,960
CASMI2022,massformer,completed,46,46,117,CASMI_MOL_1196837,CASMI_MOL_254491,254491,N#CC1=CCCCC=C1C#N,0.9726666164199769,binned_cosine_1Da,33,False,predicted_spectrum,960
CASMI2022,massformer,completed,46,46,117,CASMI_MOL_1196837,CASMI_MOL_255030,255030,C=[N+]1C=c2ccccc2=C[N-]1,0.972630888475742,binned_cosine_1Da,34,False,predicted_spectrum,960
CASMI2022,massformer,completed,46,46,117,CASMI_MOL_1196837,CASMI_MOL_254545,254545,N#CCC1=CC=CC1CC#N,0.9726114199491381,binned_cosine_1Da,35,False,predicted_spectrum,960
CASMI2022,massformer,completed,46,46,117,CASMI_MOL_1196837,CASMI_MOL_254475,254475,C1=NC(=Nc2ccccc2)C1,0.9725935616731269,binned_cosine_1Da,36,False,predicted_spectrum,960
CASMI2022,massformer,completed,46,46,117,CASMI_MOL_1196837,CASMI_MOL_254966,254966,C1=CC(=Cc2ncc[nH]2)C=C1,0.9725826247574085,binned_cosine_1Da,37,False,predicted_spectrum,960
CASMI2022,massformer,completed,46,46,117,CASMI_MOL_1196837,CASMI_MOL_254534,254534,c1ccc2c(c1)Cn1[nH]cc1-2,0.9724664611651971,binned_cosine_1Da,38,False,predicted_spectrum,960
CASMI2022,massformer,completed,46,46,117,CASMI_MOL_1196837,CASMI_MOL_255072,255072,c1ccc2c(c1)Cn1[nH]cc1-2,0.9724664611204237,binned_cosine_1Da,39,False,predicted_spectrum,960
CASMI2022,massformer,completed,46,46,117,CASMI_MOL_1196837,CASMI_MOL_255045,255045,C1=CC=Cc2[nH]ncc2C=C1,0.9723671687338994,binned_cosine_1Da,40,False,predicted_spectrum,960
CASMI2022,massformer,completed,46,46,117,CASMI_MOL_1196837,CASMI_MOL_255059,255059,N#CN1CCc2ccccc21,0.9719367594575252,binned_cosine_1Da,41,False,predicted_spectrum,960
CASMI2022,massformer,completed,46,46,117,CASMI_MOL_1196837,CASMI_MOL_254519,254519,N=Cc1cccc(C2=NC2)c1,0.9716816485934693,binned_cosine_1Da,42,False,predicted_spectrum,960
CASMI2022,massformer,completed,46,46,117,CASMI_MOL_1196837,CASMI_MOL_254567,254567,C=CC1=CC(=N)C(C#N)=CC1,0.9715538895987559,binned_cosine_1Da,43,False,predicted_spectrum,960
CASMI2022,massformer,completed,46,46,117,CASMI_MOL_1196837,CASMI_MOL_254967,254967,C1=CC(=Cc2c[nH]cn2)C=C1,0.9715040768759786,binned_cosine_1Da,44,False,predicted_spectrum,960
CASMI2022,massformer,completed,46,46,117,CASMI_MOL_1196837,CASMI_MOL_254653,254653,N#CC12C3C4C1C1C2C3C41N,0.9714669169099378,binned_cosine_1Da,45,False,predicted_spectrum,960
CASMI2022,massformer,completed,46,46,117,CASMI_MOL_1196837,CASMI_MOL_254618,254618,c1ccc(C2c3c[nH]n32)cc1,0.9713206102844818,binned_cosine_1Da,46,False,predicted_spectrum,960
CASMI2022,massformer,completed,46,46,117,CASMI_MOL_1196837,CASMI_MOL_254502,254502,C=C(C#N)c1ccc(N)cc1,0.9712602749652822,binned_cosine_1Da,47,False,predicted_spectrum,960
CASMI2022,massformer,completed,46,46,117,CASMI_MOL_1196837,CASMI_MOL_254613,254613,N#CC1Cc2ccccc2N1,0.9711612416187305,binned_cosine_1Da,48,False,predicted_spectrum,960
CASMI2022,massformer,completed,46,46,117,CASMI_MOL_1196837,CASMI_MOL_254918,254918,N#CC1CC2C=CC1(C#N)C2,0.9711036213230133,binned_cosine_1Da,49,False,predicted_spectrum,960
CASMI2022,massformer,completed,46,46,117,CASMI_MOL_1196837,CASMI_MOL_254535,254535,C1=CC(c2cccnn2)C=C1,0.9709865850447342,binned_cosine_1Da,50,False,predicted_spectrum,960
CASMI2022,massformer,completed,46,46,117,CASMI_MOL_1196837,CASMI_MOL_255178,255178,c1ccc(-c2cc[nH]n2)cc1,0.970967085550109,binned_cosine_1Da,51,False,predicted_spectrum,960
CASMI2022,massformer,completed,46,46,117,CASMI_MOL_1196837,CASMI_MOL_255038,255038,c1ccc(-c2cc[nH]n2)cc1,0.9709670806551112,binned_cosine_1Da,52,False,predicted_spectrum,960
CASMI2022,massformer,completed,46,46,117,CASMI_MOL_1196837,CASMI_MOL_254520,254520,C1=CCc2nnccc2C=C1,0.9709668719123696,binned_cosine_1Da,53,False,predicted_spectrum,960
CASMI2022,massformer,completed,46,46,117,CASMI_MOL_1196837,CASMI_MOL_254479,254479,C=C(C#N)Cc1ccccn1,0.9709384260723044,binned_cosine_1Da,54,False,predicted_spectrum,960
CASMI2022,massformer,completed,46,46,117,CASMI_MOL_1196837,CASMI_MOL_254474,254474,[C]1N=CCN1c1ccccc1,0.9708750610050341,binned_cosine_1Da,55,False,predicted_spectrum,960
CASMI2022,massformer,completed,46,46,117,CASMI_MOL_1196837,CASMI_MOL_254353,254353,N#CC1=CC2CC=NC2C=C1,0.9705378450818484,binned_cosine_1Da,56,False,predicted_spectrum,960
CASMI2022,massformer,completed,46,46,117,CASMI_MOL_1196837,CASMI_MOL_254851,254851,N#CC1=Cc2cc[nH]c2CC1,0.9705226074282224,binned_cosine_1Da,57,False,predicted_spectrum,960
CASMI2022,massformer,completed,46,46,117,CASMI_MOL_1196837,CASMI_MOL_254682,254682,N#CC1=CC2CC=CC2N=C1,0.9705160517912699,binned_cosine_1Da,58,False,predicted_spectrum,960
CASMI2022,massformer,completed,46,46,117,CASMI_MOL_1196837,CASMI_MOL_254398,254398,C1=CCC=c2nnccc2=C1,0.9705024965708733,binned_cosine_1Da,59,False,predicted_spectrum,960
CASMI2022,massformer,completed,46,46,117,CASMI_MOL_1196837,CASMI_MOL_254387,254387,C1=CCC=c2ccnnc2=C1,0.9705012169906492,binned_cosine_1Da,60,False,predicted_spectrum,960
CASMI2022,massformer,completed,46,46,117,CASMI_MOL_1196837,CASMI_MOL_254736,254736,C1=CCC=c2ccnnc2=C1,0.9705012155559245,binned_cosine_1Da,61,False,predicted_spectrum,960
CASMI2022,massformer,completed,46,46,117,CASMI_MOL_1196837,CASMI_MOL_254361,254361,N=NC1=CCc2ccccc21,0.9704308991305373,binned_cosine_1Da,62,False,predicted_spectrum,960
CASMI2022,massformer,completed,46,46,117,CASMI_MOL_1196837,CASMI_MOL_254855,254855,C=c1nc2c([nH]1)=CC=CC=C2,0.9703212829940863,binned_cosine_1Da,63,False,predicted_spectrum,960
CASMI2022,massformer,completed,46,46,117,CASMI_MOL_1196837,CASMI_MOL_254412,254412,C1=CCC=c2cnncc2=C1,0.9703209129319302,binned_cosine_1Da,64,False,predicted_spectrum,960
CASMI2022,massformer,completed,46,46,117,CASMI_MOL_1196837,CASMI_MOL_254448,254448,C1=CCC=c2cnncc2=C1,0.9703209129319302,binned_cosine_1Da,65,False,predicted_spectrum,960
CASMI2022,massformer,completed,46,46,117,CASMI_MOL_1196837,CASMI_MOL_254686,254686,C1=CCC=c2cnncc2=C1,0.9703209129319302,binned_cosine_1Da,66,False,predicted_spectrum,960
CASMI2022,massformer,completed,46,46,117,CASMI_MOL_1196837,CASMI_MOL_254860,254860,N#CC1=CC2CCC1(C#N)C2,0.9702480655341966,binned_cosine_1Da,67,False,predicted_spectrum,960
CASMI2022,massformer,completed,46,46,117,CASMI_MOL_1196837,CASMI_MOL_254480,254480,N#CC(C#N)=CC1=CCCC1,0.9702409122981296,binned_cosine_1Da,68,False,predicted_spectrum,960
CASMI2022,massformer,completed,46,46,117,CASMI_MOL_1196837,CASMI_MOL_254319,254319,C1=Cc2ccccc2NN=C1,0.9701484261436991,binned_cosine_1Da,69,False,predicted_spectrum,960
CASMI2022,massformer,completed,46,46,117,CASMI_MOL_1196837,CASMI_MOL_254323,254323,C1=Cc2ccccc2NN=C1,0.9701484261436991,binned_cosine_1Da,70,False,predicted_spectrum,960
CASMI2022,massformer,completed,46,46,117,CASMI_MOL_1196837,CASMI_MOL_255162,255162,C1=Cc2ccccc2NN=C1,0.9701484261436991,binned_cosine_1Da,71,False,predicted_spectrum,960
CASMI2022,massformer,completed,46,46,117,CASMI_MOL_1196837,CASMI_MOL_254321,254321,C1=Cc2ccccc2NN=C1,0.9701484232139885,binned_cosine_1Da,72,False,predicted_spectrum,960
CASMI2022,massformer,completed,46,46,117,CASMI_MOL_1196837,CASMI_MOL_254336,254336,C1=Cc2ccccc2NN=C1,0.9701484232139885,binned_cosine_1Da,73,False,predicted_spectrum,960
CASMI2022,massformer,completed,46,46,117,CASMI_MOL_1196837,CASMI_MOL_254929,254929,C1=Cc2ccccc2NN=C1,0.9701484232139885,binned_cosine_1Da,74,False,predicted_spectrum,960
CASMI2022,massformer,completed,46,46,117,CASMI_MOL_1196837,CASMI_MOL_254392,254392,C=C1C=c2cc(N)ccc2=N1,0.9701442325289182,binned_cosine_1Da,75,False,predicted_spectrum,960
CASMI2022,massformer,completed,46,46,117,CASMI_MOL_1196837,CASMI_MOL_254465,254465,N#CC1=CC2CC=CC2=NC1,0.9701182807160195,binned_cosine_1Da,76,False,predicted_spectrum,960
CASMI2022,massformer,completed,46,46,117,CASMI_MOL_1196837,CASMI_MOL_254867,254867,[C-]#[N+]c1ccc(C2CC2)cn1,0.97011477840912,binned_cosine_1Da,77,False,predicted_spectrum,960
CASMI2022,massformer,completed,46,46,117,CASMI_MOL_1196837,CASMI_MOL_254968,254968,N#Cc1ccc(C2CC2)cn1,0.9700785193791799,binned_cosine_1Da,78,False,predicted_spectrum,960
CASMI2022,massformer,completed,46,46,117,CASMI_MOL_1196837,CASMI_MOL_254496,254496,CC(=N)c1ccc(C#N)cc1,0.9700126547004579,binned_cosine_1Da,79,False,predicted_spectrum,960
CASMI2022,massformer,completed,46,46,117,CASMI_MOL_1196837,CASMI_MOL_255112,255112,C1=CC(=Cc2ccc[nH]2)N=C1,0.970009198857431,binned_cosine_1Da,80,False,predicted_spectrum,960
CASMI2022,massformer,completed,46,46,117,CASMI_MOL_1196837,CASMI_MOL_255111,255111,C1=CC(=Cc2ccc[nH]2)N=C1,0.9700091919807134,binned_cosine_1Da,81,False,predicted_spectrum,960
CASMI2022,massformer,completed,46,46,117,CASMI_MOL_1196837,CASMI_MOL_255122,255122,C1=CC(=Cc2ccc[nH]2)N=C1,0.9700091919807134,binned_cosine_1Da,82,False,predicted_spectrum,960
CASMI2022,massformer,completed,46,46,117,CASMI_MOL_1196837,CASMI_MOL_254866,254866,[C-]#[N+]c1ccc(CN=C)cc1,0.9699709880689101,binned_cosine_1Da,83,False,predicted_spectrum,960
CASMI2022,massformer,completed,46,46,117,CASMI_MOL_1196837,CASMI_MOL_254399,254399,C1=CCc2cnncc2C=C1,0.9699488032950464,binned_cosine_1Da,84,False,predicted_spectrum,960
CASMI2022,massformer,completed,46,46,117,CASMI_MOL_1196837,CASMI_MOL_254614,254614,C1=C2C(=Nc3ccc2[nH]3)CC1,0.969896557563552,binned_cosine_1Da,85,False,predicted_spectrum,960
CASMI2022,massformer,completed,46,46,117,CASMI_MOL_1196837,CASMI_MOL_254605,254605,Cc1ccc(C(=N)C#N)cc1,0.9698494153785876,binned_cosine_1Da,86,False,predicted_spectrum,960
CASMI2022,massformer,completed,46,46,117,CASMI_MOL_1196837,CASMI_MOL_254420,254420,C=Nc1ccc(CC#N)cc1,0.9697495491977974,binned_cosine_1Da,87,False,predicted_spectrum,960
CASMI2022,massformer,completed,46,46,117,CASMI_MOL_1196837,CASMI_MOL_254659,254659,C#Cc1ccccc1C=NN,0.9697175034279797,binned_cosine_1Da,88,False,predicted_spectrum,960
CASMI2022,massformer,completed,46,46,117,CASMI_MOL_1196837,CASMI_MOL_254979,254979,N#CC1CNc2ccccc21,0.9697022618496023,binned_cosine_1Da,89,False,predicted_spectrum,960
CASMI2022,massformer,completed,46,46,117,CASMI_MOL_1196837,CASMI_MOL_254596,254596,C=C1CC(C#N)(C#N)CC1=C,0.9695007344162123,binned_cosine_1Da,90,False,predicted_spectrum,960
CASMI2022,massformer,completed,46,46,117,CASMI_MOL_1196837,CASMI_MOL_254369,254369,C=NC1=CC=C=CC=C1N=C,0.9694683005259346,binned_cosine_1Da,91,False,predicted_spectrum,960
CASMI2022,massformer,completed,46,46,117,CASMI_MOL_1196837,CASMI_MOL_254337,254337,C1=CCN(c2ccccc2)N=1,0.969424473164234,binned_cosine_1Da,92,False,predicted_spectrum,960
CASMI2022,massformer,completed,46,46,117,CASMI_MOL_1196837,CASMI_MOL_254389,254389,C1=Cc2cnncc2C=CC1,0.9694055028824567,binned_cosine_1Da,93,False,predicted_spectrum,960
CASMI2022,massformer,completed,46,46,117,CASMI_MOL_1196837,CASMI_MOL_255160,255160,N#Cc1ccc(N2CC2)cc1,0.9694004585973046,binned_cosine_1Da,94,False,predicted_spectrum,960
CASMI2022,massformer,completed,46,46,117,CASMI_MOL_1196837,CASMI_MOL_254543,254543,CC1(C#N)C=CC=C(C#N)C1,0.9693615353999179,binned_cosine_1Da,95,False,predicted_spectrum,960
CASMI2022,massformer,completed,46,46,117,CASMI_MOL_1196837,CASMI_MOL_254585,254585,C#Cc1ccc(N)c(C=N)c1,0.969351002829088,binned_cosine_1Da,96,False,predicted_spectrum,960
CASMI2022,massformer,completed,46,46,117,CASMI_MOL_1196837,CASMI_MOL_254777,254777,N#CCC=Cc1cccnc1,0.9693308764284343,binned_cosine_1Da,97,False,predicted_spectrum,960
CASMI2022,massformer,completed,46,46,117,CASMI_MOL_1196837,CASMI_MOL_254776,254776,N#CCC=Cc1ccncc1,0.9693115060774582,binned_cosine_1Da,98,False,predicted_spectrum,960
CASMI2022,massformer,completed,46,46,117,CASMI_MOL_1196837,CASMI_MOL_254322,254322,CC1(C#N)C=CC(C#N)=CC1,0.969298304642128,binned_cosine_1Da,99,False,predicted_spectrum,960
CASMI2022,massformer,completed,46,46,117,CASMI_MOL_1196837,CASMI_MOL_255003,255003,C1=NC(c2ccccc2)N=C1,0.9692643863035368,binned_cosine_1Da,100,False,predicted_spectrum,960
CASMI2022,massformer,completed,46,46,117,CASMI_MOL_1196837,CASMI_MOL_1196837,1196837,Nc1cccc2cnccc12,0.9601960515728243,binned_cosine_1Da,575,True,predicted_spectrum,960
CASMI2022,massformer,completed,48,48,122,CASMI_MOL_1196839,CASMI_MOL_264992,264992,C=CC(=O)OC12CC3CC(C1)CC(C(=O)OC14CC5CC(C1)CC(C(=O)O)(C5)C4)(C3)C2,0.3988127484037192,binned_cosine_1Da,1,False,predicted_spectrum,9066
CASMI2022,massformer,completed,48,48,122,CASMI_MOL_1196839,CASMI_MOL_263082,263082,C=C(C(=O)OC1CCC(C(=O)OC2(CC)C3CC4CC(C3)CC2C4)CC1)C(F)(F)F,0.39047059580479354,binned_cosine_1Da,2,False,predicted_spectrum,9066
CASMI2022,massformer,completed,48,48,122,CASMI_MOL_1196839,CASMI_MOL_257132,257132,COc1ccc(-c2c(C)c(C(=O)C3CCCC(N)CC3)nn2-c2ccc(C#N)cc2)cc1,0.3760896720087717,binned_cosine_1Da,3,False,predicted_spectrum,9066
CASMI2022,massformer,completed,48,48,122,CASMI_MOL_1196839,CASMI_MOL_257841,257841,C=C=C(C=CC(C=CC=Cc1cc2ccc(OC)cc2s1)=CC)C=CC1CC(CC)C1,0.373847794537162,binned_cosine_1Da,4,False,predicted_spectrum,9066
CASMI2022,massformer,completed,48,48,122,CASMI_MOL_1196839,CASMI_MOL_260213,260213,N#Cc1ccc(COc2cccc(C3(C4CC4)N=C(N)N(C4CCCCC4)C3=O)c2)cc1,0.371989722014311,binned_cosine_1Da,5,False,predicted_spectrum,9066
CASMI2022,massformer,completed,48,48,122,CASMI_MOL_1196839,CASMI_MOL_262458,262458,C=CCCCOc1cc(C(=O)NCC)ccc1-n1cc(C(=O)NCCNC(C)=O)nn1,0.3699727531830908,binned_cosine_1Da,6,False,predicted_spectrum,9066
CASMI2022,massformer,completed,48,48,122,CASMI_MOL_1196839,CASMI_MOL_259925,259925,O=C1CC(c2ccccc2)CC2=NC(Nc3nc4c(o3)CCC=C4)=NC3(CCCCC3)C12,0.36670129977832683,binned_cosine_1Da,7,False,predicted_spectrum,9066
CASMI2022,massformer,completed,48,48,122,CASMI_MOL_1196839,CASMI_MOL_265414,265414,Cc1nn(Cc2noc(C(=O)NCCC34CC5CC(CC(C5)C3)C4)n2)c(C)c1[N+](=O)[O-],0.3658768993097098,binned_cosine_1Da,8,False,predicted_spectrum,9066
CASMI2022,massformer,completed,48,48,122,CASMI_MOL_1196839,CASMI_MOL_261961,261961,N#Cc1ccc(COc2ccc(C3(C4CC4)N=C(N)N(C4CCCCC4)C3=O)cc2)cc1,0.364965394630956,binned_cosine_1Da,9,False,predicted_spectrum,9066
CASMI2022,massformer,completed,48,48,122,CASMI_MOL_1196839,CASMI_MOL_260212,260212,N#Cc1ccc(COc2cccc(C3(C4CC4)C(=O)N=C(N)N3C3CCCCC3)c2)cc1,0.3627116022496216,binned_cosine_1Da,10,False,predicted_spectrum,9066
CASMI2022,massformer,completed,48,48,122,CASMI_MOL_1196839,CASMI_MOL_260211,260211,N#Cc1ccc(COc2ccc(C3(C4CC4)C(=O)N=C(N)N3C3CCCCC3)cc2)cc1,0.3623154962118768,binned_cosine_1Da,11,False,predicted_spectrum,9066
CASMI2022,massformer,completed,48,48,122,CASMI_MOL_1196839,CASMI_MOL_258246,258246,C=CC=C(C=C)C1=CCCN(C(=O)C=Cc2ccc(NC(=O)C(C=C)=CN=C)nc2)CC1,0.35573579325170657,binned_cosine_1Da,12,False,predicted_spectrum,9066
CASMI2022,massformer,completed,48,48,122,CASMI_MOL_1196839,CASMI_MOL_262734,262734,CC1(C)C2CCC(Cn3cc(C(=O)O)c(=O)c4cc(F)c(N5CCC(N)C5)nc43)C1C2,0.3535309491045968,binned_cosine_1Da,13,False,predicted_spectrum,9066
CASMI2022,massformer,completed,48,48,122,CASMI_MOL_1196839,CASMI_MOL_262733,262733,CC1(C)C2CCC(Cn3cc(C(=O)O)c(=O)c4cc(F)c(N5CCC(N)C5)nc43)C1C2,0.3535309371785282,binned_cosine_1Da,14,False,predicted_spectrum,9066
CASMI2022,massformer,completed,48,48,122,CASMI_MOL_1196839,CASMI_MOL_262735,262735,CC1(C)C2CCC(Cn3cc(C(=O)O)c(=O)c4cc(F)c(N5CCC(N)C5)nc43)C1C2,0.3535308677179129,binned_cosine_1Da,15,False,predicted_spectrum,9066
CASMI2022,massformer,completed,48,48,122,CASMI_MOL_1196839,CASMI_MOL_258945,258945,Cc1[nH]cnc1C=NN(C)c1cc(N(C)N=Cc2nc[nH]c2C)nc(-c2ccccc2)n1,0.3529250525701854,binned_cosine_1Da,16,False,predicted_spectrum,9066
CASMI2022,massformer,completed,48,48,122,CASMI_MOL_1196839,CASMI_MOL_260002,260002,O=C(CC12CC3CC(CC(C3)C1)C2)Nc1ccc(Oc2ccc(-n3cccc3)nn2)cc1,0.35263186621382436,binned_cosine_1Da,17,False,predicted_spectrum,9066
CASMI2022,massformer,completed,48,48,122,CASMI_MOL_1196839,CASMI_MOL_264129,264129,Cc1ccccc1C(=O)N1CCc2nc(N3CCCCC3)nc(Oc3ccccc3)c2C1,0.3524117013817184,binned_cosine_1Da,18,False,predicted_spectrum,9066
CASMI2022,massformer,completed,48,48,122,CASMI_MOL_1196839,CASMI_MOL_258264,258264,CC=C(C#N)C=CC(C)=NC(=O)C1(C)CC1(COc1cnc(C)nc1C)c1ccccc1,0.35171768358592803,binned_cosine_1Da,19,False,predicted_spectrum,9066
CASMI2022,massformer,completed,48,48,122,CASMI_MOL_1196839,CASMI_MOL_257370,257370,N[NH+]([O-])C12CC3CC(C1)C(OC(=O)N1CCC(Oc4ccc5nccn5n4)C1)C(C3)C2,0.3513163255496212,binned_cosine_1Da,20,False,predicted_spectrum,9066
CASMI2022,massformer,completed,48,48,122,CASMI_MOL_1196839,CASMI_MOL_260059,260059,O=C(NCc1nn(Cc2cccnc2)c(=O)c2ccccc12)C12CC3CC(CC(C3)C1)C2,0.34971038674996896,binned_cosine_1Da,21,False,predicted_spectrum,9066
CASMI2022,massformer,completed,48,48,122,CASMI_MOL_1196839,CASMI_MOL_261574,261574,CON=Cc1c(N)ncnc1OC(=O)N(c1ccc(OC(C)C)cc1)N1CCCCC1,0.3496633590071633,binned_cosine_1Da,22,False,predicted_spectrum,9066
CASMI2022,massformer,completed,48,48,122,CASMI_MOL_1196839,CASMI_MOL_259476,259476,O=C(CCCCCCCCCCCC(=O)c1ccc(O)cc1O)c1ccc(O)cc1O,0.34923342523544537,binned_cosine_1Da,23,False,predicted_spectrum,9066
CASMI2022,massformer,completed,48,48,122,CASMI_MOL_1196839,CASMI_MOL_259103,259103,C=C1CC2C3OC4(C)OC3(C(=C)C)CC(C)C2(O4)C2C=CC3OC4(CCCO4)OC32C1,0.3461756864230953,binned_cosine_1Da,24,False,predicted_spectrum,9066
CASMI2022,massformer,completed,48,48,122,CASMI_MOL_1196839,CASMI_MOL_262623,262623,CCCc1ccc2c(cnn2OC2=CC=C(On3ncc4cc(CCC)ccc43)CC2)c1,0.3450463346097175,binned_cosine_1Da,25,False,predicted_spectrum,9066
CASMI2022,massformer,completed,48,48,122,CASMI_MOL_1196839,CASMI_MOL_260060,260060,O=C(NCc1nn(Cc2ccccn2)c(=O)c2ccccc12)C12CC3CC(CC(C3)C1)C2,0.3443904982479019,binned_cosine_1Da,26,False,predicted_spectrum,9066
CASMI2022,massformer,completed,48,48,122,CASMI_MOL_1196839,CASMI_MOL_259814,259814,Cc1ccc(-c2nnc3n(c2=O)CCC32CCN(C(=O)Cc3ccccc3C)CC2)cc1,0.34384886539776466,binned_cosine_1Da,27,False,predicted_spectrum,9066
CASMI2022,massformer,completed,48,48,122,CASMI_MOL_1196839,CASMI_MOL_258781,258781,Cc1nc(C=NN(C)c2cc(N(C)N=Cc3c[nH]c(C)n3)nc(-c3ccccc3)n2)c[nH]1,0.34371001452594846,binned_cosine_1Da,28,False,predicted_spectrum,9066
CASMI2022,massformer,completed,48,48,122,CASMI_MOL_1196839,CASMI_MOL_258944,258944,Cc1nc(C=NN(C)c2cc(N(C)N=Cc3c[nH]c(C)n3)nc(-c3ccccc3)n2)c[nH]1,0.3437099199662478,binned_cosine_1Da,29,False,predicted_spectrum,9066
CASMI2022,massformer,completed,48,48,122,CASMI_MOL_1196839,CASMI_MOL_259864,259864,CC1C=Cc2nc(NC3=NC4(CCC(c5ccccc5)C4)C4C(=O)CCCC4=N3)oc2C1,0.34317311027462916,binned_cosine_1Da,30,False,predicted_spectrum,9066
CASMI2022,massformer,completed,48,48,122,CASMI_MOL_1196839,CASMI_MOL_266013,266013,O=C(NN=Cc1ccccc1)C12CC3CC(C1)CC(C(=O)NN=Cc1ccccc1)(C3)C2,0.34184569342122123,binned_cosine_1Da,31,False,predicted_spectrum,9066
CASMI2022,massformer,completed,48,48,122,CASMI_MOL_1196839,CASMI_MOL_259716,259716,CSCOC1C2C3(C)CC4(O)OC(C5C(C)CCC53O)C2(O)C4(C)C1(O)C(C)C,0.34169096038730346,binned_cosine_1Da,32,False,predicted_spectrum,9066
CASMI2022,massformer,completed,48,48,122,CASMI_MOL_1196839,CASMI_MOL_259334,259334,CSCOC1C2C3(C)CC4(O)OC(C5C(C)CCC53O)C2(O)C4(C)C1(O)C(C)C,0.34169093097139297,binned_cosine_1Da,33,False,predicted_spectrum,9066
CASMI2022,massformer,completed,48,48,122,CASMI_MOL_1196839,CASMI_MOL_259567,259567,CSCOC1C2C3(C)CC4(O)OC(C5C(C)CCC53O)C2(O)C4(C)C1(O)C(C)C,0.34169093097139297,binned_cosine_1Da,34,False,predicted_spectrum,9066
CASMI2022,massformer,completed,48,48,122,CASMI_MOL_1196839,CASMI_MOL_258616,258616,Cc1cccc(C(=O)NC23CC4CC(CC(NC(=O)C5=CC=C6N=CC=C6C5)(C4)C2)C3)n1,0.34126535781581346,binned_cosine_1Da,35,False,predicted_spectrum,9066
CASMI2022,massformer,completed,48,48,122,CASMI_MOL_1196839,CASMI_MOL_257393,257393,C=CC(=NC(=NC)OCc1ccc(C#N)cc1F)C1CCN(C(=O)OC(C)(C)C)CC1,0.3403921764445076,binned_cosine_1Da,36,False,predicted_spectrum,9066
CASMI2022,massformer,completed,48,48,122,CASMI_MOL_1196839,CASMI_MOL_261523,261523,CCC1(OC(=O)C2C3CC4C(OC(=O)C42)C3OC(C)=O)CC2CC1C1C3CCC(C3)C21,0.3397612305447333,binned_cosine_1Da,37,False,predicted_spectrum,9066
CASMI2022,massformer,completed,48,48,122,CASMI_MOL_1196839,CASMI_MOL_257723,257723,CCC1C(C)C(OC(C)=O)C(C2=CCc3c(N=[N+]=[N-])ncnc32)N1C(=O)OC(C)(C)C,0.3388085580795184,binned_cosine_1Da,38,False,predicted_spectrum,9066
CASMI2022,massformer,completed,48,48,122,CASMI_MOL_1196839,CASMI_MOL_265725,265725,CC(C)(C)C(=O)OCC1OC(N2CC(C)(O)C(=O)NC2=O)CC1OC(=O)C(C)(C)C,0.3380258612327958,binned_cosine_1Da,39,False,predicted_spectrum,9066
CASMI2022,massformer,completed,48,48,122,CASMI_MOL_1196839,CASMI_MOL_261732,261732,Cc1c(-c2ccc(F)nc2C(=O)OC(C)(C)C)nnn1CC12CC3CC(CC(C3)O1)C2,0.33730478956355453,binned_cosine_1Da,40,False,predicted_spectrum,9066
CASMI2022,massformer,completed,48,48,122,CASMI_MOL_1196839,CASMI_MOL_258877,258877,CC1OCN(C(=O)C(C)(C)CCC2OCN(C(=O)C(C)(C)C)C2C(=O)O)C1C(=O)O,0.33720345397222273,binned_cosine_1Da,41,False,predicted_spectrum,9066
CASMI2022,massformer,completed,48,48,122,CASMI_MOL_1196839,CASMI_MOL_259017,259017,Cc1[nH]n(-c2cccc3ccccc23)c(=O)c1C=NNC(=O)C12CC3CC(CC(C3)C1)C2,0.3365161617703493,binned_cosine_1Da,42,False,predicted_spectrum,9066
CASMI2022,massformer,completed,48,48,122,CASMI_MOL_1196839,CASMI_MOL_259037,259037,Cc1[nH]n(-c2cccc3ccccc23)c(=O)c1C=NNC(=O)C12CC3CC(CC(C3)C1)C2,0.33651614493751275,binned_cosine_1Da,43,False,predicted_spectrum,9066
CASMI2022,massformer,completed,48,48,122,CASMI_MOL_1196839,CASMI_MOL_264340,264340,Cc1cccc(Oc2nc(N3CCCCC3)nc3c2CN(C(=O)c2ccccc2)CC3)c1,0.3357826512530111,binned_cosine_1Da,44,False,predicted_spectrum,9066
CASMI2022,massformer,completed,48,48,122,CASMI_MOL_1196839,CASMI_MOL_264548,264548,Cc1ccc(C(=O)N2CCN(C(=O)c3nn(-c4ccc(C)cc4)c4c3CCC4)CC2)cc1,0.3348852957453658,binned_cosine_1Da,45,False,predicted_spectrum,9066
CASMI2022,massformer,completed,48,48,122,CASMI_MOL_1196839,CASMI_MOL_263743,263743,CCc1ccc(CNC(=O)c2nc(N3CCCCCC3)c3oc4ccccc4c3n2)cc1,0.3347133950735845,binned_cosine_1Da,46,False,predicted_spectrum,9066
CASMI2022,massformer,completed,48,48,122,CASMI_MOL_1196839,CASMI_MOL_259448,259448,CC(C=CC1=C(C)CCCC1(C)C)=CC=CC(C)=CC(=O)C(C(=O)O)C(=O)CC(=O)O,0.334186422614918,binned_cosine_1Da,47,False,predicted_spectrum,9066
CASMI2022,massformer,completed,48,48,122,CASMI_MOL_1196839,CASMI_MOL_260689,260689,C=CCOC1CC23OC(=O)C(C)(C1OCC=C)C2C(C(=O)O)C12CC(=C)C(CCC13)C2,0.3331378620714455,binned_cosine_1Da,48,False,predicted_spectrum,9066
CASMI2022,massformer,completed,48,48,122,CASMI_MOL_1196839,CASMI_MOL_261602,261602,C=C1CCC2(CCC3C4C(C(=O)OC)CC56OC5C(=O)CCC6(C)C45OC5CC32C)O1,0.332374911095077,binned_cosine_1Da,49,False,predicted_spectrum,9066
CASMI2022,massformer,completed,48,48,122,CASMI_MOL_1196839,CASMI_MOL_262941,262941,C=C1CCC2(CCC3C4C(C(=O)OC)CC56OC5C(=O)CCC6(C)C45OC5CC32C)O1,0.332374911095077,binned_cosine_1Da,50,False,predicted_spectrum,9066
CASMI2022,massformer,completed,48,48,122,CASMI_MOL_1196839,CASMI_MOL_258633,258633,Cn1ccc(-c2ccc(Oc3ccc(OC4(C5CCCCC5)C=NC=NC4)cc3)cc2)n1,0.33215496771510145,binned_cosine_1Da,51,False,predicted_spectrum,9066
CASMI2022,massformer,completed,48,48,122,CASMI_MOL_1196839,CASMI_MOL_260193,260193,CCCS(=O)(=O)OCC(C)(C(C)=O)C(=O)OC(C)(C)C12CC3CC(CC(C3)C1)C2,0.3314110670508229,binned_cosine_1Da,52,False,predicted_spectrum,9066
CASMI2022,massformer,completed,48,48,122,CASMI_MOL_1196839,CASMI_MOL_260681,260681,CCOC(=O)C=C1C=CCC2C(=O)CCC(=O)C12C(=O)OC1C2(C)CCC(C2)C1(C)C,0.33130811986224673,binned_cosine_1Da,53,False,predicted_spectrum,9066
CASMI2022,massformer,completed,48,48,122,CASMI_MOL_1196839,CASMI_MOL_262267,262267,CCOC(=O)C(CC(=O)OC12CC3CC(CC(C3)C1)C2)(C(=O)OCC)c1ccccc1,0.33127595935736454,binned_cosine_1Da,54,False,predicted_spectrum,9066
CASMI2022,massformer,completed,48,48,122,CASMI_MOL_1196839,CASMI_MOL_260663,260663,C=C(C)C(=O)OCCCCCCCCOS(=O)(=O)CC12CCC(CC1=O)C2(C)C,0.3311706518285869,binned_cosine_1Da,55,False,predicted_spectrum,9066
CASMI2022,massformer,completed,48,48,122,CASMI_MOL_1196839,CASMI_MOL_260672,260672,C=C(C)C(=O)OCCCCCCCCOS(=O)(=O)CC12CCC(CC1=O)C2(C)C,0.3311706518285869,binned_cosine_1Da,56,False,predicted_spectrum,9066
CASMI2022,massformer,completed,48,48,122,CASMI_MOL_1196839,CASMI_MOL_261461,261461,Cc1ccc(C(=O)N2CCCCC2c2cc(C(=O)N3CCc4ccccc43)[nH]n2)cc1C,0.3311295592374135,binned_cosine_1Da,57,False,predicted_spectrum,9066
CASMI2022,massformer,completed,48,48,122,CASMI_MOL_1196839,CASMI_MOL_264359,264359,Cc1ccc(Oc2nc(N3CCCCC3)nc3c2CN(C(=O)c2ccccc2)CC3)cc1,0.3306316482478303,binned_cosine_1Da,58,False,predicted_spectrum,9066
CASMI2022,massformer,completed,48,48,122,CASMI_MOL_1196839,CASMI_MOL_258377,258377,Cc1ccc(CC(=O)Nc2ncc(-c3ccc(N=O)cc3)nc2CC2CCCCC2)cc1,0.3305877364537771,binned_cosine_1Da,59,False,predicted_spectrum,9066
CASMI2022,massformer,completed,48,48,122,CASMI_MOL_1196839,CASMI_MOL_264575,264575,O=C(Nc1nc2ccccc2[nH]1)c1ccc(CNC(=O)C23CC4CC(CC(C4)C2)C3)cc1,0.330359579149752,binned_cosine_1Da,60,False,predicted_spectrum,9066
CASMI2022,massformer,completed,48,48,122,CASMI_MOL_1196839,CASMI_MOL_264128,264128,Cc1cccc(C(=O)N2CCc3nc(N4CCCCC4)nc(Oc4ccccc4)c3C2)c1,0.32995782098053045,binned_cosine_1Da,61,False,predicted_spectrum,9066
CASMI2022,massformer,completed,48,48,122,CASMI_MOL_1196839,CASMI_MOL_257351,257351,Cc1cc(C=CC(=O)CC2(C(=O)O)CC(C)C3OC4(CCCCC4)OC3C2)ccc1O,0.3293708061762685,binned_cosine_1Da,62,False,predicted_spectrum,9066
CASMI2022,massformer,completed,48,48,122,CASMI_MOL_1196839,CASMI_MOL_265113,265113,CC(O)(CCCCC(F)(F)F)CSC1CCC(O)C1CCCCCCC(=O)O,0.328875929079133,binned_cosine_1Da,63,False,predicted_spectrum,9066
CASMI2022,massformer,completed,48,48,122,CASMI_MOL_1196839,CASMI_MOL_260720,260720,CC12CCC(C(=O)O)CC1CCC1C2CCC2(C)C(C34C=CC(=O)OC3O4)CC3OC312,0.3270840947993327,binned_cosine_1Da,64,False,predicted_spectrum,9066
CASMI2022,massformer,completed,48,48,122,CASMI_MOL_1196839,CASMI_MOL_257978,257978,Cc1csc(-c2ccc(CC34CCCC3C3=CC=C5CC(=O)CCC5C3CC4)cc2)c1,0.32672593988661747,binned_cosine_1Da,65,False,predicted_spectrum,9066
CASMI2022,massformer,completed,48,48,122,CASMI_MOL_1196839,CASMI_MOL_264549,264549,Cc1ccc(C(=O)N2CCN(C(=O)C=Cc3c(C)nn(-c4ccccc4)c3C)CC2)cc1,0.32655619876922576,binned_cosine_1Da,66,False,predicted_spectrum,9066
CASMI2022,massformer,completed,48,48,122,CASMI_MOL_1196839,CASMI_MOL_259346,259346,CC(=O)Nc1cc(-c2ccccc2)nn1-c1ccc(C(=O)NCCC2=CCCCC2)cc1,0.3259447308237213,binned_cosine_1Da,67,False,predicted_spectrum,9066
CASMI2022,massformer,completed,48,48,122,CASMI_MOL_1196839,CASMI_MOL_261772,261772,CCCC1CCC2C(C(=O)Oc3ccc(-c4ccc(OCC)c(F)c4F)cc3)CCC12,0.3251037691963489,binned_cosine_1Da,68,False,predicted_spectrum,9066
CASMI2022,massformer,completed,48,48,122,CASMI_MOL_1196839,CASMI_MOL_261449,261449,CC(=O)C1CC(CCC2([N+](=O)[O-])CCC(C)(O)C(C(C)=O)C2)([N+](=O)[O-])CCC1(C)O,0.3250426739741594,binned_cosine_1Da,69,False,predicted_spectrum,9066
CASMI2022,massformer,completed,48,48,122,CASMI_MOL_1196839,CASMI_MOL_261378,261378,CC(=O)C1CC(CCC2([N+](=O)[O-])CCC(C)(O)C(C(C)=O)C2)([N+](=O)[O-])CCC1(C)O,0.3250426674208973,binned_cosine_1Da,70,False,predicted_spectrum,9066
CASMI2022,massformer,completed,48,48,122,CASMI_MOL_1196839,CASMI_MOL_261448,261448,CC(=O)C1CC(CCC2([N+](=O)[O-])CCC(C)(O)C(C(C)=O)C2)([N+](=O)[O-])CCC1(C)O,0.3250426674208973,binned_cosine_1Da,71,False,predicted_spectrum,9066
CASMI2022,massformer,completed,48,48,122,CASMI_MOL_1196839,CASMI_MOL_261450,261450,CC(=O)C1CC(CCC2([N+](=O)[O-])CCC(C)(O)C(C(C)=O)C2)([N+](=O)[O-])CCC1(C)O,0.3250426674208973,binned_cosine_1Da,72,False,predicted_spectrum,9066
CASMI2022,massformer,completed,48,48,122,CASMI_MOL_1196839,CASMI_MOL_261965,261965,CCCCCCCCOc1c(C(=O)O)sc(C(=O)O)c1OCCCCCCCC,0.32468561934058204,binned_cosine_1Da,73,False,predicted_spectrum,9066
CASMI2022,massformer,completed,48,48,122,CASMI_MOL_1196839,CASMI_MOL_257542,257542,C=C(C=O)CC1C(=O)C=C2C(OC(=O)C=CC(C)=CC(C)CC)CCC(C(=O)O)C21C,0.3239201483979546,binned_cosine_1Da,74,False,predicted_spectrum,9066
CASMI2022,massformer,completed,48,48,122,CASMI_MOL_1196839,CASMI_MOL_265893,265893,C=C(C=O)CC1C(=O)C=C2C(OC(=O)C=CC(C)=CC(C)CC)CCC(C(=O)O)C21C,0.3239201483979546,binned_cosine_1Da,75,False,predicted_spectrum,9066
CASMI2022,massformer,completed,48,48,122,CASMI_MOL_1196839,CASMI_MOL_257468,257468,C=C(C=O)CC1C(=O)C=C2C(OC(=O)C=CC(C)=CC(C)CC)CCC(C(=O)O)C21C,0.3239201414618165,binned_cosine_1Da,76,False,predicted_spectrum,9066
CASMI2022,massformer,completed,48,48,122,CASMI_MOL_1196839,CASMI_MOL_257469,257469,C=C(C=O)CC1C(=O)C=C2C(OC(=O)C=CC(C)=CC(C)CC)CCC(C(=O)O)C21C,0.32392009708898817,binned_cosine_1Da,77,False,predicted_spectrum,9066
CASMI2022,massformer,completed,48,48,122,CASMI_MOL_1196839,CASMI_MOL_260673,260673,C=C(C=O)CC1C(=O)C=C2C(OC(=O)C=CC(C)=CC(C)CC)CCC(C(=O)O)C21C,0.32392009708898817,binned_cosine_1Da,78,False,predicted_spectrum,9066
CASMI2022,massformer,completed,48,48,122,CASMI_MOL_1196839,CASMI_MOL_264360,264360,Cc1ccc(Oc2nc(N3CCCC3)nc3c2CN(C(=O)c2ccccc2C)CC3)cc1,0.3237426681895019,binned_cosine_1Da,79,False,predicted_spectrum,9066
CASMI2022,massformer,completed,48,48,122,CASMI_MOL_1196839,CASMI_MOL_257621,257621,CC12CCC3C4CCC(O)(C#CCl)CC4CCC3C1CCC2C(=O)Cn1cccn1,0.3237323925371123,binned_cosine_1Da,80,False,predicted_spectrum,9066
CASMI2022,massformer,completed,48,48,122,CASMI_MOL_1196839,CASMI_MOL_258415,258415,C=COC(=O)Nc1ccc(OCCCC2CCN(c3ncc(CC)cn3)CC2)cc1F,0.3232413846531456,binned_cosine_1Da,81,False,predicted_spectrum,9066
CASMI2022,massformer,completed,48,48,122,CASMI_MOL_1196839,CASMI_MOL_263788,263788,CC1CCN(c2nccnc2Oc2ccc(C(=O)NC3CCc4ccccc43)cc2)CC1,0.32232750501376656,binned_cosine_1Da,82,False,predicted_spectrum,9066
CASMI2022,massformer,completed,48,48,122,CASMI_MOL_1196839,CASMI_MOL_263935,263935,CC1CCN(c2nccnc2Oc2ccc(C(=O)NC3CCc4ccccc43)cc2)CC1,0.32232750501376656,binned_cosine_1Da,83,False,predicted_spectrum,9066
CASMI2022,massformer,completed,48,48,122,CASMI_MOL_1196839,CASMI_MOL_263789,263789,CC1CCN(c2nccnc2Oc2ccc(C(=O)NC3CCc4ccccc43)cc2)CC1,0.3223274889697356,binned_cosine_1Da,84,False,predicted_spectrum,9066
CASMI2022,massformer,completed,48,48,122,CASMI_MOL_1196839,CASMI_MOL_260716,260716,CCCCCC1C2([N+](=O)[O-])CC(C(=O)OCC)CC1([N+](=O)[O-])CC(C(=O)OCC)C2,0.3216461126542567,binned_cosine_1Da,85,False,predicted_spectrum,9066
CASMI2022,massformer,completed,48,48,122,CASMI_MOL_1196839,CASMI_MOL_257387,257387,CC1(O)CCC2C(CCC3C2CCC2(C)C(C(=O)Cn4cc(Cl)cn4)C4=C(C4)C32)C1,0.32131309754022774,binned_cosine_1Da,86,False,predicted_spectrum,9066
CASMI2022,massformer,completed,48,48,122,CASMI_MOL_1196839,CASMI_MOL_258800,258800,Cc1ccccc1N=Nc1ccc(N(c2ccccc2[N+](=O)[O-])C2CCCCC2)c(C)c1,0.32103963356072396,binned_cosine_1Da,87,False,predicted_spectrum,9066
CASMI2022,massformer,completed,48,48,122,CASMI_MOL_1196839,CASMI_MOL_257268,257268,O=C(NC1CC1c1ccccc1)N1CCC(=CC2=CC(Oc3ncccn3)CC=C2)CC1,0.32033812880761375,binned_cosine_1Da,88,False,predicted_spectrum,9066
CASMI2022,massformer,completed,48,48,122,CASMI_MOL_1196839,CASMI_MOL_257286,257286,CC(=O)C1CCC2C3CC(OC(=O)C=CC(=O)O)=C4CC(=O)CCC4(C)C3CCC12C,0.3194806305391013,binned_cosine_1Da,89,False,predicted_spectrum,9066
CASMI2022,massformer,completed,48,48,122,CASMI_MOL_1196839,CASMI_MOL_264300,264300,CC(=O)C1CCC2C3CC(OC(=O)C=CC(=O)O)=C4CC(=O)CCC4(C)C3CCC12C,0.3194806305391013,binned_cosine_1Da,90,False,predicted_spectrum,9066
CASMI2022,massformer,completed,48,48,122,CASMI_MOL_1196839,CASMI_MOL_260657,260657,O=C(CCCCCCCC(=O)NC1CC1)NCc1cn(-c2ccccc2[N+](=O)[O-])nn1,0.31935044225599524,binned_cosine_1Da,91,False,predicted_spectrum,9066
CASMI2022,massformer,completed,48,48,122,CASMI_MOL_1196839,CASMI_MOL_258381,258381,CCOc1cc(OC)ccc1C1=NC(C2C=CC(Cl)=CC2)C(CC2CCCCC2)N1,0.3189079664094935,binned_cosine_1Da,92,False,predicted_spectrum,9066
CASMI2022,massformer,completed,48,48,122,CASMI_MOL_1196839,CASMI_MOL_262022,262022,Cc1cc(C)cc(OC2=COC3CC(OCC(=O)OC4CCCCC4)CCC3C2=O)c1,0.31851852248374185,binned_cosine_1Da,93,False,predicted_spectrum,9066
CASMI2022,massformer,completed,48,48,122,CASMI_MOL_1196839,CASMI_MOL_262376,262376,Cn1nccc1-c1ccc(Oc2ccc(OC3(C4CCCCC4)C=NC=NC3)cc2)cc1,0.31838354476749514,binned_cosine_1Da,94,False,predicted_spectrum,9066
CASMI2022,massformer,completed,48,48,122,CASMI_MOL_1196839,CASMI_MOL_261707,261707,CCOC(=O)C12C(=O)Oc3ccccc3C1CC1(OCC(C)(C)CO1)C1CCCCC12,0.31811032384785276,binned_cosine_1Da,95,False,predicted_spectrum,9066
CASMI2022,massformer,completed,48,48,122,CASMI_MOL_1196839,CASMI_MOL_261616,261616,O=C(CC12CC3CC(CC(C3)C1)C2)Nc1ccccc1Cc1nc(-c2ccncc2)no1,0.3170876614531648,binned_cosine_1Da,96,False,predicted_spectrum,9066
CASMI2022,massformer,completed,48,48,122,CASMI_MOL_1196839,CASMI_MOL_262295,262295,CCCCC(C)(C)CCC(=O)C1C(O)CS(=O)(=O)C1CC#CCCCC(=O)OC,0.31696567073589466,binned_cosine_1Da,97,False,predicted_spectrum,9066
CASMI2022,massformer,completed,48,48,122,CASMI_MOL_1196839,CASMI_MOL_257547,257547,CC(C)=CCC1OC1(C)C1CC(OC(=O)C=CC=CC=CC=CC(=O)O)CCC12CO2,0.3165231362121377,binned_cosine_1Da,98,False,predicted_spectrum,9066
CASMI2022,massformer,completed,48,48,122,CASMI_MOL_1196839,CASMI_MOL_260670,260670,CC(C)=CCC1OC1(C)C1CC(OC(=O)C=CC=CC=CC=CC(=O)O)CCC12CO2,0.3165231362121377,binned_cosine_1Da,99,False,predicted_spectrum,9066
CASMI2022,massformer,completed,48,48,122,CASMI_MOL_1196839,CASMI_MOL_258482,258482,CC(C)=CCC1OC1(C)C1CC(OC(=O)C=CC=CC=CC=CC(=O)O)CCC12CO2,0.3165231212125751,binned_cosine_1Da,100,False,predicted_spectrum,9066
CASMI2022,massformer,completed,48,48,122,CASMI_MOL_1196839,CASMI_MOL_1196839,1196839,C=C(C(=O)O)C1(O)CC2(C)C(=CC1=O)C=CC(OC(=O)C=CC(C)=CC(C)CC)C2C,0.31270153981774884,binned_cosine_1Da,123,True,predicted_spectrum,9066
CASMI2022,massformer,completed,50,50,130,CASMI_MOL_1196841,CASMI_MOL_267162,267162,CNc1cc(OC)cc(Cl)n1,0.7191132190896993,binned_cosine_1Da,1,False,predicted_spectrum,1506
CASMI2022,massformer,completed,50,50,130,CASMI_MOL_1196841,CASMI_MOL_267852,267852,CNC(=O)c1cc(Cl)c(C)[nH]1,0.7187650748880196,binned_cosine_1Da,2,False,predicted_spectrum,1506
CASMI2022,massformer,completed,50,50,130,CASMI_MOL_1196841,CASMI_MOL_267362,267362,CN(C)c1ccc(O)c(Cl)n1,0.7183808490727586,binned_cosine_1Da,3,False,predicted_spectrum,1506
CASMI2022,massformer,completed,50,50,130,CASMI_MOL_1196841,CASMI_MOL_268097,268097,CNc1cc(Cl)nc(OC)c1,0.7179494390555987,binned_cosine_1Da,4,False,predicted_spectrum,1506
CASMI2022,massformer,completed,50,50,130,CASMI_MOL_1196841,CASMI_MOL_266980,266980,CCC(=O)Nc1c[nH]c(Cl)c1,0.717690889371987,binned_cosine_1Da,5,False,predicted_spectrum,1506
CASMI2022,massformer,completed,50,50,130,CASMI_MOL_1196841,CASMI_MOL_267041,267041,CNc1cc(OC)c(Cl)cn1,0.7166936665750417,binned_cosine_1Da,6,False,predicted_spectrum,1506
CASMI2022,massformer,completed,50,50,130,CASMI_MOL_1196841,CASMI_MOL_268079,268079,COc1ccc(NN)c(Cl)c1,0.7164469955639129,binned_cosine_1Da,7,False,predicted_spectrum,1506
CASMI2022,massformer,completed,50,50,130,CASMI_MOL_1196841,CASMI_MOL_268185,268185,COc1cc(Cl)cc(NN)c1,0.7162958529418219,binned_cosine_1Da,8,False,predicted_spectrum,1506
CASMI2022,massformer,completed,50,50,130,CASMI_MOL_1196841,CASMI_MOL_268118,268118,COc1cc(NN)ccc1Cl,0.71584999616212,binned_cosine_1Da,9,False,predicted_spectrum,1506
CASMI2022,massformer,completed,50,50,130,CASMI_MOL_1196841,CASMI_MOL_268033,268033,COc1ccc(Cl)c(NN)c1,0.7152421123383834,binned_cosine_1Da,10,False,predicted_spectrum,1506
CASMI2022,massformer,completed,50,50,130,CASMI_MOL_1196841,CASMI_MOL_268241,268241,COc1ccc(NN)cc1Cl,0.7142253549561528,binned_cosine_1Da,11,False,predicted_spectrum,1506
CASMI2022,massformer,completed,50,50,130,CASMI_MOL_1196841,CASMI_MOL_267279,267279,CCNc1cc(=O)cc(Cl)[nH]1,0.714110979027732,binned_cosine_1Da,12,False,predicted_spectrum,1506
CASMI2022,massformer,completed,50,50,130,CASMI_MOL_1196841,CASMI_MOL_267310,267310,Cc1[nH]c(C(N)=O)cc1CCl,0.7140650741331774,binned_cosine_1Da,13,False,predicted_spectrum,1506
CASMI2022,massformer,completed,50,50,130,CASMI_MOL_1196841,CASMI_MOL_267935,267935,COn1cccc(NP)c1=O,0.7138175630803725,binned_cosine_1Da,14,False,predicted_spectrum,1506
CASMI2022,massformer,completed,50,50,130,CASMI_MOL_1196841,CASMI_MOL_266893,266893,COc1cc(N)c(Cl)c(N)c1,0.7137154479052416,binned_cosine_1Da,15,False,predicted_spectrum,1506
CASMI2022,massformer,completed,50,50,130,CASMI_MOL_1196841,CASMI_MOL_268010,268010,COc1cc(Cl)ccc1NN,0.7131098199648801,binned_cosine_1Da,16,False,predicted_spectrum,1506
CASMI2022,massformer,completed,50,50,130,CASMI_MOL_1196841,CASMI_MOL_268088,268088,COc1cc(N)c(N)c(Cl)c1,0.7130253898392358,binned_cosine_1Da,17,False,predicted_spectrum,1506
CASMI2022,massformer,completed,50,50,130,CASMI_MOL_1196841,CASMI_MOL_267563,267563,CNNc1ccc(O)c(Cl)c1,0.7128663341965367,binned_cosine_1Da,18,False,predicted_spectrum,1506
CASMI2022,massformer,completed,50,50,130,CASMI_MOL_1196841,CASMI_MOL_268101,268101,COc1cc(N)c(N)cc1Cl,0.7125098611978835,binned_cosine_1Da,19,False,predicted_spectrum,1506
CASMI2022,massformer,completed,50,50,130,CASMI_MOL_1196841,CASMI_MOL_267238,267238,COc1cc(Cl)c(N)nc1C,0.7124431978115642,binned_cosine_1Da,20,False,predicted_spectrum,1506
CASMI2022,massformer,completed,50,50,130,CASMI_MOL_1196841,CASMI_MOL_268148,268148,COc1cc(N)c(Cl)cc1N,0.711857798383242,binned_cosine_1Da,21,False,predicted_spectrum,1506
CASMI2022,massformer,completed,50,50,130,CASMI_MOL_1196841,CASMI_MOL_267539,267539,CNc1cc(Cl)c(C)c(=O)[nH]1,0.7114414825367082,binned_cosine_1Da,22,False,predicted_spectrum,1506
CASMI2022,massformer,completed,50,50,130,CASMI_MOL_1196841,CASMI_MOL_268131,268131,COc1cc(N)cc(Cl)c1N,0.7114119822304668,binned_cosine_1Da,23,False,predicted_spectrum,1506
CASMI2022,massformer,completed,50,50,130,CASMI_MOL_1196841,CASMI_MOL_267158,267158,COc1ncc(C(=N)NN)s1,0.71131936060114,binned_cosine_1Da,24,False,predicted_spectrum,1506
CASMI2022,massformer,completed,50,50,130,CASMI_MOL_1196841,CASMI_MOL_267371,267371,COc1cc(Cl)cc(N)c1N,0.7112596757367879,binned_cosine_1Da,25,False,predicted_spectrum,1506
CASMI2022,massformer,completed,50,50,130,CASMI_MOL_1196841,CASMI_MOL_267984,267984,Cn1c(=S)cc(NN)[nH]c1=O,0.7109796062619175,binned_cosine_1Da,26,False,predicted_spectrum,1506
CASMI2022,massformer,completed,50,50,130,CASMI_MOL_1196841,CASMI_MOL_267948,267948,CCOc1cc(Cl)c(N)cn1,0.7109791164867051,binned_cosine_1Da,27,False,predicted_spectrum,1506
CASMI2022,massformer,completed,50,50,130,CASMI_MOL_1196841,CASMI_MOL_267636,267636,CNc1cc(OC)cnc1Cl,0.710951648576889,binned_cosine_1Da,28,False,predicted_spectrum,1506
CASMI2022,massformer,completed,50,50,130,CASMI_MOL_1196841,CASMI_MOL_266840,266840,Cc1cc(CON)cc(Cl)n1,0.7108100327507194,binned_cosine_1Da,29,False,predicted_spectrum,1506
CASMI2022,massformer,completed,50,50,130,CASMI_MOL_1196841,CASMI_MOL_267523,267523,COc1nc(Cl)c(C)cc1N,0.7106930555700728,binned_cosine_1Da,30,False,predicted_spectrum,1506
CASMI2022,massformer,completed,50,50,130,CASMI_MOL_1196841,CASMI_MOL_268136,268136,CNc1cc(N)c(O)cc1Cl,0.7106647588968853,binned_cosine_1Da,31,False,predicted_spectrum,1506
CASMI2022,massformer,completed,50,50,130,CASMI_MOL_1196841,CASMI_MOL_267564,267564,CNNc1cc(O)cc(Cl)c1,0.7106324849253728,binned_cosine_1Da,32,False,predicted_spectrum,1506
CASMI2022,massformer,completed,50,50,130,CASMI_MOL_1196841,CASMI_MOL_267833,267833,COc1ccc(Cl)c(N)c1N,0.7105863032553617,binned_cosine_1Da,33,False,predicted_spectrum,1506
CASMI2022,massformer,completed,50,50,130,CASMI_MOL_1196841,CASMI_MOL_267612,267612,CNc1cnc(Cl)c(OC)c1,0.7103965066358975,binned_cosine_1Da,34,False,predicted_spectrum,1506
CASMI2022,massformer,completed,50,50,130,CASMI_MOL_1196841,CASMI_MOL_267476,267476,COc1nc(C)c(Cl)cc1N,0.7103351786101144,binned_cosine_1Da,35,False,predicted_spectrum,1506
CASMI2022,massformer,completed,50,50,130,CASMI_MOL_1196841,CASMI_MOL_268286,268286,COc1ccc(Cl)cc1NN,0.7103338406626079,binned_cosine_1Da,36,False,predicted_spectrum,1506
CASMI2022,massformer,completed,50,50,130,CASMI_MOL_1196841,CASMI_MOL_267325,267325,COc1ccc(N)c(N)c1Cl,0.7102984994416369,binned_cosine_1Da,37,False,predicted_spectrum,1506
CASMI2022,massformer,completed,50,50,130,CASMI_MOL_1196841,CASMI_MOL_266806,266806,CNc1cc(Cl)c(OC)cn1,0.7102307380260812,binned_cosine_1Da,38,False,predicted_spectrum,1506
CASMI2022,massformer,completed,50,50,130,CASMI_MOL_1196841,CASMI_MOL_267121,267121,CSc1nc(=O)cc(NN)[nH]1,0.7100684449449655,binned_cosine_1Da,39,False,predicted_spectrum,1506
CASMI2022,massformer,completed,50,50,130,CASMI_MOL_1196841,CASMI_MOL_267243,267243,COc1cc(N)c(Cl)nc1C,0.7099749882662671,binned_cosine_1Da,40,False,predicted_spectrum,1506
CASMI2022,massformer,completed,50,50,130,CASMI_MOL_1196841,CASMI_MOL_267793,267793,COc1cc(CCl)cc(N)n1,0.7099695474133504,binned_cosine_1Da,41,False,predicted_spectrum,1506
CASMI2022,massformer,completed,50,50,130,CASMI_MOL_1196841,CASMI_MOL_267361,267361,CNc1cnc(OC)c(Cl)c1,0.7099225696613051,binned_cosine_1Da,42,False,predicted_spectrum,1506
CASMI2022,massformer,completed,50,50,130,CASMI_MOL_1196841,CASMI_MOL_266948,266948,COc1cc(Cl)c(N)c(C)n1,0.7096097794134256,binned_cosine_1Da,43,False,predicted_spectrum,1506
CASMI2022,massformer,completed,50,50,130,CASMI_MOL_1196841,CASMI_MOL_266959,266959,COc1cc(C)c(N)c(Cl)n1,0.7095911649524188,binned_cosine_1Da,44,False,predicted_spectrum,1506
CASMI2022,massformer,completed,50,50,130,CASMI_MOL_1196841,CASMI_MOL_266962,266962,CNc1cc(N)c(Cl)cc1O,0.7094388583994968,binned_cosine_1Da,45,False,predicted_spectrum,1506
CASMI2022,massformer,completed,50,50,130,CASMI_MOL_1196841,CASMI_MOL_267970,267970,CCOc1cc(N)ncc1Cl,0.7094116576036952,binned_cosine_1Da,46,False,predicted_spectrum,1506
CASMI2022,massformer,completed,50,50,130,CASMI_MOL_1196841,CASMI_MOL_268245,268245,CN(C)c1ccc(Cl)c[n+]1[O-],0.7092304029545293,binned_cosine_1Da,47,False,predicted_spectrum,1506
CASMI2022,massformer,completed,50,50,130,CASMI_MOL_1196841,CASMI_MOL_266889,266889,CNc1cc(Cl)cc(O)c1N,0.7091522863141148,binned_cosine_1Da,48,False,predicted_spectrum,1506
CASMI2022,massformer,completed,50,50,130,CASMI_MOL_1196841,CASMI_MOL_267846,267846,CNNc1ccc(Cl)c(O)c1,0.7091241234367686,binned_cosine_1Da,49,False,predicted_spectrum,1506
CASMI2022,massformer,completed,50,50,130,CASMI_MOL_1196841,CASMI_MOL_267358,267358,COc1c(N)cc(Cl)cc1N,0.7089532727999218,binned_cosine_1Da,50,False,predicted_spectrum,1506
CASMI2022,massformer,completed,50,50,130,CASMI_MOL_1196841,CASMI_MOL_267359,267359,COc1c(N)cc(N)cc1Cl,0.7088171660404955,binned_cosine_1Da,51,False,predicted_spectrum,1506
CASMI2022,massformer,completed,50,50,130,CASMI_MOL_1196841,CASMI_MOL_267438,267438,N#CC(C#N)C(=O)c1ncccn1,0.708810690973428,binned_cosine_1Da,52,False,predicted_spectrum,1506
CASMI2022,massformer,completed,50,50,130,CASMI_MOL_1196841,CASMI_MOL_267570,267570,N#CC(C#N)C(=O)c1ncccn1,0.708810690973428,binned_cosine_1Da,53,False,predicted_spectrum,1506
CASMI2022,massformer,completed,50,50,130,CASMI_MOL_1196841,CASMI_MOL_267275,267275,CNc1ccc(Cl)nc1OC,0.7087851467391775,binned_cosine_1Da,54,False,predicted_spectrum,1506
CASMI2022,massformer,completed,50,50,130,CASMI_MOL_1196841,CASMI_MOL_266968,266968,CNc1cc(N)cc(Cl)c1O,0.7086566564842529,binned_cosine_1Da,55,False,predicted_spectrum,1506
CASMI2022,massformer,completed,50,50,130,CASMI_MOL_1196841,CASMI_MOL_266924,266924,COc1nc(C)c(N)cc1Cl,0.7086148341394473,binned_cosine_1Da,56,False,predicted_spectrum,1506
CASMI2022,massformer,completed,50,50,130,CASMI_MOL_1196841,CASMI_MOL_267475,267475,CCc1[nH]c(=O)c(N)cc1Cl,0.7081778528383208,binned_cosine_1Da,57,False,predicted_spectrum,1506
CASMI2022,massformer,completed,50,50,130,CASMI_MOL_1196841,CASMI_MOL_267424,267424,CCOc1cc(Cl)ncc1N,0.708078607212692,binned_cosine_1Da,58,False,predicted_spectrum,1506
CASMI2022,massformer,completed,50,50,130,CASMI_MOL_1196841,CASMI_MOL_266866,266866,COc1cc(Cl)nc(N)c1C,0.7079312544349694,binned_cosine_1Da,59,False,predicted_spectrum,1506
CASMI2022,massformer,completed,50,50,130,CASMI_MOL_1196841,CASMI_MOL_267577,267577,Cc1[nH]c(C(N)=O)c(C)c1Cl,0.7077585241485195,binned_cosine_1Da,60,False,predicted_spectrum,1506
CASMI2022,massformer,completed,50,50,130,CASMI_MOL_1196841,CASMI_MOL_267836,267836,NOCc1ccc(N)cc1Cl,0.7076654732812534,binned_cosine_1Da,61,False,predicted_spectrum,1506
CASMI2022,massformer,completed,50,50,130,CASMI_MOL_1196841,CASMI_MOL_267588,267588,N#CC(C#N)C(=O)c1cnccn1,0.707544513437758,binned_cosine_1Da,62,False,predicted_spectrum,1506
CASMI2022,massformer,completed,50,50,130,CASMI_MOL_1196841,CASMI_MOL_268027,268027,CCOc1cc(N)c(Cl)cn1,0.7074877234046014,binned_cosine_1Da,63,False,predicted_spectrum,1506
CASMI2022,massformer,completed,50,50,130,CASMI_MOL_1196841,CASMI_MOL_266917,266917,COc1cc(N)c(C)nc1Cl,0.7072554450252033,binned_cosine_1Da,64,False,predicted_spectrum,1506
CASMI2022,massformer,completed,50,50,130,CASMI_MOL_1196841,CASMI_MOL_267795,267795,COc1cc(CN)cc(Cl)n1,0.7071868184324398,binned_cosine_1Da,65,False,predicted_spectrum,1506
CASMI2022,massformer,completed,50,50,130,CASMI_MOL_1196841,CASMI_MOL_266967,266967,CN(C)c1ccc(Cl)[nH]c1=O,0.7069367082498128,binned_cosine_1Da,66,False,predicted_spectrum,1506
CASMI2022,massformer,completed,50,50,130,CASMI_MOL_1196841,CASMI_MOL_267319,267319,CNc1cc(Cl)cnc1OC,0.7068596799072973,binned_cosine_1Da,67,False,predicted_spectrum,1506
CASMI2022,massformer,completed,50,50,130,CASMI_MOL_1196841,CASMI_MOL_267171,267171,COc1nc(C)cc(Cl)c1N,0.7067859335225503,binned_cosine_1Da,68,False,predicted_spectrum,1506
CASMI2022,massformer,completed,50,50,130,CASMI_MOL_1196841,CASMI_MOL_267578,267578,Cc1[nH]c(C(N)=O)c(Cl)c1C,0.7066682626600248,binned_cosine_1Da,69,False,predicted_spectrum,1506
CASMI2022,massformer,completed,50,50,130,CASMI_MOL_1196841,CASMI_MOL_267905,267905,COc1ccc(Cl)c(CN)n1,0.7063924501323816,binned_cosine_1Da,70,False,predicted_spectrum,1506
CASMI2022,massformer,completed,50,50,130,CASMI_MOL_1196841,CASMI_MOL_268111,268111,CCOc1ccc(N)c(Cl)n1,0.7060890801330546,binned_cosine_1Da,71,False,predicted_spectrum,1506
CASMI2022,massformer,completed,50,50,130,CASMI_MOL_1196841,CASMI_MOL_267473,267473,CCn1cc(Cl)cc(N)c1=O,0.7060467308053721,binned_cosine_1Da,72,False,predicted_spectrum,1506
CASMI2022,massformer,completed,50,50,130,CASMI_MOL_1196841,CASMI_MOL_267141,267141,CCOc1cnc(N)cc1Cl,0.705950577178408,binned_cosine_1Da,73,False,predicted_spectrum,1506
CASMI2022,massformer,completed,50,50,130,CASMI_MOL_1196841,CASMI_MOL_268161,268161,COc1c(Cl)cc(N)nc1C,0.7059081409812396,binned_cosine_1Da,74,False,predicted_spectrum,1506
CASMI2022,massformer,completed,50,50,130,CASMI_MOL_1196841,CASMI_MOL_267547,267547,CNc1nc(C(=O)NN)cs1,0.7055630590638265,binned_cosine_1Da,75,False,predicted_spectrum,1506
CASMI2022,massformer,completed,50,50,130,CASMI_MOL_1196841,CASMI_MOL_268282,268282,COc1cc(C)nc(Cl)c1N,0.7055357589252679,binned_cosine_1Da,76,False,predicted_spectrum,1506
CASMI2022,massformer,completed,50,50,130,CASMI_MOL_1196841,CASMI_MOL_266957,266957,COc1nc(Cl)cc(C)c1N,0.7055213831478505,binned_cosine_1Da,77,False,predicted_spectrum,1506
CASMI2022,massformer,completed,50,50,130,CASMI_MOL_1196841,CASMI_MOL_267250,267250,COc1c(Cl)ccc(N)c1N,0.7054790859704547,binned_cosine_1Da,78,False,predicted_spectrum,1506
CASMI2022,massformer,completed,50,50,130,CASMI_MOL_1196841,CASMI_MOL_268121,268121,Cc1ccc(CON)c(Cl)n1,0.7053774146489076,binned_cosine_1Da,79,False,predicted_spectrum,1506
CASMI2022,massformer,completed,50,50,130,CASMI_MOL_1196841,CASMI_MOL_267986,267986,Cc1cc(NN)cc(Cl)c1O,0.7052599090732211,binned_cosine_1Da,80,False,predicted_spectrum,1506
CASMI2022,massformer,completed,50,50,130,CASMI_MOL_1196841,CASMI_MOL_267213,267213,CNC(=O)c1cc(Cl)cn1C,0.7052002106559622,binned_cosine_1Da,81,False,predicted_spectrum,1506
CASMI2022,massformer,completed,50,50,130,CASMI_MOL_1196841,CASMI_MOL_267527,267527,CNc1cc(Cl)cc(N)c1O,0.7051348112054785,binned_cosine_1Da,82,False,predicted_spectrum,1506
CASMI2022,massformer,completed,50,50,130,CASMI_MOL_1196841,CASMI_MOL_267794,267794,COc1cc(Cl)nc(CN)c1,0.7048287360205183,binned_cosine_1Da,83,False,predicted_spectrum,1506
CASMI2022,massformer,completed,50,50,130,CASMI_MOL_1196841,CASMI_MOL_267639,267639,CCOc1cc(Cl)cnc1N,0.7047825889138662,binned_cosine_1Da,84,False,predicted_spectrum,1506
CASMI2022,massformer,completed,50,50,130,CASMI_MOL_1196841,CASMI_MOL_267323,267323,N#Cc1cc(O)[nH]c1C(C#N)C#N,0.7045033635447587,binned_cosine_1Da,85,False,predicted_spectrum,1506
CASMI2022,massformer,completed,50,50,130,CASMI_MOL_1196841,CASMI_MOL_266956,266956,COc1ncc(Cl)c(N)c1C,0.7044820279810194,binned_cosine_1Da,86,False,predicted_spectrum,1506
CASMI2022,massformer,completed,50,50,130,CASMI_MOL_1196841,CASMI_MOL_267003,267003,CN(N)c1ccc(Cl)cc1O,0.7042390888331724,binned_cosine_1Da,87,False,predicted_spectrum,1506
CASMI2022,massformer,completed,50,50,130,CASMI_MOL_1196841,CASMI_MOL_266816,266816,CNc1cc(Cl)c(=O)n(C)c1,0.7041509994029969,binned_cosine_1Da,88,False,predicted_spectrum,1506
CASMI2022,massformer,completed,50,50,130,CASMI_MOL_1196841,CASMI_MOL_267963,267963,CNc1cc(Cl)cc(=O)n1C,0.7041299728539121,binned_cosine_1Da,89,False,predicted_spectrum,1506
CASMI2022,massformer,completed,50,50,130,CASMI_MOL_1196841,CASMI_MOL_268183,268183,CNC(=O)c1csc(NN)n1,0.7036362707440896,binned_cosine_1Da,90,False,predicted_spectrum,1506
CASMI2022,massformer,completed,50,50,130,CASMI_MOL_1196841,CASMI_MOL_267524,267524,COc1cc(C)c(N)nc1Cl,0.7033612189129992,binned_cosine_1Da,91,False,predicted_spectrum,1506
CASMI2022,massformer,completed,50,50,130,CASMI_MOL_1196841,CASMI_MOL_267033,267033,COc1ncc(C)c(Cl)c1N,0.7033220570384232,binned_cosine_1Da,92,False,predicted_spectrum,1506
CASMI2022,massformer,completed,50,50,130,CASMI_MOL_1196841,CASMI_MOL_266926,266926,COc1c(C)cc(Cl)nc1N,0.7032957348013182,binned_cosine_1Da,93,False,predicted_spectrum,1506
CASMI2022,massformer,completed,50,50,130,CASMI_MOL_1196841,CASMI_MOL_267720,267720,CCOc1cc(N)cnc1Cl,0.7032827057258931,binned_cosine_1Da,94,False,predicted_spectrum,1506
CASMI2022,massformer,completed,50,50,130,CASMI_MOL_1196841,CASMI_MOL_267681,267681,COc1nc(CN)ccc1Cl,0.7032741795896512,binned_cosine_1Da,95,False,predicted_spectrum,1506
CASMI2022,massformer,completed,50,50,130,CASMI_MOL_1196841,CASMI_MOL_267782,267782,NCCc1ccc(Cl)c(=O)[nH]1,0.703090637497787,binned_cosine_1Da,96,False,predicted_spectrum,1506
CASMI2022,massformer,completed,50,50,130,CASMI_MOL_1196841,CASMI_MOL_267555,267555,Cc1ccc(N(N)O)cc1Cl,0.7029916750396474,binned_cosine_1Da,97,False,predicted_spectrum,1506
CASMI2022,massformer,completed,50,50,130,CASMI_MOL_1196841,CASMI_MOL_267784,267784,NCCc1[nH]ccc(=O)c1Cl,0.7026807304026128,binned_cosine_1Da,98,False,predicted_spectrum,1506
CASMI2022,massformer,completed,50,50,130,CASMI_MOL_1196841,CASMI_MOL_267796,267796,COc1cc(Cl)cc(CN)n1,0.7026692721711785,binned_cosine_1Da,99,False,predicted_spectrum,1506
CASMI2022,massformer,completed,50,50,130,CASMI_MOL_1196841,CASMI_MOL_267691,267691,CC(=O)c1cc(CN)c(Cl)[nH]1,0.7026589493639009,binned_cosine_1Da,100,False,predicted_spectrum,1506
CASMI2022,massformer,completed,50,50,130,CASMI_MOL_1196841,CASMI_MOL_1196841,1196841,NP(N)(=O)Oc1ccccc1,0.08962198825398504,binned_cosine_1Da,1378,True,predicted_spectrum,1506
CASMI2022,massformer,completed,51,51,134,CASMI_MOL_1196842,CASMI_MOL_268652,268652,CC(C)(C)c1ccc(N2C(=O)c3ccc(C#Cc4ccc(C#Cc5ccc6c(c5)C(=O)N(c5ccc(C(C)(C)C)cc5)C6=O)c5nsnc45)cc3C2=O)cc1,0.21409901969310324,binned_cosine_1Da,1,False,predicted_spectrum,558
CASMI2022,massformer,completed,51,51,134,CASMI_MOL_1196842,CASMI_MOL_268794,268794,COc1ccccc1Oc1c(NS(=O)(=O)c2ccc(C(C)(C)C)cc2)nc(-c2ccnc(-c3nn[nH]n3)c2)nc1OCCOC(=O)Nc1ccccn1,0.20912753527575542,binned_cosine_1Da,2,False,predicted_spectrum,558
CASMI2022,massformer,completed,51,51,134,CASMI_MOL_1196842,CASMI_MOL_268750,268750,CCCCC(CC)C(=O)Oc1c2c(c(OC(=O)C(CC)CCCC)c3c1SC(=C(C(=O)OCC)C(=O)OCC)S3)SC(=C(CC)CC)S2,0.2067978441631337,binned_cosine_1Da,3,False,predicted_spectrum,558
CASMI2022,massformer,completed,51,51,134,CASMI_MOL_1196842,CASMI_MOL_268476,268476,Cc1sc2c(c1C)C(c1ccc(NC(=O)C#CCNC(=O)c3ccc(C4=NCc5nnc(C)n5-c5sc(C)c(C)c54)cc3)cc1)=NCc1nnc(C)n1-2,0.19649417464788083,binned_cosine_1Da,4,False,predicted_spectrum,558
CASMI2022,massformer,completed,51,51,134,CASMI_MOL_1196842,CASMI_MOL_268542,268542,COc1ccccc1Oc1c(NS(=O)(=O)c2ccc(C(C)(C)C)cc2)nc(-c2cccc(-c3nn[nH]n3)n2)nc1OCCOC(=O)Nc1ccccn1,0.19140785188373424,binned_cosine_1Da,5,False,predicted_spectrum,558
CASMI2022,massformer,completed,51,51,134,CASMI_MOL_1196842,CASMI_MOL_268672,268672,COc1ccccc1Oc1c(NS(=O)(=O)c2ccc(C(C)(C)C)cc2)nc(-c2ccnc(-c3nn[nH]n3)c2)nc1OCCNC(=O)Oc1ccccn1,0.19116690177362314,binned_cosine_1Da,6,False,predicted_spectrum,558
CASMI2022,massformer,completed,51,51,134,CASMI_MOL_1196842,CASMI_MOL_268494,268494,CCN(C(=O)OOc1nc(-c2ccnc(-c3nn[nH]n3)c2)nc(NS(=O)(=O)c2ccc(C(C)(C)C)cc2)c1Oc1ccccc1OC)c1ccccn1,0.19094508215029032,binned_cosine_1Da,7,False,predicted_spectrum,558
CASMI2022,massformer,completed,51,51,134,CASMI_MOL_1196842,CASMI_MOL_268405,268405,CC(=O)c1c(C)c(O)c2cc(C(=O)O)cc(OC3OC(CO)C4(CCC5CCCC6COCC(CCO)(CSSCO4)C56)C(O)C3O)c2c1O,0.18924050806635243,binned_cosine_1Da,8,False,predicted_spectrum,558
CASMI2022,massformer,completed,51,51,134,CASMI_MOL_1196842,CASMI_MOL_268403,268403,CC(=O)c1c(C)c(O)c2cc(C(=O)O)cc(OC3OC(CO)C4(CCC5CCCC6COCC(CCO)(CSSCO4)C56)C(O)C3O)c2c1O,0.1892405027408043,binned_cosine_1Da,9,False,predicted_spectrum,558
CASMI2022,massformer,completed,51,51,134,CASMI_MOL_1196842,CASMI_MOL_268404,268404,CC(=O)c1c(C)c(O)c2cc(C(=O)O)cc(OC3OC(CO)C4(CCC5CCCC6COCC(CCO)(CSSCO4)C56)C(O)C3O)c2c1O,0.1892405027408043,binned_cosine_1Da,10,False,predicted_spectrum,558
CASMI2022,massformer,completed,51,51,134,CASMI_MOL_1196842,CASMI_MOL_268761,268761,Cc1noc2c1N=C(c1ccc([N+](=O)[O-])cc1)CC(c1cc(Cc3ccc(O)c(C4CC(c5ccc([N+](=O)[O-])cc5)=Nc5c(C)noc5C4)c3)ccc1O)C2,0.18244936574859513,binned_cosine_1Da,11,False,predicted_spectrum,558
CASMI2022,massformer,completed,51,51,134,CASMI_MOL_1196842,CASMI_MOL_268727,268727,COc1ccccc1Oc1c(NS(=O)(=O)c2ccc(C(C)(C)C)cc2)nc(-c2ccnc(-c3nn[nH]n3)c2)nc1OCCN(C(=O)O)c1ccccn1,0.18209884721466546,binned_cosine_1Da,12,False,predicted_spectrum,558
CASMI2022,massformer,completed,51,51,134,CASMI_MOL_1196842,CASMI_MOL_268808,268808,COc1ccccc1Oc1ccc(N(CCOc2ccnc(-c3ccnc(-c4nn[nH]n4)c3)n2)C(=O)O)nc1NS(=O)(=O)c1ccc(C(C)(C)C)cc1,0.18131325476279814,binned_cosine_1Da,13,False,predicted_spectrum,558
CASMI2022,massformer,completed,51,51,134,CASMI_MOL_1196842,CASMI_MOL_268769,268769,Cc1cc(C)nc(NS(=O)(=O)c2ccc(N=C3C(=O)N(CN4CCN(c5cc6c(cc5F)c(=O)c(C(=O)O)cn6C)CC4C)c4ccccc43)cc2)n1,0.18025323857272407,binned_cosine_1Da,14,False,predicted_spectrum,558
CASMI2022,massformer,completed,51,51,134,CASMI_MOL_1196842,CASMI_MOL_268377,268377,COc1ccc(-n2nc(C)c3c2C=C2Oc4c(-c5ccc6c(=O)[nH]c(=O)n(CCc7c[nH]c8ccc(OC)cc78)c6n5)c(O)c(C)c(O)c4C2(C)C3=O)cc1,0.1797526889129487,binned_cosine_1Da,15,False,predicted_spectrum,558
CASMI2022,massformer,completed,51,51,134,CASMI_MOL_1196842,CASMI_MOL_268492,268492,COc1ccc(-n2nc(C)c3c2C=C2Oc4c(-c5ccc6c(=O)[nH]c(=O)n(CCc7c[nH]c8ccc(OC)cc78)c6n5)c(O)c(C)c(O)c4C2(C)C3=O)cc1,0.17975267166748718,binned_cosine_1Da,16,False,predicted_spectrum,558
CASMI2022,massformer,completed,51,51,134,CASMI_MOL_1196842,CASMI_MOL_268516,268516,COc1ccc(-n2nc(C)c3c2C=C2Oc4c(-c5ccc6c(=O)[nH]c(=O)n(CCc7c[nH]c8ccc(OC)cc78)c6n5)c(O)c(C)c(O)c4C2(C)C3=O)cc1,0.17975267166748718,binned_cosine_1Da,17,False,predicted_spectrum,558
CASMI2022,massformer,completed,51,51,134,CASMI_MOL_1196842,CASMI_MOL_268729,268729,COc1c(C)cc2c(c1OC(=O)C=Cc1ccccc1)C1NC(C2)C(C#N)N2C3COC(=O)C(NC(C)=O)CSC(c4c(O)c(C)c5c(c43)OCO5)C12,0.17962229066232724,binned_cosine_1Da,18,False,predicted_spectrum,558
CASMI2022,massformer,completed,51,51,134,CASMI_MOL_1196842,CASMI_MOL_268344,268344,CC1=NC(=O)C(N2Cc3cc(OCC#Cc4ccc(OC5CC(Oc6ccc(-c7cc8[nH]c9ccncc9c8c(F)c7F)cn6)C5)cn4)ccc3C2=O)CC1,0.17820436515081012,binned_cosine_1Da,19,False,predicted_spectrum,558
CASMI2022,massformer,completed,51,51,134,CASMI_MOL_1196842,CASMI_MOL_268826,268826,Oc1c2cccc1Cc1cccc3c1OCC(=S)NCCN1CCNC(=S)COc4c(cccc4Cc4cccc(c4OCC(=S)NCC1)C3)C2,0.17654154690983315,binned_cosine_1Da,20,False,predicted_spectrum,558
CASMI2022,massformer,completed,51,51,134,CASMI_MOL_1196842,CASMI_MOL_268765,268765,CC12CCC(OC(=O)OCCOCCOC(=O)Cl)CC1CCC1C2CCC2(C)C1CCC2(O)C(=O)COC(=O)OCCOCCOC(=O)Cl,0.1748219203552832,binned_cosine_1Da,21,False,predicted_spectrum,558
CASMI2022,massformer,completed,51,51,134,CASMI_MOL_1196842,CASMI_MOL_268343,268343,CC1=NC(=O)C(N2Cc3c(cc(F)c(OCC#Cc4ccc(OC5CC(Oc6ccc(-c7ccc8c(c7)[nH]c7ccncc78)cn6)C5)cn4)c3F)C2=O)CC1,0.17459942288401592,binned_cosine_1Da,22,False,predicted_spectrum,558
CASMI2022,massformer,completed,51,51,134,CASMI_MOL_1196842,CASMI_MOL_268524,268524,CCC(C)(C)Nc1cc(NC(=O)c2cc(C(c3ccc(C(=O)O)c(C(=O)C(C)(C)CC)c3)(C(F)(F)F)C(F)(F)F)ccc2C(=O)O)cc(C(=O)O)c1,0.1733523375818503,binned_cosine_1Da,23,False,predicted_spectrum,558
CASMI2022,massformer,completed,51,51,134,CASMI_MOL_1196842,CASMI_MOL_268654,268654,CC(C)(C)c1ccc2c(c1)c1cc(C(C)(C)C)ccc1n2-c1ccc(C#Cc2ccc(-c3ccc(C#Cc4ccc(C=C(C#N)C(=O)O)cc4)s3)s2)cc1,0.1702980288921785,binned_cosine_1Da,24,False,predicted_spectrum,558
CASMI2022,massformer,completed,51,51,134,CASMI_MOL_1196842,CASMI_MOL_268622,268622,COc1cc(C=CC(=O)OC2C(COC(C)=O)OC(OCC(O)c3ccc(O)c(O)c3)C(O)C2OC2OC(C)C(OC(C)=O)C(O)C2O)ccc1O,0.16986820716023587,binned_cosine_1Da,25,False,predicted_spectrum,558
CASMI2022,massformer,completed,51,51,134,CASMI_MOL_1196842,CASMI_MOL_268762,268762,COc1ccccc1Oc1c(OCCOC(=O)Nc2ccccn2)nc(-c2ccnc(-c3nn[nH]n3)c2)nc1N(CC(C)C)S(=O)(=O)c1ccccc1,0.16881222239650504,binned_cosine_1Da,26,False,predicted_spectrum,558
CASMI2022,massformer,completed,51,51,134,CASMI_MOL_1196842,CASMI_MOL_268821,268821,CCn1cc(C(=O)O)c(=O)c2cc(F)c(N3CCN(CN4C(=O)C(=Nc5ccc(S(=O)(=O)Nc6nc(C)cc(C)n6)cc5)c5ccccc54)CC3)cc21,0.16768259755849377,binned_cosine_1Da,27,False,predicted_spectrum,558
CASMI2022,massformer,completed,51,51,134,CASMI_MOL_1196842,CASMI_MOL_268611,268611,CC1CC=CN2C(=C1c1ccccc1)c1c(C(=O)Nc3cccnc3N3CCN(c4ncccn4)CC3)[nH]c3cc(Cl)cc(c13)C2c1ccc(Cl)cc1,0.16638339557610213,binned_cosine_1Da,28,False,predicted_spectrum,558
CASMI2022,massformer,completed,51,51,134,CASMI_MOL_1196842,CASMI_MOL_268689,268689,COc1cc(C2OCCO2)c(OCc2cn3cccc(C(=O)N(C)Oc4cc(C5OCCO5)c(OCc5cn6cccc(C(N)=O)c6n5)cn4)c3n2)cn1,0.16555276934513158,binned_cosine_1Da,29,False,predicted_spectrum,558
CASMI2022,massformer,completed,51,51,134,CASMI_MOL_1196842,CASMI_MOL_268674,268674,CC1C(CO)CCC1(C)Nc1nc(N)nc(Cl)c1-c1nc(CC2(Nc3nc(N)nc(Cl)c3-c3nc4ccccc4s3)CCC(CO)C2C)co1,0.16501825487247382,binned_cosine_1Da,30,False,predicted_spectrum,558
CASMI2022,massformer,completed,51,51,134,CASMI_MOL_1196842,CASMI_MOL_268781,268781,CCOc1cc(C2CCC(c3cc(NC(=O)N(O)c4ccc(Cl)cc4)c(OCCSc4ccc(O)cc4)c(OC)c3)O2)cc(OCC)c1OCC,0.16482957712162785,binned_cosine_1Da,31,False,predicted_spectrum,558
CASMI2022,massformer,completed,51,51,134,CASMI_MOL_1196842,CASMI_MOL_268569,268569,COc1cc2cc(c1Cl)N(C)C(=O)CC(OC(=O)C1CCC(CSSC)OC1)C1(C)CC(C)(O1)C1CC(O)(CC=CC=C(C)C2)NC(=O)O1,0.16279409470964232,binned_cosine_1Da,32,False,predicted_spectrum,558
CASMI2022,massformer,completed,51,51,134,CASMI_MOL_1196842,CASMI_MOL_268514,268514,Cn1ncc2cc(-c3ncc4c(n3)CN(C(=O)c3cc(CN5C(=O)C(CCCC(F)(F)F)(c6ccc(F)cc6)N=C5N)ccc3C(F)(F)F)C4)ccc21,0.16142250689968327,binned_cosine_1Da,33,False,predicted_spectrum,558
CASMI2022,massformer,completed,51,51,134,CASMI_MOL_1196842,CASMI_MOL_268519,268519,C=C1CC2C=Nc3cc(OCCCCCOc4cc5c(cc4OC)C(=O)N4CC(=C)CC4C(O)N5C(=O)OCCSS)c(OC)cc3C(=O)N2C1,0.1610212078074243,binned_cosine_1Da,34,False,predicted_spectrum,558
CASMI2022,massformer,completed,51,51,134,CASMI_MOL_1196842,CASMI_MOL_268609,268609,C=C1CC2C=Nc3cc(OCCCCCOc4cc5c(cc4OC)C(=O)N4CC(=C)CC4C(O)N5C(=O)OCCSS)c(OC)cc3C(=O)N2C1,0.1610212078074243,binned_cosine_1Da,35,False,predicted_spectrum,558
CASMI2022,massformer,completed,51,51,134,CASMI_MOL_1196842,CASMI_MOL_268687,268687,C=C1CC2C=Nc3cc(OCCCCCOc4cc5c(cc4OC)C(=O)N4CC(=C)CC4C(O)N5C(=O)OCCSS)c(OC)cc3C(=O)N2C1,0.1610212078074243,binned_cosine_1Da,36,False,predicted_spectrum,558
CASMI2022,massformer,completed,51,51,134,CASMI_MOL_1196842,CASMI_MOL_268419,268419,COCOc1c(C)c(C)cc2c1C1C3C4SCC(N5C(=O)c6ccccc6C5=O)C(=O)OCC(c5c6c(c(C)c(O)c54)OCO6)N3C(C#N)C(C2)N1C,0.16039693005899272,binned_cosine_1Da,37,False,predicted_spectrum,558
CASMI2022,massformer,completed,51,51,134,CASMI_MOL_1196842,CASMI_MOL_268746,268746,COCOc1c(C)c(C)cc2c1C1C3C4SCC(N5C(=O)c6ccccc6C5=O)C(=O)OCC(c5c6c(c(C)c(O)c54)OCO6)N3C(C#N)C(C2)N1C,0.16039693005899272,binned_cosine_1Da,38,False,predicted_spectrum,558
CASMI2022,massformer,completed,51,51,134,CASMI_MOL_1196842,CASMI_MOL_268723,268723,C=CC(=O)OCCCOc1ccc(-c2ccc(C(=O)OC3OCCOC3OC(=O)c3ccc(-c4ccc(OCCCOC(=O)C=C)cn4)cc3)cc2)nc1,0.15913410056962937,binned_cosine_1Da,39,False,predicted_spectrum,558
CASMI2022,massformer,completed,51,51,134,CASMI_MOL_1196842,CASMI_MOL_268724,268724,C=CC(=O)OCCCOc1ccc(-c2ccc(C(=O)OC3OCCOC3OC(=O)c3ccc(-c4ccc(OCCCOC(=O)C=C)cn4)cc3)cc2)nc1,0.15913409180116628,binned_cosine_1Da,40,False,predicted_spectrum,558
CASMI2022,massformer,completed,51,51,134,CASMI_MOL_1196842,CASMI_MOL_268763,268763,C=CC(=O)OCCCOc1ccc(-c2ccc(C(=O)OC3OCCOC3OC(=O)c3ccc(-c4ccc(OCCCOC(=O)C=C)cn4)cc3)cc2)nc1,0.15913409180116628,binned_cosine_1Da,41,False,predicted_spectrum,558
CASMI2022,massformer,completed,51,51,134,CASMI_MOL_1196842,CASMI_MOL_268852,268852,CN(C)c1c([N+](=O)[O-])cc(-n2c(O)c3ccc4c(c3c2O)C=C2C(O)C(c3ccccc3)CC(=O)C2(c2ccccc2)C4c2cccc(O)c2)cc1[N+](=O)[O-],0.15892783525890158,binned_cosine_1Da,42,False,predicted_spectrum,558
CASMI2022,massformer,completed,51,51,134,CASMI_MOL_1196842,CASMI_MOL_268842,268842,CN(C)c1c([N+](=O)[O-])cc(-n2c(O)c3ccc4c(c3c2O)C=C2C(O)C(c3ccccc3)CC(=O)C2(c2ccccc2)C4c2cccc(O)c2)cc1[N+](=O)[O-],0.15892780776627508,binned_cosine_1Da,43,False,predicted_spectrum,558
CASMI2022,massformer,completed,51,51,134,CASMI_MOL_1196842,CASMI_MOL_268367,268367,C[N+]1=C(C=CC=C2N(CCCCCC(=O)NCCN3C(=O)C=CC3=O)c3ccc(S(=O)(=O)[O-])cc3C2(C)C)C(C)(C)c2cc(S(=O)(=O)O)ccc21,0.15887911520401887,binned_cosine_1Da,44,False,predicted_spectrum,558
CASMI2022,massformer,completed,51,51,134,CASMI_MOL_1196842,CASMI_MOL_268841,268841,CN(C)c1c([N+](=O)[O-])cc(-n2c(O)c3ccc4c(c3c2O)C=C2C(O)C(c3ccccc3)CC(=O)C2(c2ccccc2)C4c2ccc(O)cc2)cc1[N+](=O)[O-],0.15849398830803246,binned_cosine_1Da,45,False,predicted_spectrum,558
CASMI2022,massformer,completed,51,51,134,CASMI_MOL_1196842,CASMI_MOL_268845,268845,CN(C)c1c([N+](=O)[O-])cc(-n2c(O)c3ccc4c(c3c2O)C=C2C(O)C(c3ccccc3)CC(=O)C2(c2ccccc2)C4c2ccc(O)cc2)cc1[N+](=O)[O-],0.15849398830803246,binned_cosine_1Da,46,False,predicted_spectrum,558
CASMI2022,massformer,completed,51,51,134,CASMI_MOL_1196842,CASMI_MOL_268387,268387,COc1cc(C=CC(=O)OCC2OC(OC3(CO)OC(CO)CC3OC(=O)C=Cc3cc(OC)c(O)c(OC)c3)C(O)C(O)C2O)cc(OC)c1O,0.1581966225354212,binned_cosine_1Da,47,False,predicted_spectrum,558
CASMI2022,massformer,completed,51,51,134,CASMI_MOL_1196842,CASMI_MOL_268385,268385,COc1cc(C=CC(=O)OCC2OC(OC3(CO)OC(CO)CC3OC(=O)C=Cc3cc(OC)c(O)c(OC)c3)C(O)C(O)C2O)cc(OC)c1O,0.1581965920361304,binned_cosine_1Da,48,False,predicted_spectrum,558
CASMI2022,massformer,completed,51,51,134,CASMI_MOL_1196842,CASMI_MOL_268386,268386,COc1cc(C=CC(=O)OCC2OC(OC3(CO)OC(CO)CC3OC(=O)C=Cc3cc(OC)c(O)c(OC)c3)C(O)C(O)C2O)cc(OC)c1O,0.1581965920361304,binned_cosine_1Da,49,False,predicted_spectrum,558
CASMI2022,massformer,completed,51,51,134,CASMI_MOL_1196842,CASMI_MOL_268388,268388,COc1cc(C=CC(=O)OCC2OC(OC3(CO)OC(CO)CC3OC(=O)C=Cc3cc(OC)c(O)c(OC)c3)C(O)C(O)C2O)cc(OC)c1O,0.1581965920361304,binned_cosine_1Da,50,False,predicted_spectrum,558
CASMI2022,massformer,completed,51,51,134,CASMI_MOL_1196842,CASMI_MOL_268416,268416,C[N+]1=C(C=CC=C2N(CCCCCC(=O)NCCN3C(=O)C=CC3=O)c3ccc(S(=O)(=O)O)cc3C2(C)C)C(C)(C)c2cc(S(=O)(=O)[O-])ccc21,0.15790666343296555,binned_cosine_1Da,51,False,predicted_spectrum,558
CASMI2022,massformer,completed,51,51,134,CASMI_MOL_1196842,CASMI_MOL_268557,268557,C[N+]1=C(C=CC=C2N(CCCCCC(=O)NCCN3C(=O)C=CC3=O)c3ccc(S(=O)(=O)O)cc3C2(C)C)C(C)(C)c2cc(S(=O)(=O)[O-])ccc21,0.15790666343296555,binned_cosine_1Da,52,False,predicted_spectrum,558
CASMI2022,massformer,completed,51,51,134,CASMI_MOL_1196842,CASMI_MOL_268705,268705,CC(=O)OC1C(OC2OC=CC3C(OC4OC(C)C(O)C(OC(C)=O)C4OC(=O)C=Cc4ccc(O)cc4)C4OC4(CO)C23)OC(CO)C(O)C1O,0.15788365235217444,binned_cosine_1Da,53,False,predicted_spectrum,558
CASMI2022,massformer,completed,51,51,134,CASMI_MOL_1196842,CASMI_MOL_268780,268780,CC(=O)OC1C(OC2OC=CC3C(OC4OC(C)C(O)C(OC(C)=O)C4OC(=O)C=Cc4ccc(O)cc4)C4OC4(CO)C23)OC(CO)C(O)C1O,0.15788365235217444,binned_cosine_1Da,54,False,predicted_spectrum,558
CASMI2022,massformer,completed,51,51,134,CASMI_MOL_1196842,CASMI_MOL_268663,268663,C=Cc1ccc(OC2OC(COC(C)=O)C(OC3OC(COC(C)=O)C(OC(C)=O)C(OC(C)=O)C3OC(C)=O)C(OC(C)=O)C2OC(C)=O)cc1,0.15731470935936934,binned_cosine_1Da,55,False,predicted_spectrum,558
CASMI2022,massformer,completed,51,51,134,CASMI_MOL_1196842,CASMI_MOL_268661,268661,C=Cc1ccc(OC2OC(COC(C)=O)C(OC3OC(COC(C)=O)C(OC(C)=O)C(OC(C)=O)C3OC(C)=O)C(OC(C)=O)C2OC(C)=O)cc1,0.15731469468491407,binned_cosine_1Da,56,False,predicted_spectrum,558
CASMI2022,massformer,completed,51,51,134,CASMI_MOL_1196842,CASMI_MOL_268662,268662,C=Cc1ccc(OC2OC(COC(C)=O)C(OC3OC(COC(C)=O)C(OC(C)=O)C(OC(C)=O)C3OC(C)=O)C(OC(C)=O)C2OC(C)=O)cc1,0.15731469468491407,binned_cosine_1Da,57,False,predicted_spectrum,558
CASMI2022,massformer,completed,51,51,134,CASMI_MOL_1196842,CASMI_MOL_268664,268664,C=Cc1ccc(OC2OC(COC(C)=O)C(OC3OC(COC(C)=O)C(OC(C)=O)C(OC(C)=O)C3OC(C)=O)C(OC(C)=O)C2OC(C)=O)cc1,0.15731469468491407,binned_cosine_1Da,58,False,predicted_spectrum,558
CASMI2022,massformer,completed,51,51,134,CASMI_MOL_1196842,CASMI_MOL_268857,268857,C=Cc1ccc(OC2OC(COC(C)=O)C(OC3OC(COC(C)=O)C(OC(C)=O)C(OC(C)=O)C3OC(C)=O)C(OC(C)=O)C2OC(C)=O)cc1,0.15731469468491407,binned_cosine_1Da,59,False,predicted_spectrum,558
CASMI2022,massformer,completed,51,51,134,CASMI_MOL_1196842,CASMI_MOL_268812,268812,CCSc1cccc(-c2cccc(-c3cccc(-c4cccc(-c5cccc(-c6cccc(-c7cccc(-c8cccc(SCC)n8)n7)n6)n5)n4)n3)n2)n1,0.15705811813086773,binned_cosine_1Da,60,False,predicted_spectrum,558
CASMI2022,massformer,completed,51,51,134,CASMI_MOL_1196842,CASMI_MOL_268526,268526,COc1c2c(c(O)c3c4c(ccc13)C(O)C1OC(O)(C(OC)OC)C(O)(CO)C1(O)O4)C(=O)C(O)CC2OC1CC2(C)C(OC(C)=O)C(C)C2(O)O1,0.15702220323309024,binned_cosine_1Da,61,False,predicted_spectrum,558
CASMI2022,massformer,completed,51,51,134,CASMI_MOL_1196842,CASMI_MOL_268527,268527,COc1c2c(c(O)c3c4c(ccc13)C(O)C1OC(O)(C(OC)OC)C(O)(CO)C1(O)O4)C(=O)C(O)CC2OC1CC2(C)C(OC(C)=O)C(C)C2(O)O1,0.15702220323309024,binned_cosine_1Da,62,False,predicted_spectrum,558
CASMI2022,massformer,completed,51,51,134,CASMI_MOL_1196842,CASMI_MOL_268525,268525,COc1c2c(c(O)c3c4c(ccc13)C(O)C1OC(O)(C(OC)OC)C(O)(CO)C1(O)O4)C(=O)C(O)CC2OC1CC2(C)C(OC(C)=O)C(C)C2(O)O1,0.15702218018355346,binned_cosine_1Da,63,False,predicted_spectrum,558
CASMI2022,massformer,completed,51,51,134,CASMI_MOL_1196842,CASMI_MOL_268854,268854,CN(C)c1c([N+](=O)[O-])cc(-n2c(O)c3ccc4c(c3c2O)C=C2C(O)C(c3ccccc3)CC(=O)C2(c2ccccc2)C4c2ccccc2O)cc1[N+](=O)[O-],0.1569288614331469,binned_cosine_1Da,64,False,predicted_spectrum,558
CASMI2022,massformer,completed,51,51,134,CASMI_MOL_1196842,CASMI_MOL_268843,268843,CN(C)c1c([N+](=O)[O-])cc(-n2c(O)c3ccc4c(c3c2O)C=C2C(O)C(c3ccccc3)CC(=O)C2(c2ccccc2)C4c2ccccc2O)cc1[N+](=O)[O-],0.1569288306056904,binned_cosine_1Da,65,False,predicted_spectrum,558
CASMI2022,massformer,completed,51,51,134,CASMI_MOL_1196842,CASMI_MOL_268553,268553,Cc1ccc(CNc2cc(Sc3nnnn3C)c(Oc3ccc(CNc4cc(Sc5nnnn5C)c(O)c5ccccc45)cc3)c3ccccc23)cc1,0.15666965312393685,binned_cosine_1Da,66,False,predicted_spectrum,558
CASMI2022,massformer,completed,51,51,134,CASMI_MOL_1196842,CASMI_MOL_268428,268428,COCCOC(=O)Cc1ccc2c(c1)NC(C(=O)OC)CCCCC(NC(=O)C=Cc1c(-n3cnnn3)ccc(Cl)c1F)c1nc(C(=O)OC)c-2[nH]1,0.15618093778456152,binned_cosine_1Da,67,False,predicted_spectrum,558
CASMI2022,massformer,completed,51,51,134,CASMI_MOL_1196842,CASMI_MOL_268506,268506,Cc1cc(C)c(C2=CN(c3ccc4oc5ccccc5c4c3)C(=C3SC(c4c(C)cc(C)cc4C)=CN3c3ccc4oc5ccccc5c4c3)S2)c(C)c1,0.15607148151883588,binned_cosine_1Da,68,False,predicted_spectrum,558
CASMI2022,massformer,completed,51,51,134,CASMI_MOL_1196842,CASMI_MOL_268573,268573,CC(C)(C)C(=O)OCOC(=O)c1cc(-c2cnc(C3CCc4nc(-c5cc(Cl)ccc5N(N)C=NN)cc(=O)n43)n2COC(=O)C(C)(C)C)cs1,0.15563100339626146,binned_cosine_1Da,69,False,predicted_spectrum,558
CASMI2022,massformer,completed,51,51,134,CASMI_MOL_1196842,CASMI_MOL_268770,268770,CC(=O)CCC1OC(Oc2ccc(C=O)cc2)C(OC(C)=O)C(OC(C)=O)C1OC1OC(COC(C)=O)C(OC(C)=O)C(OC(C)=O)C1OC(C)=O,0.15463889328306188,binned_cosine_1Da,70,False,predicted_spectrum,558
CASMI2022,massformer,completed,51,51,134,CASMI_MOL_1196842,CASMI_MOL_268432,268432,CC(C)N1CCN(c2ccc(CC(C(=O)Nc3ccc4[nH]c(C(=O)O)cc4c3)N3CCN(c4cc(Cl)ccc4-n4cnnn4)C(=O)C3=O)cc2)C(=O)C1,0.15463589193449812,binned_cosine_1Da,71,False,predicted_spectrum,558
CASMI2022,massformer,completed,51,51,134,CASMI_MOL_1196842,CASMI_MOL_268540,268540,CC1(c2ccc(OCC(=O)O)cc2)COc2cc(OCC(=O)O)ccc2C1SCCCCCCCCC[S+]([O-])CCCC(F)(F)C(F)(F)F,0.15457851666834863,binned_cosine_1Da,72,False,predicted_spectrum,558
CASMI2022,massformer,completed,51,51,134,CASMI_MOL_1196842,CASMI_MOL_268520,268520,Cc1cc(C)cc(Sc2ccccc2-n2c3ccccc3c3c4cccc(-c5ccccc5S(=O)(=O)c5cc(C)cc(C)c5)c4n(-c4ccccc4)c32)c1,0.15253971516754267,binned_cosine_1Da,73,False,predicted_spectrum,558
CASMI2022,massformer,completed,51,51,134,CASMI_MOL_1196842,CASMI_MOL_268498,268498,C=C(C)C(=O)OCC(COC(=O)C(=C)C)(COC(=O)C(=C)CO)CC(F)(F)C(F)(F)C(F)(F)C(F)(F)C(F)(F)C(F)(F)CCCCCCC,0.1511881224677585,binned_cosine_1Da,74,False,predicted_spectrum,558
CASMI2022,massformer,completed,51,51,134,CASMI_MOL_1196842,CASMI_MOL_268560,268560,CC(=Cc1cc2c(cc1C)C1=CC(C=c3ccc(C4=CC5Cc6c(sc7cc8cc(-c9ccccc9)ccc8cc67)C=C5C=C4)cc3=C1)S2)c1ccccc1,0.15096646430302282,binned_cosine_1Da,75,False,predicted_spectrum,558
CASMI2022,massformer,completed,51,51,134,CASMI_MOL_1196842,CASMI_MOL_268599,268599,COc1ccc(C2=C(c3ccc(OC)cc3)C3(c4ccccc4)C(=O)C2(c2ccccc2)c2c3c(O)n(-c3ccc(-c4ccc([N+](=O)[O-])cc4)cc3)c2O)cc1,0.15019111317336295,binned_cosine_1Da,76,False,predicted_spectrum,558
CASMI2022,massformer,completed,51,51,134,CASMI_MOL_1196842,CASMI_MOL_268601,268601,COc1ccc(C2=C(c3ccc(OC)cc3)C3(c4ccccc4)C(=O)C2(c2ccccc2)c2c3c(O)n(-c3ccc(-c4ccc([N+](=O)[O-])cc4)cc3)c2O)cc1,0.15019111317336295,binned_cosine_1Da,77,False,predicted_spectrum,558
CASMI2022,massformer,completed,51,51,134,CASMI_MOL_1196842,CASMI_MOL_268600,268600,COc1ccc(C2=C(c3ccc(OC)cc3)C3(c4ccccc4)C(=O)C2(c2ccccc2)c2c3c(O)n(-c3ccc(-c4ccc([N+](=O)[O-])cc4)cc3)c2O)cc1,0.15019110426961876,binned_cosine_1Da,78,False,predicted_spectrum,558
CASMI2022,massformer,completed,51,51,134,CASMI_MOL_1196842,CASMI_MOL_268575,268575,CCc1cc(C)c(S(=O)(=O)O)c(CC)c1N=c1ccc2c(-c3ccccc3S(=O)(=O)O)c3ccc(Nc4c(CC)cc(C)cc4CC)cc3oc-2c1,0.1481062140422669,binned_cosine_1Da,79,False,predicted_spectrum,558
CASMI2022,massformer,completed,51,51,134,CASMI_MOL_1196842,CASMI_MOL_268539,268539,O=C(O)c1ccc(-c2ccccc2)cc1C12CC3(C(F)(F)F)CC(C(F)(F)F)(C1)CC(C14CC5CC(C(F)(F)F)(CC(C(F)(F)F)(C5)C1)C4)(C2)C3,0.14761110297104726,binned_cosine_1Da,80,False,predicted_spectrum,558
CASMI2022,massformer,completed,51,51,134,CASMI_MOL_1196842,CASMI_MOL_268720,268720,O=C(O)C1Cc2ccc(cc2)OCC(O)=NC(=Cc2cccs2)C(O)N=C(Cc2ccc(C(F)(F)F)cc2)C(O)NC(Cc2ccccc2)C(O)N1,0.14754103328276058,binned_cosine_1Da,81,False,predicted_spectrum,558
CASMI2022,massformer,completed,51,51,134,CASMI_MOL_1196842,CASMI_MOL_268517,268517,C=C1CC2C(O)N(C(=O)OCCSS)c3cc(OCCCCCOc4cc5c(cc4OC)C(=O)NC4(C=N5)CC(=C)C4)c(OC)cc3C(=O)N2C1,0.14753942161823727,binned_cosine_1Da,82,False,predicted_spectrum,558
CASMI2022,massformer,completed,51,51,134,CASMI_MOL_1196842,CASMI_MOL_268420,268420,NC(=O)c1cnc2ccc(-c3ccc(C(=O)NCCCC(=O)COc4cccc5c4C(=O)N(C4CCC(=O)NC4=O)C5=O)cc3)cc2c1Nc1ccccc1,0.14747233006301175,binned_cosine_1Da,83,False,predicted_spectrum,558
CASMI2022,massformer,completed,51,51,134,CASMI_MOL_1196842,CASMI_MOL_268621,268621,COc1cc(C=CC(=O)OC2C(CO)OC(OCC(O)c3ccc(O)c(O)c3)C(O)C2OC2OC(C)C(OC(C)=O)C(OC(C)=O)C2O)ccc1O,0.14650699224262917,binned_cosine_1Da,84,False,predicted_spectrum,558
CASMI2022,massformer,completed,51,51,134,CASMI_MOL_1196842,CASMI_MOL_268617,268617,CCCCCC1CCC(C(F)=C(F)C2CCC(C(F)(F)Oc3cc(F)c(C(F)(F)Oc4cc(F)c(OC(F)(F)F)c(F)c4)c(F)c3)CC2)CC1,0.1459499975761627,binned_cosine_1Da,85,False,predicted_spectrum,558
CASMI2022,massformer,completed,51,51,134,CASMI_MOL_1196842,CASMI_MOL_268694,268694,CCCCCC1CCC(C(F)=C(F)C2CCC(C(F)(F)Oc3cc(F)c(C(F)(F)Oc4cc(F)c(OC(F)(F)F)c(F)c4)c(F)c3)CC2)CC1,0.1459499975761627,binned_cosine_1Da,86,False,predicted_spectrum,558
CASMI2022,massformer,completed,51,51,134,CASMI_MOL_1196842,CASMI_MOL_268413,268413,COc1ccc(-c2ccc(C(=O)O)cc2C)cc1-c1cnc(N(C)[S+](C)[O-])nc1CNC1(C(O)C2C=C(C(F)(F)F)C=C(C(F)(F)F)C2)CCC1,0.14547790530189603,binned_cosine_1Da,87,False,predicted_spectrum,558
CASMI2022,massformer,completed,51,51,134,CASMI_MOL_1196842,CASMI_MOL_268608,268608,COc1ccc(-c2ccc(C(=O)O)cc2C)cc1-c1cnc(N(C)[S+](C)[O-])nc1CNC1(C(O)C2C=C(C(F)(F)F)C=C(C(F)(F)F)C2)CCC1,0.14547790530189603,binned_cosine_1Da,88,False,predicted_spectrum,558
CASMI2022,massformer,completed,51,51,134,CASMI_MOL_1196842,CASMI_MOL_268653,268653,CN(C)C=Nc1ncnc2c1nc(-c1ccccc1)c(=O)n2C1OC(COC(=O)c2ccccc2)C(OC(=O)c2ccccc2)C1OC(=O)c1ccccc1,0.1449919962951474,binned_cosine_1Da,89,False,predicted_spectrum,558
CASMI2022,massformer,completed,51,51,134,CASMI_MOL_1196842,CASMI_MOL_268698,268698,CC1CN(CC2CC(SC3=C(C(=O)O)N4C(=O)C(C(C)O)C4C3(C)Cc3ccc([N+](=O)[O-])cc3)CN2C(=O)OCc2ccc([N+](=O)[O-])cc2)C(=O)N1,0.1449148337786082,binned_cosine_1Da,90,False,predicted_spectrum,558
CASMI2022,massformer,completed,51,51,134,CASMI_MOL_1196842,CASMI_MOL_268719,268719,O=C(O)C1Cc2ccc(cc2)OCC(O)=NC(=Cc2cccs2)C(O)N=C(Cc2cccc(C(F)(F)F)c2)C(O)NC(Cc2ccccc2)C(O)N1,0.14427413841854986,binned_cosine_1Da,91,False,predicted_spectrum,558
CASMI2022,massformer,completed,51,51,134,CASMI_MOL_1196842,CASMI_MOL_268613,268613,C=CCCC1CCC(C(F)(F)Oc2ccc(CCC=CC3CCC(C(F)(F)Oc4cc(F)c(S(F)(F)(F)(F)F)c(F)c4)CC3)c(F)c2)CC1,0.14413465928821279,binned_cosine_1Da,92,False,predicted_spectrum,558
CASMI2022,massformer,completed,51,51,134,CASMI_MOL_1196842,CASMI_MOL_268693,268693,C=CCCC1CCC(C(F)(F)Oc2ccc(CCC=CC3CCC(C(F)(F)Oc4cc(F)c(S(F)(F)(F)(F)F)c(F)c4)CC3)c(F)c2)CC1,0.14413465279551085,binned_cosine_1Da,93,False,predicted_spectrum,558
CASMI2022,massformer,completed,51,51,134,CASMI_MOL_1196842,CASMI_MOL_268556,268556,COc1ccc2c(c1)c(CC(=O)NCCCCCCN=c1ccc3c4[nH]c5cc([N+](=O)[O-])ccc5nc4c4cccc1c43)cn2C(=O)c1ccc(Cl)cc1,0.143706464908748,binned_cosine_1Da,94,False,predicted_spectrum,558
CASMI2022,massformer,completed,51,51,134,CASMI_MOL_1196842,CASMI_MOL_268341,268341,CCC12CCCCC1(CC)N1c3cc(Sc4ccccc4)cc4c3P(=S)(c3cc(C)cc2c31)c1sc2ccc(C)cc2c1N4c1ccc(C)cc1,0.1435206763605255,binned_cosine_1Da,95,False,predicted_spectrum,558
CASMI2022,massformer,completed,51,51,134,CASMI_MOL_1196842,CASMI_MOL_268491,268491,COC(=O)CC(C)(O)CC(=O)OCC1OC(Oc2c(-c3ccc(OC)c(OC)c3)oc3c(OC)c(OC)c(OC)c(OC)c3c2=O)C(O)C(O)C1O,0.14349983199598187,binned_cosine_1Da,96,False,predicted_spectrum,558
CASMI2022,massformer,completed,51,51,134,CASMI_MOL_1196842,CASMI_MOL_1196842,1196842,COC(=O)CC(C)(O)CC(=O)OCC1OC(Oc2c(-c3ccc(OC)c(OC)c3)oc3c(OC)c(OC)c(OC)c(OC)c3c2=O)C(O)C(O)C1O,0.14349983199598187,binned_cosine_1Da,97,True,predicted_spectrum,558
CASMI2022,massformer,completed,51,51,134,CASMI_MOL_1196842,CASMI_MOL_268394,268394,COc1cc(C=CC(=O)OCC2OC(OC3(CO)OC(CO)C(O)C3OC(=O)C=Cc3cc(OC)c(OC)c(OC)c3)C(O)C(O)C2O)ccc1O,0.14326662970304863,binned_cosine_1Da,98,False,predicted_spectrum,558
CASMI2022,massformer,completed,51,51,134,CASMI_MOL_1196842,CASMI_MOL_268395,268395,COc1cc(C=CC(=O)OCC2OC(OC3(CO)OC(CO)C(O)C3OC(=O)C=Cc3cc(OC)c(OC)c(OC)c3)C(O)C(O)C2O)ccc1O,0.14326662970304863,binned_cosine_1Da,99,False,predicted_spectrum,558
CASMI2022,massformer,completed,51,51,134,CASMI_MOL_1196842,CASMI_MOL_268409,268409,COc1cc(C=CC(=O)OCC2OC(OC3(CO)OC(CO)C(O)C3OC(=O)C=Cc3cc(OC)c(OC)c(OC)c3)C(O)C(O)C2O)ccc1O,0.14326662970304863,binned_cosine_1Da,100,False,predicted_spectrum,558
CASMI2022,massformer,completed,53,53,141,CASMI_MOL_1196844,CASMI_MOL_276376,276376,CNC1CC=CC1,0.9519492398864094,binned_cosine_1Da,1,False,predicted_spectrum,1206
CASMI2022,massformer,completed,53,53,141,CASMI_MOL_1196844,CASMI_MOL_276472,276472,CNC1C=CCC1,0.905491253380369,binned_cosine_1Da,2,False,predicted_spectrum,1206
CASMI2022,massformer,completed,53,53,141,CASMI_MOL_1196844,CASMI_MOL_275674,275674,CNC(C)C1C=C1,0.8091788326874754,binned_cosine_1Da,3,False,predicted_spectrum,1206
CASMI2022,massformer,completed,53,53,141,CASMI_MOL_1196844,CASMI_MOL_276408,276408,CC1CC=CCN1,0.5832652580781102,binned_cosine_1Da,4,False,predicted_spectrum,1206
CASMI2022,massformer,completed,53,53,141,CASMI_MOL_1196844,CASMI_MOL_275602,275602,CC(C)NC1C=C1,0.5644402884104103,binned_cosine_1Da,5,False,predicted_spectrum,1206
CASMI2022,massformer,completed,53,53,141,CASMI_MOL_1196844,CASMI_MOL_275579,275579,CC1C=CCCN1,0.5479757775400346,binned_cosine_1Da,6,False,predicted_spectrum,1206
CASMI2022,massformer,completed,53,53,141,CASMI_MOL_1196844,CASMI_MOL_276557,276557,CC1C=CCCN1,0.5479756411338425,binned_cosine_1Da,7,False,predicted_spectrum,1206
CASMI2022,massformer,completed,53,53,141,CASMI_MOL_1196844,CASMI_MOL_276149,276149,C=CCNC1CC1,0.4964109531220733,binned_cosine_1Da,8,False,predicted_spectrum,1206
CASMI2022,massformer,completed,53,53,141,CASMI_MOL_1196844,CASMI_MOL_275894,275894,CN(C)C1=CCC1,0.4942941293953979,binned_cosine_1Da,9,False,predicted_spectrum,1206
CASMI2022,massformer,completed,53,53,141,CASMI_MOL_1196844,CASMI_MOL_275769,275769,CNC1(C)C=CC1,0.4939231300393977,binned_cosine_1Da,10,False,predicted_spectrum,1206
CASMI2022,massformer,completed,53,53,141,CASMI_MOL_1196844,CASMI_MOL_276212,276212,CC=CC1CCN1,0.4938002087169071,binned_cosine_1Da,11,False,predicted_spectrum,1206
CASMI2022,massformer,completed,53,53,141,CASMI_MOL_1196844,CASMI_MOL_275855,275855,CC(C)N1C=CC1,0.49236133716557745,binned_cosine_1Da,12,False,predicted_spectrum,1206
CASMI2022,massformer,completed,53,53,141,CASMI_MOL_1196844,CASMI_MOL_276294,276294,C=CC=CN(C)C,0.4871536117020082,binned_cosine_1Da,13,False,predicted_spectrum,1206
CASMI2022,massformer,completed,53,53,141,CASMI_MOL_1196844,CASMI_MOL_275843,275843,C=CC=CN(C)C,0.4871535650407258,binned_cosine_1Da,14,False,predicted_spectrum,1206
CASMI2022,massformer,completed,53,53,141,CASMI_MOL_1196844,CASMI_MOL_276492,276492,C=CC=CN(C)C,0.4871535650407258,binned_cosine_1Da,15,False,predicted_spectrum,1206
CASMI2022,massformer,completed,53,53,141,CASMI_MOL_1196844,CASMI_MOL_276174,276174,[CH]C(C)NC1CC1,0.4858876767736292,binned_cosine_1Da,16,False,predicted_spectrum,1206
CASMI2022,massformer,completed,53,53,141,CASMI_MOL_1196844,CASMI_MOL_275590,275590,CNC(C)C1=CC1,0.4831251710866665,binned_cosine_1Da,17,False,predicted_spectrum,1206
CASMI2022,massformer,completed,53,53,141,CASMI_MOL_1196844,CASMI_MOL_276198,276198,C=CC1CCCN1,0.48100317589305136,binned_cosine_1Da,18,False,predicted_spectrum,1206
CASMI2022,massformer,completed,53,53,141,CASMI_MOL_1196844,CASMI_MOL_276448,276448,C=CC1CCCN1,0.48100317589305136,binned_cosine_1Da,19,False,predicted_spectrum,1206
CASMI2022,massformer,completed,53,53,141,CASMI_MOL_1196844,CASMI_MOL_276426,276426,C=CC1CCCN1,0.48100317474265797,binned_cosine_1Da,20,False,predicted_spectrum,1206
CASMI2022,massformer,completed,53,53,141,CASMI_MOL_1196844,CASMI_MOL_276116,276116,C=CN(C)C=CC,0.47906121791843465,binned_cosine_1Da,21,False,predicted_spectrum,1206
CASMI2022,massformer,completed,53,53,141,CASMI_MOL_1196844,CASMI_MOL_276167,276167,C=CN(C)C=CC,0.47906121791843465,binned_cosine_1Da,22,False,predicted_spectrum,1206
CASMI2022,massformer,completed,53,53,141,CASMI_MOL_1196844,CASMI_MOL_276421,276421,C=CN(C)C=CC,0.47906121110964156,binned_cosine_1Da,23,False,predicted_spectrum,1206
CASMI2022,massformer,completed,53,53,141,CASMI_MOL_1196844,CASMI_MOL_275793,275793,C=CCN(C)C=C,0.4789381654883181,binned_cosine_1Da,24,False,predicted_spectrum,1206
CASMI2022,massformer,completed,53,53,141,CASMI_MOL_1196844,CASMI_MOL_275464,275464,CN(C)C1C=CC1,0.4776793404914387,binned_cosine_1Da,25,False,predicted_spectrum,1206
CASMI2022,massformer,completed,53,53,141,CASMI_MOL_1196844,CASMI_MOL_276000,276000,C=NC(C)C=CC,0.4770680796590711,binned_cosine_1Da,26,False,predicted_spectrum,1206
CASMI2022,massformer,completed,53,53,141,CASMI_MOL_1196844,CASMI_MOL_276237,276237,C=NC(C)C=CC,0.4770680796590711,binned_cosine_1Da,27,False,predicted_spectrum,1206
CASMI2022,massformer,completed,53,53,141,CASMI_MOL_1196844,CASMI_MOL_275728,275728,C=NC(C)C=CC,0.4770680332195953,binned_cosine_1Da,28,False,predicted_spectrum,1206
CASMI2022,massformer,completed,53,53,141,CASMI_MOL_1196844,CASMI_MOL_275425,275425,CCC1(NC)C=C1,0.476872823166885,binned_cosine_1Da,29,False,predicted_spectrum,1206
CASMI2022,massformer,completed,53,53,141,CASMI_MOL_1196844,CASMI_MOL_276329,276329,CCC1C=CCN1,0.4753373081847192,binned_cosine_1Da,30,False,predicted_spectrum,1206
CASMI2022,massformer,completed,53,53,141,CASMI_MOL_1196844,CASMI_MOL_276328,276328,CCC1C=CCN1,0.47533728497166755,binned_cosine_1Da,31,False,predicted_spectrum,1206
CASMI2022,massformer,completed,53,53,141,CASMI_MOL_1196844,CASMI_MOL_276318,276318,CCC1C=CCN1,0.47533720141161656,binned_cosine_1Da,32,False,predicted_spectrum,1206
CASMI2022,massformer,completed,53,53,141,CASMI_MOL_1196844,CASMI_MOL_275655,275655,C=CC(C=C)NC,0.4745641841043433,binned_cosine_1Da,33,False,predicted_spectrum,1206
CASMI2022,massformer,completed,53,53,141,CASMI_MOL_1196844,CASMI_MOL_276543,276543,CC1C=CC(C)N1,0.47176484899931254,binned_cosine_1Da,34,False,predicted_spectrum,1206
CASMI2022,massformer,completed,53,53,141,CASMI_MOL_1196844,CASMI_MOL_276597,276597,CC1C=CC(C)N1,0.47176484899931254,binned_cosine_1Da,35,False,predicted_spectrum,1206
CASMI2022,massformer,completed,53,53,141,CASMI_MOL_1196844,CASMI_MOL_276542,276542,CC1C=CC(C)N1,0.47176481553126887,binned_cosine_1Da,36,False,predicted_spectrum,1206
CASMI2022,massformer,completed,53,53,141,CASMI_MOL_1196844,CASMI_MOL_276544,276544,CC1C=CC(C)N1,0.4717647987027651,binned_cosine_1Da,37,False,predicted_spectrum,1206
CASMI2022,massformer,completed,53,53,141,CASMI_MOL_1196844,CASMI_MOL_275556,275556,C=CC1CC1NC,0.4708703130050763,binned_cosine_1Da,38,False,predicted_spectrum,1206
CASMI2022,massformer,completed,53,53,141,CASMI_MOL_1196844,CASMI_MOL_276386,276386,C=CN(C)C1CC1,0.4692520933810148,binned_cosine_1Da,39,False,predicted_spectrum,1206
CASMI2022,massformer,completed,53,53,141,CASMI_MOL_1196844,CASMI_MOL_275631,275631,CCN(C)C1=CC1,0.46513204621396137,binned_cosine_1Da,40,False,predicted_spectrum,1206
CASMI2022,massformer,completed,53,53,141,CASMI_MOL_1196844,CASMI_MOL_276222,276222,CC(C)C=CC=N,0.4650457986731023,binned_cosine_1Da,41,False,predicted_spectrum,1206
CASMI2022,massformer,completed,53,53,141,CASMI_MOL_1196844,CASMI_MOL_275719,275719,CC(C)C=CC=N,0.4650457841695476,binned_cosine_1Da,42,False,predicted_spectrum,1206
CASMI2022,massformer,completed,53,53,141,CASMI_MOL_1196844,CASMI_MOL_276443,276443,C1CC1NC1CC1,0.46338227214526423,binned_cosine_1Da,43,False,predicted_spectrum,1206
CASMI2022,massformer,completed,53,53,141,CASMI_MOL_1196844,CASMI_MOL_275904,275904,CN(C)C=C1CC1,0.46335964438029564,binned_cosine_1Da,44,False,predicted_spectrum,1206
CASMI2022,massformer,completed,53,53,141,CASMI_MOL_1196844,CASMI_MOL_276278,276278,CC=C=CN(C)C,0.4602620831461417,binned_cosine_1Da,45,False,predicted_spectrum,1206
CASMI2022,massformer,completed,53,53,141,CASMI_MOL_1196844,CASMI_MOL_276388,276388,CC=NC1CCC1,0.45918270700860214,binned_cosine_1Da,46,False,predicted_spectrum,1206
CASMI2022,massformer,completed,53,53,141,CASMI_MOL_1196844,CASMI_MOL_275699,275699,CC=NC1CCC1,0.4591826927986893,binned_cosine_1Da,47,False,predicted_spectrum,1206
CASMI2022,massformer,completed,53,53,141,CASMI_MOL_1196844,CASMI_MOL_275915,275915,C=CCC(C)N=C,0.45887615855289543,binned_cosine_1Da,48,False,predicted_spectrum,1206
CASMI2022,massformer,completed,53,53,141,CASMI_MOL_1196844,CASMI_MOL_276563,276563,C=CN1CCCC1,0.4585562224955733,binned_cosine_1Da,49,False,predicted_spectrum,1206
CASMI2022,massformer,completed,53,53,141,CASMI_MOL_1196844,CASMI_MOL_275584,275584,CC=C=NC(C)C,0.4567426295129342,binned_cosine_1Da,50,False,predicted_spectrum,1206
CASMI2022,massformer,completed,53,53,141,CASMI_MOL_1196844,CASMI_MOL_275595,275595,CCNC1(C)C=C1,0.45604960047440724,binned_cosine_1Da,51,False,predicted_spectrum,1206
CASMI2022,massformer,completed,53,53,141,CASMI_MOL_1196844,CASMI_MOL_275786,275786,C=CC(C)N=CC,0.45588017859951363,binned_cosine_1Da,52,False,predicted_spectrum,1206
CASMI2022,massformer,completed,53,53,141,CASMI_MOL_1196844,CASMI_MOL_275809,275809,C=CC(C)N=CC,0.45588017764572997,binned_cosine_1Da,53,False,predicted_spectrum,1206
CASMI2022,massformer,completed,53,53,141,CASMI_MOL_1196844,CASMI_MOL_275949,275949,CNC#CC(C)C,0.4531371107517925,binned_cosine_1Da,54,False,predicted_spectrum,1206
CASMI2022,massformer,completed,53,53,141,CASMI_MOL_1196844,CASMI_MOL_276405,276405,CC(C)CC=C=N,0.45292851236395976,binned_cosine_1Da,55,False,predicted_spectrum,1206
CASMI2022,massformer,completed,53,53,141,CASMI_MOL_1196844,CASMI_MOL_275983,275983,CCCC=CC=N,0.4510752784923874,binned_cosine_1Da,56,False,predicted_spectrum,1206
CASMI2022,massformer,completed,53,53,141,CASMI_MOL_1196844,CASMI_MOL_276286,276286,CCCC=CC=N,0.4510752784923874,binned_cosine_1Da,57,False,predicted_spectrum,1206
CASMI2022,massformer,completed,53,53,141,CASMI_MOL_1196844,CASMI_MOL_276382,276382,CCCC=CC=N,0.4510752784923874,binned_cosine_1Da,58,False,predicted_spectrum,1206
CASMI2022,massformer,completed,53,53,141,CASMI_MOL_1196844,CASMI_MOL_275534,275534,CC1C=C1N(C)C,0.4510392028257602,binned_cosine_1Da,59,False,predicted_spectrum,1206
CASMI2022,massformer,completed,53,53,141,CASMI_MOL_1196844,CASMI_MOL_275898,275898,C=CC1(NC)CC1,0.45070959486450657,binned_cosine_1Da,60,False,predicted_spectrum,1206
CASMI2022,massformer,completed,53,53,141,CASMI_MOL_1196844,CASMI_MOL_275529,275529,C=NC=CC(C)C,0.45067648558485834,binned_cosine_1Da,61,False,predicted_spectrum,1206
CASMI2022,massformer,completed,53,53,141,CASMI_MOL_1196844,CASMI_MOL_276333,276333,C=NC=CC(C)C,0.45067648558485834,binned_cosine_1Da,62,False,predicted_spectrum,1206
CASMI2022,massformer,completed,53,53,141,CASMI_MOL_1196844,CASMI_MOL_276401,276401,CC=CN1CCC1,0.45024193052728156,binned_cosine_1Da,63,False,predicted_spectrum,1206
CASMI2022,massformer,completed,53,53,141,CASMI_MOL_1196844,CASMI_MOL_276288,276288,CC=CN1CCC1,0.4502419207496947,binned_cosine_1Da,64,False,predicted_spectrum,1206
CASMI2022,massformer,completed,53,53,141,CASMI_MOL_1196844,CASMI_MOL_275984,275984,C=NC1CC(C)C1,0.44972598681697346,binned_cosine_1Da,65,False,predicted_spectrum,1206
CASMI2022,massformer,completed,53,53,141,CASMI_MOL_1196844,CASMI_MOL_276430,276430,CCN1C=CCC1,0.4487003277014977,binned_cosine_1Da,66,False,predicted_spectrum,1206
CASMI2022,massformer,completed,53,53,141,CASMI_MOL_1196844,CASMI_MOL_276450,276450,C=NC1CCCC1,0.44798986567423876,binned_cosine_1Da,67,False,predicted_spectrum,1206
CASMI2022,massformer,completed,53,53,141,CASMI_MOL_1196844,CASMI_MOL_275502,275502,CCNC1C=C1C,0.445960005504048,binned_cosine_1Da,68,False,predicted_spectrum,1206
CASMI2022,massformer,completed,53,53,141,CASMI_MOL_1196844,CASMI_MOL_275499,275499,C=CN1CCC1C,0.4456354331820803,binned_cosine_1Da,69,False,predicted_spectrum,1206
CASMI2022,massformer,completed,53,53,141,CASMI_MOL_1196844,CASMI_MOL_276057,276057,CC=CCC1CN1,0.4455177137055881,binned_cosine_1Da,70,False,predicted_spectrum,1206
CASMI2022,massformer,completed,53,53,141,CASMI_MOL_1196844,CASMI_MOL_276511,276511,C=CC=NC(C)C,0.44534292341073956,binned_cosine_1Da,71,False,predicted_spectrum,1206
CASMI2022,massformer,completed,53,53,141,CASMI_MOL_1196844,CASMI_MOL_276064,276064,CN=C=CC(C)C,0.44490120722444204,binned_cosine_1Da,72,False,predicted_spectrum,1206
CASMI2022,massformer,completed,53,53,141,CASMI_MOL_1196844,CASMI_MOL_275864,275864,CCC=CC1CN1,0.44485958592323893,binned_cosine_1Da,73,False,predicted_spectrum,1206
CASMI2022,massformer,completed,53,53,141,CASMI_MOL_1196844,CASMI_MOL_275518,275518,CCC=CC1CN1,0.4448595699199261,binned_cosine_1Da,74,False,predicted_spectrum,1206
CASMI2022,massformer,completed,53,53,141,CASMI_MOL_1196844,CASMI_MOL_275743,275743,C=NC(C)C1CC1,0.4444181906331737,binned_cosine_1Da,75,False,predicted_spectrum,1206
CASMI2022,massformer,completed,53,53,141,CASMI_MOL_1196844,CASMI_MOL_276006,276006,C=CC(=C)N(C)C,0.44351932115475523,binned_cosine_1Da,76,False,predicted_spectrum,1206
CASMI2022,massformer,completed,53,53,141,CASMI_MOL_1196844,CASMI_MOL_276175,276175,CCC=NC1CC1,0.44262602325766004,binned_cosine_1Da,77,False,predicted_spectrum,1206
CASMI2022,massformer,completed,53,53,141,CASMI_MOL_1196844,CASMI_MOL_276161,276161,CCC=NC1CC1,0.4426260168760949,binned_cosine_1Da,78,False,predicted_spectrum,1206
CASMI2022,massformer,completed,53,53,141,CASMI_MOL_1196844,CASMI_MOL_276164,276164,CCC=NC1CC1,0.4426260168760949,binned_cosine_1Da,79,False,predicted_spectrum,1206
CASMI2022,massformer,completed,53,53,141,CASMI_MOL_1196844,CASMI_MOL_276455,276455,C=CC1CCNC1,0.4409116393976218,binned_cosine_1Da,80,False,predicted_spectrum,1206
CASMI2022,massformer,completed,53,53,141,CASMI_MOL_1196844,CASMI_MOL_276572,276572,C=CC1CCNC1,0.4409116393976218,binned_cosine_1Da,81,False,predicted_spectrum,1206
CASMI2022,massformer,completed,53,53,141,CASMI_MOL_1196844,CASMI_MOL_276365,276365,C=CC1CCNC1,0.44091162762856484,binned_cosine_1Da,82,False,predicted_spectrum,1206
CASMI2022,massformer,completed,53,53,141,CASMI_MOL_1196844,CASMI_MOL_276537,276537,CN1C=CCCC1,0.43947240844475305,binned_cosine_1Da,83,False,predicted_spectrum,1206
CASMI2022,massformer,completed,53,53,141,CASMI_MOL_1196844,CASMI_MOL_275455,275455,CC=CC(C)C=N,0.4386065096542824,binned_cosine_1Da,84,False,predicted_spectrum,1206
CASMI2022,massformer,completed,53,53,141,CASMI_MOL_1196844,CASMI_MOL_275839,275839,CC=CC(C)C=N,0.4386065096542824,binned_cosine_1Da,85,False,predicted_spectrum,1206
CASMI2022,massformer,completed,53,53,141,CASMI_MOL_1196844,CASMI_MOL_275848,275848,CC=CC(C)C=N,0.4386065096542824,binned_cosine_1Da,86,False,predicted_spectrum,1206
CASMI2022,massformer,completed,53,53,141,CASMI_MOL_1196844,CASMI_MOL_275571,275571,CC=CC(C)C=N,0.4386065093057514,binned_cosine_1Da,87,False,predicted_spectrum,1206
CASMI2022,massformer,completed,53,53,141,CASMI_MOL_1196844,CASMI_MOL_275574,275574,CC=CC(C)C=N,0.4386065093057514,binned_cosine_1Da,88,False,predicted_spectrum,1206
CASMI2022,massformer,completed,53,53,141,CASMI_MOL_1196844,CASMI_MOL_276240,276240,CC=CC(C)C=N,0.4386065093057514,binned_cosine_1Da,89,False,predicted_spectrum,1206
CASMI2022,massformer,completed,53,53,141,CASMI_MOL_1196844,CASMI_MOL_275751,275751,CC=CC(C)=NC,0.43785055532082895,binned_cosine_1Da,90,False,predicted_spectrum,1206
CASMI2022,massformer,completed,53,53,141,CASMI_MOL_1196844,CASMI_MOL_275781,275781,CC=CC(C)=NC,0.43785055532082895,binned_cosine_1Da,91,False,predicted_spectrum,1206
CASMI2022,massformer,completed,53,53,141,CASMI_MOL_1196844,CASMI_MOL_276182,276182,CC=CC(C)=NC,0.4378505486737969,binned_cosine_1Da,92,False,predicted_spectrum,1206
CASMI2022,massformer,completed,53,53,141,CASMI_MOL_1196844,CASMI_MOL_276447,276447,CC=CC(C)=NC,0.4378505486737969,binned_cosine_1Da,93,False,predicted_spectrum,1206
CASMI2022,massformer,completed,53,53,141,CASMI_MOL_1196844,CASMI_MOL_276163,276163,CC=CC(C)=NC,0.43785054384296107,binned_cosine_1Da,94,False,predicted_spectrum,1206
CASMI2022,massformer,completed,53,53,141,CASMI_MOL_1196844,CASMI_MOL_275681,275681,C#CN(C)C(C)C,0.4377998626181009,binned_cosine_1Da,95,False,predicted_spectrum,1206
CASMI2022,massformer,completed,53,53,141,CASMI_MOL_1196844,CASMI_MOL_276475,276475,CCN1CC=CC1,0.4376714481707027,binned_cosine_1Da,96,False,predicted_spectrum,1206
CASMI2022,massformer,completed,53,53,141,CASMI_MOL_1196844,CASMI_MOL_275791,275791,CC=CCN=CC,0.4370230205539415,binned_cosine_1Da,97,False,predicted_spectrum,1206
CASMI2022,massformer,completed,53,53,141,CASMI_MOL_1196844,CASMI_MOL_275956,275956,CC=CCN=CC,0.4370230205539415,binned_cosine_1Da,98,False,predicted_spectrum,1206
CASMI2022,massformer,completed,53,53,141,CASMI_MOL_1196844,CASMI_MOL_275741,275741,CC=CCN=CC,0.43702301081768463,binned_cosine_1Da,99,False,predicted_spectrum,1206
CASMI2022,massformer,completed,53,53,141,CASMI_MOL_1196844,CASMI_MOL_275795,275795,CC=CCN=CC,0.43702301081768463,binned_cosine_1Da,100,False,predicted_spectrum,1206
CASMI2022,massformer,completed,53,53,141,CASMI_MOL_1196844,CASMI_MOL_1196844,1196844,C=CCNCC=C,0.12755960582898596,binned_cosine_1Da,1000,True,predicted_spectrum,1206
CASMI2022,massformer,completed,54,54,142,CASMI_MOL_1196845,CASMI_MOL_277275,277275,N#Cc1ccc(Cc2nc(=O)cc[nH]2)cc1,0.7882752091286696,binned_cosine_1Da,1,False,predicted_spectrum,6814
CASMI2022,massformer,completed,54,54,142,CASMI_MOL_1196845,CASMI_MOL_282033,282033,O=C1Nc2ccccc2Cc2nnccc21,0.784536998822148,binned_cosine_1Da,2,False,predicted_spectrum,6814
CASMI2022,massformer,completed,54,54,142,CASMI_MOL_1196845,CASMI_MOL_282243,282243,Cn1nc(-c2ccc(C#N)cc2)ccc1=O,0.7843000462503902,binned_cosine_1Da,3,False,predicted_spectrum,6814
CASMI2022,massformer,completed,54,54,142,CASMI_MOL_1196845,CASMI_MOL_278327,278327,c1cncc(-c2[nH]ncc2-c2ccoc2)c1,0.7829363893970753,binned_cosine_1Da,4,False,predicted_spectrum,6814
CASMI2022,massformer,completed,54,54,142,CASMI_MOL_1196845,CASMI_MOL_282231,282231,O=c1[nH]c2cc(-c3ccccc3)cnc2[nH]1,0.7799027578952357,binned_cosine_1Da,5,False,predicted_spectrum,6814
CASMI2022,massformer,completed,54,54,142,CASMI_MOL_1196845,CASMI_MOL_277504,277504,c1ccc(-c2cc(-c3ccc[nH]3)on2)nc1,0.7798428678956237,binned_cosine_1Da,6,False,predicted_spectrum,6814
CASMI2022,massformer,completed,54,54,142,CASMI_MOL_1196845,CASMI_MOL_277820,277820,O=c1[nH]ncc2[nH]c(-c3ccccc3)cc12,0.7786994093257688,binned_cosine_1Da,7,False,predicted_spectrum,6814
CASMI2022,massformer,completed,54,54,142,CASMI_MOL_1196845,CASMI_MOL_278469,278469,[O-][n+]1ccc2ncn(-c3ccccc3)c2c1,0.7782246125768367,binned_cosine_1Da,8,False,predicted_spectrum,6814
CASMI2022,massformer,completed,54,54,142,CASMI_MOL_1196845,CASMI_MOL_281386,281386,[O-][n+]1ccc2cc(-n3cccn3)ccc2c1,0.7778116544417788,binned_cosine_1Da,9,False,predicted_spectrum,6814
CASMI2022,massformer,completed,54,54,142,CASMI_MOL_1196845,CASMI_MOL_280333,280333,Cc1ccc(-c2n[nH]c(=O)cc2C#N)cc1,0.7772418397431154,binned_cosine_1Da,10,False,predicted_spectrum,6814
CASMI2022,massformer,completed,54,54,142,CASMI_MOL_1196845,CASMI_MOL_282954,282954,Cc1cc(=O)[nH]nc1-c1cccc(C#N)c1,0.7751124444742288,binned_cosine_1Da,11,False,predicted_spectrum,6814
CASMI2022,massformer,completed,54,54,142,CASMI_MOL_1196845,CASMI_MOL_277696,277696,Oc1ccc(-c2ccc3c[nH]nc3n2)cc1,0.7736733538592002,binned_cosine_1Da,12,False,predicted_spectrum,6814
CASMI2022,massformer,completed,54,54,142,CASMI_MOL_1196845,CASMI_MOL_282659,282659,O=c1[nH]c(-c2ccccc2)cc2nccn12,0.7736427802629581,binned_cosine_1Da,13,False,predicted_spectrum,6814
CASMI2022,massformer,completed,54,54,142,CASMI_MOL_1196845,CASMI_MOL_277740,277740,O=c1cc[nH]c2[nH]nc(-c3ccccc3)c12,0.7734388384001335,binned_cosine_1Da,14,False,predicted_spectrum,6814
CASMI2022,massformer,completed,54,54,142,CASMI_MOL_1196845,CASMI_MOL_282923,282923,Cc1cccc(-n2cnc(=O)c(C#N)c2)c1,0.7731370247964966,binned_cosine_1Da,15,False,predicted_spectrum,6814
CASMI2022,massformer,completed,54,54,142,CASMI_MOL_1196845,CASMI_MOL_282914,282914,Cc1cc(=O)[nH]nc1-c1ccc(C#N)cc1,0.7729687328482326,binned_cosine_1Da,16,False,predicted_spectrum,6814
CASMI2022,massformer,completed,54,54,142,CASMI_MOL_1196845,CASMI_MOL_280331,280331,Cc1cccc(-c2n[nH]c(=O)cc2C#N)c1,0.7726678544182007,binned_cosine_1Da,17,False,predicted_spectrum,6814
CASMI2022,massformer,completed,54,54,142,CASMI_MOL_1196845,CASMI_MOL_278505,278505,c1cnc(Oc2ccc3cc[nH]c3c2)nc1,0.7724384500427728,binned_cosine_1Da,18,False,predicted_spectrum,6814
CASMI2022,massformer,completed,54,54,142,CASMI_MOL_1196845,CASMI_MOL_283349,283349,O=c1cc(-c2ccccc2)[nH]c2nccn12,0.7722792168647594,binned_cosine_1Da,19,False,predicted_spectrum,6814
CASMI2022,massformer,completed,54,54,142,CASMI_MOL_1196845,CASMI_MOL_278551,278551,Oc1cc2ccc(-c3cccnn3)cc2[nH]1,0.77198230382859,binned_cosine_1Da,20,False,predicted_spectrum,6814
CASMI2022,massformer,completed,54,54,142,CASMI_MOL_1196845,CASMI_MOL_282734,282734,c1cnc(Oc2ccc3[nH]ccc3c2)nc1,0.7713490195860788,binned_cosine_1Da,21,False,predicted_spectrum,6814
CASMI2022,massformer,completed,54,54,142,CASMI_MOL_1196845,CASMI_MOL_277096,277096,N#Cc1ccc(Cc2cc[nH]c(=O)n2)cc1,0.7713137789165521,binned_cosine_1Da,22,False,predicted_spectrum,6814
CASMI2022,massformer,completed,54,54,142,CASMI_MOL_1196845,CASMI_MOL_281359,281359,C(=Cc1[nH]nc2ccccc12)c1cnoc1,0.7710982424158771,binned_cosine_1Da,23,False,predicted_spectrum,6814
CASMI2022,massformer,completed,54,54,142,CASMI_MOL_1196845,CASMI_MOL_281360,281360,C(=Cc1[nH]nc2ccccc12)c1cnoc1,0.7710982424158771,binned_cosine_1Da,24,False,predicted_spectrum,6814
CASMI2022,massformer,completed,54,54,142,CASMI_MOL_1196845,CASMI_MOL_282010,282010,C1=CCC(c2nc(-c3cccnc3)no2)=C1,0.7709682053779552,binned_cosine_1Da,25,False,predicted_spectrum,6814
CASMI2022,massformer,completed,54,54,142,CASMI_MOL_1196845,CASMI_MOL_281097,281097,O=c1[nH]cc(-c2ccccc2)n2cncc12,0.7707558201507748,binned_cosine_1Da,26,False,predicted_spectrum,6814
CASMI2022,massformer,completed,54,54,142,CASMI_MOL_1196845,CASMI_MOL_277803,277803,Oc1nc(-c2ccccc2)n2ccncc12,0.7706116733087547,binned_cosine_1Da,27,False,predicted_spectrum,6814
CASMI2022,massformer,completed,54,54,142,CASMI_MOL_1196845,CASMI_MOL_282590,282590,Cc1ccc(-c2nc(=O)c(C#N)c[nH]2)cc1,0.769871084572859,binned_cosine_1Da,28,False,predicted_spectrum,6814
CASMI2022,massformer,completed,54,54,142,CASMI_MOL_1196845,CASMI_MOL_277348,277348,Cc1cc(Oc2ccc(C#N)cc2)ncn1,0.7696733372782019,binned_cosine_1Da,29,False,predicted_spectrum,6814
CASMI2022,massformer,completed,54,54,142,CASMI_MOL_1196845,CASMI_MOL_282936,282936,Cc1cc2nc(-c3ccco3)ccc2nn1,0.768970215307946,binned_cosine_1Da,30,False,predicted_spectrum,6814
CASMI2022,massformer,completed,54,54,142,CASMI_MOL_1196845,CASMI_MOL_279600,279600,N#CC(C(=N)c1ccoc1)c1ccncc1,0.7684671733644589,binned_cosine_1Da,31,False,predicted_spectrum,6814
CASMI2022,massformer,completed,54,54,142,CASMI_MOL_1196845,CASMI_MOL_281362,281362,C(=Cc1[nH]nc2ccccc12)c1ccon1,0.7683684524218705,binned_cosine_1Da,32,False,predicted_spectrum,6814
CASMI2022,massformer,completed,54,54,142,CASMI_MOL_1196845,CASMI_MOL_281361,281361,C(=Cc1[nH]nc2ccccc12)c1ccon1,0.7683683487567701,binned_cosine_1Da,33,False,predicted_spectrum,6814
CASMI2022,massformer,completed,54,54,142,CASMI_MOL_1196845,CASMI_MOL_277224,277224,Cc1ccc(=O)n(-c2ccc(C#N)cc2)n1,0.7682439877313596,binned_cosine_1Da,34,False,predicted_spectrum,6814
CASMI2022,massformer,completed,54,54,142,CASMI_MOL_1196845,CASMI_MOL_282114,282114,Oc1cnc2[nH]c(-c3ccccc3)nc2c1,0.7682017061808144,binned_cosine_1Da,35,False,predicted_spectrum,6814
CASMI2022,massformer,completed,54,54,142,CASMI_MOL_1196845,CASMI_MOL_280627,280627,Cc1ccc2nc(-c3cccnc3)oc2n1,0.7679979057783841,binned_cosine_1Da,36,False,predicted_spectrum,6814
CASMI2022,massformer,completed,54,54,142,CASMI_MOL_1196845,CASMI_MOL_279943,279943,O=c1nc2[nH]c(-c3ccccc3)cc2c[nH]1,0.7677940256493976,binned_cosine_1Da,37,False,predicted_spectrum,6814
CASMI2022,massformer,completed,54,54,142,CASMI_MOL_1196845,CASMI_MOL_282424,282424,Cc1ccc(-c2cc(C#N)[nH]c(=O)n2)cc1,0.7676181867754095,binned_cosine_1Da,38,False,predicted_spectrum,6814
CASMI2022,massformer,completed,54,54,142,CASMI_MOL_1196845,CASMI_MOL_277580,277580,O=c1[nH]cc(-c2ccccc2)c2nccn12,0.7675446686719765,binned_cosine_1Da,39,False,predicted_spectrum,6814
CASMI2022,massformer,completed,54,54,142,CASMI_MOL_1196845,CASMI_MOL_277682,277682,Oc1cnc2cnc(-c3ccccc3)cn12,0.767228458875123,binned_cosine_1Da,40,False,predicted_spectrum,6814
CASMI2022,massformer,completed,54,54,142,CASMI_MOL_1196845,CASMI_MOL_278550,278550,O=c1ccc2ccccc2n1-c1cc[nH]n1,0.7669599204746825,binned_cosine_1Da,41,False,predicted_spectrum,6814
CASMI2022,massformer,completed,54,54,142,CASMI_MOL_1196845,CASMI_MOL_277149,277149,[O-][n+]1cnc2c(ccn2-c2ccccc2)c1,0.7667951683219165,binned_cosine_1Da,42,False,predicted_spectrum,6814
CASMI2022,massformer,completed,54,54,142,CASMI_MOL_1196845,CASMI_MOL_278356,278356,On1c(-c2ccccn2)nc2ccccc21,0.766794847706685,binned_cosine_1Da,43,False,predicted_spectrum,6814
CASMI2022,massformer,completed,54,54,142,CASMI_MOL_1196845,CASMI_MOL_278358,278358,On1c(-c2cccnc2)nc2ccccc21,0.7666329468126927,binned_cosine_1Da,44,False,predicted_spectrum,6814
CASMI2022,massformer,completed,54,54,142,CASMI_MOL_1196845,CASMI_MOL_282618,282618,c1ccc(Nc2noc3ccccc23)nc1,0.7663965142185603,binned_cosine_1Da,45,False,predicted_spectrum,6814
CASMI2022,massformer,completed,54,54,142,CASMI_MOL_1196845,CASMI_MOL_279930,279930,Oc1ccc2c(cnn2-c2cccnc2)c1,0.7662170492845884,binned_cosine_1Da,46,False,predicted_spectrum,6814
CASMI2022,massformer,completed,54,54,142,CASMI_MOL_1196845,CASMI_MOL_280007,280007,[C-]#[N+]c1ncnc(-c2ccc(C)cc2)c1O,0.7660994259977284,binned_cosine_1Da,47,False,predicted_spectrum,6814
CASMI2022,massformer,completed,54,54,142,CASMI_MOL_1196845,CASMI_MOL_280330,280330,Cn1nc(-c2ccccc2)c(C#N)cc1=O,0.7653586274983526,binned_cosine_1Da,48,False,predicted_spectrum,6814
CASMI2022,massformer,completed,54,54,142,CASMI_MOL_1196845,CASMI_MOL_278804,278804,Oc1cccc(-n2cnc3cccnc32)c1,0.7653269578495179,binned_cosine_1Da,49,False,predicted_spectrum,6814
CASMI2022,massformer,completed,54,54,142,CASMI_MOL_1196845,CASMI_MOL_277568,277568,Oc1cc2ccccc2n1-c1ncccn1,0.765148117370757,binned_cosine_1Da,50,False,predicted_spectrum,6814
CASMI2022,massformer,completed,54,54,142,CASMI_MOL_1196845,CASMI_MOL_278447,278447,C#CCn1nc(-c2ccncc2)cc1C=O,0.7649650320615369,binned_cosine_1Da,51,False,predicted_spectrum,6814
CASMI2022,massformer,completed,54,54,142,CASMI_MOL_1196845,CASMI_MOL_282869,282869,O=c1[nH]c(-c2ccccc2)cn2ccnc12,0.7646844893616778,binned_cosine_1Da,52,False,predicted_spectrum,6814
CASMI2022,massformer,completed,54,54,142,CASMI_MOL_1196845,CASMI_MOL_277895,277895,Cc1cncc(Oc2ccc(C#N)cc2)n1,0.7634734140086562,binned_cosine_1Da,53,False,predicted_spectrum,6814
CASMI2022,massformer,completed,54,54,142,CASMI_MOL_1196845,CASMI_MOL_280332,280332,Cc1ccccc1-c1n[nH]c(=O)cc1C#N,0.7634359205000455,binned_cosine_1Da,54,False,predicted_spectrum,6814
CASMI2022,massformer,completed,54,54,142,CASMI_MOL_1196845,CASMI_MOL_277945,277945,N#Cc1ccc(-c2cnn3c2OCC3)cc1,0.7629833953972092,binned_cosine_1Da,55,False,predicted_spectrum,6814
CASMI2022,massformer,completed,54,54,142,CASMI_MOL_1196845,CASMI_MOL_279511,279511,N#Cc1ccccc1-n1ncc2c1COC2,0.7629696134805937,binned_cosine_1Da,56,False,predicted_spectrum,6814
CASMI2022,massformer,completed,54,54,142,CASMI_MOL_1196845,CASMI_MOL_278802,278802,Oc1ccc(-n2cnc3cccnc32)cc1,0.7626684697813115,binned_cosine_1Da,57,False,predicted_spectrum,6814
CASMI2022,massformer,completed,54,54,142,CASMI_MOL_1196845,CASMI_MOL_277746,277746,Cc1ccc(-c2nc(=O)cc(C#N)[nH]2)cc1,0.7624250242688201,binned_cosine_1Da,58,False,predicted_spectrum,6814
CASMI2022,massformer,completed,54,54,142,CASMI_MOL_1196845,CASMI_MOL_277231,277231,c1cncc(Oc2ccc3[nH]cnc3c2)c1,0.7623228940971836,binned_cosine_1Da,59,False,predicted_spectrum,6814
CASMI2022,massformer,completed,54,54,142,CASMI_MOL_1196845,CASMI_MOL_277798,277798,Oc1ccc(-c2[nH]nc3ncccc23)cc1,0.7619590950277048,binned_cosine_1Da,60,False,predicted_spectrum,6814
CASMI2022,massformer,completed,54,54,142,CASMI_MOL_1196845,CASMI_MOL_278504,278504,c1cncc(Oc2ccn3ccnc3c2)c1,0.7618276810897431,binned_cosine_1Da,61,False,predicted_spectrum,6814
CASMI2022,massformer,completed,54,54,142,CASMI_MOL_1196845,CASMI_MOL_279875,279875,c1cncc(Oc2nc3ccccc3[nH]2)c1,0.761726062361672,binned_cosine_1Da,62,False,predicted_spectrum,6814
CASMI2022,massformer,completed,54,54,142,CASMI_MOL_1196845,CASMI_MOL_280605,280605,Cc1ccc(-c2cc(C#N)c(=O)[nH]n2)cc1,0.7615371495496408,binned_cosine_1Da,63,False,predicted_spectrum,6814
CASMI2022,massformer,completed,54,54,142,CASMI_MOL_1196845,CASMI_MOL_282872,282872,O=c1ccc(-n2ccc3ccccc32)n[nH]1,0.7612784792473788,binned_cosine_1Da,64,False,predicted_spectrum,6814
CASMI2022,massformer,completed,54,54,142,CASMI_MOL_1196845,CASMI_MOL_279383,279383,Oc1ccc2ccnc(-n3cccn3)c2c1,0.7605925434884304,binned_cosine_1Da,65,False,predicted_spectrum,6814
CASMI2022,massformer,completed,54,54,142,CASMI_MOL_1196845,CASMI_MOL_281391,281391,Cc1ccc(-c2ncnc(C#N)c2O)cc1,0.7604985042534622,binned_cosine_1Da,66,False,predicted_spectrum,6814
CASMI2022,massformer,completed,54,54,142,CASMI_MOL_1196845,CASMI_MOL_277650,277650,Oc1cc2ccccc2nc1-c1cc[nH]n1,0.7604738842957913,binned_cosine_1Da,67,False,predicted_spectrum,6814
CASMI2022,massformer,completed,54,54,142,CASMI_MOL_1196845,CASMI_MOL_277775,277775,Oc1ccc(-c2cccc3ccnn23)nc1,0.7604256081677442,binned_cosine_1Da,68,False,predicted_spectrum,6814
CASMI2022,massformer,completed,54,54,142,CASMI_MOL_1196845,CASMI_MOL_282029,282029,Cc1cnc2oc(-c3ccncc3)nc2c1,0.7602340285854456,binned_cosine_1Da,69,False,predicted_spectrum,6814
CASMI2022,massformer,completed,54,54,142,CASMI_MOL_1196845,CASMI_MOL_282692,282692,Cc1cc(=O)[nH]nc1-c1ccccc1C#N,0.7601423550985345,binned_cosine_1Da,70,False,predicted_spectrum,6814
CASMI2022,massformer,completed,54,54,142,CASMI_MOL_1196845,CASMI_MOL_280669,280669,Cc1ccccc1-c1nc(=O)c(C#N)c[nH]1,0.7597613500148963,binned_cosine_1Da,71,False,predicted_spectrum,6814
CASMI2022,massformer,completed,54,54,142,CASMI_MOL_1196845,CASMI_MOL_277292,277292,c1ccc(Oc2ccn3ccnc3c2)nc1,0.7596184001811052,binned_cosine_1Da,72,False,predicted_spectrum,6814
CASMI2022,massformer,completed,54,54,142,CASMI_MOL_1196845,CASMI_MOL_279510,279510,N#Cc1cccc(-n2ncc3c2COC3)c1,0.7592335313136873,binned_cosine_1Da,73,False,predicted_spectrum,6814
CASMI2022,massformer,completed,54,54,142,CASMI_MOL_1196845,CASMI_MOL_282364,282364,Oc1ccc(-c2cn3cccnc3n2)cc1,0.759140651049375,binned_cosine_1Da,74,False,predicted_spectrum,6814
CASMI2022,massformer,completed,54,54,142,CASMI_MOL_1196845,CASMI_MOL_282953,282953,O=c1cc2nc(-c3ccccc3)ccn2[nH]1,0.7586961975771292,binned_cosine_1Da,75,False,predicted_spectrum,6814
CASMI2022,massformer,completed,54,54,142,CASMI_MOL_1196845,CASMI_MOL_276643,276643,O=c1ccc(-c2ccc3[nH]ncc3c2)c[nH]1,0.7586439782817614,binned_cosine_1Da,76,False,predicted_spectrum,6814
CASMI2022,massformer,completed,54,54,142,CASMI_MOL_1196845,CASMI_MOL_283300,283300,c1ccc(Nc2cccc3nonc23)cc1,0.7586322990297943,binned_cosine_1Da,77,False,predicted_spectrum,6814
CASMI2022,massformer,completed,54,54,142,CASMI_MOL_1196845,CASMI_MOL_280626,280626,Cc1ccc2nc(-c3ccccn3)oc2n1,0.7583947623787721,binned_cosine_1Da,78,False,predicted_spectrum,6814
CASMI2022,massformer,completed,54,54,142,CASMI_MOL_1196845,CASMI_MOL_277767,277767,O=c1[nH]nc(-c2cccc3ccccc23)[nH]1,0.758352119509527,binned_cosine_1Da,79,False,predicted_spectrum,6814
CASMI2022,massformer,completed,54,54,142,CASMI_MOL_1196845,CASMI_MOL_283277,283277,O=c1[nH]n2cccnc2c1-c1ccccc1,0.7582245364225265,binned_cosine_1Da,80,False,predicted_spectrum,6814
CASMI2022,massformer,completed,54,54,142,CASMI_MOL_1196845,CASMI_MOL_278533,278533,c1ccc2c(c1)CC1Oc3nccnc3N21,0.7581212148630905,binned_cosine_1Da,81,False,predicted_spectrum,6814
CASMI2022,massformer,completed,54,54,142,CASMI_MOL_1196845,CASMI_MOL_280668,280668,Cc1cccc(-c2nc(=O)c(C#N)c[nH]2)c1,0.7580532000560758,binned_cosine_1Da,82,False,predicted_spectrum,6814
CASMI2022,massformer,completed,54,54,142,CASMI_MOL_1196845,CASMI_MOL_277726,277726,Oc1ccc(-c2ccn3ccnc3n2)cc1,0.7580408208778708,binned_cosine_1Da,83,False,predicted_spectrum,6814
CASMI2022,massformer,completed,54,54,142,CASMI_MOL_1196845,CASMI_MOL_281266,281266,c1cnc(Oc2cc3ccccc3[nH]2)nc1,0.7580311510051365,binned_cosine_1Da,84,False,predicted_spectrum,6814
CASMI2022,massformer,completed,54,54,142,CASMI_MOL_1196845,CASMI_MOL_280738,280738,Cn1nc(-c2cccc(C#N)c2)ccc1=O,0.7579846613073997,binned_cosine_1Da,85,False,predicted_spectrum,6814
CASMI2022,massformer,completed,54,54,142,CASMI_MOL_1196845,CASMI_MOL_278534,278534,c1ccc2c(c1)CC1Oc3ncncc3N21,0.7578842356243036,binned_cosine_1Da,86,False,predicted_spectrum,6814
CASMI2022,massformer,completed,54,54,142,CASMI_MOL_1196845,CASMI_MOL_281400,281400,C1=Nc2ccccc2OC1c1ncccn1,0.757815299389761,binned_cosine_1Da,87,False,predicted_spectrum,6814
CASMI2022,massformer,completed,54,54,142,CASMI_MOL_1196845,CASMI_MOL_282141,282141,c1cncc(Nc2noc3ccccc23)c1,0.7577796329528858,binned_cosine_1Da,88,False,predicted_spectrum,6814
CASMI2022,massformer,completed,54,54,142,CASMI_MOL_1196845,CASMI_MOL_278892,278892,N#Cc1cc(-c2ccc3c(c2)CCO3)[nH]n1,0.7574116213445592,binned_cosine_1Da,89,False,predicted_spectrum,6814
CASMI2022,massformer,completed,54,54,142,CASMI_MOL_1196845,CASMI_MOL_277479,277479,Nc1cccc2c(-c3nnco3)cccc12,0.7570305297837032,binned_cosine_1Da,90,False,predicted_spectrum,6814
CASMI2022,massformer,completed,54,54,142,CASMI_MOL_1196845,CASMI_MOL_280684,280684,N#Cc1[nH]nc2c1CCOc1ccccc1-2,0.7569877644108476,binned_cosine_1Da,91,False,predicted_spectrum,6814
CASMI2022,massformer,completed,54,54,142,CASMI_MOL_1196845,CASMI_MOL_278803,278803,Oc1ccccc1-n1cnc2cccnc21,0.7567635816409148,binned_cosine_1Da,92,False,predicted_spectrum,6814
CASMI2022,massformer,completed,54,54,142,CASMI_MOL_1196845,CASMI_MOL_281526,281526,Nc1nnc(-c2ccoc2)c2ccccc12,0.7563147770332679,binned_cosine_1Da,93,False,predicted_spectrum,6814
CASMI2022,massformer,completed,54,54,142,CASMI_MOL_1196845,CASMI_MOL_277704,277704,[N-]=[N+]=Cc1c(O)cccc1-c1ccccn1,0.7561165170029167,binned_cosine_1Da,94,False,predicted_spectrum,6814
CASMI2022,massformer,completed,54,54,142,CASMI_MOL_1196845,CASMI_MOL_282913,282913,COc1ccc(-c2cc(C#N)cnn2)cc1,0.7557547724128413,binned_cosine_1Da,95,False,predicted_spectrum,6814
CASMI2022,massformer,completed,54,54,142,CASMI_MOL_1196845,CASMI_MOL_282867,282867,Cc1ccnc(-c2nc3ncccc3o2)c1,0.7557201966991083,binned_cosine_1Da,96,False,predicted_spectrum,6814
CASMI2022,massformer,completed,54,54,142,CASMI_MOL_1196845,CASMI_MOL_281086,281086,COc1ccc(-c2ncc(C#N)cn2)cc1,0.7555488538645498,binned_cosine_1Da,97,False,predicted_spectrum,6814
CASMI2022,massformer,completed,54,54,142,CASMI_MOL_1196845,CASMI_MOL_283083,283083,O=c1[nH]n(-c2cccnc2)c2ccccc12,0.7555116549800275,binned_cosine_1Da,98,False,predicted_spectrum,6814
CASMI2022,massformer,completed,54,54,142,CASMI_MOL_1196845,CASMI_MOL_279016,279016,Cc1ccc(Oc2ccc(C#N)nc2)cn1,0.7554601759680559,binned_cosine_1Da,99,False,predicted_spectrum,6814
CASMI2022,massformer,completed,54,54,142,CASMI_MOL_1196845,CASMI_MOL_282111,282111,Oc1ccc(-c2cnn3cccnc23)cc1,0.7550061059515945,binned_cosine_1Da,100,False,predicted_spectrum,6814
CASMI2022,massformer,completed,54,54,142,CASMI_MOL_1196845,CASMI_MOL_1196845,1196845,O=C1Nc2ccccc2C1=Cc1c[nH]cn1,0.6207964406362853,binned_cosine_1Da,1111,True,predicted_spectrum,6814
CASMI2022,massformer,completed,55,55,147,CASMI_MOL_1196846,CASMI_MOL_290991,290991,C=CCC12COCC(C)(CC(c3c(OC)cc(OC)cc3OC)C1)O2,0.5186201289039821,binned_cosine_1Da,1,False,predicted_spectrum,9288
CASMI2022,massformer,completed,55,55,147,CASMI_MOL_1196846,CASMI_MOL_284724,284724,Cc1coc2c1C(OC(=O)CC(C)C)C1(C)C(CCCC1(C)O)C2=O,0.5110211099407415,binned_cosine_1Da,2,False,predicted_spectrum,9288
CASMI2022,massformer,completed,55,55,147,CASMI_MOL_1196846,CASMI_MOL_284725,284725,Cc1coc2c1C(OC(=O)CC(C)C)C1(C)C(CCCC1(C)O)C2=O,0.5110210887997941,binned_cosine_1Da,3,False,predicted_spectrum,9288
CASMI2022,massformer,completed,55,55,147,CASMI_MOL_1196846,CASMI_MOL_287430,287430,CCCCCCCCCC(=O)c1c2c(c(O)c3c1OCO3)OC(C)C2,0.49994963907789286,binned_cosine_1Da,4,False,predicted_spectrum,9288
CASMI2022,massformer,completed,55,55,147,CASMI_MOL_1196846,CASMI_MOL_290977,290977,C=C(CC1(C(=O)OCC)CC2(C)C=CCC(C)(C1)C2=O)C(=O)OCC,0.4976556380975113,binned_cosine_1Da,5,False,predicted_spectrum,9288
CASMI2022,massformer,completed,55,55,147,CASMI_MOL_1196846,CASMI_MOL_291041,291041,CC(=O)OC1C2C(C=C3CC(=O)C4(COC(C)(C)O4)C32C)CC1(C)C,0.49690689166187996,binned_cosine_1Da,6,False,predicted_spectrum,9288
CASMI2022,massformer,completed,55,55,147,CASMI_MOL_1196846,CASMI_MOL_284547,284547,CCC(C)C(=O)OC1c2c(C)coc2C(=O)C2C(O)CCC(C)C12C,0.49526900314053895,binned_cosine_1Da,7,False,predicted_spectrum,9288
CASMI2022,massformer,completed,55,55,147,CASMI_MOL_1196846,CASMI_MOL_284891,284891,CCC(C)C(=O)OC1c2c(C)coc2C(=O)C2C(O)CCC(C)C12C,0.4952689898097495,binned_cosine_1Da,8,False,predicted_spectrum,9288
CASMI2022,massformer,completed,55,55,147,CASMI_MOL_1196846,CASMI_MOL_291313,291313,COC(=O)C1(C)CCCC2(C)C(=O)CCC3C(=O)CC(CCC21)C3=O,0.4948365095939715,binned_cosine_1Da,9,False,predicted_spectrum,9288
CASMI2022,massformer,completed,55,55,147,CASMI_MOL_1196846,CASMI_MOL_285201,285201,COC(=O)C1(C)CCCC2(C)C(=O)CCC3C(=O)CC(CCC21)C3=O,0.49483649234102045,binned_cosine_1Da,10,False,predicted_spectrum,9288
CASMI2022,massformer,completed,55,55,147,CASMI_MOL_1196846,CASMI_MOL_287030,287030,COC(=O)C1(C)CCCC2(C)C(=O)CCC3C(=O)CC(CCC21)C3=O,0.49483649234102045,binned_cosine_1Da,11,False,predicted_spectrum,9288
CASMI2022,massformer,completed,55,55,147,CASMI_MOL_1196846,CASMI_MOL_291312,291312,COC(=O)C1(C)CCCC2(C)C(=O)CCC3C(=O)CC(CCC21)C3=O,0.49483649234102045,binned_cosine_1Da,12,False,predicted_spectrum,9288
CASMI2022,massformer,completed,55,55,147,CASMI_MOL_1196846,CASMI_MOL_284746,284746,CC(C)CC(=O)OC1CCC2C(=O)c3occ(CO)c3CC2(C)C1C,0.49476784043646044,binned_cosine_1Da,13,False,predicted_spectrum,9288
CASMI2022,massformer,completed,55,55,147,CASMI_MOL_1196846,CASMI_MOL_284747,284747,CC(C)CC(=O)OC1CCC2C(=O)c3occ(CO)c3CC2(C)C1C,0.49476784043646044,binned_cosine_1Da,14,False,predicted_spectrum,9288
CASMI2022,massformer,completed,55,55,147,CASMI_MOL_1196846,CASMI_MOL_291028,291028,COC(=O)C1(C(=O)OC)CC=C2C(=C3CCCC3OC2C(C)(C)C)C1,0.4941497160056814,binned_cosine_1Da,15,False,predicted_spectrum,9288
CASMI2022,massformer,completed,55,55,147,CASMI_MOL_1196846,CASMI_MOL_291029,291029,COC(=O)C1(C(=O)OC)CC=C2C(=C3CCCC3OC2C(C)(C)C)C1,0.4941497160056814,binned_cosine_1Da,16,False,predicted_spectrum,9288
CASMI2022,massformer,completed,55,55,147,CASMI_MOL_1196846,CASMI_MOL_288291,288291,CCCC1(C)CCc2c(C)c(OC(=O)CCC(=O)O)c(C)c(C)c2O1,0.4940099934843504,binned_cosine_1Da,17,False,predicted_spectrum,9288
CASMI2022,massformer,completed,55,55,147,CASMI_MOL_1196846,CASMI_MOL_284966,284966,COC(=O)C12OC1C(=O)C1C(C)(CCC3C(C)(C)CCCC31C)C2=O,0.4927158055927547,binned_cosine_1Da,18,False,predicted_spectrum,9288
CASMI2022,massformer,completed,55,55,147,CASMI_MOL_1196846,CASMI_MOL_284347,284347,CCC(=O)OC1C(C)(C)C2C(OC(C)=O)CC(C)C23C=CC(=O)C13C,0.4919843419791212,binned_cosine_1Da,19,False,predicted_spectrum,9288
CASMI2022,massformer,completed,55,55,147,CASMI_MOL_1196846,CASMI_MOL_284392,284392,CCC(=O)OC1C(C)(C)C2C(OC(C)=O)CC(C)C23C=CC(=O)C13C,0.4919843419791212,binned_cosine_1Da,20,False,predicted_spectrum,9288
CASMI2022,massformer,completed,55,55,147,CASMI_MOL_1196846,CASMI_MOL_284348,284348,CCC(=O)OC1C(C)(C)C2C(OC(C)=O)CC(C)C23C=CC(=O)C13C,0.49198428677098394,binned_cosine_1Da,21,False,predicted_spectrum,9288
CASMI2022,massformer,completed,55,55,147,CASMI_MOL_1196846,CASMI_MOL_284393,284393,CCC(=O)OC1C(C)(C)C2C(OC(C)=O)CC(C)C23C=CC(=O)C13C,0.49198428677098394,binned_cosine_1Da,22,False,predicted_spectrum,9288
CASMI2022,massformer,completed,55,55,147,CASMI_MOL_1196846,CASMI_MOL_284617,284617,CC(=O)CCCCCCCCCC1Cc2cc(O)cc(O)c2C(=O)O1,0.4918683507593233,binned_cosine_1Da,23,False,predicted_spectrum,9288
CASMI2022,massformer,completed,55,55,147,CASMI_MOL_1196846,CASMI_MOL_284616,284616,CC(=O)CCCCCCCCCC1Cc2cc(O)cc(O)c2C(=O)O1,0.49186834203164076,binned_cosine_1Da,24,False,predicted_spectrum,9288
CASMI2022,massformer,completed,55,55,147,CASMI_MOL_1196846,CASMI_MOL_284874,284874,Cc1coc2c1C(OC(=O)CC(C)C)C1(C)C(C)CCC(O)C1C2=O,0.4917843171848008,binned_cosine_1Da,25,False,predicted_spectrum,9288
CASMI2022,massformer,completed,55,55,147,CASMI_MOL_1196846,CASMI_MOL_284770,284770,CC(C=O)c1c(O)c(O)c2c(c1O)C(O)CC1C(C)(C)CCCC21C,0.4910135662592742,binned_cosine_1Da,26,False,predicted_spectrum,9288
CASMI2022,massformer,completed,55,55,147,CASMI_MOL_1196846,CASMI_MOL_284771,284771,CC(C=O)c1c(O)c(O)c2c(c1O)C(O)CC1C(C)(C)CCCC21C,0.4910135662592742,binned_cosine_1Da,27,False,predicted_spectrum,9288
CASMI2022,massformer,completed,55,55,147,CASMI_MOL_1196846,CASMI_MOL_291220,291220,COC(=O)C1(C)C=CCC2(C)C3CCCC(OC(C)=O)C3CC(=O)C12,0.49049841835539054,binned_cosine_1Da,28,False,predicted_spectrum,9288
CASMI2022,massformer,completed,55,55,147,CASMI_MOL_1196846,CASMI_MOL_284787,284787,CC=C(C)C(=O)OC1CCC2(C)c3c(coc3O)C(O)CC2C1(C)C,0.4902698756208992,binned_cosine_1Da,29,False,predicted_spectrum,9288
CASMI2022,massformer,completed,55,55,147,CASMI_MOL_1196846,CASMI_MOL_284786,284786,CC=C(C)C(=O)OC1CCC2(C)c3c(coc3O)C(O)CC2C1(C)C,0.49026986345323026,binned_cosine_1Da,30,False,predicted_spectrum,9288
CASMI2022,massformer,completed,55,55,147,CASMI_MOL_1196846,CASMI_MOL_284717,284717,CC(C)CC(=O)OC1C(=O)C2(C)OC2CC1C12CC(CC1=O)C2(C)C,0.4898764224510692,binned_cosine_1Da,31,False,predicted_spectrum,9288
CASMI2022,massformer,completed,55,55,147,CASMI_MOL_1196846,CASMI_MOL_284719,284719,CC(C)CC(=O)OC1C(=O)C2(C)OC2CC1C12CC(CC1=O)C2(C)C,0.4898764224510692,binned_cosine_1Da,32,False,predicted_spectrum,9288
CASMI2022,massformer,completed,55,55,147,CASMI_MOL_1196846,CASMI_MOL_284718,284718,CC(C)CC(=O)OC1C(=O)C2(C)OC2CC1C12CC(CC1=O)C2(C)C,0.4898764206842201,binned_cosine_1Da,33,False,predicted_spectrum,9288
CASMI2022,massformer,completed,55,55,147,CASMI_MOL_1196846,CASMI_MOL_284792,284792,CC(=O)Cc1c(O)c(O)c2c(c1O)C(O)CC1C(C)(C)CCCC21C,0.48958192855986854,binned_cosine_1Da,34,False,predicted_spectrum,9288
CASMI2022,massformer,completed,55,55,147,CASMI_MOL_1196846,CASMI_MOL_291037,291037,CC(=O)Cc1c(O)c(O)c2c(c1O)C(O)CC1C(C)(C)CCCC21C,0.48958192855986854,binned_cosine_1Da,35,False,predicted_spectrum,9288
CASMI2022,massformer,completed,55,55,147,CASMI_MOL_1196846,CASMI_MOL_291040,291040,CC(=O)OC1C2C(CC1(C)C)C1C3C(=O)C4(COC(C)(C)O4)C2(C)C31,0.4882762195739565,binned_cosine_1Da,36,False,predicted_spectrum,9288
CASMI2022,massformer,completed,55,55,147,CASMI_MOL_1196846,CASMI_MOL_286798,286798,CC(=O)OC1=CCC(=O)C23CC(=O)OC2(CC(C)CCCC(C)C)C13,0.4876839790622138,binned_cosine_1Da,37,False,predicted_spectrum,9288
CASMI2022,massformer,completed,55,55,147,CASMI_MOL_1196846,CASMI_MOL_284928,284928,C=C(CO)C12C=C3C(=O)CC(C(C)C)C3(C)CC(O)C1(C)CC(=O)O2,0.4876291780387825,binned_cosine_1Da,38,False,predicted_spectrum,9288
CASMI2022,massformer,completed,55,55,147,CASMI_MOL_1196846,CASMI_MOL_291123,291123,C=C1C(=O)OC2CC3(C)C(OC(=O)C(C)CC)CC(O)C(=C)C3CC12,0.48736038719159047,binned_cosine_1Da,39,False,predicted_spectrum,9288
CASMI2022,massformer,completed,55,55,147,CASMI_MOL_1196846,CASMI_MOL_291219,291219,COC(=O)C12C(=O)CCCC1CC(=O)C1C3CCC(O)C3(C)CCC12,0.487308654949355,binned_cosine_1Da,40,False,predicted_spectrum,9288
CASMI2022,massformer,completed,55,55,147,CASMI_MOL_1196846,CASMI_MOL_284590,284590,COC(=O)CC1CCC2C3CC(=O)CC3(C)CCC2C12COC(=O)C2,0.48674322266177306,binned_cosine_1Da,41,False,predicted_spectrum,9288
CASMI2022,massformer,completed,55,55,147,CASMI_MOL_1196846,CASMI_MOL_284589,284589,COC(=O)CC1CCC2C3CC(=O)CC3(C)CCC2C12COC(=O)C2,0.48674318730775556,binned_cosine_1Da,42,False,predicted_spectrum,9288
CASMI2022,massformer,completed,55,55,147,CASMI_MOL_1196846,CASMI_MOL_290946,290946,COC(=O)CC1CCC2C3CC(=O)CC3(C)CCC2C12COC(=O)C2,0.48674318730775556,binned_cosine_1Da,43,False,predicted_spectrum,9288
CASMI2022,massformer,completed,55,55,147,CASMI_MOL_1196846,CASMI_MOL_284588,284588,C=CC1(C)CC(OC(=O)CC(C)C)C2C(=C)C(=O)OC2C1C(=C)CO,0.48627361008177417,binned_cosine_1Da,44,False,predicted_spectrum,9288
CASMI2022,massformer,completed,55,55,147,CASMI_MOL_1196846,CASMI_MOL_291197,291197,C=CC1(C)CC(OC(=O)CC(C)C)C2C(=C)C(=O)OC2C1C(=C)CO,0.48627361008177417,binned_cosine_1Da,45,False,predicted_spectrum,9288
CASMI2022,massformer,completed,55,55,147,CASMI_MOL_1196846,CASMI_MOL_285202,285202,CC=C(C)C(=O)OC1CCC2(C)c3c(coc3O)CC(O)C2C1(C)C,0.48626940642030403,binned_cosine_1Da,46,False,predicted_spectrum,9288
CASMI2022,massformer,completed,55,55,147,CASMI_MOL_1196846,CASMI_MOL_287947,287947,CC=C(C)C(=O)OC1CCC2(C)c3c(coc3O)CC(O)C2C1(C)C,0.48626940642030403,binned_cosine_1Da,47,False,predicted_spectrum,9288
CASMI2022,massformer,completed,55,55,147,CASMI_MOL_1196846,CASMI_MOL_291254,291254,CC=C(C)C(=O)OC1CCC2(C)c3c(coc3O)CC(O)C2C1(C)C,0.48626940642030403,binned_cosine_1Da,48,False,predicted_spectrum,9288
CASMI2022,massformer,completed,55,55,147,CASMI_MOL_1196846,CASMI_MOL_291311,291311,CC=C(C)C(=O)OC1CCC2(C)c3c(coc3O)CC(O)C2C1(C)C,0.48626940642030403,binned_cosine_1Da,49,False,predicted_spectrum,9288
CASMI2022,massformer,completed,55,55,147,CASMI_MOL_1196846,CASMI_MOL_287946,287946,CC=C(C)C(=O)OC1CCC2(C)c3c(coc3O)CC(O)C2C1(C)C,0.4862693911684063,binned_cosine_1Da,50,False,predicted_spectrum,9288
CASMI2022,massformer,completed,55,55,147,CASMI_MOL_1196846,CASMI_MOL_284707,284707,CCC(C)C(=O)OC1CC2(C)CC3C(=O)OC(C4=C(C)C(O)CC42)C13,0.4858480591436922,binned_cosine_1Da,51,False,predicted_spectrum,9288
CASMI2022,massformer,completed,55,55,147,CASMI_MOL_1196846,CASMI_MOL_284708,284708,CCC(C)C(=O)OC1CC2(C)CC3C(=O)OC(C4=C(C)C(O)CC42)C13,0.4858480591436922,binned_cosine_1Da,52,False,predicted_spectrum,9288
CASMI2022,massformer,completed,55,55,147,CASMI_MOL_1196846,CASMI_MOL_291106,291106,CCC(C)C(=O)OC1CC2(C)CC3C(=O)OC(C4=C(C)C(O)CC42)C13,0.4858480591436922,binned_cosine_1Da,53,False,predicted_spectrum,9288
CASMI2022,massformer,completed,55,55,147,CASMI_MOL_1196846,CASMI_MOL_288300,288300,CCCCC(=O)CCCCCCC1Cc2cc(O)cc(O)c2C(=O)O1,0.48574672416492687,binned_cosine_1Da,54,False,predicted_spectrum,9288
CASMI2022,massformer,completed,55,55,147,CASMI_MOL_1196846,CASMI_MOL_286797,286797,CC(=O)OC1CCC(O)C23CC(=O)OC2(C=C(C)CCC=C(C)C)C13,0.4855578954859989,binned_cosine_1Da,55,False,predicted_spectrum,9288
CASMI2022,massformer,completed,55,55,147,CASMI_MOL_1196846,CASMI_MOL_284497,284497,Cc1coc2c1C(OC(=O)CC(C)C)C1(C)C(C)CCC(=O)C1C2O,0.4848025494895256,binned_cosine_1Da,56,False,predicted_spectrum,9288
CASMI2022,massformer,completed,55,55,147,CASMI_MOL_1196846,CASMI_MOL_284496,284496,Cc1coc2c1C(OC(=O)CC(C)C)C1(C)C(C)CCC(=O)C1C2O,0.48480251805724806,binned_cosine_1Da,57,False,predicted_spectrum,9288
CASMI2022,massformer,completed,55,55,147,CASMI_MOL_1196846,CASMI_MOL_284887,284887,C=C(CO)C1(O)C=C2C(=O)CC(C(C)C)C2(C)CC2OC(=O)CC21C,0.48453200190723406,binned_cosine_1Da,58,False,predicted_spectrum,9288
CASMI2022,massformer,completed,55,55,147,CASMI_MOL_1196846,CASMI_MOL_286238,286238,C=C(CO)C1(O)C=C2C(=O)CC(C(C)C)C2(C)CC2OC(=O)CC21C,0.48453200190723406,binned_cosine_1Da,59,False,predicted_spectrum,9288
CASMI2022,massformer,completed,55,55,147,CASMI_MOL_1196846,CASMI_MOL_286710,286710,CC(C)(C)OC(=O)CCC1(C)C(=O)C=CC23CCC(CC12)C(=O)C3O,0.48447000545694924,binned_cosine_1Da,60,False,predicted_spectrum,9288
CASMI2022,massformer,completed,55,55,147,CASMI_MOL_1196846,CASMI_MOL_284504,284504,C=C1C(=O)OC2CC3(C)C(CC12)C(C)=CC(O)C3OC(=O)C(C)CC,0.48426410589396884,binned_cosine_1Da,61,False,predicted_spectrum,9288
CASMI2022,massformer,completed,55,55,147,CASMI_MOL_1196846,CASMI_MOL_284506,284506,C=C1C(=O)OC2CC3(C)C(CC12)C(C)=CC(O)C3OC(=O)C(C)CC,0.48426410589396884,binned_cosine_1Da,62,False,predicted_spectrum,9288
CASMI2022,massformer,completed,55,55,147,CASMI_MOL_1196846,CASMI_MOL_284507,284507,C=C1C(=O)OC2CC3(C)C(CC12)C(C)=CC(O)C3OC(=O)C(C)CC,0.48426410589396884,binned_cosine_1Da,63,False,predicted_spectrum,9288
CASMI2022,massformer,completed,55,55,147,CASMI_MOL_1196846,CASMI_MOL_284505,284505,C=C1C(=O)OC2CC3(C)C(CC12)C(C)=CC(O)C3OC(=O)C(C)CC,0.4842640878832968,binned_cosine_1Da,64,False,predicted_spectrum,9288
CASMI2022,massformer,completed,55,55,147,CASMI_MOL_1196846,CASMI_MOL_284407,284407,C=C1C(=O)OC2CC3(C)C(O)CC(OC(=O)CC(C)C)C(=C)C3CC12,0.48416163964209247,binned_cosine_1Da,65,False,predicted_spectrum,9288
CASMI2022,massformer,completed,55,55,147,CASMI_MOL_1196846,CASMI_MOL_284285,284285,C=C1C(=O)OC2CC3(C)C(O)CC(OC(=O)CC(C)C)C(=C)C3CC12,0.48416160786719464,binned_cosine_1Da,66,False,predicted_spectrum,9288
CASMI2022,massformer,completed,55,55,147,CASMI_MOL_1196846,CASMI_MOL_284623,284623,CCC(C)C(=O)OC1c2c(C)coc2CC23OC2CCC(C)(O)C13C,0.4841440147367216,binned_cosine_1Da,67,False,predicted_spectrum,9288
CASMI2022,massformer,completed,55,55,147,CASMI_MOL_1196846,CASMI_MOL_284622,284622,CCC(C)C(=O)OC1c2c(C)coc2CC23OC2CCC(C)(O)C13C,0.48414400207342956,binned_cosine_1Da,68,False,predicted_spectrum,9288
CASMI2022,massformer,completed,55,55,147,CASMI_MOL_1196846,CASMI_MOL_283445,283445,CC(C)c1c(O)c(C=O)c2c(c1O)OC(O)C1C(C)(C)CCCC21C,0.48408554941632276,binned_cosine_1Da,69,False,predicted_spectrum,9288
CASMI2022,massformer,completed,55,55,147,CASMI_MOL_1196846,CASMI_MOL_284198,284198,CC(C)c1c(O)c(C=O)c2c(c1O)OC(O)C1C(C)(C)CCCC21C,0.48408554941632276,binned_cosine_1Da,70,False,predicted_spectrum,9288
CASMI2022,massformer,completed,55,55,147,CASMI_MOL_1196846,CASMI_MOL_286740,286740,COC(=O)C12CCC(=O)OCC=CCC(C1=O)C1C(CC2C)C1(C)C,0.4839330877117783,binned_cosine_1Da,71,False,predicted_spectrum,9288
CASMI2022,massformer,completed,55,55,147,CASMI_MOL_1196846,CASMI_MOL_285438,285438,CC(=O)C(=O)CCC(=O)C1CCC2C(=O)CCCCC(=O)CCC2C1,0.48370294302377287,binned_cosine_1Da,72,False,predicted_spectrum,9288
CASMI2022,massformer,completed,55,55,147,CASMI_MOL_1196846,CASMI_MOL_284801,284801,C=C1C(=O)OC2C1CCC1(C)C(O)CC(OC(=O)CC(C)C)C(=C)C21,0.4835725808150866,binned_cosine_1Da,73,False,predicted_spectrum,9288
CASMI2022,massformer,completed,55,55,147,CASMI_MOL_1196846,CASMI_MOL_290982,290982,C=C1C(=O)OC2C1CCC1(C)C(O)CC(OC(=O)CC(C)C)C(=C)C21,0.48357256343348654,binned_cosine_1Da,74,False,predicted_spectrum,9288
CASMI2022,massformer,completed,55,55,147,CASMI_MOL_1196846,CASMI_MOL_290949,290949,C=C1COC2C3C(=O)CC(C(C)C)C3(C)CC(O)C3(C)CC(=O)OC123,0.48259954442969716,binned_cosine_1Da,75,False,predicted_spectrum,9288
CASMI2022,massformer,completed,55,55,147,CASMI_MOL_1196846,CASMI_MOL_284421,284421,C=C1COC2C3C(=O)CC(C(C)C)C3(C)CC(O)C3(C)CC(=O)OC123,0.4825995166359981,binned_cosine_1Da,76,False,predicted_spectrum,9288
CASMI2022,massformer,completed,55,55,147,CASMI_MOL_1196846,CASMI_MOL_288298,288298,C=C1COC2C3C(=O)CC(C(C)C)C3(C)CC(O)C3(C)CC(=O)OC123,0.4825995166359981,binned_cosine_1Da,77,False,predicted_spectrum,9288
CASMI2022,massformer,completed,55,55,147,CASMI_MOL_1196846,CASMI_MOL_291089,291089,COC(=O)C1(C(=O)OC)CCC(C)(C)CC1(C)c1ccc(OC)cc1,0.4825110931003712,binned_cosine_1Da,78,False,predicted_spectrum,9288
CASMI2022,massformer,completed,55,55,147,CASMI_MOL_1196846,CASMI_MOL_291441,291441,CC(=O)OC1CCC2C3CCC(=O)CC(=O)CCC(=O)C3CCC12C,0.4821932477850263,binned_cosine_1Da,79,False,predicted_spectrum,9288
CASMI2022,massformer,completed,55,55,147,CASMI_MOL_1196846,CASMI_MOL_291439,291439,CC(=O)OC1CCC2C3CCC(=O)CC(=O)CCC(=O)C3CCC12C,0.48219323862411295,binned_cosine_1Da,80,False,predicted_spectrum,9288
CASMI2022,massformer,completed,55,55,147,CASMI_MOL_1196846,CASMI_MOL_291440,291440,CC(=O)OC1CCC2C3CCC(=O)CC(=O)CCC(=O)C3CCC12C,0.48219323862411295,binned_cosine_1Da,81,False,predicted_spectrum,9288
CASMI2022,massformer,completed,55,55,147,CASMI_MOL_1196846,CASMI_MOL_291442,291442,CC(=O)OC1CCC2C3CCC(=O)CC(=O)CCC(=O)C3CCC12C,0.48219323862411295,binned_cosine_1Da,82,False,predicted_spectrum,9288
CASMI2022,massformer,completed,55,55,147,CASMI_MOL_1196846,CASMI_MOL_291117,291117,CC=C(C)C(=O)OC1c2c(oc(O)c2C)CC2CCC(O)C(C)C21C,0.4821315339403993,binned_cosine_1Da,83,False,predicted_spectrum,9288
CASMI2022,massformer,completed,55,55,147,CASMI_MOL_1196846,CASMI_MOL_284846,284846,CC=C(C)C(=O)OC1c2c(oc(O)c2C)CC2CCC(O)C(C)C21C,0.48213152217912064,binned_cosine_1Da,84,False,predicted_spectrum,9288
CASMI2022,massformer,completed,55,55,147,CASMI_MOL_1196846,CASMI_MOL_287364,287364,CC=C(C)C(=O)OC1c2c(oc(O)c2C)CC2CCC(O)C(C)C21C,0.48213152217912064,binned_cosine_1Da,85,False,predicted_spectrum,9288
CASMI2022,massformer,completed,55,55,147,CASMI_MOL_1196846,CASMI_MOL_287365,287365,CC=C(C)C(=O)OC1c2c(oc(O)c2C)CC2CCC(O)C(C)C21C,0.48213152217912064,binned_cosine_1Da,86,False,predicted_spectrum,9288
CASMI2022,massformer,completed,55,55,147,CASMI_MOL_1196846,CASMI_MOL_291116,291116,CC=C(C)C(=O)OC1c2c(oc(O)c2C)CC2CCC(O)C(C)C21C,0.48213152217912064,binned_cosine_1Da,87,False,predicted_spectrum,9288
CASMI2022,massformer,completed,55,55,147,CASMI_MOL_1196846,CASMI_MOL_284490,284490,CC=C(C)C(=O)OC1c2c(oc(O)c2C)CC2(O)CCCC(C)C12C,0.4820692205483556,binned_cosine_1Da,88,False,predicted_spectrum,9288
CASMI2022,massformer,completed,55,55,147,CASMI_MOL_1196846,CASMI_MOL_284295,284295,CC=C(C)C(=O)OC1c2c(oc(O)c2C)CC2(O)CCCC(C)C12C,0.4820692032962729,binned_cosine_1Da,89,False,predicted_spectrum,9288
CASMI2022,massformer,completed,55,55,147,CASMI_MOL_1196846,CASMI_MOL_284489,284489,CC=C(C)C(=O)OC1c2c(oc(O)c2C)CC2(O)CCCC(C)C12C,0.4820692032962729,binned_cosine_1Da,90,False,predicted_spectrum,9288
CASMI2022,massformer,completed,55,55,147,CASMI_MOL_1196846,CASMI_MOL_284491,284491,CC=C(C)C(=O)OC1c2c(oc(O)c2C)CC2(O)CCCC(C)C12C,0.4820692032962729,binned_cosine_1Da,91,False,predicted_spectrum,9288
CASMI2022,massformer,completed,55,55,147,CASMI_MOL_1196846,CASMI_MOL_284492,284492,CC=C(C)C(=O)OC1c2c(oc(O)c2C)CC2(O)CCCC(C)C12C,0.4820692032962729,binned_cosine_1Da,92,False,predicted_spectrum,9288
CASMI2022,massformer,completed,55,55,147,CASMI_MOL_1196846,CASMI_MOL_291083,291083,CC=C(C)C(=O)OC1c2c(oc(O)c2C)CC2(O)CCCC(C)C12C,0.4820692032962729,binned_cosine_1Da,93,False,predicted_spectrum,9288
CASMI2022,massformer,completed,55,55,147,CASMI_MOL_1196846,CASMI_MOL_284556,284556,CCC(C)C(=O)OC1C2C(CC(C)C3=CCC(=O)C31C)OC(=O)C2C,0.48193531503121945,binned_cosine_1Da,94,False,predicted_spectrum,9288
CASMI2022,massformer,completed,55,55,147,CASMI_MOL_1196846,CASMI_MOL_284557,284557,CCC(C)C(=O)OC1C2C(CC(C)C3=CCC(=O)C31C)OC(=O)C2C,0.4819352525220752,binned_cosine_1Da,95,False,predicted_spectrum,9288
CASMI2022,massformer,completed,55,55,147,CASMI_MOL_1196846,CASMI_MOL_284915,284915,CC(C=O)c1c(O)c(O)c2c(c1O)CC(O)C1C(C)(C)CCCC21C,0.481907974612049,binned_cosine_1Da,96,False,predicted_spectrum,9288
CASMI2022,massformer,completed,55,55,147,CASMI_MOL_1196846,CASMI_MOL_284565,284565,CC(C)C(=O)CCC(C)C1CCC(CO)c2c(O)cc(C(=O)O)cc21,0.4818514162912041,binned_cosine_1Da,97,False,predicted_spectrum,9288
CASMI2022,massformer,completed,55,55,147,CASMI_MOL_1196846,CASMI_MOL_284564,284564,CC(C)C(=O)CCC(C)C1CCC(CO)c2c(O)cc(C(=O)O)cc21,0.4818514117878444,binned_cosine_1Da,98,False,predicted_spectrum,9288
CASMI2022,massformer,completed,55,55,147,CASMI_MOL_1196846,CASMI_MOL_290954,290954,CC=C(C)C(=O)OC1CC(C)C2(C)Cc3c(oc(O)c3C)C(O)C2C1,0.48180909340951467,binned_cosine_1Da,99,False,predicted_spectrum,9288
CASMI2022,massformer,completed,55,55,147,CASMI_MOL_1196846,CASMI_MOL_284520,284520,CC=C(C)C(=O)OC1CC(C)C2(C)Cc3c(oc(O)c3C)C(O)C2C1,0.48180908883599277,binned_cosine_1Da,100,False,predicted_spectrum,9288
CASMI2022,massformer,completed,55,55,147,CASMI_MOL_1196846,CASMI_MOL_1196846,1196846,CC=C(C)C(=O)OC1CC(C)C2(C)C=C3C(C)C(=O)OC3(O)CC2C1,0.4684805827777119,binned_cosine_1Da,294,True,predicted_spectrum,9288
CASMI2022,massformer,completed,56,56,148,CASMI_MOL_1196828,CASMI_MOL_211843,211843,C=CC(=O)OCC(=O)OCC1CC(CC)CC=C1C,0.7569796136875071,binned_cosine_1Da,1,False,predicted_spectrum,9532
CASMI2022,massformer,completed,56,56,148,CASMI_MOL_1196828,CASMI_MOL_212637,212637,C=C(C)C1CC=C(C(O)CC(=O)CC(=O)OC)CC1,0.7561005137821422,binned_cosine_1Da,2,False,predicted_spectrum,9532
CASMI2022,massformer,completed,56,56,148,CASMI_MOL_1196828,CASMI_MOL_210439,210439,CCC1C2C=CC(C2)C1C(C)(C)OC(=O)CC(=O)O,0.7551637207456969,binned_cosine_1Da,3,False,predicted_spectrum,9532
CASMI2022,massformer,completed,56,56,148,CASMI_MOL_1196828,CASMI_MOL_215582,215582,COC(=O)C1(C(=O)OC)CC2CCCC=CC2(C)C1,0.7528340114829339,binned_cosine_1Da,4,False,predicted_spectrum,9532
CASMI2022,massformer,completed,56,56,148,CASMI_MOL_1196828,CASMI_MOL_210162,210162,C=CC1C(O)CC2OC(=CCCCC(=O)OC)CC21,0.7527183792921143,binned_cosine_1Da,5,False,predicted_spectrum,9532
CASMI2022,massformer,completed,56,56,148,CASMI_MOL_1196828,CASMI_MOL_215468,215468,CCOC(=O)C1=C(C)C(C)CC2C(C)COC(=O)C12,0.7507078947069215,binned_cosine_1Da,6,False,predicted_spectrum,9532
CASMI2022,massformer,completed,56,56,148,CASMI_MOL_1196828,CASMI_MOL_215469,215469,CCOC(=O)C1=C(C)C(C)CC2C(C)COC(=O)C12,0.7507078947069215,binned_cosine_1Da,7,False,predicted_spectrum,9532
CASMI2022,massformer,completed,56,56,148,CASMI_MOL_1196828,CASMI_MOL_210030,210030,CCOC(=O)C(CC=O)=C1CC(C)OC(C2CC2)C1,0.7504378829614553,binned_cosine_1Da,8,False,predicted_spectrum,9532
CASMI2022,massformer,completed,56,56,148,CASMI_MOL_1196828,CASMI_MOL_210061,210061,CCOC(=O)C(CC=O)=C1CC(C)OC(C2CC2)C1,0.7504378829614553,binned_cosine_1Da,9,False,predicted_spectrum,9532
CASMI2022,massformer,completed,56,56,148,CASMI_MOL_1196828,CASMI_MOL_210026,210026,CCOC(=O)C(CC=O)=C1CC(C)OC(C2CC2)C1,0.7504378101834555,binned_cosine_1Da,10,False,predicted_spectrum,9532
CASMI2022,massformer,completed,56,56,148,CASMI_MOL_1196828,CASMI_MOL_210029,210029,CCOC(=O)C(CC=O)=C1CC(C)OC(C2CC2)C1,0.7504378101834555,binned_cosine_1Da,11,False,predicted_spectrum,9532
CASMI2022,massformer,completed,56,56,148,CASMI_MOL_1196828,CASMI_MOL_212005,212005,CC(=O)OC(=O)COC1(C)C2CC3CC(C2)CC1C3,0.7498461970431314,binned_cosine_1Da,12,False,predicted_spectrum,9532
CASMI2022,massformer,completed,56,56,148,CASMI_MOL_1196828,CASMI_MOL_211330,211330,COC(=O)C1(C(=O)OC)CCC2C=CCCCC2C1,0.7496161985475188,binned_cosine_1Da,13,False,predicted_spectrum,9532
CASMI2022,massformer,completed,56,56,148,CASMI_MOL_1196828,CASMI_MOL_215858,215858,COC(=O)C1(C(=O)OC)CC2C=CCCCC2(C)C1,0.7494006988167478,binned_cosine_1Da,14,False,predicted_spectrum,9532
CASMI2022,massformer,completed,56,56,148,CASMI_MOL_1196828,CASMI_MOL_211827,211827,C=CC1CC(C=C)C(COC(C)=O)C1COC(C)=O,0.7493046214296336,binned_cosine_1Da,15,False,predicted_spectrum,9532
CASMI2022,massformer,completed,56,56,148,CASMI_MOL_1196828,CASMI_MOL_211697,211697,C=CC1CC(C=C)C(COC(C)=O)C1COC(C)=O,0.7493046038850234,binned_cosine_1Da,16,False,predicted_spectrum,9532
CASMI2022,massformer,completed,56,56,148,CASMI_MOL_1196828,CASMI_MOL_210059,210059,CCOC(=O)C(CC=O)=C1CC(C)OC2CCCC12,0.7489758439045661,binned_cosine_1Da,17,False,predicted_spectrum,9532
CASMI2022,massformer,completed,56,56,148,CASMI_MOL_1196828,CASMI_MOL_209177,209177,CCCC(=O)OCC1C2C=CC(C2)C1CCC(=O)O,0.7488080796648401,binned_cosine_1Da,18,False,predicted_spectrum,9532
CASMI2022,massformer,completed,56,56,148,CASMI_MOL_1196828,CASMI_MOL_209249,209249,C=C1C(=O)OC2CC(C)C(C(O)CC(C)=O)CCC12,0.7473074514699374,binned_cosine_1Da,19,False,predicted_spectrum,9532
CASMI2022,massformer,completed,56,56,148,CASMI_MOL_1196828,CASMI_MOL_209463,209463,C=C1C(=O)OC2CC(C)C(C(O)CC(C)=O)CCC12,0.7473074514699374,binned_cosine_1Da,20,False,predicted_spectrum,9532
CASMI2022,massformer,completed,56,56,148,CASMI_MOL_1196828,CASMI_MOL_211009,211009,COC(=O)C1(C)CC2CC1C1C3CC(C(O)C3O)C21,0.7471878523128757,binned_cosine_1Da,21,False,predicted_spectrum,9532
CASMI2022,massformer,completed,56,56,148,CASMI_MOL_1196828,CASMI_MOL_209198,209198,C=CC(=O)OC1CC(C)C2CCC(=O)C2(C)C(O)C1,0.7466308268600759,binned_cosine_1Da,22,False,predicted_spectrum,9532
CASMI2022,massformer,completed,56,56,148,CASMI_MOL_1196828,CASMI_MOL_216367,216367,CC(C)COC(=O)C1=C(C(=O)O)C2CC1C(C)C2C,0.7463834707118938,binned_cosine_1Da,23,False,predicted_spectrum,9532
CASMI2022,massformer,completed,56,56,148,CASMI_MOL_1196828,CASMI_MOL_218354,218354,CC(C)COC(=O)C1=C(C(=O)O)C2CC1C(C)C2C,0.7463834707118938,binned_cosine_1Da,24,False,predicted_spectrum,9532
CASMI2022,massformer,completed,56,56,148,CASMI_MOL_1196828,CASMI_MOL_218305,218305,O=C(O)C=CC1=CCC(OCCCCCCO)=CC1,0.7463160840309486,binned_cosine_1Da,25,False,predicted_spectrum,9532
CASMI2022,massformer,completed,56,56,148,CASMI_MOL_1196828,CASMI_MOL_211069,211069,CCOC(=O)C=CC1=C(C(=O)OCC)CCCC1C,0.7449242848132009,binned_cosine_1Da,26,False,predicted_spectrum,9532
CASMI2022,massformer,completed,56,56,148,CASMI_MOL_1196828,CASMI_MOL_211379,211379,C=C(C)C1C(O)CC2C(=O)CCC2C1COC(C)=O,0.7446507577794846,binned_cosine_1Da,27,False,predicted_spectrum,9532
CASMI2022,massformer,completed,56,56,148,CASMI_MOL_1196828,CASMI_MOL_216537,216537,CC1(OC(=O)CCOC=O)C2CC3CC(C2)CC1C3,0.7431917472033408,binned_cosine_1Da,28,False,predicted_spectrum,9532
CASMI2022,massformer,completed,56,56,148,CASMI_MOL_1196828,CASMI_MOL_211791,211791,C#CCC(O)C=CC=CCCC(O)CCCC(=O)O,0.7428868726357198,binned_cosine_1Da,29,False,predicted_spectrum,9532
CASMI2022,massformer,completed,56,56,148,CASMI_MOL_1196828,CASMI_MOL_215938,215938,CC(=O)OC(C)=CC1(OO)C2CC3CC(C2)CC1C3,0.7428172576855661,binned_cosine_1Da,30,False,predicted_spectrum,9532
CASMI2022,massformer,completed,56,56,148,CASMI_MOL_1196828,CASMI_MOL_215581,215581,COC(=O)C1(C(=O)OC)CCC2CCCC=CC2C1,0.7425356276467161,binned_cosine_1Da,31,False,predicted_spectrum,9532
CASMI2022,massformer,completed,56,56,148,CASMI_MOL_1196828,CASMI_MOL_211356,211356,COC(=O)C1(C(=O)OC)CC(C)(C)C2C=CCCC21,0.7421287695581319,binned_cosine_1Da,32,False,predicted_spectrum,9532
CASMI2022,massformer,completed,56,56,148,CASMI_MOL_1196828,CASMI_MOL_212064,212064,CCC(C)C(=O)OC1C(C)C2CC1C1C(=O)OCC21,0.7421196673990726,binned_cosine_1Da,33,False,predicted_spectrum,9532
CASMI2022,massformer,completed,56,56,148,CASMI_MOL_1196828,CASMI_MOL_210909,210909,CCOC(=O)C(C)C1(C(=O)OCC)CC2C=CC1C2,0.7420992150196692,binned_cosine_1Da,34,False,predicted_spectrum,9532
CASMI2022,massformer,completed,56,56,148,CASMI_MOL_1196828,CASMI_MOL_215654,215654,COC(=O)C1=C2CCCCCCC(=C1)C(OC)OC2,0.7420884884187247,binned_cosine_1Da,35,False,predicted_spectrum,9532
CASMI2022,massformer,completed,56,56,148,CASMI_MOL_1196828,CASMI_MOL_209882,209882,CC(=CC(=O)O)CC=CC1(O)C=C(C)C(O)CC1C,0.7414866480944368,binned_cosine_1Da,36,False,predicted_spectrum,9532
CASMI2022,massformer,completed,56,56,148,CASMI_MOL_1196828,CASMI_MOL_211949,211949,CCCCOC1CC=C2C(C(=O)O)C(=O)CCC21C,0.7407804285570464,binned_cosine_1Da,37,False,predicted_spectrum,9532
CASMI2022,massformer,completed,56,56,148,CASMI_MOL_1196828,CASMI_MOL_212026,212026,CC(=O)OCC(=O)OC1(C)C2CC3CC(C2)CC1C3,0.7407116960647515,binned_cosine_1Da,38,False,predicted_spectrum,9532
CASMI2022,massformer,completed,56,56,148,CASMI_MOL_1196828,CASMI_MOL_215674,215674,CC(OC(=O)CCC(=O)O)C1C2C=CC(C2)C1(C)C,0.7404852097426274,binned_cosine_1Da,39,False,predicted_spectrum,9532
CASMI2022,massformer,completed,56,56,148,CASMI_MOL_1196828,CASMI_MOL_209697,209697,C=C1C(=O)OC2CC(C)C3(CCC(C)O)OC3CC12,0.7404519058903622,binned_cosine_1Da,40,False,predicted_spectrum,9532
CASMI2022,massformer,completed,56,56,148,CASMI_MOL_1196828,CASMI_MOL_209803,209803,C=C1C(=O)OC2CC(C)C3(CCC(C)O)OC3CC12,0.7404518991691311,binned_cosine_1Da,41,False,predicted_spectrum,9532
CASMI2022,massformer,completed,56,56,148,CASMI_MOL_1196828,CASMI_MOL_211772,211772,C=C(C(=O)O)C1CCC(C)C(CCC(C)=O)C1C=O,0.7399114122248347,binned_cosine_1Da,42,False,predicted_spectrum,9532
CASMI2022,massformer,completed,56,56,148,CASMI_MOL_1196828,CASMI_MOL_215663,215663,C=C(C(=O)O)C1CCC(C)C(CCC(C)=O)C1C=O,0.7399114122248347,binned_cosine_1Da,43,False,predicted_spectrum,9532
CASMI2022,massformer,completed,56,56,148,CASMI_MOL_1196828,CASMI_MOL_210023,210023,C=C(C(=O)O)C1CCC(C)C(CCC(C)=O)C1C=O,0.7399114113355578,binned_cosine_1Da,44,False,predicted_spectrum,9532
CASMI2022,massformer,completed,56,56,148,CASMI_MOL_1196828,CASMI_MOL_218200,218200,C=C(C(=O)O)C1CCC(C)C(CCC(C)=O)C1C=O,0.7399114113355578,binned_cosine_1Da,45,False,predicted_spectrum,9532
CASMI2022,massformer,completed,56,56,148,CASMI_MOL_1196828,CASMI_MOL_212054,212054,CC1C(C)C2CC1C(C(=O)O)C2C(=O)OCC1CC1,0.7393067779171726,binned_cosine_1Da,46,False,predicted_spectrum,9532
CASMI2022,massformer,completed,56,56,148,CASMI_MOL_1196828,CASMI_MOL_209344,209344,C=C1C(=O)OC23CC1C(O)CC(C)C2CCC3(C)O,0.7385819443169873,binned_cosine_1Da,47,False,predicted_spectrum,9532
CASMI2022,massformer,completed,56,56,148,CASMI_MOL_1196828,CASMI_MOL_209343,209343,C=C1C(=O)OC23CC1C(O)CC(C)C2CCC3(C)O,0.7385819313444298,binned_cosine_1Da,48,False,predicted_spectrum,9532
CASMI2022,massformer,completed,56,56,148,CASMI_MOL_1196828,CASMI_MOL_215463,215463,C=C1C(=O)OC23CC1C(O)CC(C)C2CCC3(C)O,0.7385819313444298,binned_cosine_1Da,49,False,predicted_spectrum,9532
CASMI2022,massformer,completed,56,56,148,CASMI_MOL_1196828,CASMI_MOL_209502,209502,C=C1CCC2C(C)C(=O)OC2C(O)C2(C)CCC1O2,0.7382479813415669,binned_cosine_1Da,50,False,predicted_spectrum,9532
CASMI2022,massformer,completed,56,56,148,CASMI_MOL_1196828,CASMI_MOL_211661,211661,C=C1CCC2C(C)C(=O)OC2C(O)C2(C)CCC1O2,0.7382479813415669,binned_cosine_1Da,51,False,predicted_spectrum,9532
CASMI2022,massformer,completed,56,56,148,CASMI_MOL_1196828,CASMI_MOL_215908,215908,CCOC(=O)C1(C(=O)OCC)CC2=C(C)CCC2C1,0.738134022667366,binned_cosine_1Da,52,False,predicted_spectrum,9532
CASMI2022,massformer,completed,56,56,148,CASMI_MOL_1196828,CASMI_MOL_210143,210143,CC=CC=CC1CC2=C(CO1)C(O)C(C)(O)C(O)C2,0.7377618047860934,binned_cosine_1Da,53,False,predicted_spectrum,9532
CASMI2022,massformer,completed,56,56,148,CASMI_MOL_1196828,CASMI_MOL_216278,216278,COC(=O)CCC(=O)OC1CCC2CCCC=C2C1,0.7377476193261784,binned_cosine_1Da,54,False,predicted_spectrum,9532
CASMI2022,massformer,completed,56,56,148,CASMI_MOL_1196828,CASMI_MOL_216262,216262,CC(=O)OC(C)(CCC1CC2C=CC1C2)CC(=O)O,0.7376001005808978,binned_cosine_1Da,55,False,predicted_spectrum,9532
CASMI2022,massformer,completed,56,56,148,CASMI_MOL_1196828,CASMI_MOL_208978,208978,CC(=O)OCC=CC1CCC(C=CCOC(C)=O)C1,0.7374952243379733,binned_cosine_1Da,56,False,predicted_spectrum,9532
CASMI2022,massformer,completed,56,56,148,CASMI_MOL_1196828,CASMI_MOL_209259,209259,C=C(CO)C12OC1C1(C)C(=CC2O)C(O)CCC1C,0.737424327273495,binned_cosine_1Da,57,False,predicted_spectrum,9532
CASMI2022,massformer,completed,56,56,148,CASMI_MOL_1196828,CASMI_MOL_210212,210212,C=C(CO)C12OC1C1(C)C(=CC2O)C(O)CCC1C,0.7374242972420733,binned_cosine_1Da,58,False,predicted_spectrum,9532
CASMI2022,massformer,completed,56,56,148,CASMI_MOL_1196828,CASMI_MOL_212051,212051,C=C(CO)C12OC1C1(C)C(=CC2O)CCC(O)C1C,0.737314163450016,binned_cosine_1Da,59,False,predicted_spectrum,9532
CASMI2022,massformer,completed,56,56,148,CASMI_MOL_1196828,CASMI_MOL_215891,215891,C=CCCCCC(O)C1=CC=CC(OC)(OC)C1=O,0.7370568199563222,binned_cosine_1Da,60,False,predicted_spectrum,9532
CASMI2022,massformer,completed,56,56,148,CASMI_MOL_1196828,CASMI_MOL_215824,215824,C=C1C(=O)OC2C1CCC(C)C1C(O)CC(O)C21C,0.7369689691081939,binned_cosine_1Da,61,False,predicted_spectrum,9532
CASMI2022,massformer,completed,56,56,148,CASMI_MOL_1196828,CASMI_MOL_211109,211109,CC1=C2OC(CCC(=O)O)CCC2=CC(O)C1(C)C,0.7369161676398371,binned_cosine_1Da,62,False,predicted_spectrum,9532
CASMI2022,massformer,completed,56,56,148,CASMI_MOL_1196828,CASMI_MOL_209260,209260,C=C1C(=O)OC2CC3COC(O)C(C)(CC12)C3CC,0.7366468262281033,binned_cosine_1Da,63,False,predicted_spectrum,9532
CASMI2022,massformer,completed,56,56,148,CASMI_MOL_1196828,CASMI_MOL_209911,209911,C=C1C(=O)OC2CC3COC(O)C(C)(CC12)C3CC,0.7366467756906007,binned_cosine_1Da,64,False,predicted_spectrum,9532
CASMI2022,massformer,completed,56,56,148,CASMI_MOL_1196828,CASMI_MOL_215741,215741,C=C1C(=O)OC2CC3COC(O)C(C)(CC12)C3CC,0.7366467756906007,binned_cosine_1Da,65,False,predicted_spectrum,9532
CASMI2022,massformer,completed,56,56,148,CASMI_MOL_1196828,CASMI_MOL_215575,215575,C=C(CCC(=O)O)C(=O)C1(C)CC(C(=C)C)CC1O,0.7365413978618439,binned_cosine_1Da,66,False,predicted_spectrum,9532
CASMI2022,massformer,completed,56,56,148,CASMI_MOL_1196828,CASMI_MOL_209273,209273,C=C(CCC(=O)O)C(=O)C1(C)CC(C(=C)C)CC1O,0.7365413680019047,binned_cosine_1Da,67,False,predicted_spectrum,9532
CASMI2022,massformer,completed,56,56,148,CASMI_MOL_1196828,CASMI_MOL_215576,215576,C=C(CCC(=O)O)C(=O)C1(C)CC(C(=C)C)CC1O,0.7365413680019047,binned_cosine_1Da,68,False,predicted_spectrum,9532
CASMI2022,massformer,completed,56,56,148,CASMI_MOL_1196828,CASMI_MOL_209767,209767,C=C1C(O)CC2CC1C2(C)CC(=O)CC(C)C(=O)O,0.7364996829683889,binned_cosine_1Da,69,False,predicted_spectrum,9532
CASMI2022,massformer,completed,56,56,148,CASMI_MOL_1196828,CASMI_MOL_209768,209768,C=C1C(O)CC2CC1C2(C)CC(=O)CC(C)C(=O)O,0.7364996803958674,binned_cosine_1Da,70,False,predicted_spectrum,9532
CASMI2022,massformer,completed,56,56,148,CASMI_MOL_1196828,CASMI_MOL_211133,211133,C=C1C(O)CC2CC1C2(C)CC(=O)CC(C)C(=O)O,0.7364996803958674,binned_cosine_1Da,71,False,predicted_spectrum,9532
CASMI2022,massformer,completed,56,56,148,CASMI_MOL_1196828,CASMI_MOL_209669,209669,C=C1C(=O)OC2C1CC(C)C1C(O)CCC(C)(O)C21,0.7363865286848942,binned_cosine_1Da,72,False,predicted_spectrum,9532
CASMI2022,massformer,completed,56,56,148,CASMI_MOL_1196828,CASMI_MOL_209668,209668,C=C1C(=O)OC2C1CC(C)C1C(O)CCC(C)(O)C21,0.7363865017434801,binned_cosine_1Da,73,False,predicted_spectrum,9532
CASMI2022,massformer,completed,56,56,148,CASMI_MOL_1196828,CASMI_MOL_209831,209831,C=C1C(=O)OC2C1CCC(C)(O)C1CCC1(C)C2O,0.7362826353749993,binned_cosine_1Da,74,False,predicted_spectrum,9532
CASMI2022,massformer,completed,56,56,148,CASMI_MOL_1196828,CASMI_MOL_211370,211370,CC1CC2OC(=O)CC2C=CC1C(=O)OC(C)(C)C,0.7362398080806439,binned_cosine_1Da,75,False,predicted_spectrum,9532
CASMI2022,massformer,completed,56,56,148,CASMI_MOL_1196828,CASMI_MOL_211364,211364,C=C1CC2(COC(C)=O)CCC1CC2COC(C)=O,0.7361048608181517,binned_cosine_1Da,76,False,predicted_spectrum,9532
CASMI2022,massformer,completed,56,56,148,CASMI_MOL_1196828,CASMI_MOL_215393,215393,C=C1CC2(COC(C)=O)CCC1CC2COC(C)=O,0.7361048608181517,binned_cosine_1Da,77,False,predicted_spectrum,9532
CASMI2022,massformer,completed,56,56,148,CASMI_MOL_1196828,CASMI_MOL_215617,215617,CC=C1CC2CC(C(=O)OCC)(C(=O)OCC)CC12,0.735989109656706,binned_cosine_1Da,78,False,predicted_spectrum,9532
CASMI2022,massformer,completed,56,56,148,CASMI_MOL_1196828,CASMI_MOL_209907,209907,C=C1C(=O)OC2C1CCC1(C)C(O)CC(O)C(C)C21,0.7357802086468178,binned_cosine_1Da,79,False,predicted_spectrum,9532
CASMI2022,massformer,completed,56,56,148,CASMI_MOL_1196828,CASMI_MOL_210248,210248,C=C1C(O)OC2C1C(O)CC(C)=CCCC1(C)OC21,0.7354122903075231,binned_cosine_1Da,80,False,predicted_spectrum,9532
CASMI2022,massformer,completed,56,56,148,CASMI_MOL_1196828,CASMI_MOL_209818,209818,C=C1CCCC2(C)C(=O)C=C(C(O)(CO)CO)CC12,0.7349831366384392,binned_cosine_1Da,81,False,predicted_spectrum,9532
CASMI2022,massformer,completed,56,56,148,CASMI_MOL_1196828,CASMI_MOL_216282,216282,C=CCC(O)C=CC=CC=CC(O)CCCC(=O)O,0.734856578329869,binned_cosine_1Da,82,False,predicted_spectrum,9532
CASMI2022,massformer,completed,56,56,148,CASMI_MOL_1196828,CASMI_MOL_216161,216161,C=C1C(=O)OC2CC3(C)C(O)CCC(C)(O)C3CC12,0.7345678441600308,binned_cosine_1Da,83,False,predicted_spectrum,9532
CASMI2022,massformer,completed,56,56,148,CASMI_MOL_1196828,CASMI_MOL_216164,216164,C=C1C(=O)OC2CC3(C)C(O)CCC(C)(O)C3CC12,0.7345678441600308,binned_cosine_1Da,84,False,predicted_spectrum,9532
CASMI2022,massformer,completed,56,56,148,CASMI_MOL_1196828,CASMI_MOL_216162,216162,C=C1C(=O)OC2CC3(C)C(O)CCC(C)(O)C3CC12,0.7345678283134617,binned_cosine_1Da,85,False,predicted_spectrum,9532
CASMI2022,massformer,completed,56,56,148,CASMI_MOL_1196828,CASMI_MOL_216163,216163,C=C1C(=O)OC2CC3(C)C(O)CCC(C)(O)C3CC12,0.7345678283134617,binned_cosine_1Da,86,False,predicted_spectrum,9532
CASMI2022,massformer,completed,56,56,148,CASMI_MOL_1196828,CASMI_MOL_211960,211960,CCOC(=O)C1=C(C(=O)OCC)C2CC1C(C)C2C,0.7345456391710715,binned_cosine_1Da,87,False,predicted_spectrum,9532
CASMI2022,massformer,completed,56,56,148,CASMI_MOL_1196828,CASMI_MOL_211966,211966,CCOC(=O)C1=C(C(=O)OCC)C2CC1C(C)C2C,0.7345456391710715,binned_cosine_1Da,88,False,predicted_spectrum,9532
CASMI2022,massformer,completed,56,56,148,CASMI_MOL_1196828,CASMI_MOL_209396,209396,C=CC1(C)CC2OC(=O)C(O)(CO)C2CC1C(=C)C,0.7342933475579498,binned_cosine_1Da,89,False,predicted_spectrum,9532
CASMI2022,massformer,completed,56,56,148,CASMI_MOL_1196828,CASMI_MOL_209480,209480,C=C1C(=O)OC2C1CCC1(C)C(O)CCC(CO)C21,0.7337252538426301,binned_cosine_1Da,90,False,predicted_spectrum,9532
CASMI2022,massformer,completed,56,56,148,CASMI_MOL_1196828,CASMI_MOL_209846,209846,C=C1C(=O)OC2C1CCC1(C)C(O)CCC(CO)C21,0.7337252538426301,binned_cosine_1Da,91,False,predicted_spectrum,9532
CASMI2022,massformer,completed,56,56,148,CASMI_MOL_1196828,CASMI_MOL_209479,209479,C=C1C(=O)OC2C1CCC1(C)C(O)CCC(CO)C21,0.733725208354882,binned_cosine_1Da,92,False,predicted_spectrum,9532
CASMI2022,massformer,completed,56,56,148,CASMI_MOL_1196828,CASMI_MOL_209954,209954,C=C1C(=O)OC2C1CCC1(C)C(O)CCC(CO)C21,0.733725208354882,binned_cosine_1Da,93,False,predicted_spectrum,9532
CASMI2022,massformer,completed,56,56,148,CASMI_MOL_1196828,CASMI_MOL_209505,209505,C=C1C(=O)OC2C1CCC(C)C1CC(O)C(O)C12C,0.7336229302247087,binned_cosine_1Da,94,False,predicted_spectrum,9532
CASMI2022,massformer,completed,56,56,148,CASMI_MOL_1196828,CASMI_MOL_210417,210417,C=C1C(=O)OC2C1CCC(C)C1CC(O)C(O)C12C,0.7336229302247087,binned_cosine_1Da,95,False,predicted_spectrum,9532
CASMI2022,massformer,completed,56,56,148,CASMI_MOL_1196828,CASMI_MOL_209933,209933,C=C1COC2C=C3C(O)CCC(C)C3(C)C(O)C12O,0.7335996647064621,binned_cosine_1Da,96,False,predicted_spectrum,9532
CASMI2022,massformer,completed,56,56,148,CASMI_MOL_1196828,CASMI_MOL_209357,209357,C=C1C(=O)OC2CC(C)C3C(O)CC(O)C3(C)CC12,0.7334181507923984,binned_cosine_1Da,97,False,predicted_spectrum,9532
CASMI2022,massformer,completed,56,56,148,CASMI_MOL_1196828,CASMI_MOL_209358,209358,C=C1C(=O)OC2CC(C)C3C(O)CC(O)C3(C)CC12,0.7334181507923984,binned_cosine_1Da,98,False,predicted_spectrum,9532
CASMI2022,massformer,completed,56,56,148,CASMI_MOL_1196828,CASMI_MOL_210450,210450,C=C1C(=O)OC2CC(C)C3C(O)CC(O)C3(C)CC12,0.7334181507923984,binned_cosine_1Da,99,False,predicted_spectrum,9532
CASMI2022,massformer,completed,56,56,148,CASMI_MOL_1196828,CASMI_MOL_212073,212073,C=C1C(=O)OC2CC(C)C3C(O)CC(O)C3(C)CC12,0.7334181507923984,binned_cosine_1Da,100,False,predicted_spectrum,9532
CASMI2022,massformer,completed,56,56,148,CASMI_MOL_1196828,CASMI_MOL_1196828,1196828,CC1=C(C(=O)O)CC2(C)CCC3C(O)(CO)CCC132,0.6984825357863107,binned_cosine_1Da,935,True,predicted_spectrum,9532
CASMI2022,massformer,completed,58,58,152,CASMI_MOL_1196849,CASMI_MOL_297208,297208,CCCc1coc(O)c1,0.943954786258117,binned_cosine_1Da,1,False,predicted_spectrum,2999
CASMI2022,massformer,completed,58,58,152,CASMI_MOL_1196849,CASMI_MOL_299241,299241,CCCc1coc(O)c1,0.943954786258117,binned_cosine_1Da,2,False,predicted_spectrum,2999
CASMI2022,massformer,completed,58,58,152,CASMI_MOL_1196849,CASMI_MOL_298870,298870,CCCc1coc(O)c1,0.943954766581538,binned_cosine_1Da,3,False,predicted_spectrum,2999
CASMI2022,massformer,completed,58,58,152,CASMI_MOL_1196849,CASMI_MOL_297061,297061,CCCc1occc1O,0.9365751451900786,binned_cosine_1Da,4,False,predicted_spectrum,2999
CASMI2022,massformer,completed,58,58,152,CASMI_MOL_1196849,CASMI_MOL_299224,299224,CCc1cc(C)oc1O,0.9356231353891217,binned_cosine_1Da,5,False,predicted_spectrum,2999
CASMI2022,massformer,completed,58,58,152,CASMI_MOL_1196849,CASMI_MOL_299452,299452,CCc1cc(C)oc1O,0.9356231353891217,binned_cosine_1Da,6,False,predicted_spectrum,2999
CASMI2022,massformer,completed,58,58,152,CASMI_MOL_1196849,CASMI_MOL_299223,299223,CCc1cc(C)oc1O,0.9356231307934353,binned_cosine_1Da,7,False,predicted_spectrum,2999
CASMI2022,massformer,completed,58,58,152,CASMI_MOL_1196849,CASMI_MOL_298366,298366,CCC(C=O)=CCC=O,0.9284058196822025,binned_cosine_1Da,8,False,predicted_spectrum,2999
CASMI2022,massformer,completed,58,58,152,CASMI_MOL_1196849,CASMI_MOL_297266,297266,CCC(C=O)=CCC=O,0.9284058146275302,binned_cosine_1Da,9,False,predicted_spectrum,2999
CASMI2022,massformer,completed,58,58,152,CASMI_MOL_1196849,CASMI_MOL_297482,297482,CCC(C=O)=CCC=O,0.9284058146275302,binned_cosine_1Da,10,False,predicted_spectrum,2999
CASMI2022,massformer,completed,58,58,152,CASMI_MOL_1196849,CASMI_MOL_296740,296740,COC1C=CCC(=O)C1,0.9260362222668597,binned_cosine_1Da,11,False,predicted_spectrum,2999
CASMI2022,massformer,completed,58,58,152,CASMI_MOL_1196849,CASMI_MOL_297235,297235,COC1C=CCC(=O)C1,0.9260362222668597,binned_cosine_1Da,12,False,predicted_spectrum,2999
CASMI2022,massformer,completed,58,58,152,CASMI_MOL_1196849,CASMI_MOL_297837,297837,COC1C=CCC(=O)C1,0.9260362154908874,binned_cosine_1Da,13,False,predicted_spectrum,2999
CASMI2022,massformer,completed,58,58,152,CASMI_MOL_1196849,CASMI_MOL_297165,297165,COC1C=CCC(=O)C1,0.926036209984891,binned_cosine_1Da,14,False,predicted_spectrum,2999
CASMI2022,massformer,completed,58,58,152,CASMI_MOL_1196849,CASMI_MOL_298126,298126,COC1C=CCC(=O)C1,0.926036209984891,binned_cosine_1Da,15,False,predicted_spectrum,2999
CASMI2022,massformer,completed,58,58,152,CASMI_MOL_1196849,CASMI_MOL_299061,299061,CCc1oc(O)cc1C,0.9251276724677093,binned_cosine_1Da,16,False,predicted_spectrum,2999
CASMI2022,massformer,completed,58,58,152,CASMI_MOL_1196849,CASMI_MOL_298886,298886,CCc1oc(O)cc1C,0.9251276661232033,binned_cosine_1Da,17,False,predicted_spectrum,2999
CASMI2022,massformer,completed,58,58,152,CASMI_MOL_1196849,CASMI_MOL_297056,297056,CCc1oc(O)cc1C,0.9251276405100881,binned_cosine_1Da,18,False,predicted_spectrum,2999
CASMI2022,massformer,completed,58,58,152,CASMI_MOL_1196849,CASMI_MOL_297861,297861,CC=C(C=O)C(C)C=O,0.9238020165495724,binned_cosine_1Da,19,False,predicted_spectrum,2999
CASMI2022,massformer,completed,58,58,152,CASMI_MOL_1196849,CASMI_MOL_297118,297118,CC=CCC(=O)CC=O,0.9224925625592497,binned_cosine_1Da,20,False,predicted_spectrum,2999
CASMI2022,massformer,completed,58,58,152,CASMI_MOL_1196849,CASMI_MOL_298607,298607,CC=CCC(=O)CC=O,0.9224925625592497,binned_cosine_1Da,21,False,predicted_spectrum,2999
CASMI2022,massformer,completed,58,58,152,CASMI_MOL_1196849,CASMI_MOL_298111,298111,CC=CCC(=O)CC=O,0.9224925508286592,binned_cosine_1Da,22,False,predicted_spectrum,2999
CASMI2022,massformer,completed,58,58,152,CASMI_MOL_1196849,CASMI_MOL_296942,296942,CC=CCC(=O)CC=O,0.9224925232325456,binned_cosine_1Da,23,False,predicted_spectrum,2999
CASMI2022,massformer,completed,58,58,152,CASMI_MOL_1196849,CASMI_MOL_297047,297047,CC=CCC(=O)CC=O,0.9224925232325456,binned_cosine_1Da,24,False,predicted_spectrum,2999
CASMI2022,massformer,completed,58,58,152,CASMI_MOL_1196849,CASMI_MOL_298245,298245,CC=CCC(=O)CC=O,0.9224925232325456,binned_cosine_1Da,25,False,predicted_spectrum,2999
CASMI2022,massformer,completed,58,58,152,CASMI_MOL_1196849,CASMI_MOL_298033,298033,O=C(C1CC1)C1CCO1,0.9198736545827768,binned_cosine_1Da,26,False,predicted_spectrum,2999
CASMI2022,massformer,completed,58,58,152,CASMI_MOL_1196849,CASMI_MOL_299028,299028,CC=C1CCCOC1=O,0.9194807862807624,binned_cosine_1Da,27,False,predicted_spectrum,2999
CASMI2022,massformer,completed,58,58,152,CASMI_MOL_1196849,CASMI_MOL_299049,299049,CC=C1CCCOC1=O,0.9194807862807624,binned_cosine_1Da,28,False,predicted_spectrum,2999
CASMI2022,massformer,completed,58,58,152,CASMI_MOL_1196849,CASMI_MOL_299045,299045,CC=C1CCCOC1=O,0.9194807386022931,binned_cosine_1Da,29,False,predicted_spectrum,2999
CASMI2022,massformer,completed,58,58,152,CASMI_MOL_1196849,CASMI_MOL_299048,299048,CC=C1CCCOC1=O,0.9194807386022931,binned_cosine_1Da,30,False,predicted_spectrum,2999
CASMI2022,massformer,completed,58,58,152,CASMI_MOL_1196849,CASMI_MOL_298500,298500,CCCc1ccoc1O,0.917826105517944,binned_cosine_1Da,31,False,predicted_spectrum,2999
CASMI2022,massformer,completed,58,58,152,CASMI_MOL_1196849,CASMI_MOL_296832,296832,CCCc1ccoc1O,0.9178259384357533,binned_cosine_1Da,32,False,predicted_spectrum,2999
CASMI2022,massformer,completed,58,58,152,CASMI_MOL_1196849,CASMI_MOL_298138,298138,CCCc1ccoc1O,0.9178259384357533,binned_cosine_1Da,33,False,predicted_spectrum,2999
CASMI2022,massformer,completed,58,58,152,CASMI_MOL_1196849,CASMI_MOL_299342,299342,CCC1=CCCOC1=O,0.9174070557716383,binned_cosine_1Da,34,False,predicted_spectrum,2999
CASMI2022,massformer,completed,58,58,152,CASMI_MOL_1196849,CASMI_MOL_298356,298356,CCC1=CCCOC1=O,0.917407007916959,binned_cosine_1Da,35,False,predicted_spectrum,2999
CASMI2022,massformer,completed,58,58,152,CASMI_MOL_1196849,CASMI_MOL_299487,299487,COC1C=C(C=O)CC1,0.9170569748818241,binned_cosine_1Da,36,False,predicted_spectrum,2999
CASMI2022,massformer,completed,58,58,152,CASMI_MOL_1196849,CASMI_MOL_296970,296970,C=CC(=O)C1CCCO1,0.9167819914080433,binned_cosine_1Da,37,False,predicted_spectrum,2999
CASMI2022,massformer,completed,58,58,152,CASMI_MOL_1196849,CASMI_MOL_298223,298223,C=CC(=O)C1CCCO1,0.9167819317403243,binned_cosine_1Da,38,False,predicted_spectrum,2999
CASMI2022,massformer,completed,58,58,152,CASMI_MOL_1196849,CASMI_MOL_297392,297392,CCCc1cc(O)co1,0.9166912577311481,binned_cosine_1Da,39,False,predicted_spectrum,2999
CASMI2022,massformer,completed,58,58,152,CASMI_MOL_1196849,CASMI_MOL_297849,297849,CCCc1cc(O)co1,0.9166912577311481,binned_cosine_1Da,40,False,predicted_spectrum,2999
CASMI2022,massformer,completed,58,58,152,CASMI_MOL_1196849,CASMI_MOL_297813,297813,CCC1=CCC(C=O)O1,0.9164129740068337,binned_cosine_1Da,41,False,predicted_spectrum,2999
CASMI2022,massformer,completed,58,58,152,CASMI_MOL_1196849,CASMI_MOL_297460,297460,CCC(=O)C(=O)C1CC1,0.9163018307973625,binned_cosine_1Da,42,False,predicted_spectrum,2999
CASMI2022,massformer,completed,58,58,152,CASMI_MOL_1196849,CASMI_MOL_298147,298147,CCC(=O)C(=O)C1CC1,0.9163018059270045,binned_cosine_1Da,43,False,predicted_spectrum,2999
CASMI2022,massformer,completed,58,58,152,CASMI_MOL_1196849,CASMI_MOL_299297,299297,CCC1=CCC(=O)OC1,0.9160781184538278,binned_cosine_1Da,44,False,predicted_spectrum,2999
CASMI2022,massformer,completed,58,58,152,CASMI_MOL_1196849,CASMI_MOL_296853,296853,CCCC=C(C=O)C=O,0.915398282796831,binned_cosine_1Da,45,False,predicted_spectrum,2999
CASMI2022,massformer,completed,58,58,152,CASMI_MOL_1196849,CASMI_MOL_299242,299242,CCc1cc(O)oc1C,0.9151987652945766,binned_cosine_1Da,46,False,predicted_spectrum,2999
CASMI2022,massformer,completed,58,58,152,CASMI_MOL_1196849,CASMI_MOL_296964,296964,CCc1cc(O)oc1C,0.9151987304328791,binned_cosine_1Da,47,False,predicted_spectrum,2999
CASMI2022,massformer,completed,58,58,152,CASMI_MOL_1196849,CASMI_MOL_298767,298767,CC(C=O)C(=O)C1CC1,0.9147592915691072,binned_cosine_1Da,48,False,predicted_spectrum,2999
CASMI2022,massformer,completed,58,58,152,CASMI_MOL_1196849,CASMI_MOL_298225,298225,CC(C=O)C(=O)C1CC1,0.9147592546020742,binned_cosine_1Da,49,False,predicted_spectrum,2999
CASMI2022,massformer,completed,58,58,152,CASMI_MOL_1196849,CASMI_MOL_298053,298053,CC(C=O)C(=O)C1CC1,0.9147591410919123,binned_cosine_1Da,50,False,predicted_spectrum,2999
CASMI2022,massformer,completed,58,58,152,CASMI_MOL_1196849,CASMI_MOL_297821,297821,CC(C)=C(C=O)CC=O,0.9147513560511311,binned_cosine_1Da,51,False,predicted_spectrum,2999
CASMI2022,massformer,completed,58,58,152,CASMI_MOL_1196849,CASMI_MOL_298443,298443,CCC(C=O)=C(C)C=O,0.9146237842610717,binned_cosine_1Da,52,False,predicted_spectrum,2999
CASMI2022,massformer,completed,58,58,152,CASMI_MOL_1196849,CASMI_MOL_297269,297269,CCC(=O)C=CC1CO1,0.9143798391965394,binned_cosine_1Da,53,False,predicted_spectrum,2999
CASMI2022,massformer,completed,58,58,152,CASMI_MOL_1196849,CASMI_MOL_299531,299531,CC=CC1CCOC1=O,0.9137795842880962,binned_cosine_1Da,54,False,predicted_spectrum,2999
CASMI2022,massformer,completed,58,58,152,CASMI_MOL_1196849,CASMI_MOL_299600,299600,CC=CC1CCOC1=O,0.9137795842880962,binned_cosine_1Da,55,False,predicted_spectrum,2999
CASMI2022,massformer,completed,58,58,152,CASMI_MOL_1196849,CASMI_MOL_297043,297043,CC=CC1CCOC1=O,0.9137795735452663,binned_cosine_1Da,56,False,predicted_spectrum,2999
CASMI2022,massformer,completed,58,58,152,CASMI_MOL_1196849,CASMI_MOL_299047,299047,CC=CC1CCOC1=O,0.9137795600562016,binned_cosine_1Da,57,False,predicted_spectrum,2999
CASMI2022,massformer,completed,58,58,152,CASMI_MOL_1196849,CASMI_MOL_299521,299521,CC=CC1CCOC1=O,0.9137795600562016,binned_cosine_1Da,58,False,predicted_spectrum,2999
CASMI2022,massformer,completed,58,58,152,CASMI_MOL_1196849,CASMI_MOL_297007,297007,CCC1OC=CCC1=O,0.9133939911917354,binned_cosine_1Da,59,False,predicted_spectrum,2999
CASMI2022,massformer,completed,58,58,152,CASMI_MOL_1196849,CASMI_MOL_297986,297986,CCC1OC=CCC1=O,0.9133939911917354,binned_cosine_1Da,60,False,predicted_spectrum,2999
CASMI2022,massformer,completed,58,58,152,CASMI_MOL_1196849,CASMI_MOL_298499,298499,CCC1OC=CCC1=O,0.9133939911917354,binned_cosine_1Da,61,False,predicted_spectrum,2999
CASMI2022,massformer,completed,58,58,152,CASMI_MOL_1196849,CASMI_MOL_297694,297694,CCCc1cocc1O,0.9132425014814317,binned_cosine_1Da,62,False,predicted_spectrum,2999
CASMI2022,massformer,completed,58,58,152,CASMI_MOL_1196849,CASMI_MOL_298259,298259,CCCc1cocc1O,0.9132425014814317,binned_cosine_1Da,63,False,predicted_spectrum,2999
CASMI2022,massformer,completed,58,58,152,CASMI_MOL_1196849,CASMI_MOL_297064,297064,Cc1oc(O)c(C)c1C,0.9131132428371416,binned_cosine_1Da,64,False,predicted_spectrum,2999
CASMI2022,massformer,completed,58,58,152,CASMI_MOL_1196849,CASMI_MOL_297533,297533,Cc1oc(O)c(C)c1C,0.9131132011115284,binned_cosine_1Da,65,False,predicted_spectrum,2999
CASMI2022,massformer,completed,58,58,152,CASMI_MOL_1196849,CASMI_MOL_298894,298894,Cc1oc(O)c(C)c1C,0.9131132011115284,binned_cosine_1Da,66,False,predicted_spectrum,2999
CASMI2022,massformer,completed,58,58,152,CASMI_MOL_1196849,CASMI_MOL_297285,297285,Cc1oc(O)c(C)c1C,0.9131131517118752,binned_cosine_1Da,67,False,predicted_spectrum,2999
CASMI2022,massformer,completed,58,58,152,CASMI_MOL_1196849,CASMI_MOL_297666,297666,Cc1oc(O)c(C)c1C,0.9131131517118752,binned_cosine_1Da,68,False,predicted_spectrum,2999
CASMI2022,massformer,completed,58,58,152,CASMI_MOL_1196849,CASMI_MOL_299492,299492,Cc1oc(O)c(C)c1C,0.9131131517118752,binned_cosine_1Da,69,False,predicted_spectrum,2999
CASMI2022,massformer,completed,58,58,152,CASMI_MOL_1196849,CASMI_MOL_299534,299534,Cc1oc(O)c(C)c1C,0.9131131517118752,binned_cosine_1Da,70,False,predicted_spectrum,2999
CASMI2022,massformer,completed,58,58,152,CASMI_MOL_1196849,CASMI_MOL_296756,296756,CC=CC=C1COCO1,0.9129868013303872,binned_cosine_1Da,71,False,predicted_spectrum,2999
CASMI2022,massformer,completed,58,58,152,CASMI_MOL_1196849,CASMI_MOL_297673,297673,CCCc1ccc(O)o1,0.9124507289939872,binned_cosine_1Da,72,False,predicted_spectrum,2999
CASMI2022,massformer,completed,58,58,152,CASMI_MOL_1196849,CASMI_MOL_299619,299619,CCCc1ccc(O)o1,0.9124507289939872,binned_cosine_1Da,73,False,predicted_spectrum,2999
CASMI2022,massformer,completed,58,58,152,CASMI_MOL_1196849,CASMI_MOL_299649,299649,CCCc1ccc(O)o1,0.9124507289939872,binned_cosine_1Da,74,False,predicted_spectrum,2999
CASMI2022,massformer,completed,58,58,152,CASMI_MOL_1196849,CASMI_MOL_297674,297674,CCCc1ccc(O)o1,0.9124507051922481,binned_cosine_1Da,75,False,predicted_spectrum,2999
CASMI2022,massformer,completed,58,58,152,CASMI_MOL_1196849,CASMI_MOL_297481,297481,C=CC(C)(O)C=CC=O,0.9124036313265594,binned_cosine_1Da,76,False,predicted_spectrum,2999
CASMI2022,massformer,completed,58,58,152,CASMI_MOL_1196849,CASMI_MOL_298434,298434,CCOc1coc(C)c1,0.9122120620864265,binned_cosine_1Da,77,False,predicted_spectrum,2999
CASMI2022,massformer,completed,58,58,152,CASMI_MOL_1196849,CASMI_MOL_298011,298011,CC=CC1COC(=O)C1,0.9121092739108055,binned_cosine_1Da,78,False,predicted_spectrum,2999
CASMI2022,massformer,completed,58,58,152,CASMI_MOL_1196849,CASMI_MOL_299404,299404,CC=CC1COC(=O)C1,0.9121092739108055,binned_cosine_1Da,79,False,predicted_spectrum,2999
CASMI2022,massformer,completed,58,58,152,CASMI_MOL_1196849,CASMI_MOL_298928,298928,CC=CC1COC(=O)C1,0.9121092389209671,binned_cosine_1Da,80,False,predicted_spectrum,2999
CASMI2022,massformer,completed,58,58,152,CASMI_MOL_1196849,CASMI_MOL_298156,298156,C=COC1(C(C)=O)CC1,0.9107836041682014,binned_cosine_1Da,81,False,predicted_spectrum,2999
CASMI2022,massformer,completed,58,58,152,CASMI_MOL_1196849,CASMI_MOL_296849,296849,C=COC1CCCC1=O,0.9107150339265755,binned_cosine_1Da,82,False,predicted_spectrum,2999
CASMI2022,massformer,completed,58,58,152,CASMI_MOL_1196849,CASMI_MOL_297013,297013,CCC1=COC=C(C)O1,0.9105460239801146,binned_cosine_1Da,83,False,predicted_spectrum,2999
CASMI2022,massformer,completed,58,58,152,CASMI_MOL_1196849,CASMI_MOL_297475,297475,CC=C1OC(=O)CC1C,0.9100456550835717,binned_cosine_1Da,84,False,predicted_spectrum,2999
CASMI2022,massformer,completed,58,58,152,CASMI_MOL_1196849,CASMI_MOL_299211,299211,CC1=C(C)OC(=O)CC1,0.9098265339859664,binned_cosine_1Da,85,False,predicted_spectrum,2999
CASMI2022,massformer,completed,58,58,152,CASMI_MOL_1196849,CASMI_MOL_298134,298134,CC1=CC(=O)C(C)OC1,0.9091351259735418,binned_cosine_1Da,86,False,predicted_spectrum,2999
CASMI2022,massformer,completed,58,58,152,CASMI_MOL_1196849,CASMI_MOL_298627,298627,CCOc1ccc(C)o1,0.9087622856832295,binned_cosine_1Da,87,False,predicted_spectrum,2999
CASMI2022,massformer,completed,58,58,152,CASMI_MOL_1196849,CASMI_MOL_299546,299546,CCC(C)(O)C#CC=O,0.9084838409085187,binned_cosine_1Da,88,False,predicted_spectrum,2999
CASMI2022,massformer,completed,58,58,152,CASMI_MOL_1196849,CASMI_MOL_297109,297109,C=CC1=CCOC1OC,0.9082284262028704,binned_cosine_1Da,89,False,predicted_spectrum,2999
CASMI2022,massformer,completed,58,58,152,CASMI_MOL_1196849,CASMI_MOL_298114,298114,COCC1=CCCC1=O,0.9081247203990779,binned_cosine_1Da,90,False,predicted_spectrum,2999
CASMI2022,massformer,completed,58,58,152,CASMI_MOL_1196849,CASMI_MOL_297244,297244,COCC1=CCCC1=O,0.9081246937224229,binned_cosine_1Da,91,False,predicted_spectrum,2999
CASMI2022,massformer,completed,58,58,152,CASMI_MOL_1196849,CASMI_MOL_298761,298761,COCC1=CCCC1=O,0.9081246937224229,binned_cosine_1Da,92,False,predicted_spectrum,2999
CASMI2022,massformer,completed,58,58,152,CASMI_MOL_1196849,CASMI_MOL_297830,297830,C=CC1COC(C=C)O1,0.9080107075178689,binned_cosine_1Da,93,False,predicted_spectrum,2999
CASMI2022,massformer,completed,58,58,152,CASMI_MOL_1196849,CASMI_MOL_297767,297767,CC(C)C(C=O)=CC=O,0.9077230315405189,binned_cosine_1Da,94,False,predicted_spectrum,2999
CASMI2022,massformer,completed,58,58,152,CASMI_MOL_1196849,CASMI_MOL_298995,298995,COC1=CCC(C)C1=O,0.907538243860575,binned_cosine_1Da,95,False,predicted_spectrum,2999
CASMI2022,massformer,completed,58,58,152,CASMI_MOL_1196849,CASMI_MOL_298504,298504,CC=C(C=O)CCC=O,0.906727712486912,binned_cosine_1Da,96,False,predicted_spectrum,2999
CASMI2022,massformer,completed,58,58,152,CASMI_MOL_1196849,CASMI_MOL_298750,298750,CC=C(C=O)CCC=O,0.9067276354499041,binned_cosine_1Da,97,False,predicted_spectrum,2999
CASMI2022,massformer,completed,58,58,152,CASMI_MOL_1196849,CASMI_MOL_299154,299154,CC=C(C=O)CCC=O,0.9067276124713173,binned_cosine_1Da,98,False,predicted_spectrum,2999
CASMI2022,massformer,completed,58,58,152,CASMI_MOL_1196849,CASMI_MOL_297688,297688,CC1=C(C)CC(=O)OC1,0.906292483108252,binned_cosine_1Da,99,False,predicted_spectrum,2999
CASMI2022,massformer,completed,58,58,152,CASMI_MOL_1196849,CASMI_MOL_299181,299181,CC1=C(C)CC(=O)OC1,0.906292483108252,binned_cosine_1Da,100,False,predicted_spectrum,2999
CASMI2022,massformer,completed,58,58,152,CASMI_MOL_1196849,CASMI_MOL_1196849,1196849,CC1CC(C)C(=O)C1=O,0.8899528058919914,binned_cosine_1Da,235,True,predicted_spectrum,2999
