dataset,model,status,query_id,spectrum_id,casmi_id,true_candidate_id,candidate_id,candidate_mol_id,candidate_smiles,score,score_name,rank,is_correct,prediction_status,candidate_count
CASMI2022,massformer,completed,145,145,332,CASMI_MOL_1196938,CASMI_MOL_763198,763198,CC(C)=CC(=O)OC1C(=O)OC2CC3=C(C)C(OC(=O)CCC(=O)OCCCCOc4no[n+]([O-])c4S(=O)(=O)c4ccccc4)C(=O)CC3(C)C3C(O)C(O)C4(C(=O)O)OCC23C14,0.10555611474850755,binned_cosine_1Da,1,False,predicted_spectrum,316
CASMI2022,massformer,completed,145,145,332,CASMI_MOL_1196938,CASMI_MOL_763199,763199,CC(C)=CC(=O)OC1C(=O)OC2CC3C(C)C(=O)C(=O)CC3(C)C3C(O)C(OC(=O)CCC(=O)OCCCCOc4no[n+]([O-])c4S(=O)(=O)c4ccccc4)C4(C(=O)O)OCC23C14,0.10206633359812019,binned_cosine_1Da,2,False,predicted_spectrum,316
CASMI2022,massformer,completed,145,145,332,CASMI_MOL_1196938,CASMI_MOL_763196,763196,C=C(C=CC=CC=C1N(CCCCCC(=O)O)c2ccc(S(=O)(=O)O)cc2C1(C)CCCS(=O)(=O)O)C(C)(CCS(=O)(=O)NCCOC)c1cc(S(=O)(=O)O)ccc1C,0.080171597027025,binned_cosine_1Da,3,False,predicted_spectrum,316
CASMI2022,massformer,completed,145,145,332,CASMI_MOL_1196938,CASMI_MOL_763096,763096,CC(=O)OCc1cc(-n2c(O)c3c(c2O)C2CC(=O)NCC2C3=O)ccc1-c1ccccc1COC(=O)C=Cc1ccc(OC(=O)c2ccc(OCCCC(F)(F)C(F)(F)F)cc2)cc1,0.060375795085917755,binned_cosine_1Da,4,False,predicted_spectrum,316
CASMI2022,massformer,completed,145,145,332,CASMI_MOL_1196938,CASMI_MOL_763239,763239,CC(=O)OCc1cc(-n2c(O)c3c(c2O)C2CC(=O)NCC2C3=O)ccc1-c1ccccc1COC(=O)C=Cc1ccc(OC(=O)c2ccc(OCCCC(F)(F)C(F)(F)F)cc2)cc1,0.060375795085917755,binned_cosine_1Da,5,False,predicted_spectrum,316
CASMI2022,massformer,completed,145,145,332,CASMI_MOL_1196938,CASMI_MOL_763069,763069,NCc1cccc(-c2cc(C(Oc3ccccc3CC(=O)O)C(=O)Oc3ccc(-c4cc(COc5cc(C(F)(F)F)ccc5CC(=O)O)cc5cc(F)oc45)cc3CN)cc3ccoc23)c1,0.05803579426123247,binned_cosine_1Da,6,False,predicted_spectrum,316
CASMI2022,massformer,completed,145,145,332,CASMI_MOL_1196938,CASMI_MOL_762982,762982,C=C(C=CC=CC=C1N(CCCCCC(=O)O)c2ccc(S(=O)(=O)O)cc2C1(C)C)C(C)(CCCCS(=O)(=O)O)c1cc(S(=O)(=O)O)ccc1NCCCCS(=O)(=O)O,0.05634750207371199,binned_cosine_1Da,7,False,predicted_spectrum,316
CASMI2022,massformer,completed,145,145,332,CASMI_MOL_1196938,CASMI_MOL_763219,763219,CCCCCCCCCCCSC1=C(SCCCCCCCCCCC)SC(=C2SC3=C(CCSCCSCCSCCSCCSCC3)S2)S1,0.05464061648535925,binned_cosine_1Da,8,False,predicted_spectrum,316
CASMI2022,massformer,completed,145,145,332,CASMI_MOL_1196938,CASMI_MOL_763242,763242,COc1ccc(CC(=NC(=O)CCCC(OC(=O)C(CC(C)C)OC(=O)C(C)(C)CN=[N+]=[N-])C(C)C2OC(C)(C)OC2c2ccccc2)C(=O)OCC(Cl)(Cl)Cl)cc1Cl,0.05096592444810878,binned_cosine_1Da,9,False,predicted_spectrum,316
CASMI2022,massformer,completed,145,145,332,CASMI_MOL_1196938,CASMI_MOL_763229,763229,COc1ccc(CSC2CC(C(=O)N3CCN(C(=O)OCc4ccccc4[N+](=O)[O-])C(COC(=O)OCc4ccc([N+](=O)[O-])cc4)C3)N(C(=O)OCc3ccc([N+](=O)[O-])cc3)C2)cc1,0.046938391224579074,binned_cosine_1Da,10,False,predicted_spectrum,316
CASMI2022,massformer,completed,145,145,332,CASMI_MOL_1196938,CASMI_MOL_763230,763230,COc1ccc(CSC2(C(=O)OC(c3ccccc3)=[N+]([O-])O)CN(C(=O)OCc3ccc([N+](=O)[O-])cc3)C(C(=O)N3CCNCC3)C2COC(=O)OCc2ccc([N+](=O)[O-])cc2)cc1,0.045297681162274575,binned_cosine_1Da,11,False,predicted_spectrum,316
CASMI2022,massformer,completed,145,145,332,CASMI_MOL_1196938,CASMI_MOL_763241,763241,Cc1cn(C2CC(N=[N+]=[N-])C(COC(=O)N(C)CCN(C)C(=O)OCCSSCCOC(=O)NCCNC(=O)OCC3OC(n4ccc(N)nc4=O)CS3)O2)c(=O)[nH]c1=O,0.044970807260604324,binned_cosine_1Da,12,False,predicted_spectrum,316
CASMI2022,massformer,completed,145,145,332,CASMI_MOL_1196938,CASMI_MOL_763231,763231,COc1ccc(CSC2CC(C(=O)N3CCN(C(=O)OC(c4ccccc4)=[N+]([O-])O)C(COC(=O)OCc4ccc([N+](=O)[O-])cc4)C3)N(C(=O)OCc3ccc([N+](=O)[O-])cc3)C2)cc1,0.04356212686085663,binned_cosine_1Da,13,False,predicted_spectrum,316
CASMI2022,massformer,completed,145,145,332,CASMI_MOL_1196938,CASMI_MOL_763086,763086,CC(C)(C)CC1(c2ccc3c(C(F)F)nccc3c2)N=C(NC(=O)OCc2ccccc2)N(C(COC(=O)NC2(C(F)(F)F)CC2)c2ccc(Cl)c(-n3ncnc3C(F)F)c2)C1=O,0.039645728280966644,binned_cosine_1Da,14,False,predicted_spectrum,316
CASMI2022,massformer,completed,145,145,332,CASMI_MOL_1196938,CASMI_MOL_763091,763091,CC(C)(C)CC1(c2ccc3nc(C(F)F)ccc3c2)N=C(NC(=O)OCc2ccccc2)N(C(COC(=O)NC2(C(F)(F)F)CC2)c2ccc(Cl)c(-n3ncnc3C(F)F)c2)C1=O,0.03843629783450641,binned_cosine_1Da,15,False,predicted_spectrum,316
CASMI2022,massformer,completed,145,145,332,CASMI_MOL_1196938,CASMI_MOL_763210,763210,COC(=O)C=CC1=C(C(=O)OCc2ccc(OC)cc2OC)N2C(=O)C(=NC(=O)C(NOCC(N)=O)c3csc(NC(c4ccccc4)(c4ccccc4)c4ccccc4)n3)C2SC1,0.03504330559187781,binned_cosine_1Da,16,False,predicted_spectrum,316
CASMI2022,massformer,completed,145,145,332,CASMI_MOL_1196938,CASMI_MOL_763228,763228,CS(=O)(=O)N1CC(c2csc(-c3ccc(F)cc3)n2)C2C1CCN2C(=O)C(N)CCCCC(N)C(=O)N1CCC2C1C(c1csc(-c3ccc(F)cc3)n1)CN2S(C)(=O)=O,0.03449027589650798,binned_cosine_1Da,17,False,predicted_spectrum,316
CASMI2022,massformer,completed,145,145,332,CASMI_MOL_1196938,CASMI_MOL_763240,763240,CCOc1cc2c3c(c(OCC)cc4c3c1C(=O)N(C(CCCCNC(=O)C1CSSC1)C(=O)NC)C4=O)C(=O)N(C(CCCCNC(=O)C1CSSC1)C(=O)NC)C2=O,0.029478277165563217,binned_cosine_1Da,18,False,predicted_spectrum,316
CASMI2022,massformer,completed,145,145,332,CASMI_MOL_1196938,CASMI_MOL_763260,763260,Cc1ccc(C(=O)O)c(C(=O)Nc2cccc(Oc3ccc(P(=O)(c4ccccc4)c4ccccc4)c(Oc4cccc(NC(=O)c5cc(C#Cc6ccccc6)ccc5C(=O)O)c4)c3)c2)c1,0.028759481290875438,binned_cosine_1Da,19,False,predicted_spectrum,316
CASMI2022,massformer,completed,145,145,332,CASMI_MOL_1196938,CASMI_MOL_763201,763201,OC1C(OCc2ccccc2)C(COCc2ccccc2)OC(Oc2ccc(OCCCC(F)(F)C(F)(F)C(F)(F)C(F)(F)C(F)(F)C(F)(F)F)cc2)C1OCc1ccccc1,0.024868125763869146,binned_cosine_1Da,20,False,predicted_spectrum,316
CASMI2022,massformer,completed,145,145,332,CASMI_MOL_1196938,CASMI_MOL_763067,763067,CC(=Cc1cc(F)c(Oc2ccc(S(=O)(=O)C(C)CCOCCCS(=O)(=O)c3ccc(Oc4c(F)cc(C=C(C)C(=O)NC(=N)N)cc4F)cc3)cc2)c(F)c1)C(=O)N=C(N)N,0.024212430335386906,binned_cosine_1Da,21,False,predicted_spectrum,316
CASMI2022,massformer,completed,145,145,332,CASMI_MOL_1196938,CASMI_MOL_763202,763202,OCC1OC(Oc2ccc(OCCCC(F)(F)C(F)(F)C(F)(F)C(F)(F)C(F)(F)C(F)(F)F)cc2)C(OCc2ccccc2)C(OCc2ccccc2)C1OCc1ccccc1,0.023721084023655265,binned_cosine_1Da,22,False,predicted_spectrum,316
CASMI2022,massformer,completed,145,145,332,CASMI_MOL_1196938,CASMI_MOL_763084,763084,Cc1ccc2cccc(OCc3c(Cl)ccc(N(C)C(=O)CNC4CCCC(NCC(=O)N(C)c5ccc(Cl)c(COc6cccc7ccc(C)nc67)c5Cl)CC4)c3Cl)c2n1,0.02362555466063123,binned_cosine_1Da,23,False,predicted_spectrum,316
CASMI2022,massformer,completed,145,145,332,CASMI_MOL_1196938,CASMI_MOL_763065,763065,CC1(C)CCC(CN2CCN(c3ccc(C(=O)NS(=O)(=O)c4cc5c(c([N+](=O)[O-])c4)CC(CS(C)(=O)=O)CO5)c(Oc4cnc5[nH]ccc5c4)c3)CC2)=C(c2ccc(Cl)cc2)C1,0.0233816910690343,binned_cosine_1Da,24,False,predicted_spectrum,316
CASMI2022,massformer,completed,145,145,332,CASMI_MOL_1196938,CASMI_MOL_763068,763068,CC1(C)CCC(CN2CCN(c3ccc(C(=O)NS(=O)(=O)c4cc5c(c([N+](=O)[O-])c4)CC(CS(C)(=O)=O)CO5)c(Oc4cnc5[nH]ccc5c4)c3)CC2)=C(c2ccc(Cl)cc2)C1,0.0233816910690343,binned_cosine_1Da,25,False,predicted_spectrum,316
CASMI2022,massformer,completed,145,145,332,CASMI_MOL_1196938,CASMI_MOL_763256,763256,COc1ccc2c(OC3CC4C(=O)NC5(C(=O)NNC(=O)c6ccco6)CC5C=CCCCCC(NS(=O)(=O)c5cccs5)C(=O)N4C3)cc(-c3csc(NC(C)C)n3)nc2c1,0.02329806550067109,binned_cosine_1Da,26,False,predicted_spectrum,316
CASMI2022,massformer,completed,145,145,332,CASMI_MOL_1196938,CASMI_MOL_763072,763072,CC(C)(C)OC(=O)Nc1nc(C(=NOC(C)(C)C(=O)OC(C)(C)C)C(=O)NC2C(=O)N3C(C(=O)OC(c4ccccc4)c4ccccc4)=C(c4ccc(CCl)nc4)CSC23)cs1,0.021684477856849703,binned_cosine_1Da,27,False,predicted_spectrum,316
CASMI2022,massformer,completed,145,145,332,CASMI_MOL_1196938,CASMI_MOL_763078,763078,CC(C)N(C(C)C)N(OCCC#N)[PH](=O)OC1CC(n2cnc3c(NC(=O)OCCc4ccc([N+](=O)[O-])cc4)ncnc32)OC1COC(=O)OCCc1c(Cl)cccc1[N+](=O)[O-],0.019468018452610248,binned_cosine_1Da,28,False,predicted_spectrum,316
CASMI2022,massformer,completed,145,145,332,CASMI_MOL_1196938,CASMI_MOL_762981,762981,CC(C)(C)OC(=O)Nc1nc(C(=NOC(C)(C)C(=O)OC(C)(C)C)C(=O)NC2C(=O)N3C(C(=O)OC(c4ccccc4)c4ccccc4)=C(c4ccc(CCl)cn4)CSC23)cs1,0.019443199445597227,binned_cosine_1Da,29,False,predicted_spectrum,316
CASMI2022,massformer,completed,145,145,332,CASMI_MOL_1196938,CASMI_MOL_763073,763073,CC(C)(C)OC(=O)Nc1nc(C(=NOC(C)(C)C(=O)OC(C)(C)C)C(=O)NC2C(=O)N3C(C(=O)OC(c4ccccc4)c4ccccc4)=C(c4ccc(CCl)cn4)CSC23)cs1,0.019443198363132456,binned_cosine_1Da,30,False,predicted_spectrum,316
CASMI2022,massformer,completed,145,145,332,CASMI_MOL_1196938,CASMI_MOL_763088,763088,CC(C)(C)c1cccc(C(=O)c2ccccc2OP(Oc2ccc3ccccc3c2)Oc2ccc3ccccc3c2)c1OP(Oc1ccc2ccccc2c1)Oc1ccc2ccccc2c1,0.01832538794095483,binned_cosine_1Da,31,False,predicted_spectrum,316
CASMI2022,massformer,completed,145,145,332,CASMI_MOL_1196938,CASMI_MOL_762983,762983,CC1=NC(=O)C(N2C(=O)c3cccc(OCCOCCOCCOc4ccc(-c5cnc6[nH]cc(C(=O)c7c(F)ccc(NS(=O)(=O)N8CCC(F)C8)c7F)c6c5)cc4)c3C2=O)CC1,0.017820041702793474,binned_cosine_1Da,32,False,predicted_spectrum,316
CASMI2022,massformer,completed,145,145,332,CASMI_MOL_1196938,CASMI_MOL_762984,762984,CC1=NC(=O)C(N2C(=O)c3ccc(OCCOCCOCCOc4ccc(-c5cnc6[nH]cc(C(=O)c7c(F)ccc(NS(=O)(=O)N8CCC(F)C8)c7F)c6c5)cc4)cc3C2=O)CC1,0.017721170304654907,binned_cosine_1Da,33,False,predicted_spectrum,316
CASMI2022,massformer,completed,145,145,332,CASMI_MOL_1196938,CASMI_MOL_763268,763268,O=C(c1ccccc1)n1c2c(c3ccccc31)Cc1c(c(O)n(-c3ccc(S(=O)(=O)c4ccc(-n5c(O)c6c(c5O)Cc5c(c7ccccc7n5C(=O)c5ccccc5)C6)cc4)cc3)c1O)C2,0.017151653716889433,binned_cosine_1Da,34,False,predicted_spectrum,316
CASMI2022,massformer,completed,145,145,332,CASMI_MOL_1196938,CASMI_MOL_763270,763270,O=C(c1ccccc1)n1c2c(c3ccccc31)Cc1c(c(O)n(-c3ccc(S(=O)(=O)c4ccc(-n5c(O)c6c(c5O)Cc5c(c7ccccc7n5C(=O)c5ccccc5)C6)cc4)cc3)c1O)C2,0.017151653716889433,binned_cosine_1Da,35,False,predicted_spectrum,316
CASMI2022,massformer,completed,145,145,332,CASMI_MOL_1196938,CASMI_MOL_763227,763227,Cc1ccc(-c2ccc(Cc3ccc([S+]([O-])c4ccc(Oc5ccc(C(C)(C)c6ccc(Oc7ccc([S+]([O-])c8ccc(C)cc8)cc7)cc6)cc5)cc4)cc3)cc2S(=O)(=O)O)cc1,0.0164718635228122,binned_cosine_1Da,36,False,predicted_spectrum,316
CASMI2022,massformer,completed,145,145,332,CASMI_MOL_1196938,CASMI_MOL_763238,763238,CC(=O)c1ccc(C(=O)N(CCCN(CCN2C(=O)c3cccc4cc([N+](=O)[O-])cc(c34)C2=O)C(=O)c2ccc(C(C)=O)cc2)CCN2C(=O)c3cccc4cc([N+](=O)[O-])cc(c34)C2=O)cc1,0.016235529683775073,binned_cosine_1Da,37,False,predicted_spectrum,316
CASMI2022,massformer,completed,145,145,332,CASMI_MOL_1196938,CASMI_MOL_763087,763087,CC(C)N1CCOC(C)(C#Cc2ccc(-c3ccc(Cl)c4c(NS(C)(=O)=O)nn(C)c34)c(C(Cc3cc(F)cc(F)c3)C(C(N)=O)n3nc(C(F)F)c4c3C(F)(F)C3CC43)n2)C1,0.01440584836101965,binned_cosine_1Da,38,False,predicted_spectrum,316
CASMI2022,massformer,completed,145,145,332,CASMI_MOL_1196938,CASMI_MOL_763066,763066,C=S(C)c1ccc(C=C2C(C)=C(CC(=O)Oc3ccc(C=Cc4cc(O)cc(OC(=O)C=C5C(C)=C(Cc6ccc([S+](C)[O-])cc6)c6ccc(F)cc65)c4)cc3)c3cc(F)ccc32)cc1,0.013479127303898431,binned_cosine_1Da,39,False,predicted_spectrum,316
CASMI2022,massformer,completed,145,145,332,CASMI_MOL_1196938,CASMI_MOL_763071,763071,CC1C2COP(=O)(OCOC(=O)C(C)(C)C)OC3C(COP(=O)(OCOC(=O)C(C)(C)C)OC1C(n1cnc4c(=O)[nH]c(N)nc41)O2)OC(n1cnc2c(N)ncnc21)C3F,0.013192948291427992,binned_cosine_1Da,40,False,predicted_spectrum,316
CASMI2022,massformer,completed,145,145,332,CASMI_MOL_1196938,CASMI_MOL_763211,763211,CCCCCCCCCCCCc1c(-c2nc3c(s2)-c2sc(-c4sc5c(c4CCCCCCCCCCCC)C(=O)C(F)(F)C5=O)nc2C3=O)sc2c1C(=O)C(F)(F)C2=O,0.013153824534319295,binned_cosine_1Da,41,False,predicted_spectrum,316
CASMI2022,massformer,completed,145,145,332,CASMI_MOL_1196938,CASMI_MOL_763220,763220,O=C(C=Cc1ccc(O)cc1)OCC1OC(Oc2cc3c(OC4OC(CO)C(O)C(O)C4O)cc(=O)cc-3oc2-c2ccc(O)cc2)C(OC2OC(CO)C(O)C(O)C2O)C(O)C1O,0.013131347135712804,binned_cosine_1Da,42,False,predicted_spectrum,316
CASMI2022,massformer,completed,145,145,332,CASMI_MOL_1196938,CASMI_MOL_762992,762992,O=C(C=Cc1ccc(O)cc1)OCC1OC(Oc2cc3c(OC4OC(CO)C(O)C(O)C4O)cc(=O)cc-3oc2-c2ccc(O)cc2)C(OC2OC(CO)C(O)C(O)C2O)C(O)C1O,0.013131341745860788,binned_cosine_1Da,43,False,predicted_spectrum,316
CASMI2022,massformer,completed,145,145,332,CASMI_MOL_1196938,CASMI_MOL_763215,763215,O=C(C=Cc1ccc(O)cc1)OCC1OC(OC2C(Oc3cc4c(OC5OC(CO)C(O)C(O)C5O)cc(=O)cc-4oc3-c3ccc(O)cc3)OC(CO)C(O)C2O)C(O)C(O)C1O,0.012670508167981315,binned_cosine_1Da,44,False,predicted_spectrum,316
CASMI2022,massformer,completed,145,145,332,CASMI_MOL_1196938,CASMI_MOL_763221,763221,O=C(Nc1cccnc1SCCS(=O)(=O)c1ccccc1)C(C1CCCCC1)C(C(=O)Nc1cccnc1SCCS(=O)(=O)c1cccc(C(F)(F)F)c1)C1CCCCC1,0.012626240475308746,binned_cosine_1Da,45,False,predicted_spectrum,316
CASMI2022,massformer,completed,145,145,332,CASMI_MOL_1196938,CASMI_MOL_763213,763213,COc1cc(-c2oc3cc(=O)cc(O)c-3cc2OC2OC(CO)C(OC3OC(CO)C(OC4OC(COC(=O)C=Cc5ccc(O)cc5)C(O)C4O)C(O)C3O)C(O)C2O)ccc1O,0.012402441710656449,binned_cosine_1Da,46,False,predicted_spectrum,316
CASMI2022,massformer,completed,145,145,332,CASMI_MOL_1196938,CASMI_MOL_763093,763093,CC1OC(OCC2OC(Oc3cc4c(OC5OC(CO)C(O)C(O)C5O)cc(=O)cc-4oc3-c3ccc(O)c(O)c3)C(O)C(O)C2O)C(O)C(O)C1OC(=O)C=Cc1ccc(O)cc1,0.012380829366849432,binned_cosine_1Da,47,False,predicted_spectrum,316
CASMI2022,massformer,completed,145,145,332,CASMI_MOL_1196938,CASMI_MOL_763063,763063,CC(C)N1CCOC(C)(C#Cc2ccc(-c3ccc(Cl)c4c(NS(C)(=O)=O)nn(C)c34)c(C(Cc3cc(F)cc(F)c3)NC(=O)Cn3nc(C(F)F)c4c3C(F)(F)C3CC43)n2)C1,0.012197633769386658,binned_cosine_1Da,48,False,predicted_spectrum,316
CASMI2022,massformer,completed,145,145,332,CASMI_MOL_1196938,CASMI_MOL_763197,763197,CC(C)N1CCOC(C)(C#Cc2ccc(-c3ccc(Cl)c4c(NS(C)(=O)=O)nn(C)c34)c(C(Cc3cc(F)cc(F)c3)NC(=O)Cn3nc(C(F)F)c4c3C(F)(F)C3CC43)n2)C1,0.01219763004784584,binned_cosine_1Da,49,False,predicted_spectrum,316
CASMI2022,massformer,completed,145,145,332,CASMI_MOL_1196938,CASMI_MOL_763214,763214,O=C(C=Cc1ccc(O)c(O)c1)OCC1OC(c2cc3c(OC4OC(CO)C(O)C(O)C4O)cc(=O)cc-3oc2-c2ccc(O)cc2)C(OC2OC(CO)C(O)C(O)C2O)C(O)C1O,0.011995488923291832,binned_cosine_1Da,50,False,predicted_spectrum,316
CASMI2022,massformer,completed,145,145,332,CASMI_MOL_1196938,CASMI_MOL_762959,762959,O=C1CCC(N2C(=O)c3cc(F)c(N4CCN(CCOc5ccc(-c6cnc7[nH]cc(C(=O)c8c(F)ccc(NS(=O)(=O)N9CCC(F)C9)c8F)c7c6)cc5)CC4)cc3C2=O)C(=O)N1,0.011507844406942427,binned_cosine_1Da,51,False,predicted_spectrum,316
CASMI2022,massformer,completed,145,145,332,CASMI_MOL_1196938,CASMI_MOL_763136,763136,CC1OC(Oc2cc(O)c3c(=O)c(OC4OC(COC(=O)C=Cc5ccc(O)c(O)c5)C(O)C(O)C4OC4OC(C)C(O)C(O)C4O)c(-c4ccc(O)cc4)oc3c2)C(O)C(O)C1O,0.011385756529867551,binned_cosine_1Da,52,False,predicted_spectrum,316
CASMI2022,massformer,completed,145,145,332,CASMI_MOL_1196938,CASMI_MOL_763137,763137,CC1OC(Oc2cc(O)c3c(=O)c(OC4OC(COC(=O)C=Cc5ccc(O)c(O)c5)C(O)C(O)C4OC4OC(C)C(O)C(O)C4O)c(-c4ccc(O)cc4)oc3c2)C(O)C(O)C1O,0.011385756529867551,binned_cosine_1Da,53,False,predicted_spectrum,316
CASMI2022,massformer,completed,145,145,332,CASMI_MOL_1196938,CASMI_MOL_763138,763138,CC(=O)ON=C(C)c1ccc2c(c1)c1cc(C(=O)c3ccccc3C)ccc1n2CCS(=O)(=O)CCn1c2ccc(C(C)=NOC(C)=O)cc2c2c3sc4ccccc4c(=O)c3ccc21,0.01133493074560242,binned_cosine_1Da,54,False,predicted_spectrum,316
CASMI2022,massformer,completed,145,145,332,CASMI_MOL_1196938,CASMI_MOL_763081,763081,CC1OC(Oc2cc(O)c3c(=O)c(OC4OC(COC(=O)C=Cc5ccc(O)cc5)C(O)C(O)C4OC4OC(C)C(O)C(O)C4O)c(-c4ccc(O)c(O)c4)oc3c2)C(O)C(O)C1O,0.011172309717126891,binned_cosine_1Da,55,False,predicted_spectrum,316
CASMI2022,massformer,completed,145,145,332,CASMI_MOL_1196938,CASMI_MOL_763134,763134,CC1OC(Oc2cc(O)c3c(=O)c(OC4OC(COC(=O)C=Cc5ccc(O)cc5)C(O)C(O)C4OC4OC(C)C(O)C(O)C4O)c(-c4ccc(O)c(O)c4)oc3c2)C(O)C(O)C1O,0.011172309717126891,binned_cosine_1Da,56,False,predicted_spectrum,316
CASMI2022,massformer,completed,145,145,332,CASMI_MOL_1196938,CASMI_MOL_763135,763135,CC1OC(Oc2cc(O)c3c(=O)c(OC4OC(COC(=O)C=Cc5ccc(O)cc5)C(O)C(O)C4OC4OC(C)C(O)C(O)C4O)c(-c4ccc(O)c(O)c4)oc3c2)C(O)C(O)C1O,0.011172309717126891,binned_cosine_1Da,57,False,predicted_spectrum,316
CASMI2022,massformer,completed,145,145,332,CASMI_MOL_1196938,CASMI_MOL_763077,763077,O=c1[nH]c(F)nc2c1ncn2C1OC(COC(c2ccccc2)(c2ccccc2)c2ccccc2)C(OC(c2ccccc2)(c2ccccc2)c2ccccc2)C1OS(=O)(=O)C(F)(F)F,0.011014980229142816,binned_cosine_1Da,58,False,predicted_spectrum,316
CASMI2022,massformer,completed,145,145,332,CASMI_MOL_1196938,CASMI_MOL_762994,762994,CC1OC(Oc2c(-c3ccc(O)cc3)oc3cc(OC4OC(COC(=O)C=Cc5ccc(O)cc5)C(O)C(O)C4O)cc(O)c3c2=O)C(O)C(O)C1OC1OC(CO)C(O)C(O)C1O,0.010960518652179835,binned_cosine_1Da,59,False,predicted_spectrum,316
CASMI2022,massformer,completed,145,145,332,CASMI_MOL_1196938,CASMI_MOL_763046,763046,CC1OC(Oc2c(-c3ccc(O)cc3)oc3cc(OC4OC(COC(=O)C=Cc5ccc(O)cc5)C(O)C(O)C4O)cc(O)c3c2=O)C(O)C(O)C1OC1OC(CO)C(O)C(O)C1O,0.010960518652179835,binned_cosine_1Da,60,False,predicted_spectrum,316
CASMI2022,massformer,completed,145,145,332,CASMI_MOL_1196938,CASMI_MOL_763047,763047,CC1OC(Oc2c(-c3ccc(O)cc3)oc3cc(OC4OC(COC(=O)C=Cc5ccc(O)cc5)C(O)C(O)C4O)cc(O)c3c2=O)C(O)C(O)C1OC1OC(CO)C(O)C(O)C1O,0.010960518652179835,binned_cosine_1Da,61,False,predicted_spectrum,316
CASMI2022,massformer,completed,145,145,332,CASMI_MOL_1196938,CASMI_MOL_762989,762989,COc1cc(C=CC(=O)OCC2OC(c3c(OC4OCC(O)(CO)C4O)c(C4OC(CO)C(O)C(O)C4O)c(O)c4c(=O)cc(-c5ccc(O)cc5)oc34)C(O)C(O)C2O)ccc1O,0.010956697088903988,binned_cosine_1Da,62,False,predicted_spectrum,316
CASMI2022,massformer,completed,145,145,332,CASMI_MOL_1196938,CASMI_MOL_763032,763032,COc1cc(C=CC(=O)OCC2OC(c3c(OC4OCC(O)(CO)C4O)c(C4OC(CO)C(O)C(O)C4O)c(O)c4c(=O)cc(-c5ccc(O)cc5)oc34)C(O)C(O)C2O)ccc1O,0.010956697088903988,binned_cosine_1Da,63,False,predicted_spectrum,316
CASMI2022,massformer,completed,145,145,332,CASMI_MOL_1196938,CASMI_MOL_763033,763033,COc1cc(C=CC(=O)OCC2OC(c3c(OC4OCC(O)(CO)C4O)c(C4OC(CO)C(O)C(O)C4O)c(O)c4c(=O)cc(-c5ccc(O)cc5)oc34)C(O)C(O)C2O)ccc1O,0.010956697088903988,binned_cosine_1Da,64,False,predicted_spectrum,316
CASMI2022,massformer,completed,145,145,332,CASMI_MOL_1196938,CASMI_MOL_763034,763034,COc1cc(C=CC(=O)OCC2OC(c3c(OC4OCC(O)(CO)C4O)c(C4OC(CO)C(O)C(O)C4O)c(O)c4c(=O)cc(-c5ccc(O)cc5)oc34)C(O)C(O)C2O)ccc1O,0.010956697088903988,binned_cosine_1Da,65,False,predicted_spectrum,316
CASMI2022,massformer,completed,145,145,332,CASMI_MOL_1196938,CASMI_MOL_763035,763035,COc1cc(C=CC(=O)OCC2OC(c3c(OC4OCC(O)(CO)C4O)c(C4OC(CO)C(O)C(O)C4O)c(O)c4c(=O)cc(-c5ccc(O)cc5)oc34)C(O)C(O)C2O)ccc1O,0.010956697088903988,binned_cosine_1Da,66,False,predicted_spectrum,316
CASMI2022,massformer,completed,145,145,332,CASMI_MOL_1196938,CASMI_MOL_763036,763036,COc1cc(C=CC(=O)OCC2OC(c3c(OC4OCC(O)(CO)C4O)c(C4OC(CO)C(O)C(O)C4O)c(O)c4c(=O)cc(-c5ccc(O)cc5)oc34)C(O)C(O)C2O)ccc1O,0.010956697088903988,binned_cosine_1Da,67,False,predicted_spectrum,316
CASMI2022,massformer,completed,145,145,332,CASMI_MOL_1196938,CASMI_MOL_763037,763037,COc1cc(C=CC(=O)OCC2OC(c3c(OC4OCC(O)(CO)C4O)c(C4OC(CO)C(O)C(O)C4O)c(O)c4c(=O)cc(-c5ccc(O)cc5)oc34)C(O)C(O)C2O)ccc1O,0.010956697088903988,binned_cosine_1Da,68,False,predicted_spectrum,316
CASMI2022,massformer,completed,145,145,332,CASMI_MOL_1196938,CASMI_MOL_763127,763127,CC1OC(OCC2OC(Oc3c(-c4ccc(OC5OC(C)C(O)C(O)C5O)c(O)c4)oc4cc(O)cc(O)c4c3=O)C(OC(=O)C=Cc3ccc(O)cc3)C(O)C2O)C(O)C(O)C1O,0.010915695556446017,binned_cosine_1Da,69,False,predicted_spectrum,316
CASMI2022,massformer,completed,145,145,332,CASMI_MOL_1196938,CASMI_MOL_763259,763259,CC1OC(OCC2OC(Oc3c(-c4ccc(O)c(O)c4)oc4cc(OC5OC(C)C(O)C(O)C5O)cc(O)c4c3=O)C(O)C(O)C2OC(=O)C=Cc2ccc(O)cc2)C(O)C(O)C1O,0.010811869704807926,binned_cosine_1Da,70,False,predicted_spectrum,316
CASMI2022,massformer,completed,145,145,332,CASMI_MOL_1196938,CASMI_MOL_762996,762996,CC1OC(OCC2OC(Oc3c(-c4ccc(O)c(O)c4)oc4cc(OC5OC(C)C(O)C(O)C5O)cc(O)c4c3=O)C(O)C(O)C2OC(=O)C=Cc2ccc(O)cc2)C(O)C(O)C1O,0.010811854164802235,binned_cosine_1Da,71,False,predicted_spectrum,316
CASMI2022,massformer,completed,145,145,332,CASMI_MOL_1196938,CASMI_MOL_763005,763005,CC1OC(OCC2OC(Oc3c(-c4ccc(O)c(O)c4)oc4cc(OC5OC(C)C(O)C(O)C5O)cc(O)c4c3=O)C(O)C(O)C2OC(=O)C=Cc2ccc(O)cc2)C(O)C(O)C1O,0.010811854164802235,binned_cosine_1Da,72,False,predicted_spectrum,316
CASMI2022,massformer,completed,145,145,332,CASMI_MOL_1196938,CASMI_MOL_763006,763006,CC1OC(OCC2OC(Oc3c(-c4ccc(O)c(O)c4)oc4cc(OC5OC(C)C(O)C(O)C5O)cc(O)c4c3=O)C(O)C(O)C2OC(=O)C=Cc2ccc(O)cc2)C(O)C(O)C1O,0.010811854164802235,binned_cosine_1Da,73,False,predicted_spectrum,316
CASMI2022,massformer,completed,145,145,332,CASMI_MOL_1196938,CASMI_MOL_763007,763007,CC1OC(OCC2OC(Oc3c(-c4ccc(O)c(O)c4)oc4cc(OC5OC(C)C(O)C(O)C5O)cc(O)c4c3=O)C(O)C(O)C2OC(=O)C=Cc2ccc(O)cc2)C(O)C(O)C1O,0.010811854164802235,binned_cosine_1Da,74,False,predicted_spectrum,316
CASMI2022,massformer,completed,145,145,332,CASMI_MOL_1196938,CASMI_MOL_763052,763052,CC1OC(OCC2OC(Oc3c(-c4ccc(O)c(O)c4)oc4cc(OC5OC(C)C(O)C(O)C5O)cc(O)c4c3=O)C(O)C(O)C2OC(=O)C=Cc2ccc(O)cc2)C(O)C(O)C1O,0.010811854164802235,binned_cosine_1Da,75,False,predicted_spectrum,316
CASMI2022,massformer,completed,145,145,332,CASMI_MOL_1196938,CASMI_MOL_763245,763245,CC1OC(OCC2OC(Oc3c(-c4ccc(O)c(O)c4)oc4cc(OC5OC(C)C(O)C(O)C5O)cc(O)c4c3=O)C(O)C(O)C2OC(=O)C=Cc2ccc(O)cc2)C(O)C(O)C1O,0.010811854164802235,binned_cosine_1Da,76,False,predicted_spectrum,316
CASMI2022,massformer,completed,145,145,332,CASMI_MOL_1196938,CASMI_MOL_762991,762991,CC1OC(Oc2c(-c3ccc(O)cc3)oc3cc(OC4OC(COC(=O)C=Cc5ccc(O)cc5)C(O)C(O)C4O)c(C4OC(CO)C(O)C(O)C4O)c(O)c3c2=O)C(O)C(O)C1O,0.010784158092264807,binned_cosine_1Da,77,False,predicted_spectrum,316
CASMI2022,massformer,completed,145,145,332,CASMI_MOL_1196938,CASMI_MOL_763030,763030,CC1OC(Oc2c(-c3ccc(O)cc3)oc3cc(OC4OC(COC(=O)C=Cc5ccc(O)cc5)C(O)C(O)C4O)c(C4OC(CO)C(O)C(O)C4O)c(O)c3c2=O)C(O)C(O)C1O,0.010784158092264807,binned_cosine_1Da,78,False,predicted_spectrum,316
CASMI2022,massformer,completed,145,145,332,CASMI_MOL_1196938,CASMI_MOL_763031,763031,CC1OC(Oc2c(-c3ccc(O)cc3)oc3cc(OC4OC(COC(=O)C=Cc5ccc(O)cc5)C(O)C(O)C4O)c(C4OC(CO)C(O)C(O)C4O)c(O)c3c2=O)C(O)C(O)C1O,0.010784158092264807,binned_cosine_1Da,79,False,predicted_spectrum,316
CASMI2022,massformer,completed,145,145,332,CASMI_MOL_1196938,CASMI_MOL_763267,763267,COc1cc2occ(-c3ccc(OC4OC(COC5OCC(COC(C)=O)(OC(C)=O)C5OC(C)=O)C(OC(C)=O)C(OC(C)=O)C4OC(C)=O)cc3)c(=O)c2c(OC(C)=O)c1OC,0.010770977346744802,binned_cosine_1Da,80,False,predicted_spectrum,316
CASMI2022,massformer,completed,145,145,332,CASMI_MOL_1196938,CASMI_MOL_762998,762998,CC1OC(OCC2OC(Oc3c(-c4ccc(O)cc4)oc4cc(OC5OC(C)C(O)C(O)C5O)cc(O)c4c3=O)C(O)C(O)C2OC(=O)C=Cc2ccc(O)c(O)c2)C(O)C(O)C1O,0.010753267370651968,binned_cosine_1Da,81,False,predicted_spectrum,316
CASMI2022,massformer,completed,145,145,332,CASMI_MOL_1196938,CASMI_MOL_763051,763051,CC1OC(OCC2OC(Oc3c(-c4ccc(O)cc4)oc4cc(OC5OC(C)C(O)C(O)C5O)cc(O)c4c3=O)C(O)C(O)C2OC(=O)C=Cc2ccc(O)c(O)c2)C(O)C(O)C1O,0.010753267370651968,binned_cosine_1Da,82,False,predicted_spectrum,316
CASMI2022,massformer,completed,145,145,332,CASMI_MOL_1196938,CASMI_MOL_763203,763203,CC1OC(OCC2OC(Oc3c(-c4ccc(O)cc4)oc4cc(OC5OC(C)C(O)C(O)C5O)cc(O)c4c3=O)C(O)C(O)C2OC(=O)C=Cc2ccc(O)c(O)c2)C(O)C(O)C1O,0.010753267370651968,binned_cosine_1Da,83,False,predicted_spectrum,316
CASMI2022,massformer,completed,145,145,332,CASMI_MOL_1196938,CASMI_MOL_763252,763252,CC1OC(OCC2OC(Oc3c(-c4ccc(O)cc4)oc4cc(OC5OC(C)C(O)C(O)C5O)cc(O)c4c3=O)C(O)C(O)C2OC(=O)C=Cc2ccc(O)c(O)c2)C(O)C(O)C1O,0.010753267370651968,binned_cosine_1Da,84,False,predicted_spectrum,316
CASMI2022,massformer,completed,145,145,332,CASMI_MOL_1196938,CASMI_MOL_763133,763133,CC1(C)c2ccccc2-c2c(-n3c4ccc(-c5ccc6oc7c(-n8c9ccccc9c9cc%10sc%11ccccc%11c%10cc98)cccc7c6c5)cc4c4cc5sc6ccccc6c5cc43)cccc21,0.010681506666345328,binned_cosine_1Da,85,False,predicted_spectrum,316
CASMI2022,massformer,completed,145,145,332,CASMI_MOL_1196938,CASMI_MOL_763250,763250,CC1OC(Oc2cc(O)c3c(=O)c(OC4OC(CO)C(O)C(O)C4O)c(-c4ccc(O)cc4)oc3c2)C(OC2OC(COC(=O)C=Cc3ccc(O)cc3)C(O)C(O)C2O)C(O)C1O,0.01056417368959997,binned_cosine_1Da,86,False,predicted_spectrum,316
CASMI2022,massformer,completed,145,145,332,CASMI_MOL_1196938,CASMI_MOL_763017,763017,CC1OC(Oc2cc(O)c3c(=O)c(OC4OC(C)C(O)C(O)C4OC4OC(COC(=O)C=Cc5ccc(O)cc5)C(O)C(O)C4O)c(-c4ccc(O)c(O)c4)oc3c2)C(O)C(O)C1O,0.010376864062679209,binned_cosine_1Da,87,False,predicted_spectrum,316
CASMI2022,massformer,completed,145,145,332,CASMI_MOL_1196938,CASMI_MOL_763054,763054,CC1OC(Oc2cc(O)c3c(=O)c(OC4OC(C)C(O)C(O)C4OC4OC(COC(=O)C=Cc5ccc(O)cc5)C(O)C(O)C4O)c(-c4ccc(O)c(O)c4)oc3c2)C(O)C(O)C1O,0.010376864062679209,binned_cosine_1Da,88,False,predicted_spectrum,316
CASMI2022,massformer,completed,145,145,332,CASMI_MOL_1196938,CASMI_MOL_763257,763257,CC1OC(Oc2cc(O)c3c(=O)c(OC4OC(C)C(O)C(O)C4OC4OC(COC(=O)C=Cc5ccc(O)cc5)C(O)C(O)C4O)c(-c4ccc(O)c(O)c4)oc3c2)C(O)C(O)C1O,0.010376864062679209,binned_cosine_1Da,89,False,predicted_spectrum,316
CASMI2022,massformer,completed,145,145,332,CASMI_MOL_1196938,CASMI_MOL_763262,763262,CC1OC(Oc2cc(O)c3c(=O)c(OC4OC(C)C(O)C(O)C4OC4OC(COC(=O)C=Cc5ccc(O)cc5)C(O)C(O)C4O)c(-c4ccc(O)c(O)c4)oc3c2)C(O)C(O)C1O,0.010376864062679209,binned_cosine_1Da,90,False,predicted_spectrum,316
CASMI2022,massformer,completed,145,145,332,CASMI_MOL_1196938,CASMI_MOL_763004,763004,CC1OC(Oc2cc(O)c3c(=O)c(OC4OC(C)C(O)C(O)C4OC4OC(COC(=O)C=Cc5ccc(O)c(O)c5)C(O)C(O)C4O)c(-c4ccc(O)cc4)oc3c2)C(O)C(O)C1O,0.010373667243695709,binned_cosine_1Da,91,False,predicted_spectrum,316
CASMI2022,massformer,completed,145,145,332,CASMI_MOL_1196938,CASMI_MOL_763053,763053,CC1OC(Oc2cc(O)c3c(=O)c(OC4OC(C)C(O)C(O)C4OC4OC(COC(=O)C=Cc5ccc(O)c(O)c5)C(O)C(O)C4O)c(-c4ccc(O)cc4)oc3c2)C(O)C(O)C1O,0.010373667243695709,binned_cosine_1Da,92,False,predicted_spectrum,316
CASMI2022,massformer,completed,145,145,332,CASMI_MOL_1196938,CASMI_MOL_763258,763258,CC1OC(Oc2cc(O)c3c(=O)c(OC4OC(C)C(O)C(O)C4OC4OC(COC(=O)C=Cc5ccc(O)c(O)c5)C(O)C(O)C4O)c(-c4ccc(O)cc4)oc3c2)C(O)C(O)C1O,0.010373667243695709,binned_cosine_1Da,93,False,predicted_spectrum,316
CASMI2022,massformer,completed,145,145,332,CASMI_MOL_1196938,CASMI_MOL_763261,763261,CC1OC(Oc2cc(O)c3c(=O)c(OC4OC(C)C(O)C(O)C4OC4OC(COC(=O)C=Cc5ccc(O)c(O)c5)C(O)C(O)C4O)c(-c4ccc(O)cc4)oc3c2)C(O)C(O)C1O,0.010373666724496178,binned_cosine_1Da,94,False,predicted_spectrum,316
CASMI2022,massformer,completed,145,145,332,CASMI_MOL_1196938,CASMI_MOL_763076,763076,O=c1[nH]c(F)nc2c1ncn2C1OC(COC(c2ccccc2)(c2ccccc2)c2ccccc2)C(OS(=O)(=O)C(F)(F)F)C1OC(c1ccccc1)(c1ccccc1)c1ccccc1,0.010345930709721089,binned_cosine_1Da,95,False,predicted_spectrum,316
CASMI2022,massformer,completed,145,145,332,CASMI_MOL_1196938,CASMI_MOL_763089,763089,CC1OC(OCC2OC(Oc3c(-c4ccc(O)cc4)oc4cc(O)cc(O)c4c3=O)C(OC(=O)C=Cc3ccc(O)cc3)C(O)C2O)C(O)C(OC2OC(CO)C(O)C(O)C2O)C1O,0.010330764480441497,binned_cosine_1Da,96,False,predicted_spectrum,316
CASMI2022,massformer,completed,145,145,332,CASMI_MOL_1196938,CASMI_MOL_763008,763008,CC1OC(Oc2c(-c3ccc(O)cc3)oc3cc(O)cc(O)c3c2=O)C(OC2OC(COC(=O)C=Cc3ccc(OC4OC(CO)C(O)C(O)C4O)cc3)C(O)C(O)C2O)C(O)C1O,0.010317825830171904,binned_cosine_1Da,97,False,predicted_spectrum,316
CASMI2022,massformer,completed,145,145,332,CASMI_MOL_1196938,CASMI_MOL_763060,763060,CC1OC(Oc2c(-c3ccc(O)cc3)oc3cc(O)cc(O)c3c2=O)C(OC2OC(COC(=O)C=Cc3ccc(OC4OC(CO)C(O)C(O)C4O)cc3)C(O)C(O)C2O)C(O)C1O,0.010317825830171904,binned_cosine_1Da,98,False,predicted_spectrum,316
CASMI2022,massformer,completed,145,145,332,CASMI_MOL_1196938,CASMI_MOL_763130,763130,CC1OC(Oc2c(-c3ccc(O)cc3)oc3cc(O)cc(O)c3c2=O)C(OC2OC(COC(=O)C=Cc3ccc(OC4OC(CO)C(O)C(O)C4O)cc3)C(O)C(O)C2O)C(O)C1O,0.010317825830171904,binned_cosine_1Da,99,False,predicted_spectrum,316
CASMI2022,massformer,completed,145,145,332,CASMI_MOL_1196938,CASMI_MOL_763209,763209,CC1OC(Oc2c(-c3ccc(O)cc3)oc3cc(O)cc(O)c3c2=O)C(OC2OC(COC(=O)C=Cc3ccc(OC4OC(CO)C(O)C(O)C4O)cc3)C(O)C(O)C2O)C(O)C1O,0.010317825830171904,binned_cosine_1Da,100,False,predicted_spectrum,316
CASMI2022,massformer,completed,145,145,332,CASMI_MOL_1196938,CASMI_MOL_1196938,1196938,CC1OC(OC2C(Oc3c(-c4ccc(O)cc4)oc4cc(OC5OC(COC(=O)C=Cc6ccc(O)cc6)C(O)C(O)C5O)cc(O)c4c3=O)OC(CO)C(O)C2O)C(O)C(O)C1O,0.009888768548820507,binned_cosine_1Da,135,True,predicted_spectrum,316
CASMI2022,massformer,completed,146,146,333,CASMI_MOL_1196945,CASMI_MOL_1196945,1196945,CC(=O)OC1C(=O)C2=C(C(=O)CC3C2(C)CCC(OC(=O)CC(=O)O)C3(C)C)C2(C)C(=O)CC(C(C)CC(=O)CC(C)C(=O)O)C12C,0.5620699683156453,binned_cosine_1Da,1,True,predicted_spectrum,1277
CASMI2022,massformer,completed,146,146,333,CASMI_MOL_1196945,CASMI_MOL_808612,808612,CC(=O)OC1C(=O)C2=C(C(=O)CC3C2(C)CCC(OC(=O)CC(=O)O)C3(C)C)C2(C)C(=O)CC(C(C)CC(=O)CC(C)C(=O)O)C12C,0.5620699616215946,binned_cosine_1Da,2,False,predicted_spectrum,1277
CASMI2022,massformer,completed,146,146,333,CASMI_MOL_1196945,CASMI_MOL_808507,808507,CC(=O)OC1CC2=C(CC(=O)C3C2(C)C(=O)CC2(C)C(C(C)(O)C(=O)C=CC(C)(C)OC(C)=O)C(OC(=O)O)CC32C)C(C)(C)C1=O,0.5551538126608977,binned_cosine_1Da,3,False,predicted_spectrum,1277
CASMI2022,massformer,completed,146,146,333,CASMI_MOL_1196945,CASMI_MOL_809468,809468,COC(=O)C1CC2CC1C(C1C3CC(C(=O)OCO)C(C3)C1C1C3CC(C(C(=O)OC)C3C(=O)OC)C1c1c(O)oc(O)c1C)C2C,0.5445368344869952,binned_cosine_1Da,4,False,predicted_spectrum,1277
CASMI2022,massformer,completed,146,146,333,CASMI_MOL_1196945,CASMI_MOL_808958,808958,CC(=O)OC1C(=O)C2CC3OC3C(OC(C)=O)C2(C)C2C(C)C(OC(C)=O)C3(C)C(C(O)C4C3C(C)C=C3OC(=O)C(C)(O)C34C)C12,0.540336050228213,binned_cosine_1Da,5,False,predicted_spectrum,1277
CASMI2022,massformer,completed,146,146,333,CASMI_MOL_1196945,CASMI_MOL_808916,808916,C=C1CC(C)C2C3C(OC(=O)C(C)(O)C13C)C1C3C(=O)C(O)C4CC5OC5C(OC(C)=O)C4(C)C3C(OC(C)=O)C(OC(C)=O)C12C,0.5376101382604748,binned_cosine_1Da,6,False,predicted_spectrum,1277
CASMI2022,massformer,completed,146,146,333,CASMI_MOL_1196945,CASMI_MOL_808531,808531,CC(=O)OC1C2C3C(=O)C(O)C4CC5OC5C(OC(C)=O)C4(C)C3C(C)C(OC(C)=O)C2(C)C2C(C)C=C3OC(=O)C(C)(O)C3(C)C12,0.532603793204245,binned_cosine_1Da,7,False,predicted_spectrum,1277
CASMI2022,massformer,completed,146,146,333,CASMI_MOL_1196945,CASMI_MOL_808917,808917,CC(=O)OC1C2C3C(=O)C(O)C4CC5OC5C(OC(C)=O)C4(C)C3C(C)C(OC(C)=O)C2(C)C2C(C)C=C3OC(=O)C(C)(O)C3(C)C12,0.532603793204245,binned_cosine_1Da,8,False,predicted_spectrum,1277
CASMI2022,massformer,completed,146,146,333,CASMI_MOL_1196945,CASMI_MOL_808956,808956,CC(=O)OC1C2C3C(=O)C(O)C4CC5OC5C(OC(C)=O)C4(C)C3C(C)C(OC(C)=O)C2(C)C2C(C)C=C3OC(=O)C(C)(O)C3(C)C12,0.532603793204245,binned_cosine_1Da,9,False,predicted_spectrum,1277
CASMI2022,massformer,completed,146,146,333,CASMI_MOL_1196945,CASMI_MOL_808959,808959,CC(=O)OC1C2C3C(=O)C(O)C4CC5OC5C(OC(C)=O)C4(C)C3C(C)C(OC(C)=O)C2(C)C2C(C)C=C3OC(=O)C(C)(O)C3(C)C12,0.532603793204245,binned_cosine_1Da,10,False,predicted_spectrum,1277
CASMI2022,massformer,completed,146,146,333,CASMI_MOL_1196945,CASMI_MOL_808765,808765,O=C(O)c1ccc(OC23CC4CC(CC(C4)C2Oc2ccc(C(=O)O)c(Oc4ccc(C#CC56CC7CC(CC(C7)C5)C6)cc4)c2)C3)cc1,0.5313564988259268,binned_cosine_1Da,11,False,predicted_spectrum,1277
CASMI2022,massformer,completed,146,146,333,CASMI_MOL_1196945,CASMI_MOL_809586,809586,COC(=O)C12OCC34C(CC5=C(C)C(OC(=O)C=C(C)C(C)C)C(=O)CC5(C)C3C(O)C1O)OC(=O)C(OC(=O)C=C(C)C(C)C)C24,0.5307113890817362,binned_cosine_1Da,12,False,predicted_spectrum,1277
CASMI2022,massformer,completed,146,146,333,CASMI_MOL_1196945,CASMI_MOL_808459,808459,CCC(C)C(=O)OC1OCC23C(O)C(OC(C)=O)C(OC(C)=O)C1(C)C2CC(O)C1(C)C2CC(=O)C(c4ccoc4)C2(C)CC(=O)C13,0.5306626280592811,binned_cosine_1Da,13,False,predicted_spectrum,1277
CASMI2022,massformer,completed,146,146,333,CASMI_MOL_1196945,CASMI_MOL_808460,808460,CCC(C)C(=O)OC1OCC23C(O)C(OC(C)=O)C(OC(C)=O)C1(C)C2CC(O)C1(C)C2CC(=O)C(c4ccoc4)C2(C)CC(=O)C13,0.5306626280592811,binned_cosine_1Da,14,False,predicted_spectrum,1277
CASMI2022,massformer,completed,146,146,333,CASMI_MOL_1196945,CASMI_MOL_808461,808461,CCC(C)C(=O)OC1OCC23C(O)C(OC(C)=O)C(OC(C)=O)C1(C)C2CC(O)C1(C)C2CC(=O)C(c4ccoc4)C2(C)CC(=O)C13,0.5306626280592811,binned_cosine_1Da,15,False,predicted_spectrum,1277
CASMI2022,massformer,completed,146,146,333,CASMI_MOL_1196945,CASMI_MOL_808462,808462,CCC(C)C(=O)OC1OCC23C(O)C(OC(C)=O)C(OC(C)=O)C1(C)C2CC(O)C1(C)C2CC(=O)C(c4ccoc4)C2(C)CC(=O)C13,0.5306626280592811,binned_cosine_1Da,16,False,predicted_spectrum,1277
CASMI2022,massformer,completed,146,146,333,CASMI_MOL_1196945,CASMI_MOL_808463,808463,CCC(C)C(=O)OC1OCC23C(O)C(OC(C)=O)C(OC(C)=O)C1(C)C2CC(O)C1(C)C2CC(=O)C(c4ccoc4)C2(C)CC(=O)C13,0.5306626280592811,binned_cosine_1Da,17,False,predicted_spectrum,1277
CASMI2022,massformer,completed,146,146,333,CASMI_MOL_1196945,CASMI_MOL_809616,809616,CCC(C)C(=O)OC1OCC23C(O)C(OC(C)=O)C(OC(C)=O)C1(C)C2CC(O)C1(C)C2CC(=O)C(c4ccoc4)C2(C)CC(=O)C13,0.5306626280592811,binned_cosine_1Da,18,False,predicted_spectrum,1277
CASMI2022,massformer,completed,146,146,333,CASMI_MOL_1196945,CASMI_MOL_809161,809161,CCCC(O)(O)C1CC2C3CC(F)=C4CC(=O)CCC4(C)C3(F)C(O)CC2(C)C1(C(=O)CSC1COC(=O)C1)C(O)(O)CCC,0.5303105492296274,binned_cosine_1Da,19,False,predicted_spectrum,1277
CASMI2022,massformer,completed,146,146,333,CASMI_MOL_1196945,CASMI_MOL_808957,808957,CC(=O)OC1C(=O)C2CC3OC3C(OC(C)=O)C2(C)C2C(C)C(OC(C)=O)C3(C)C(C4OC(=O)C(C)(O)C5(C)C(=O)CC(C)C3C45)C12,0.5295066080225465,binned_cosine_1Da,20,False,predicted_spectrum,1277
CASMI2022,massformer,completed,146,146,333,CASMI_MOL_1196945,CASMI_MOL_809162,809162,CCCC(O)(O)C1CC2C3CC(F)=C4CC(=O)CC(O)C4(C)C3(F)CCC2(C)C1(C(=O)CSC1COC(=O)C1)C(O)(O)CCC,0.5253274072460488,binned_cosine_1Da,21,False,predicted_spectrum,1277
CASMI2022,massformer,completed,146,146,333,CASMI_MOL_1196945,CASMI_MOL_808526,808526,C=C1OC23OC2C(C)C2C(C(O)C4C5C(=O)C(OC=O)C6CC7OC7C(OC(C)=O)C6(C)C5C(C)C(OC(C)=O)C42C)C3(C)C1(C)O,0.5251476083137834,binned_cosine_1Da,22,False,predicted_spectrum,1277
CASMI2022,massformer,completed,146,146,333,CASMI_MOL_1196945,CASMI_MOL_808477,808477,CCC(C)C(=O)OC1OCC23C(O)C(OC(C)=O)C(OC(C)=O)C1(C)C2CC(O)C1(C)C2C(=O)CC(c4ccoc4)C2(C)CC(=O)C13,0.5238114328190436,binned_cosine_1Da,23,False,predicted_spectrum,1277
CASMI2022,massformer,completed,146,146,333,CASMI_MOL_1196945,CASMI_MOL_808478,808478,CCC(C)C(=O)OC1OCC23C(O)C(OC(C)=O)C(OC(C)=O)C1(C)C2CC(O)C1(C)C2C(=O)CC(c4ccoc4)C2(C)CC(=O)C13,0.5238114328190436,binned_cosine_1Da,24,False,predicted_spectrum,1277
CASMI2022,massformer,completed,146,146,333,CASMI_MOL_1196945,CASMI_MOL_808479,808479,CCC(C)C(=O)OC1OCC23C(O)C(OC(C)=O)C(OC(C)=O)C1(C)C2CC(O)C1(C)C2C(=O)CC(c4ccoc4)C2(C)CC(=O)C13,0.5238114328190436,binned_cosine_1Da,25,False,predicted_spectrum,1277
CASMI2022,massformer,completed,146,146,333,CASMI_MOL_1196945,CASMI_MOL_808480,808480,CCC(C)C(=O)OC1OCC23C(O)C(OC(C)=O)C(OC(C)=O)C1(C)C2CC(O)C1(C)C2C(=O)CC(c4ccoc4)C2(C)CC(=O)C13,0.5238114328190436,binned_cosine_1Da,26,False,predicted_spectrum,1277
CASMI2022,massformer,completed,146,146,333,CASMI_MOL_1196945,CASMI_MOL_808481,808481,CCC(C)C(=O)OC1OCC23C(O)C(OC(C)=O)C(OC(C)=O)C1(C)C2CC(O)C1(C)C2C(=O)CC(c4ccoc4)C2(C)CC(=O)C13,0.5238114328190436,binned_cosine_1Da,27,False,predicted_spectrum,1277
CASMI2022,massformer,completed,146,146,333,CASMI_MOL_1196945,CASMI_MOL_808496,808496,CCC(C)C(=O)OC1OCC23C(O)C(OC(C)=O)C(OC(C)=O)C1(C)C2CC(O)C1(C)C2C(=O)CC(c4ccoc4)C2(C)CC(=O)C13,0.5238114328190436,binned_cosine_1Da,28,False,predicted_spectrum,1277
CASMI2022,massformer,completed,146,146,333,CASMI_MOL_1196945,CASMI_MOL_808629,808629,CCC(C)C(=O)OC1OCC23C(O)C(OC(C)=O)C(OC(C)=O)C1(C)C2CC(O)C1(C)C2C(=O)CC(c4ccoc4)C2(C)CC(=O)C13,0.5238114328190436,binned_cosine_1Da,29,False,predicted_spectrum,1277
CASMI2022,massformer,completed,146,146,333,CASMI_MOL_1196945,CASMI_MOL_808967,808967,CCC(C)C(=O)OC1OCC23C(O)C(OC(C)=O)C(OC(C)=O)C1(C)C2CC(O)C1(C)C2C(=O)CC(c4ccoc4)C2(C)CC(=O)C13,0.5238114328190436,binned_cosine_1Da,30,False,predicted_spectrum,1277
CASMI2022,massformer,completed,146,146,333,CASMI_MOL_1196945,CASMI_MOL_809005,809005,CCC(C)C(=O)OC1OCC23C(O)C(OC(C)=O)C(OC(C)=O)C1(C)C2CC(O)C1(C)C2C(=O)CC(c4ccoc4)C2(C)CC(=O)C13,0.5238114328190436,binned_cosine_1Da,31,False,predicted_spectrum,1277
CASMI2022,massformer,completed,146,146,333,CASMI_MOL_1196945,CASMI_MOL_809163,809163,CCCC(O)(O)C1CC2C3CC(F)=C4CC(=O)CCC4(C)C3(F)C(O)CC2(C)C1(C(=O)CSC1CCOC1=O)C(O)(O)CCC,0.5237910979427938,binned_cosine_1Da,32,False,predicted_spectrum,1277
CASMI2022,massformer,completed,146,146,333,CASMI_MOL_1196945,CASMI_MOL_808465,808465,CC#Cc1ccc(-c2ccc(C(=O)C3CCC4(C(Cc5cc(O)cc(NCC(C)O)c5)N=C(N)NC)CCC5CCCC53C4)s2)s1,0.5203503370491722,binned_cosine_1Da,33,False,predicted_spectrum,1277
CASMI2022,massformer,completed,146,146,333,CASMI_MOL_1196945,CASMI_MOL_808466,808466,CC#Cc1ccc(-c2ccc(C(=O)C3CCC4(C(Cc5cc(O)cc(NCC(C)O)c5)N=C(N)NC)CCC5CCCC53C4)s2)s1,0.5203503370491722,binned_cosine_1Da,34,False,predicted_spectrum,1277
CASMI2022,massformer,completed,146,146,333,CASMI_MOL_1196945,CASMI_MOL_808467,808467,CC#Cc1ccc(-c2ccc(C(=O)C3CCC4(C(Cc5cc(O)cc(NCC(C)O)c5)N=C(N)NC)CCC5CCCC53C4)s2)s1,0.5203503370491722,binned_cosine_1Da,35,False,predicted_spectrum,1277
CASMI2022,massformer,completed,146,146,333,CASMI_MOL_1196945,CASMI_MOL_808972,808972,C#CCOc1c2cccc1Cc1cccc3c1OCCOCCOCCOCCOc1c(cccc1Cc1cccc(c1OCC#C)C3)C2,0.5179854845494029,binned_cosine_1Da,36,False,predicted_spectrum,1277
CASMI2022,massformer,completed,146,146,333,CASMI_MOL_1196945,CASMI_MOL_808625,808625,Cc1cnc2c(c1)S(=O)(=O)N(Cc1cc(C(c3ccc4c(nnn4C4CC4)c3C)C(C)(C)C(=O)O)ccc1C)CC1(CCNCC1)O2,0.5165347542262402,binned_cosine_1Da,37,False,predicted_spectrum,1277
CASMI2022,massformer,completed,146,146,333,CASMI_MOL_1196945,CASMI_MOL_808656,808656,Cc1cnc2c(c1)S(=O)(=O)N(Cc1cc(C(c3ccc4c(nnn4C4CC4)c3C)C(C)(C)C(=O)O)ccc1C)CC1(CCNCC1)O2,0.5165347542262402,binned_cosine_1Da,38,False,predicted_spectrum,1277
CASMI2022,massformer,completed,146,146,333,CASMI_MOL_1196945,CASMI_MOL_808657,808657,Cc1cnc2c(c1)S(=O)(=O)N(Cc1cc(C(c3ccc4c(nnn4C4CC4)c3C)C(C)(C)C(=O)O)ccc1C)CC1(CCNCC1)O2,0.5165347542262402,binned_cosine_1Da,39,False,predicted_spectrum,1277
CASMI2022,massformer,completed,146,146,333,CASMI_MOL_1196945,CASMI_MOL_808383,808383,COC(=O)CC1C2(C)CC3C(O)(C2OC(C)=O)C2OC(=O)C(C(=O)C(C)C)C4C(C)(Cc5ccoc5)CCC5(OC(C)(O)OC425)C13C,0.5155758028179716,binned_cosine_1Da,40,False,predicted_spectrum,1277
CASMI2022,massformer,completed,146,146,333,CASMI_MOL_1196945,CASMI_MOL_809297,809297,[C-]#[N+]c1c(C(=O)OC2C(CC)CC(C)CC2CC)c2[nH]c(-c3ccc(C)cc3O[CH2])nn2c1OC(=O)N(c1ccccc1)c1ccccc1,0.515365124092628,binned_cosine_1Da,41,False,predicted_spectrum,1277
CASMI2022,massformer,completed,146,146,333,CASMI_MOL_1196945,CASMI_MOL_809066,809066,CCC(C)(C(=O)OC1CC2CC1CC2C(C)(OC(=O)OC(C)(C)C)C(F)(F)F)c1c(O)oc(O)c1C1C2CC(C(=O)O)C(C2)C1C,0.5146661883831124,binned_cosine_1Da,42,False,predicted_spectrum,1277
CASMI2022,massformer,completed,146,146,333,CASMI_MOL_1196945,CASMI_MOL_808530,808530,CCC(=O)CCCC(=O)OC1CC(=O)N(C)c2cc(cc(C)c2Cl)CC(C)=CC=CC(C)C2(O)CC(OC(=O)N2)C(C)C2OC12C,0.5144752619989515,binned_cosine_1Da,43,False,predicted_spectrum,1277
CASMI2022,massformer,completed,146,146,333,CASMI_MOL_1196945,CASMI_MOL_808409,808409,COC1C(=O)C(C)OC(OC2CCC3(C)C(CCC4C3CCC3(C)C(c5coc(O)c5)C(OC(=O)C(F)(F)F)CC43O)C2)C1OC,0.5131619118061532,binned_cosine_1Da,44,False,predicted_spectrum,1277
CASMI2022,massformer,completed,146,146,333,CASMI_MOL_1196945,CASMI_MOL_808386,808386,N=CC(C=NC1CCN(c2cccc(CC=Nc3ccc4c(O)n(C5CCC(=O)NC5=O)c(O)c4c3)c2)CC1)C1=Nc2ccccc2NC1,0.5117802911026983,binned_cosine_1Da,45,False,predicted_spectrum,1277
CASMI2022,massformer,completed,146,146,333,CASMI_MOL_1196945,CASMI_MOL_809464,809464,CCCC(=Cc1ccc(CO)o1)CCC1OCC2C1=C(COc1ccccc1)Cc1c2c(O)n(-c2ccc(Nc3ccccc3)cc2)c1O,0.511077341465241,binned_cosine_1Da,46,False,predicted_spectrum,1277
CASMI2022,massformer,completed,146,146,333,CASMI_MOL_1196945,CASMI_MOL_808457,808457,CCC(C)C(=O)OC1OCC23C(O)CC(OC(C)=O)C1(C)C2CC(O)C1(C)C3C(=O)C(OC(C)=O)C2(C)C(c3ccoc3)CC3OC321,0.5103872827268822,binned_cosine_1Da,47,False,predicted_spectrum,1277
CASMI2022,massformer,completed,146,146,333,CASMI_MOL_1196945,CASMI_MOL_808469,808469,CCC(C)C(=O)OC1OCC23C(O)CC(OC(C)=O)C1(C)C2CC(O)C1(C)C3C(=O)C(OC(C)=O)C2(C)C(c3ccoc3)CC3OC321,0.5103872827268822,binned_cosine_1Da,48,False,predicted_spectrum,1277
CASMI2022,massformer,completed,146,146,333,CASMI_MOL_1196945,CASMI_MOL_808470,808470,CCC(C)C(=O)OC1OCC23C(O)CC(OC(C)=O)C1(C)C2CC(O)C1(C)C3C(=O)C(OC(C)=O)C2(C)C(c3ccoc3)CC3OC321,0.5103872827268822,binned_cosine_1Da,49,False,predicted_spectrum,1277
CASMI2022,massformer,completed,146,146,333,CASMI_MOL_1196945,CASMI_MOL_808498,808498,CCC(C)C(=O)OC1OCC23C(O)CC(OC(C)=O)C1(C)C2CC(O)C1(C)C3C(=O)C(OC(C)=O)C2(C)C(c3ccoc3)CC3OC321,0.5103872827268822,binned_cosine_1Da,50,False,predicted_spectrum,1277
CASMI2022,massformer,completed,146,146,333,CASMI_MOL_1196945,CASMI_MOL_808966,808966,CCC(C)C(=O)OC1OCC23C(O)CC(OC(C)=O)C1(C)C2CC(O)C1(C)C3C(=O)C(OC(C)=O)C2(C)C(c3ccoc3)CC3OC321,0.5103872827268822,binned_cosine_1Da,51,False,predicted_spectrum,1277
CASMI2022,massformer,completed,146,146,333,CASMI_MOL_1196945,CASMI_MOL_808980,808980,CCC(C)C(=O)OC1OCC23C(O)CC(OC(C)=O)C1(C)C2CC(O)C1(C)C3C(=O)C(OC(C)=O)C2(C)C(c3ccoc3)CC3OC321,0.5103872827268822,binned_cosine_1Da,52,False,predicted_spectrum,1277
CASMI2022,massformer,completed,146,146,333,CASMI_MOL_1196945,CASMI_MOL_809514,809514,CCC(C)C(=O)OC1OCC23C(O)CC(OC(C)=O)C1(C)C2CC(O)C1(C)C3C(=O)C(OC(C)=O)C2(C)C(c3ccoc3)CC3OC321,0.5103872827268822,binned_cosine_1Da,53,False,predicted_spectrum,1277
CASMI2022,massformer,completed,146,146,333,CASMI_MOL_1196945,CASMI_MOL_809555,809555,CCC(C)C(=O)OC1OCC23C(O)CC(OC(C)=O)C1(C)C2CC(O)C1(C)C3C(=O)C(OC(C)=O)C2(C)C(c3ccoc3)CC3OC321,0.5103872827268822,binned_cosine_1Da,54,False,predicted_spectrum,1277
CASMI2022,massformer,completed,146,146,333,CASMI_MOL_1196945,CASMI_MOL_808492,808492,COC(=O)CC1C(C)(C)C(OC(=O)C(C)C)C2(O)C(=O)C1(C)C1CCC3(C)C(=CC(=O)OC3c3ccoc3)C1(O)C2OC(=O)C(C)C,0.5087694487104124,binned_cosine_1Da,55,False,predicted_spectrum,1277
CASMI2022,massformer,completed,146,146,333,CASMI_MOL_1196945,CASMI_MOL_808493,808493,COC(=O)CC1C(C)(C)C(OC(=O)C(C)C)C2(O)C(=O)C1(C)C1CCC3(C)C(=CC(=O)OC3c3ccoc3)C1(O)C2OC(=O)C(C)C,0.5087694487104124,binned_cosine_1Da,56,False,predicted_spectrum,1277
CASMI2022,massformer,completed,146,146,333,CASMI_MOL_1196945,CASMI_MOL_808986,808986,COC(=O)CC1C(C)(C)C(OC(=O)C(C)C)C2(O)C(=O)C1(C)C1CCC3(C)C(=CC(=O)OC3c3ccoc3)C1(O)C2OC(=O)C(C)C,0.5087694487104124,binned_cosine_1Da,57,False,predicted_spectrum,1277
CASMI2022,massformer,completed,146,146,333,CASMI_MOL_1196945,CASMI_MOL_808499,808499,CC(=O)OC1C2C(OC(=O)c3ccccc3)C(C)CC2(O)C(OC(C)=O)C2(C)C3CC(C)(OC(C)=O)CC(O)C3(OC(C)=O)CC12C,0.5085407609751941,binned_cosine_1Da,58,False,predicted_spectrum,1277
CASMI2022,massformer,completed,146,146,333,CASMI_MOL_1196945,CASMI_MOL_808997,808997,CC(=O)OC1C2C(OC(=O)c3ccccc3)C(C)CC2(O)C(OC(C)=O)C2(C)C3CC(C)(OC(C)=O)CC(O)C3(OC(C)=O)CC12C,0.5085407609751941,binned_cosine_1Da,59,False,predicted_spectrum,1277
CASMI2022,massformer,completed,146,146,333,CASMI_MOL_1196945,CASMI_MOL_809526,809526,CC(=O)OC1C2C(OC(=O)c3ccccc3)C(C)CC2(O)C(OC(C)=O)C2(C)C3CC(C)(OC(C)=O)CC(O)C3(OC(C)=O)CC12C,0.5085407609751941,binned_cosine_1Da,60,False,predicted_spectrum,1277
CASMI2022,massformer,completed,146,146,333,CASMI_MOL_1196945,CASMI_MOL_808855,808855,CC(=O)OC1CC(C)(O)CC2C1(OC(C)=O)CC1(C)C(OC(C)=O)C3C(OC(=O)c4ccccc4)C(C)CC3(O)C(OC(C)=O)C21C,0.5071784073998359,binned_cosine_1Da,61,False,predicted_spectrum,1277
CASMI2022,massformer,completed,146,146,333,CASMI_MOL_1196945,CASMI_MOL_809107,809107,CC(=O)OC1CC(C)(O)CC2C1(OC(C)=O)CC1(C)C(OC(C)=O)C3C(OC(=O)c4ccccc4)C(C)CC3(O)C(OC(C)=O)C21C,0.5071784073998359,binned_cosine_1Da,62,False,predicted_spectrum,1277
CASMI2022,massformer,completed,146,146,333,CASMI_MOL_1196945,CASMI_MOL_809539,809539,CC(=O)OC1CC(C)(O)CC2C1(OC(C)=O)CC1(C)C(OC(C)=O)C3C(OC(=O)c4ccccc4)C(C)CC3(O)C(OC(C)=O)C21C,0.5071784073998359,binned_cosine_1Da,63,False,predicted_spectrum,1277
CASMI2022,massformer,completed,146,146,333,CASMI_MOL_1196945,CASMI_MOL_808458,808458,CCC(C)C(=O)OC1OCC23C(O)C(OC(C)=O)C(OC(C)=O)C1(C)C2CC1OC24C(O)CC(c5ccoc5)C2(C)CC(=O)C3C14C,0.5067128802610538,binned_cosine_1Da,64,False,predicted_spectrum,1277
CASMI2022,massformer,completed,146,146,333,CASMI_MOL_1196945,CASMI_MOL_808497,808497,CCC(C)C(=O)OC1OCC23C(O)C(OC(C)=O)C(OC(C)=O)C1(C)C2CC1OC24C(O)CC(c5ccoc5)C2(C)CC(=O)C3C14C,0.5067128802610538,binned_cosine_1Da,65,False,predicted_spectrum,1277
CASMI2022,massformer,completed,146,146,333,CASMI_MOL_1196945,CASMI_MOL_808611,808611,CCC(C)C(=O)OC1OCC23C(O)C(OC(C)=O)C(OC(C)=O)C1(C)C2CC1OC24C(O)CC(c5ccoc5)C2(C)CC(=O)C3C14C,0.5067128802610538,binned_cosine_1Da,66,False,predicted_spectrum,1277
CASMI2022,massformer,completed,146,146,333,CASMI_MOL_1196945,CASMI_MOL_808987,808987,CCC(C)C(=O)OC1OCC23C(O)C(OC(C)=O)C(OC(C)=O)C1(C)C2CC1OC24C(O)CC(c5ccoc5)C2(C)CC(=O)C3C14C,0.5067128802610538,binned_cosine_1Da,67,False,predicted_spectrum,1277
CASMI2022,massformer,completed,146,146,333,CASMI_MOL_1196945,CASMI_MOL_809380,809380,CCC(C)C(=O)OC1OCC23C(O)C(OC(C)=O)C(OC(C)=O)C1(C)C2CC1OC24C(O)CC(c5ccoc5)C2(C)CC(=O)C3C14C,0.5067128802610538,binned_cosine_1Da,68,False,predicted_spectrum,1277
CASMI2022,massformer,completed,146,146,333,CASMI_MOL_1196945,CASMI_MOL_808455,808455,CCC(C)C(=O)OC1OCC23C(O)C(OC(C)=O)C(OC(C)=O)C1(C)C2CC(O)C1(C)C3C(=O)CC2(C)C(c3ccoc3)CC3OC321,0.5060813920464003,binned_cosine_1Da,69,False,predicted_spectrum,1277
CASMI2022,massformer,completed,146,146,333,CASMI_MOL_1196945,CASMI_MOL_808482,808482,CCC(C)C(=O)OC1OCC23C(O)C(OC(C)=O)C(OC(C)=O)C1(C)C2CC(O)C1(C)C3C(=O)CC2(C)C(c3ccoc3)CC3OC321,0.5060813920464003,binned_cosine_1Da,70,False,predicted_spectrum,1277
CASMI2022,massformer,completed,146,146,333,CASMI_MOL_1196945,CASMI_MOL_808483,808483,CCC(C)C(=O)OC1OCC23C(O)C(OC(C)=O)C(OC(C)=O)C1(C)C2CC(O)C1(C)C3C(=O)CC2(C)C(c3ccoc3)CC3OC321,0.5060813920464003,binned_cosine_1Da,71,False,predicted_spectrum,1277
CASMI2022,massformer,completed,146,146,333,CASMI_MOL_1196945,CASMI_MOL_808484,808484,CCC(C)C(=O)OC1OCC23C(O)C(OC(C)=O)C(OC(C)=O)C1(C)C2CC(O)C1(C)C3C(=O)CC2(C)C(c3ccoc3)CC3OC321,0.5060813920464003,binned_cosine_1Da,72,False,predicted_spectrum,1277
CASMI2022,massformer,completed,146,146,333,CASMI_MOL_1196945,CASMI_MOL_808981,808981,CCC(C)C(=O)OC1OCC23C(O)C(OC(C)=O)C(OC(C)=O)C1(C)C2CC(O)C1(C)C3C(=O)CC2(C)C(c3ccoc3)CC3OC321,0.5060813920464003,binned_cosine_1Da,73,False,predicted_spectrum,1277
CASMI2022,massformer,completed,146,146,333,CASMI_MOL_1196945,CASMI_MOL_808984,808984,CCC(C)C(=O)OC1OCC23C(O)C(OC(C)=O)C(OC(C)=O)C1(C)C2CC(O)C1(C)C3C(=O)CC2(C)C(c3ccoc3)CC3OC321,0.5060813920464003,binned_cosine_1Da,74,False,predicted_spectrum,1277
CASMI2022,massformer,completed,146,146,333,CASMI_MOL_1196945,CASMI_MOL_809617,809617,CCC(C)C(=O)OC1OCC23C(O)C(OC(C)=O)C(OC(C)=O)C1(C)C2CC(O)C1(C)C3C(=O)CC2(C)C(c3ccoc3)CC3OC321,0.5060813920464003,binned_cosine_1Da,75,False,predicted_spectrum,1277
CASMI2022,massformer,completed,146,146,333,CASMI_MOL_1196945,CASMI_MOL_808854,808854,C=CC1CC(C=CC2CC(C=CC3CC(=CC)C(C(=O)OC)C3C(=O)OC)C(C(=O)OC)C2C(=O)OC)C(C(=O)OC)C1C(=O)OC,0.500984523752943,binned_cosine_1Da,76,False,predicted_spectrum,1277
CASMI2022,massformer,completed,146,146,333,CASMI_MOL_1196945,CASMI_MOL_808936,808936,CC(=O)OC1C(OC(C)=O)C(C)(C)C=CC(C)C(OC(C)=O)C2(OC(C)=O)CC(C)C(OC(=O)c3ccccc3)C2=CC(C)(O)C1O,0.5008293781172075,binned_cosine_1Da,77,False,predicted_spectrum,1277
CASMI2022,massformer,completed,146,146,333,CASMI_MOL_1196945,CASMI_MOL_808487,808487,COC(=O)CC1C(C)(C)C(OC(=O)C(C)C)C2(O)C(OC(=O)C(C)C)C34OC2(O)C1(C)C3CCC1(C)C4=CC(=O)OC1c1ccoc1,0.5006619039348844,binned_cosine_1Da,78,False,predicted_spectrum,1277
CASMI2022,massformer,completed,146,146,333,CASMI_MOL_1196945,CASMI_MOL_808488,808488,COC(=O)CC1C(C)(C)C(OC(=O)C(C)C)C2(O)C(OC(=O)C(C)C)C34OC2(O)C1(C)C3CCC1(C)C4=CC(=O)OC1c1ccoc1,0.5006619039348844,binned_cosine_1Da,79,False,predicted_spectrum,1277
CASMI2022,massformer,completed,146,146,333,CASMI_MOL_1196945,CASMI_MOL_808489,808489,COC(=O)CC1C(C)(C)C(OC(=O)C(C)C)C2(O)C(OC(=O)C(C)C)C34OC2(O)C1(C)C3CCC1(C)C4=CC(=O)OC1c1ccoc1,0.5006619039348844,binned_cosine_1Da,80,False,predicted_spectrum,1277
CASMI2022,massformer,completed,146,146,333,CASMI_MOL_1196945,CASMI_MOL_808494,808494,COC(=O)CC1C(C)(C)C(OC(=O)C(C)C)C2(O)C(OC(=O)C(C)C)C34OC2(O)C1(C)C3CCC1(C)C4=CC(=O)OC1c1ccoc1,0.5006619039348844,binned_cosine_1Da,81,False,predicted_spectrum,1277
CASMI2022,massformer,completed,146,146,333,CASMI_MOL_1196945,CASMI_MOL_808973,808973,COC(=O)CC1C(C)(C)C(OC(=O)C(C)C)C2(O)C(OC(=O)C(C)C)C34OC2(O)C1(C)C3CCC1(C)C4=CC(=O)OC1c1ccoc1,0.5006619039348844,binned_cosine_1Da,82,False,predicted_spectrum,1277
CASMI2022,massformer,completed,146,146,333,CASMI_MOL_1196945,CASMI_MOL_809273,809273,COC(=O)CC1C(C)(C)C(OC(=O)C(C)C)C2(O)C(OC(=O)C(C)C)C34OC2(O)C1(C)C3CCC1(C)C4=CC(=O)OC1c1ccoc1,0.5006619039348844,binned_cosine_1Da,83,False,predicted_spectrum,1277
CASMI2022,massformer,completed,146,146,333,CASMI_MOL_1196945,CASMI_MOL_809556,809556,CC1=CC(OC(=O)Nc2cccc(C)c2)CC(=O)Cc2nc(co2)C(=O)N2CC=CC2C(=O)OC(C(C)C)C(C)=CCC(=O)NCC=C1,0.4959801074340443,binned_cosine_1Da,84,False,predicted_spectrum,1277
CASMI2022,massformer,completed,146,146,333,CASMI_MOL_1196945,CASMI_MOL_809105,809105,C=C(C)C1(OCc2ccccc2)C(OC(C)=O)C(C)C2(O)C(C(OC(C)=O)C3(C)OC4(C(O)C(C)CC24)C3OC(C)=O)C1OC(C)=O,0.4933253003073005,binned_cosine_1Da,85,False,predicted_spectrum,1277
CASMI2022,massformer,completed,146,146,333,CASMI_MOL_1196945,CASMI_MOL_808731,808731,O=C(C=Cc1cccc(C(F)(F)F)c1)N(CCCc1ccccc1)C1CCC2(O)C3Cc4ccc(O)c5c4C2(CCN3CC2CC2)C1O5,0.49245673298498327,binned_cosine_1Da,86,False,predicted_spectrum,1277
CASMI2022,massformer,completed,146,146,333,CASMI_MOL_1196945,CASMI_MOL_808736,808736,O=C(C=Cc1cccc(C(F)(F)F)c1)N(CCCc1ccccc1)C1CCC2(O)C3Cc4ccc(O)c5c4C2(CCN3CC2CC2)C1O5,0.49245673298498327,binned_cosine_1Da,87,False,predicted_spectrum,1277
CASMI2022,massformer,completed,146,146,333,CASMI_MOL_1196945,CASMI_MOL_808751,808751,O=C(C=Cc1cccc(C(F)(F)F)c1)N(CCCc1ccccc1)C1CCC2(O)C3Cc4ccc(O)c5c4C2(CCN3CC2CC2)C1O5,0.49245673298498327,binned_cosine_1Da,88,False,predicted_spectrum,1277
CASMI2022,massformer,completed,146,146,333,CASMI_MOL_1196945,CASMI_MOL_809168,809168,O=C(C=Cc1cccc(C(F)(F)F)c1)N(CCCc1ccccc1)C1CCC2(O)C3Cc4ccc(O)c5c4C2(CCN3CC2CC2)C1O5,0.49245673298498327,binned_cosine_1Da,89,False,predicted_spectrum,1277
CASMI2022,massformer,completed,146,146,333,CASMI_MOL_1196945,CASMI_MOL_809370,809370,O=C(C=Cc1cccc(C(F)(F)F)c1)N(CCCc1ccccc1)C1CCC2(O)C3Cc4ccc(O)c5c4C2(CCN3CC2CC2)C1O5,0.49245673298498327,binned_cosine_1Da,90,False,predicted_spectrum,1277
CASMI2022,massformer,completed,146,146,333,CASMI_MOL_1196945,CASMI_MOL_809388,809388,O=C(C=Cc1cccc(C(F)(F)F)c1)N(CCCc1ccccc1)C1CCC2(O)C3Cc4ccc(O)c5c4C2(CCN3CC2CC2)C1O5,0.49245673298498327,binned_cosine_1Da,91,False,predicted_spectrum,1277
CASMI2022,massformer,completed,146,146,333,CASMI_MOL_1196945,CASMI_MOL_808674,808674,O=C(O)C1CCCC([N+](=O)[O-])C1C(=O)OC1CCC(OCCOC2CCC(C(OO)C3C(C(=O)O)CCCC3[N+](=O)[O-])CC2)CC1,0.4897267161263487,binned_cosine_1Da,92,False,predicted_spectrum,1277
CASMI2022,massformer,completed,146,146,333,CASMI_MOL_1196945,CASMI_MOL_808675,808675,O=C(O)C1CCC([N+](=O)[O-])CC1C(=O)OC1CCC(OCCOC2CCC(C(OO)C3CC([N+](=O)[O-])CCC3C(=O)O)CC2)CC1,0.48944143257260103,binned_cosine_1Da,93,False,predicted_spectrum,1277
CASMI2022,massformer,completed,146,146,333,CASMI_MOL_1196945,CASMI_MOL_808985,808985,CC1=CC(OC(=O)Nc2cccc(C)c2)CC(=O)Cc2nc(co2)C(=O)N2CC=CC2C(=O)OC(C(C)C)C(C)C=CC(=O)NCC=C1,0.48874524491294474,binned_cosine_1Da,94,False,predicted_spectrum,1277
CASMI2022,massformer,completed,146,146,333,CASMI_MOL_1196945,CASMI_MOL_809422,809422,CC(=O)OCC12CC3C(=O)C(C)(C)C(O)C3C1(C)C(OC(C)=O)C1(O)C(OC(C)=O)C(C)C(OCc3ccccc3)C1C2OC(C)=O,0.48699737016405586,binned_cosine_1Da,95,False,predicted_spectrum,1277
CASMI2022,massformer,completed,146,146,333,CASMI_MOL_1196945,CASMI_MOL_808927,808927,CC1=CC2C(CCC3(CO3)C(OC(=O)c3ccc4ccccc4c3)C3C(OC(=O)c4ccc5ccccc5c4)C(C)CC3(O)C1=O)C2(C)C,0.4865643668810548,binned_cosine_1Da,96,False,predicted_spectrum,1277
CASMI2022,massformer,completed,146,146,333,CASMI_MOL_1196945,CASMI_MOL_808667,808667,O=C(C=CC1CCC(OC(=O)C2CCC(OCCCC(F)(F)F)C(OCCCC(F)(F)F)C2)CC1)OC1CCC(C(=O)O)CC1,0.4856446241954247,binned_cosine_1Da,97,False,predicted_spectrum,1277
CASMI2022,massformer,completed,146,146,333,CASMI_MOL_1196945,CASMI_MOL_808446,808446,Cc1cccc(C)c1-c1cc(OCC2NC(c3ncc(OC(C)C)cn3)CCC2(C)C)nc(NC[S+]([O-])c2cccc(C(=O)O)c2)n1,0.48535011449341675,binned_cosine_1Da,98,False,predicted_spectrum,1277
CASMI2022,massformer,completed,146,146,333,CASMI_MOL_1196945,CASMI_MOL_808425,808425,COCC(COC)N(C(=O)C1CCC(C)CC1)C1=C(C(=O)O)CC(Oc2ccc(CN3CCCC(F)(F)C3)cc2C(F)(F)F)=CC1,0.48517213499608197,binned_cosine_1Da,99,False,predicted_spectrum,1277
CASMI2022,massformer,completed,146,146,333,CASMI_MOL_1196945,CASMI_MOL_808664,808664,CCNC(O)NS1(=O)=NC(=O)c2ccc3c(c2)N(CC2CCC2C(OC)CCCCC1)CC1(CCCc2cc(Cl)ccc21)CO3,0.4847348376343268,binned_cosine_1Da,100,False,predicted_spectrum,1277
CASMI2022,massformer,completed,147,147,334,CASMI_MOL_1196946,CASMI_MOL_813400,813400,C=CC(=O)CC(C)CCC=C(C)CCC(C(=O)C[S+]([O-])c1ccccc1)C(C)C,0.3348068393381339,binned_cosine_1Da,1,False,predicted_spectrum,4034
CASMI2022,massformer,completed,147,147,334,CASMI_MOL_1196946,CASMI_MOL_811949,811949,CCC(CCc1ccc(CCC(O)C(C)(C)C)c(C)c1)c1cc(C)c(C(=O)O)s1,0.33357842542395577,binned_cosine_1Da,2,False,predicted_spectrum,4034
CASMI2022,massformer,completed,147,147,334,CASMI_MOL_1196946,CASMI_MOL_811948,811948,CCC(CCc1cc(C)c(C(=O)O)s1)c1ccc(CCC(O)C(C)(C)C)c(C)c1,0.33324752480697056,binned_cosine_1Da,3,False,predicted_spectrum,4034
CASMI2022,massformer,completed,147,147,334,CASMI_MOL_1196946,CASMI_MOL_811111,811111,CCN=C(NCC(=O)NCc1ccc(OC)cc1)NCC(C)(O)c1cc(C)oc1C,0.32853904152255975,binned_cosine_1Da,4,False,predicted_spectrum,4034
CASMI2022,massformer,completed,147,147,334,CASMI_MOL_1196946,CASMI_MOL_811781,811781,CCCCOCC1(CN=[N+]=[N-])CCCC2(CN(Cc3ccc(OC)cc3)C(=O)O2)C1,0.328030013935073,binned_cosine_1Da,5,False,predicted_spectrum,4034
CASMI2022,massformer,completed,147,147,334,CASMI_MOL_1196946,CASMI_MOL_811855,811855,CCCCOCC1(CN=[N+]=[N-])CCCC2(CN(Cc3ccc(OC)cc3)C(=O)O2)C1,0.328030013935073,binned_cosine_1Da,6,False,predicted_spectrum,4034
CASMI2022,massformer,completed,147,147,334,CASMI_MOL_1196946,CASMI_MOL_813446,813446,CCC(O)(CC)CCc1ccc(C(CC)(CC)c2cc(C)c(C(=O)O)s2)cc1C,0.3277311247553183,binned_cosine_1Da,7,False,predicted_spectrum,4034
CASMI2022,massformer,completed,147,147,334,CASMI_MOL_1196946,CASMI_MOL_811115,811115,CCN=C(NCCNC(=O)c1ccc(OC)cc1)NCC(C)(O)c1cc(C)oc1C,0.3269519581186055,binned_cosine_1Da,8,False,predicted_spectrum,4034
CASMI2022,massformer,completed,147,147,334,CASMI_MOL_1196946,CASMI_MOL_812010,812010,CCCCC(c1ccc(CCC(O)C(C)(C)C)c(C)c1)c1cc(C)c(C(=O)O)s1,0.32601033005035507,binned_cosine_1Da,9,False,predicted_spectrum,4034
CASMI2022,massformer,completed,147,147,334,CASMI_MOL_1196946,CASMI_MOL_810804,810804,CC(C)=CCCC(C)=CCCC(C)=CCSc1ccccc1CCOCOC=O,0.3247167178034059,binned_cosine_1Da,10,False,predicted_spectrum,4034
CASMI2022,massformer,completed,147,147,334,CASMI_MOL_1196946,CASMI_MOL_811650,811650,CC(C)=CCCC(C)=CCCC(C)=CCSc1ccccc1CCOCOC=O,0.3247167178034059,binned_cosine_1Da,11,False,predicted_spectrum,4034
CASMI2022,massformer,completed,147,147,334,CASMI_MOL_1196946,CASMI_MOL_809895,809895,CCC=CCCC(O)(CC)CCc1ccc(CCc2ccc(CO)c(CO)c2)s1,0.32371353373253425,binned_cosine_1Da,12,False,predicted_spectrum,4034
CASMI2022,massformer,completed,147,147,334,CASMI_MOL_1196946,CASMI_MOL_813423,813423,CCC(CC)(c1ccc(CCC(O)C(C)(C)C)c(C)c1)c1cc(C)c(C(=O)O)s1,0.32362241624682897,binned_cosine_1Da,13,False,predicted_spectrum,4034
CASMI2022,massformer,completed,147,147,334,CASMI_MOL_1196946,CASMI_MOL_811352,811352,CN=C(NCCc1ccco1)N1CCN(Cc2cc(OC)c(OC)c(OC)c2)CC1,0.32257365150552003,binned_cosine_1Da,14,False,predicted_spectrum,4034
CASMI2022,massformer,completed,147,147,334,CASMI_MOL_1196946,CASMI_MOL_810368,810368,CCCCCCC(CCCCCc1ccc(OCc2cccs2)cc1)C(=O)OC,0.32222368593537054,binned_cosine_1Da,15,False,predicted_spectrum,4034
CASMI2022,massformer,completed,147,147,334,CASMI_MOL_1196946,CASMI_MOL_810080,810080,CCCCCCCCc1ccc(OCC(=O)Cn2nnnc2CCCC(=O)O)cc1,0.32158369502593925,binned_cosine_1Da,16,False,predicted_spectrum,4034
CASMI2022,massformer,completed,147,147,334,CASMI_MOL_1196946,CASMI_MOL_811351,811351,CCN=C(NCc1ccco1)N1CCN(Cc2cc(OC)c(OC)c(OC)c2)CC1,0.32082451209599544,binned_cosine_1Da,17,False,predicted_spectrum,4034
CASMI2022,massformer,completed,147,147,334,CASMI_MOL_1196946,CASMI_MOL_811174,811174,CCN=C(NCC(O)c1ccco1)N1CCN(Cc2cc(OC)ccc2OC)CC1,0.3185355276991953,binned_cosine_1Da,18,False,predicted_spectrum,4034
CASMI2022,massformer,completed,147,147,334,CASMI_MOL_1196946,CASMI_MOL_810819,810819,COC1=CCC(Sc2ccccc2CCC(C)CC(CC(=O)O)CC(C)C)C=C1,0.3183063311799718,binned_cosine_1Da,19,False,predicted_spectrum,4034
CASMI2022,massformer,completed,147,147,334,CASMI_MOL_1196946,CASMI_MOL_810254,810254,CCC(CC)(c1ccc(OCC(O)C(C)(C)C)cc1)c1ccc(OSC)c(C)c1,0.31822711120485786,binned_cosine_1Da,20,False,predicted_spectrum,4034
CASMI2022,massformer,completed,147,147,334,CASMI_MOL_1196946,CASMI_MOL_811125,811125,CCN=C(NCCCc1ccc(OC)c(OCC)c1)NCC(=O)NCc1ccco1,0.3182110893479474,binned_cosine_1Da,21,False,predicted_spectrum,4034
CASMI2022,massformer,completed,147,147,334,CASMI_MOL_1196946,CASMI_MOL_810079,810079,CCCCCCCCc1ccc(OCC(=O)Cn2nnc(CCCC(=O)O)n2)cc1,0.318133792413782,binned_cosine_1Da,22,False,predicted_spectrum,4034
CASMI2022,massformer,completed,147,147,334,CASMI_MOL_1196946,CASMI_MOL_813459,813459,COc1ccc(CCCCOc2ccnc(NC(CC(=O)[O-])C[N+](C)(C)C)n2)cc1,0.3178905815125924,binned_cosine_1Da,23,False,predicted_spectrum,4034
CASMI2022,massformer,completed,147,147,334,CASMI_MOL_1196946,CASMI_MOL_809900,809900,CCC=CCCC(O)(CC)CCc1cc(CCc2ccc(CO)c(CO)c2)cs1,0.3169700468570322,binned_cosine_1Da,24,False,predicted_spectrum,4034
CASMI2022,massformer,completed,147,147,334,CASMI_MOL_1196946,CASMI_MOL_811850,811850,CCCC(C)(Pc1c(C)cccc1CPC)c1cc(C(C)(C)C)cc(C)c1O,0.31632011128372295,binned_cosine_1Da,25,False,predicted_spectrum,4034
CASMI2022,massformer,completed,147,147,334,CASMI_MOL_1196946,CASMI_MOL_811852,811852,CCCC(C)(CC)Oc1ccc(S(=O)(=O)c2ccc(C(C)(CC)CC)cc2)cc1,0.3157972856381753,binned_cosine_1Da,26,False,predicted_spectrum,4034
CASMI2022,massformer,completed,147,147,334,CASMI_MOL_1196946,CASMI_MOL_812710,812710,CCOC(=O)C1(CCOC)CCCN(Cc2ccc(OC)c(Cn3cncn3)c2)C1,0.31309368068822413,binned_cosine_1Da,27,False,predicted_spectrum,4034
CASMI2022,massformer,completed,147,147,334,CASMI_MOL_1196946,CASMI_MOL_812914,812914,CCOC(=O)C1(CCOC)CCCN(Cc2ccc(OC)c(Cn3cncn3)c2)C1,0.31309368068822413,binned_cosine_1Da,28,False,predicted_spectrum,4034
CASMI2022,massformer,completed,147,147,334,CASMI_MOL_1196946,CASMI_MOL_812915,812915,CCOC(=O)C1(CCOC)CCCN(Cc2ccc(OC)c(Cn3cncn3)c2)C1,0.31309368068822413,binned_cosine_1Da,29,False,predicted_spectrum,4034
CASMI2022,massformer,completed,147,147,334,CASMI_MOL_1196946,CASMI_MOL_811113,811113,CCN=C(NCCNC(=O)c1cccc(OC)c1)NCC(C)(O)c1cc(C)oc1C,0.3129971210348984,binned_cosine_1Da,30,False,predicted_spectrum,4034
CASMI2022,massformer,completed,147,147,334,CASMI_MOL_1196946,CASMI_MOL_811865,811865,CCC(CC)(c1ccc(OCC(O)C(C)(C)C)c(C)c1)c1cc(C)c(C(C)=O)s1,0.31187847541120733,binned_cosine_1Da,31,False,predicted_spectrum,4034
CASMI2022,massformer,completed,147,147,334,CASMI_MOL_1196946,CASMI_MOL_811681,811681,CCC(N=CC(C)=CCC(O)=NO)=NCCOc1ccc(CN2CCOCC2)cc1,0.30944462242843407,binned_cosine_1Da,32,False,predicted_spectrum,4034
CASMI2022,massformer,completed,147,147,334,CASMI_MOL_1196946,CASMI_MOL_809823,809823,CCCCC(=O)CCC(=O)OC1C(C)OC(=O)C(C)C(O)C(C)(OC)C(O)C1C,0.3084896664992524,binned_cosine_1Da,33,False,predicted_spectrum,4034
CASMI2022,massformer,completed,147,147,334,CASMI_MOL_1196946,CASMI_MOL_810377,810377,CCCCC(=O)CCC(=O)OC1C(C)OC(=O)C(C)C(O)C(C)(OC)C(O)C1C,0.3084896664992524,binned_cosine_1Da,34,False,predicted_spectrum,4034
CASMI2022,massformer,completed,147,147,334,CASMI_MOL_1196946,CASMI_MOL_811871,811871,CCC(CC)(c1ccc(CCC(O)C(C)C)c(C)c1)c1cc(C)c(C(=O)OC)s1,0.30824191440657833,binned_cosine_1Da,35,False,predicted_spectrum,4034
CASMI2022,massformer,completed,147,147,334,CASMI_MOL_1196946,CASMI_MOL_813496,813496,CCOc1ccc(OC(C)C(=O)NNC(=O)Cc2c(C)nn(CC(C)C)c2C)cc1,0.30752156208491355,binned_cosine_1Da,36,False,predicted_spectrum,4034
CASMI2022,massformer,completed,147,147,334,CASMI_MOL_1196946,CASMI_MOL_813497,813497,CCOc1ccc(OC(C)C(=O)NNC(=O)Cc2c(C)nn(CC(C)C)c2C)cc1,0.30752156208491355,binned_cosine_1Da,37,False,predicted_spectrum,4034
CASMI2022,massformer,completed,147,147,334,CASMI_MOL_1196946,CASMI_MOL_813369,813369,C=CC1CCC2(CCC=CCSc3ccccc3)CCC(CCOCOC)C12O,0.30744391439417984,binned_cosine_1Da,38,False,predicted_spectrum,4034
CASMI2022,massformer,completed,147,147,334,CASMI_MOL_1196946,CASMI_MOL_811662,811662,CCC(CC)(Pc1c(C)cccc1P(C)C)c1cc(C(C)(C)C)cc(C)c1O,0.3072844349859929,binned_cosine_1Da,39,False,predicted_spectrum,4034
CASMI2022,massformer,completed,147,147,334,CASMI_MOL_1196946,CASMI_MOL_811860,811860,CCC1C(C(=O)OC)CC(COCC2C(O)CC(C)CC2C(=O)OC)C(O)C1O,0.3064835794582707,binned_cosine_1Da,40,False,predicted_spectrum,4034
CASMI2022,massformer,completed,147,147,334,CASMI_MOL_1196946,CASMI_MOL_812158,812158,CCC1C(C(=O)OC)CC(COCC2C(O)CC(C)CC2C(=O)OC)C(O)C1O,0.3064835794582707,binned_cosine_1Da,41,False,predicted_spectrum,4034
CASMI2022,massformer,completed,147,147,334,CASMI_MOL_1196946,CASMI_MOL_811110,811110,CCN=C(NCc1cccc(OCC(=O)N(C)C)c1)NCC(C)(O)c1ccc(C)o1,0.3059964868692605,binned_cosine_1Da,42,False,predicted_spectrum,4034
CASMI2022,massformer,completed,147,147,334,CASMI_MOL_1196946,CASMI_MOL_810799,810799,CCCCC(F)(F)C(O)C=CC1C(OOCC)CC2OC(=O)CCCC=CCC21,0.305584658360955,binned_cosine_1Da,43,False,predicted_spectrum,4034
CASMI2022,massformer,completed,147,147,334,CASMI_MOL_1196946,CASMI_MOL_811081,811081,COc1ccc(CN=C(NCCNC(=O)OC(C)(C)C)NCCc2ccco2)cc1,0.30526888527685425,binned_cosine_1Da,44,False,predicted_spectrum,4034
CASMI2022,massformer,completed,147,147,334,CASMI_MOL_1196946,CASMI_MOL_811207,811207,COc1ccc(CCN=C(N)NCC(c2ccc(C)o2)N2CCOCC2)cc1OC,0.30517471510607125,binned_cosine_1Da,45,False,predicted_spectrum,4034
CASMI2022,massformer,completed,147,147,334,CASMI_MOL_1196946,CASMI_MOL_811939,811939,CCC(=CCCC(O)(CC)CC)c1csc(CCc2ccc(CO)c(CO)c2)c1,0.30510602300268214,binned_cosine_1Da,46,False,predicted_spectrum,4034
CASMI2022,massformer,completed,147,147,334,CASMI_MOL_1196946,CASMI_MOL_811940,811940,CCC(=CCCC(O)(CC)CC)c1csc(CCc2ccc(CO)c(CO)c2)c1,0.30510602300268214,binned_cosine_1Da,47,False,predicted_spectrum,4034
CASMI2022,massformer,completed,147,147,334,CASMI_MOL_1196946,CASMI_MOL_813438,813438,CCC(=CCCC(O)(CC)CC)c1csc(CCc2ccc(CO)c(CO)c2)c1,0.30510602300268214,binned_cosine_1Da,48,False,predicted_spectrum,4034
CASMI2022,massformer,completed,147,147,334,CASMI_MOL_1196946,CASMI_MOL_810580,810580,COC1C(O)C(C)(C)C2(O)C(O)C(O)C34CC(C)(O)C(CCC3C(C)(O)C12)C4O,0.30286055875077744,binned_cosine_1Da,49,False,predicted_spectrum,4034
CASMI2022,massformer,completed,147,147,334,CASMI_MOL_1196946,CASMI_MOL_812129,812129,COc1ccc(OC)c(CN2CCN(C(=O)NC(C)Cc3c(C)noc3C)CC2)c1,0.30213615796376164,binned_cosine_1Da,50,False,predicted_spectrum,4034
CASMI2022,massformer,completed,147,147,334,CASMI_MOL_1196946,CASMI_MOL_810523,810523,COc1ccc(CC(NC(=O)OC(C)(C)C)c2noc(C3CCN(C)CC3)n2)cc1,0.30192918622652043,binned_cosine_1Da,51,False,predicted_spectrum,4034
CASMI2022,massformer,completed,147,147,334,CASMI_MOL_1196946,CASMI_MOL_810666,810666,CCC(=CCC=CCC=C(CCCCCCCC(=O)C(O)C(O)CO)OO)OO,0.30075839918195885,binned_cosine_1Da,52,False,predicted_spectrum,4034
CASMI2022,massformer,completed,147,147,334,CASMI_MOL_1196946,CASMI_MOL_811130,811130,CN=C(NCCOc1ccc(OC)cc1)NCC(c1ccc(C)o1)N1CCOCC1,0.3001921106990697,binned_cosine_1Da,53,False,predicted_spectrum,4034
CASMI2022,massformer,completed,147,147,334,CASMI_MOL_1196946,CASMI_MOL_811227,811227,CCN=C(NCc1ccco1)NCC(c1ccc(OC)c(OC)c1)N1CCOCC1,0.29993033333090713,binned_cosine_1Da,54,False,predicted_spectrum,4034
CASMI2022,massformer,completed,147,147,334,CASMI_MOL_1196946,CASMI_MOL_810984,810984,CCN=C(NCCCNC(=O)c1occc1C)N(C)Cc1ccc(OC)cc1OC,0.29984949403244543,binned_cosine_1Da,55,False,predicted_spectrum,4034
CASMI2022,massformer,completed,147,147,334,CASMI_MOL_1196946,CASMI_MOL_812168,812168,COC1CCC23CCC(C)C(C)(C(O)CC(C)(Sc4ccccc4)C(=O)C2C)C13,0.2992336539435747,binned_cosine_1Da,56,False,predicted_spectrum,4034
CASMI2022,massformer,completed,147,147,334,CASMI_MOL_1196946,CASMI_MOL_813445,813445,CCC(CC)(c1ccc(C(=O)O)c(C)c1)c1cc(C)c(CCC(O)C(C)(C)C)s1,0.2991425773863905,binned_cosine_1Da,57,False,predicted_spectrum,4034
CASMI2022,massformer,completed,147,147,334,CASMI_MOL_1196946,CASMI_MOL_812581,812581,CCOc1ccc(OC(C)C(=O)NNC(=O)c2cc(C(C)C)n(C(C)(C)C)n2)cc1,0.2989158409269854,binned_cosine_1Da,58,False,predicted_spectrum,4034
CASMI2022,massformer,completed,147,147,334,CASMI_MOL_1196946,CASMI_MOL_812582,812582,CCOc1ccc(OC(C)C(=O)NNC(=O)c2cc(C(C)C)n(C(C)(C)C)n2)cc1,0.2989158409269854,binned_cosine_1Da,59,False,predicted_spectrum,4034
CASMI2022,massformer,completed,147,147,334,CASMI_MOL_1196946,CASMI_MOL_812677,812677,CCOc1ccc(OC(C)C(=O)NNC(=O)c2cc(C(C)C)n(C(C)(C)C)n2)cc1,0.2989158409269854,binned_cosine_1Da,60,False,predicted_spectrum,4034
CASMI2022,massformer,completed,147,147,334,CASMI_MOL_1196946,CASMI_MOL_810806,810806,COc1ccc(SCCOC(C)Oc2ccc(C(CC(C)C)C(C)C)cc2)cc1,0.29807544463202024,binned_cosine_1Da,61,False,predicted_spectrum,4034
CASMI2022,massformer,completed,147,147,334,CASMI_MOL_1196946,CASMI_MOL_813015,813015,CCCC1(OC)C=CC(CCCOc2c(C)cc(-c3nnn(C)n3)cc2C)(OC)O1,0.29796142309947715,binned_cosine_1Da,62,False,predicted_spectrum,4034
CASMI2022,massformer,completed,147,147,334,CASMI_MOL_1196946,CASMI_MOL_811169,811169,CN=C(NCCc1ccco1)NCC(c1ccc(OC)c(OC)c1)N1CCOCC1,0.29743416043422294,binned_cosine_1Da,63,False,predicted_spectrum,4034
CASMI2022,massformer,completed,147,147,334,CASMI_MOL_1196946,CASMI_MOL_811170,811170,CCN=C(NCC(O)c1ccco1)NCC(c1ccc(OC)cc1)N1CCOCC1,0.29688399437545715,binned_cosine_1Da,64,False,predicted_spectrum,4034
CASMI2022,massformer,completed,147,147,334,CASMI_MOL_1196946,CASMI_MOL_811387,811387,COCOC1C=C(COC(=O)C2CCCCC2)C(OCOC)C(C)C1OCOC,0.2968022108778416,binned_cosine_1Da,65,False,predicted_spectrum,4034
CASMI2022,massformer,completed,147,147,334,CASMI_MOL_1196946,CASMI_MOL_811388,811388,CC(C)CCCC(C)C1CC=C2C(CS(=O)(=O)c3ccccc3)C(=O)CCC21C,0.29633970218076755,binned_cosine_1Da,66,False,predicted_spectrum,4034
CASMI2022,massformer,completed,147,147,334,CASMI_MOL_1196946,CASMI_MOL_809964,809964,CCC(C)(C)c1ccc(CCCc2ccccc2S(=O)(=O)O)c(C(C)(C)CC)c1,0.2960900029987425,binned_cosine_1Da,67,False,predicted_spectrum,4034
CASMI2022,massformer,completed,147,147,334,CASMI_MOL_1196946,CASMI_MOL_811598,811598,CCC1(CC(O)CC=CC2=CCCC2CCCc2ccc(C(=O)OC)s2)CCC1,0.2959649816112679,binned_cosine_1Da,68,False,predicted_spectrum,4034
CASMI2022,massformer,completed,147,147,334,CASMI_MOL_1196946,CASMI_MOL_812233,812233,CCC1(CC(O)CC=CC2=CCCC2CCCc2ccc(C(=O)OC)s2)CCC1,0.2959649816112679,binned_cosine_1Da,69,False,predicted_spectrum,4034
CASMI2022,massformer,completed,147,147,334,CASMI_MOL_1196946,CASMI_MOL_811189,811189,CCN=C(NCCc1ccc(OCC)c(OCC)c1)NCC(=O)NCc1ccco1,0.29560734820788964,binned_cosine_1Da,70,False,predicted_spectrum,4034
CASMI2022,massformer,completed,147,147,334,CASMI_MOL_1196946,CASMI_MOL_812718,812718,COC(=O)C1CCN(CC(O)COc2ccc(CNCCn3ccnc3)cc2)CC1,0.29443283104358015,binned_cosine_1Da,71,False,predicted_spectrum,4034
CASMI2022,massformer,completed,147,147,334,CASMI_MOL_1196946,CASMI_MOL_809920,809920,CCCCCCCCCCCCOc1ccc(S(=O)(=O)c2ccc(C)cc2)cc1,0.294431706097527,binned_cosine_1Da,72,False,predicted_spectrum,4034
CASMI2022,massformer,completed,147,147,334,CASMI_MOL_1196946,CASMI_MOL_811264,811264,COc1cc(C)c(CN(C)C(=NCC(=O)N(C)C)NCCc2ccco2)cc1OC,0.2935758141050776,binned_cosine_1Da,73,False,predicted_spectrum,4034
CASMI2022,massformer,completed,147,147,334,CASMI_MOL_1196946,CASMI_MOL_809908,809908,Cn1nncc1COc1ccc2c(c1)CCN(CC(O)CCC(=O)OC(C)(C)C)C2,0.29206387344783474,binned_cosine_1Da,74,False,predicted_spectrum,4034
CASMI2022,massformer,completed,147,147,334,CASMI_MOL_1196946,CASMI_MOL_811656,811656,C=C(OC)c1ccc(C(CC)(CC)c2ccc(OCC(O)C(C)(C)C)c(C)c2)s1,0.290900516516821,binned_cosine_1Da,75,False,predicted_spectrum,4034
CASMI2022,massformer,completed,147,147,334,CASMI_MOL_1196946,CASMI_MOL_811943,811943,CCC(=CCCC(O)(CC)CC)c1ccc(CCc2ccc(CO)c(CO)c2)s1,0.2896111755231187,binned_cosine_1Da,76,False,predicted_spectrum,4034
CASMI2022,massformer,completed,147,147,334,CASMI_MOL_1196946,CASMI_MOL_811944,811944,CCC(=CCCC(O)(CC)CC)c1ccc(CCc2ccc(CO)c(CO)c2)s1,0.2896111755231187,binned_cosine_1Da,77,False,predicted_spectrum,4034
CASMI2022,massformer,completed,147,147,334,CASMI_MOL_1196946,CASMI_MOL_811945,811945,CCC(=CCCC(O)(CC)CC)c1ccc(CCc2ccc(CO)c(CO)c2)s1,0.2896111755231187,binned_cosine_1Da,78,False,predicted_spectrum,4034
CASMI2022,massformer,completed,147,147,334,CASMI_MOL_1196946,CASMI_MOL_812645,812645,COc1cc(C(=O)NNC(=O)c2cnn(C(C)(C)C)c2C)ccc1OCCC(C)C,0.2884979097385689,binned_cosine_1Da,79,False,predicted_spectrum,4034
CASMI2022,massformer,completed,147,147,334,CASMI_MOL_1196946,CASMI_MOL_809657,809657,C=C(C)C1CCC(C)=CC1c1c(O)cc(CCCCC)cc1OC(=O)SCCC,0.28766572487606157,binned_cosine_1Da,80,False,predicted_spectrum,4034
CASMI2022,massformer,completed,147,147,334,CASMI_MOL_1196946,CASMI_MOL_810586,810586,COCCOc1cc(CN(C)CC2(O)CCCN(c3ncccn3)C2)ccc1OC,0.28719982492524215,binned_cosine_1Da,81,False,predicted_spectrum,4034
CASMI2022,massformer,completed,147,147,334,CASMI_MOL_1196946,CASMI_MOL_810695,810695,COCCOc1cc(CN(C)CC2(O)CCCN(c3ncccn3)C2)ccc1OC,0.28719982492524215,binned_cosine_1Da,82,False,predicted_spectrum,4034
CASMI2022,massformer,completed,147,147,334,CASMI_MOL_1196946,CASMI_MOL_810696,810696,COCCOc1cc(CN(C)CC2(O)CCCN(c3ncccn3)C2)ccc1OC,0.28719982492524215,binned_cosine_1Da,83,False,predicted_spectrum,4034
CASMI2022,massformer,completed,147,147,334,CASMI_MOL_1196946,CASMI_MOL_813374,813374,CCCCC(=O)CCC(=O)OC1C(C)OC(C)(C(O)C(C)C(=O)OC)C(O)C1C,0.2866667936991355,binned_cosine_1Da,84,False,predicted_spectrum,4034
CASMI2022,massformer,completed,147,147,334,CASMI_MOL_1196946,CASMI_MOL_810679,810679,CC(=O)NCC1(O)CCN(Cc2ccc(OCCn3nc(C)cc3C)cc2)CC1O,0.28628569867570597,binned_cosine_1Da,85,False,predicted_spectrum,4034
CASMI2022,massformer,completed,147,147,334,CASMI_MOL_1196946,CASMI_MOL_811564,811564,CC(OCC[S+]([O-])c1ccccc1)Oc1ccc(C(CC(C)(C)C)C(C)C)cc1,0.28609155965052124,binned_cosine_1Da,86,False,predicted_spectrum,4034
CASMI2022,massformer,completed,147,147,334,CASMI_MOL_1196946,CASMI_MOL_810129,810129,COc1ccc(CN2CC(=O)C(C=NCCN3CCN(CCO)CC3)C(=O)C2)cc1,0.2860590207886001,binned_cosine_1Da,87,False,predicted_spectrum,4034
CASMI2022,massformer,completed,147,147,334,CASMI_MOL_1196946,CASMI_MOL_809801,809801,CC(O)C1(O)CCC2(O)C3(O)CC(O)C4(O)CC(O)CCC4(C)C3CC(O)C12C,0.2857641713515884,binned_cosine_1Da,88,False,predicted_spectrum,4034
CASMI2022,massformer,completed,147,147,334,CASMI_MOL_1196946,CASMI_MOL_809872,809872,CC(O)C1(O)CCC2(O)C3(O)CC(O)C4(O)CC(O)CCC4(C)C3CC(O)C12C,0.2857641713515884,binned_cosine_1Da,89,False,predicted_spectrum,4034
CASMI2022,massformer,completed,147,147,334,CASMI_MOL_1196946,CASMI_MOL_812011,812011,CC(O)C1(O)CCC2(O)C3(O)CC(O)C4(O)CC(O)CCC4(C)C3CC(O)C12C,0.2857641713515884,binned_cosine_1Da,90,False,predicted_spectrum,4034
CASMI2022,massformer,completed,147,147,334,CASMI_MOL_1196946,CASMI_MOL_812012,812012,CC(O)C1(O)CCC2(O)C3(O)CC(O)C4(O)CC(O)CCC4(C)C3CC(O)C12C,0.2857641713515884,binned_cosine_1Da,91,False,predicted_spectrum,4034
CASMI2022,massformer,completed,147,147,334,CASMI_MOL_1196946,CASMI_MOL_813069,813069,CC(O)C1(O)CCC2(O)C3(O)CC(O)C4(O)CC(O)CCC4(C)C3CC(O)C12C,0.2857641713515884,binned_cosine_1Da,92,False,predicted_spectrum,4034
CASMI2022,massformer,completed,147,147,334,CASMI_MOL_1196946,CASMI_MOL_812516,812516,CC(=O)C1(S)CCC2(C)C(CCC3C2CCC2(C)C(c4coc(O)c4)CCC32)C1,0.28441427352708926,binned_cosine_1Da,93,False,predicted_spectrum,4034
CASMI2022,massformer,completed,147,147,334,CASMI_MOL_1196946,CASMI_MOL_812041,812041,COc1ccc(CCn2cc(C3CCN(C(=O)OC(C)(C)C)CC3OC)nn2)cc1,0.2842412264030955,binned_cosine_1Da,94,False,predicted_spectrum,4034
CASMI2022,massformer,completed,147,147,334,CASMI_MOL_1196946,CASMI_MOL_813288,813288,CCOC(=O)C1C(CN2CCN(Cc3cc(C)ccc3OC)CC2)=NC(=O)NC1C,0.28310976270433985,binned_cosine_1Da,95,False,predicted_spectrum,4034
CASMI2022,massformer,completed,147,147,334,CASMI_MOL_1196946,CASMI_MOL_811088,811088,CCN=C(NCCCNC(=O)c1occc1C)NCCc1ccc(OC)c(OC)c1,0.28155332936959093,binned_cosine_1Da,96,False,predicted_spectrum,4034
CASMI2022,massformer,completed,147,147,334,CASMI_MOL_1196946,CASMI_MOL_813441,813441,OCCCCCCCCCCCSC(Cc1ccc(O)cc1)c1ccc(O)cc1,0.2813848251551846,binned_cosine_1Da,97,False,predicted_spectrum,4034
CASMI2022,massformer,completed,147,147,334,CASMI_MOL_1196946,CASMI_MOL_811258,811258,CCOC(=O)N1CCC(N=C(NCCc2ccco2)N(C)Cc2ccoc2C)CC1,0.28044952413444024,binned_cosine_1Da,98,False,predicted_spectrum,4034
CASMI2022,massformer,completed,147,147,334,CASMI_MOL_1196946,CASMI_MOL_813096,813096,CC(=S)C1CCC2(C)C(CCC3C2CCC2(C)C(c4coc(O)c4)CCC32O)C1,0.27996373315965506,binned_cosine_1Da,99,False,predicted_spectrum,4034
CASMI2022,massformer,completed,147,147,334,CASMI_MOL_1196946,CASMI_MOL_812848,812848,COc1ccc(CN2CCN(C(=O)CCc3nc(C(C)(C)C)no3)CC2)cc1OC,0.2795939983353018,binned_cosine_1Da,100,False,predicted_spectrum,4034
CASMI2022,massformer,completed,147,147,334,CASMI_MOL_1196946,CASMI_MOL_1196946,1196946,CC(=CCCC(C)OC1OC(CO)C(O)C(O)C1O)CCC1CC(=O)OC1(C)C,0.23561958507508893,binned_cosine_1Da,269,True,predicted_spectrum,4034
CASMI2022,massformer,completed,149,149,339,CASMI_MOL_1196948,CASMI_MOL_820908,820908,Cc1sc2ccc3c(c2c1C)C=CC(c1ccccc1)(c1ccccc1)O3,0.4178389021168649,binned_cosine_1Da,1,False,predicted_spectrum,9235
CASMI2022,massformer,completed,149,149,339,CASMI_MOL_1196948,CASMI_MOL_820911,820911,Cc1sc2ccc3c(c2c1C)OC(c1ccccc1)(c1ccccc1)C=C3,0.4100294038493226,binned_cosine_1Da,2,False,predicted_spectrum,9235
CASMI2022,massformer,completed,149,149,339,CASMI_MOL_1196948,CASMI_MOL_817357,817357,c1cnc2c(c1)COC(c1ccc3cc(-c4cnc5[nH]ccc5c4)oc3n1)C2,0.40976858223109686,binned_cosine_1Da,3,False,predicted_spectrum,9235
CASMI2022,massformer,completed,149,149,339,CASMI_MOL_1196948,CASMI_MOL_820909,820909,Cc1sc2c3c(ccc2c1C)OC(c1ccccc1)(c1ccccc1)C=C3,0.4084925598019515,binned_cosine_1Da,4,False,predicted_spectrum,9235
CASMI2022,massformer,completed,149,149,339,CASMI_MOL_1196948,CASMI_MOL_820910,820910,Cc1sc2c3c(ccc2c1C)C=CC(c1ccccc1)(c1ccccc1)O3,0.404901297732577,binned_cosine_1Da,5,False,predicted_spectrum,9235
CASMI2022,massformer,completed,149,149,339,CASMI_MOL_1196948,CASMI_MOL_819474,819474,Cc1ncnc(C)c1-c1ccc(Oc2nccc3occc23)c2ccncc12,0.40188293777998196,binned_cosine_1Da,6,False,predicted_spectrum,9235
CASMI2022,massformer,completed,149,149,339,CASMI_MOL_1196948,CASMI_MOL_826418,826418,Cc1ccc(-n2nc(C)c3c(C(F)(F)F)cc(-c4cccnc4)nc32)cc1,0.4010055272336981,binned_cosine_1Da,7,False,predicted_spectrum,9235
CASMI2022,massformer,completed,149,149,339,CASMI_MOL_1196948,CASMI_MOL_826415,826415,Cc1ccc(-n2nc(C)c3c(C(F)(F)F)cc(-c4ccncc4)nc32)cc1,0.40099060683715954,binned_cosine_1Da,8,False,predicted_spectrum,9235
CASMI2022,massformer,completed,149,149,339,CASMI_MOL_1196948,CASMI_MOL_819475,819475,Cc1ncnc(C)c1-c1ccc(Oc2nccc3occc23)c2cccnc12,0.3995491979264873,binned_cosine_1Da,9,False,predicted_spectrum,9235
CASMI2022,massformer,completed,149,149,339,CASMI_MOL_1196948,CASMI_MOL_825365,825365,Cc1ccc(-n2nc(C)c3c(C(F)(F)F)cc(-c4ccccn4)nc32)cc1,0.3993864568971951,binned_cosine_1Da,10,False,predicted_spectrum,9235
CASMI2022,massformer,completed,149,149,339,CASMI_MOL_1196948,CASMI_MOL_823058,823058,Cn1cc(-c2ccc(-c3cc4nccc(-c5ccc(=O)[nH]c5)c4o3)cc2)cn1,0.3985405113913045,binned_cosine_1Da,11,False,predicted_spectrum,9235
CASMI2022,massformer,completed,149,149,339,CASMI_MOL_1196948,CASMI_MOL_822087,822087,Cn1cccc1-c1oc(-c2ccccc2)nc1-c1ocnc1-c1ccncc1,0.3937166189046809,binned_cosine_1Da,12,False,predicted_spectrum,9235
CASMI2022,massformer,completed,149,149,339,CASMI_MOL_1196948,CASMI_MOL_818025,818025,Cc1cc(=O)c2nc(-c3ccc4ncccc4c3)c(-c3ccc(C)o3)nc2[nH]1,0.39289009439593253,binned_cosine_1Da,13,False,predicted_spectrum,9235
CASMI2022,massformer,completed,149,149,339,CASMI_MOL_1196948,CASMI_MOL_822841,822841,Cc1cc(-c2nccnc2Oc2ccc(C(=O)c3ccccn3)cc2)ccn1,0.391825825088436,binned_cosine_1Da,14,False,predicted_spectrum,9235
CASMI2022,massformer,completed,149,149,339,CASMI_MOL_1196948,CASMI_MOL_820932,820932,O=C(OC1C2OC(C(O)C2OCc2ccccc2)C2OC21)c1ccccc1,0.38789837993264253,binned_cosine_1Da,15,False,predicted_spectrum,9235
CASMI2022,massformer,completed,149,149,339,CASMI_MOL_1196948,CASMI_MOL_820112,820112,c1cc(-c2n[nH]c(-c3ccnnc3)n2)cc(-c2n[nH]c(-c3ccnnc3)n2)c1,0.3852633317816218,binned_cosine_1Da,16,False,predicted_spectrum,9235
CASMI2022,massformer,completed,149,149,339,CASMI_MOL_1196948,CASMI_MOL_818969,818969,Cc1cc(-n2cnnc2)cc(-c2nc3cc(-c4ccccc4)ccc3o2)c1O,0.38482146732183403,binned_cosine_1Da,17,False,predicted_spectrum,9235
CASMI2022,massformer,completed,149,149,339,CASMI_MOL_1196948,CASMI_MOL_817797,817797,Cc1c(-c2ccc3[nH]c(O)cc3c2)cccc1-c1noc(-c2ccncc2)n1,0.3847577438487611,binned_cosine_1Da,18,False,predicted_spectrum,9235
CASMI2022,massformer,completed,149,149,339,CASMI_MOL_1196948,CASMI_MOL_823778,823778,c1cc(-c2nc3nc(-c4ccc5c(c4)CCC5)cn3nc2-c2ccoc2)co1,0.38461743481287336,binned_cosine_1Da,19,False,predicted_spectrum,9235
CASMI2022,massformer,completed,149,149,339,CASMI_MOL_1196948,CASMI_MOL_825774,825774,Cc1nc(=O)c2c([nH]1)Oc1[nH]nc(C)c1C21c2ccccc2-c2ccccc21,0.38416073012604285,binned_cosine_1Da,20,False,predicted_spectrum,9235
CASMI2022,massformer,completed,149,149,339,CASMI_MOL_1196948,CASMI_MOL_818847,818847,Cc1ccc2c(ccn2-c2ccc(Oc3nc(=O)c4ccncc4[nH]3)cc2)c1,0.38377972791488546,binned_cosine_1Da,21,False,predicted_spectrum,9235
CASMI2022,massformer,completed,149,149,339,CASMI_MOL_1196948,CASMI_MOL_817975,817975,Cc1ccncc1Cn1ncc2ncc(-c3cccc(C(F)(F)F)c3)cc21,0.38351687204871826,binned_cosine_1Da,22,False,predicted_spectrum,9235
CASMI2022,massformer,completed,149,149,339,CASMI_MOL_1196948,CASMI_MOL_821673,821673,CC(c1cccc(C(F)(F)F)c1)(c1ccc2ncccc2c1)n1cncn1,0.38333921634380047,binned_cosine_1Da,23,False,predicted_spectrum,9235
CASMI2022,massformer,completed,149,149,339,CASMI_MOL_1196948,CASMI_MOL_817953,817953,Cn1ccc2cc(-c3cnc4cnc(-c5ccc6c(c5)OCO6)cn34)ccc21,0.3827177548123857,binned_cosine_1Da,24,False,predicted_spectrum,9235
CASMI2022,massformer,completed,149,149,339,CASMI_MOL_1196948,CASMI_MOL_817967,817967,Cc1ncccc1Cn1ncc2ncc(-c3cccc(C(F)(F)F)c3)cc21,0.3823688812046417,binned_cosine_1Da,25,False,predicted_spectrum,9235
CASMI2022,massformer,completed,149,149,339,CASMI_MOL_1196948,CASMI_MOL_817973,817973,CC(F)(F)c1cc(-c2cnc3cnn(Cc4cccnc4)c3c2)ccc1F,0.38234542093299434,binned_cosine_1Da,26,False,predicted_spectrum,9235
CASMI2022,massformer,completed,149,149,339,CASMI_MOL_1196948,CASMI_MOL_820113,820113,c1cc(-c2n[nH]c(-c3cncnc3)n2)cc(-c2n[nH]c(-c3cncnc3)n2)c1,0.381661489067828,binned_cosine_1Da,27,False,predicted_spectrum,9235
CASMI2022,massformer,completed,149,149,339,CASMI_MOL_1196948,CASMI_MOL_817972,817972,Cc1ccc(Cn2ncc3ncc(-c4cccc(C(F)(F)F)c4)cc32)cn1,0.38162674845839845,binned_cosine_1Da,28,False,predicted_spectrum,9235
CASMI2022,massformer,completed,149,149,339,CASMI_MOL_1196948,CASMI_MOL_825917,825917,CN1C2CCC1CN(C1C(=O)c3cc(Cl)ccc3Oc3ccccc31)C2,0.3815012716046091,binned_cosine_1Da,29,False,predicted_spectrum,9235
CASMI2022,massformer,completed,149,149,339,CASMI_MOL_1196948,CASMI_MOL_821436,821436,O=C1CC2OCC=C3CN4CCC56c7cc(Cl)ccc7N1C5C2C3CC46,0.38140534569471746,binned_cosine_1Da,30,False,predicted_spectrum,9235
CASMI2022,massformer,completed,149,149,339,CASMI_MOL_1196948,CASMI_MOL_818024,818024,Cc1ccc(-c2nc3[nH]c(=O)c(C)cc3nc2-c2ccc3ncccc3c2)o1,0.3811498731531872,binned_cosine_1Da,31,False,predicted_spectrum,9235
CASMI2022,massformer,completed,149,149,339,CASMI_MOL_1196948,CASMI_MOL_817847,817847,Cn1cc(-c2cc3cc(CC(=O)c4ccc5occc5c4)ncc3cn2)cn1,0.38040127998767287,binned_cosine_1Da,32,False,predicted_spectrum,9235
CASMI2022,massformer,completed,149,149,339,CASMI_MOL_1196948,CASMI_MOL_817952,817952,Cn1ccc2cc(-c3cn4c(-c5ccc6c(c5)OCO6)cnc4cn3)ccc21,0.38032067482230647,binned_cosine_1Da,33,False,predicted_spectrum,9235
CASMI2022,massformer,completed,149,149,339,CASMI_MOL_1196948,CASMI_MOL_817974,817974,Cc1cncc(Cn2ncc3ncc(-c4cccc(C(F)(F)F)c4)cc32)c1,0.3802940451486801,binned_cosine_1Da,34,False,predicted_spectrum,9235
CASMI2022,massformer,completed,149,149,339,CASMI_MOL_1196948,CASMI_MOL_825782,825782,Cc1cc(C)n(-c2nc(C)nc3c4c(ccc23)C(=O)c2ccccc2C4=O)n1,0.37969570463602437,binned_cosine_1Da,35,False,predicted_spectrum,9235
CASMI2022,massformer,completed,149,149,339,CASMI_MOL_1196948,CASMI_MOL_819514,819514,O=C1CC2OCC=C3CN4CCC56c7ccccc7N1C5(Cl)C2C3CC46,0.37943668543704584,binned_cosine_1Da,36,False,predicted_spectrum,9235
CASMI2022,massformer,completed,149,149,339,CASMI_MOL_1196948,CASMI_MOL_819605,819605,O=C(O)C1CC(N2CCC3N=C(C#Cc4ccccc4Cl)CC=C3C2)C1,0.3784785590189195,binned_cosine_1Da,37,False,predicted_spectrum,9235
CASMI2022,massformer,completed,149,149,339,CASMI_MOL_1196948,CASMI_MOL_817259,817259,Cc1ccc(-n2nc(-c3ccc(C(F)(F)F)cc3)c3cccnc32)cc1N,0.3781312483082818,binned_cosine_1Da,38,False,predicted_spectrum,9235
CASMI2022,massformer,completed,149,149,339,CASMI_MOL_1196948,CASMI_MOL_818014,818014,Cc1[nH]c(-c2cnn(-c3ccccc3C(F)(F)F)c2)nc1-c1ccccc1,0.37791672834576123,binned_cosine_1Da,39,False,predicted_spectrum,9235
CASMI2022,massformer,completed,149,149,339,CASMI_MOL_1196948,CASMI_MOL_818836,818836,Cc1c(-c2ccccc2)[nH]c(=O)c2c(-c3ccc(O)cc3)nc3[nH]ncc3c12,0.37755854079367257,binned_cosine_1Da,40,False,predicted_spectrum,9235
CASMI2022,massformer,completed,149,149,339,CASMI_MOL_1196948,CASMI_MOL_818846,818846,Cc1ccc(-c2ccnc(-c3ccc(-c4cc(C(F)(F)F)[nH]n4)[nH]3)c2)cc1,0.37748258842106597,binned_cosine_1Da,41,False,predicted_spectrum,9235
CASMI2022,massformer,completed,149,149,339,CASMI_MOL_1196948,CASMI_MOL_820114,820114,c1cc(-c2n[nH]c(-c3cnccn3)n2)cc(-c2n[nH]c(-c3cnccn3)n2)c1,0.37696645366342374,binned_cosine_1Da,42,False,predicted_spectrum,9235
CASMI2022,massformer,completed,149,149,339,CASMI_MOL_1196948,CASMI_MOL_818377,818377,[O-][S+](c1ccccc1)C(c1ccccc1)(c1ccccc1)c1ccccc1,0.3769610286583053,binned_cosine_1Da,43,False,predicted_spectrum,9235
CASMI2022,massformer,completed,149,149,339,CASMI_MOL_1196948,CASMI_MOL_818139,818139,FC(F)(F)c1ccc2ccn(-c3cccc(-c4nncn4C4CC4)c3)c2c1,0.3769257208914816,binned_cosine_1Da,44,False,predicted_spectrum,9235
CASMI2022,massformer,completed,149,149,339,CASMI_MOL_1196948,CASMI_MOL_817971,817971,Cc1cncc(Cn2ncc3ncc(-c4ccc(F)c(C(F)F)c4)cc32)c1,0.3766716600190756,binned_cosine_1Da,45,False,predicted_spectrum,9235
CASMI2022,massformer,completed,149,149,339,CASMI_MOL_1196948,CASMI_MOL_824708,824708,[C-]#[N+]c1ccc(Oc2cncn2Cc2ccc(-n3ccccc3=O)cc2)cc1,0.37635049951892324,binned_cosine_1Da,46,False,predicted_spectrum,9235
CASMI2022,massformer,completed,149,149,339,CASMI_MOL_1196948,CASMI_MOL_818164,818164,Cn1c(-c2cccc(C(F)(F)F)c2)cc2cnc(Cc3ccncn3)cc21,0.3756715281847845,binned_cosine_1Da,47,False,predicted_spectrum,9235
CASMI2022,massformer,completed,149,149,339,CASMI_MOL_1196948,CASMI_MOL_825722,825722,Oc1ccc(SC(c2ccccc2)(c2ccccc2)c2ccccc2)cc1,0.3756378795564895,binned_cosine_1Da,48,False,predicted_spectrum,9235
CASMI2022,massformer,completed,149,149,339,CASMI_MOL_1196948,CASMI_MOL_817754,817754,Cn1cc(-c2ccc3cnc(CC(=O)c4ccc5occc5c4)cc3n2)cn1,0.3756267575775058,binned_cosine_1Da,49,False,predicted_spectrum,9235
CASMI2022,massformer,completed,149,149,339,CASMI_MOL_1196948,CASMI_MOL_817970,817970,CC(F)(F)c1cccc(-c2cnc3cnn(Cc4cncc(F)c4)c3c2)c1,0.37554914685694174,binned_cosine_1Da,50,False,predicted_spectrum,9235
CASMI2022,massformer,completed,149,149,339,CASMI_MOL_1196948,CASMI_MOL_824707,824707,[C-]#[N+]c1ccc(Oc2cncn2Cc2ccn(-c3ccccc3)c(=O)c2)cc1,0.3755027462945927,binned_cosine_1Da,51,False,predicted_spectrum,9235
CASMI2022,massformer,completed,149,149,339,CASMI_MOL_1196948,CASMI_MOL_821379,821379,CSc1cccc(C(=O)N2CCN(C3CCS(=O)(=O)CC3)CC2)c1,0.3754756257926211,binned_cosine_1Da,52,False,predicted_spectrum,9235
CASMI2022,massformer,completed,149,149,339,CASMI_MOL_1196948,CASMI_MOL_819866,819866,FC(F)(F)c1cccc(-c2nn3c(c2-c2ccc4nccn4c2)CCC3)c1,0.37521367706231995,binned_cosine_1Da,53,False,predicted_spectrum,9235
CASMI2022,massformer,completed,149,149,339,CASMI_MOL_1196948,CASMI_MOL_822935,822935,FC(F)(F)c1ccccc1-c1nc2c(NCc3cccnc3)cccc2[nH]1,0.3751123378263621,binned_cosine_1Da,54,False,predicted_spectrum,9235
CASMI2022,massformer,completed,149,149,339,CASMI_MOL_1196948,CASMI_MOL_819549,819549,Cn1ccc(-c2ccc3ncc4[nH]cnc4c3c2)c(Oc2ccccc2)c1=O,0.3747004263730414,binned_cosine_1Da,55,False,predicted_spectrum,9235
CASMI2022,massformer,completed,149,149,339,CASMI_MOL_1196948,CASMI_MOL_824100,824100,Cc1ccc2nc(Cn3cnc4cc5ccccc5cc4c3=O)cc(=O)n2c1,0.37446370990211675,binned_cosine_1Da,56,False,predicted_spectrum,9235
CASMI2022,massformer,completed,149,149,339,CASMI_MOL_1196948,CASMI_MOL_820871,820871,Cn1cc(-c2nc(N)ncc2-c2ccc(C(F)(F)F)cc2)c2ccccc21,0.37420798515605713,binned_cosine_1Da,57,False,predicted_spectrum,9235
CASMI2022,massformer,completed,149,149,339,CASMI_MOL_1196948,CASMI_MOL_818561,818561,O=C1C2OC3OC1C(OCc1ccccc1)C(O3)C2OCc1ccccc1,0.37392785542651524,binned_cosine_1Da,58,False,predicted_spectrum,9235
CASMI2022,massformer,completed,149,149,339,CASMI_MOL_1196948,CASMI_MOL_820892,820892,O=C1C2OC3OC1C(OCc1ccccc1)C(O3)C2OCc1ccccc1,0.37392785542651524,binned_cosine_1Da,59,False,predicted_spectrum,9235
CASMI2022,massformer,completed,149,149,339,CASMI_MOL_1196948,CASMI_MOL_820902,820902,O=C1C2OC3OC1C(OCc1ccccc1)C(O3)C2OCc1ccccc1,0.37392785542651524,binned_cosine_1Da,60,False,predicted_spectrum,9235
CASMI2022,massformer,completed,149,149,339,CASMI_MOL_1196948,CASMI_MOL_822857,822857,O=C1C2OC3OC1C(OCc1ccccc1)C(O3)C2OCc1ccccc1,0.37392785542651524,binned_cosine_1Da,61,False,predicted_spectrum,9235
CASMI2022,massformer,completed,149,149,339,CASMI_MOL_1196948,CASMI_MOL_819086,819086,Cc1cnn2c(-c3cccnc3Cc3ccc(C(F)(F)F)nc3)cccc12,0.3736001444138097,binned_cosine_1Da,62,False,predicted_spectrum,9235
CASMI2022,massformer,completed,149,149,339,CASMI_MOL_1196948,CASMI_MOL_820111,820111,c1cnc(-c2n[nH]c(-c3cccc(-c4n[nH]c(-c5ncccn5)n4)c3)n2)nc1,0.3735653178169114,binned_cosine_1Da,63,False,predicted_spectrum,9235
CASMI2022,massformer,completed,149,149,339,CASMI_MOL_1196948,CASMI_MOL_819867,819867,FC(F)(F)c1cccc(-c2nn3c(c2-c2ccc4[nH]ncc4c2)CCC3)c1,0.3734232118423309,binned_cosine_1Da,64,False,predicted_spectrum,9235
CASMI2022,massformer,completed,149,149,339,CASMI_MOL_1196948,CASMI_MOL_825674,825674,O=C(OC1C2OC(OC2COCc2ccccc2)C2OC21)c1ccccc1,0.3732659752840143,binned_cosine_1Da,65,False,predicted_spectrum,9235
CASMI2022,massformer,completed,149,149,339,CASMI_MOL_1196948,CASMI_MOL_825716,825716,O=C(OC1C2OC(OC2COCc2ccccc2)C2OC21)c1ccccc1,0.3732659752840143,binned_cosine_1Da,66,False,predicted_spectrum,9235
CASMI2022,massformer,completed,149,149,339,CASMI_MOL_1196948,CASMI_MOL_818801,818801,Cn1c2cnc(Cn3c4cncnc4c4ncncc43)nc2c2nccnc21,0.37308495254817803,binned_cosine_1Da,67,False,predicted_spectrum,9235
CASMI2022,massformer,completed,149,149,339,CASMI_MOL_1196948,CASMI_MOL_818134,818134,Cn1cc(-c2cnn(-c3ccccc3C#N)c2)c(-c2ccc(O)cc2)cc1=O,0.37307624880478557,binned_cosine_1Da,68,False,predicted_spectrum,9235
CASMI2022,massformer,completed,149,149,339,CASMI_MOL_1196948,CASMI_MOL_819864,819864,FC(F)(F)c1cccc(-c2nn3c(c2-c2ccc4c[nH]nc4c2)CCC3)c1,0.37282683562640984,binned_cosine_1Da,69,False,predicted_spectrum,9235
CASMI2022,massformer,completed,149,149,339,CASMI_MOL_1196948,CASMI_MOL_818345,818345,Cc1cccc(-c2cnc3cc(-c4cc(C)nc(C(F)(F)F)n4)ccn23)c1,0.37282667355053933,binned_cosine_1Da,70,False,predicted_spectrum,9235
CASMI2022,massformer,completed,149,149,339,CASMI_MOL_1196948,CASMI_MOL_819947,819947,FC(F)(F)c1cccc(-c2nc3n(c2-c2ccc4nccn4c2)CCC3)c1,0.3727973360676294,binned_cosine_1Da,71,False,predicted_spectrum,9235
CASMI2022,massformer,completed,149,149,339,CASMI_MOL_1196948,CASMI_MOL_822552,822552,Cc1nc2c(C)cc(-n3cncn3)cc2cc1-c1cccc(C(F)(F)F)c1,0.37277647765423166,binned_cosine_1Da,72,False,predicted_spectrum,9235
CASMI2022,massformer,completed,149,149,339,CASMI_MOL_1196948,CASMI_MOL_819582,819582,Clc1cnc(N2CC3CN(c4cc(-n5cccn5)ncn4)CC3C2)nc1,0.3727381019061659,binned_cosine_1Da,73,False,predicted_spectrum,9235
CASMI2022,massformer,completed,149,149,339,CASMI_MOL_1196948,CASMI_MOL_819604,819604,O=C(O)C1CC(N2CCC3N=C(C#Cc4ccc(Cl)cc4)CC=C3C2)C1,0.37220426206765367,binned_cosine_1Da,74,False,predicted_spectrum,9235
CASMI2022,massformer,completed,149,149,339,CASMI_MOL_1196948,CASMI_MOL_820188,820188,O=c1c2cccnc2ncn1Cc1ccc(-c2ccc3[nH]c(O)cc3c2)cc1,0.37216576123773826,binned_cosine_1Da,75,False,predicted_spectrum,9235
CASMI2022,massformer,completed,149,149,339,CASMI_MOL_1196948,CASMI_MOL_818859,818859,Cc1ccc(-n2ccc3cc(Oc4nc(=O)c5ccncc5[nH]4)ccc32)cc1,0.3721453347500232,binned_cosine_1Da,76,False,predicted_spectrum,9235
CASMI2022,massformer,completed,149,149,339,CASMI_MOL_1196948,CASMI_MOL_818175,818175,Cn1cc(-c2cc3cc(CC(=O)c4ccc5ccoc5c4)ncc3cn2)cn1,0.3721116618551428,binned_cosine_1Da,77,False,predicted_spectrum,9235
CASMI2022,massformer,completed,149,149,339,CASMI_MOL_1196948,CASMI_MOL_822343,822343,Cn1ncc2c(Nc3cc(-c4ccc(C(F)(F)F)cc4)ccn3)cccc21,0.3720229026400997,binned_cosine_1Da,78,False,predicted_spectrum,9235
CASMI2022,massformer,completed,149,149,339,CASMI_MOL_1196948,CASMI_MOL_820153,820153,FC(F)(F)c1cccc(Nc2cc3c(ccn3Cc3cccnc3)cn2)c1,0.3719116810830348,binned_cosine_1Da,79,False,predicted_spectrum,9235
CASMI2022,massformer,completed,149,149,339,CASMI_MOL_1196948,CASMI_MOL_818531,818531,Cc1cccnc1-c1cc2c(cn1)C=NN(c1ccc(C(F)(F)F)cc1)C2,0.37189077973805146,binned_cosine_1Da,80,False,predicted_spectrum,9235
CASMI2022,massformer,completed,149,149,339,CASMI_MOL_1196948,CASMI_MOL_819944,819944,FC(F)(F)c1cccc(-c2nc3n(c2-c2ccc4c[nH]nc4c2)CCC3)c1,0.371857341404781,binned_cosine_1Da,81,False,predicted_spectrum,9235
CASMI2022,massformer,completed,149,149,339,CASMI_MOL_1196948,CASMI_MOL_818294,818294,FC(F)(F)c1cccc(-c2nc3n(c2-c2ccc4[nH]ncc4c2)CCC3)c1,0.37180882754198513,binned_cosine_1Da,82,False,predicted_spectrum,9235
CASMI2022,massformer,completed,149,149,339,CASMI_MOL_1196948,CASMI_MOL_822988,822988,c1ccc(-c2nnn(-c3cncc(-c4ccccc4-c4nn[nH]n4)c3)n2)nc1,0.3716998618754767,binned_cosine_1Da,83,False,predicted_spectrum,9235
CASMI2022,massformer,completed,149,149,339,CASMI_MOL_1196948,CASMI_MOL_818960,818960,Cc1[nH][nH]c2nc(-c3ccc(O)cc3)c3c(=O)nc(-c4ccccc4)cc3c12,0.37150031731091704,binned_cosine_1Da,84,False,predicted_spectrum,9235
CASMI2022,massformer,completed,149,149,339,CASMI_MOL_1196948,CASMI_MOL_825727,825727,Oc1cc2c(cc1C1OCC3C(c4ccc5c(c4)OCO5)OCC13)CCO2,0.3714569229733776,binned_cosine_1Da,85,False,predicted_spectrum,9235
CASMI2022,massformer,completed,149,149,339,CASMI_MOL_1196948,CASMI_MOL_822936,822936,FC(F)(F)c1cccc(-c2nc3c(NCc4cccnc4)cccc3[nH]2)c1,0.3712291351088457,binned_cosine_1Da,86,False,predicted_spectrum,9235
CASMI2022,massformer,completed,149,149,339,CASMI_MOL_1196948,CASMI_MOL_818530,818530,Cc1cccnc1C1=Cc2cnncc2N(c2ccc(C(F)(F)F)cc2)C1,0.37121676288869737,binned_cosine_1Da,87,False,predicted_spectrum,9235
CASMI2022,massformer,completed,149,149,339,CASMI_MOL_1196948,CASMI_MOL_825792,825792,Cc1[nH]nc2c1C1(c3ccccc3Cc3ccccc31)c1c([nH]cnc1=O)O2,0.37088022169956397,binned_cosine_1Da,88,False,predicted_spectrum,9235
CASMI2022,massformer,completed,149,149,339,CASMI_MOL_1196948,CASMI_MOL_824895,824895,N#Cc1ccc(Cn2ccnc2)cc1Oc1cccc(-n2ccccc2=O)c1,0.37086631684682847,binned_cosine_1Da,89,False,predicted_spectrum,9235
CASMI2022,massformer,completed,149,149,339,CASMI_MOL_1196948,CASMI_MOL_818181,818181,Cc1cc(Cc2nccc(C(F)(F)F)n2)cc(-c2cnn3ccccc23)c1,0.370743915820925,binned_cosine_1Da,90,False,predicted_spectrum,9235
CASMI2022,massformer,completed,149,149,339,CASMI_MOL_1196948,CASMI_MOL_822113,822113,Cn1c(-c2cccc(C(F)(F)F)c2)cc2c(Nc3ccncc3)nccc21,0.3706436338499225,binned_cosine_1Da,91,False,predicted_spectrum,9235
CASMI2022,massformer,completed,149,149,339,CASMI_MOL_1196948,CASMI_MOL_824896,824896,N#Cc1ccc(Cn2ccnc2)cc1Oc1ccc(-n2ccccc2=O)cc1,0.37062885019886316,binned_cosine_1Da,92,False,predicted_spectrum,9235
CASMI2022,massformer,completed,149,149,339,CASMI_MOL_1196948,CASMI_MOL_817968,817968,Cc1nn(Cc2cccnc2)c2cc(-c3ccc(F)c(C(F)F)c3)cnc12,0.3704053843185479,binned_cosine_1Da,93,False,predicted_spectrum,9235
CASMI2022,massformer,completed,149,149,339,CASMI_MOL_1196948,CASMI_MOL_825037,825037,Cc1ccc(-c2nc3cnccn3c2Nc2cccc(C(F)(F)F)c2)cc1,0.37018768868550334,binned_cosine_1Da,94,False,predicted_spectrum,9235
CASMI2022,massformer,completed,149,149,339,CASMI_MOL_1196948,CASMI_MOL_818512,818512,Cc1cc(-c2ccn3c(-c4ccc(N)c(C(F)(F)F)c4)cnc3c2)ccn1,0.3701145891425212,binned_cosine_1Da,95,False,predicted_spectrum,9235
CASMI2022,massformer,completed,149,149,339,CASMI_MOL_1196948,CASMI_MOL_825862,825862,Cc1cc(Nc2[nH]nc3ccccc23)nc(-c2ccccc2C(F)(F)F)c1,0.37009783335942975,binned_cosine_1Da,96,False,predicted_spectrum,9235
CASMI2022,massformer,completed,149,149,339,CASMI_MOL_1196948,CASMI_MOL_819383,819383,CN(C)c1nc2ccccc2c2nc(-c3ccccc3)nc(C(F)(F)F)c12,0.3700252239575139,binned_cosine_1Da,97,False,predicted_spectrum,9235
CASMI2022,massformer,completed,149,149,339,CASMI_MOL_1196948,CASMI_MOL_822112,822112,Cc1ccc(-c2nc3c(Nc4cccc(C(F)(F)F)c4)nccc3[nH]2)cc1,0.36988418826888303,binned_cosine_1Da,98,False,predicted_spectrum,9235
CASMI2022,massformer,completed,149,149,339,CASMI_MOL_1196948,CASMI_MOL_818222,818222,FC(F)(F)c1ccccc1-c1cc2cnc(NCc3ccccn3)cc2[nH]1,0.3697584378641073,binned_cosine_1Da,99,False,predicted_spectrum,9235
CASMI2022,massformer,completed,149,149,339,CASMI_MOL_1196948,CASMI_MOL_825467,825467,Cc1cc(Nc2ccccc2)n2nc(C(F)(F)F)c(-c3ccccc3)c2n1,0.3695573771147138,binned_cosine_1Da,100,False,predicted_spectrum,9235
CASMI2022,massformer,completed,149,149,339,CASMI_MOL_1196948,CASMI_MOL_1196948,1196948,COc1ccc(-c2oc3c(CC=C(C)C)c(O)cc(O)c3c(=O)c2O)cc1,0.1937547519409182,binned_cosine_1Da,1397,True,predicted_spectrum,9235
CASMI2022,massformer,completed,150,150,341,CASMI_MOL_1196949,CASMI_MOL_828488,828488,CC(C)c1ccc2cc(C(C)CCC(C)c3ccc(C(C)C)s3)ccc2c1,0.88841104001813,binned_cosine_1Da,1,False,predicted_spectrum,7703
CASMI2022,massformer,completed,150,150,341,CASMI_MOL_1196949,CASMI_MOL_827776,827776,CC1CCCCC1c1ccccc1Sc1ccccc1C1CCCCC1C,0.872268312697163,binned_cosine_1Da,2,False,predicted_spectrum,7703
CASMI2022,massformer,completed,150,150,341,CASMI_MOL_1196949,CASMI_MOL_831768,831768,NC(=O)NC(CCN1CC2CN(Cc3ccccc3)CC2C1)c1ccccc1,0.8665055773272851,binned_cosine_1Da,3,False,predicted_spectrum,7703
CASMI2022,massformer,completed,150,150,341,CASMI_MOL_1196949,CASMI_MOL_828615,828615,CN1CCN(C2CCN(C(=O)NC(c3ccccc3)c3ccccc3)C2)CC1,0.8635179151487135,binned_cosine_1Da,4,False,predicted_spectrum,7703
CASMI2022,massformer,completed,150,150,341,CASMI_MOL_1196949,CASMI_MOL_828616,828616,CN1CCN(C2CCN(C(=O)NC(c3ccccc3)c3ccccc3)C2)CC1,0.8635179151487135,binned_cosine_1Da,5,False,predicted_spectrum,7703
CASMI2022,massformer,completed,150,150,341,CASMI_MOL_1196949,CASMI_MOL_829042,829042,CN1CCN(C2CCN(C(=O)NC(c3ccccc3)c3ccccc3)C2)CC1,0.8635179151487135,binned_cosine_1Da,6,False,predicted_spectrum,7703
CASMI2022,massformer,completed,150,150,341,CASMI_MOL_1196949,CASMI_MOL_827346,827346,CC1Cc2c(cc3c(c2-c2ccccc2)CCC3)C1S(C)(C)C1CCCC1,0.8623466792268609,binned_cosine_1Da,7,False,predicted_spectrum,7703
CASMI2022,massformer,completed,150,150,341,CASMI_MOL_1196949,CASMI_MOL_831533,831533,CC1CCCCN1Cc1ccc(NC(=O)C2CNNC2c2ccccc2)cc1,0.8620009673952216,binned_cosine_1Da,8,False,predicted_spectrum,7703
CASMI2022,massformer,completed,150,150,341,CASMI_MOL_1196949,CASMI_MOL_828101,828101,CC(C(=O)NC1CCN(C2CC(c3ccccc3)NN2)CC1)c1ccccc1,0.8617117844105229,binned_cosine_1Da,9,False,predicted_spectrum,7703
CASMI2022,massformer,completed,150,150,341,CASMI_MOL_1196949,CASMI_MOL_827646,827646,CC(C)(C)c1ccc2c(CCCCc3ccccc3)c(C(C)(C)C)sc2c1,0.8607996296798884,binned_cosine_1Da,10,False,predicted_spectrum,7703
CASMI2022,massformer,completed,150,150,341,CASMI_MOL_1196949,CASMI_MOL_831434,831434,CCN(C)Cc1cccc(CNC(=O)NCCc2c(C)[nH]c3ccccc23)c1,0.860798260019318,binned_cosine_1Da,11,False,predicted_spectrum,7703
CASMI2022,massformer,completed,150,150,341,CASMI_MOL_1196949,CASMI_MOL_826503,826503,CC(C(=O)N1CCN(Cc2ccccc2)c2ccccc21)N1CCN(C)CC1,0.8603207731638289,binned_cosine_1Da,12,False,predicted_spectrum,7703
CASMI2022,massformer,completed,150,150,341,CASMI_MOL_1196949,CASMI_MOL_828235,828235,c1ccc(C2CN(Cc3ccc(C4CCNN4)o3)C3C4CCN(CC4)C23)cc1,0.859254527675605,binned_cosine_1Da,13,False,predicted_spectrum,7703
CASMI2022,massformer,completed,150,150,341,CASMI_MOL_1196949,CASMI_MOL_828255,828255,c1ccc(C2CN(Cc3ccc(C4CCNN4)o3)C3C4CCN(CC4)C23)cc1,0.859254527675605,binned_cosine_1Da,14,False,predicted_spectrum,7703
CASMI2022,massformer,completed,150,150,341,CASMI_MOL_1196949,CASMI_MOL_833501,833501,CCn1c(CCc2ccc(NC(=O)NCCC(C)C)cc2)nc2ccccc21,0.8592308454236702,binned_cosine_1Da,15,False,predicted_spectrum,7703
CASMI2022,massformer,completed,150,150,341,CASMI_MOL_1196949,CASMI_MOL_828503,828503,C=C(C)C(CCC)c1ccccc1Sc1ccccc1C(CCC)C(=C)C,0.8589959989955942,binned_cosine_1Da,16,False,predicted_spectrum,7703
CASMI2022,massformer,completed,150,150,341,CASMI_MOL_1196949,CASMI_MOL_831541,831541,CC1CCN(Cc2ccc(NC(=O)C3CNNC3c3ccccc3)cc2)CC1,0.8587385709601407,binned_cosine_1Da,17,False,predicted_spectrum,7703
CASMI2022,massformer,completed,150,150,341,CASMI_MOL_1196949,CASMI_MOL_828227,828227,CN1CCC(NC(=O)C2CNNC2c2ccccc2)C(Cc2ccccc2)C1,0.858537117089415,binned_cosine_1Da,18,False,predicted_spectrum,7703
CASMI2022,massformer,completed,150,150,341,CASMI_MOL_1196949,CASMI_MOL_828333,828333,O=C(NC1CCN(Cc2ccc(-c3ccccc3)cc2)CC1)NC1CCNC1,0.8584412650981004,binned_cosine_1Da,19,False,predicted_spectrum,7703
CASMI2022,massformer,completed,150,150,341,CASMI_MOL_1196949,CASMI_MOL_828339,828339,O=C(NC1CCN(Cc2ccc(-c3ccccc3)cc2)CC1)NC1CCNC1,0.8584412650981004,binned_cosine_1Da,20,False,predicted_spectrum,7703
CASMI2022,massformer,completed,150,150,341,CASMI_MOL_1196949,CASMI_MOL_830741,830741,CN1CCN(C2CCN(C(=O)Nc3cccc(Cc4ccccc4)c3)C2)CC1,0.8584241109330386,binned_cosine_1Da,21,False,predicted_spectrum,7703
CASMI2022,massformer,completed,150,150,341,CASMI_MOL_1196949,CASMI_MOL_830742,830742,CN1CCN(C2CCN(C(=O)Nc3cccc(Cc4ccccc4)c3)C2)CC1,0.8584241109330386,binned_cosine_1Da,22,False,predicted_spectrum,7703
CASMI2022,massformer,completed,150,150,341,CASMI_MOL_1196949,CASMI_MOL_831668,831668,CN1CCN(C2CCN(C(=O)Nc3cccc(Cc4ccccc4)c3)C2)CC1,0.8584241109330386,binned_cosine_1Da,23,False,predicted_spectrum,7703
CASMI2022,massformer,completed,150,150,341,CASMI_MOL_1196949,CASMI_MOL_831539,831539,O=C(NCC1CCCCN1Cc1ccccc1)C1CNNC1c1ccccc1,0.8583749640507646,binned_cosine_1Da,24,False,predicted_spectrum,7703
CASMI2022,massformer,completed,150,150,341,CASMI_MOL_1196949,CASMI_MOL_831005,831005,COCCCN(Cc1ccccn1)Cc1c(C2CCCC2)[nH]c2ncccc12,0.8580918255080807,binned_cosine_1Da,25,False,predicted_spectrum,7703
CASMI2022,massformer,completed,150,150,341,CASMI_MOL_1196949,CASMI_MOL_828335,828335,COc1ccc(CN(C)Cc2nc3cc(C)ccc3[nH]2)cc1CN1CCCC1,0.8580193734592405,binned_cosine_1Da,26,False,predicted_spectrum,7703
CASMI2022,massformer,completed,150,150,341,CASMI_MOL_1196949,CASMI_MOL_831542,831542,CC1CCCN(Cc2ccc(NC(=O)C3CNNC3c3ccccc3)cc2)C1,0.8569163190216373,binned_cosine_1Da,27,False,predicted_spectrum,7703
CASMI2022,massformer,completed,150,150,341,CASMI_MOL_1196949,CASMI_MOL_833144,833144,CCN(CC)Cc1ccc(CNC(=O)NCCc2c[nH]c3ccccc23)cc1,0.8568916068457493,binned_cosine_1Da,28,False,predicted_spectrum,7703
CASMI2022,massformer,completed,150,150,341,CASMI_MOL_1196949,CASMI_MOL_832438,832438,CC(C)Oc1cccc(C(NC2CCN(C)CC2)c2nc3ccccc3[nH]2)c1,0.8566221395207084,binned_cosine_1Da,29,False,predicted_spectrum,7703
CASMI2022,massformer,completed,150,150,341,CASMI_MOL_1196949,CASMI_MOL_829479,829479,N=C(NCc1ccc(CN2CCC(O)CC2)cc1)Nc1ccc2c(c1)CCC2,0.8564502584231737,binned_cosine_1Da,30,False,predicted_spectrum,7703
CASMI2022,massformer,completed,150,150,341,CASMI_MOL_1196949,CASMI_MOL_829888,829888,CC(C)c1ncc(CN2CC(c3ccccc3)C3NC(=O)CCCCC32)cn1,0.8564350551509439,binned_cosine_1Da,31,False,predicted_spectrum,7703
CASMI2022,massformer,completed,150,150,341,CASMI_MOL_1196949,CASMI_MOL_827480,827480,CCCCCCCCCCCCc1ccc(-c2ccc3ccsc3c2)cc1,0.8563362247954527,binned_cosine_1Da,32,False,predicted_spectrum,7703
CASMI2022,massformer,completed,150,150,341,CASMI_MOL_1196949,CASMI_MOL_832894,832894,COCCCN(Cc1ccncc1)Cc1c(C2CCCC2)[nH]c2ncccc12,0.8558955168462697,binned_cosine_1Da,33,False,predicted_spectrum,7703
CASMI2022,massformer,completed,150,150,341,CASMI_MOL_1196949,CASMI_MOL_831526,831526,CC(=O)NCCN1CCC2NNC(C(c3ccccc3)c3ccccc3)C2C1,0.8557042712976822,binned_cosine_1Da,34,False,predicted_spectrum,7703
CASMI2022,massformer,completed,150,150,341,CASMI_MOL_1196949,CASMI_MOL_832991,832991,CN(Cc1ccccc1)C1CCCN(Cc2ccc(N3CCNC3=O)cc2)C1,0.8555257251253054,binned_cosine_1Da,35,False,predicted_spectrum,7703
CASMI2022,massformer,completed,150,150,341,CASMI_MOL_1196949,CASMI_MOL_827539,827539,CC(C)C1CN2CC(Nc3nc(-c4ccccc4)nc4c3CCC4)CC2CO1,0.8553716588335749,binned_cosine_1Da,36,False,predicted_spectrum,7703
CASMI2022,massformer,completed,150,150,341,CASMI_MOL_1196949,CASMI_MOL_828846,828846,COc1ccc(CNCCN2CCN(Cc3cc4ccccc4[nH]3)CC2)cc1,0.8539722072306748,binned_cosine_1Da,37,False,predicted_spectrum,7703
CASMI2022,massformer,completed,150,150,341,CASMI_MOL_1196949,CASMI_MOL_828540,828540,CC1Cc2ccccc2N1C(=O)NCc1ccc(CN2CCN(C)CC2)cc1,0.8538274317318293,binned_cosine_1Da,38,False,predicted_spectrum,7703
CASMI2022,massformer,completed,150,150,341,CASMI_MOL_1196949,CASMI_MOL_828541,828541,CC1Cc2ccccc2N1C(=O)NCc1ccc(CN2CCN(C)CC2)cc1,0.8538274317318293,binned_cosine_1Da,39,False,predicted_spectrum,7703
CASMI2022,massformer,completed,150,150,341,CASMI_MOL_1196949,CASMI_MOL_828593,828593,CC1Cc2ccccc2N1C(=O)NCc1ccc(CN2CCN(C)CC2)cc1,0.8538274317318293,binned_cosine_1Da,40,False,predicted_spectrum,7703
CASMI2022,massformer,completed,150,150,341,CASMI_MOL_1196949,CASMI_MOL_829217,829217,CC(C)N1CCC(NC(=O)Nc2ccccc2N2CCc3ccccc32)CC1,0.8533256584653872,binned_cosine_1Da,41,False,predicted_spectrum,7703
CASMI2022,massformer,completed,150,150,341,CASMI_MOL_1196949,CASMI_MOL_828106,828106,CCc1ccc(C(=O)NC2CCN(C3CC(c4ccccc4)NN3)CC2)cc1,0.8532822316851706,binned_cosine_1Da,42,False,predicted_spectrum,7703
CASMI2022,massformer,completed,150,150,341,CASMI_MOL_1196949,CASMI_MOL_827802,827802,NC1CCN(C(C(=O)C(c2ccccc2)N2CCC(N)C2)c2ccccc2)C1,0.853086882820095,binned_cosine_1Da,43,False,predicted_spectrum,7703
CASMI2022,massformer,completed,150,150,341,CASMI_MOL_1196949,CASMI_MOL_833047,833047,COc1c(-c2nc3cc(C(=N)N)ccc3[nH]2)cc(C(C)(C)C)cc1C(C)(C)C,0.8524179172699379,binned_cosine_1Da,44,False,predicted_spectrum,7703
CASMI2022,massformer,completed,150,150,341,CASMI_MOL_1196949,CASMI_MOL_829472,829472,N=C(NCc1ccccc1CN1CCC(O)CC1)Nc1ccc2c(c1)CCC2,0.8514660578158603,binned_cosine_1Da,45,False,predicted_spectrum,7703
CASMI2022,massformer,completed,150,150,341,CASMI_MOL_1196949,CASMI_MOL_828102,828102,Cc1cc(C)cc(C(=O)NC2CCN(C3CC(c4ccccc4)NN3)CC2)c1,0.8513063982749495,binned_cosine_1Da,46,False,predicted_spectrum,7703
CASMI2022,massformer,completed,150,150,341,CASMI_MOL_1196949,CASMI_MOL_829235,829235,CN=C(NCCCCCc1ccccc1)NCC1CC(=O)Nc2ccccc21,0.8510302362061906,binned_cosine_1Da,47,False,predicted_spectrum,7703
CASMI2022,massformer,completed,150,150,341,CASMI_MOL_1196949,CASMI_MOL_827884,827884,CCCCCc1ccc(C(=O)Nc2ccc3c(c2)nc(N)n3CC(C)C)cc1,0.8505250648100192,binned_cosine_1Da,48,False,predicted_spectrum,7703
CASMI2022,massformer,completed,150,150,341,CASMI_MOL_1196949,CASMI_MOL_828105,828105,Cc1ccc(C(=O)NC2CCN(C3CC(c4ccccc4)NN3)CC2)c(C)c1,0.8497873616261373,binned_cosine_1Da,49,False,predicted_spectrum,7703
CASMI2022,massformer,completed,150,150,341,CASMI_MOL_1196949,CASMI_MOL_826631,826631,O=C(NCc1cccc(-c2ccncc2)c1)NC1CCN(C2CCCCC2)C1,0.8492662530746026,binned_cosine_1Da,50,False,predicted_spectrum,7703
CASMI2022,massformer,completed,150,150,341,CASMI_MOL_1196949,CASMI_MOL_829539,829539,N=C(NCc1cccc(CN2CCOCC2)c1)Nc1cccc2c1CCCC2,0.8491263653713039,binned_cosine_1Da,51,False,predicted_spectrum,7703
CASMI2022,massformer,completed,150,150,341,CASMI_MOL_1196949,CASMI_MOL_829892,829892,CC(C)N1C2CCNc3ccccc3CN(C(=O)c3cccnc3)CC1CC2,0.8490748600479368,binned_cosine_1Da,52,False,predicted_spectrum,7703
CASMI2022,massformer,completed,150,150,341,CASMI_MOL_1196949,CASMI_MOL_828332,828332,Cc1cccc(N2CCC(N(Cc3ccncc3)CC3CCC(=O)N3)CC2)c1,0.8489659109668743,binned_cosine_1Da,53,False,predicted_spectrum,7703
CASMI2022,massformer,completed,150,150,341,CASMI_MOL_1196949,CASMI_MOL_829000,829000,O=C(Nc1ccc(CN2CCN(Cc3ccccc3)CC2)cc1)C1CCCN1,0.8489633338416068,binned_cosine_1Da,54,False,predicted_spectrum,7703
CASMI2022,massformer,completed,150,150,341,CASMI_MOL_1196949,CASMI_MOL_833643,833643,O=C(Nc1ccc(CN2CCCC2)cc1)Nc1ccc(CN2CCCC2)cc1,0.8488644406533968,binned_cosine_1Da,55,False,predicted_spectrum,7703
CASMI2022,massformer,completed,150,150,341,CASMI_MOL_1196949,CASMI_MOL_828760,828760,Cc1[nH]c2ccccc2c1CCNC(=O)NCC(Cc1ccccc1)N(C)C,0.8487469999931089,binned_cosine_1Da,56,False,predicted_spectrum,7703
CASMI2022,massformer,completed,150,150,341,CASMI_MOL_1196949,CASMI_MOL_831435,831435,Cc1[nH]c2ccccc2c1CCNC(=O)NCC(Cc1ccccc1)N(C)C,0.8487469999931089,binned_cosine_1Da,57,False,predicted_spectrum,7703
CASMI2022,massformer,completed,150,150,341,CASMI_MOL_1196949,CASMI_MOL_828162,828162,Cc1cccc(C2NNCC2C(=O)NC2CCN(Cc3ccccc3)CC2)c1,0.8482068187776634,binned_cosine_1Da,58,False,predicted_spectrum,7703
CASMI2022,massformer,completed,150,150,341,CASMI_MOL_1196949,CASMI_MOL_826502,826502,CN1CCN(CCC(=O)N2CCN(Cc3ccccc3)c3ccccc32)CC1,0.8479377844731157,binned_cosine_1Da,59,False,predicted_spectrum,7703
CASMI2022,massformer,completed,150,150,341,CASMI_MOL_1196949,CASMI_MOL_831436,831436,CCN(C)Cc1cccc(CNC(=O)NCCc2c[nH]c3cc(C)ccc23)c1,0.8479257568739662,binned_cosine_1Da,60,False,predicted_spectrum,7703
CASMI2022,massformer,completed,150,150,341,CASMI_MOL_1196949,CASMI_MOL_827371,827371,CCCN1CCN(c2ccccc2CN2CC(=O)Nc3ccccc3C2)CC1,0.8478873330798691,binned_cosine_1Da,61,False,predicted_spectrum,7703
CASMI2022,massformer,completed,150,150,341,CASMI_MOL_1196949,CASMI_MOL_828107,828107,Cc1ccc(C(=O)NC2CCN(C3CC(c4ccccc4)NN3)CC2)cc1C,0.8477677400027629,binned_cosine_1Da,62,False,predicted_spectrum,7703
CASMI2022,massformer,completed,150,150,341,CASMI_MOL_1196949,CASMI_MOL_828103,828103,O=C(CCc1ccccc1)NC1CCN(C2CC(c3ccccc3)NN2)CC1,0.8474936746932892,binned_cosine_1Da,63,False,predicted_spectrum,7703
CASMI2022,massformer,completed,150,150,341,CASMI_MOL_1196949,CASMI_MOL_829812,829812,CN(C)C(C(=O)Nc1ccc(N2CCN(C3CC3)CC2)cc1)c1ccccc1,0.8473779392757764,binned_cosine_1Da,64,False,predicted_spectrum,7703
CASMI2022,massformer,completed,150,150,341,CASMI_MOL_1196949,CASMI_MOL_828111,828111,CN(CC1CC(c2ccccc2)NN1)C(=O)c1cccc(C2CCCNC2)c1,0.8470850379319318,binned_cosine_1Da,65,False,predicted_spectrum,7703
CASMI2022,massformer,completed,150,150,341,CASMI_MOL_1196949,CASMI_MOL_829229,829229,CN=C(NCC1CC(=O)Nc2ccccc21)NCC(c1ccccc1)C(C)C,0.8466997211363215,binned_cosine_1Da,66,False,predicted_spectrum,7703
CASMI2022,massformer,completed,150,150,341,CASMI_MOL_1196949,CASMI_MOL_829541,829541,N=C(NCc1ccc(CN2CCOCC2)cc1)Nc1cccc2c1CCCC2,0.8461383549826156,binned_cosine_1Da,67,False,predicted_spectrum,7703
CASMI2022,massformer,completed,150,150,341,CASMI_MOL_1196949,CASMI_MOL_832571,832571,CC(C)N1CCC(NC(=O)Nc2ccc(N3CCc4ccccc43)cc2)CC1,0.8458600477546881,binned_cosine_1Da,68,False,predicted_spectrum,7703
CASMI2022,massformer,completed,150,150,341,CASMI_MOL_1196949,CASMI_MOL_828960,828960,CC(C)N1CCN(c2ccc(C(=O)NCc3ccc4c(c3)CNC4)cc2)CC1,0.8456930420580985,binned_cosine_1Da,69,False,predicted_spectrum,7703
CASMI2022,massformer,completed,150,150,341,CASMI_MOL_1196949,CASMI_MOL_826632,826632,O=C(NCc1cccc(-c2ccncc2)c1)NC1CCN(CC2CCCC2)C1,0.8455837622952104,binned_cosine_1Da,70,False,predicted_spectrum,7703
CASMI2022,massformer,completed,150,150,341,CASMI_MOL_1196949,CASMI_MOL_826644,826644,O=C(NCc1ccccc1-c1ccncc1)NC1CCN(C2CCCCC2)C1,0.8455397040172107,binned_cosine_1Da,71,False,predicted_spectrum,7703
CASMI2022,massformer,completed,150,150,341,CASMI_MOL_1196949,CASMI_MOL_828156,828156,O=C(NCc1ccc(CN2CCCCC2)cc1)C1CC(c2ccccc2)NN1,0.8453580088465327,binned_cosine_1Da,72,False,predicted_spectrum,7703
CASMI2022,massformer,completed,150,150,341,CASMI_MOL_1196949,CASMI_MOL_827705,827705,CCCn1c(NC2CCN(Cc3ccccc3)CC2)nc2cc(CO)ccc21,0.8448923946633983,binned_cosine_1Da,73,False,predicted_spectrum,7703
CASMI2022,massformer,completed,150,150,341,CASMI_MOL_1196949,CASMI_MOL_831826,831826,CC(C)c1nccc(CN2CCC3(CC2)CC(=O)N(Cc2ccccc2)C3)n1,0.8448766847471071,binned_cosine_1Da,74,False,predicted_spectrum,7703
CASMI2022,massformer,completed,150,150,341,CASMI_MOL_1196949,CASMI_MOL_828998,828998,Cc1ccc(NC(=O)Nc2cccc3c2CCN(CC2CCNCC2)C3)cc1,0.8448429384983098,binned_cosine_1Da,75,False,predicted_spectrum,7703
CASMI2022,massformer,completed,150,150,341,CASMI_MOL_1196949,CASMI_MOL_828923,828923,CN1CCN(Cc2ccc(CNC(=O)c3cccc4c3CCCN4)cc2)CC1,0.8446717655388157,binned_cosine_1Da,76,False,predicted_spectrum,7703
CASMI2022,massformer,completed,150,150,341,CASMI_MOL_1196949,CASMI_MOL_827250,827250,Cc1cc(CN(CC2=CN(C)c3ccccc3C2O)C2CCCNC2)ccn1,0.8442484595475724,binned_cosine_1Da,77,False,predicted_spectrum,7703
CASMI2022,massformer,completed,150,150,341,CASMI_MOL_1196949,CASMI_MOL_831935,831935,CN1CCN(CC2CCc3cc(NC(=O)Nc4ccccc4)ccc3C2)CC1,0.8437964791815772,binned_cosine_1Da,78,False,predicted_spectrum,7703
CASMI2022,massformer,completed,150,150,341,CASMI_MOL_1196949,CASMI_MOL_826629,826629,O=C(NCc1cccc(-c2ccccn2)c1)NC1CCN(C2CCCCC2)C1,0.843392599943098,binned_cosine_1Da,79,False,predicted_spectrum,7703
CASMI2022,massformer,completed,150,150,341,CASMI_MOL_1196949,CASMI_MOL_829891,829891,CC(C)N1C2CCNc3ccccc3CN(C(=O)c3ccccn3)CC1CC2,0.8433124619141555,binned_cosine_1Da,80,False,predicted_spectrum,7703
CASMI2022,massformer,completed,150,150,341,CASMI_MOL_1196949,CASMI_MOL_828924,828924,O=C(NCCN1CCN(Cc2ccccc2)CC1)c1cccc2c1CCCN2,0.8430596952967221,binned_cosine_1Da,81,False,predicted_spectrum,7703
CASMI2022,massformer,completed,150,150,341,CASMI_MOL_1196949,CASMI_MOL_833103,833103,Cc1cccn2c(C(CC(=O)NCC(C)C)c3ccc(N(C)C)cc3)cnc12,0.8428348950845429,binned_cosine_1Da,82,False,predicted_spectrum,7703
CASMI2022,massformer,completed,150,150,341,CASMI_MOL_1196949,CASMI_MOL_829039,829039,CN(C)C(CNCc1cc2ccccc2nc1N1CCCCC1)c1ccco1,0.8427552435880561,binned_cosine_1Da,83,False,predicted_spectrum,7703
CASMI2022,massformer,completed,150,150,341,CASMI_MOL_1196949,CASMI_MOL_828199,828199,CC(C)CN1CCCC1CNc1ncccc1C(=O)N1CCc2ccccc21,0.8427214400089522,binned_cosine_1Da,84,False,predicted_spectrum,7703
CASMI2022,massformer,completed,150,150,341,CASMI_MOL_1196949,CASMI_MOL_829735,829735,CC1CN(Cc2cccc(CN=C(N)Nc3ccc4c(c3)CCC4)c2)CCO1,0.8425933164632966,binned_cosine_1Da,85,False,predicted_spectrum,7703
CASMI2022,massformer,completed,150,150,341,CASMI_MOL_1196949,CASMI_MOL_832180,832180,CCN1CCN(Cc2ccccc2CNC(=O)N2CCc3ccccc32)CC1,0.8422222693822191,binned_cosine_1Da,86,False,predicted_spectrum,7703
CASMI2022,massformer,completed,150,150,341,CASMI_MOL_1196949,CASMI_MOL_831164,831164,CCCCc1ccc(NC(=O)Nc2ccc3c(ccn3CCN(C)C)c2)cc1,0.8420393880184769,binned_cosine_1Da,87,False,predicted_spectrum,7703
CASMI2022,massformer,completed,150,150,341,CASMI_MOL_1196949,CASMI_MOL_833889,833889,Cc1cccc(CN2CCC(N3C(=O)Nc4ccccc4C3C(C)C)CC2)n1,0.8419790565699102,binned_cosine_1Da,88,False,predicted_spectrum,7703
CASMI2022,massformer,completed,150,150,341,CASMI_MOL_1196949,CASMI_MOL_826550,826550,CC(=N)c1cccc(CN(Cc2cccc(C(N)=O)c2)CC2CCCNC2)c1,0.8417834036334965,binned_cosine_1Da,89,False,predicted_spectrum,7703
CASMI2022,massformer,completed,150,150,341,CASMI_MOL_1196949,CASMI_MOL_828211,828211,CC1CCCN(C(C)CNc2ncccc2C(=O)N2CCc3ccccc32)C1,0.8415052439852944,binned_cosine_1Da,90,False,predicted_spectrum,7703
CASMI2022,massformer,completed,150,150,341,CASMI_MOL_1196949,CASMI_MOL_831544,831544,Cc1nc(N2CCC(N3CCCC3C)C2)ccc1NC(=O)Cc1ccccc1,0.8410096182720849,binned_cosine_1Da,91,False,predicted_spectrum,7703
CASMI2022,massformer,completed,150,150,341,CASMI_MOL_1196949,CASMI_MOL_832600,832600,Cc1nc(N2CCC(N3CCCC3C)C2)ccc1NC(=O)Cc1ccccc1,0.8410096182720849,binned_cosine_1Da,92,False,predicted_spectrum,7703
CASMI2022,massformer,completed,150,150,341,CASMI_MOL_1196949,CASMI_MOL_829831,829831,Cc1nc(C2CCCCN2C(C)C)nc2c1CCC(=O)N2Cc1ccccc1,0.84098079987584,binned_cosine_1Da,93,False,predicted_spectrum,7703
CASMI2022,massformer,completed,150,150,341,CASMI_MOL_1196949,CASMI_MOL_831002,831002,Cc1nc(C2CCCCN2C(C)C)nc2c1CCC(=O)N2Cc1ccccc1,0.84098079987584,binned_cosine_1Da,94,False,predicted_spectrum,7703
CASMI2022,massformer,completed,150,150,341,CASMI_MOL_1196949,CASMI_MOL_831003,831003,Cc1nc(C2CCCCN2C(C)C)nc2c1CCC(=O)N2Cc1ccccc1,0.84098079987584,binned_cosine_1Da,95,False,predicted_spectrum,7703
CASMI2022,massformer,completed,150,150,341,CASMI_MOL_1196949,CASMI_MOL_832536,832536,Cc1[nH]c2ccccc2c1CCNC(=O)NCCCN(C)Cc1ccccc1,0.8409294797356058,binned_cosine_1Da,96,False,predicted_spectrum,7703
CASMI2022,massformer,completed,150,150,341,CASMI_MOL_1196949,CASMI_MOL_828292,828292,O=C(NCc1cccc(-c2cccnc2)c1)NC1CCN(C2CCCCC2)C1,0.8407682763994724,binned_cosine_1Da,97,False,predicted_spectrum,7703
CASMI2022,massformer,completed,150,150,341,CASMI_MOL_1196949,CASMI_MOL_832740,832740,O=C(NC1CCN(Cc2ccncc2)CC1)C1CCCN1Cc1ccccc1,0.8406029989639744,binned_cosine_1Da,98,False,predicted_spectrum,7703
CASMI2022,massformer,completed,150,150,341,CASMI_MOL_1196949,CASMI_MOL_832741,832741,O=C(NC1CCN(Cc2ccncc2)CC1)C1CCCN1Cc1ccccc1,0.8406029989639744,binned_cosine_1Da,99,False,predicted_spectrum,7703
CASMI2022,massformer,completed,150,150,341,CASMI_MOL_1196949,CASMI_MOL_832808,832808,O=C(NC1CCN(Cc2ccncc2)CC1)C1CCCN1Cc1ccccc1,0.8406029989639744,binned_cosine_1Da,100,False,predicted_spectrum,7703
CASMI2022,massformer,completed,150,150,341,CASMI_MOL_1196949,CASMI_MOL_1196949,1196949,C=C1CCC2C(C)(C(=O)O)CCC(OC(C)=O)C2(C)C1CCC(C)=CCO,0.02841829707059565,binned_cosine_1Da,6312,True,predicted_spectrum,7703
CASMI2022,massformer,completed,151,151,342,CASMI_MOL_1196950,CASMI_MOL_834443,834443,CSC(=CC(C)=S)c1ccc(C)cc1,0.3803576678442941,binned_cosine_1Da,1,False,predicted_spectrum,1793
CASMI2022,massformer,completed,151,151,342,CASMI_MOL_1196950,CASMI_MOL_834768,834768,C=CC=CC(=CC=CC=S)CCC=S,0.37740119382301257,binned_cosine_1Da,2,False,predicted_spectrum,1793
CASMI2022,massformer,completed,151,151,342,CASMI_MOL_1196950,CASMI_MOL_835071,835071,S=CCCc1ccccc1CCC=S,0.37487223909323675,binned_cosine_1Da,3,False,predicted_spectrum,1793
CASMI2022,massformer,completed,151,151,342,CASMI_MOL_1196950,CASMI_MOL_835764,835764,CC=C(C(=S)SC)c1ccc(C)cc1,0.3726579886403746,binned_cosine_1Da,4,False,predicted_spectrum,1793
CASMI2022,massformer,completed,151,151,342,CASMI_MOL_1196950,CASMI_MOL_835836,835836,COC12OOC(OC)(C1=O)c1ccccc12,0.3633164941042732,binned_cosine_1Da,5,False,predicted_spectrum,1793
CASMI2022,massformer,completed,151,151,342,CASMI_MOL_1196950,CASMI_MOL_834503,834503,CC1=CC=COC1(O)C=C1C(=O)COC1=O,0.34560525550722554,binned_cosine_1Da,6,False,predicted_spectrum,1793
CASMI2022,massformer,completed,151,151,342,CASMI_MOL_1196950,CASMI_MOL_834411,834411,C=C(C=CC1=C(C)C(=O)OC1=O)C(=O)OC,0.339127149212821,binned_cosine_1Da,7,False,predicted_spectrum,1793
CASMI2022,massformer,completed,151,151,342,CASMI_MOL_1196950,CASMI_MOL_835368,835368,COC(=O)C12C3C4C1C1C2C3C41C(=O)OO,0.3349610011958284,binned_cosine_1Da,8,False,predicted_spectrum,1793
CASMI2022,massformer,completed,151,151,342,CASMI_MOL_1196950,CASMI_MOL_835174,835174,O=C(O)C=CCOc1ccc2c(c1)OCO2,0.3345684322891663,binned_cosine_1Da,9,False,predicted_spectrum,1793
CASMI2022,massformer,completed,151,151,342,CASMI_MOL_1196950,CASMI_MOL_835352,835352,O=C(O)C=CCOc1ccc2c(c1)OCO2,0.3345684322891663,binned_cosine_1Da,10,False,predicted_spectrum,1793
CASMI2022,massformer,completed,151,151,342,CASMI_MOL_1196950,CASMI_MOL_834491,834491,COC(=O)C(C=O)c1ccc2c(c1)OCO2,0.33274390032520557,binned_cosine_1Da,11,False,predicted_spectrum,1793
CASMI2022,massformer,completed,151,151,342,CASMI_MOL_1196950,CASMI_MOL_835070,835070,S=CCCc1cccc(CCC=S)c1,0.3291493575651958,binned_cosine_1Da,12,False,predicted_spectrum,1793
CASMI2022,massformer,completed,151,151,342,CASMI_MOL_1196950,CASMI_MOL_835311,835311,COC(=O)C1=COC(=O)C2=C(C=O)CCC12,0.32871462828096204,binned_cosine_1Da,13,False,predicted_spectrum,1793
CASMI2022,massformer,completed,151,151,342,CASMI_MOL_1196950,CASMI_MOL_834260,834260,COC(=O)C1COc2c1ccc1c2OCO1,0.32750408286343324,binned_cosine_1Da,14,False,predicted_spectrum,1793
CASMI2022,massformer,completed,151,151,342,CASMI_MOL_1196950,CASMI_MOL_835630,835630,CC1(C(=O)O)C=CC=CC1(C=O)C(=O)C=O,0.3251947145431806,binned_cosine_1Da,15,False,predicted_spectrum,1793
CASMI2022,massformer,completed,151,151,342,CASMI_MOL_1196950,CASMI_MOL_835101,835101,CC(=O)COc1cc2c(cc1C=O)OCO2,0.325134549696796,binned_cosine_1Da,16,False,predicted_spectrum,1793
CASMI2022,massformer,completed,151,151,342,CASMI_MOL_1196950,CASMI_MOL_834312,834312,COC(=O)C12C(=O)OC(=O)C1C1C=CC2C1,0.32156233052520145,binned_cosine_1Da,17,False,predicted_spectrum,1793
CASMI2022,massformer,completed,151,151,342,CASMI_MOL_1196950,CASMI_MOL_835897,835897,COc1cc2c(c(OC)c1C)C(=O)OC2=O,0.3211916451840063,binned_cosine_1Da,18,False,predicted_spectrum,1793
CASMI2022,massformer,completed,151,151,342,CASMI_MOL_1196950,CASMI_MOL_835706,835706,COC(=O)C(=O)Cc1ccc2c(c1)OCO2,0.3209648004299427,binned_cosine_1Da,19,False,predicted_spectrum,1793
CASMI2022,massformer,completed,151,151,342,CASMI_MOL_1196950,CASMI_MOL_835303,835303,Cc1ccc(OC(=O)C=CC(=O)O)c(O)c1,0.32004086486300937,binned_cosine_1Da,20,False,predicted_spectrum,1793
CASMI2022,massformer,completed,151,151,342,CASMI_MOL_1196950,CASMI_MOL_835666,835666,COC(=O)Cc1cc2c(cc1C=O)OCO2,0.31785318819661956,binned_cosine_1Da,21,False,predicted_spectrum,1793
CASMI2022,massformer,completed,151,151,342,CASMI_MOL_1196950,CASMI_MOL_835150,835150,COC(=O)C(=O)c1ccc2c(c1)OCCO2,0.31737460420519076,binned_cosine_1Da,22,False,predicted_spectrum,1793
CASMI2022,massformer,completed,151,151,342,CASMI_MOL_1196950,CASMI_MOL_834747,834747,COc1cc2c(cc1OC(C)=O)C(=O)OC2,0.3173527857149962,binned_cosine_1Da,23,False,predicted_spectrum,1793
CASMI2022,massformer,completed,151,151,342,CASMI_MOL_1196950,CASMI_MOL_834620,834620,C=CCOc1cc2c(cc1C(=O)O)OCO2,0.3148121419508447,binned_cosine_1Da,24,False,predicted_spectrum,1793
CASMI2022,massformer,completed,151,151,342,CASMI_MOL_1196950,CASMI_MOL_835069,835069,S=CCCc1ccc(CCC=S)cc1,0.31441874781384965,binned_cosine_1Da,25,False,predicted_spectrum,1793
CASMI2022,massformer,completed,151,151,342,CASMI_MOL_1196950,CASMI_MOL_834981,834981,COC(=O)C1OC1c1ccc2c(c1)OCO2,0.314288494236761,binned_cosine_1Da,26,False,predicted_spectrum,1793
CASMI2022,massformer,completed,151,151,342,CASMI_MOL_1196950,CASMI_MOL_834982,834982,COC(=O)C1OC1c1ccc2c(c1)OCO2,0.314288494236761,binned_cosine_1Da,27,False,predicted_spectrum,1793
CASMI2022,massformer,completed,151,151,342,CASMI_MOL_1196950,CASMI_MOL_834983,834983,COC(=O)C1OC1c1ccc2c(c1)OCO2,0.314288494236761,binned_cosine_1Da,28,False,predicted_spectrum,1793
CASMI2022,massformer,completed,151,151,342,CASMI_MOL_1196950,CASMI_MOL_834984,834984,COC(=O)C1OC1c1ccc2c(c1)OCO2,0.314288494236761,binned_cosine_1Da,29,False,predicted_spectrum,1793
CASMI2022,massformer,completed,151,151,342,CASMI_MOL_1196950,CASMI_MOL_835955,835955,COC(=O)C1OC1c1ccc2c(c1)OCO2,0.314288494236761,binned_cosine_1Da,30,False,predicted_spectrum,1793
CASMI2022,massformer,completed,151,151,342,CASMI_MOL_1196950,CASMI_MOL_834284,834284,COC(=O)c1ccc2c(c1C=O)OCCO2,0.3140902649076319,binned_cosine_1Da,31,False,predicted_spectrum,1793
CASMI2022,massformer,completed,151,151,342,CASMI_MOL_1196950,CASMI_MOL_835875,835875,COc1cc(O)c2ccc(=O)oc2c1OC,0.31321801159915275,binned_cosine_1Da,32,False,predicted_spectrum,1793
CASMI2022,massformer,completed,151,151,342,CASMI_MOL_1196950,CASMI_MOL_835034,835034,CC1=C(c2ccsc2)CC(F)C(C=O)=C1,0.3125703283620014,binned_cosine_1Da,33,False,predicted_spectrum,1793
CASMI2022,massformer,completed,151,151,342,CASMI_MOL_1196950,CASMI_MOL_834892,834892,C=CCC1(F)CSc2ccccc2C1=O,0.31166982727505077,binned_cosine_1Da,34,False,predicted_spectrum,1793
CASMI2022,massformer,completed,151,151,342,CASMI_MOL_1196950,CASMI_MOL_835202,835202,COC(=O)c1cc2c(c(OC)c1)C(=O)OC2,0.31051235585541914,binned_cosine_1Da,35,False,predicted_spectrum,1793
CASMI2022,massformer,completed,151,151,342,CASMI_MOL_1196950,CASMI_MOL_834623,834623,COc1cc(C)c(OC)c2c1C(=O)OC2=O,0.3099112951931454,binned_cosine_1Da,36,False,predicted_spectrum,1793
CASMI2022,massformer,completed,151,151,342,CASMI_MOL_1196950,CASMI_MOL_834588,834588,CC(C=O)c1cc(C(=O)O)cc(C(=O)O)c1,0.30934034919864717,binned_cosine_1Da,37,False,predicted_spectrum,1793
CASMI2022,massformer,completed,151,151,342,CASMI_MOL_1196950,CASMI_MOL_834270,834270,COC(=O)C1COc2cc3c(cc21)OCO3,0.30924979962541277,binned_cosine_1Da,38,False,predicted_spectrum,1793
CASMI2022,massformer,completed,151,151,342,CASMI_MOL_1196950,CASMI_MOL_834283,834283,COC(=O)C1Cc2cc3c(cc2O1)OCO3,0.3085198380136748,binned_cosine_1Da,39,False,predicted_spectrum,1793
CASMI2022,massformer,completed,151,151,342,CASMI_MOL_1196950,CASMI_MOL_834288,834288,COc1c(O)c(C=CC=O)cc2c1OCO2,0.3083564048820398,binned_cosine_1Da,40,False,predicted_spectrum,1793
CASMI2022,massformer,completed,151,151,342,CASMI_MOL_1196950,CASMI_MOL_835843,835843,COC=CC(=O)Oc1ccc2c(c1)OCO2,0.30833802721250114,binned_cosine_1Da,41,False,predicted_spectrum,1793
CASMI2022,massformer,completed,151,151,342,CASMI_MOL_1196950,CASMI_MOL_834272,834272,COC(=O)C1Cc2ccc3c(c2O1)OCO3,0.3050837606271265,binned_cosine_1Da,42,False,predicted_spectrum,1793
CASMI2022,massformer,completed,151,151,342,CASMI_MOL_1196950,CASMI_MOL_835769,835769,COC(=O)c1c(O)oc2cc(C)c(O)cc12,0.3046047023481341,binned_cosine_1Da,43,False,predicted_spectrum,1793
CASMI2022,massformer,completed,151,151,342,CASMI_MOL_1196950,CASMI_MOL_834917,834917,O=C1OC23C(=O)CCC2C2CCC(=O)C23O1,0.30449496178832447,binned_cosine_1Da,44,False,predicted_spectrum,1793
CASMI2022,massformer,completed,151,151,342,CASMI_MOL_1196950,CASMI_MOL_835886,835886,COC=Cc1cc2c(cc1C(=O)O)OCO2,0.3039839907518035,binned_cosine_1Da,45,False,predicted_spectrum,1793
CASMI2022,massformer,completed,151,151,342,CASMI_MOL_1196950,CASMI_MOL_835944,835944,COC=Cc1cc2c(cc1C(=O)O)OCO2,0.3039839907518035,binned_cosine_1Da,46,False,predicted_spectrum,1793
CASMI2022,massformer,completed,151,151,342,CASMI_MOL_1196950,CASMI_MOL_835901,835901,COc1cc2ccc(=O)oc2c(O)c1OC,0.3036508961513165,binned_cosine_1Da,47,False,predicted_spectrum,1793
CASMI2022,massformer,completed,151,151,342,CASMI_MOL_1196950,CASMI_MOL_834287,834287,COc1c(C=CC=O)cc2c(c1O)OCO2,0.3028096536605767,binned_cosine_1Da,48,False,predicted_spectrum,1793
CASMI2022,massformer,completed,151,151,342,CASMI_MOL_1196950,CASMI_MOL_834689,834689,CC1(C(=O)O)OC1c1ccc2c(c1)OCO2,0.3023009607289962,binned_cosine_1Da,49,False,predicted_spectrum,1793
CASMI2022,massformer,completed,151,151,342,CASMI_MOL_1196950,CASMI_MOL_834690,834690,CC1(C(=O)O)OC1c1ccc2c(c1)OCO2,0.3023009607289962,binned_cosine_1Da,50,False,predicted_spectrum,1793
CASMI2022,massformer,completed,151,151,342,CASMI_MOL_1196950,CASMI_MOL_834691,834691,CC1(C(=O)O)OC1c1ccc2c(c1)OCO2,0.3023009607289962,binned_cosine_1Da,51,False,predicted_spectrum,1793
CASMI2022,massformer,completed,151,151,342,CASMI_MOL_1196950,CASMI_MOL_834692,834692,CC1(C(=O)O)OC1c1ccc2c(c1)OCO2,0.3023009607289962,binned_cosine_1Da,52,False,predicted_spectrum,1793
CASMI2022,massformer,completed,151,151,342,CASMI_MOL_1196950,CASMI_MOL_835473,835473,COc1cc(OC)c2c(c1C)C(=O)OC2=O,0.3021394622415035,binned_cosine_1Da,53,False,predicted_spectrum,1793
CASMI2022,massformer,completed,151,151,342,CASMI_MOL_1196950,CASMI_MOL_834698,834698,C=C(C)C(=O)OC1C2=CC3C(=O)OC1C3O2,0.30157012421055585,binned_cosine_1Da,54,False,predicted_spectrum,1793
CASMI2022,massformer,completed,151,151,342,CASMI_MOL_1196950,CASMI_MOL_835720,835720,COc1cc2oc(=O)ccc2c(O)c1OC,0.30124567387672035,binned_cosine_1Da,55,False,predicted_spectrum,1793
CASMI2022,massformer,completed,151,151,342,CASMI_MOL_1196950,CASMI_MOL_835335,835335,C=C(COc1ccc2c(c1)OCO2)C(=O)O,0.3010120782718667,binned_cosine_1Da,56,False,predicted_spectrum,1793
CASMI2022,massformer,completed,151,151,342,CASMI_MOL_1196950,CASMI_MOL_835780,835780,COc1c(OC)c2ccc(O)cc2oc1=O,0.3004538327162714,binned_cosine_1Da,57,False,predicted_spectrum,1793
CASMI2022,massformer,completed,151,151,342,CASMI_MOL_1196950,CASMI_MOL_835799,835799,COc1c(O)cc2ccc(=O)oc2c1OC,0.29958955928643966,binned_cosine_1Da,58,False,predicted_spectrum,1793
CASMI2022,massformer,completed,151,151,342,CASMI_MOL_1196950,CASMI_MOL_834907,834907,COC(=O)c1ccc2c(c1)C(OC)OC2=O,0.2995842395149715,binned_cosine_1Da,59,False,predicted_spectrum,1793
CASMI2022,massformer,completed,151,151,342,CASMI_MOL_1196950,CASMI_MOL_834972,834972,COC(=O)c1ccc2c(c1)C(OC)OC2=O,0.2995842395149715,binned_cosine_1Da,60,False,predicted_spectrum,1793
CASMI2022,massformer,completed,151,151,342,CASMI_MOL_1196950,CASMI_MOL_834973,834973,COC(=O)c1ccc2c(c1)C(OC)OC2=O,0.2995842395149715,binned_cosine_1Da,61,False,predicted_spectrum,1793
CASMI2022,massformer,completed,151,151,342,CASMI_MOL_1196950,CASMI_MOL_835102,835102,COc1cc2ccc(O)c(OC)c2oc1=O,0.2985820419725275,binned_cosine_1Da,62,False,predicted_spectrum,1793
CASMI2022,massformer,completed,151,151,342,CASMI_MOL_1196950,CASMI_MOL_834717,834717,CCC(C)C(=S)c1ccccc1C=S,0.2984395507409184,binned_cosine_1Da,63,False,predicted_spectrum,1793
CASMI2022,massformer,completed,151,151,342,CASMI_MOL_1196950,CASMI_MOL_835432,835432,COc1c(O)c2cccc(OC)c2oc1=O,0.2982800595228302,binned_cosine_1Da,64,False,predicted_spectrum,1793
CASMI2022,massformer,completed,151,151,342,CASMI_MOL_1196950,CASMI_MOL_835800,835800,N#Cc1ccc2cc(C(=O)N=[N+]=[N-])ccc2c1,0.29826371483609593,binned_cosine_1Da,65,False,predicted_spectrum,1793
CASMI2022,massformer,completed,151,151,342,CASMI_MOL_1196950,CASMI_MOL_835068,835068,COc1cc(C(=O)C=O)ccc1OC(C)=O,0.29804257960442876,binned_cosine_1Da,66,False,predicted_spectrum,1793
CASMI2022,massformer,completed,151,151,342,CASMI_MOL_1196950,CASMI_MOL_835474,835474,COC1(OC)C(=O)OC(=O)c2ccccc21,0.2974683518120783,binned_cosine_1Da,67,False,predicted_spectrum,1793
CASMI2022,massformer,completed,151,151,342,CASMI_MOL_1196950,CASMI_MOL_834821,834821,COC(=O)C(=O)c1cc2c(cc1C)OCO2,0.29729680206967224,binned_cosine_1Da,68,False,predicted_spectrum,1793
CASMI2022,massformer,completed,151,151,342,CASMI_MOL_1196950,CASMI_MOL_835619,835619,COc1c(O)c(=O)oc2c(OC)cccc12,0.29712192835086915,binned_cosine_1Da,69,False,predicted_spectrum,1793
CASMI2022,massformer,completed,151,151,342,CASMI_MOL_1196950,CASMI_MOL_834345,834345,COC(=O)C1=COc2c(ccc(O)c2O)C1,0.29692849493100765,binned_cosine_1Da,70,False,predicted_spectrum,1793
CASMI2022,massformer,completed,151,151,342,CASMI_MOL_1196950,CASMI_MOL_835760,835760,COC(=O)c1cc2c(oc1=O)CCCC2=O,0.296523076394732,binned_cosine_1Da,71,False,predicted_spectrum,1793
CASMI2022,massformer,completed,151,151,342,CASMI_MOL_1196950,CASMI_MOL_834553,834553,O=C(O)C(=O)Cc1cccc2c1OCCO2,0.2963914855639192,binned_cosine_1Da,72,False,predicted_spectrum,1793
CASMI2022,massformer,completed,151,151,342,CASMI_MOL_1196950,CASMI_MOL_834912,834912,O=C(O)C(=O)CCc1ccc2c(c1)OCO2,0.29625248642654456,binned_cosine_1Da,73,False,predicted_spectrum,1793
CASMI2022,massformer,completed,151,151,342,CASMI_MOL_1196950,CASMI_MOL_835803,835803,COCOc1cc2oc(=O)ccc2cc1O,0.2948854671136667,binned_cosine_1Da,74,False,predicted_spectrum,1793
CASMI2022,massformer,completed,151,151,342,CASMI_MOL_1196950,CASMI_MOL_835802,835802,COc1cc2cc(O)c(=O)oc2cc1OC,0.2947939305481541,binned_cosine_1Da,75,False,predicted_spectrum,1793
CASMI2022,massformer,completed,151,151,342,CASMI_MOL_1196950,CASMI_MOL_835823,835823,COCc1cc(=O)oc2cc(O)cc(O)c12,0.2945492350985849,binned_cosine_1Da,76,False,predicted_spectrum,1793
CASMI2022,massformer,completed,151,151,342,CASMI_MOL_1196950,CASMI_MOL_834987,834987,Cc1ccccc1OC(=CC(=O)O)C(=O)O,0.2942573758733415,binned_cosine_1Da,77,False,predicted_spectrum,1793
CASMI2022,massformer,completed,151,151,342,CASMI_MOL_1196950,CASMI_MOL_835179,835179,Cc1ccccc1OC(=CC(=O)O)C(=O)O,0.2942573758733415,binned_cosine_1Da,78,False,predicted_spectrum,1793
CASMI2022,massformer,completed,151,151,342,CASMI_MOL_1196950,CASMI_MOL_835540,835540,Cc1ccccc1OC(=CC(=O)O)C(=O)O,0.2942573758733415,binned_cosine_1Da,79,False,predicted_spectrum,1793
CASMI2022,massformer,completed,151,151,342,CASMI_MOL_1196950,CASMI_MOL_834492,834492,COc1c(OC)c2cc(O)ccc2oc1=O,0.2938163318049234,binned_cosine_1Da,80,False,predicted_spectrum,1793
CASMI2022,massformer,completed,151,151,342,CASMI_MOL_1196950,CASMI_MOL_835399,835399,COC(=O)c1cc(C(=O)O)cc2c1OCC2,0.2929152432137458,binned_cosine_1Da,81,False,predicted_spectrum,1793
CASMI2022,massformer,completed,151,151,342,CASMI_MOL_1196950,CASMI_MOL_835282,835282,COC(=O)c1cc(C(=O)O)cc2c1CCO2,0.2928078444594326,binned_cosine_1Da,82,False,predicted_spectrum,1793
CASMI2022,massformer,completed,151,151,342,CASMI_MOL_1196950,CASMI_MOL_835578,835578,COC(=O)Oc1ccc2c(c1)C(=O)CCO2,0.2923761464857972,binned_cosine_1Da,83,False,predicted_spectrum,1793
CASMI2022,massformer,completed,151,151,342,CASMI_MOL_1196950,CASMI_MOL_834333,834333,C=C1OC(=O)C2(C1=O)C(=O)C(=O)CCC2C,0.29217611478780714,binned_cosine_1Da,84,False,predicted_spectrum,1793
CASMI2022,massformer,completed,151,151,342,CASMI_MOL_1196950,CASMI_MOL_834895,834895,C=C1OC(=O)C2(C1=O)C(=O)C(=O)CCC2C,0.29217611478780714,binned_cosine_1Da,85,False,predicted_spectrum,1793
CASMI2022,massformer,completed,151,151,342,CASMI_MOL_1196950,CASMI_MOL_834896,834896,C=C1OC(=O)C2(C1=O)C(=O)C(=O)CCC2C,0.29217611478780714,binned_cosine_1Da,86,False,predicted_spectrum,1793
CASMI2022,massformer,completed,151,151,342,CASMI_MOL_1196950,CASMI_MOL_835511,835511,C=C1OC(=O)C2(C1=O)C(=O)C(=O)CCC2C,0.29217611478780714,binned_cosine_1Da,87,False,predicted_spectrum,1793
CASMI2022,massformer,completed,151,151,342,CASMI_MOL_1196950,CASMI_MOL_835833,835833,C=C1OC(=O)C2(C1=O)C(=O)C(=O)CCC2C,0.29217611478780714,binned_cosine_1Da,88,False,predicted_spectrum,1793
CASMI2022,massformer,completed,151,151,342,CASMI_MOL_1196950,CASMI_MOL_835525,835525,COC(=O)C(=O)CC(=O)c1ccc(O)cc1,0.2920561629009117,binned_cosine_1Da,89,False,predicted_spectrum,1793
CASMI2022,massformer,completed,151,151,342,CASMI_MOL_1196950,CASMI_MOL_835658,835658,COC(=O)C(=O)CC(=O)c1ccc(O)cc1,0.2920561629009117,binned_cosine_1Da,90,False,predicted_spectrum,1793
CASMI2022,massformer,completed,151,151,342,CASMI_MOL_1196950,CASMI_MOL_835863,835863,COC(=O)C(=O)CC(=O)c1ccc(O)cc1,0.2920561629009117,binned_cosine_1Da,91,False,predicted_spectrum,1793
CASMI2022,massformer,completed,151,151,342,CASMI_MOL_1196950,CASMI_MOL_834713,834713,C=C1OC(=O)C2C1(C)C1C(=O)OC(=O)C21C,0.2916991939396627,binned_cosine_1Da,92,False,predicted_spectrum,1793
CASMI2022,massformer,completed,151,151,342,CASMI_MOL_1196950,CASMI_MOL_834262,834262,O=C(O)C1(Oc2ccc3c(c2)OCO3)CC1,0.2916304158984351,binned_cosine_1Da,93,False,predicted_spectrum,1793
CASMI2022,massformer,completed,151,151,342,CASMI_MOL_1196950,CASMI_MOL_835088,835088,O=CCCc1cc(C(=O)O)ccc1C(=O)O,0.29140569771523794,binned_cosine_1Da,94,False,predicted_spectrum,1793
CASMI2022,massformer,completed,151,151,342,CASMI_MOL_1196950,CASMI_MOL_834906,834906,O=CCCc1ccc2c(c1C(=O)O)OCO2,0.2911655889896421,binned_cosine_1Da,95,False,predicted_spectrum,1793
CASMI2022,massformer,completed,151,151,342,CASMI_MOL_1196950,CASMI_MOL_834676,834676,C=COCC12C=CC(O1)c1c(O)oc(O)c12,0.29082702723901377,binned_cosine_1Da,96,False,predicted_spectrum,1793
CASMI2022,massformer,completed,151,151,342,CASMI_MOL_1196950,CASMI_MOL_835365,835365,CC(=O)Oc1cc(C(C)=O)cc(C(=O)O)c1,0.2903515865381382,binned_cosine_1Da,97,False,predicted_spectrum,1793
CASMI2022,massformer,completed,151,151,342,CASMI_MOL_1196950,CASMI_MOL_834511,834511,C=C(C(=O)O)C12C=CCCC1C(=O)OC2=O,0.2902115880468201,binned_cosine_1Da,98,False,predicted_spectrum,1793
CASMI2022,massformer,completed,151,151,342,CASMI_MOL_1196950,CASMI_MOL_835889,835889,COC(=O)c1cc(C(C)=O)cc(C(=O)O)c1,0.2899045611426806,binned_cosine_1Da,99,False,predicted_spectrum,1793
CASMI2022,massformer,completed,151,151,342,CASMI_MOL_1196950,CASMI_MOL_835393,835393,CC12C(=O)CC(=O)C1C1(C)C(=O)OC(=O)C21,0.2898553794108144,binned_cosine_1Da,100,False,predicted_spectrum,1793
CASMI2022,massformer,completed,151,151,342,CASMI_MOL_1196950,CASMI_MOL_1196950,1196950,C=C(Oc1cccc(C(=O)O)c1)C(=O)OC,0.22572322673288034,binned_cosine_1Da,474,True,predicted_spectrum,1793
CASMI2022,massformer,completed,155,155,352,CASMI_MOL_1196954,CASMI_MOL_863515,863515,CC(C)c1ccc(S(=O)(=O)NCC2CCN(C3CCSC3)CC2)cc1,0.9264927551803929,binned_cosine_1Da,1,False,predicted_spectrum,9273
CASMI2022,massformer,completed,155,155,352,CASMI_MOL_1196954,CASMI_MOL_862742,862742,CCS(=O)(=O)N1CCC(N(CCN2CCCC2)S(=O)(=O)N(C)C)C1,0.9264861939350006,binned_cosine_1Da,2,False,predicted_spectrum,9273
CASMI2022,massformer,completed,155,155,352,CASMI_MOL_1196954,CASMI_MOL_861922,861922,CN(C)CCCN(C=S(=O)=O)S(=O)(=O)NCCCN1CCCCC1,0.9248927651033079,binned_cosine_1Da,3,False,predicted_spectrum,9273
CASMI2022,massformer,completed,155,155,352,CASMI_MOL_1196954,CASMI_MOL_863665,863665,CC(Sc1ccccc1)C(=O)N1CC2OCCN(Cc3ccccc3)C2C1,0.9224610246107819,binned_cosine_1Da,4,False,predicted_spectrum,9273
CASMI2022,massformer,completed,155,155,352,CASMI_MOL_1196954,CASMI_MOL_864581,864581,CC(Sc1ccccc1)C(=O)N1CC2OCCN(Cc3ccccc3)C2C1,0.9224610246107819,binned_cosine_1Da,5,False,predicted_spectrum,9273
CASMI2022,massformer,completed,155,155,352,CASMI_MOL_1196954,CASMI_MOL_864582,864582,CC(Sc1ccccc1)C(=O)N1CC2OCCN(Cc3ccccc3)C2C1,0.9224610246107819,binned_cosine_1Da,6,False,predicted_spectrum,9273
CASMI2022,massformer,completed,155,155,352,CASMI_MOL_1196954,CASMI_MOL_867510,867510,CC1CCCN(S(=O)(=O)NCCNS(=O)(=O)N2CCCC(C)C2)C1,0.9190599159123825,binned_cosine_1Da,7,False,predicted_spectrum,9273
CASMI2022,massformer,completed,155,155,352,CASMI_MOL_1196954,CASMI_MOL_864860,864860,CCN(CC)S(=O)(=O)N1CCN(S(=O)(=O)N2CCCC(C)C2)CC1,0.9156232976927483,binned_cosine_1Da,8,False,predicted_spectrum,9273
CASMI2022,massformer,completed,155,155,352,CASMI_MOL_1196954,CASMI_MOL_864861,864861,CCN(CC)S(=O)(=O)N1CCN(S(=O)(=O)N2CCCC(C)C2)CC1,0.9156232976927483,binned_cosine_1Da,9,False,predicted_spectrum,9273
CASMI2022,massformer,completed,155,155,352,CASMI_MOL_1196954,CASMI_MOL_867453,867453,CCN(CC)S(=O)(=O)N1CCN(S(=O)(=O)N2CCCC(C)C2)CC1,0.9156232976927483,binned_cosine_1Da,10,False,predicted_spectrum,9273
CASMI2022,massformer,completed,155,155,352,CASMI_MOL_1196954,CASMI_MOL_862341,862341,CC(CCN1CCN(S(C)(=O)=O)CC1)N1CCN(S(C)(=O)=O)CC1,0.9139017244215509,binned_cosine_1Da,11,False,predicted_spectrum,9273
CASMI2022,massformer,completed,155,155,352,CASMI_MOL_1196954,CASMI_MOL_865768,865768,O=S(=O)(NCCCN1CCCC1)S(=O)(=O)NCCCN1CCCC1,0.9096869914245522,binned_cosine_1Da,12,False,predicted_spectrum,9273
CASMI2022,massformer,completed,155,155,352,CASMI_MOL_1196954,CASMI_MOL_860905,860905,CS(=O)(=O)N1CCC(NCCCN2CCN(S(C)(=O)=O)CC2)CC1,0.9035963590289403,binned_cosine_1Da,13,False,predicted_spectrum,9273
CASMI2022,massformer,completed,155,155,352,CASMI_MOL_1196954,CASMI_MOL_860658,860658,CCN(C)S(=O)(=O)NCC1CC12CCN(S(=O)(=O)N(C)CC)CC2,0.8962208094351374,binned_cosine_1Da,14,False,predicted_spectrum,9273
CASMI2022,massformer,completed,155,155,352,CASMI_MOL_1196954,CASMI_MOL_866594,866594,CC(C)(C)NC(=O)OCC(CN1CCSCC1)SCc1ccccc1,0.8956920529818075,binned_cosine_1Da,15,False,predicted_spectrum,9273
CASMI2022,massformer,completed,155,155,352,CASMI_MOL_1196954,CASMI_MOL_865017,865017,Cc1cc(C(=O)NC2C3CCOC3C2N2CCCC2)sc1-c1ccccc1,0.8937665009961167,binned_cosine_1Da,16,False,predicted_spectrum,9273
CASMI2022,massformer,completed,155,155,352,CASMI_MOL_1196954,CASMI_MOL_866752,866752,O=C(CNC(=O)C(Sc1ccccc1)c1ccccc1)NC1CCCCC1,0.8936080464369272,binned_cosine_1Da,17,False,predicted_spectrum,9273
CASMI2022,massformer,completed,155,155,352,CASMI_MOL_1196954,CASMI_MOL_867452,867452,CCN(CC)S(=O)(=O)N1CCN(S(=O)(=O)N2CCC(C)CC2)CC1,0.8925174828644286,binned_cosine_1Da,18,False,predicted_spectrum,9273
CASMI2022,massformer,completed,155,155,352,CASMI_MOL_1196954,CASMI_MOL_866816,866816,O=C(CCNC(=O)C(Sc1ccccc1)c1ccccc1)NC1CCCC1,0.8916113073446668,binned_cosine_1Da,19,False,predicted_spectrum,9273
CASMI2022,massformer,completed,155,155,352,CASMI_MOL_1196954,CASMI_MOL_866888,866888,O=C(NCCN1CCCCCC1=O)C(Sc1ccccc1)c1ccccc1,0.8913655994561972,binned_cosine_1Da,20,False,predicted_spectrum,9273
CASMI2022,massformer,completed,155,155,352,CASMI_MOL_1196954,CASMI_MOL_865015,865015,Cc1ccc(CS(=O)(=O)NCC2CCN(C3CCSCC3)CC2)cc1,0.8872670101692227,binned_cosine_1Da,21,False,predicted_spectrum,9273
CASMI2022,massformer,completed,155,155,352,CASMI_MOL_1196954,CASMI_MOL_861413,861413,CCC(C)N(C(=S)NS(=O)(=O)c1ccccc1)C1CCCCCCC1,0.884356486074974,binned_cosine_1Da,22,False,predicted_spectrum,9273
CASMI2022,massformer,completed,155,155,352,CASMI_MOL_1196954,CASMI_MOL_861342,861342,O=C(Cc1ccccc1)NCC1C2CCC3(CN(Cc4cccs4)CC13)O2,0.881395422853301,binned_cosine_1Da,23,False,predicted_spectrum,9273
CASMI2022,massformer,completed,155,155,352,CASMI_MOL_1196954,CASMI_MOL_865996,865996,CC(C)(C)N(CC(CN1CCSCC1)SCc1ccccc1)C(=O)O,0.8764441019060674,binned_cosine_1Da,24,False,predicted_spectrum,9273
CASMI2022,massformer,completed,155,155,352,CASMI_MOL_1196954,CASMI_MOL_864646,864646,CC(N=C(NS(=O)(=O)c1ccccc1)c1ccccc1)C1CC2CCC1C2,0.8759386681950864,binned_cosine_1Da,25,False,predicted_spectrum,9273
CASMI2022,massformer,completed,155,155,352,CASMI_MOL_1196954,CASMI_MOL_864647,864647,CC(N=C(NS(=O)(=O)c1ccccc1)c1ccccc1)C1CC2CCC1C2,0.8759386681950864,binned_cosine_1Da,26,False,predicted_spectrum,9273
CASMI2022,massformer,completed,155,155,352,CASMI_MOL_1196954,CASMI_MOL_864654,864654,CC(N=C(NS(=O)(=O)c1ccccc1)c1ccccc1)C1CC2CCC1C2,0.8759386681950864,binned_cosine_1Da,27,False,predicted_spectrum,9273
CASMI2022,massformer,completed,155,155,352,CASMI_MOL_1196954,CASMI_MOL_864655,864655,CC(N=C(NS(=O)(=O)c1ccccc1)c1ccccc1)C1CC2CCC1C2,0.8759386681950864,binned_cosine_1Da,28,False,predicted_spectrum,9273
CASMI2022,massformer,completed,155,155,352,CASMI_MOL_1196954,CASMI_MOL_864656,864656,CC(N=C(NS(=O)(=O)c1ccccc1)c1ccccc1)C1CC2CCC1C2,0.8759386681950864,binned_cosine_1Da,29,False,predicted_spectrum,9273
CASMI2022,massformer,completed,155,155,352,CASMI_MOL_1196954,CASMI_MOL_864657,864657,CC(N=C(NS(=O)(=O)c1ccccc1)c1ccccc1)C1CC2CCC1C2,0.8759386681950864,binned_cosine_1Da,30,False,predicted_spectrum,9273
CASMI2022,massformer,completed,155,155,352,CASMI_MOL_1196954,CASMI_MOL_863184,863184,CC(Sc1ccccc1)C(=O)Nc1ccccc1C(=O)N1CCCCCC1,0.8758002210605831,binned_cosine_1Da,31,False,predicted_spectrum,9273
CASMI2022,massformer,completed,155,155,352,CASMI_MOL_1196954,CASMI_MOL_863185,863185,CC(Sc1ccccc1)C(=O)Nc1ccccc1C(=O)N1CCCCCC1,0.8758002210605831,binned_cosine_1Da,32,False,predicted_spectrum,9273
CASMI2022,massformer,completed,155,155,352,CASMI_MOL_1196954,CASMI_MOL_862268,862268,CCCCC1C2CCCN3CCCC(CN1S(=O)(=O)c1cccs1)C23,0.8757443208261251,binned_cosine_1Da,33,False,predicted_spectrum,9273
CASMI2022,massformer,completed,155,155,352,CASMI_MOL_1196954,CASMI_MOL_863186,863186,O=C(CSCc1ccccc1)Nc1ccccc1C(=O)N1CCCCCC1,0.874266417177682,binned_cosine_1Da,34,False,predicted_spectrum,9273
CASMI2022,massformer,completed,155,155,352,CASMI_MOL_1196954,CASMI_MOL_863518,863518,CCCc1ccc(S(=O)(=O)NCC2CCN(C3CCSC3)CC2)cc1,0.8735430880683419,binned_cosine_1Da,35,False,predicted_spectrum,9273
CASMI2022,massformer,completed,155,155,352,CASMI_MOL_1196954,CASMI_MOL_867216,867216,CC(SCc1ccccc1)C(=O)Nc1ccccc1C(=O)N1CCCCC1,0.8727246492836813,binned_cosine_1Da,36,False,predicted_spectrum,9273
CASMI2022,massformer,completed,155,155,352,CASMI_MOL_1196954,CASMI_MOL_867217,867217,CC(SCc1ccccc1)C(=O)Nc1ccccc1C(=O)N1CCCCC1,0.8727246492836813,binned_cosine_1Da,37,False,predicted_spectrum,9273
CASMI2022,massformer,completed,155,155,352,CASMI_MOL_1196954,CASMI_MOL_867306,867306,CC(SCc1ccccc1)C(=O)Nc1ccccc1C(=O)N1CCCCC1,0.8727246492836813,binned_cosine_1Da,38,False,predicted_spectrum,9273
CASMI2022,massformer,completed,155,155,352,CASMI_MOL_1196954,CASMI_MOL_865001,865001,O=S(=O)(CC1CCCCC1)N1CCC(N2CCc3sccc3C2)CC1,0.8718926670578531,binned_cosine_1Da,39,False,predicted_spectrum,9273
CASMI2022,massformer,completed,155,155,352,CASMI_MOL_1196954,CASMI_MOL_863065,863065,CC(Sc1ccccc1)C(=O)Nc1ccccc1C(=O)NC1CCCCC1,0.8705261656678935,binned_cosine_1Da,40,False,predicted_spectrum,9273
CASMI2022,massformer,completed,155,155,352,CASMI_MOL_1196954,CASMI_MOL_863066,863066,CC(Sc1ccccc1)C(=O)Nc1ccccc1C(=O)NC1CCCCC1,0.8705261656678935,binned_cosine_1Da,41,False,predicted_spectrum,9273
CASMI2022,massformer,completed,155,155,352,CASMI_MOL_1196954,CASMI_MOL_861850,861850,CC1CCC(NCc2cn(S(=O)(=O)c3ccccc3)c3ccccc23)CC1,0.8692720986396033,binned_cosine_1Da,42,False,predicted_spectrum,9273
CASMI2022,massformer,completed,155,155,352,CASMI_MOL_1196954,CASMI_MOL_861593,861593,Cc1cc(C(=O)NC2CC3COC(C4CC4)CN3C2)sc1-c1ccccc1,0.8685349038268134,binned_cosine_1Da,43,False,predicted_spectrum,9273
CASMI2022,massformer,completed,155,155,352,CASMI_MOL_1196954,CASMI_MOL_866393,866393,CC1(C(=O)Nc2ccccc2SC(=O)C(N)c2ccccc2)CCCCC1,0.8680785956598114,binned_cosine_1Da,44,False,predicted_spectrum,9273
CASMI2022,massformer,completed,155,155,352,CASMI_MOL_1196954,CASMI_MOL_868785,868785,CC1(C(=O)Nc2ccccc2SC(=O)C(N)c2ccccc2)CCCCC1,0.8680785956598114,binned_cosine_1Da,45,False,predicted_spectrum,9273
CASMI2022,massformer,completed,155,155,352,CASMI_MOL_1196954,CASMI_MOL_866539,866539,CC1CCC(NS(=O)(=O)c2ccc3c(c2)cc(-c2ccccc2)n3C)CC1,0.8679167394139744,binned_cosine_1Da,46,False,predicted_spectrum,9273
CASMI2022,massformer,completed,155,155,352,CASMI_MOL_1196954,CASMI_MOL_861344,861344,O=C(Cc1cccs1)NCC1C2CCC3(CN(Cc4ccccc4)CC13)O2,0.8665420481658358,binned_cosine_1Da,47,False,predicted_spectrum,9273
CASMI2022,massformer,completed,155,155,352,CASMI_MOL_1196954,CASMI_MOL_869344,869344,O=C(CSCc1ccccc1)Nc1ccccc1C(=O)NC1CCCCC1,0.8646591302946836,binned_cosine_1Da,48,False,predicted_spectrum,9273
CASMI2022,massformer,completed,155,155,352,CASMI_MOL_1196954,CASMI_MOL_861341,861341,O=C(Cc1ccsc1)NCC1C2CCC3(CN(Cc4ccccc4)CC13)O2,0.8642561683521474,binned_cosine_1Da,49,False,predicted_spectrum,9273
CASMI2022,massformer,completed,155,155,352,CASMI_MOL_1196954,CASMI_MOL_866517,866517,CN1CCCC(CC2CCN(C(=N)Nc3ccc(Cl)c(Cl)c3)CC2)C1,0.8642176217672258,binned_cosine_1Da,50,False,predicted_spectrum,9273
CASMI2022,massformer,completed,155,155,352,CASMI_MOL_1196954,CASMI_MOL_863974,863974,CN=C(NCc1nccn1C(F)F)NCC(c1cccs1)N1CCCC1,0.8637692603685662,binned_cosine_1Da,51,False,predicted_spectrum,9273
CASMI2022,massformer,completed,155,155,352,CASMI_MOL_1196954,CASMI_MOL_867071,867071,O=C(C=Cc1ccccc1)Nc1ccccc1SCCCN1CCOCC1,0.8635359415644092,binned_cosine_1Da,52,False,predicted_spectrum,9273
CASMI2022,massformer,completed,155,155,352,CASMI_MOL_1196954,CASMI_MOL_868905,868905,O=C(C=Cc1ccccc1)Nc1ccccc1SCCCN1CCOCC1,0.8635359415644092,binned_cosine_1Da,53,False,predicted_spectrum,9273
CASMI2022,massformer,completed,155,155,352,CASMI_MOL_1196954,CASMI_MOL_865108,865108,Cc1cccc(CS(=O)(=O)N2CCCSCC2CN2CCCCC2)c1,0.8625362060880278,binned_cosine_1Da,54,False,predicted_spectrum,9273
CASMI2022,massformer,completed,155,155,352,CASMI_MOL_1196954,CASMI_MOL_868024,868024,O=C(CCC1CCN(C(=O)CSc2ccccc2)CC1)Nc1ccccc1,0.8607310515139744,binned_cosine_1Da,55,False,predicted_spectrum,9273
CASMI2022,massformer,completed,155,155,352,CASMI_MOL_1196954,CASMI_MOL_863016,863016,CC1CCCCC1NC(=O)C1c2ccccc2C(=O)N(C)C1c1cccs1,0.8602973443422152,binned_cosine_1Da,56,False,predicted_spectrum,9273
CASMI2022,massformer,completed,155,155,352,CASMI_MOL_1196954,CASMI_MOL_863517,863517,Cc1cc(C)c(S(=O)(=O)NCC2CCN(C3CCSC3)CC2)c(C)c1,0.8598263094751504,binned_cosine_1Da,57,False,predicted_spectrum,9273
CASMI2022,massformer,completed,155,155,352,CASMI_MOL_1196954,CASMI_MOL_869192,869192,CC(Sc1cccc(NC(=O)C2CCCCC2)c1)C(=O)Nc1ccccc1,0.857705996240153,binned_cosine_1Da,58,False,predicted_spectrum,9273
CASMI2022,massformer,completed,155,155,352,CASMI_MOL_1196954,CASMI_MOL_869108,869108,CC(Sc1ccc(NC(=O)C2CCCCC2)cc1)C(=O)Nc1ccccc1,0.8548707459821939,binned_cosine_1Da,59,False,predicted_spectrum,9273
CASMI2022,massformer,completed,155,155,352,CASMI_MOL_1196954,CASMI_MOL_867415,867415,CCNC(=O)C1CCCN(C(=O)C(Sc2ccccc2)c2ccccc2)C1,0.853826628635041,binned_cosine_1Da,60,False,predicted_spectrum,9273
CASMI2022,massformer,completed,155,155,352,CASMI_MOL_1196954,CASMI_MOL_867932,867932,Cc1ccc(SC(C)C(=O)N2CCCC(C(=O)Nc3ccccc3)C2)cc1,0.8492805650676588,binned_cosine_1Da,61,False,predicted_spectrum,9273
CASMI2022,massformer,completed,155,155,352,CASMI_MOL_1196954,CASMI_MOL_868532,868532,Cc1ccc(SC(C)C(=O)N2CCCC(C(=O)Nc3ccccc3)C2)cc1,0.8492805650676588,binned_cosine_1Da,62,False,predicted_spectrum,9273
CASMI2022,massformer,completed,155,155,352,CASMI_MOL_1196954,CASMI_MOL_868533,868533,Cc1ccc(SC(C)C(=O)N2CCCC(C(=O)Nc3ccccc3)C2)cc1,0.8492805650676588,binned_cosine_1Da,63,False,predicted_spectrum,9273
CASMI2022,massformer,completed,155,155,352,CASMI_MOL_1196954,CASMI_MOL_868534,868534,Cc1ccc(SC(C)C(=O)N2CCCC(C(=O)Nc3ccccc3)C2)cc1,0.8492805650676588,binned_cosine_1Da,64,False,predicted_spectrum,9273
CASMI2022,massformer,completed,155,155,352,CASMI_MOL_1196954,CASMI_MOL_868535,868535,Cc1ccc(SC(C)C(=O)N2CCCC(C(=O)Nc3ccccc3)C2)cc1,0.8492805650676588,binned_cosine_1Da,65,False,predicted_spectrum,9273
CASMI2022,massformer,completed,155,155,352,CASMI_MOL_1196954,CASMI_MOL_864503,864503,CCC1CCCN(Cc2cn(S(=O)(=O)c3ccccc3)c3ccccc23)C1,0.8477576693414222,binned_cosine_1Da,66,False,predicted_spectrum,9273
CASMI2022,massformer,completed,155,155,352,CASMI_MOL_1196954,CASMI_MOL_866834,866834,CC(SCc1ccccc1)C(=O)Nc1ccc(C(=O)NC2CCCC2)cc1,0.84457919719053,binned_cosine_1Da,67,False,predicted_spectrum,9273
CASMI2022,massformer,completed,155,155,352,CASMI_MOL_1196954,CASMI_MOL_866873,866873,CC(=O)NCC1CCN(C(=O)C(Sc2ccccc2)c2ccccc2)CC1,0.8441115314442674,binned_cosine_1Da,68,False,predicted_spectrum,9273
CASMI2022,massformer,completed,155,155,352,CASMI_MOL_1196954,CASMI_MOL_866688,866688,O=C(NCCCSc1ccccc1)C(c1ccccc1)N1CCCCC1=O,0.8435564349519936,binned_cosine_1Da,69,False,predicted_spectrum,9273
CASMI2022,massformer,completed,155,155,352,CASMI_MOL_1196954,CASMI_MOL_867502,867502,O=S(=O)(NCc1ccccc1CN1CCCC1)C1=Cc2ccccc2CC1,0.8423907575871774,binned_cosine_1Da,70,False,predicted_spectrum,9273
CASMI2022,massformer,completed,155,155,352,CASMI_MOL_1196954,CASMI_MOL_868198,868198,O=C(CSCc1ccc(C(=O)N2CCCCCC2)cc1)Nc1ccccc1,0.8417703054975184,binned_cosine_1Da,71,False,predicted_spectrum,9273
CASMI2022,massformer,completed,155,155,352,CASMI_MOL_1196954,CASMI_MOL_866451,866451,CC(C)(C)OC(=O)NCC(CN1CCSCC1)SCc1ccccc1,0.8417585313513612,binned_cosine_1Da,72,False,predicted_spectrum,9273
CASMI2022,massformer,completed,155,155,352,CASMI_MOL_1196954,CASMI_MOL_865843,865843,O=S(=O)(NC#CCCN1CCC(Cc2ccccc2)CC1)c1ccccc1,0.8390768866845102,binned_cosine_1Da,73,False,predicted_spectrum,9273
CASMI2022,massformer,completed,155,155,352,CASMI_MOL_1196954,CASMI_MOL_862471,862471,Cc1ccc(S(=O)(=O)NC2CCC3CCN4Cc5ccccc5C2C34)cc1,0.8376810718935123,binned_cosine_1Da,74,False,predicted_spectrum,9273
CASMI2022,massformer,completed,155,155,352,CASMI_MOL_1196954,CASMI_MOL_867689,867689,Cc1ccc(SC(C)C(=O)N2CCC(C(=O)Nc3ccccc3)CC2)cc1,0.8338441413594582,binned_cosine_1Da,75,False,predicted_spectrum,9273
CASMI2022,massformer,completed,155,155,352,CASMI_MOL_1196954,CASMI_MOL_868065,868065,Cc1ccc(SC(C)C(=O)N2CCC(C(=O)Nc3ccccc3)CC2)cc1,0.8338441413594582,binned_cosine_1Da,76,False,predicted_spectrum,9273
CASMI2022,massformer,completed,155,155,352,CASMI_MOL_1196954,CASMI_MOL_868066,868066,Cc1ccc(SC(C)C(=O)N2CCC(C(=O)Nc3ccccc3)CC2)cc1,0.8338441413594582,binned_cosine_1Da,77,False,predicted_spectrum,9273
CASMI2022,massformer,completed,155,155,352,CASMI_MOL_1196954,CASMI_MOL_869787,869787,O=S(=O)(c1ccccc1)c1cn(CCCN2CCCCC2)c2ccccc12,0.833224010853605,binned_cosine_1Da,78,False,predicted_spectrum,9273
CASMI2022,massformer,completed,155,155,352,CASMI_MOL_1196954,CASMI_MOL_865410,865410,CCCCOC(=O)NCC(CN1CCSCC1)SCc1ccccc1,0.8311764846311147,binned_cosine_1Da,79,False,predicted_spectrum,9273
CASMI2022,massformer,completed,155,155,352,CASMI_MOL_1196954,CASMI_MOL_866885,866885,CC1CC1C(=O)Nc1ccc(C(=O)NC(c2cccs2)C2CCCC2)cc1,0.8269521686787435,binned_cosine_1Da,80,False,predicted_spectrum,9273
CASMI2022,massformer,completed,155,155,352,CASMI_MOL_1196954,CASMI_MOL_869191,869191,Cc1ccccc1NC(=O)CSc1cccc(NC(=O)C2CCCCC2)c1,0.8253832334217224,binned_cosine_1Da,81,False,predicted_spectrum,9273
CASMI2022,massformer,completed,155,155,352,CASMI_MOL_1196954,CASMI_MOL_869115,869115,Cc1ccccc1NC(=O)CSc1ccc(NC(=O)C2CCCCC2)cc1,0.8246851322426191,binned_cosine_1Da,82,False,predicted_spectrum,9273
CASMI2022,massformer,completed,155,155,352,CASMI_MOL_1196954,CASMI_MOL_865016,865016,Cc1ccc(S(=O)(=O)NCC2CCN(C3CCSCC3)CC2)cc1C,0.823659312409573,binned_cosine_1Da,83,False,predicted_spectrum,9273
CASMI2022,massformer,completed,155,155,352,CASMI_MOL_1196954,CASMI_MOL_864226,864226,CN=C(NCCS(=O)(=O)NCC1CCC1)NC(C)CCS(C)(=O)=O,0.8227135193530979,binned_cosine_1Da,84,False,predicted_spectrum,9273
CASMI2022,massformer,completed,155,155,352,CASMI_MOL_1196954,CASMI_MOL_866144,866144,CSc1cccc(NC(C(=O)OC2CN3CCC2CC3)c2ccccc2)c1,0.8199004726836557,binned_cosine_1Da,85,False,predicted_spectrum,9273
CASMI2022,massformer,completed,155,155,352,CASMI_MOL_1196954,CASMI_MOL_867472,867472,CSc1cccc(NC(C(=O)OC2CN3CCC2CC3)c2ccccc2)c1,0.8199004726836557,binned_cosine_1Da,86,False,predicted_spectrum,9273
CASMI2022,massformer,completed,155,155,352,CASMI_MOL_1196954,CASMI_MOL_868615,868615,O=S(=O)(c1ccccc1)c1c[nH]c2cc(CCNC3CCCCC3)ccc12,0.8198971219762548,binned_cosine_1Da,87,False,predicted_spectrum,9273
CASMI2022,massformer,completed,155,155,352,CASMI_MOL_1196954,CASMI_MOL_863620,863620,O=C(Nc1cccc(C[S+]([O-])c2ccccc2)c1)C1CC2CCCCC2N1,0.8193991563671402,binned_cosine_1Da,88,False,predicted_spectrum,9273
CASMI2022,massformer,completed,155,155,352,CASMI_MOL_1196954,CASMI_MOL_867900,867900,CC(C)C(NC(=O)C1CCCCC1)C(=O)NCCSCc1ccsc1,0.8181063946258068,binned_cosine_1Da,89,False,predicted_spectrum,9273
CASMI2022,massformer,completed,155,155,352,CASMI_MOL_1196954,CASMI_MOL_865373,865373,CC(CSc1ccccc1)C(=O)N1CCCC(C(=O)Nc2ccccc2)C1,0.8168831225791692,binned_cosine_1Da,90,False,predicted_spectrum,9273
CASMI2022,massformer,completed,155,155,352,CASMI_MOL_1196954,CASMI_MOL_868196,868196,O=C(CSCc1ccc(C(=O)NC2CCCCC2)cc1)Nc1ccccc1,0.8159655400430771,binned_cosine_1Da,91,False,predicted_spectrum,9273
CASMI2022,massformer,completed,155,155,352,CASMI_MOL_1196954,CASMI_MOL_868614,868614,O=S(=O)(c1ccccc1)c1c[nH]c2cccc(CCNC3CCCCC3)c12,0.8135433986200817,binned_cosine_1Da,92,False,predicted_spectrum,9273
CASMI2022,massformer,completed,155,155,352,CASMI_MOL_1196954,CASMI_MOL_867420,867420,Cc1cc(C(=O)NC2CCCC2)ccc1NC(=O)C(C)Sc1ccccc1,0.8132849933727844,binned_cosine_1Da,93,False,predicted_spectrum,9273
CASMI2022,massformer,completed,155,155,352,CASMI_MOL_1196954,CASMI_MOL_864943,864943,CN1C(=O)c2ccccc2C(C(=O)NC2CCCCCC2)C1c1cccs1,0.8123974554868304,binned_cosine_1Da,94,False,predicted_spectrum,9273
CASMI2022,massformer,completed,155,155,352,CASMI_MOL_1196954,CASMI_MOL_864944,864944,CN1C(=O)c2ccccc2C(C(=O)NC2CCCCCC2)C1c1cccs1,0.8123974554868304,binned_cosine_1Da,95,False,predicted_spectrum,9273
CASMI2022,massformer,completed,155,155,352,CASMI_MOL_1196954,CASMI_MOL_864945,864945,CN1C(=O)c2ccccc2C(C(=O)NC2CCCCCC2)C1c1cccs1,0.8123974554868304,binned_cosine_1Da,96,False,predicted_spectrum,9273
CASMI2022,massformer,completed,155,155,352,CASMI_MOL_1196954,CASMI_MOL_864946,864946,CN1C(=O)c2ccccc2C(C(=O)NC2CCCCCC2)C1c1cccs1,0.8123974554868304,binned_cosine_1Da,97,False,predicted_spectrum,9273
CASMI2022,massformer,completed,155,155,352,CASMI_MOL_1196954,CASMI_MOL_867889,867889,CC(CC(=O)Nc1ccccc1SC1CCCC1)NC(=O)c1ccccc1,0.8122322770931981,binned_cosine_1Da,98,False,predicted_spectrum,9273
CASMI2022,massformer,completed,155,155,352,CASMI_MOL_1196954,CASMI_MOL_865112,865112,Cc1ccc(S(=O)(=O)N2CCCSCC2CN2CCCCC2)c(C)c1,0.8084008516945524,binned_cosine_1Da,99,False,predicted_spectrum,9273
CASMI2022,massformer,completed,155,155,352,CASMI_MOL_1196954,CASMI_MOL_867759,867759,O=S(=O)(Cc1ccccc1)NCC1CCCN(CC#Cc2ccccc2)C1,0.8074226921172888,binned_cosine_1Da,100,False,predicted_spectrum,9273
CASMI2022,massformer,completed,155,155,352,CASMI_MOL_1196954,CASMI_MOL_1196954,1196954,CN1CCCC1Cc1c[nH]c2ccc(CCS(=O)(=O)c3ccccc3)cc12,0.15877573164304315,binned_cosine_1Da,1214,True,predicted_spectrum,9273
