dataset,model,status,query_id,spectrum_id,casmi_id,true_candidate_id,candidate_id,candidate_mol_id,candidate_smiles,score,score_name,rank,is_correct,prediction_status,candidate_count
CASMI2022,massformer,completed,107,107,270,CASMI_MOL_1196896,CASMI_MOL_557606,557606,CC(C)c1c(O)c(O)cc2c1CCC1C(C)(C)CC(=O)CC21C,0.8107365512897375,binned_cosine_1Da,1,False,predicted_spectrum,8301
CASMI2022,massformer,completed,107,107,270,CASMI_MOL_1196896,CASMI_MOL_557850,557850,CC(C)c1c(O)c(O)cc2c1CCC1C(C)(C)CC(=O)CC21C,0.8107365512897375,binned_cosine_1Da,2,False,predicted_spectrum,8301
CASMI2022,massformer,completed,107,107,270,CASMI_MOL_1196896,CASMI_MOL_557727,557727,CC(C)c1cc2c(c(O)c1O)CCC1C(C)(C)CC(=O)CC21C,0.8103201896463941,binned_cosine_1Da,3,False,predicted_spectrum,8301
CASMI2022,massformer,completed,107,107,270,CASMI_MOL_1196896,CASMI_MOL_557907,557907,CC(C)c1cc2c(c(O)c1O)CCC1C(C)(C)CC(=O)CC21C,0.8103201896463941,binned_cosine_1Da,4,False,predicted_spectrum,8301
CASMI2022,massformer,completed,107,107,270,CASMI_MOL_1196896,CASMI_MOL_550853,550853,CC(C)c1cc2c(c(O)c1O)C1(C)CCCC(C)(C)C1C(=O)C2,0.8079472103410698,binned_cosine_1Da,5,False,predicted_spectrum,8301
CASMI2022,massformer,completed,107,107,270,CASMI_MOL_1196896,CASMI_MOL_553104,553104,CC(C)c1cc2c(c(O)c1O)C1(C)CCCC(C)(C)C1C(=O)C2,0.8079472103410698,binned_cosine_1Da,6,False,predicted_spectrum,8301
CASMI2022,massformer,completed,107,107,270,CASMI_MOL_1196896,CASMI_MOL_553578,553578,CC(C)c1cc2c(c(O)c1O)C1(C)CCCC(C)(C)C1C(=O)C2,0.8079472103410698,binned_cosine_1Da,7,False,predicted_spectrum,8301
CASMI2022,massformer,completed,107,107,270,CASMI_MOL_1196896,CASMI_MOL_554969,554969,CC(C)c1cc2c(c(O)c1O)C1(C)CCCC(C)(C)C1C(=O)C2,0.8079472103410698,binned_cosine_1Da,8,False,predicted_spectrum,8301
CASMI2022,massformer,completed,107,107,270,CASMI_MOL_1196896,CASMI_MOL_554970,554970,CC(C)c1cc2c(c(O)c1O)C1(C)CCCC(C)(C)C1C(=O)C2,0.8079472103410698,binned_cosine_1Da,9,False,predicted_spectrum,8301
CASMI2022,massformer,completed,107,107,270,CASMI_MOL_1196896,CASMI_MOL_555001,555001,CC(C)c1cc2c(c(O)c1O)C1(C)CCCC(C)(C)C1C(=O)C2,0.8079472103410698,binned_cosine_1Da,10,False,predicted_spectrum,8301
CASMI2022,massformer,completed,107,107,270,CASMI_MOL_1196896,CASMI_MOL_555084,555084,CC(C)c1cc2c(c(O)c1O)C1(C)CCCC(C)(C)C1C(=O)C2,0.8079472103410698,binned_cosine_1Da,11,False,predicted_spectrum,8301
CASMI2022,massformer,completed,107,107,270,CASMI_MOL_1196896,CASMI_MOL_557187,557187,CC(C)c1cc2c(c(O)c1O)C1(C)CCCC(C)(C)C1C(=O)C2,0.8079472103410698,binned_cosine_1Da,12,False,predicted_spectrum,8301
CASMI2022,massformer,completed,107,107,270,CASMI_MOL_1196896,CASMI_MOL_557401,557401,CC(C)c1cc2c(c(O)c1O)C1(C)CCCC(C)(C)C1C(=O)C2,0.8079472103410698,binned_cosine_1Da,13,False,predicted_spectrum,8301
CASMI2022,massformer,completed,107,107,270,CASMI_MOL_1196896,CASMI_MOL_557912,557912,CC(C)c1cc2c(c(O)c1O)C1(C)CCCC(C)(C)C1C(=O)C2,0.8079472103410698,binned_cosine_1Da,14,False,predicted_spectrum,8301
CASMI2022,massformer,completed,107,107,270,CASMI_MOL_1196896,CASMI_MOL_558060,558060,CC(C)c1cc2c(c(O)c1O)C1(C)CCCC(C)(C)C1C(=O)C2,0.8079472103410698,binned_cosine_1Da,15,False,predicted_spectrum,8301
CASMI2022,massformer,completed,107,107,270,CASMI_MOL_1196896,CASMI_MOL_558090,558090,CC(C)c1cc2c(c(O)c1O)C1(C)CCCC(C)(C)C1C(=O)C2,0.8079472103410698,binned_cosine_1Da,16,False,predicted_spectrum,8301
CASMI2022,massformer,completed,107,107,270,CASMI_MOL_1196896,CASMI_MOL_558182,558182,CC(C)c1cc2c(c(O)c1O)C1(C)CCCC(C)(C)C1C(=O)C2,0.8079472103410698,binned_cosine_1Da,17,False,predicted_spectrum,8301
CASMI2022,massformer,completed,107,107,270,CASMI_MOL_1196896,CASMI_MOL_558192,558192,CC(C)c1cc2c(c(O)c1O)C1(C)CCCC(C)(C)C1C(=O)C2,0.8079472103410698,binned_cosine_1Da,18,False,predicted_spectrum,8301
CASMI2022,massformer,completed,107,107,270,CASMI_MOL_1196896,CASMI_MOL_558220,558220,CC(C)c1cc2c(c(O)c1O)C1(C)CCCC(C)(C)C1C(=O)C2,0.8079472103410698,binned_cosine_1Da,19,False,predicted_spectrum,8301
CASMI2022,massformer,completed,107,107,270,CASMI_MOL_1196896,CASMI_MOL_555885,555885,CCOc1cc(C23CC4CC(CC(C4)C2)C3)cc(OCC)c1O,0.8037917110088929,binned_cosine_1Da,20,False,predicted_spectrum,8301
CASMI2022,massformer,completed,107,107,270,CASMI_MOL_1196896,CASMI_MOL_554065,554065,CC(C)c1c(O)c(O)cc2c1CC(=O)C1C(C)(C)CCCC21C,0.8015641552477086,binned_cosine_1Da,21,False,predicted_spectrum,8301
CASMI2022,massformer,completed,107,107,270,CASMI_MOL_1196896,CASMI_MOL_556723,556723,CC(C)c1c(O)c(O)cc2c1CC(=O)C1C(C)(C)CCCC21C,0.8015641552477086,binned_cosine_1Da,22,False,predicted_spectrum,8301
CASMI2022,massformer,completed,107,107,270,CASMI_MOL_1196896,CASMI_MOL_550676,550676,CC(C)c1c(O)cc2c(c1O)CC(=O)C1C(C)(C)CCCC21C,0.8001402052017297,binned_cosine_1Da,23,False,predicted_spectrum,8301
CASMI2022,massformer,completed,107,107,270,CASMI_MOL_1196896,CASMI_MOL_550677,550677,CC(C)c1c(O)cc2c(c1O)CC(=O)C1C(C)(C)CCCC21C,0.8001402052017297,binned_cosine_1Da,24,False,predicted_spectrum,8301
CASMI2022,massformer,completed,107,107,270,CASMI_MOL_1196896,CASMI_MOL_557411,557411,CC(C)c1c(O)cc2c(c1O)CC(=O)C1C(C)(C)CCCC21C,0.8001402052017297,binned_cosine_1Da,25,False,predicted_spectrum,8301
CASMI2022,massformer,completed,107,107,270,CASMI_MOL_1196896,CASMI_MOL_551384,551384,CCCCCc1cc(O)c(C2C=C(C)CCC2)c(O)c1C1CO1,0.7998577566656582,binned_cosine_1Da,26,False,predicted_spectrum,8301
CASMI2022,massformer,completed,107,107,270,CASMI_MOL_1196896,CASMI_MOL_551228,551228,CC(C)c1cc2c(cc1O)C1(C)CCCC(C)(C)C1(O)CC2=O,0.799098835515265,binned_cosine_1Da,27,False,predicted_spectrum,8301
CASMI2022,massformer,completed,107,107,270,CASMI_MOL_1196896,CASMI_MOL_558248,558248,CC(C)c1cc2c(cc1O)C1(C)CCCC(C)(C)C1(O)CC2=O,0.799098835515265,binned_cosine_1Da,28,False,predicted_spectrum,8301
CASMI2022,massformer,completed,107,107,270,CASMI_MOL_1196896,CASMI_MOL_557430,557430,CCCCCc1cc(O)c(C2CC(=O)C3CC2C3(C)C)c(O)c1,0.7962087031937031,binned_cosine_1Da,29,False,predicted_spectrum,8301
CASMI2022,massformer,completed,107,107,270,CASMI_MOL_1196896,CASMI_MOL_557431,557431,CCCCCc1cc(O)c(C2CC(=O)C3CC2C3(C)C)c(O)c1,0.7962087031937031,binned_cosine_1Da,30,False,predicted_spectrum,8301
CASMI2022,massformer,completed,107,107,270,CASMI_MOL_1196896,CASMI_MOL_550109,550109,CCCCc1cc(O)c2c(c1)OC(C)(C)C1(O)CCC(C)=CC21,0.795325372264856,binned_cosine_1Da,31,False,predicted_spectrum,8301
CASMI2022,massformer,completed,107,107,270,CASMI_MOL_1196896,CASMI_MOL_553561,553561,COc1c(C)c2c(c(C)c1C1(C(=O)O)CCCCC1)CCCC2,0.7942967171882706,binned_cosine_1Da,32,False,predicted_spectrum,8301
CASMI2022,massformer,completed,107,107,270,CASMI_MOL_1196896,CASMI_MOL_552664,552664,CCCCCc1cc(O)c2c(c1)OC(C)(C)C1=C2CC(O)CC1,0.7930195092245571,binned_cosine_1Da,33,False,predicted_spectrum,8301
CASMI2022,massformer,completed,107,107,270,CASMI_MOL_1196896,CASMI_MOL_552665,552665,CCCCCc1cc(O)c2c(c1)OC(C)(C)C1=C2CC(O)CC1,0.7930195092245571,binned_cosine_1Da,34,False,predicted_spectrum,8301
CASMI2022,massformer,completed,107,107,270,CASMI_MOL_1196896,CASMI_MOL_555158,555158,CCCCCc1cc(O)c2c(c1)OC(C)(C)C1=C2CC(O)CC1,0.7930195092245571,binned_cosine_1Da,35,False,predicted_spectrum,8301
CASMI2022,massformer,completed,107,107,270,CASMI_MOL_1196896,CASMI_MOL_550388,550388,CCCCCc1cc(O)c(C2C=C(C)CCC2C(C)=O)c(O)c1,0.7905974011599961,binned_cosine_1Da,36,False,predicted_spectrum,8301
CASMI2022,massformer,completed,107,107,270,CASMI_MOL_1196896,CASMI_MOL_555157,555157,CCCCCc1cc(O)c2c(c1)OC(C)(C)C1CCC(O)C=C21,0.7905780929139061,binned_cosine_1Da,37,False,predicted_spectrum,8301
CASMI2022,massformer,completed,107,107,270,CASMI_MOL_1196896,CASMI_MOL_554363,554363,COc1c(C)c(C)c2c(c1C)CCC(C)(C1CCCCC1=O)O2,0.7891649551189893,binned_cosine_1Da,38,False,predicted_spectrum,8301
CASMI2022,massformer,completed,107,107,270,CASMI_MOL_1196896,CASMI_MOL_550373,550373,C=C(C)C1CC(O)C(C)=CC1c1c(O)cc(CCCC)cc1O,0.7881776196464451,binned_cosine_1Da,39,False,predicted_spectrum,8301
CASMI2022,massformer,completed,107,107,270,CASMI_MOL_1196896,CASMI_MOL_554235,554235,C=C(C)C1CC(O)C(C)=CC1c1c(O)cc(CCCC)cc1O,0.7881776196464451,binned_cosine_1Da,40,False,predicted_spectrum,8301
CASMI2022,massformer,completed,107,107,270,CASMI_MOL_1196896,CASMI_MOL_551067,551067,CC(C)c1c(O)ccc2c1CC(O)C1C(C)(C)C(=O)CCC21C,0.7876426105112151,binned_cosine_1Da,41,False,predicted_spectrum,8301
CASMI2022,massformer,completed,107,107,270,CASMI_MOL_1196896,CASMI_MOL_556720,556720,CC(C)c1c(O)ccc2c1CC(O)C1C(C)(C)C(=O)CCC21C,0.7876426105112151,binned_cosine_1Da,42,False,predicted_spectrum,8301
CASMI2022,massformer,completed,107,107,270,CASMI_MOL_1196896,CASMI_MOL_552219,552219,Cc1c(O)c2c(c(O)c1C(C)C)C(=O)C1C(C)(C)CCCC21C,0.7870022604340958,binned_cosine_1Da,43,False,predicted_spectrum,8301
CASMI2022,massformer,completed,107,107,270,CASMI_MOL_1196896,CASMI_MOL_551306,551306,CC=C(C#CC1(O)C(C)=CC(=O)CC1(C)C)CC(=O)CCCC,0.7859020663573386,binned_cosine_1Da,44,False,predicted_spectrum,8301
CASMI2022,massformer,completed,107,107,270,CASMI_MOL_1196896,CASMI_MOL_555992,555992,COC(=O)C1(C(C)=O)CCCC(C)C1c1c(C)cc(C)cc1C,0.7858486694619804,binned_cosine_1Da,45,False,predicted_spectrum,8301
CASMI2022,massformer,completed,107,107,270,CASMI_MOL_1196896,CASMI_MOL_557133,557133,CCCCCc1cc(O)cc2c1C1CC(=O)CCC1C(C)(C)O2,0.7856930718439825,binned_cosine_1Da,46,False,predicted_spectrum,8301
CASMI2022,massformer,completed,107,107,270,CASMI_MOL_1196896,CASMI_MOL_551682,551682,CCCC1(c2c(C)ccc(O)c2O)CC(OC)=CC=C1C(C)C,0.7832734346814281,binned_cosine_1Da,47,False,predicted_spectrum,8301
CASMI2022,massformer,completed,107,107,270,CASMI_MOL_1196896,CASMI_MOL_550382,550382,CC(C)c1cc2c(cc1O)C1(C)CCCC(C)(C)C1C(=O)C2O,0.7828461928327595,binned_cosine_1Da,48,False,predicted_spectrum,8301
CASMI2022,massformer,completed,107,107,270,CASMI_MOL_1196896,CASMI_MOL_550674,550674,CC(C)c1cc2c(cc1O)C1(C)CCCC(C)(C)C1C(=O)C2O,0.7828461928327595,binned_cosine_1Da,49,False,predicted_spectrum,8301
CASMI2022,massformer,completed,107,107,270,CASMI_MOL_1196896,CASMI_MOL_550675,550675,CC(C)c1cc2c(cc1O)C1(C)CCCC(C)(C)C1C(=O)C2O,0.7828461928327595,binned_cosine_1Da,50,False,predicted_spectrum,8301
CASMI2022,massformer,completed,107,107,270,CASMI_MOL_1196896,CASMI_MOL_550801,550801,CC(C)c1cc2c(cc1O)C1(C)CCCC(C)(C)C1C(=O)C2O,0.7828461928327595,binned_cosine_1Da,51,False,predicted_spectrum,8301
CASMI2022,massformer,completed,107,107,270,CASMI_MOL_1196896,CASMI_MOL_552517,552517,CC(C)c1cc2c(cc1O)C1(C)CCCC(C)(C)C1C(=O)C2O,0.7828461928327595,binned_cosine_1Da,52,False,predicted_spectrum,8301
CASMI2022,massformer,completed,107,107,270,CASMI_MOL_1196896,CASMI_MOL_554258,554258,CC(C)c1cc2c(cc1O)C1(C)CCCC(C)(C)C1C(=O)C2O,0.7828461928327595,binned_cosine_1Da,53,False,predicted_spectrum,8301
CASMI2022,massformer,completed,107,107,270,CASMI_MOL_1196896,CASMI_MOL_555536,555536,CC(C)c1cc2c(cc1O)C1(C)CCCC(C)(C)C1C(=O)C2O,0.7828461928327595,binned_cosine_1Da,54,False,predicted_spectrum,8301
CASMI2022,massformer,completed,107,107,270,CASMI_MOL_1196896,CASMI_MOL_557551,557551,CC(C)c1cc2c(cc1O)C1(C)CCCC(C)(C)C1C(=O)C2O,0.7828461928327595,binned_cosine_1Da,55,False,predicted_spectrum,8301
CASMI2022,massformer,completed,107,107,270,CASMI_MOL_1196896,CASMI_MOL_557597,557597,CC(C)c1cc2c(cc1O)C1(C)CCCC(C)(C)C1C(=O)C2O,0.7828461928327595,binned_cosine_1Da,56,False,predicted_spectrum,8301
CASMI2022,massformer,completed,107,107,270,CASMI_MOL_1196896,CASMI_MOL_550398,550398,CCCCc1cc(O)c2c(c1)OC(C)(C)C1CCC(C)C(=O)C21,0.7824445840580339,binned_cosine_1Da,57,False,predicted_spectrum,8301
CASMI2022,massformer,completed,107,107,270,CASMI_MOL_1196896,CASMI_MOL_551151,551151,CC(C)c1c(O)ccc2c1CCC1C2(C)C(=O)CC(O)C1(C)C,0.7818164534519487,binned_cosine_1Da,58,False,predicted_spectrum,8301
CASMI2022,massformer,completed,107,107,270,CASMI_MOL_1196896,CASMI_MOL_557843,557843,CC(C)c1c(O)ccc2c1CCC1C2(C)C(=O)CC(O)C1(C)C,0.7818164534519487,binned_cosine_1Da,59,False,predicted_spectrum,8301
CASMI2022,massformer,completed,107,107,270,CASMI_MOL_1196896,CASMI_MOL_550951,550951,CCCCCC=Cc1c(O)cc(CC=C(C)C)c2c1CC(O)O2,0.7815280595492644,binned_cosine_1Da,60,False,predicted_spectrum,8301
CASMI2022,massformer,completed,107,107,270,CASMI_MOL_1196896,CASMI_MOL_555453,555453,CCCCCC=Cc1c(O)cc(CC=C(C)C)c2c1CC(O)O2,0.7815280595492644,binned_cosine_1Da,61,False,predicted_spectrum,8301
CASMI2022,massformer,completed,107,107,270,CASMI_MOL_1196896,CASMI_MOL_556575,556575,CCCCCC=Cc1c(O)cc(CC=C(C)C)c2c1CC(O)O2,0.7815280595492644,binned_cosine_1Da,62,False,predicted_spectrum,8301
CASMI2022,massformer,completed,107,107,270,CASMI_MOL_1196896,CASMI_MOL_555984,555984,COC(=O)C1(C(C)=O)CCC(C)CC1c1c(C)cc(C)cc1C,0.7808454584778496,binned_cosine_1Da,63,False,predicted_spectrum,8301
CASMI2022,massformer,completed,107,107,270,CASMI_MOL_1196896,CASMI_MOL_551620,551620,C=C(C)C1(C)CCC(C)(O)C2Oc3cc(CCC)cc(O)c3C21,0.7805515090910223,binned_cosine_1Da,64,False,predicted_spectrum,8301
CASMI2022,massformer,completed,107,107,270,CASMI_MOL_1196896,CASMI_MOL_552420,552420,C=C(C)c1c(O)c2c(c(O)c1OC)C1(C)CCCC(C)(C2)C1C,0.7803694633092344,binned_cosine_1Da,65,False,predicted_spectrum,8301
CASMI2022,massformer,completed,107,107,270,CASMI_MOL_1196896,CASMI_MOL_550679,550679,CC(C)c1cc2c(c(O)c1O)C1(C)CC(O)CC(C)(C)C1=CC2,0.7796140462330281,binned_cosine_1Da,66,False,predicted_spectrum,8301
CASMI2022,massformer,completed,107,107,270,CASMI_MOL_1196896,CASMI_MOL_551132,551132,CC(C)c1cc2c(c(O)c1O)C1(C)CC(O)CC(C)(C)C1=CC2,0.7796140462330281,binned_cosine_1Da,67,False,predicted_spectrum,8301
CASMI2022,massformer,completed,107,107,270,CASMI_MOL_1196896,CASMI_MOL_551245,551245,CC(C)c1cc2c(c(O)c1O)C1(C)CC(O)CC(C)(C)C1=CC2,0.7796140462330281,binned_cosine_1Da,68,False,predicted_spectrum,8301
CASMI2022,massformer,completed,107,107,270,CASMI_MOL_1196896,CASMI_MOL_551604,551604,CC(C)c1cc2c(c(O)c1O)C1(C)CC(O)CC(C)(C)C1=CC2,0.7796140462330281,binned_cosine_1Da,69,False,predicted_spectrum,8301
CASMI2022,massformer,completed,107,107,270,CASMI_MOL_1196896,CASMI_MOL_551610,551610,CC(C)c1cc2c(c(O)c1O)C1(C)CC(O)CC(C)(C)C1=CC2,0.7796140462330281,binned_cosine_1Da,70,False,predicted_spectrum,8301
CASMI2022,massformer,completed,107,107,270,CASMI_MOL_1196896,CASMI_MOL_557477,557477,CC(C)c1cc2c(c(O)c1O)C1(C)CC(O)CC(C)(C)C1=CC2,0.7796140462330281,binned_cosine_1Da,71,False,predicted_spectrum,8301
CASMI2022,massformer,completed,107,107,270,CASMI_MOL_1196896,CASMI_MOL_551397,551397,C=C(C)C1CCC2(O)CC1c1c(O)cc(CCCCC)cc1O2,0.7794890216519497,binned_cosine_1Da,72,False,predicted_spectrum,8301
CASMI2022,massformer,completed,107,107,270,CASMI_MOL_1196896,CASMI_MOL_552223,552223,CCCCCc1cc(O)c(C2C=C(C)CCC2)c(C)c1C(=O)O,0.779156213945135,binned_cosine_1Da,73,False,predicted_spectrum,8301
CASMI2022,massformer,completed,107,107,270,CASMI_MOL_1196896,CASMI_MOL_557231,557231,CCC(CC)c1cc(O)c2c(c1)OC(C)(C)C1CCC(=O)CC21,0.7778762962430243,binned_cosine_1Da,74,False,predicted_spectrum,8301
CASMI2022,massformer,completed,107,107,270,CASMI_MOL_1196896,CASMI_MOL_551716,551716,CCCCCc1ccc(C2C=C(C)CCC2)c(O)c1C(=O)OC,0.7775964451322313,binned_cosine_1Da,75,False,predicted_spectrum,8301
CASMI2022,massformer,completed,107,107,270,CASMI_MOL_1196896,CASMI_MOL_551960,551960,CC(C)(C)c1c(O)cc(O)c(C23CC4CC(CC(C4)C2)C3)c1O,0.7768095387410585,binned_cosine_1Da,76,False,predicted_spectrum,8301
CASMI2022,massformer,completed,107,107,270,CASMI_MOL_1196896,CASMI_MOL_556000,556000,COC(=O)C1(C(C)=O)C(C)CCCC1c1c(C)cc(C)cc1C,0.7768061613971989,binned_cosine_1Da,77,False,predicted_spectrum,8301
CASMI2022,massformer,completed,107,107,270,CASMI_MOL_1196896,CASMI_MOL_556816,556816,CC(C)(C)c1cc(O)c2c(c1)OC(C)(C)C1CC=C(CO)CC21,0.7764651479356994,binned_cosine_1Da,78,False,predicted_spectrum,8301
CASMI2022,massformer,completed,107,107,270,CASMI_MOL_1196896,CASMI_MOL_557862,557862,CC(C)(C)c1cc(O)c2c(c1)OC(C)(C)C1CC=C(CO)CC21,0.7764651479356994,binned_cosine_1Da,79,False,predicted_spectrum,8301
CASMI2022,massformer,completed,107,107,270,CASMI_MOL_1196896,CASMI_MOL_550773,550773,CC(C)c1c(O)c(O)cc2c1C(=O)CC1C(C)(C)CCCC21C,0.7762473045918222,binned_cosine_1Da,80,False,predicted_spectrum,8301
CASMI2022,massformer,completed,107,107,270,CASMI_MOL_1196896,CASMI_MOL_557080,557080,CC(C)c1c(O)c(O)cc2c1C(=O)CC1C(C)(C)CCCC21C,0.7762473045918222,binned_cosine_1Da,81,False,predicted_spectrum,8301
CASMI2022,massformer,completed,107,107,270,CASMI_MOL_1196896,CASMI_MOL_558151,558151,CC(C)c1c(O)c(O)cc2c1C(=O)CC1C(C)(C)CCCC21C,0.7762473045918222,binned_cosine_1Da,82,False,predicted_spectrum,8301
CASMI2022,massformer,completed,107,107,270,CASMI_MOL_1196896,CASMI_MOL_551584,551584,CCCCC(C)(C)c1ccc(O)c2c1OC1C(=O)CCCCC21,0.7759002245777654,binned_cosine_1Da,83,False,predicted_spectrum,8301
CASMI2022,massformer,completed,107,107,270,CASMI_MOL_1196896,CASMI_MOL_550921,550921,CC(C)c1cc2c(cc1OO)C1(C)CCCC(C)(C)C1C(=O)C2,0.7757363964913238,binned_cosine_1Da,84,False,predicted_spectrum,8301
CASMI2022,massformer,completed,107,107,270,CASMI_MOL_1196896,CASMI_MOL_557402,557402,CC(C)c1cc2c(cc1OO)C1(C)CCCC(C)(C)C1C(=O)C2,0.7757363964913238,binned_cosine_1Da,85,False,predicted_spectrum,8301
CASMI2022,massformer,completed,107,107,270,CASMI_MOL_1196896,CASMI_MOL_551187,551187,CC(C)c1cc2c(cc1O)C1(C)CCC(=O)C(C)(CO)C1CC2,0.7755074142673258,binned_cosine_1Da,86,False,predicted_spectrum,8301
CASMI2022,massformer,completed,107,107,270,CASMI_MOL_1196896,CASMI_MOL_557134,557134,CC(C)c1cc2c(cc1O)C1(C)CCC(=O)C(C)(CO)C1CC2,0.7755074142673258,binned_cosine_1Da,87,False,predicted_spectrum,8301
CASMI2022,massformer,completed,107,107,270,CASMI_MOL_1196896,CASMI_MOL_557772,557772,CC(C)c1cc2c(cc1O)C1(C)CCC(=O)C(C)(CO)C1CC2,0.7755074142673258,binned_cosine_1Da,88,False,predicted_spectrum,8301
CASMI2022,massformer,completed,107,107,270,CASMI_MOL_1196896,CASMI_MOL_551093,551093,CC(C)c1cc2c(cc1O)C1(C)C(=O)CC(O)C(C)(C)C1CC2,0.7751440774635333,binned_cosine_1Da,89,False,predicted_spectrum,8301
CASMI2022,massformer,completed,107,107,270,CASMI_MOL_1196896,CASMI_MOL_557142,557142,CC(C)c1cc2c(cc1O)C1(C)C(=O)CC(O)C(C)(C)C1CC2,0.7751440774635333,binned_cosine_1Da,90,False,predicted_spectrum,8301
CASMI2022,massformer,completed,107,107,270,CASMI_MOL_1196896,CASMI_MOL_551603,551603,CC(C)c1cc2c(c(O)c1O)C1(C)CCCC(C)(CO)C1=CC2,0.7748852478127194,binned_cosine_1Da,91,False,predicted_spectrum,8301
CASMI2022,massformer,completed,107,107,270,CASMI_MOL_1196896,CASMI_MOL_551605,551605,CC(C)c1cc2c(c(O)c1O)C1(C)CCCC(C)(CO)C1=CC2,0.7748852478127194,binned_cosine_1Da,92,False,predicted_spectrum,8301
CASMI2022,massformer,completed,107,107,270,CASMI_MOL_1196896,CASMI_MOL_557180,557180,CCCCCc1cc(O)c2c(c1)OC1(O)CCC(=C(C)C)C2C1,0.7745300081649839,binned_cosine_1Da,93,False,predicted_spectrum,8301
CASMI2022,massformer,completed,107,107,270,CASMI_MOL_1196896,CASMI_MOL_550517,550517,CC(C)C1CC(=O)C2c3occ4c3C(C)(CCC4O)CCC21C,0.7743884689308209,binned_cosine_1Da,94,False,predicted_spectrum,8301
CASMI2022,massformer,completed,107,107,270,CASMI_MOL_1196896,CASMI_MOL_551624,551624,CC(C)C1CC(=O)C2c3occ4c3C(C)(CCC4O)CCC21C,0.7743884689308209,binned_cosine_1Da,95,False,predicted_spectrum,8301
CASMI2022,massformer,completed,107,107,270,CASMI_MOL_1196896,CASMI_MOL_550778,550778,CC(C)c1cc2c(cc1O)CCC1C(C)(CO)C(=O)CCC21C,0.7739831764280947,binned_cosine_1Da,96,False,predicted_spectrum,8301
CASMI2022,massformer,completed,107,107,270,CASMI_MOL_1196896,CASMI_MOL_550779,550779,CC(C)c1cc2c(cc1O)CCC1C(C)(CO)C(=O)CCC21C,0.7739831764280947,binned_cosine_1Da,97,False,predicted_spectrum,8301
CASMI2022,massformer,completed,107,107,270,CASMI_MOL_1196896,CASMI_MOL_554067,554067,CCCCC1=C2COC=C2C2=C(C(C)C(=O)OC2(C)C)C1(C)C,0.7739107975237652,binned_cosine_1Da,98,False,predicted_spectrum,8301
CASMI2022,massformer,completed,107,107,270,CASMI_MOL_1196896,CASMI_MOL_557078,557078,CCCCCc1cc(O)c2c(c1)OC(C)(C)C(CCC=O)=C2C,0.7733549053065873,binned_cosine_1Da,99,False,predicted_spectrum,8301
CASMI2022,massformer,completed,107,107,270,CASMI_MOL_1196896,CASMI_MOL_557256,557256,CC(C)c1ccc2c(c1O)CCC1C(C)(CO)C(=O)CCC21C,0.7730996745977696,binned_cosine_1Da,100,False,predicted_spectrum,8301
CASMI2022,massformer,completed,107,107,270,CASMI_MOL_1196896,CASMI_MOL_1196896,1196896,Cc1c(O)oc2c1C=C1CCC3C(C)(C)C(O)CCC3(C)C1C2,0.6276599833997809,binned_cosine_1Da,2866,True,predicted_spectrum,8301
CASMI2022,massformer,completed,108,108,271,CASMI_MOL_1196899,CASMI_MOL_560712,560712,CON(C)C(=O)C1CC2C=CC1N(C)C2,0.9237466759914374,binned_cosine_1Da,1,False,predicted_spectrum,9739
CASMI2022,massformer,completed,108,108,271,CASMI_MOL_1196899,CASMI_MOL_567095,567095,C#CCN(C)C(=O)COC1CCNCC1,0.8895756492926729,binned_cosine_1Da,2,False,predicted_spectrum,9739
CASMI2022,massformer,completed,108,108,271,CASMI_MOL_1196899,CASMI_MOL_563229,563229,CC#CC(=O)N1CC(O)CC1CN(C)C,0.8773323997515209,binned_cosine_1Da,3,False,predicted_spectrum,9739
CASMI2022,massformer,completed,108,108,271,CASMI_MOL_1196899,CASMI_MOL_565412,565412,CCC(C#N)C(=O)N1CCC(C)C(O)C1,0.8771085087013402,binned_cosine_1Da,4,False,predicted_spectrum,9739
CASMI2022,massformer,completed,108,108,271,CASMI_MOL_1196899,CASMI_MOL_564022,564022,CN(C(=O)C1CC=CC1)C1CNCC1O,0.867531390258588,binned_cosine_1Da,5,False,predicted_spectrum,9739
CASMI2022,massformer,completed,108,108,271,CASMI_MOL_1196899,CASMI_MOL_562770,562770,CC(C)OCC(=O)N1CCCC(C#N)C1,0.866644924933697,binned_cosine_1Da,6,False,predicted_spectrum,9739
CASMI2022,massformer,completed,108,108,271,CASMI_MOL_1196899,CASMI_MOL_562463,562463,CCC(C#N)C(=O)N1CCC(O)C(C)C1,0.8661977985044269,binned_cosine_1Da,7,False,predicted_spectrum,9739
CASMI2022,massformer,completed,108,108,271,CASMI_MOL_1196899,CASMI_MOL_566491,566491,COC(=O)N1CCC(CC#N)C1C(C)C,0.8542406436817462,binned_cosine_1Da,8,False,predicted_spectrum,9739
CASMI2022,massformer,completed,108,108,271,CASMI_MOL_1196899,CASMI_MOL_565497,565497,COC1CN(C(=O)C(C)C#N)CCC1C,0.8538967586974173,binned_cosine_1Da,9,False,predicted_spectrum,9739
CASMI2022,massformer,completed,108,108,271,CASMI_MOL_1196899,CASMI_MOL_558585,558585,CCOC(=O)N1CCC(C(C)C#N)CC1,0.8504237043350055,binned_cosine_1Da,10,False,predicted_spectrum,9739
CASMI2022,massformer,completed,108,108,271,CASMI_MOL_1196899,CASMI_MOL_562613,562613,CNC1COCC1C(=O)N1CC=CCC1,0.8481573935216765,binned_cosine_1Da,11,False,predicted_spectrum,9739
CASMI2022,massformer,completed,108,108,271,CASMI_MOL_1196899,CASMI_MOL_561836,561836,CCC(C#N)N1CCCCC1C(=O)OC,0.8467677741033351,binned_cosine_1Da,12,False,predicted_spectrum,9739
CASMI2022,massformer,completed,108,108,271,CASMI_MOL_1196899,CASMI_MOL_561842,561842,CCC(C#N)N1CCCCC1C(=O)OC,0.8467677741033351,binned_cosine_1Da,13,False,predicted_spectrum,9739
CASMI2022,massformer,completed,108,108,271,CASMI_MOL_1196899,CASMI_MOL_565005,565005,CCCn1cc(C2OCCC2CO)cn1,0.8461398858480891,binned_cosine_1Da,14,False,predicted_spectrum,9739
CASMI2022,massformer,completed,108,108,271,CASMI_MOL_1196899,CASMI_MOL_563270,563270,CCCC(C#N)C(=O)N1CCCC(O)C1,0.8445734648752865,binned_cosine_1Da,15,False,predicted_spectrum,9739
CASMI2022,massformer,completed,108,108,271,CASMI_MOL_1196899,CASMI_MOL_565107,565107,CCCn1nccc1C(O)C(O)C1CC1,0.8376360569168788,binned_cosine_1Da,16,False,predicted_spectrum,9739
CASMI2022,massformer,completed,108,108,271,CASMI_MOL_1196899,CASMI_MOL_565369,565369,COC(C)(C)C(=O)N1CCCC(C#N)C1,0.8361634796139568,binned_cosine_1Da,17,False,predicted_spectrum,9739
CASMI2022,massformer,completed,108,108,271,CASMI_MOL_1196899,CASMI_MOL_560593,560593,C=CCOCC(=O)N1CC2CNCC2C1,0.8349084272064332,binned_cosine_1Da,18,False,predicted_spectrum,9739
CASMI2022,massformer,completed,108,108,271,CASMI_MOL_1196899,CASMI_MOL_565103,565103,CCCn1cc(C(O)C(O)C2CC2)cn1,0.8292413647140717,binned_cosine_1Da,19,False,predicted_spectrum,9739
CASMI2022,massformer,completed,108,108,271,CASMI_MOL_1196899,CASMI_MOL_563269,563269,CC(C)C(C#N)C(=O)N1CCCC(O)C1,0.8288324969728124,binned_cosine_1Da,20,False,predicted_spectrum,9739
CASMI2022,massformer,completed,108,108,271,CASMI_MOL_1196899,CASMI_MOL_567947,567947,COC(=O)C(C)(C)CN1CCCC1C#N,0.8279356075517845,binned_cosine_1Da,21,False,predicted_spectrum,9739
CASMI2022,massformer,completed,108,108,271,CASMI_MOL_1196899,CASMI_MOL_561881,561881,O=C(NCC1CNCCO1)C1CC=CC1,0.8274843652336974,binned_cosine_1Da,22,False,predicted_spectrum,9739
CASMI2022,massformer,completed,108,108,271,CASMI_MOL_1196899,CASMI_MOL_564984,564984,CC(C#N)C(=O)N1CCC(C(C)O)CC1,0.8249696803876652,binned_cosine_1Da,23,False,predicted_spectrum,9739
CASMI2022,massformer,completed,108,108,271,CASMI_MOL_1196899,CASMI_MOL_563236,563236,CCCOCC(=O)N1CCCC(C#N)C1,0.8243743767036241,binned_cosine_1Da,24,False,predicted_spectrum,9739
CASMI2022,massformer,completed,108,108,271,CASMI_MOL_1196899,CASMI_MOL_561905,561905,CCOC(=O)C1CCCCN1C(C)C#N,0.8237035235853558,binned_cosine_1Da,25,False,predicted_spectrum,9739
CASMI2022,massformer,completed,108,108,271,CASMI_MOL_1196899,CASMI_MOL_561215,561215,CC(C#N)C(=O)N1CCCCCC1CO,0.8228064213936309,binned_cosine_1Da,26,False,predicted_spectrum,9739
CASMI2022,massformer,completed,108,108,271,CASMI_MOL_1196899,CASMI_MOL_560884,560884,CN1CC(CCN2CC=CCC2)OC1=O,0.8226645938554618,binned_cosine_1Da,27,False,predicted_spectrum,9739
CASMI2022,massformer,completed,108,108,271,CASMI_MOL_1196899,CASMI_MOL_565754,565754,CN1CC(CCN2CC=CCC2)OC1=O,0.8226645938554618,binned_cosine_1Da,28,False,predicted_spectrum,9739
CASMI2022,massformer,completed,108,108,271,CASMI_MOL_1196899,CASMI_MOL_565755,565755,CN1CC(CCN2CC=CCC2)OC1=O,0.8226645938554618,binned_cosine_1Da,29,False,predicted_spectrum,9739
CASMI2022,massformer,completed,108,108,271,CASMI_MOL_1196899,CASMI_MOL_566490,566490,CCC1C(CC#N)CCCN1C(=O)OC,0.8225126943036957,binned_cosine_1Da,30,False,predicted_spectrum,9739
CASMI2022,massformer,completed,108,108,271,CASMI_MOL_1196899,CASMI_MOL_565411,565411,CCC(C#N)C(=O)N1CCCC(OC)C1,0.8217125241582413,binned_cosine_1Da,31,False,predicted_spectrum,9739
CASMI2022,massformer,completed,108,108,271,CASMI_MOL_1196899,CASMI_MOL_565459,565459,CCC(C#N)C(=O)N1CCC(C)C1CO,0.8210736282751221,binned_cosine_1Da,32,False,predicted_spectrum,9739
CASMI2022,massformer,completed,108,108,271,CASMI_MOL_1196899,CASMI_MOL_566068,566068,CC(=O)ON=C(C)C1CN2CCC1CC2,0.8200625376748512,binned_cosine_1Da,33,False,predicted_spectrum,9739
CASMI2022,massformer,completed,108,108,271,CASMI_MOL_1196899,CASMI_MOL_567615,567615,COC(=O)C1CN(CC(C)C#N)CC1C,0.8198271050739543,binned_cosine_1Da,34,False,predicted_spectrum,9739
CASMI2022,massformer,completed,108,108,271,CASMI_MOL_1196899,CASMI_MOL_560632,560632,O=C(COC1CNC1)N1CC2CCC1C2,0.8196333031360294,binned_cosine_1Da,35,False,predicted_spectrum,9739
CASMI2022,massformer,completed,108,108,271,CASMI_MOL_1196899,CASMI_MOL_565039,565039,COC1CCN(C(=O)C(C#N)C(C)C)C1,0.8192614633881525,binned_cosine_1Da,36,False,predicted_spectrum,9739
CASMI2022,massformer,completed,108,108,271,CASMI_MOL_1196899,CASMI_MOL_565798,565798,COCCN1CCCC1c1cc(C)on1,0.818612470273849,binned_cosine_1Da,37,False,predicted_spectrum,9739
CASMI2022,massformer,completed,108,108,271,CASMI_MOL_1196899,CASMI_MOL_565799,565799,COCCN1CCCC1c1cc(C)on1,0.818612470273849,binned_cosine_1Da,38,False,predicted_spectrum,9739
CASMI2022,massformer,completed,108,108,271,CASMI_MOL_1196899,CASMI_MOL_565206,565206,CCCC(C#N)C(=O)N1CCC(C)(O)C1,0.8180080496256804,binned_cosine_1Da,39,False,predicted_spectrum,9739
CASMI2022,massformer,completed,108,108,271,CASMI_MOL_1196899,CASMI_MOL_561835,561835,COC(=O)C1CCCCN1CC(C)C#N,0.8164441186156232,binned_cosine_1Da,40,False,predicted_spectrum,9739
CASMI2022,massformer,completed,108,108,271,CASMI_MOL_1196899,CASMI_MOL_561903,561903,COC(=O)C1CCCCN1CC(C)C#N,0.8164441186156232,binned_cosine_1Da,41,False,predicted_spectrum,9739
CASMI2022,massformer,completed,108,108,271,CASMI_MOL_1196899,CASMI_MOL_567089,567089,C=CCN(C(=O)C1CNCCO1)C1CC1,0.8155041523666797,binned_cosine_1Da,42,False,predicted_spectrum,9739
CASMI2022,massformer,completed,108,108,271,CASMI_MOL_1196899,CASMI_MOL_567445,567445,CNC1CCN(C2CC3CCC2O3)C1=O,0.8143636443894413,binned_cosine_1Da,43,False,predicted_spectrum,9739
CASMI2022,massformer,completed,108,108,271,CASMI_MOL_1196899,CASMI_MOL_562608,562608,O=C(CC1CNCCO1)N1CC=CCC1,0.814266237980058,binned_cosine_1Da,44,False,predicted_spectrum,9739
CASMI2022,massformer,completed,108,108,271,CASMI_MOL_1196899,CASMI_MOL_567358,567358,CCC(C#N)C(=O)N1CCC(C)(O)CC1,0.8142437139887746,binned_cosine_1Da,45,False,predicted_spectrum,9739
CASMI2022,massformer,completed,108,108,271,CASMI_MOL_1196899,CASMI_MOL_561168,561168,CC(C(=O)N(C)C1CCOC1)C1C=NC1,0.8134648276495519,binned_cosine_1Da,46,False,predicted_spectrum,9739
CASMI2022,massformer,completed,108,108,271,CASMI_MOL_1196899,CASMI_MOL_567410,567410,CCN(CC(C)C#N)C1CCC1C(=O)O,0.8132032421069373,binned_cosine_1Da,47,False,predicted_spectrum,9739
CASMI2022,massformer,completed,108,108,271,CASMI_MOL_1196899,CASMI_MOL_561262,561262,CCC(C#N)C(=O)N1CCCC(C)(O)C1,0.8129510381898862,binned_cosine_1Da,48,False,predicted_spectrum,9739
CASMI2022,massformer,completed,108,108,271,CASMI_MOL_1196899,CASMI_MOL_562758,562758,CCC(C#N)C(=O)N1CCC(C(C)O)C1,0.8128228649931386,binned_cosine_1Da,49,False,predicted_spectrum,9739
CASMI2022,massformer,completed,108,108,271,CASMI_MOL_1196899,CASMI_MOL_563737,563737,CC1=CCCN(C(=O)C2COCCN2)C1,0.8119865324242206,binned_cosine_1Da,50,False,predicted_spectrum,9739
CASMI2022,massformer,completed,108,108,271,CASMI_MOL_1196899,CASMI_MOL_565591,565591,CC(ON)c1cc(C2CCCCC2)no1,0.8114508758947192,binned_cosine_1Da,51,False,predicted_spectrum,9739
CASMI2022,massformer,completed,108,108,271,CASMI_MOL_1196899,CASMI_MOL_560199,560199,COC1C2CC1CN(C(=O)C1CNC1)C2,0.8111109974421402,binned_cosine_1Da,52,False,predicted_spectrum,9739
CASMI2022,massformer,completed,108,108,271,CASMI_MOL_1196899,CASMI_MOL_560567,560567,COC1C2CC1CN(C(=O)C1CNC1)C2,0.8111109974421402,binned_cosine_1Da,53,False,predicted_spectrum,9739
CASMI2022,massformer,completed,108,108,271,CASMI_MOL_1196899,CASMI_MOL_567614,567614,CCC(C#N)N1CC(C)C(C(=O)OC)C1,0.810164646042205,binned_cosine_1Da,54,False,predicted_spectrum,9739
CASMI2022,massformer,completed,108,108,271,CASMI_MOL_1196899,CASMI_MOL_567601,567601,COCCCC(=O)N1CCCC(C#N)C1,0.8086319421379369,binned_cosine_1Da,55,False,predicted_spectrum,9739
CASMI2022,massformer,completed,108,108,271,CASMI_MOL_1196899,CASMI_MOL_567602,567602,COCCCC(=O)N1CCCCC1C#N,0.8073445792673499,binned_cosine_1Da,56,False,predicted_spectrum,9739
CASMI2022,massformer,completed,108,108,271,CASMI_MOL_1196899,CASMI_MOL_564438,564438,O=C(C1CCCO1)N1CCC2CNCC21,0.8070385904871791,binned_cosine_1Da,57,False,predicted_spectrum,9739
CASMI2022,massformer,completed,108,108,271,CASMI_MOL_1196899,CASMI_MOL_564439,564439,O=C(C1CCCO1)N1CCC2CNCC21,0.8070385904871791,binned_cosine_1Da,58,False,predicted_spectrum,9739
CASMI2022,massformer,completed,108,108,271,CASMI_MOL_1196899,CASMI_MOL_563275,563275,CCCC(C#N)C(=O)N1CCCC1CO,0.805998089892232,binned_cosine_1Da,59,False,predicted_spectrum,9739
CASMI2022,massformer,completed,108,108,271,CASMI_MOL_1196899,CASMI_MOL_563278,563278,CCCC(C#N)C(=O)N1CCCC1CO,0.805998089892232,binned_cosine_1Da,60,False,predicted_spectrum,9739
CASMI2022,massformer,completed,108,108,271,CASMI_MOL_1196899,CASMI_MOL_567586,567586,COCC(C#N)(C1CC1)N1CCOCC1,0.805862350839384,binned_cosine_1Da,61,False,predicted_spectrum,9739
CASMI2022,massformer,completed,108,108,271,CASMI_MOL_1196899,CASMI_MOL_563738,563738,CC1=CCCN(C(=O)C2CNCCO2)C1,0.805276778070379,binned_cosine_1Da,62,False,predicted_spectrum,9739
CASMI2022,massformer,completed,108,108,271,CASMI_MOL_1196899,CASMI_MOL_561904,561904,COC(=O)C1CCCCN1CCCC#N,0.8041601010616319,binned_cosine_1Da,63,False,predicted_spectrum,9739
CASMI2022,massformer,completed,108,108,271,CASMI_MOL_1196899,CASMI_MOL_567803,567803,COC(=O)C1CCCCN1CCCC#N,0.8041601010616319,binned_cosine_1Da,64,False,predicted_spectrum,9739
CASMI2022,massformer,completed,108,108,271,CASMI_MOL_1196899,CASMI_MOL_561839,561839,CCC(C#N)N1CCCC(C(=O)OC)C1,0.8037857113624083,binned_cosine_1Da,65,False,predicted_spectrum,9739
CASMI2022,massformer,completed,108,108,271,CASMI_MOL_1196899,CASMI_MOL_561841,561841,CCC(C#N)N1CCCC(C(=O)OC)C1,0.8037857113624083,binned_cosine_1Da,66,False,predicted_spectrum,9739
CASMI2022,massformer,completed,108,108,271,CASMI_MOL_1196899,CASMI_MOL_562762,562762,CCCC(C#N)C(=O)N1CCC(CO)C1,0.8035246080608696,binned_cosine_1Da,67,False,predicted_spectrum,9739
CASMI2022,massformer,completed,108,108,271,CASMI_MOL_1196899,CASMI_MOL_561838,561838,COC(=O)C1CCCN(CC(C)C#N)C1,0.8031337288115822,binned_cosine_1Da,68,False,predicted_spectrum,9739
CASMI2022,massformer,completed,108,108,271,CASMI_MOL_1196899,CASMI_MOL_561840,561840,COC(=O)C1CCCN(CC(C)C#N)C1,0.8031337288115822,binned_cosine_1Da,69,False,predicted_spectrum,9739
CASMI2022,massformer,completed,108,108,271,CASMI_MOL_1196899,CASMI_MOL_565370,565370,COC(C)(C)C(=O)N1CCCCC1C#N,0.8023704946725081,binned_cosine_1Da,70,False,predicted_spectrum,9739
CASMI2022,massformer,completed,108,108,271,CASMI_MOL_1196899,CASMI_MOL_564848,564848,COC(C)C(=O)N1CCC(C)(C#N)CC1,0.8020109256798166,binned_cosine_1Da,71,False,predicted_spectrum,9739
CASMI2022,massformer,completed,108,108,271,CASMI_MOL_1196899,CASMI_MOL_558882,558882,CC1C=CCCN1C(=O)N1CCOCC1,0.801636019944836,binned_cosine_1Da,72,False,predicted_spectrum,9739
CASMI2022,massformer,completed,108,108,271,CASMI_MOL_1196899,CASMI_MOL_562349,562349,COC(=O)C#CCNC1CCN(C)CC1,0.8015228909585121,binned_cosine_1Da,73,False,predicted_spectrum,9739
CASMI2022,massformer,completed,108,108,271,CASMI_MOL_1196899,CASMI_MOL_559989,559989,O=C(C1CC2NCCC2O1)N1CCCC1,0.8014312819576404,binned_cosine_1Da,74,False,predicted_spectrum,9739
CASMI2022,massformer,completed,108,108,271,CASMI_MOL_1196899,CASMI_MOL_559788,559788,O=C(N1CCCC1)C12CNCC1COC2,0.8012596988345948,binned_cosine_1Da,75,False,predicted_spectrum,9739
CASMI2022,massformer,completed,108,108,271,CASMI_MOL_1196899,CASMI_MOL_565425,565425,O=C(C1NCC2CCCC21)N1CCCO1,0.8008330765376892,binned_cosine_1Da,76,False,predicted_spectrum,9739
CASMI2022,massformer,completed,108,108,271,CASMI_MOL_1196899,CASMI_MOL_558877,558877,C=CC(=O)N1CCOC2(CCNCC2)C1,0.8005734011069723,binned_cosine_1Da,77,False,predicted_spectrum,9739
CASMI2022,massformer,completed,108,108,271,CASMI_MOL_1196899,CASMI_MOL_558497,558497,[C-]#[N+]C(C)C1CCN(C(=O)OCC)CC1,0.8005208737649475,binned_cosine_1Da,78,False,predicted_spectrum,9739
CASMI2022,massformer,completed,108,108,271,CASMI_MOL_1196899,CASMI_MOL_559440,559440,C#CCN1CCN(C(=O)OCCC)CC1,0.8003850317838743,binned_cosine_1Da,79,False,predicted_spectrum,9739
CASMI2022,massformer,completed,108,108,271,CASMI_MOL_1196899,CASMI_MOL_562605,562605,CC1=CCN(C(=O)C2COCCN2)CC1,0.7997969053659686,binned_cosine_1Da,80,False,predicted_spectrum,9739
CASMI2022,massformer,completed,108,108,271,CASMI_MOL_1196899,CASMI_MOL_566296,566296,O=C(C1CCCO1)N1CC2(CCNC2)C1,0.799137784808682,binned_cosine_1Da,81,False,predicted_spectrum,9739
CASMI2022,massformer,completed,108,108,271,CASMI_MOL_1196899,CASMI_MOL_560079,560079,O=C(C1CCC2(CNC2)O1)N1CCCC1,0.7987999778993343,binned_cosine_1Da,82,False,predicted_spectrum,9739
CASMI2022,massformer,completed,108,108,271,CASMI_MOL_1196899,CASMI_MOL_565701,565701,O=C(C1CCC2(CNC2)O1)N1CCCC1,0.7987999778993343,binned_cosine_1Da,83,False,predicted_spectrum,9739
CASMI2022,massformer,completed,108,108,271,CASMI_MOL_1196899,CASMI_MOL_565702,565702,O=C(C1CCC2(CNC2)O1)N1CCCC1,0.7987999778993343,binned_cosine_1Da,84,False,predicted_spectrum,9739
CASMI2022,massformer,completed,108,108,271,CASMI_MOL_1196899,CASMI_MOL_564955,564955,O=C(C1CCCN1)N1CC2CCC(C1)O2,0.7985782206432341,binned_cosine_1Da,85,False,predicted_spectrum,9739
CASMI2022,massformer,completed,108,108,271,CASMI_MOL_1196899,CASMI_MOL_560645,560645,O=C(C1CC2CCC1O2)N1CCNCC1,0.7985641125108871,binned_cosine_1Da,86,False,predicted_spectrum,9739
CASMI2022,massformer,completed,108,108,271,CASMI_MOL_1196899,CASMI_MOL_560022,560022,O=C(C1CC2CNCC1O2)N1CCCC1,0.7984647738713412,binned_cosine_1Da,87,False,predicted_spectrum,9739
CASMI2022,massformer,completed,108,108,271,CASMI_MOL_1196899,CASMI_MOL_567920,567920,COC1(OC)CN(C2CCCC2C#N)C1,0.7983346946489808,binned_cosine_1Da,88,False,predicted_spectrum,9739
CASMI2022,massformer,completed,108,108,271,CASMI_MOL_1196899,CASMI_MOL_560081,560081,O=C(C1CCCO1)N1CC2CCNCC21,0.7980642106007032,binned_cosine_1Da,89,False,predicted_spectrum,9739
CASMI2022,massformer,completed,108,108,271,CASMI_MOL_1196899,CASMI_MOL_565704,565704,O=C(C1CCCO1)N1CC2CCNCC21,0.7980642106007032,binned_cosine_1Da,90,False,predicted_spectrum,9739
CASMI2022,massformer,completed,108,108,271,CASMI_MOL_1196899,CASMI_MOL_565705,565705,O=C(C1CCCO1)N1CC2CCNCC21,0.7980642106007032,binned_cosine_1Da,91,False,predicted_spectrum,9739
CASMI2022,massformer,completed,108,108,271,CASMI_MOL_1196899,CASMI_MOL_565564,565564,CC(C)C(=O)NC1C2CN3CCC(O2)C13,0.7977487115057533,binned_cosine_1Da,92,False,predicted_spectrum,9739
CASMI2022,massformer,completed,108,108,271,CASMI_MOL_1196899,CASMI_MOL_565581,565581,CC(C)C(=O)NC1C2CN3CCC(O2)C13,0.7977487115057533,binned_cosine_1Da,93,False,predicted_spectrum,9739
CASMI2022,massformer,completed,108,108,271,CASMI_MOL_1196899,CASMI_MOL_559233,559233,CCCN1CC2CCCC2C1=C[N+](=O)[O-],0.797303720582683,binned_cosine_1Da,94,False,predicted_spectrum,9739
CASMI2022,massformer,completed,108,108,271,CASMI_MOL_1196899,CASMI_MOL_565831,565831,COC(=O)C1CCN(CC(C)C#N)CC1,0.7970773740911886,binned_cosine_1Da,95,False,predicted_spectrum,9739
CASMI2022,massformer,completed,108,108,271,CASMI_MOL_1196899,CASMI_MOL_565832,565832,COC(=O)C1CCN(CC(C)C#N)CC1,0.7970773740911886,binned_cosine_1Da,96,False,predicted_spectrum,9739
CASMI2022,massformer,completed,108,108,271,CASMI_MOL_1196899,CASMI_MOL_567354,567354,COCc1cc(C2CCCCCN2)no1,0.7966549111772108,binned_cosine_1Da,97,False,predicted_spectrum,9739
CASMI2022,massformer,completed,108,108,271,CASMI_MOL_1196899,CASMI_MOL_566342,566342,CCN(CC)Cc1ccc(C(=O)O)n1C,0.7964310084881072,binned_cosine_1Da,98,False,predicted_spectrum,9739
CASMI2022,massformer,completed,108,108,271,CASMI_MOL_1196899,CASMI_MOL_564749,564749,O=C(C1CC2CCC1N2)N1CCCCO1,0.7960281682932199,binned_cosine_1Da,99,False,predicted_spectrum,9739
CASMI2022,massformer,completed,108,108,271,CASMI_MOL_1196899,CASMI_MOL_559106,559106,N#CCN1CCOCC1C1CCCC1O,0.7959696981900766,binned_cosine_1Da,100,False,predicted_spectrum,9739
CASMI2022,massformer,completed,108,108,271,CASMI_MOL_1196899,CASMI_MOL_1196899,1196899,CC(C)CC1NC(=O)C2CCCN2C1=O,0.14640873024808418,binned_cosine_1Da,6319,True,predicted_spectrum,9739
CASMI2022,massformer,completed,109,109,272,CASMI_MOL_1196900,CASMI_MOL_569418,569418,CCc1ccc2nc(N3c4ccc(S(N)(=O)=O)cc4NC(=O)C3c3ccccc3)sc2c1,0.31904674809243566,binned_cosine_1Da,1,False,predicted_spectrum,4864
CASMI2022,massformer,completed,109,109,272,CASMI_MOL_1196900,CASMI_MOL_570643,570643,CSC1(C=O)SC(=N)C(c2ccccc2)C1(O)c1nc(C(N)=O)cc(-c2ccccc2)n1,0.317356071022382,binned_cosine_1Da,2,False,predicted_spectrum,4864
CASMI2022,massformer,completed,109,109,272,CASMI_MOL_1196900,CASMI_MOL_570111,570111,NS(=O)(=O)c1ccc(-c2c(-c3cccc(Cl)c3)c(-c3ccccc3)n(C3CC3)c2O)cc1,0.3127819256420546,binned_cosine_1Da,3,False,predicted_spectrum,4864
CASMI2022,massformer,completed,109,109,272,CASMI_MOL_1196900,CASMI_MOL_572174,572174,NS(=O)(=O)c1cccc(Nc2ncc3c(n2)-c2cc(-c4ccccc4CO)sc2CC3)c1,0.2935356091152743,binned_cosine_1Da,4,False,predicted_spectrum,4864
CASMI2022,massformer,completed,109,109,272,CASMI_MOL_1196900,CASMI_MOL_568627,568627,O=[N+]([O-])c1cccc(-c2cc(-c3ccc(C(F)(F)F)cc3)cc(-c3cccc([N+](=O)[O-])c3)c2)c1,0.2871326688709967,binned_cosine_1Da,5,False,predicted_spectrum,4864
CASMI2022,massformer,completed,109,109,272,CASMI_MOL_1196900,CASMI_MOL_570113,570113,NS(=O)(=O)c1ccc(-c2ccccc2-c2c(-c3cccc(Cl)c3)cn(C3CC3)c2O)cc1,0.2870384015606079,binned_cosine_1Da,6,False,predicted_spectrum,4864
CASMI2022,massformer,completed,109,109,272,CASMI_MOL_1196900,CASMI_MOL_569835,569835,Cn1c(N)nc(C2CC(c3cccc(C#N)c3)=CS2)c(-c2ccc(S(C)(=O)=O)cc2)c1=O,0.28598587206926485,binned_cosine_1Da,7,False,predicted_spectrum,4864
CASMI2022,massformer,completed,109,109,272,CASMI_MOL_1196900,CASMI_MOL_569100,569100,O=[N+]([O-])C12c3ccccc3C(c3ccccc31)c1c2c(O)n(-c2cccc(C(F)(F)F)c2)c1O,0.2783444122882273,binned_cosine_1Da,8,False,predicted_spectrum,4864
CASMI2022,massformer,completed,109,109,272,CASMI_MOL_1196900,CASMI_MOL_569101,569101,O=[N+]([O-])C12c3ccccc3C(c3ccccc31)c1c2c(O)n(-c2cccc(C(F)(F)F)c2)c1O,0.2783444122882273,binned_cosine_1Da,9,False,predicted_spectrum,4864
CASMI2022,massformer,completed,109,109,272,CASMI_MOL_1196900,CASMI_MOL_569102,569102,O=[N+]([O-])C12c3ccccc3C(c3ccccc31)c1c2c(O)n(-c2cccc(C(F)(F)F)c2)c1O,0.2783444122882273,binned_cosine_1Da,10,False,predicted_spectrum,4864
CASMI2022,massformer,completed,109,109,272,CASMI_MOL_1196900,CASMI_MOL_569103,569103,O=[N+]([O-])C12c3ccccc3C(c3ccccc31)c1c2c(O)n(-c2cccc(C(F)(F)F)c2)c1O,0.2783444122882273,binned_cosine_1Da,11,False,predicted_spectrum,4864
CASMI2022,massformer,completed,109,109,272,CASMI_MOL_1196900,CASMI_MOL_570112,570112,O=S(=O)(NC1CC1)c1ccc(-c2cccc(-c3c(-c4cccc(Cl)c4)c[nH]c3O)c2)cc1,0.2635148429364605,binned_cosine_1Da,12,False,predicted_spectrum,4864
CASMI2022,massformer,completed,109,109,272,CASMI_MOL_1196900,CASMI_MOL_570110,570110,NS(=O)(=O)c1ccc(-c2cccc(-c3c(-c4cccc(Cl)c4)cn(C4CC4)c3O)c2)cc1,0.259946570986808,binned_cosine_1Da,13,False,predicted_spectrum,4864
CASMI2022,massformer,completed,109,109,272,CASMI_MOL_1196900,CASMI_MOL_568626,568626,O=[N+]([O-])c1cccc(-c2cc(-c3cccc([N+](=O)[O-])c3)cc(-c3cccc(C(F)(F)F)c3)c2)c1,0.2593956462542373,binned_cosine_1Da,14,False,predicted_spectrum,4864
CASMI2022,massformer,completed,109,109,272,CASMI_MOL_1196900,CASMI_MOL_571596,571596,Cc1ccccc1-c1nc2c3c(ncn2n1)Oc1c(c(=O)oc2ccccc12)C3c1ccsc1,0.2574122351200479,binned_cosine_1Da,15,False,predicted_spectrum,4864
CASMI2022,massformer,completed,109,109,272,CASMI_MOL_1196900,CASMI_MOL_568360,568360,CN1C(=N)CC(C)(c2cc(-c3ccc(Cl)c(O)c3)cs2)C(c2ccc3occc3c2)C1=O,0.24160749472410917,binned_cosine_1Da,16,False,predicted_spectrum,4864
CASMI2022,massformer,completed,109,109,272,CASMI_MOL_1196900,CASMI_MOL_568493,568493,CN1C(=N)CC(C)(c2cc(-c3ccc(Cl)c(O)c3)cs2)C(c2ccc3occc3c2)C1=O,0.24160749472410917,binned_cosine_1Da,17,False,predicted_spectrum,4864
CASMI2022,massformer,completed,109,109,272,CASMI_MOL_1196900,CASMI_MOL_569763,569763,CN1C(=N)CC(C)(c2cc(-c3ccc(Cl)c(O)c3)cs2)C(c2ccc3occc3c2)C1=O,0.24160749472410917,binned_cosine_1Da,18,False,predicted_spectrum,4864
CASMI2022,massformer,completed,109,109,272,CASMI_MOL_1196900,CASMI_MOL_568306,568306,CN1C(=O)C23SSC1(C)C(=O)N2C1Nc2ccccc2C1(c1c[nH]c2ccccc12)C3O,0.23797351994252072,binned_cosine_1Da,19,False,predicted_spectrum,4864
CASMI2022,massformer,completed,109,109,272,CASMI_MOL_1196900,CASMI_MOL_570036,570036,CN1C(=O)C23SSC1(C)C(=O)N2C1Nc2ccccc2C1(c1c[nH]c2ccccc12)C3O,0.23797351994252072,binned_cosine_1Da,20,False,predicted_spectrum,4864
CASMI2022,massformer,completed,109,109,272,CASMI_MOL_1196900,CASMI_MOL_570659,570659,CN1C(=O)C23SSC1(C)C(=O)N2C1Nc2ccccc2C1(c1c[nH]c2ccccc12)C3O,0.23797351994252072,binned_cosine_1Da,21,False,predicted_spectrum,4864
CASMI2022,massformer,completed,109,109,272,CASMI_MOL_1196900,CASMI_MOL_572168,572168,CN1C(=O)C23SSC1(C)C(=O)N2C1Nc2ccccc2C1(c1c[nH]c2ccccc12)C3O,0.23797351994252072,binned_cosine_1Da,22,False,predicted_spectrum,4864
CASMI2022,massformer,completed,109,109,272,CASMI_MOL_1196900,CASMI_MOL_572253,572253,Cc1onc(-c2c(F)cccc2Cl)c1C(=O)N1OCC2COc3ccc4ccccc4c3C21,0.23785543367779047,binned_cosine_1Da,23,False,predicted_spectrum,4864
CASMI2022,massformer,completed,109,109,272,CASMI_MOL_1196900,CASMI_MOL_572267,572267,Cc1onc(-c2c(F)cccc2Cl)c1C(=O)N1OCC2COc3ccc4ccccc4c3C21,0.23785543367779047,binned_cosine_1Da,24,False,predicted_spectrum,4864
CASMI2022,massformer,completed,109,109,272,CASMI_MOL_1196900,CASMI_MOL_572529,572529,Cc1onc(-c2c(F)cccc2Cl)c1C(=O)N1OCC2COc3ccc4ccccc4c3C21,0.23785543367779047,binned_cosine_1Da,25,False,predicted_spectrum,4864
CASMI2022,massformer,completed,109,109,272,CASMI_MOL_1196900,CASMI_MOL_572814,572814,Cc1onc(-c2c(F)cccc2Cl)c1C(=O)N1OCC2COc3ccc4ccccc4c3C21,0.23785543367779047,binned_cosine_1Da,26,False,predicted_spectrum,4864
CASMI2022,massformer,completed,109,109,272,CASMI_MOL_1196900,CASMI_MOL_571594,571594,Cc1ccsc1C1c2c(c3ccccc3oc2=O)Oc2ncn3nc(-c4ccccc4)nc3c21,0.236166514832857,binned_cosine_1Da,27,False,predicted_spectrum,4864
CASMI2022,massformer,completed,109,109,272,CASMI_MOL_1196900,CASMI_MOL_572374,572374,N#Cc1c(NC(=O)c2ccc(-c3ccccc3Cl)o2)oc(-c2ccccc2)c1-c1ccccc1,0.23300757640977413,binned_cosine_1Da,28,False,predicted_spectrum,4864
CASMI2022,massformer,completed,109,109,272,CASMI_MOL_1196900,CASMI_MOL_571435,571435,Cc1cc(-c2nc(-c3ccccc3OC(F)(F)F)no2)ccc1-c1ccccc1C(F)(F)F,0.22457186126283202,binned_cosine_1Da,29,False,predicted_spectrum,4864
CASMI2022,massformer,completed,109,109,272,CASMI_MOL_1196900,CASMI_MOL_569989,569989,CN1C(=Cc2cc(-c3nccn3C)[n+](C)c3ccccc23)Sc2ccc(SOO[O-])cc21,0.22416427499675287,binned_cosine_1Da,30,False,predicted_spectrum,4864
CASMI2022,massformer,completed,109,109,272,CASMI_MOL_1196900,CASMI_MOL_570276,570276,CN1C(=Cc2cc(-c3nccn3C)[n+](C)c3ccccc23)Sc2ccc(SOO[O-])cc21,0.22416427499675287,binned_cosine_1Da,31,False,predicted_spectrum,4864
CASMI2022,massformer,completed,109,109,272,CASMI_MOL_1196900,CASMI_MOL_571434,571434,Cc1ccccc1-c1ccc(-c2nc(-c3ccccc3OC(F)(F)F)no2)cc1C(F)(F)F,0.22321206656207346,binned_cosine_1Da,32,False,predicted_spectrum,4864
CASMI2022,massformer,completed,109,109,272,CASMI_MOL_1196900,CASMI_MOL_569302,569302,Cn1c(-c2ccc(-c3ccc(C(F)(F)F)c(S(N)(=O)=O)c3-c3nn[nH]n3)cc2)cnc1N,0.2207178364464119,binned_cosine_1Da,33,False,predicted_spectrum,4864
CASMI2022,massformer,completed,109,109,272,CASMI_MOL_1196900,CASMI_MOL_571597,571597,Cc1ccccc1-c1nc2c3c(ncn2n1)Oc1c(c(=O)oc2ccccc12)C3c1cccs1,0.21663935140157609,binned_cosine_1Da,34,False,predicted_spectrum,4864
CASMI2022,massformer,completed,109,109,272,CASMI_MOL_1196900,CASMI_MOL_572706,572706,O=c1c(C=Nc2ccccc2-c2ccccc2)c(C(F)(F)F)[nH]n1-c1nc2ccccc2s1,0.21577967939539272,binned_cosine_1Da,35,False,predicted_spectrum,4864
CASMI2022,massformer,completed,109,109,272,CASMI_MOL_1196900,CASMI_MOL_570279,570279,O=C(Nc1ccc(OC(F)(F)F)cc1)n1cc(-c2ccccc2C(F)(F)F)c2ccccc21,0.2107390898521451,binned_cosine_1Da,36,False,predicted_spectrum,4864
CASMI2022,massformer,completed,109,109,272,CASMI_MOL_1196900,CASMI_MOL_572190,572190,COc1cc(C2SC(C)C(=O)N2Nc2ncnc3cc(-c4ccccc4)sc23)ccc1O,0.21018209284083775,binned_cosine_1Da,37,False,predicted_spectrum,4864
CASMI2022,massformer,completed,109,109,272,CASMI_MOL_1196900,CASMI_MOL_568492,568492,CS(=O)(=O)c1ccc(-c2[nH]cc3cc4c(cc23)CN(Cc2cccc(Cl)c2)C(=O)C4)cc1,0.2089531815367101,binned_cosine_1Da,38,False,predicted_spectrum,4864
CASMI2022,massformer,completed,109,109,272,CASMI_MOL_1196900,CASMI_MOL_569999,569999,O=C1C(=Cc2cn(-c3ccccc3)nc2-c2cccs2)C(C(F)(F)F)=NN1c1ccccc1,0.20847701631851656,binned_cosine_1Da,39,False,predicted_spectrum,4864
CASMI2022,massformer,completed,109,109,272,CASMI_MOL_1196900,CASMI_MOL_572007,572007,O=C1C(=Cc2cn(-c3ccccc3)nc2-c2cccs2)C(C(F)(F)F)=NN1c1ccccc1,0.20847701631851656,binned_cosine_1Da,40,False,predicted_spectrum,4864
CASMI2022,massformer,completed,109,109,272,CASMI_MOL_1196900,CASMI_MOL_570741,570741,COc1cccc2c(NCc3ccccc3)nc(-n3c(N)nc4cc(Cl)c(Cl)cc43)nc12,0.2057450464639483,binned_cosine_1Da,41,False,predicted_spectrum,4864
CASMI2022,massformer,completed,109,109,272,CASMI_MOL_1196900,CASMI_MOL_568999,568999,O=C(C=Cc1c(F)c(F)c(F)c(F)c1P(c1ccccc1)c1ccccc1)c1ccccc1,0.20316774904929066,binned_cosine_1Da,42,False,predicted_spectrum,4864
CASMI2022,massformer,completed,109,109,272,CASMI_MOL_1196900,CASMI_MOL_571595,571595,Cc1ccc(C2c3c(c4ccccc4oc3=O)Oc3ncn4nc(-c5ccccc5)nc4c32)s1,0.19401286254322167,binned_cosine_1Da,43,False,predicted_spectrum,4864
CASMI2022,massformer,completed,109,109,272,CASMI_MOL_1196900,CASMI_MOL_568828,568828,O=[N+]([O-])c1ccc(NN=C2c3ccc(O)cc3OCC2c2ccc3c(c2)OCO3)c([N+](=O)[O-])c1,0.19238796475448108,binned_cosine_1Da,44,False,predicted_spectrum,4864
CASMI2022,massformer,completed,109,109,272,CASMI_MOL_1196900,CASMI_MOL_569765,569765,O=C(Nc1ccc(Oc2ccc3c(c2)N(C(=O)O)C(C(=O)O)C3)nc1)c1ccc([N+](=O)[O-])cc1,0.18844809377837413,binned_cosine_1Da,45,False,predicted_spectrum,4864
CASMI2022,massformer,completed,109,109,272,CASMI_MOL_1196900,CASMI_MOL_569303,569303,NS(=O)(=O)c1ccc(-c2cnc3[nH]cc(C4=CCN(C(=O)c5cccs5)CC4)c3c2)cc1,0.18272443287040677,binned_cosine_1Da,46,False,predicted_spectrum,4864
CASMI2022,massformer,completed,109,109,272,CASMI_MOL_1196900,CASMI_MOL_568462,568462,CC1=CC(C(=O)Oc2cn3cnc(SCC(O)CN=[N+]=[N-])c3s2)N2C(=O)C(C(C)O)C12,0.18115176444072462,binned_cosine_1Da,47,False,predicted_spectrum,4864
CASMI2022,massformer,completed,109,109,272,CASMI_MOL_1196900,CASMI_MOL_568726,568726,Cn1cc(-c2ccc(-c3ccc(C(F)(F)F)c(S(N)(=O)=O)c3-c3nn[nH]n3)cc2)nc1N,0.17832485789003308,binned_cosine_1Da,48,False,predicted_spectrum,4864
CASMI2022,massformer,completed,109,109,272,CASMI_MOL_1196900,CASMI_MOL_571581,571581,CC(=O)c1ccc(NC(=O)C(C)Sc2nc3scc(-c4ccccc4)c3c(=O)n2N)cc1,0.17779859306335616,binned_cosine_1Da,49,False,predicted_spectrum,4864
CASMI2022,massformer,completed,109,109,272,CASMI_MOL_1196900,CASMI_MOL_572757,572757,COc1ccc(Cl)cc1N1C(=O)C(=Nc2cc(C)ccc2C)C(Sc2ccccc2)C1=O,0.1764288255997196,binned_cosine_1Da,50,False,predicted_spectrum,4864
CASMI2022,massformer,completed,109,109,272,CASMI_MOL_1196900,CASMI_MOL_568604,568604,O=C(O)c1cn(-c2nccs2)c2nc(N3CC(C(=O)Cc4ccccc4)C3)c(F)cc2c1=O,0.17464432749789094,binned_cosine_1Da,51,False,predicted_spectrum,4864
CASMI2022,massformer,completed,109,109,272,CASMI_MOL_1196900,CASMI_MOL_571007,571007,COc1cccc(C2NC(=O)N(Cc3cccs3)C(C)=C2c2nc(-c3cccs3)no2)c1,0.1744446284241554,binned_cosine_1Da,52,False,predicted_spectrum,4864
CASMI2022,massformer,completed,109,109,272,CASMI_MOL_1196900,CASMI_MOL_572407,572407,NS(=O)(=O)c1cccc(NC(=O)CSc2nc(-c3ccccc3)c(-c3ccccc3)[nH]2)c1,0.17344918671119466,binned_cosine_1Da,53,False,predicted_spectrum,4864
CASMI2022,massformer,completed,109,109,272,CASMI_MOL_1196900,CASMI_MOL_571965,571965,C=c1[nH]n(-c2ccccc2)c(=O)c1=c1sc(=C2Sc3ccc(OC)cc3N2C)c(=O)n1C,0.173152381237919,binned_cosine_1Da,54,False,predicted_spectrum,4864
CASMI2022,massformer,completed,109,109,272,CASMI_MOL_1196900,CASMI_MOL_572600,572600,C=c1[nH]n(-c2ccccc2)c(=O)c1=c1sc(=C2Sc3ccc(OC)cc3N2C)c(=O)n1C,0.173152381237919,binned_cosine_1Da,55,False,predicted_spectrum,4864
CASMI2022,massformer,completed,109,109,272,CASMI_MOL_1196900,CASMI_MOL_572846,572846,C=c1[nH]n(-c2ccccc2)c(=O)c1=c1sc(=C2Sc3ccc(OC)cc3N2C)c(=O)n1C,0.173152381237919,binned_cosine_1Da,56,False,predicted_spectrum,4864
CASMI2022,massformer,completed,109,109,272,CASMI_MOL_1196900,CASMI_MOL_570162,570162,CC(O)C(O)C(O)C(O)C(=O)Oc1cc(O)c2c(=O)c(O)c(-c3ccc(O)c(O)c3)oc2c1,0.1711070780802552,binned_cosine_1Da,57,False,predicted_spectrum,4864
CASMI2022,massformer,completed,109,109,272,CASMI_MOL_1196900,CASMI_MOL_570289,570289,Cc1cc(-c2nc(-c3cccc(OC(F)(F)F)c3)no2)ccc1-c1ccccc1C(F)(F)F,0.1708501357725471,binned_cosine_1Da,58,False,predicted_spectrum,4864
CASMI2022,massformer,completed,109,109,272,CASMI_MOL_1196900,CASMI_MOL_569830,569830,C=C(C(=O)OCC(=O)OC1OC2C(C)OC(=O)C2C1C(=O)OC1CCCC1=O)C(F)(F)F,0.17018819998431656,binned_cosine_1Da,59,False,predicted_spectrum,4864
CASMI2022,massformer,completed,109,109,272,CASMI_MOL_1196900,CASMI_MOL_568749,568749,O=C(c1ccc2ccccc2n1)N1c2ccccc2N(C(=O)c2ccc3ccccc3n2)[S+]1[O-],0.16960635091796286,binned_cosine_1Da,60,False,predicted_spectrum,4864
CASMI2022,massformer,completed,109,109,272,CASMI_MOL_1196900,CASMI_MOL_570415,570415,COc1c(O)cc2c(c1O)C1OC(COC(=O)c3cccc(O)c3O)C(O)C(O)C1OC2=O,0.16889534654398228,binned_cosine_1Da,61,False,predicted_spectrum,4864
CASMI2022,massformer,completed,109,109,272,CASMI_MOL_1196900,CASMI_MOL_570654,570654,COc1c(O)cc2c(c1O)C1OC(COC(=O)c3cccc(O)c3O)C(O)C(O)C1OC2=O,0.16889534654398228,binned_cosine_1Da,62,False,predicted_spectrum,4864
CASMI2022,massformer,completed,109,109,272,CASMI_MOL_1196900,CASMI_MOL_568028,568028,O=C(OCC#CCN1C(=O)c2ccccc2C1=O)c1cc(-c2cccc(C(F)(F)F)c2)ccn1,0.1688276717401913,binned_cosine_1Da,63,False,predicted_spectrum,4864
CASMI2022,massformer,completed,109,109,272,CASMI_MOL_1196900,CASMI_MOL_568782,568782,CN1C(=O)C23SSC1C(=O)N2C1Nc2ccccc2C1(c1c[nH]c2ccccc12)C3(C)O,0.1685660213536434,binned_cosine_1Da,64,False,predicted_spectrum,4864
CASMI2022,massformer,completed,109,109,272,CASMI_MOL_1196900,CASMI_MOL_570161,570161,CC(O)C(O)C(O)C(O)C(=O)Oc1cc(-c2oc3cc(O)cc(O)c3c(=O)c2O)ccc1O,0.16846837244798937,binned_cosine_1Da,65,False,predicted_spectrum,4864
CASMI2022,massformer,completed,109,109,272,CASMI_MOL_1196900,CASMI_MOL_568215,568215,COc1ccc(-c2oc3cc(OC(=O)C(O)C(O)C(O)CO)cc(O)c3c(=O)c2O)cc1O,0.1684397292277633,binned_cosine_1Da,66,False,predicted_spectrum,4864
CASMI2022,massformer,completed,109,109,272,CASMI_MOL_1196900,CASMI_MOL_568216,568216,COc1ccc(-c2oc3cc(OC(=O)C(O)C(O)C(O)CO)cc(O)c3c(=O)c2O)cc1O,0.1684397292277633,binned_cosine_1Da,67,False,predicted_spectrum,4864
CASMI2022,massformer,completed,109,109,272,CASMI_MOL_1196900,CASMI_MOL_568147,568147,O=C(OC1C(O)C(CO)CC2c3c(cc(O)c(O)c3O)C(=O)OC21)c1cc(O)c(O)c(O)c1,0.16826644347750508,binned_cosine_1Da,68,False,predicted_spectrum,4864
CASMI2022,massformer,completed,109,109,272,CASMI_MOL_1196900,CASMI_MOL_568148,568148,O=C(OC1C(O)C(CO)CC2c3c(cc(O)c(O)c3O)C(=O)OC21)c1cc(O)c(O)c(O)c1,0.16826644347750508,binned_cosine_1Da,69,False,predicted_spectrum,4864
CASMI2022,massformer,completed,109,109,272,CASMI_MOL_1196900,CASMI_MOL_568618,568618,CC(=C1CSC2C(NC(=O)C(=NO)c3csc(N)n3)C(=O)N2C1C(=O)[O-])[NH+]1CC=CC1,0.1673276209983718,binned_cosine_1Da,70,False,predicted_spectrum,4864
CASMI2022,massformer,completed,109,109,272,CASMI_MOL_1196900,CASMI_MOL_569305,569305,NS(=O)(=O)c1cccc(-c2cnc3[nH]cc(C4=CCN(C(=O)c5cccs5)CC4)c3c2)c1,0.16658569077206123,binned_cosine_1Da,71,False,predicted_spectrum,4864
CASMI2022,massformer,completed,109,109,272,CASMI_MOL_1196900,CASMI_MOL_569828,569828,O=c1[nH]n(-c2ccc(S)cc2)c(O)c1CC=CC=Cc1c[nH]n(-c2ccc(S)cc2)c1=O,0.16632116293590482,binned_cosine_1Da,72,False,predicted_spectrum,4864
CASMI2022,massformer,completed,109,109,272,CASMI_MOL_1196900,CASMI_MOL_572760,572760,COc1ccc(Cl)cc1N1C(=O)C(=Nc2cccc(C)c2C)C(Sc2ccccc2)C1=O,0.16629757483666477,binned_cosine_1Da,73,False,predicted_spectrum,4864
CASMI2022,massformer,completed,109,109,272,CASMI_MOL_1196900,CASMI_MOL_569037,569037,O=C(C=Cc1ccc(O)c(OC(O)(O)O)c1)CC(=O)C=Cc1ccc(O)c(OC(O)(O)O)c1,0.16552606005506365,binned_cosine_1Da,74,False,predicted_spectrum,4864
CASMI2022,massformer,completed,109,109,272,CASMI_MOL_1196900,CASMI_MOL_569287,569287,O=C1CC(O)Cc2oc(-c3ccc(O)c(O)c3)c(OC3CC(O)C(O)C(C(=O)O)O3)c(=O)c21,0.16318889671519107,binned_cosine_1Da,75,False,predicted_spectrum,4864
CASMI2022,massformer,completed,109,109,272,CASMI_MOL_1196900,CASMI_MOL_568093,568093,C=C(C)C(=O)OC1C2CCC1C(C(=O)OC(C(F)(F)F)C(F)(F)S(=O)(=O)O)C2CC,0.1630623973626952,binned_cosine_1Da,76,False,predicted_spectrum,4864
CASMI2022,massformer,completed,109,109,272,CASMI_MOL_1196900,CASMI_MOL_568052,568052,CC1(O)CCCC1C1CC2SC1CC2C(=O)OCCC(F)(F)C(F)(F)S(=O)(=O)O,0.16165427204542365,binned_cosine_1Da,77,False,predicted_spectrum,4864
CASMI2022,massformer,completed,109,109,272,CASMI_MOL_1196900,CASMI_MOL_569111,569111,CCN1C(=O)C(=Cc2ccc(Oc3ccc([N+](=O)[O-])cn3)cc2)SC1=Nc1ccc(F)cc1,0.16129362168398861,binned_cosine_1Da,78,False,predicted_spectrum,4864
CASMI2022,massformer,completed,109,109,272,CASMI_MOL_1196900,CASMI_MOL_570401,570401,CC(=O)C1(S)OC(C(=O)C(O)CCC(=O)O)C(O)(C(C)=O)C(O)(C(C)=O)C1(O)C(C)=O,0.16069198548322874,binned_cosine_1Da,79,False,predicted_spectrum,4864
CASMI2022,massformer,completed,109,109,272,CASMI_MOL_1196900,CASMI_MOL_570151,570151,N#Cc1cc(-c2nc3cncnc3s2)ccc1Oc1ccccc1C(=O)OCc1ccccc1,0.15900242094203,binned_cosine_1Da,80,False,predicted_spectrum,4864
CASMI2022,massformer,completed,109,109,272,CASMI_MOL_1196900,CASMI_MOL_569077,569077,CCC(=O)OC12CC3CC(C1)C(C(=O)OC(C(F)(F)F)C(F)(F)S(=O)(=O)O)C(C3)C2,0.15826729908021356,binned_cosine_1Da,81,False,predicted_spectrum,4864
CASMI2022,massformer,completed,109,109,272,CASMI_MOL_1196900,CASMI_MOL_569990,569990,CC1(C)OC(=O)C(=CC=CC2C(=O)OC3(CCC4(CC3)OC(=O)CC(=O)O4)OC2=O)C(=O)O1,0.1577706936442599,binned_cosine_1Da,82,False,predicted_spectrum,4864
CASMI2022,massformer,completed,109,109,272,CASMI_MOL_1196900,CASMI_MOL_570318,570318,CC1(C)OC(=O)C(=CC=CC2C(=O)OC3(CCC4(CC3)OC(=O)CC(=O)O4)OC2=O)C(=O)O1,0.1577706936442599,binned_cosine_1Da,83,False,predicted_spectrum,4864
CASMI2022,massformer,completed,109,109,272,CASMI_MOL_1196900,CASMI_MOL_572644,572644,NS(=O)(=O)c1ccc(NC(=O)CSc2nc(-c3ccccc3)c(-c3ccccc3)[nH]2)cc1,0.1575063056873458,binned_cosine_1Da,84,False,predicted_spectrum,4864
CASMI2022,massformer,completed,109,109,272,CASMI_MOL_1196900,CASMI_MOL_568930,568930,O=C(O)c1ccccc1C1(O)C(=O)C([N+](=O)[O-])=C2N(Cc3ccc(C(F)(F)F)nc3)CCN21,0.15630967346494334,binned_cosine_1Da,85,False,predicted_spectrum,4864
CASMI2022,massformer,completed,109,109,272,CASMI_MOL_1196900,CASMI_MOL_568573,568573,O=C(O)CCc1csc(Nc2ncc(Sc3ccncc3)cc2OC2=CCC=CC=C2)n1,0.15629673543626707,binned_cosine_1Da,86,False,predicted_spectrum,4864
CASMI2022,massformer,completed,109,109,272,CASMI_MOL_1196900,CASMI_MOL_571199,571199,CC(Sc1nnc(-c2ccccc2)c2ccccc12)C(=O)Nc1ccc(S(N)(=O)=O)cc1,0.15629356390386348,binned_cosine_1Da,87,False,predicted_spectrum,4864
CASMI2022,massformer,completed,109,109,272,CASMI_MOL_1196900,CASMI_MOL_571200,571200,CC(Sc1nnc(-c2ccccc2)c2ccccc12)C(=O)Nc1ccc(S(N)(=O)=O)cc1,0.15629356390386348,binned_cosine_1Da,88,False,predicted_spectrum,4864
CASMI2022,massformer,completed,109,109,272,CASMI_MOL_1196900,CASMI_MOL_572055,572055,CC(Sc1nnc(-c2ccccc2)c2ccccc12)C(=O)Nc1ccc(S(N)(=O)=O)cc1,0.15629356390386348,binned_cosine_1Da,89,False,predicted_spectrum,4864
CASMI2022,massformer,completed,109,109,272,CASMI_MOL_1196900,CASMI_MOL_568791,568791,O=c1[nH]n2c(c1NNc1ccc(Cl)cc1)Nc1ccc(O)cc1C2c1ccc([N+](=O)[O-])cc1,0.15628328484666063,binned_cosine_1Da,90,False,predicted_spectrum,4864
CASMI2022,massformer,completed,109,109,272,CASMI_MOL_1196900,CASMI_MOL_570348,570348,O=C(CCOC(=O)C12CC3CC(CC(C3)C1)C2)OC(C(F)(F)F)C(F)(F)S(=O)(=O)O,0.15619377947225382,binned_cosine_1Da,91,False,predicted_spectrum,4864
CASMI2022,massformer,completed,109,109,272,CASMI_MOL_1196900,CASMI_MOL_568086,568086,C=C(C)C(=O)OC12CC3CC(C1)C(C(O)OC(C(F)(F)F)C(F)(F)S(=O)(=O)O)(C3)C2,0.15579295659872477,binned_cosine_1Da,92,False,predicted_spectrum,4864
CASMI2022,massformer,completed,109,109,272,CASMI_MOL_1196900,CASMI_MOL_568727,568727,Cc1cc(-c2nn(-c3ccc(C(F)(F)F)cc3)c(=O)c3ccccc23)ccc1OC(F)(F)F,0.1555847923201772,binned_cosine_1Da,93,False,predicted_spectrum,4864
CASMI2022,massformer,completed,109,109,272,CASMI_MOL_1196900,CASMI_MOL_571662,571662,COc1ccc(Cl)cc1Nc1ncnc(NNC(=O)c2cccc3ccccc23)c1[N+](=O)[O-],0.15549934194188142,binned_cosine_1Da,94,False,predicted_spectrum,4864
CASMI2022,massformer,completed,109,109,272,CASMI_MOL_1196900,CASMI_MOL_571473,571473,COc1ccc2ccccc2c1-c1c(OC(=O)C2(C)C(C)C2(Cl)Cl)ccc2ccccc12,0.15304915106077555,binned_cosine_1Da,95,False,predicted_spectrum,4864
CASMI2022,massformer,completed,109,109,272,CASMI_MOL_1196900,CASMI_MOL_571474,571474,COc1ccc2ccccc2c1-c1c(OC(=O)C2(C)C(C)C2(Cl)Cl)ccc2ccccc12,0.15304915106077555,binned_cosine_1Da,96,False,predicted_spectrum,4864
CASMI2022,massformer,completed,109,109,272,CASMI_MOL_1196900,CASMI_MOL_571475,571475,COc1ccc2ccccc2c1-c1c(OC(=O)C2(C)C(C)C2(Cl)Cl)ccc2ccccc12,0.15304915106077555,binned_cosine_1Da,97,False,predicted_spectrum,4864
CASMI2022,massformer,completed,109,109,272,CASMI_MOL_1196900,CASMI_MOL_571476,571476,COc1ccc2ccccc2c1-c1c(OC(=O)C2(C)C(C)C2(Cl)Cl)ccc2ccccc12,0.15304915106077555,binned_cosine_1Da,98,False,predicted_spectrum,4864
CASMI2022,massformer,completed,109,109,272,CASMI_MOL_1196900,CASMI_MOL_571773,571773,O=C(Nc1nc(-c2ccccc2)cs1)c1cc(-c2ccco2)nc2onc(-c3ccccc3)c12,0.1528161358328819,binned_cosine_1Da,99,False,predicted_spectrum,4864
CASMI2022,massformer,completed,109,109,272,CASMI_MOL_1196900,CASMI_MOL_570308,570308,COc1ccccc1-c1cc2c(s1)CCc1cnc(Nc3cccc(S(N)(=O)=O)c3)nc1-2,0.15262114448742403,binned_cosine_1Da,100,False,predicted_spectrum,4864
CASMI2022,massformer,completed,109,109,272,CASMI_MOL_1196900,CASMI_MOL_1196900,1196900,O=c1c(O)c(-c2c(O)cccc2OC2OC(CO)C(O)C(O)C2O)oc2cc(O)cc(O)c12,0.14321188391598963,binned_cosine_1Da,196,True,predicted_spectrum,4864
CASMI2022,massformer,completed,111,111,278,CASMI_MOL_1196902,CASMI_MOL_575896,575896,CCC(=O)ON1CCNCC1=O,0.5701588762462834,binned_cosine_1Da,1,False,predicted_spectrum,2744
CASMI2022,massformer,completed,111,111,278,CASMI_MOL_1196902,CASMI_MOL_574631,574631,N#CCN1CC(O)C(O)C(O)C1,0.5493013666227642,binned_cosine_1Da,2,False,predicted_spectrum,2744
CASMI2022,massformer,completed,111,111,278,CASMI_MOL_1196902,CASMI_MOL_575086,575086,N#CCN1CC(O)C(O)C(O)C1,0.5493013666227642,binned_cosine_1Da,3,False,predicted_spectrum,2744
CASMI2022,massformer,completed,111,111,278,CASMI_MOL_1196902,CASMI_MOL_575555,575555,CC1CC(=O)CCN1C(=O)ON,0.5107049033828904,binned_cosine_1Da,4,False,predicted_spectrum,2744
CASMI2022,massformer,completed,111,111,278,CASMI_MOL_1196902,CASMI_MOL_575556,575556,CC1CC(=O)CCN1C(=O)ON,0.5107049033828904,binned_cosine_1Da,5,False,predicted_spectrum,2744
CASMI2022,massformer,completed,111,111,278,CASMI_MOL_1196902,CASMI_MOL_574839,574839,NCCCc1nc(C(O)O)co1,0.5040872371525974,binned_cosine_1Da,6,False,predicted_spectrum,2744
CASMI2022,massformer,completed,111,111,278,CASMI_MOL_1196902,CASMI_MOL_574327,574327,CON=CC(=O)N1CC(C)(O)C1,0.4914544442860814,binned_cosine_1Da,7,False,predicted_spectrum,2744
CASMI2022,massformer,completed,111,111,278,CASMI_MOL_1196902,CASMI_MOL_573733,573733,CNCCn1c(O)cc(O)c1O,0.488372920821588,binned_cosine_1Da,8,False,predicted_spectrum,2744
CASMI2022,massformer,completed,111,111,278,CASMI_MOL_1196902,CASMI_MOL_575937,575937,CCCn1cc(C(O)O)[nH]c1=O,0.47458977469524877,binned_cosine_1Da,9,False,predicted_spectrum,2744
CASMI2022,massformer,completed,111,111,278,CASMI_MOL_1196902,CASMI_MOL_574134,574134,CCC(C#N)C(O)CC[N+](=O)[O-],0.47116430676708176,binned_cosine_1Da,10,False,predicted_spectrum,2744
CASMI2022,massformer,completed,111,111,278,CASMI_MOL_1196902,CASMI_MOL_574098,574098,O=C1OCCNC1CCC=NO,0.4612819411124889,binned_cosine_1Da,11,False,predicted_spectrum,2744
CASMI2022,massformer,completed,111,111,278,CASMI_MOL_1196902,CASMI_MOL_574546,574546,C=NOC1CNC(C(=O)OC)C1,0.4487732129038827,binned_cosine_1Da,12,False,predicted_spectrum,2744
CASMI2022,massformer,completed,111,111,278,CASMI_MOL_1196902,CASMI_MOL_574966,574966,NCCn1cc(C(O)O)cc1O,0.4467066556527219,binned_cosine_1Da,13,False,predicted_spectrum,2744
CASMI2022,massformer,completed,111,111,278,CASMI_MOL_1196902,CASMI_MOL_574967,574967,NCCn1cc(C(O)O)cc1O,0.4467066556527219,binned_cosine_1Da,14,False,predicted_spectrum,2744
CASMI2022,massformer,completed,111,111,278,CASMI_MOL_1196902,CASMI_MOL_575521,575521,NCCn1cc(C(O)O)cc1O,0.4467066556527219,binned_cosine_1Da,15,False,predicted_spectrum,2744
CASMI2022,massformer,completed,111,111,278,CASMI_MOL_1196902,CASMI_MOL_574666,574666,COC(=O)C1CN(C=O)CCN1,0.4391486044769033,binned_cosine_1Da,16,False,predicted_spectrum,2744
CASMI2022,massformer,completed,111,111,278,CASMI_MOL_1196902,CASMI_MOL_575389,575389,COc1noc(C(O)CN)c1C,0.43858974248697674,binned_cosine_1Da,17,False,predicted_spectrum,2744
CASMI2022,massformer,completed,111,111,278,CASMI_MOL_1196902,CASMI_MOL_573755,573755,COc1cc(O)n(CCN)c1O,0.43857155531186837,binned_cosine_1Da,18,False,predicted_spectrum,2744
CASMI2022,massformer,completed,111,111,278,CASMI_MOL_1196902,CASMI_MOL_574238,574238,COc1cc(O)n(CCN)c1O,0.43857155531186837,binned_cosine_1Da,19,False,predicted_spectrum,2744
CASMI2022,massformer,completed,111,111,278,CASMI_MOL_1196902,CASMI_MOL_575592,575592,COc1cc(O)n(CCN)c1O,0.43857155531186837,binned_cosine_1Da,20,False,predicted_spectrum,2744
CASMI2022,massformer,completed,111,111,278,CASMI_MOL_1196902,CASMI_MOL_573717,573717,COCC(=O)N1CCNCC1=O,0.43785120974499137,binned_cosine_1Da,21,False,predicted_spectrum,2744
CASMI2022,massformer,completed,111,111,278,CASMI_MOL_1196902,CASMI_MOL_573846,573846,CO[NH+]([O-])C1CC=CCC1=NO,0.43520114631529244,binned_cosine_1Da,22,False,predicted_spectrum,2744
CASMI2022,massformer,completed,111,111,278,CASMI_MOL_1196902,CASMI_MOL_576029,576029,COC1CN(C=O)CCN1C=O,0.43514387073978583,binned_cosine_1Da,23,False,predicted_spectrum,2744
CASMI2022,massformer,completed,111,111,278,CASMI_MOL_1196902,CASMI_MOL_574168,574168,COC(=O)C1CCCN(N=O)C1,0.43385997576353247,binned_cosine_1Da,24,False,predicted_spectrum,2744
CASMI2022,massformer,completed,111,111,278,CASMI_MOL_1196902,CASMI_MOL_574214,574214,NOC(=O)C1(O)NCCC12CC2,0.4318870311019959,binned_cosine_1Da,25,False,predicted_spectrum,2744
CASMI2022,massformer,completed,111,111,278,CASMI_MOL_1196902,CASMI_MOL_573944,573944,COC(=O)C1(N)CCN(C=O)C1,0.4318173447223359,binned_cosine_1Da,26,False,predicted_spectrum,2744
CASMI2022,massformer,completed,111,111,278,CASMI_MOL_1196902,CASMI_MOL_574459,574459,CNC(=O)C(=O)N1CCC(O)C1,0.4291237291047983,binned_cosine_1Da,27,False,predicted_spectrum,2744
CASMI2022,massformer,completed,111,111,278,CASMI_MOL_1196902,CASMI_MOL_573931,573931,Cc1cc(C(N)(CO)CO)on1,0.42848631034319645,binned_cosine_1Da,28,False,predicted_spectrum,2744
CASMI2022,massformer,completed,111,111,278,CASMI_MOL_1196902,CASMI_MOL_575257,575257,O=CCCCN1CCN(O)C1=O,0.42728864048393683,binned_cosine_1Da,29,False,predicted_spectrum,2744
CASMI2022,massformer,completed,111,111,278,CASMI_MOL_1196902,CASMI_MOL_575947,575947,CC1CC(C)(C(O)=NO)NC1=O,0.4269193270057372,binned_cosine_1Da,30,False,predicted_spectrum,2744
CASMI2022,massformer,completed,111,111,278,CASMI_MOL_1196902,CASMI_MOL_573807,573807,COc1cc(C(C)CON)on1,0.426595602331678,binned_cosine_1Da,31,False,predicted_spectrum,2744
CASMI2022,massformer,completed,111,111,278,CASMI_MOL_1196902,CASMI_MOL_576005,576005,COC(=O)C(=O)N1CCNCC1,0.42648691117222587,binned_cosine_1Da,32,False,predicted_spectrum,2744
CASMI2022,massformer,completed,111,111,278,CASMI_MOL_1196902,CASMI_MOL_575420,575420,COc1cnc(C(C)N(C)O)o1,0.42450296314395575,binned_cosine_1Da,33,False,predicted_spectrum,2744
CASMI2022,massformer,completed,111,111,278,CASMI_MOL_1196902,CASMI_MOL_576242,576242,CC1CCN(CC(O)=NO)C1=O,0.4234131792140162,binned_cosine_1Da,34,False,predicted_spectrum,2744
CASMI2022,massformer,completed,111,111,278,CASMI_MOL_1196902,CASMI_MOL_573801,573801,COc1cc(CC(O)CN)on1,0.4229901416311383,binned_cosine_1Da,35,False,predicted_spectrum,2744
CASMI2022,massformer,completed,111,111,278,CASMI_MOL_1196902,CASMI_MOL_575966,575966,CC1(C)CC(C(O)=NO)NC1=O,0.42224892049535395,binned_cosine_1Da,36,False,predicted_spectrum,2744
CASMI2022,massformer,completed,111,111,278,CASMI_MOL_1196902,CASMI_MOL_574842,574842,CNCCc1nc(C(O)O)co1,0.4214362179301862,binned_cosine_1Da,37,False,predicted_spectrum,2744
CASMI2022,massformer,completed,111,111,278,CASMI_MOL_1196902,CASMI_MOL_575408,575408,CN(C)n1cc(C(O)O)cc1O,0.4194835681202991,binned_cosine_1Da,38,False,predicted_spectrum,2744
CASMI2022,massformer,completed,111,111,278,CASMI_MOL_1196902,CASMI_MOL_574181,574181,O=C(C1CCNO1)C1CCNO1,0.41917465939589194,binned_cosine_1Da,39,False,predicted_spectrum,2744
CASMI2022,massformer,completed,111,111,278,CASMI_MOL_1196902,CASMI_MOL_574173,574173,COC(=O)C1CNCCN1C=O,0.4189657254932364,binned_cosine_1Da,40,False,predicted_spectrum,2744
CASMI2022,massformer,completed,111,111,278,CASMI_MOL_1196902,CASMI_MOL_575193,575193,O=CN1CCCC(C(O)=NO)C1,0.4183005451144234,binned_cosine_1Da,41,False,predicted_spectrum,2744
CASMI2022,massformer,completed,111,111,278,CASMI_MOL_1196902,CASMI_MOL_573800,573800,COc1cc(C(O)CCN)on1,0.41749126406048054,binned_cosine_1Da,42,False,predicted_spectrum,2744
CASMI2022,massformer,completed,111,111,278,CASMI_MOL_1196902,CASMI_MOL_573804,573804,COc1cc(C(O)CCN)on1,0.41749126406048054,binned_cosine_1Da,43,False,predicted_spectrum,2744
CASMI2022,massformer,completed,111,111,278,CASMI_MOL_1196902,CASMI_MOL_575418,575418,COc1cc(C(O)CCN)on1,0.41749126406048054,binned_cosine_1Da,44,False,predicted_spectrum,2744
CASMI2022,massformer,completed,111,111,278,CASMI_MOL_1196902,CASMI_MOL_574557,574557,CC1(C(O)=NO)CCC(=O)NC1,0.4156219592433225,binned_cosine_1Da,45,False,predicted_spectrum,2744
CASMI2022,massformer,completed,111,111,278,CASMI_MOL_1196902,CASMI_MOL_574081,574081,O=C1COCC2CN(O)CCN12,0.41457715052017396,binned_cosine_1Da,46,False,predicted_spectrum,2744
CASMI2022,massformer,completed,111,111,278,CASMI_MOL_1196902,CASMI_MOL_574177,574177,O=COCCN1CCNC(=O)C1,0.4125591006132344,binned_cosine_1Da,47,False,predicted_spectrum,2744
CASMI2022,massformer,completed,111,111,278,CASMI_MOL_1196902,CASMI_MOL_573802,573802,COc1cc(C(C)(O)CN)on1,0.41238025795121047,binned_cosine_1Da,48,False,predicted_spectrum,2744
CASMI2022,massformer,completed,111,111,278,CASMI_MOL_1196902,CASMI_MOL_573725,573725,COn1c(O)cc(C(C)N)c1O,0.4117659621986515,binned_cosine_1Da,49,False,predicted_spectrum,2744
CASMI2022,massformer,completed,111,111,278,CASMI_MOL_1196902,CASMI_MOL_573806,573806,COc1cc(C(C)(N)CO)on1,0.4112693877539015,binned_cosine_1Da,50,False,predicted_spectrum,2744
CASMI2022,massformer,completed,111,111,278,CASMI_MOL_1196902,CASMI_MOL_576149,576149,N#CCC1NC(CO)C(O)C1O,0.41120988187904717,binned_cosine_1Da,51,False,predicted_spectrum,2744
CASMI2022,massformer,completed,111,111,278,CASMI_MOL_1196902,CASMI_MOL_574840,574840,COC(O)c1coc(CCN)n1,0.41072443857592034,binned_cosine_1Da,52,False,predicted_spectrum,2744
CASMI2022,massformer,completed,111,111,278,CASMI_MOL_1196902,CASMI_MOL_575667,575667,CCCC1(ON)CC(=O)NC1=O,0.4104780670248647,binned_cosine_1Da,53,False,predicted_spectrum,2744
CASMI2022,massformer,completed,111,111,278,CASMI_MOL_1196902,CASMI_MOL_573803,573803,COc1cc(C(CN)CO)on1,0.4083777824732327,binned_cosine_1Da,54,False,predicted_spectrum,2744
CASMI2022,massformer,completed,111,111,278,CASMI_MOL_1196902,CASMI_MOL_573854,573854,CON=C1CCC(C(=O)O)NC1,0.40830439412160946,binned_cosine_1Da,55,False,predicted_spectrum,2744
CASMI2022,massformer,completed,111,111,278,CASMI_MOL_1196902,CASMI_MOL_574492,574492,CON=C1CCC(C(=O)O)NC1,0.40830439412160946,binned_cosine_1Da,56,False,predicted_spectrum,2744
CASMI2022,massformer,completed,111,111,278,CASMI_MOL_1196902,CASMI_MOL_573890,573890,O=C1OCC2(CO)CNCCN12,0.4080883141678121,binned_cosine_1Da,57,False,predicted_spectrum,2744
CASMI2022,massformer,completed,111,111,278,CASMI_MOL_1196902,CASMI_MOL_575012,575012,COC(=O)C1CCC(=O)N(N)C1,0.4074524559074292,binned_cosine_1Da,58,False,predicted_spectrum,2744
CASMI2022,massformer,completed,111,111,278,CASMI_MOL_1196902,CASMI_MOL_575388,575388,COc1noc(C(N)CO)c1C,0.40586742418002386,binned_cosine_1Da,59,False,predicted_spectrum,2744
CASMI2022,massformer,completed,111,111,278,CASMI_MOL_1196902,CASMI_MOL_574056,574056,O=C(O)N1CC2(CNCCO2)C1,0.403671225500139,binned_cosine_1Da,60,False,predicted_spectrum,2744
CASMI2022,massformer,completed,111,111,278,CASMI_MOL_1196902,CASMI_MOL_575272,575272,NCCCOn1c(O)ccc1O,0.40340500492096987,binned_cosine_1Da,61,False,predicted_spectrum,2744
CASMI2022,massformer,completed,111,111,278,CASMI_MOL_1196902,CASMI_MOL_576322,576322,COC(=O)C1CCN(N=O)CC1,0.40308934957733417,binned_cosine_1Da,62,False,predicted_spectrum,2744
CASMI2022,massformer,completed,111,111,278,CASMI_MOL_1196902,CASMI_MOL_575425,575425,CNCC(O)c1o[nH]c(=O)c1C,0.40234366368391195,binned_cosine_1Da,63,False,predicted_spectrum,2744
CASMI2022,massformer,completed,111,111,278,CASMI_MOL_1196902,CASMI_MOL_575352,575352,NCCC(CO)c1cc(=O)o[nH]1,0.40213684858337767,binned_cosine_1Da,64,False,predicted_spectrum,2744
CASMI2022,massformer,completed,111,111,278,CASMI_MOL_1196902,CASMI_MOL_574490,574490,CC1(C)CCC(=O)N(ON)C1=O,0.40121286598382677,binned_cosine_1Da,65,False,predicted_spectrum,2744
CASMI2022,massformer,completed,111,111,278,CASMI_MOL_1196902,CASMI_MOL_575328,575328,COC(=O)C1(N)CCC(=O)NC1,0.40061913162166957,binned_cosine_1Da,66,False,predicted_spectrum,2744
CASMI2022,massformer,completed,111,111,278,CASMI_MOL_1196902,CASMI_MOL_575217,575217,O=C(O)N1CCC(C=NO)CC1,0.4000285940817371,binned_cosine_1Da,67,False,predicted_spectrum,2744
CASMI2022,massformer,completed,111,111,278,CASMI_MOL_1196902,CASMI_MOL_575224,575224,O=C(O)N1CCC(C=NO)CC1,0.4000285940817371,binned_cosine_1Da,68,False,predicted_spectrum,2744
CASMI2022,massformer,completed,111,111,278,CASMI_MOL_1196902,CASMI_MOL_575664,575664,CN1CCNC(C)(C(=O)O)C1=O,0.3985131971119164,binned_cosine_1Da,69,False,predicted_spectrum,2744
CASMI2022,massformer,completed,111,111,278,CASMI_MOL_1196902,CASMI_MOL_575327,575327,COC(=O)C1(N)CCNC(=O)C1,0.3983180554629379,binned_cosine_1Da,70,False,predicted_spectrum,2744
CASMI2022,massformer,completed,111,111,278,CASMI_MOL_1196902,CASMI_MOL_574174,574174,COC(=O)N1CCNCC1C=O,0.3963525404831706,binned_cosine_1Da,71,False,predicted_spectrum,2744
CASMI2022,massformer,completed,111,111,278,CASMI_MOL_1196902,CASMI_MOL_574320,574320,CN1C(=O)C2(CCOC2)NC1O,0.3959229933420323,binned_cosine_1Da,72,False,predicted_spectrum,2744
CASMI2022,massformer,completed,111,111,278,CASMI_MOL_1196902,CASMI_MOL_574847,574847,CCN1C(=O)CC(N)(CO)C1=O,0.39578885348341375,binned_cosine_1Da,73,False,predicted_spectrum,2744
CASMI2022,massformer,completed,111,111,278,CASMI_MOL_1196902,CASMI_MOL_574017,574017,COCCc1cc(C(N)O)no1,0.39543495593401756,binned_cosine_1Da,74,False,predicted_spectrum,2744
CASMI2022,massformer,completed,111,111,278,CASMI_MOL_1196902,CASMI_MOL_576082,576082,COC(=O)CN1CCNCC1=O,0.39533452707186123,binned_cosine_1Da,75,False,predicted_spectrum,2744
CASMI2022,massformer,completed,111,111,278,CASMI_MOL_1196902,CASMI_MOL_575330,575330,COC(=O)C1CNCC1C(N)=O,0.3952692424300208,binned_cosine_1Da,76,False,predicted_spectrum,2744
CASMI2022,massformer,completed,111,111,278,CASMI_MOL_1196902,CASMI_MOL_575512,575512,COC(=O)C1(CN)CCC(=O)N1,0.3948049991695595,binned_cosine_1Da,77,False,predicted_spectrum,2744
CASMI2022,massformer,completed,111,111,278,CASMI_MOL_1196902,CASMI_MOL_576346,576346,COC(=O)C1(CN)CCC(=O)N1,0.3948049991695595,binned_cosine_1Da,78,False,predicted_spectrum,2744
CASMI2022,massformer,completed,111,111,278,CASMI_MOL_1196902,CASMI_MOL_575911,575911,COC1CC2C(N)C(=O)N2CO1,0.3943781569610809,binned_cosine_1Da,79,False,predicted_spectrum,2744
CASMI2022,massformer,completed,111,111,278,CASMI_MOL_1196902,CASMI_MOL_573781,573781,CC1CN(N=O)CCC1C(=O)O,0.392533914242275,binned_cosine_1Da,80,False,predicted_spectrum,2744
CASMI2022,massformer,completed,111,111,278,CASMI_MOL_1196902,CASMI_MOL_574034,574034,O=NN1CCC2(CC1)OCCO2,0.39235320327574175,binned_cosine_1Da,81,False,predicted_spectrum,2744
CASMI2022,massformer,completed,111,111,278,CASMI_MOL_1196902,CASMI_MOL_573775,573775,CC1CC(C(=O)O)CN(N=O)C1,0.3901035760352737,binned_cosine_1Da,82,False,predicted_spectrum,2744
CASMI2022,massformer,completed,111,111,278,CASMI_MOL_1196902,CASMI_MOL_574263,574263,COC(=O)C1=NOC(C)(CN)C1,0.38993071827604275,binned_cosine_1Da,83,False,predicted_spectrum,2744
CASMI2022,massformer,completed,111,111,278,CASMI_MOL_1196902,CASMI_MOL_575582,575582,O=C(O)N1CCOC2(CNC2)C1,0.38707546044744845,binned_cosine_1Da,84,False,predicted_spectrum,2744
CASMI2022,massformer,completed,111,111,278,CASMI_MOL_1196902,CASMI_MOL_574846,574846,O=C1NNCC2(CCOCC2)O1,0.3867384126048881,binned_cosine_1Da,85,False,predicted_spectrum,2744
CASMI2022,massformer,completed,111,111,278,CASMI_MOL_1196902,CASMI_MOL_575023,575023,CCC1(C(=O)O)NC(=O)CN1C,0.3867282960090173,binned_cosine_1Da,86,False,predicted_spectrum,2744
CASMI2022,massformer,completed,111,111,278,CASMI_MOL_1196902,CASMI_MOL_573797,573797,CNCC(O)c1cc(OC)no1,0.38638115914786697,binned_cosine_1Da,87,False,predicted_spectrum,2744
CASMI2022,massformer,completed,111,111,278,CASMI_MOL_1196902,CASMI_MOL_573776,573776,CC1(C)C(C(=O)O)CCN1N=O,0.38592972301855855,binned_cosine_1Da,88,False,predicted_spectrum,2744
CASMI2022,massformer,completed,111,111,278,CASMI_MOL_1196902,CASMI_MOL_575353,575353,CN1C(=O)CC(N)(CCO)C1=O,0.3859103519309535,binned_cosine_1Da,89,False,predicted_spectrum,2744
CASMI2022,massformer,completed,111,111,278,CASMI_MOL_1196902,CASMI_MOL_574425,574425,NC1CN2C(=O)OCC2CC1O,0.38556617857911285,binned_cosine_1Da,90,False,predicted_spectrum,2744
CASMI2022,massformer,completed,111,111,278,CASMI_MOL_1196902,CASMI_MOL_576273,576273,NC1CN2C(=O)OCC2CC1O,0.38556617857911285,binned_cosine_1Da,91,False,predicted_spectrum,2744
CASMI2022,massformer,completed,111,111,278,CASMI_MOL_1196902,CASMI_MOL_574135,574135,CN1CNC(C)(C(=O)O)CC1=O,0.38491892517267434,binned_cosine_1Da,92,False,predicted_spectrum,2744
CASMI2022,massformer,completed,111,111,278,CASMI_MOL_1196902,CASMI_MOL_575414,575414,COc1oncc1C(O)C(C)N,0.38475112256774224,binned_cosine_1Da,93,False,predicted_spectrum,2744
CASMI2022,massformer,completed,111,111,278,CASMI_MOL_1196902,CASMI_MOL_574202,574202,CC(C)(C)c1c(CO)no[n+]1[O-],0.3844734104164423,binned_cosine_1Da,94,False,predicted_spectrum,2744
CASMI2022,massformer,completed,111,111,278,CASMI_MOL_1196902,CASMI_MOL_574341,574341,CON=CC(=O)N1CCOCC1,0.38429899319771316,binned_cosine_1Da,95,False,predicted_spectrum,2744
CASMI2022,massformer,completed,111,111,278,CASMI_MOL_1196902,CASMI_MOL_573778,573778,O=NN1CCCC(C(=O)O)CC1,0.3837626440541696,binned_cosine_1Da,96,False,predicted_spectrum,2744
CASMI2022,massformer,completed,111,111,278,CASMI_MOL_1196902,CASMI_MOL_573892,573892,CN1C(=O)CCC(N)(CO)C1=O,0.3837139609290484,binned_cosine_1Da,97,False,predicted_spectrum,2744
CASMI2022,massformer,completed,111,111,278,CASMI_MOL_1196902,CASMI_MOL_575294,575294,CN1CC(C(=O)O)CN(C)C1=O,0.38353317980856894,binned_cosine_1Da,98,False,predicted_spectrum,2744
CASMI2022,massformer,completed,111,111,278,CASMI_MOL_1196902,CASMI_MOL_574122,574122,NC1CCN(C=O)CC1OC=O,0.38264499298395016,binned_cosine_1Da,99,False,predicted_spectrum,2744
CASMI2022,massformer,completed,111,111,278,CASMI_MOL_1196902,CASMI_MOL_574482,574482,NC(=O)C1(O)CCN(CC=O)C1,0.38182457157731453,binned_cosine_1Da,100,False,predicted_spectrum,2744
CASMI2022,massformer,completed,111,111,278,CASMI_MOL_1196902,CASMI_MOL_1196902,1196902,O=C(O)CNC(=O)C1CCCN1,0.11046109994941333,binned_cosine_1Da,1767,True,predicted_spectrum,2744
CASMI2022,massformer,completed,112,112,281,CASMI_MOL_1196903,CASMI_MOL_577163,577163,C#CCOCC1OC1Cc1cccc(OCC2CO2)c1,0.7027812725706633,binned_cosine_1Da,1,False,predicted_spectrum,9092
CASMI2022,massformer,completed,112,112,281,CASMI_MOL_1196903,CASMI_MOL_585461,585461,Oc1ccc(OCCCCOc2ccc(O)cc2)cc1,0.6884596236417593,binned_cosine_1Da,2,False,predicted_spectrum,9092
CASMI2022,massformer,completed,112,112,281,CASMI_MOL_1196903,CASMI_MOL_576573,576573,O=Cc1ccc(OCCCOC2=CCC(O)C=C2)cc1,0.6839707324528776,binned_cosine_1Da,3,False,predicted_spectrum,9092
CASMI2022,massformer,completed,112,112,281,CASMI_MOL_1196903,CASMI_MOL_582052,582052,CC(=O)C1(CCC(=O)Oc2ccccc2)CCCC1=O,0.6797579356116077,binned_cosine_1Da,4,False,predicted_spectrum,9092
CASMI2022,massformer,completed,112,112,281,CASMI_MOL_1196903,CASMI_MOL_581980,581980,CC(=CCC(OC1=CC=CC1)OC1=CC=CC1)C(=O)O,0.676938790686675,binned_cosine_1Da,5,False,predicted_spectrum,9092
CASMI2022,massformer,completed,112,112,281,CASMI_MOL_1196903,CASMI_MOL_581340,581340,C#COC1COC(c2ccc(OC)cc2)OC1CC=C,0.6734234174684045,binned_cosine_1Da,6,False,predicted_spectrum,9092
CASMI2022,massformer,completed,112,112,281,CASMI_MOL_1196903,CASMI_MOL_584692,584692,COc1cc(C(=O)OCC2CC3C=CC2C3)ccc1O,0.669990278759207,binned_cosine_1Da,7,False,predicted_spectrum,9092
CASMI2022,massformer,completed,112,112,281,CASMI_MOL_1196903,CASMI_MOL_583550,583550,O=C(O)C1(CC2Cc3ccccc3O2)CC2CCC1O2,0.6683571129738501,binned_cosine_1Da,8,False,predicted_spectrum,9092
CASMI2022,massformer,completed,112,112,281,CASMI_MOL_1196903,CASMI_MOL_584553,584553,O=C(OCC1CC=CCC1)c1cccc2c1OCCO2,0.6673342828258767,binned_cosine_1Da,9,False,predicted_spectrum,9092
CASMI2022,massformer,completed,112,112,281,CASMI_MOL_1196903,CASMI_MOL_581885,581885,C=C1CCC(O)CC12OC2COC(=O)c1ccccc1,0.6667903188021418,binned_cosine_1Da,10,False,predicted_spectrum,9092
CASMI2022,massformer,completed,112,112,281,CASMI_MOL_1196903,CASMI_MOL_577344,577344,CCc1cccc(OC(=O)C=CC=CC(=O)O)c1CC,0.6647062284128155,binned_cosine_1Da,11,False,predicted_spectrum,9092
CASMI2022,massformer,completed,112,112,281,CASMI_MOL_1196903,CASMI_MOL_577749,577749,C#CC=CCOc1ccc(CC(OCC)C(=O)O)cc1,0.6625837444399673,binned_cosine_1Da,12,False,predicted_spectrum,9092
CASMI2022,massformer,completed,112,112,281,CASMI_MOL_1196903,CASMI_MOL_581729,581729,C#CC1(O)COC(CCOC(=O)c2ccc(C)cc2)C1,0.6623993671980569,binned_cosine_1Da,13,False,predicted_spectrum,9092
CASMI2022,massformer,completed,112,112,281,CASMI_MOL_1196903,CASMI_MOL_577208,577208,C=CC(=O)OCC(C)(OC1=CC=CC1)OC1=CC=CC1,0.66183070218891,binned_cosine_1Da,14,False,predicted_spectrum,9092
CASMI2022,massformer,completed,112,112,281,CASMI_MOL_1196903,CASMI_MOL_581952,581952,CC1(C(=O)OOC(=O)C2(C)C=CC=CC2)C=CC=CC1,0.6609061358908714,binned_cosine_1Da,15,False,predicted_spectrum,9092
CASMI2022,massformer,completed,112,112,281,CASMI_MOL_1196903,CASMI_MOL_585172,585172,C=C(c1ccccc1)C1COC2(CCC(=O)CC2)OO1,0.6596719537658099,binned_cosine_1Da,16,False,predicted_spectrum,9092
CASMI2022,massformer,completed,112,112,281,CASMI_MOL_1196903,CASMI_MOL_577033,577033,CCC(COc1ccc(O)cc1)Oc1ccc(O)cc1,0.658682890390581,binned_cosine_1Da,17,False,predicted_spectrum,9092
CASMI2022,massformer,completed,112,112,281,CASMI_MOL_1196903,CASMI_MOL_584659,584659,C=C=C1CC(c2ccc(OC)cc2)OC1CCC(=O)O,0.6586343250745831,binned_cosine_1Da,18,False,predicted_spectrum,9092
CASMI2022,massformer,completed,112,112,281,CASMI_MOL_1196903,CASMI_MOL_579231,579231,COc1ccc(CCC(=O)C2C(=O)CCCC2=O)cc1,0.6562900143967688,binned_cosine_1Da,19,False,predicted_spectrum,9092
CASMI2022,massformer,completed,112,112,281,CASMI_MOL_1196903,CASMI_MOL_578386,578386,C=CC1=CCC2OC(c3ccc(OC)cc3)OCC2O1,0.6552451217412985,binned_cosine_1Da,20,False,predicted_spectrum,9092
CASMI2022,massformer,completed,112,112,281,CASMI_MOL_1196903,CASMI_MOL_581341,581341,C=CC1=CCC2OC(c3ccc(OC)cc3)OCC2O1,0.6552451217412985,binned_cosine_1Da,21,False,predicted_spectrum,9092
CASMI2022,massformer,completed,112,112,281,CASMI_MOL_1196903,CASMI_MOL_581346,581346,O=C(OCC=C1COC2OCCCC12)c1ccccc1,0.6545737513185506,binned_cosine_1Da,22,False,predicted_spectrum,9092
CASMI2022,massformer,completed,112,112,281,CASMI_MOL_1196903,CASMI_MOL_581347,581347,O=C(OCC=C1COC2OCCCC12)c1ccccc1,0.6545737513185506,binned_cosine_1Da,23,False,predicted_spectrum,9092
CASMI2022,massformer,completed,112,112,281,CASMI_MOL_1196903,CASMI_MOL_581304,581304,COc1ccc(C(=O)OC=C2CCCCCC2=O)cc1,0.6544608747029923,binned_cosine_1Da,24,False,predicted_spectrum,9092
CASMI2022,massformer,completed,112,112,281,CASMI_MOL_1196903,CASMI_MOL_577434,577434,CC(=O)CC(=O)OC=Cc1ccc(OCC2CC2)cc1,0.6537767879077702,binned_cosine_1Da,25,False,predicted_spectrum,9092
CASMI2022,massformer,completed,112,112,281,CASMI_MOL_1196903,CASMI_MOL_581655,581655,C#CC(C)OC(=O)CCCC(=O)Oc1cccc(C)c1,0.6536428483914702,binned_cosine_1Da,26,False,predicted_spectrum,9092
CASMI2022,massformer,completed,112,112,281,CASMI_MOL_1196903,CASMI_MOL_580609,580609,OC(CCc1ccco1)c1ccc2c(c1)OCCCO2,0.653519934245704,binned_cosine_1Da,27,False,predicted_spectrum,9092
CASMI2022,massformer,completed,112,112,281,CASMI_MOL_1196903,CASMI_MOL_584559,584559,COC(=O)c1ccc(C(=O)OCC2CC=CCC2)cc1,0.6530860607026976,binned_cosine_1Da,28,False,predicted_spectrum,9092
CASMI2022,massformer,completed,112,112,281,CASMI_MOL_1196903,CASMI_MOL_576556,576556,CC1(C)CC(=O)C(C(=O)COc2ccccc2)C(=O)C1,0.653000251364503,binned_cosine_1Da,29,False,predicted_spectrum,9092
CASMI2022,massformer,completed,112,112,281,CASMI_MOL_1196903,CASMI_MOL_581228,581228,COc1ccc(OC(=O)C2(C=O)CCC=C(C)C2)cc1,0.6529343499310181,binned_cosine_1Da,30,False,predicted_spectrum,9092
CASMI2022,massformer,completed,112,112,281,CASMI_MOL_1196903,CASMI_MOL_582994,582994,C#CCCOC(=O)c1ccc(OC2CCOCC2)cc1,0.6526455362443662,binned_cosine_1Da,31,False,predicted_spectrum,9092
CASMI2022,massformer,completed,112,112,281,CASMI_MOL_1196903,CASMI_MOL_578452,578452,O=C(OCC1CC=CCC1)c1ccc2c(c1)OCCO2,0.6525057797369567,binned_cosine_1Da,32,False,predicted_spectrum,9092
CASMI2022,massformer,completed,112,112,281,CASMI_MOL_1196903,CASMI_MOL_582770,582770,Oc1coc2cc(OC3CCOC4(CCC4)C3)ccc12,0.6523698348101024,binned_cosine_1Da,33,False,predicted_spectrum,9092
CASMI2022,massformer,completed,112,112,281,CASMI_MOL_1196903,CASMI_MOL_584958,584958,C=CCCC(=O)OC(=O)C1(C)Cc2ccc(C)cc2O1,0.6520255015193762,binned_cosine_1Da,34,False,predicted_spectrum,9092
CASMI2022,massformer,completed,112,112,281,CASMI_MOL_1196903,CASMI_MOL_584584,584584,C=CC(=O)OCc1ccc(OC(=O)C2CCCC2)cc1,0.6514976690111296,binned_cosine_1Da,35,False,predicted_spectrum,9092
CASMI2022,massformer,completed,112,112,281,CASMI_MOL_1196903,CASMI_MOL_576716,576716,COc1ccc(COC2=C(C(C)=O)C(=O)CCC2)cc1,0.6493131733043956,binned_cosine_1Da,36,False,predicted_spectrum,9092
CASMI2022,massformer,completed,112,112,281,CASMI_MOL_1196903,CASMI_MOL_581240,581240,C=C(Oc1ccc(C)cc1)C1OC(=O)OC12CCCC2,0.6489983803101401,binned_cosine_1Da,37,False,predicted_spectrum,9092
CASMI2022,massformer,completed,112,112,281,CASMI_MOL_1196903,CASMI_MOL_583389,583389,Oc1cccc(O)c1CCCCc1c(O)cccc1O,0.6477150262792686,binned_cosine_1Da,38,False,predicted_spectrum,9092
CASMI2022,massformer,completed,112,112,281,CASMI_MOL_1196903,CASMI_MOL_581985,581985,C#CC(CC(=O)O)c1ccc(OC2CCCCO2)cc1,0.6471291140016382,binned_cosine_1Da,39,False,predicted_spectrum,9092
CASMI2022,massformer,completed,112,112,281,CASMI_MOL_1196903,CASMI_MOL_577627,577627,CC(=CC=C(C)c1ccc(OC2CO2)cc1)OC1CO1,0.6458289703477649,binned_cosine_1Da,40,False,predicted_spectrum,9092
CASMI2022,massformer,completed,112,112,281,CASMI_MOL_1196903,CASMI_MOL_577680,577680,C#CCOCCOc1ccc(OCCOCC#C)cc1,0.6448413114564989,binned_cosine_1Da,41,False,predicted_spectrum,9092
CASMI2022,massformer,completed,112,112,281,CASMI_MOL_1196903,CASMI_MOL_578820,578820,Cc1ccc(OC(=O)C2CCC(C=O)CC2)cc1C=O,0.6426521753118108,binned_cosine_1Da,42,False,predicted_spectrum,9092
CASMI2022,massformer,completed,112,112,281,CASMI_MOL_1196903,CASMI_MOL_578622,578622,C=C(C)C(=O)OCC(OC1C=CC=C1)OC1C=CC=C1,0.6392394924495253,binned_cosine_1Da,43,False,predicted_spectrum,9092
CASMI2022,massformer,completed,112,112,281,CASMI_MOL_1196903,CASMI_MOL_581452,581452,O=C1CC(c2ccc(OCC3CCC3)cc2)CC(=O)O1,0.6391212769728889,binned_cosine_1Da,44,False,predicted_spectrum,9092
CASMI2022,massformer,completed,112,112,281,CASMI_MOL_1196903,CASMI_MOL_580822,580822,O=C(O)C1(CC2Cc3ccccc3O2)CCCCC1=O,0.6389997646033628,binned_cosine_1Da,45,False,predicted_spectrum,9092
CASMI2022,massformer,completed,112,112,281,CASMI_MOL_1196903,CASMI_MOL_582855,582855,O=C(O)C1(CC2COc3ccccc32)CC2CCC1O2,0.6389751436691216,binned_cosine_1Da,46,False,predicted_spectrum,9092
CASMI2022,massformer,completed,112,112,281,CASMI_MOL_1196903,CASMI_MOL_577619,577619,O=Cc1ccccc1OCC#CC1(O)CCCOCC1,0.6385936536367156,binned_cosine_1Da,47,False,predicted_spectrum,9092
CASMI2022,massformer,completed,112,112,281,CASMI_MOL_1196903,CASMI_MOL_583289,583289,C=Cc1ccc(OCC(=O)OC2CCCC(=O)C2)cc1,0.6384523786564923,binned_cosine_1Da,48,False,predicted_spectrum,9092
CASMI2022,massformer,completed,112,112,281,CASMI_MOL_1196903,CASMI_MOL_579407,579407,CCCCc1ccc(OCc2ccc(C(=O)O)o2)cc1,0.6383952329996863,binned_cosine_1Da,49,False,predicted_spectrum,9092
CASMI2022,massformer,completed,112,112,281,CASMI_MOL_1196903,CASMI_MOL_581215,581215,C=CCCC1OC(OC(=O)c2ccccc2)C=CC1O,0.6374510775148765,binned_cosine_1Da,50,False,predicted_spectrum,9092
CASMI2022,massformer,completed,112,112,281,CASMI_MOL_1196903,CASMI_MOL_579097,579097,C=CCCC(=O)Oc1cccc(OC(=O)CCC=C)c1,0.6374415902969847,binned_cosine_1Da,51,False,predicted_spectrum,9092
CASMI2022,massformer,completed,112,112,281,CASMI_MOL_1196903,CASMI_MOL_585434,585434,CCC(C)c1ccccc1OCc1ccc(C(=O)O)o1,0.6371492962360854,binned_cosine_1Da,52,False,predicted_spectrum,9092
CASMI2022,massformer,completed,112,112,281,CASMI_MOL_1196903,CASMI_MOL_577386,577386,C=C(C)C(=O)OCC=Cc1ccc(OCC2CO2)cc1,0.6366491677148352,binned_cosine_1Da,53,False,predicted_spectrum,9092
CASMI2022,massformer,completed,112,112,281,CASMI_MOL_1196903,CASMI_MOL_578619,578619,C=CCOC(=O)C1(c2ccc(OC)cc2)CCCC1=O,0.6365632716525795,binned_cosine_1Da,54,False,predicted_spectrum,9092
CASMI2022,massformer,completed,112,112,281,CASMI_MOL_1196903,CASMI_MOL_581316,581316,C#CC1OC12C(O)CCC2OCc1ccc(OC)cc1,0.636441281994762,binned_cosine_1Da,55,False,predicted_spectrum,9092
CASMI2022,massformer,completed,112,112,281,CASMI_MOL_1196903,CASMI_MOL_583311,583311,OC1CCC2(CC1)OCC(c1cc3ccccc3o1)O2,0.6336716629888142,binned_cosine_1Da,56,False,predicted_spectrum,9092
CASMI2022,massformer,completed,112,112,281,CASMI_MOL_1196903,CASMI_MOL_581209,581209,CC1(C)C2CC=C(OC(=O)c3cccc(O)c3O)C1C2,0.6331369568078177,binned_cosine_1Da,57,False,predicted_spectrum,9092
CASMI2022,massformer,completed,112,112,281,CASMI_MOL_1196903,CASMI_MOL_585407,585407,COc1ccc(COC(c2ccco2)C(C)C=O)cc1,0.6326513966834031,binned_cosine_1Da,58,False,predicted_spectrum,9092
CASMI2022,massformer,completed,112,112,281,CASMI_MOL_1196903,CASMI_MOL_578877,578877,C=CCC(CCc1ccc2c(c1)OCO2)OC(=O)C=C,0.632429802319591,binned_cosine_1Da,59,False,predicted_spectrum,9092
CASMI2022,massformer,completed,112,112,281,CASMI_MOL_1196903,CASMI_MOL_584556,584556,COC(=O)c1cccc(C(=O)OCC2CC=CCC2)c1,0.6320462347591326,binned_cosine_1Da,60,False,predicted_spectrum,9092
CASMI2022,massformer,completed,112,112,281,CASMI_MOL_1196903,CASMI_MOL_577235,577235,CCC1C=CC(C(=O)Oc2ccc(C(=O)O)cc2)CC1,0.6319778006793388,binned_cosine_1Da,61,False,predicted_spectrum,9092
CASMI2022,massformer,completed,112,112,281,CASMI_MOL_1196903,CASMI_MOL_577574,577574,C=CC(=C)OCCOc1ccc(C2CC2C(=O)O)cc1,0.6315570964701472,binned_cosine_1Da,62,False,predicted_spectrum,9092
CASMI2022,massformer,completed,112,112,281,CASMI_MOL_1196903,CASMI_MOL_583224,583224,C=C(C(=O)O)C(CC)(OC1=CC=CC1)OC1=CC=CC1,0.6298330479494977,binned_cosine_1Da,63,False,predicted_spectrum,9092
CASMI2022,massformer,completed,112,112,281,CASMI_MOL_1196903,CASMI_MOL_581925,581925,C#CCOC1CC(OCc2ccccc2)C2COC1O2,0.6298127441539374,binned_cosine_1Da,64,False,predicted_spectrum,9092
CASMI2022,massformer,completed,112,112,281,CASMI_MOL_1196903,CASMI_MOL_581494,581494,COc1ccc(C(=O)CC(=O)C2CCCCC2=O)cc1,0.6292463036902102,binned_cosine_1Da,65,False,predicted_spectrum,9092
CASMI2022,massformer,completed,112,112,281,CASMI_MOL_1196903,CASMI_MOL_581495,581495,COc1ccc(C(=O)CC(=O)C2CCCCC2=O)cc1,0.6292463036902102,binned_cosine_1Da,66,False,predicted_spectrum,9092
CASMI2022,massformer,completed,112,112,281,CASMI_MOL_1196903,CASMI_MOL_581147,581147,C=CC(OC(=O)C1=CCC1)c1cc(OC)ccc1OC,0.6289911946508895,binned_cosine_1Da,67,False,predicted_spectrum,9092
CASMI2022,massformer,completed,112,112,281,CASMI_MOL_1196903,CASMI_MOL_576802,576802,COc1ccc(COC2=CC(CC=O)=CC(O)C2)cc1,0.6284184849972608,binned_cosine_1Da,68,False,predicted_spectrum,9092
CASMI2022,massformer,completed,112,112,281,CASMI_MOL_1196903,CASMI_MOL_584764,584764,O=CC1CC2(CCc3ccc(C(=O)O)cc3)CCC1O2,0.6281870310088072,binned_cosine_1Da,69,False,predicted_spectrum,9092
CASMI2022,massformer,completed,112,112,281,CASMI_MOL_1196903,CASMI_MOL_581354,581354,O=C(O)C=CC(=O)Oc1ccc(C2CCCCC2)cc1,0.6277545151283773,binned_cosine_1Da,70,False,predicted_spectrum,9092
CASMI2022,massformer,completed,112,112,281,CASMI_MOL_1196903,CASMI_MOL_581372,581372,C1=CC2(C=CCO2)C(C2OCC=CC23C=CCO3)OC1,0.6273415066865408,binned_cosine_1Da,71,False,predicted_spectrum,9092
CASMI2022,massformer,completed,112,112,281,CASMI_MOL_1196903,CASMI_MOL_578449,578449,OCC12C34C=CC5(CCC6(C=CC1(CC3)O6)C52CO)O4,0.6269202475351009,binned_cosine_1Da,72,False,predicted_spectrum,9092
CASMI2022,massformer,completed,112,112,281,CASMI_MOL_1196903,CASMI_MOL_583464,583464,C=Cc1ccc(C(=O)OC2(CC)CCOC(=O)C2)cc1,0.6267813799178783,binned_cosine_1Da,73,False,predicted_spectrum,9092
CASMI2022,massformer,completed,112,112,281,CASMI_MOL_1196903,CASMI_MOL_585284,585284,CC(C)(C)c1ccc(OCc2occc2C(=O)O)cc1,0.6247253218931227,binned_cosine_1Da,74,False,predicted_spectrum,9092
CASMI2022,massformer,completed,112,112,281,CASMI_MOL_1196903,CASMI_MOL_585298,585298,CC(C)(C)c1ccc(OCc2ccoc2C(=O)O)cc1,0.6243821520498346,binned_cosine_1Da,75,False,predicted_spectrum,9092
CASMI2022,massformer,completed,112,112,281,CASMI_MOL_1196903,CASMI_MOL_577787,577787,CC=CCC(=O)Oc1cccc(OC(=O)C=CCC)c1,0.6241835384647262,binned_cosine_1Da,76,False,predicted_spectrum,9092
CASMI2022,massformer,completed,112,112,281,CASMI_MOL_1196903,CASMI_MOL_577788,577788,CC=CCC(=O)Oc1cccc(OC(=O)C=CCC)c1,0.6241835384647262,binned_cosine_1Da,77,False,predicted_spectrum,9092
CASMI2022,massformer,completed,112,112,281,CASMI_MOL_1196903,CASMI_MOL_579096,579096,CC=CCC(=O)Oc1cccc(OC(=O)C=CCC)c1,0.6241835384647262,binned_cosine_1Da,78,False,predicted_spectrum,9092
CASMI2022,massformer,completed,112,112,281,CASMI_MOL_1196903,CASMI_MOL_579098,579098,CC=CCC(=O)Oc1cccc(OC(=O)C=CCC)c1,0.6241835384647262,binned_cosine_1Da,79,False,predicted_spectrum,9092
CASMI2022,massformer,completed,112,112,281,CASMI_MOL_1196903,CASMI_MOL_579833,579833,O=c1ccc2ccc(OCC3(O)CCCCC3)cc2o1,0.6232003925543613,binned_cosine_1Da,80,False,predicted_spectrum,9092
CASMI2022,massformer,completed,112,112,281,CASMI_MOL_1196903,CASMI_MOL_578382,578382,O=CCC1C=CCC(CCOC(=O)c2ccccc2)O1,0.6228378248454077,binned_cosine_1Da,81,False,predicted_spectrum,9092
CASMI2022,massformer,completed,112,112,281,CASMI_MOL_1196903,CASMI_MOL_578647,578647,CC12CC(=O)C(CC1OC(=O)C1=CC=CCC1)C21CO1,0.6228054267797002,binned_cosine_1Da,82,False,predicted_spectrum,9092
CASMI2022,massformer,completed,112,112,281,CASMI_MOL_1196903,CASMI_MOL_580182,580182,CCC(C)c1ccc(OCc2cc(C(=O)O)co2)cc1,0.6223550477643199,binned_cosine_1Da,83,False,predicted_spectrum,9092
CASMI2022,massformer,completed,112,112,281,CASMI_MOL_1196903,CASMI_MOL_584173,584173,CCC(C)c1ccccc1OCc1cc(C(=O)O)co1,0.6215175682157423,binned_cosine_1Da,84,False,predicted_spectrum,9092
CASMI2022,massformer,completed,112,112,281,CASMI_MOL_1196903,CASMI_MOL_577544,577544,C#CC1(COCc2ccccc2)CCC(OC(C)=O)O1,0.6211360354263635,binned_cosine_1Da,85,False,predicted_spectrum,9092
CASMI2022,massformer,completed,112,112,281,CASMI_MOL_1196903,CASMI_MOL_584378,584378,COc1ccc(OCC(O)c2ccc(OC)cc2)cc1,0.6197031805397484,binned_cosine_1Da,86,False,predicted_spectrum,9092
CASMI2022,massformer,completed,112,112,281,CASMI_MOL_1196903,CASMI_MOL_577887,577887,O=C(O)c1ccc(C(=O)OC=CC2CCCCC2)cc1,0.6195814666617091,binned_cosine_1Da,87,False,predicted_spectrum,9092
CASMI2022,massformer,completed,112,112,281,CASMI_MOL_1196903,CASMI_MOL_576460,576460,COC(=O)C1=C(C(=O)c2ccc(OC)cc2)CCCC1,0.61934744696988,binned_cosine_1Da,88,False,predicted_spectrum,9092
CASMI2022,massformer,completed,112,112,281,CASMI_MOL_1196903,CASMI_MOL_577053,577053,CC(C)(COc1ccc(O)cc1)Oc1ccc(O)cc1,0.6190182039572,binned_cosine_1Da,89,False,predicted_spectrum,9092
CASMI2022,massformer,completed,112,112,281,CASMI_MOL_1196903,CASMI_MOL_580181,580181,CCC(C)c1ccc(OCc2occc2C(=O)O)cc1,0.6188712552315496,binned_cosine_1Da,90,False,predicted_spectrum,9092
CASMI2022,massformer,completed,112,112,281,CASMI_MOL_1196903,CASMI_MOL_576536,576536,CC1(C)OC2(COc3ccc4c(O)coc4c3)CC1C2,0.6187176575251426,binned_cosine_1Da,91,False,predicted_spectrum,9092
CASMI2022,massformer,completed,112,112,281,CASMI_MOL_1196903,CASMI_MOL_583891,583891,CCC(C)(C)c1ccc(Oc2ccc(C(=O)O)o2)cc1,0.6182250737768399,binned_cosine_1Da,92,False,predicted_spectrum,9092
CASMI2022,massformer,completed,112,112,281,CASMI_MOL_1196903,CASMI_MOL_581360,581360,Cc1cc(OC(=O)C2=CCC3CC2C3(C)C)cc(=O)o1,0.6179120414138851,binned_cosine_1Da,93,False,predicted_spectrum,9092
CASMI2022,massformer,completed,112,112,281,CASMI_MOL_1196903,CASMI_MOL_579165,579165,O=C(O)CC(c1ccc2c(c1)OC1(CCC1)O2)C1CC1,0.6177605670645342,binned_cosine_1Da,94,False,predicted_spectrum,9092
CASMI2022,massformer,completed,112,112,281,CASMI_MOL_1196903,CASMI_MOL_579405,579405,CCCCc1ccc(OCc2cc(C(=O)O)co2)cc1,0.6176950551650585,binned_cosine_1Da,95,False,predicted_spectrum,9092
CASMI2022,massformer,completed,112,112,281,CASMI_MOL_1196903,CASMI_MOL_578776,578776,CC12CCC(CC1OC(=O)c1ccccc1C(=O)O)C2,0.6165979316012371,binned_cosine_1Da,96,False,predicted_spectrum,9092
CASMI2022,massformer,completed,112,112,281,CASMI_MOL_1196903,CASMI_MOL_581488,581488,CC12CCC(CC1OC(=O)c1ccccc1C(=O)O)C2,0.6165979316012371,binned_cosine_1Da,97,False,predicted_spectrum,9092
CASMI2022,massformer,completed,112,112,281,CASMI_MOL_1196903,CASMI_MOL_581493,581493,CC12CCC(CC1OC(=O)c1ccccc1C(=O)O)C2,0.6165979316012371,binned_cosine_1Da,98,False,predicted_spectrum,9092
CASMI2022,massformer,completed,112,112,281,CASMI_MOL_1196903,CASMI_MOL_581621,581621,CC12CCC(CC1OC(=O)c1ccccc1C(=O)O)C2,0.6165979316012371,binned_cosine_1Da,99,False,predicted_spectrum,9092
CASMI2022,massformer,completed,112,112,281,CASMI_MOL_1196903,CASMI_MOL_581622,581622,CC12CCC(CC1OC(=O)c1ccccc1C(=O)O)C2,0.6165979316012371,binned_cosine_1Da,100,False,predicted_spectrum,9092
CASMI2022,massformer,completed,112,112,281,CASMI_MOL_1196903,CASMI_MOL_1196903,1196903,COc1cc(O)c(CCc2cccc(O)c2)cc1OC,0.0756601773413364,binned_cosine_1Da,5320,True,predicted_spectrum,9092
CASMI2022,massformer,completed,113,113,282,CASMI_MOL_1196905,CASMI_MOL_586459,586459,CCC(C)(C)C(=O)OCC(=O)OC(C)C(OCO)C1CC(C)CC1(C)C#N,0.6926776514085372,binned_cosine_1Da,1,False,predicted_spectrum,7164
CASMI2022,massformer,completed,113,113,282,CASMI_MOL_1196905,CASMI_MOL_586408,586408,C=CC(=O)ONCCCOC1CCC(OC(=O)C2CCC(OC)CC2)CC1,0.6898888863937362,binned_cosine_1Da,2,False,predicted_spectrum,7164
CASMI2022,massformer,completed,113,113,282,CASMI_MOL_1196905,CASMI_MOL_590481,590481,CCONC(=O)OCCCCC1C2CCC(O2)C1CC=CCCCC(=O)O,0.684003965803666,binned_cosine_1Da,3,False,predicted_spectrum,7164
CASMI2022,massformer,completed,113,113,282,CASMI_MOL_1196905,CASMI_MOL_591529,591529,CCONC(=O)OCCCCC1C2CCC(O2)C1CC=CCCCC(=O)O,0.684003965803666,binned_cosine_1Da,4,False,predicted_spectrum,7164
CASMI2022,massformer,completed,113,113,282,CASMI_MOL_1196905,CASMI_MOL_592496,592496,COC1C(OC(=O)NCCCO)CCC2(CO2)C1C1(C)OC1CC=C(C)C,0.6811414284210089,binned_cosine_1Da,5,False,predicted_spectrum,7164
CASMI2022,massformer,completed,113,113,282,CASMI_MOL_1196905,CASMI_MOL_591233,591233,CCC1CCCC1CCCOC(=O)CCC(=O)OC1CCC([N+](=O)[O-])CC1,0.6777976840352985,binned_cosine_1Da,6,False,predicted_spectrum,7164
CASMI2022,massformer,completed,113,113,282,CASMI_MOL_1196905,CASMI_MOL_592494,592494,COCCNC(=O)OC1CCC2(CO2)C(C2(C)OC2CC=C(C)C)C1OC,0.6754076762934516,binned_cosine_1Da,7,False,predicted_spectrum,7164
CASMI2022,massformer,completed,113,113,282,CASMI_MOL_1196905,CASMI_MOL_591943,591943,CC(C)=CCC1OC1(C)C1CC(OC(=O)N(CCO)CCO)CCC12CO2,0.6746975262299866,binned_cosine_1Da,8,False,predicted_spectrum,7164
CASMI2022,massformer,completed,113,113,282,CASMI_MOL_1196905,CASMI_MOL_592495,592495,COC1C(OC(=O)N(C)CCO)CCC2(CO2)C1C1(C)OC1CC=C(C)C,0.6647123057932827,binned_cosine_1Da,9,False,predicted_spectrum,7164
CASMI2022,massformer,completed,113,113,282,CASMI_MOL_1196905,CASMI_MOL_585546,585546,CC1C=CCCC(C)(C(=O)NC(COCCC=O)COCCC(=O)O)CC1,0.6599059653134702,binned_cosine_1Da,10,False,predicted_spectrum,7164
CASMI2022,massformer,completed,113,113,282,CASMI_MOL_1196905,CASMI_MOL_587198,587198,COC1C(OC(=O)N2CC(O)C2)CCC2(CO2)C1C(C)(C)OCC=C(C)C,0.6591809472019104,binned_cosine_1Da,11,False,predicted_spectrum,7164
CASMI2022,massformer,completed,113,113,282,CASMI_MOL_1196905,CASMI_MOL_590379,590379,CCCCN=CCCC(CCCCC(CC=CCC(=O)O)C(=O)O)C(=O)O,0.6534261075247939,binned_cosine_1Da,12,False,predicted_spectrum,7164
CASMI2022,massformer,completed,113,113,282,CASMI_MOL_1196905,CASMI_MOL_587288,587288,COC1C(OC(=O)NC(C)(C)CO)CCC2(CO2)C1C1OC1CC=C(C)C,0.652712164880189,binned_cosine_1Da,13,False,predicted_spectrum,7164
CASMI2022,massformer,completed,113,113,282,CASMI_MOL_1196905,CASMI_MOL_591079,591079,CC(C)(C)C1C2C=CC1(C(=O)NCCOCCOCCOCC(=O)O)CC2,0.6449931551594252,binned_cosine_1Da,14,False,predicted_spectrum,7164
CASMI2022,massformer,completed,113,113,282,CASMI_MOL_1196905,CASMI_MOL_591007,591007,CCC(CC(O)C(N)COCc1ccc(C)c(OCCCOC)c1)C(=O)O,0.6434126063719272,binned_cosine_1Da,15,False,predicted_spectrum,7164
CASMI2022,massformer,completed,113,113,282,CASMI_MOL_1196905,CASMI_MOL_585942,585942,CC(C)(COC(=O)C1CCC2(C)OC2C1)CO[NH+]([O-])C1CCC2(C)OC2C1,0.6263217479342512,binned_cosine_1Da,16,False,predicted_spectrum,7164
CASMI2022,massformer,completed,113,113,282,CASMI_MOL_1196905,CASMI_MOL_587515,587515,COCCNC(=O)OC1CCC2(CO2)C(C2(C)OC2C=CC(C)C)C1OC,0.6165759329304394,binned_cosine_1Da,17,False,predicted_spectrum,7164
CASMI2022,massformer,completed,113,113,282,CASMI_MOL_1196905,CASMI_MOL_587785,587785,COCCNC(=O)OC1CCC2(CO2)C(C2(C)OC2C=CC(C)C)C1OC,0.6165759329304394,binned_cosine_1Da,18,False,predicted_spectrum,7164
CASMI2022,massformer,completed,113,113,282,CASMI_MOL_1196905,CASMI_MOL_588321,588321,COCCNC(=O)OC1CCC2(CO2)C(C2(C)OC2C=CC(C)C)C1OC,0.6165759329304394,binned_cosine_1Da,19,False,predicted_spectrum,7164
CASMI2022,massformer,completed,113,113,282,CASMI_MOL_1196905,CASMI_MOL_586581,586581,CNC(=O)C1CC(C)C(C2CC(COO)C(C(C)=O)CC2C)CC1C(=O)O,0.6143081910561218,binned_cosine_1Da,20,False,predicted_spectrum,7164
CASMI2022,massformer,completed,113,113,282,CASMI_MOL_1196905,CASMI_MOL_586554,586554,CCCCCC(=O)CCC1CC(=O)C([N+](=O)[O-])C1CCCCCCC(=O)O,0.6110648395799044,binned_cosine_1Da,21,False,predicted_spectrum,7164
CASMI2022,massformer,completed,113,113,282,CASMI_MOL_1196905,CASMI_MOL_586597,586597,CCOC(=O)C1CCC(OCC2CCC(C=O)N2C(=O)OC(C)(C)C)CC1,0.609480357607411,binned_cosine_1Da,22,False,predicted_spectrum,7164
CASMI2022,massformer,completed,113,113,282,CASMI_MOL_1196905,CASMI_MOL_592358,592358,COC(=O)CC(C(=NC1CC2CCC1(C)C2(C)C)C(=O)OC)C(OC)OC,0.6082542825715332,binned_cosine_1Da,23,False,predicted_spectrum,7164
CASMI2022,massformer,completed,113,113,282,CASMI_MOL_1196905,CASMI_MOL_592407,592407,CCCCCOc1cc(CC[N+](=O)[O-])c(OCCCCC)c(OC)c1OC,0.6034847680136637,binned_cosine_1Da,24,False,predicted_spectrum,7164
CASMI2022,massformer,completed,113,113,282,CASMI_MOL_1196905,CASMI_MOL_590502,590502,C=CC=CCC(O)(CC(O)CCC=CCC(O)CC=CC(C)O)NC(=O)O,0.6032559790212804,binned_cosine_1Da,25,False,predicted_spectrum,7164
CASMI2022,massformer,completed,113,113,282,CASMI_MOL_1196905,CASMI_MOL_589267,589267,CCN=C(NCCc1ccc2c(c1)CCO2)N1CCOC(c2cnn(C)c2)C1,0.6012134821123251,binned_cosine_1Da,26,False,predicted_spectrum,7164
CASMI2022,massformer,completed,113,113,282,CASMI_MOL_1196905,CASMI_MOL_591230,591230,C=CCCCCCC(NC(=O)OC(C)(C)C)C(=O)C1CC(O)CC1C(=O)O,0.6003875622191497,binned_cosine_1Da,27,False,predicted_spectrum,7164
CASMI2022,massformer,completed,113,113,282,CASMI_MOL_1196905,CASMI_MOL_591078,591078,CC(C)(C)C(OCCOCCOCCNC(=O)C12C=CC(CC1)C2)C(=O)O,0.5995638251243819,binned_cosine_1Da,28,False,predicted_spectrum,7164
CASMI2022,massformer,completed,113,113,282,CASMI_MOL_1196905,CASMI_MOL_587210,587210,CC(C)C1(C)C(CO)OC(C)(CO)C(NCc2cccc(O)c2O)C1(C)O,0.5933317287487775,binned_cosine_1Da,29,False,predicted_spectrum,7164
CASMI2022,massformer,completed,113,113,282,CASMI_MOL_1196905,CASMI_MOL_589270,589270,CCN=C(NCC1CCOc2ccccc21)N1CCOC(c2cnn(C)c2)C1,0.5897378429066384,binned_cosine_1Da,30,False,predicted_spectrum,7164
CASMI2022,massformer,completed,113,113,282,CASMI_MOL_1196905,CASMI_MOL_591107,591107,CC(=O)N1CCC(OC2CCC(C(=O)OC(C)(C)C)C(C)(C(=O)O)C2)CC1,0.5864762001461002,binned_cosine_1Da,31,False,predicted_spectrum,7164
CASMI2022,massformer,completed,113,113,282,CASMI_MOL_1196905,CASMI_MOL_586534,586534,CC=Nc1c(C(C)=N)nc(NCCc2ccc(C)cc2)n1C1CCC(CO)O1,0.5839092028931054,binned_cosine_1Da,32,False,predicted_spectrum,7164
CASMI2022,massformer,completed,113,113,282,CASMI_MOL_1196905,CASMI_MOL_591411,591411,CON=CC1(C)CC(=O)C2C(C)(O1)C(O)C(O)C1C(C)(C)CCC(O)C12C,0.5839084830543476,binned_cosine_1Da,33,False,predicted_spectrum,7164
CASMI2022,massformer,completed,113,113,282,CASMI_MOL_1196905,CASMI_MOL_585943,585943,CC(=NO)C(C)(C)NCCONC(C)(C)C(CCn1ccnc1N=O)=NO,0.583510911196972,binned_cosine_1Da,34,False,predicted_spectrum,7164
CASMI2022,massformer,completed,113,113,282,CASMI_MOL_1196905,CASMI_MOL_586544,586544,CC(=NO)C(C)(C)NCCONC(C)(C)C(CCn1ccnc1N=O)=NO,0.583510911196972,binned_cosine_1Da,35,False,predicted_spectrum,7164
CASMI2022,massformer,completed,113,113,282,CASMI_MOL_1196905,CASMI_MOL_586540,586540,CC=CCCCCC(C)C(O)(OC)C(=O)C(=O)N1CCCCC1C(=O)OC,0.5831345064840696,binned_cosine_1Da,36,False,predicted_spectrum,7164
CASMI2022,massformer,completed,113,113,282,CASMI_MOL_1196905,CASMI_MOL_591668,591668,CC12CCC(CC1=NNC(=O)Cn1c(NCCO)nc3ccccc31)C2(C)C,0.5809202822711198,binned_cosine_1Da,37,False,predicted_spectrum,7164
CASMI2022,massformer,completed,113,113,282,CASMI_MOL_1196905,CASMI_MOL_592556,592556,CC12CCC(O)CC1=CCC1C2CCC2(C)C(Sc3ccccn3)CCC12,0.5779842851529969,binned_cosine_1Da,38,False,predicted_spectrum,7164
CASMI2022,massformer,completed,113,113,282,CASMI_MOL_1196905,CASMI_MOL_591275,591275,C=C1CCC2C(CN=C(N)N)C(C3(Cl)CCC(O)CC3CO)CCC12C,0.5768357593611099,binned_cosine_1Da,39,False,predicted_spectrum,7164
CASMI2022,massformer,completed,113,113,282,CASMI_MOL_1196905,CASMI_MOL_589179,589179,CN=C(NCCc1ccc(C(=O)OC)cc1)N1CCC(C)C(n2ccnc2)C1,0.5720467304116748,binned_cosine_1Da,40,False,predicted_spectrum,7164
CASMI2022,massformer,completed,113,113,282,CASMI_MOL_1196905,CASMI_MOL_587879,587879,COc1nc(CNC(=O)CCCCc2ccccc2)nc(N2CCCCC2)n1,0.5705469701398811,binned_cosine_1Da,41,False,predicted_spectrum,7164
CASMI2022,massformer,completed,113,113,282,CASMI_MOL_1196905,CASMI_MOL_590459,590459,C=C(C)C(=O)OCCOC(=O)CCC(=O)OC1CC(C)(C)N(C)C(C)(C)C1,0.5693806638897942,binned_cosine_1Da,42,False,predicted_spectrum,7164
CASMI2022,massformer,completed,113,113,282,CASMI_MOL_1196905,CASMI_MOL_589181,589181,CCN=C(NCc1ccc(C(=O)OC)cc1)N1CCC(C)C(n2ccnc2)C1,0.5690755359140065,binned_cosine_1Da,43,False,predicted_spectrum,7164
CASMI2022,massformer,completed,113,113,282,CASMI_MOL_1196905,CASMI_MOL_589180,589180,CCN=C(NCCc1ccc2c(c1)OCO2)N1CCC(C)C(n2ccnc2)C1,0.5680354654016365,binned_cosine_1Da,44,False,predicted_spectrum,7164
CASMI2022,massformer,completed,113,113,282,CASMI_MOL_1196905,CASMI_MOL_587354,587354,CCOc1ccc(OCC2CCC(C3CCC(CN)OC3)CC2)c(F)c1F,0.5675386927908983,binned_cosine_1Da,45,False,predicted_spectrum,7164
CASMI2022,massformer,completed,113,113,282,CASMI_MOL_1196905,CASMI_MOL_588332,588332,CCNc1ccc(N2CCC(C(=O)NCCc3ccc(OC)cc3)CC2)nn1,0.566369983702576,binned_cosine_1Da,46,False,predicted_spectrum,7164
CASMI2022,massformer,completed,113,113,282,CASMI_MOL_1196905,CASMI_MOL_586504,586504,COc1ccccc1CCOC1CCC(N=C2NCN(C)c3[nH]ncc32)CC1,0.5659512018308058,binned_cosine_1Da,47,False,predicted_spectrum,7164
CASMI2022,massformer,completed,113,113,282,CASMI_MOL_1196905,CASMI_MOL_589268,589268,C=CCOc1ccccc1CN=C(NCC)N1CCOC(c2cnn(C)c2)C1,0.5654449412112852,binned_cosine_1Da,48,False,predicted_spectrum,7164
CASMI2022,massformer,completed,113,113,282,CASMI_MOL_1196905,CASMI_MOL_590283,590283,COc1ccc(CCNC(=O)NC2CCN(c3cc(C4CC4)[nH]n3)CC2)cc1,0.565363389904683,binned_cosine_1Da,49,False,predicted_spectrum,7164
CASMI2022,massformer,completed,113,113,282,CASMI_MOL_1196905,CASMI_MOL_588693,588693,CN=C(NCc1ccnn1C)NCC1(c2ccc3c(c2)OCCO3)CCCC1,0.5642920368179758,binned_cosine_1Da,50,False,predicted_spectrum,7164
CASMI2022,massformer,completed,113,113,282,CASMI_MOL_1196905,CASMI_MOL_585560,585560,COc1ccc(CC2CCN(C(=O)c3cn(C4CCC(N)CC4)nn3)C2)cc1,0.5640205873423232,binned_cosine_1Da,51,False,predicted_spectrum,7164
CASMI2022,massformer,completed,113,113,282,CASMI_MOL_1196905,CASMI_MOL_591100,591100,CCOc1ccc(C)nc1C(=O)N1CC2CC2CC1C1=NC(N)N=CC1(C)C,0.563013712553689,binned_cosine_1Da,52,False,predicted_spectrum,7164
CASMI2022,massformer,completed,113,113,282,CASMI_MOL_1196905,CASMI_MOL_591072,591072,CCC1(C)CC(OC(=O)CC(C)=O)C(C)C(C)(CC)N1OC(=O)CC(C)=O,0.5622942478395268,binned_cosine_1Da,53,False,predicted_spectrum,7164
CASMI2022,massformer,completed,113,113,282,CASMI_MOL_1196905,CASMI_MOL_590393,590393,CC(=O)N1CCC(OC2CCC(C(=O)O)(C(C)(C)C)C(C)(C(=O)O)C2)CC1,0.5621066505635287,binned_cosine_1Da,54,False,predicted_spectrum,7164
CASMI2022,massformer,completed,113,113,282,CASMI_MOL_1196905,CASMI_MOL_592516,592516,O=C(OCc1ccccc1)N1CCC(Cc2nn[nH]n2)(C2CCCCC2)CC1,0.5599275858058329,binned_cosine_1Da,55,False,predicted_spectrum,7164
CASMI2022,massformer,completed,113,113,282,CASMI_MOL_1196905,CASMI_MOL_588705,588705,CCN=C(NCc1ccc2c(c1)OCCCO2)N1CCC(c2cnn(C)c2)C1,0.5596267131614439,binned_cosine_1Da,56,False,predicted_spectrum,7164
CASMI2022,massformer,completed,113,113,282,CASMI_MOL_1196905,CASMI_MOL_588362,588362,COc1ccc(CCNc2cnnc(NCCC3=CCCCC3)n2)cc1OC,0.5593117269178366,binned_cosine_1Da,57,False,predicted_spectrum,7164
CASMI2022,massformer,completed,113,113,282,CASMI_MOL_1196905,CASMI_MOL_589608,589608,CCCCCNc1ccc(C(=O)N2CCN(c3ccccc3OC)CC2)nn1,0.559071881646636,binned_cosine_1Da,58,False,predicted_spectrum,7164
CASMI2022,massformer,completed,113,113,282,CASMI_MOL_1196905,CASMI_MOL_585937,585937,NCc1cccc(OCCCCCCOCCOCCOCCC(=O)O)c1,0.5575120574760793,binned_cosine_1Da,59,False,predicted_spectrum,7164
CASMI2022,massformer,completed,113,113,282,CASMI_MOL_1196905,CASMI_MOL_586529,586529,COC1(C)CCCC(C)C(=O)OCC2(C)OC(=O)NC2C(C)C(=O)C(C)C1,0.5550655641082646,binned_cosine_1Da,60,False,predicted_spectrum,7164
CASMI2022,massformer,completed,113,113,282,CASMI_MOL_1196905,CASMI_MOL_588240,588240,COc1ccc(CNCCc2nnc3n2CCCCC3)cc1OCCCC#N,0.5548059662811522,binned_cosine_1Da,61,False,predicted_spectrum,7164
CASMI2022,massformer,completed,113,113,282,CASMI_MOL_1196905,CASMI_MOL_591059,591059,CC1C(CO)OC(OCCNC(=O)C23CC4CC(CC(C4)C2)C3)C(O)C1O,0.5538679417463018,binned_cosine_1Da,62,False,predicted_spectrum,7164
CASMI2022,massformer,completed,113,113,282,CASMI_MOL_1196905,CASMI_MOL_591286,591286,CC1C(CO)OC(OCCNC(=O)C23CC4CC(CC(C4)C2)C3)C(O)C1O,0.5538679417463018,binned_cosine_1Da,63,False,predicted_spectrum,7164
CASMI2022,massformer,completed,113,113,282,CASMI_MOL_1196905,CASMI_MOL_588363,588363,COc1ccc(CCNc2nncc(NCCC3=CCCCC3)n2)cc1OC,0.5533181054735206,binned_cosine_1Da,64,False,predicted_spectrum,7164
CASMI2022,massformer,completed,113,113,282,CASMI_MOL_1196905,CASMI_MOL_586899,586899,CC(=CC1COC(C)(C)N1C(=O)OC(C)(C)C)C1OC(=O)C(C)C(O)C1C,0.5530978577113785,binned_cosine_1Da,65,False,predicted_spectrum,7164
CASMI2022,massformer,completed,113,113,282,CASMI_MOL_1196905,CASMI_MOL_589747,589747,CC(=CC1COC(C)(C)N1C(=O)OC(C)(C)C)C1OC(=O)C(C)C(O)C1C,0.5530978577113785,binned_cosine_1Da,66,False,predicted_spectrum,7164
CASMI2022,massformer,completed,113,113,282,CASMI_MOL_1196905,CASMI_MOL_592540,592540,CC(=CC1COC(C)(C)N1C(=O)OC(C)(C)C)C1OC(=O)C(C)C(O)C1C,0.5530978577113785,binned_cosine_1Da,67,False,predicted_spectrum,7164
CASMI2022,massformer,completed,113,113,282,CASMI_MOL_1196905,CASMI_MOL_587837,587837,CCN(CC)c1ccc(N2CCN(C(=O)COc3ccccc3C)CC2)nn1,0.5520587875345505,binned_cosine_1Da,68,False,predicted_spectrum,7164
CASMI2022,massformer,completed,113,113,282,CASMI_MOL_1196905,CASMI_MOL_586546,586546,CC1CC(CC=CCCOOCCN2CCOCC2)C(O)C2C(=O)OCC12,0.550502689375404,binned_cosine_1Da,69,False,predicted_spectrum,7164
CASMI2022,massformer,completed,113,113,282,CASMI_MOL_1196905,CASMI_MOL_590624,590624,CCOC(=O)C=CC(=O)CCCCC(=O)OC1CC(C)(C)N(O)C(C)(C)C1,0.5501496103482223,binned_cosine_1Da,70,False,predicted_spectrum,7164
CASMI2022,massformer,completed,113,113,282,CASMI_MOL_1196905,CASMI_MOL_591291,591291,CCOC(=O)C=CC(=O)CCCCC(=O)OC1CC(C)(C)N(O)C(C)(C)C1,0.5501496103482223,binned_cosine_1Da,71,False,predicted_spectrum,7164
CASMI2022,massformer,completed,113,113,282,CASMI_MOL_1196905,CASMI_MOL_588888,588888,CCN=C(NCC(O)c1ccc(OC)cc1)N1CCN(c2ccccn2)CC1,0.5490110303312479,binned_cosine_1Da,72,False,predicted_spectrum,7164
CASMI2022,massformer,completed,113,113,282,CASMI_MOL_1196905,CASMI_MOL_588658,588658,CN=C(NCc1ccnn1C)NCC1(c2ccc3c(c2)OCO3)CCCCC1,0.5483484594602697,binned_cosine_1Da,73,False,predicted_spectrum,7164
CASMI2022,massformer,completed,113,113,282,CASMI_MOL_1196905,CASMI_MOL_589611,589611,CCCCCNC(=O)c1ccc(N2CCN(c3ccccc3OC)CC2)nn1,0.547723874384897,binned_cosine_1Da,74,False,predicted_spectrum,7164
CASMI2022,massformer,completed,113,113,282,CASMI_MOL_1196905,CASMI_MOL_587195,587195,CCCCOc1ccc(C(C)N2CC(NC(=O)c3cn(C4CC4)nn3)C2)cc1,0.547406941199915,binned_cosine_1Da,75,False,predicted_spectrum,7164
CASMI2022,massformer,completed,113,113,282,CASMI_MOL_1196905,CASMI_MOL_592685,592685,CCOc1ccc(Nc2nc(NCCC3=CCCCC3)nc(OCC)n2)cc1,0.5466563412437478,binned_cosine_1Da,76,False,predicted_spectrum,7164
CASMI2022,massformer,completed,113,113,282,CASMI_MOL_1196905,CASMI_MOL_586584,586584,CC(C)(C)C(=O)OCOC1=CC=C(CCN)CC1(O)COC(=O)C(C)(C)C,0.5448239687682838,binned_cosine_1Da,77,False,predicted_spectrum,7164
CASMI2022,massformer,completed,113,113,282,CASMI_MOL_1196905,CASMI_MOL_587835,587835,CCN(CC)c1ccc(N2CCN(C(=O)COc3ccc(C)cc3)CC2)nn1,0.5446624630625113,binned_cosine_1Da,78,False,predicted_spectrum,7164
CASMI2022,massformer,completed,113,113,282,CASMI_MOL_1196905,CASMI_MOL_590641,590641,COc1ccc(CCNC(=O)NCC2CCN(c3ccc(C)nn3)CC2)cc1,0.5445945634632289,binned_cosine_1Da,79,False,predicted_spectrum,7164
CASMI2022,massformer,completed,113,113,282,CASMI_MOL_1196905,CASMI_MOL_589274,589274,CN=C(NCc1ccccc1OC1CCC1)N1CCOC(c2cnn(C)c2)C1,0.5443874312854855,binned_cosine_1Da,80,False,predicted_spectrum,7164
CASMI2022,massformer,completed,113,113,282,CASMI_MOL_1196905,CASMI_MOL_591268,591268,COC(=O)C1C2C(CN1C(=O)C(CCCO)CC(=O)OC(C)(C)C)C2(C)C,0.5415696648687467,binned_cosine_1Da,81,False,predicted_spectrum,7164
CASMI2022,massformer,completed,113,113,282,CASMI_MOL_1196905,CASMI_MOL_590365,590365,CC=NC1CC(C)(C)CCC1C(=N)C(=O)N=C(N)c1ccc(C(N)=O)cc1C,0.5414861735910773,binned_cosine_1Da,82,False,predicted_spectrum,7164
CASMI2022,massformer,completed,113,113,282,CASMI_MOL_1196905,CASMI_MOL_589275,589275,CN=C(NCC1(c2ccccc2OC)CC1)N1CCOC(c2cnn(C)c2)C1,0.5414635973840818,binned_cosine_1Da,83,False,predicted_spectrum,7164
CASMI2022,massformer,completed,113,113,282,CASMI_MOL_1196905,CASMI_MOL_590286,590286,COc1ccc(CCNC(=O)N2CCN(c3cc(C4CC4)nn3C)CC2)cc1,0.540053145947417,binned_cosine_1Da,84,False,predicted_spectrum,7164
CASMI2022,massformer,completed,113,113,282,CASMI_MOL_1196905,CASMI_MOL_586599,586599,CCOC(=O)C1CCC(OC(C(=O)C(=O)OC(C)(C)C)N2CCCC2)CC1,0.538899695290859,binned_cosine_1Da,85,False,predicted_spectrum,7164
CASMI2022,massformer,completed,113,113,282,CASMI_MOL_1196905,CASMI_MOL_590948,590948,CCCCCC(O)C1C(=O)NC(C(=O)O)(C(O)C2C=CCCC2)C1(C)OC,0.5372668640330969,binned_cosine_1Da,86,False,predicted_spectrum,7164
CASMI2022,massformer,completed,113,113,282,CASMI_MOL_1196905,CASMI_MOL_588910,588910,CCN=C(NCc1cccnc1OCC)N1CCN(c2ccccc2O)CC1,0.535219799148649,binned_cosine_1Da,87,False,predicted_spectrum,7164
CASMI2022,massformer,completed,113,113,282,CASMI_MOL_1196905,CASMI_MOL_589176,589176,CCOC(=O)c1ccc(CN=C(NC)N2CCC(C)C(n3ccnc3)C2)cc1,0.5351166639950633,binned_cosine_1Da,88,False,predicted_spectrum,7164
CASMI2022,massformer,completed,113,113,282,CASMI_MOL_1196905,CASMI_MOL_589607,589607,CCCCN(C)c1ccc(C(=O)N2CCN(c3ccccc3OC)CC2)nn1,0.534262440708949,binned_cosine_1Da,89,False,predicted_spectrum,7164
CASMI2022,massformer,completed,113,113,282,CASMI_MOL_1196905,CASMI_MOL_591429,591429,COc1ccc(CCNC(=O)C2CCC(C(C)(C)C)CC2)cc1OC(F)F,0.5305420563461982,binned_cosine_1Da,90,False,predicted_spectrum,7164
CASMI2022,massformer,completed,113,113,282,CASMI_MOL_1196905,CASMI_MOL_587836,587836,CCN(CC)c1ccc(N2CCN(C(=O)COc3cccc(C)c3)CC2)nn1,0.5289648899925633,binned_cosine_1Da,91,False,predicted_spectrum,7164
CASMI2022,massformer,completed,113,113,282,CASMI_MOL_1196905,CASMI_MOL_587883,587883,Cc1nn(C)c(C)c1C1OCCC1CN=C(N)NC1CCOc2ccccc21,0.5273738255498548,binned_cosine_1Da,92,False,predicted_spectrum,7164
CASMI2022,massformer,completed,113,113,282,CASMI_MOL_1196905,CASMI_MOL_589714,589714,Cc1ccc(OCNC(=O)N2CCN(c3ncccn3)CC2)c(C(C)(C)C)c1,0.5272648995983938,binned_cosine_1Da,93,False,predicted_spectrum,7164
CASMI2022,massformer,completed,113,113,282,CASMI_MOL_1196905,CASMI_MOL_589247,589247,CCN=C(NCCCn1c(O)c2c(c1O)C1C=CC2C1)NCc1ccn(C)c1,0.5269150065451413,binned_cosine_1Da,94,False,predicted_spectrum,7164
CASMI2022,massformer,completed,113,113,282,CASMI_MOL_1196905,CASMI_MOL_589612,589612,COc1ccccc1N1CCN(c2ccc(C(=O)NCCC(C)C)nn2)CC1,0.5268416326549519,binned_cosine_1Da,95,False,predicted_spectrum,7164
CASMI2022,massformer,completed,113,113,282,CASMI_MOL_1196905,CASMI_MOL_591089,591089,CC12CCC3C(CCC4NC(=O)CCC43C)C1CCC2C=Cc1cccs1,0.5268165591050468,binned_cosine_1Da,96,False,predicted_spectrum,7164
CASMI2022,massformer,completed,113,113,282,CASMI_MOL_1196905,CASMI_MOL_591090,591090,CC12CCC3C(CCC4NC(=O)CCC43C)C1CCC2C=Cc1cccs1,0.5268165591050468,binned_cosine_1Da,97,False,predicted_spectrum,7164
CASMI2022,massformer,completed,113,113,282,CASMI_MOL_1196905,CASMI_MOL_589269,589269,CN=C(NCc1ccccc1OCC1CC1)N1CCOC(c2cnn(C)c2)C1,0.5236258198403411,binned_cosine_1Da,98,False,predicted_spectrum,7164
CASMI2022,massformer,completed,113,113,282,CASMI_MOL_1196905,CASMI_MOL_591014,591014,CC(C)C(OC(=O)C1CCCCC1)OC(=O)C(N)C1(C(=O)O)CCCCC1,0.5231940185998217,binned_cosine_1Da,99,False,predicted_spectrum,7164
CASMI2022,massformer,completed,113,113,282,CASMI_MOL_1196905,CASMI_MOL_588651,588651,CCN=C(NCC(O)c1cccc(OC)c1)N1CCN(c2ccccn2)CC1,0.5227316372403876,binned_cosine_1Da,100,False,predicted_spectrum,7164
CASMI2022,massformer,completed,113,113,282,CASMI_MOL_1196905,CASMI_MOL_1196905,1196905,CCCCC(O)CC=CCC=CCCCC(=O)NC(CCC(=O)O)C(=O)O,0.4564538309756678,binned_cosine_1Da,250,True,predicted_spectrum,7164
CASMI2022,massformer,completed,114,114,283,CASMI_MOL_1196906,CASMI_MOL_593012,593012,CCC(Oc1ccc(C(C)(C)CC)cc1C(C)(C)CC)C(=O)Nc1ccc(Cl)c(Nc2cc(=O)n(-c3c[nH]nc3-c3c(Cl)cc(Cl)cc3Cl)[nH]2)c1,0.11048801109081617,binned_cosine_1Da,1,False,predicted_spectrum,689
CASMI2022,massformer,completed,114,114,283,CASMI_MOL_1196906,CASMI_MOL_593255,593255,CCC(Oc1ccc(C(C)(C)CC)cc1C(C)(C)CC)C(=O)Nc1ccc(Cl)c(Nc2cc(=O)n(-c3c[nH]nc3-c3c(Cl)cc(Cl)cc3Cl)[nH]2)c1,0.11048801109081617,binned_cosine_1Da,2,False,predicted_spectrum,689
CASMI2022,massformer,completed,114,114,283,CASMI_MOL_1196906,CASMI_MOL_593072,593072,CCOC(=O)C1=C(C)N=c2sc(=CC34c5ccccc5C(c5ccccc53)c3c4c(O)n(-c4ccccc4[N+](=O)[O-])c3O)c(=O)n2C1c1cccc2ccccc12,0.10601024478673728,binned_cosine_1Da,3,False,predicted_spectrum,689
CASMI2022,massformer,completed,114,114,283,CASMI_MOL_1196906,CASMI_MOL_593073,593073,CCOC(=O)C1=C(C)N=c2sc(=CC34c5ccccc5C(c5ccccc53)c3c4c(O)n(-c4ccccc4[N+](=O)[O-])c3O)c(=O)n2C1c1cccc2ccccc12,0.10601024478673728,binned_cosine_1Da,4,False,predicted_spectrum,689
CASMI2022,massformer,completed,114,114,283,CASMI_MOL_1196906,CASMI_MOL_593074,593074,CCOC(=O)C1=C(C)N=c2sc(=CC34c5ccccc5C(c5ccccc53)c3c4c(O)n(-c4ccccc4[N+](=O)[O-])c3O)c(=O)n2C1c1cccc2ccccc12,0.10601024478673728,binned_cosine_1Da,5,False,predicted_spectrum,689
CASMI2022,massformer,completed,114,114,283,CASMI_MOL_1196906,CASMI_MOL_593075,593075,CCOC(=O)C1=C(C)N=c2sc(=CC34c5ccccc5C(c5ccccc53)c3c4c(O)n(-c4ccccc4[N+](=O)[O-])c3O)c(=O)n2C1c1cccc2ccccc12,0.10601024478673728,binned_cosine_1Da,6,False,predicted_spectrum,689
CASMI2022,massformer,completed,114,114,283,CASMI_MOL_1196906,CASMI_MOL_593011,593011,CCC(Oc1ccc(C(C)(C)CC)cc1C(C)(C)CC)C(=O)Nc1ccc(Cl)c(Nc2[nH]n(-c3c(Cl)cc(Cl)cc3Cl)c(=O)c2-c2cc[nH]n2)c1,0.1052835128631743,binned_cosine_1Da,7,False,predicted_spectrum,689
CASMI2022,massformer,completed,114,114,283,CASMI_MOL_1196906,CASMI_MOL_593107,593107,NS(=O)(=O)c1ccc(NC(=O)c2nn(-c3cccc(NN=C(C(=O)c4ccccc4)C(=O)c4ccccc4)c3)c(-c3ccccc3)c2C(=O)c2ccccc2)cc1,0.09206797998046716,binned_cosine_1Da,8,False,predicted_spectrum,689
CASMI2022,massformer,completed,114,114,283,CASMI_MOL_1196906,CASMI_MOL_593068,593068,CCOC(=O)C1=C(C)N=c2sc(=CC34c5ccccc5C(c5ccccc53)c3c4c(O)n(-c4ccc([N+](=O)[O-])cc4)c3O)c(=O)n2C1c1cccc2ccccc12,0.09189184335246199,binned_cosine_1Da,9,False,predicted_spectrum,689
CASMI2022,massformer,completed,114,114,283,CASMI_MOL_1196906,CASMI_MOL_593069,593069,CCOC(=O)C1=C(C)N=c2sc(=CC34c5ccccc5C(c5ccccc53)c3c4c(O)n(-c4ccc([N+](=O)[O-])cc4)c3O)c(=O)n2C1c1cccc2ccccc12,0.09189184335246199,binned_cosine_1Da,10,False,predicted_spectrum,689
CASMI2022,massformer,completed,114,114,283,CASMI_MOL_1196906,CASMI_MOL_593070,593070,CCOC(=O)C1=C(C)N=c2sc(=CC34c5ccccc5C(c5ccccc53)c3c4c(O)n(-c4ccc([N+](=O)[O-])cc4)c3O)c(=O)n2C1c1cccc2ccccc12,0.09189184335246199,binned_cosine_1Da,11,False,predicted_spectrum,689
CASMI2022,massformer,completed,114,114,283,CASMI_MOL_1196906,CASMI_MOL_593071,593071,CCOC(=O)C1=C(C)N=c2sc(=CC34c5ccccc5C(c5ccccc53)c3c4c(O)n(-c4ccc([N+](=O)[O-])cc4)c3O)c(=O)n2C1c1cccc2ccccc12,0.09189184335246199,binned_cosine_1Da,12,False,predicted_spectrum,689
CASMI2022,massformer,completed,114,114,283,CASMI_MOL_1196906,CASMI_MOL_592745,592745,CC(COC(C)CN1C(=O)c2ccc(Oc3ccc4c(c3)C(=O)N(C)C4=O)cc2C1=O)OCN1C(=O)c2ccc(Oc3ccc4c(c3)C(=O)N(C)C4=O)cc2C1=O,0.09182218218265722,binned_cosine_1Da,13,False,predicted_spectrum,689
CASMI2022,massformer,completed,114,114,283,CASMI_MOL_1196906,CASMI_MOL_592963,592963,CCC(Oc1ccc(C(C)(C)CC)cc1C(C)(C)CC)C(=O)Nc1ccc(Cl)c(Nc2[nH]n(-c3c(Cl)cc(Cl)cc3Cl)c(=O)c2-n2ccnc2)c1,0.0912347801325681,binned_cosine_1Da,14,False,predicted_spectrum,689
CASMI2022,massformer,completed,114,114,283,CASMI_MOL_1196906,CASMI_MOL_593014,593014,CCC(Oc1ccc(C(C)(C)CC)cc1C(C)(C)CC)C(=O)Nc1ccc(Cl)c(Nc2[nH]n(-c3c(Cl)cc(Cl)cc3Cl)c(=O)c2-n2cccn2)c1,0.09060228815358723,binned_cosine_1Da,15,False,predicted_spectrum,689
CASMI2022,massformer,completed,114,114,283,CASMI_MOL_1196906,CASMI_MOL_593252,593252,CCC(Oc1ccc(C(C)(C)CC)cc1C(C)(C)CC)C(=O)Nc1ccc(Cl)c(Nc2[nH]n(-c3c(Cl)cc(Cl)cc3Cl)c(=O)c2-n2cccn2)c1,0.09060228815358723,binned_cosine_1Da,16,False,predicted_spectrum,689
CASMI2022,massformer,completed,114,114,283,CASMI_MOL_1196906,CASMI_MOL_593138,593138,O=C(c1ccc(C#Cc2ccccc2)cc1)c1cc(N2C(=O)c3ccc(C#Cc4ccccc4)cc3C2=O)cc(N2C(=O)c3ccc(C#Cc4ccccc4)cc3C2=O)c1,0.08808674555194194,binned_cosine_1Da,17,False,predicted_spectrum,689
CASMI2022,massformer,completed,114,114,283,CASMI_MOL_1196906,CASMI_MOL_593367,593367,C=Cc1ccc(-n2c(O)c3c(c2O)C2CC4C(=O)N(c5cc(-c6sc7ccc(Cl)cc7c6C)nn5C)C(=O)C4(C)C(c4cccc(OC)c4O)C2=CC3)cc1,0.0869558014353763,binned_cosine_1Da,18,False,predicted_spectrum,689
CASMI2022,massformer,completed,114,114,283,CASMI_MOL_1196906,CASMI_MOL_593384,593384,C=Cc1ccc(-n2c(O)c3c(c2O)C2CC4C(=O)N(c5cc(-c6sc7ccc(Cl)cc7c6C)nn5C)C(=O)C4(C)C(c4cccc(OC)c4O)C2=CC3)cc1,0.0869558014353763,binned_cosine_1Da,19,False,predicted_spectrum,689
CASMI2022,massformer,completed,114,114,283,CASMI_MOL_1196906,CASMI_MOL_593358,593358,C=Cc1ccc(-n2c(O)c3c(c2O)C2CC4C(=O)N(c5cc(-c6sc7ccc(Cl)cc7c6C)nn5C)C(=O)C4(C)C(c4ccc(O)c(OC)c4)C2=CC3)cc1,0.08473212876811989,binned_cosine_1Da,20,False,predicted_spectrum,689
CASMI2022,massformer,completed,114,114,283,CASMI_MOL_1196906,CASMI_MOL_593380,593380,C=Cc1ccc(-n2c(O)c3c(c2O)C2CC4C(=O)N(c5cc(-c6sc7ccc(Cl)cc7c6C)nn5C)C(=O)C4(C)C(c4ccc(O)c(OC)c4)C2=CC3)cc1,0.08473212876811989,binned_cosine_1Da,21,False,predicted_spectrum,689
CASMI2022,massformer,completed,114,114,283,CASMI_MOL_1196906,CASMI_MOL_593202,593202,COc1ccccc1Oc1c(NS(=O)(=O)c2ccc(C)cn2)nc(-c2ccnc(-c3nn[nH]n3)c2)nc1OCCOC(=O)Cc1ccc(CON(O)O)cc1,0.08364503898699224,binned_cosine_1Da,22,False,predicted_spectrum,689
CASMI2022,massformer,completed,114,114,283,CASMI_MOL_1196906,CASMI_MOL_593203,593203,COc1ccccc1Oc1c(NS(=O)(=O)c2ccc(C)cn2)nc(-c2ccnc(-c3nn[nH]n3)c2)nc1OCCOC(=O)Cc1cccc(CON(O)O)c1,0.0830244738228213,binned_cosine_1Da,23,False,predicted_spectrum,689
CASMI2022,massformer,completed,114,114,283,CASMI_MOL_1196906,CASMI_MOL_592747,592747,[C-]#[N+]C(C#N)=Cc1cc(OC)c(C2=Cc3cc4sc5cc6c(cc5c4cc3C23CCCCC3)C2(CCCCC2)C(c2sc(C=C(C#N)C#N)cc2OC)=C6)s1,0.08056093504267922,binned_cosine_1Da,24,False,predicted_spectrum,689
CASMI2022,massformer,completed,114,114,283,CASMI_MOL_1196906,CASMI_MOL_592732,592732,COc1cc(C=C(C#N)C#N)sc1C1=Cc2cc3sc4cc5c(cc4c3cc2C12CCCCC2)C1(CCCCC1)C(c1sc(C=C(C#N)C#N)cc1OC)=C5,0.08034350818371379,binned_cosine_1Da,25,False,predicted_spectrum,689
CASMI2022,massformer,completed,114,114,283,CASMI_MOL_1196906,CASMI_MOL_592748,592748,[C-]#[N+]C(C#N)=Cc1cc(OC)c(C2=Cc3cc4sc5cc6c(cc5c4cc3C23CCCCC3)C2(CCCCC2)C(c2sc(C=C(C#N)[N+]#[C-])cc2OC)=C6)s1,0.08000592808230739,binned_cosine_1Da,26,False,predicted_spectrum,689
CASMI2022,massformer,completed,114,114,283,CASMI_MOL_1196906,CASMI_MOL_593362,593362,C=Cc1ccc(-n2c(O)c3c(c2O)C2CC4C(=O)N(c5cc(-c6sc7ccc(Cl)cc7c6C)nn5C)C(=O)C4(C)C(c4ccc(OC)c(O)c4)C2=CC3)cc1,0.07828599585704692,binned_cosine_1Da,27,False,predicted_spectrum,689
CASMI2022,massformer,completed,114,114,283,CASMI_MOL_1196906,CASMI_MOL_593378,593378,C=Cc1ccc(-n2c(O)c3c(c2O)C2CC4C(=O)N(c5cc(-c6sc7ccc(Cl)cc7c6C)nn5C)C(=O)C4(C)C(c4ccc(OC)c(O)c4)C2=CC3)cc1,0.07828599585704692,binned_cosine_1Da,28,False,predicted_spectrum,689
CASMI2022,massformer,completed,114,114,283,CASMI_MOL_1196906,CASMI_MOL_593186,593186,CN1CCC23c4c5ccc(OS(=O)(=O)c6cccc(S(=O)(=O)Oc7ccc8c9c7OC7C(O)C=CC%10C(C8)N(C)CCC9%107)c6)c4OC2C(O)C=CC3C1C5,0.07770416574601444,binned_cosine_1Da,29,False,predicted_spectrum,689
CASMI2022,massformer,completed,114,114,283,CASMI_MOL_1196906,CASMI_MOL_593236,593236,CN1CCC23c4c5ccc(OS(=O)(=O)c6cccc(S(=O)(=O)Oc7ccc8c9c7OC7C(O)C=CC%10C(C8)N(C)CCC9%107)c6)c4OC2C(O)C=CC3C1C5,0.07770416574601444,binned_cosine_1Da,30,False,predicted_spectrum,689
CASMI2022,massformer,completed,114,114,283,CASMI_MOL_1196906,CASMI_MOL_593258,593258,CN1CCC23c4c5ccc(OS(=O)(=O)c6cccc(S(=O)(=O)Oc7ccc8c9c7OC7C(O)C=CC%10C(C8)N(C)CCC9%107)c6)c4OC2C(O)C=CC3C1C5,0.07770416574601444,binned_cosine_1Da,31,False,predicted_spectrum,689
CASMI2022,massformer,completed,114,114,283,CASMI_MOL_1196906,CASMI_MOL_593357,593357,COc1cc(C=CC2C3=CCc4c(c(O)n(-c5ccccc5)c4O)C3CC3C(=O)N(c4cc(-c5sc6ccc(Cl)cc6c5C)nn4C)C(=O)C23C)ccc1O,0.07760260677562314,binned_cosine_1Da,32,False,predicted_spectrum,689
CASMI2022,massformer,completed,114,114,283,CASMI_MOL_1196906,CASMI_MOL_593375,593375,COc1cc(C=CC2C3=CCc4c(c(O)n(-c5ccccc5)c4O)C3CC3C(=O)N(c4cc(-c5sc6ccc(Cl)cc6c5C)nn4C)C(=O)C23C)ccc1O,0.07760260677562314,binned_cosine_1Da,33,False,predicted_spectrum,689
CASMI2022,massformer,completed,114,114,283,CASMI_MOL_1196906,CASMI_MOL_593119,593119,O=C1c2cccc3c(-c4cc(-c5ccc(N6CCSCCSCCSCCSCC6)cc5)n(-c5ccccc5)n4)ccc(c23)C(=O)N1c1ccccc1,0.07663337861826904,binned_cosine_1Da,34,False,predicted_spectrum,689
CASMI2022,massformer,completed,114,114,283,CASMI_MOL_1196906,CASMI_MOL_593363,593363,C=Cc1ccc(-n2c(O)c3c(c2O)C2CC4C(=O)N(c5cc(-c6sc7ccc(Cl)cc7c6C)nn5C)C(=O)C4(C)C(c4c(O)cccc4OC)C2=CC3)cc1,0.07554123312592563,binned_cosine_1Da,35,False,predicted_spectrum,689
CASMI2022,massformer,completed,114,114,283,CASMI_MOL_1196906,CASMI_MOL_593381,593381,C=Cc1ccc(-n2c(O)c3c(c2O)C2CC4C(=O)N(c5cc(-c6sc7ccc(Cl)cc7c6C)nn5C)C(=O)C4(C)C(c4c(O)cccc4OC)C2=CC3)cc1,0.07554123312592563,binned_cosine_1Da,36,False,predicted_spectrum,689
CASMI2022,massformer,completed,114,114,283,CASMI_MOL_1196906,CASMI_MOL_593237,593237,CN1CCC23c4c5ccc(OS(=O)(=O)c6ccccc6S(=O)(=O)Oc6ccc7c8c6OC6C(O)C=CC9C(C7)N(C)CCC896)c4OC2C(O)C=CC3C1C5,0.07283540381019984,binned_cosine_1Da,37,False,predicted_spectrum,689
CASMI2022,massformer,completed,114,114,283,CASMI_MOL_1196906,CASMI_MOL_593259,593259,CN1CCC23c4c5ccc(OS(=O)(=O)c6ccccc6S(=O)(=O)Oc6ccc7c8c6OC6C(O)C=CC9C(C7)N(C)CCC896)c4OC2C(O)C=CC3C1C5,0.07283540381019984,binned_cosine_1Da,38,False,predicted_spectrum,689
CASMI2022,massformer,completed,114,114,283,CASMI_MOL_1196906,CASMI_MOL_592705,592705,C=C(C=C(N=C(C)c1ccccc1)c1cccc2c1sc1c(-c3ccccc3)cccc12)c1cc(-c2nc3ccccc3s2)cc(C2Cc3ccccc3S2)c1,0.07192941891140829,binned_cosine_1Da,39,False,predicted_spectrum,689
CASMI2022,massformer,completed,114,114,283,CASMI_MOL_1196906,CASMI_MOL_593359,593359,C=Cc1ccc(-n2c(O)c3c(c2O)C2CC4C(=O)N(c5cc(-c6sc7ccc(Cl)cc7c6C)nn5C)C(=O)C4(C)C(c4ccc(O)cc4OC)C2=CC3)cc1,0.07190760348132542,binned_cosine_1Da,40,False,predicted_spectrum,689
CASMI2022,massformer,completed,114,114,283,CASMI_MOL_1196906,CASMI_MOL_593387,593387,C=Cc1ccc(-n2c(O)c3c(c2O)C2CC4C(=O)N(c5cc(-c6sc7ccc(Cl)cc7c6C)nn5C)C(=O)C4(C)C(c4ccc(O)cc4OC)C2=CC3)cc1,0.0719076032915017,binned_cosine_1Da,41,False,predicted_spectrum,689
CASMI2022,massformer,completed,114,114,283,CASMI_MOL_1196906,CASMI_MOL_593092,593092,N#Cc1cc2c3c(cc(C#N)c4c5ccc6c7c(ccc(c1c34)c75)C(=O)N(c1ccc(Cc3ccccc3)cc1)C6=O)C(=O)N(c1ccc(Cc3ccccc3)cc1)C2=O,0.07034467034592666,binned_cosine_1Da,42,False,predicted_spectrum,689
CASMI2022,massformer,completed,114,114,283,CASMI_MOL_1196906,CASMI_MOL_593093,593093,N#Cc1cc2c3c(ccc4c5c(C#N)cc6c7c(ccc(c1c34)c75)C(=O)N(c1ccc(Cc3ccccc3)cc1)C6=O)C(=O)N(c1ccc(Cc3ccccc3)cc1)C2=O,0.07021863076283749,binned_cosine_1Da,43,False,predicted_spectrum,689
CASMI2022,massformer,completed,114,114,283,CASMI_MOL_1196906,CASMI_MOL_593006,593006,CCN(CC)c1ccc2c(c1)Oc1cc(N(CC)CC)ccc1C2c1cccc(C=Cc2ccc(S(=O)(=O)OS(=O)(=O)C(F)(F)F)cc2)c1C(=O)OC,0.0681577690612027,binned_cosine_1Da,44,False,predicted_spectrum,689
CASMI2022,massformer,completed,114,114,283,CASMI_MOL_1196906,CASMI_MOL_593108,593108,N#CC(=Cc1ccc(N(CCCCCCN2c3ccccc3Sc3cc(C=C(C#N)c4ccc(C=O)s4)ccc32)c2ccccc2)cc1)c1ccc(C=O)s1,0.066588527406194,binned_cosine_1Da,45,False,predicted_spectrum,689
CASMI2022,massformer,completed,114,114,283,CASMI_MOL_1196906,CASMI_MOL_593366,593366,C=Cc1ccc(-n2c(O)c3c(c2O)C2CC4C(=O)N(c5cc(-c6sc7ccc(Cl)cc7c6C)nn5C)C(=O)C4(C)C(c4ccc(OC)cc4O)C2=CC3)cc1,0.06323597234861594,binned_cosine_1Da,46,False,predicted_spectrum,689
CASMI2022,massformer,completed,114,114,283,CASMI_MOL_1196906,CASMI_MOL_593386,593386,C=Cc1ccc(-n2c(O)c3c(c2O)C2CC4C(=O)N(c5cc(-c6sc7ccc(Cl)cc7c6C)nn5C)C(=O)C4(C)C(c4ccc(OC)cc4O)C2=CC3)cc1,0.06323597234861594,binned_cosine_1Da,47,False,predicted_spectrum,689
CASMI2022,massformer,completed,114,114,283,CASMI_MOL_1196906,CASMI_MOL_593365,593365,C=Cc1ccc(-n2c(O)c3c(c2O)C2CC4C(=O)N(c5cc(-c6sc7ccc(Cl)cc7c6C)nn5C)C(=O)C4(C)C(c4cc(OC)ccc4O)C2=CC3)cc1,0.0632183284682526,binned_cosine_1Da,48,False,predicted_spectrum,689
CASMI2022,massformer,completed,114,114,283,CASMI_MOL_1196906,CASMI_MOL_593379,593379,C=Cc1ccc(-n2c(O)c3c(c2O)C2CC4C(=O)N(c5cc(-c6sc7ccc(Cl)cc7c6C)nn5C)C(=O)C4(C)C(c4cc(OC)ccc4O)C2=CC3)cc1,0.0632183284682526,binned_cosine_1Da,49,False,predicted_spectrum,689
CASMI2022,massformer,completed,114,114,283,CASMI_MOL_1196906,CASMI_MOL_592994,592994,Cc1ccc2c(c1)C1(c3ccccc3Sc3ccccc31)c1cc(C)ccc1N2c1ccc2c(c1)N(c1ccccc1)c1ccccc1P2(=S)c1ccccc1,0.060967577302250865,binned_cosine_1Da,50,False,predicted_spectrum,689
CASMI2022,massformer,completed,114,114,283,CASMI_MOL_1196906,CASMI_MOL_593338,593338,COC(=O)c1c(C(=O)OC)c(OC(C)=O)c2c3ccc(c2c1OC(C)=O)CCc1ccc(c2c(OC(C)=O)c(C(=O)OC)c(C(=O)OC)c(OC(C)=O)c12)CC3,0.060946817638282226,binned_cosine_1Da,51,False,predicted_spectrum,689
CASMI2022,massformer,completed,114,114,283,CASMI_MOL_1196906,CASMI_MOL_592742,592742,CCOC(=O)c1sc2cccc(OC)c2c1-c1nc2cc(C(N)=O)ccc2n1CCn1c(-c2c(CC)sc3cccc(OC)c23)nc2cc(C(N)=O)ccc21,0.060695992444825875,binned_cosine_1Da,52,False,predicted_spectrum,689
CASMI2022,massformer,completed,114,114,283,CASMI_MOL_1196906,CASMI_MOL_592919,592919,CC#CC#CC#CC#CC#CC#CC#CC#CC(=O)OCC(COC(=O)C#CC#CC#CC#CC#CC#CC#CC#CC)OC(=O)CC(C)CCCCC(C)CC(=O)O,0.058362451359852525,binned_cosine_1Da,53,False,predicted_spectrum,689
CASMI2022,massformer,completed,114,114,283,CASMI_MOL_1196906,CASMI_MOL_593364,593364,CC(=O)c1ccc(-n2c(O)c3c(c2O)C2CC4C(=O)N(c5cc(-c6sc7ccc(Cl)cc7c6C)nn5C)C(=O)C4(C)C(c4cccc(C)c4O)C2=CC3)cc1,0.0566467454689065,binned_cosine_1Da,54,False,predicted_spectrum,689
CASMI2022,massformer,completed,114,114,283,CASMI_MOL_1196906,CASMI_MOL_593377,593377,CC(=O)c1ccc(-n2c(O)c3c(c2O)C2CC4C(=O)N(c5cc(-c6sc7ccc(Cl)cc7c6C)nn5C)C(=O)C4(C)C(c4cccc(C)c4O)C2=CC3)cc1,0.0566467454689065,binned_cosine_1Da,55,False,predicted_spectrum,689
CASMI2022,massformer,completed,114,114,283,CASMI_MOL_1196906,CASMI_MOL_593193,593193,Nc1cc2c(-c3ccc([N+](=O)[O-])cc3)c3c(-c4ccc([N+](=O)[O-])cc4)c4cc(N)c(N)cc4c(-c4ccc([N+](=O)[O-])cc4)c3c(-c3ccc([N+](=O)[O-])cc3)c2cc1N,0.05656674684160411,binned_cosine_1Da,56,False,predicted_spectrum,689
CASMI2022,massformer,completed,114,114,283,CASMI_MOL_1196906,CASMI_MOL_592735,592735,COc1nc(-c2cccc(-c3cccc(-c4ccc5c(OC)c(CNCC6CCC(=O)N6)cc(Cl)c5n4)c3Cl)c2Cl)ccc1CNCC1CCC(=O)N1,0.05598192713239663,binned_cosine_1Da,57,False,predicted_spectrum,689
CASMI2022,massformer,completed,114,114,283,CASMI_MOL_1196906,CASMI_MOL_592737,592737,COc1nc(-c2cccc(-c3cccc(-c4ccc5c(OC)c(CNCC6CCC(=O)N6)cc(Cl)c5n4)c3Cl)c2Cl)ccc1CNCC1CCC(=O)N1,0.05598192713239663,binned_cosine_1Da,58,False,predicted_spectrum,689
CASMI2022,massformer,completed,114,114,283,CASMI_MOL_1196906,CASMI_MOL_592738,592738,COc1nc(-c2cccc(-c3cccc(-c4ccc5c(OC)c(CNCC6CCC(=O)N6)cc(Cl)c5n4)c3Cl)c2Cl)ccc1CNCC1CCC(=O)N1,0.05598192713239663,binned_cosine_1Da,59,False,predicted_spectrum,689
CASMI2022,massformer,completed,114,114,283,CASMI_MOL_1196906,CASMI_MOL_592739,592739,COc1nc(-c2cccc(-c3cccc(-c4ccc5c(OC)c(CNCC6CCC(=O)N6)cc(Cl)c5n4)c3Cl)c2Cl)ccc1CNCC1CCC(=O)N1,0.05598192713239663,binned_cosine_1Da,60,False,predicted_spectrum,689
CASMI2022,massformer,completed,114,114,283,CASMI_MOL_1196906,CASMI_MOL_592740,592740,COc1nc(-c2cccc(-c3cccc(-c4ccc5c(OC)c(CNCC6CCC(=O)N6)cc(Cl)c5n4)c3Cl)c2Cl)ccc1CNCC1CCC(=O)N1,0.05598192713239663,binned_cosine_1Da,61,False,predicted_spectrum,689
CASMI2022,massformer,completed,114,114,283,CASMI_MOL_1196906,CASMI_MOL_592917,592917,C=c1c(C(=O)Oc2c(C)cc(C)c(S(=O)(=O)O)c2C)c(NC(C)=O)[nH]c1=Cc1[nH]c(NC(C)=O)c(COOc2c(C)cc(C)c(S(=O)(=O)O)c2C)c1C,0.0549794861493564,binned_cosine_1Da,62,False,predicted_spectrum,689
CASMI2022,massformer,completed,114,114,283,CASMI_MOL_1196906,CASMI_MOL_593360,593360,CC(=O)c1ccc(-n2c(O)c3c(c2O)C2CC4C(=O)N(c5cc(-c6sc7ccc(Cl)cc7c6C)nn5C)C(=O)C4(C)C(c4ccc(O)c(C)c4)C2=CC3)cc1,0.05447152906471836,binned_cosine_1Da,63,False,predicted_spectrum,689
CASMI2022,massformer,completed,114,114,283,CASMI_MOL_1196906,CASMI_MOL_593382,593382,CC(=O)c1ccc(-n2c(O)c3c(c2O)C2CC4C(=O)N(c5cc(-c6sc7ccc(Cl)cc7c6C)nn5C)C(=O)C4(C)C(c4ccc(O)c(C)c4)C2=CC3)cc1,0.05447152906471836,binned_cosine_1Da,64,False,predicted_spectrum,689
CASMI2022,massformer,completed,114,114,283,CASMI_MOL_1196906,CASMI_MOL_592922,592922,O=C(CCC(NC(=O)c1c(Cl)cc(-c2ccc3c(c2)CN=C3)cc1Cl)C(=O)OCc1ccccc1)CNC(=O)c1cccc(CC2=NCC(F)(F)CC2)c1,0.05415016922019242,binned_cosine_1Da,65,False,predicted_spectrum,689
CASMI2022,massformer,completed,114,114,283,CASMI_MOL_1196906,CASMI_MOL_593192,593192,CCCCn1c2cc(-c3cccs3)ccc2c2ccc(-c3ccc(-c4ccc(-c5ccc6c7ccc(-c8cccs8)cc7n(CCCC)c6c5)s4)s3)cc21,0.053179662358932324,binned_cosine_1Da,66,False,predicted_spectrum,689
CASMI2022,massformer,completed,114,114,283,CASMI_MOL_1196906,CASMI_MOL_593114,593114,c1cc(-c2ccc3c(c2)c2cc(-c4ccsc4)ccc2n3CCCCCCCCn2c3ccc(-c4ccsc4)cc3c3cc(-c4ccsc4)ccc32)cs1,0.052375782141280705,binned_cosine_1Da,67,False,predicted_spectrum,689
CASMI2022,massformer,completed,114,114,283,CASMI_MOL_1196906,CASMI_MOL_593003,593003,CC(C)(C)C#CC1(c2ccc(-c3ccccn3)cc2)N=C(N)N(C(COC(=O)NC2(C(F)(F)F)CC2)c2cc(F)c(Cl)c(-n3ncnc3C(F)F)c2)C1=O,0.051064377324450606,binned_cosine_1Da,68,False,predicted_spectrum,689
CASMI2022,massformer,completed,114,114,283,CASMI_MOL_1196906,CASMI_MOL_592974,592974,CCOC(=O)C1C(CN2CCN3C(=O)N(c4ccc(-c5ccc(C(C)(C)C(=O)O)cc5)cc4)CC3C2)=NC(c2nccs2)=NC1c1ccc(Cl)cc1Cl,0.051006397644421386,binned_cosine_1Da,69,False,predicted_spectrum,689
CASMI2022,massformer,completed,114,114,283,CASMI_MOL_1196906,CASMI_MOL_593078,593078,Cc1cc(C#Cc2ccc(C#Cc3cc(C=CC(=O)O)cc(C=CC(=O)O)c3)cc2)cc(C#Cc2ccc(C#Cc3cc(C=CC(=O)O)cc(C=CC(=O)O)c3)cc2)c1,0.050757377080761334,binned_cosine_1Da,70,False,predicted_spectrum,689
CASMI2022,massformer,completed,114,114,283,CASMI_MOL_1196906,CASMI_MOL_592756,592756,CCc1cc2c(s1)-c1cc3c(=O)n(CC(C)C)c(=O)c4cc(-c5cc(C)c(-c6sc(C(C)(C)C)cc6O)s5)sc4c3cc1C(=O)[N+]([O-])(CC(C)C)C2,0.05002479933380959,binned_cosine_1Da,71,False,predicted_spectrum,689
CASMI2022,massformer,completed,114,114,283,CASMI_MOL_1196906,CASMI_MOL_593088,593088,NC(CO)C(O)c1c(F)c(F)c(-c2c3nc(c4ccc([nH]4)c(-c4c(F)c(F)c(C(O)C(N)CO)c(F)c4F)c4ccc(cc5ccc2[nH]5)[nH]4)C=C3)c(F)c1F,0.047028527318648226,binned_cosine_1Da,72,False,predicted_spectrum,689
CASMI2022,massformer,completed,114,114,283,CASMI_MOL_1196906,CASMI_MOL_592711,592711,Cc1ccc(-c2noc(-c3ccc(F)cc3NC(=O)CCCCCNC(=S)Nc3ccc4c(c3)C(=O)OC43c4ccc(O)cc4Oc4cc(O)ccc43)n2)cn1,0.046603919634121506,binned_cosine_1Da,73,False,predicted_spectrum,689
CASMI2022,massformer,completed,114,114,283,CASMI_MOL_1196906,CASMI_MOL_592916,592916,C=c1c(C(=O)Oc2c(C)cc(C)c(S(=O)(=O)O)c2C)c(NC(C)=O)[nH]c1=Cc1[nH]c(NC(C)=O)c(COOc2c(C)cc(C)c(OS(=O)O)c2C)c1C,0.04572710978776297,binned_cosine_1Da,74,False,predicted_spectrum,689
CASMI2022,massformer,completed,114,114,283,CASMI_MOL_1196906,CASMI_MOL_593116,593116,Nc1ccc(-c2c3cc([N+](=O)[O-])c([N+](=O)[O-])cc3c(-c3ccc(N)cc3)c3c(-c4ccc(N)cc4)c4cc([N+](=O)[O-])c([N+](=O)[O-])cc4c(-c4ccc(N)cc4)c23)cc1,0.044802067329499436,binned_cosine_1Da,75,False,predicted_spectrum,689
CASMI2022,massformer,completed,114,114,283,CASMI_MOL_1196906,CASMI_MOL_592999,592999,C=C(C=c1oc2ccccc2c1=CC)N(c1ccccc1)c1c(C#N)c(C#N)c(N(c2ccccc2)c2ccc3c(c2)oc2ccccc23)c2c1C(F)(F)OC2(F)F,0.04348847286372867,binned_cosine_1Da,76,False,predicted_spectrum,689
CASMI2022,massformer,completed,114,114,283,CASMI_MOL_1196906,CASMI_MOL_593089,593089,NC(CO)C(O)c1c(F)c(F)c(-c2c3ccc(cc4nc(c5ccc([nH]5)c(-c5c(F)c(F)c(C(O)C(N)CO)c(F)c5F)c5ccc2[nH]5)C=C4)[nH]3)c(F)c1F,0.04296004350800903,binned_cosine_1Da,77,False,predicted_spectrum,689
CASMI2022,massformer,completed,114,114,283,CASMI_MOL_1196906,CASMI_MOL_593368,593368,Cc1c(-c2cc(N3C(=O)C4CC5C(=CCc6c5c(O)n(CCCCCC(=O)O)c6O)C(c5cccc(F)c5O)C4(C)C3=O)n(C)n2)sc2ccc(Cl)cc12,0.04123661639907876,binned_cosine_1Da,78,False,predicted_spectrum,689
CASMI2022,massformer,completed,114,114,283,CASMI_MOL_1196906,CASMI_MOL_593376,593376,Cc1c(-c2cc(N3C(=O)C4CC5C(=CCc6c5c(O)n(CCCCCC(=O)O)c6O)C(c5cccc(F)c5O)C4(C)C3=O)n(C)n2)sc2ccc(Cl)cc12,0.04123661639907876,binned_cosine_1Da,79,False,predicted_spectrum,689
CASMI2022,massformer,completed,114,114,283,CASMI_MOL_1196906,CASMI_MOL_593361,593361,Cc1c(-c2cc(N3C(=O)C4CC5C(=CCc6c5c(O)n(CCCCCC(=O)O)c6O)C(c5ccc(O)c(F)c5)C4(C)C3=O)n(C)n2)sc2ccc(Cl)cc12,0.041031743948315026,binned_cosine_1Da,80,False,predicted_spectrum,689
CASMI2022,massformer,completed,114,114,283,CASMI_MOL_1196906,CASMI_MOL_593383,593383,Cc1c(-c2cc(N3C(=O)C4CC5C(=CCc6c5c(O)n(CCCCCC(=O)O)c6O)C(c5ccc(O)c(F)c5)C4(C)C3=O)n(C)n2)sc2ccc(Cl)cc12,0.041031743948315026,binned_cosine_1Da,81,False,predicted_spectrum,689
CASMI2022,massformer,completed,114,114,283,CASMI_MOL_1196906,CASMI_MOL_593123,593123,Cc1cccc2nc3ccccc3c(N3C(=O)c4ccc5c6ccc7c8c(ccc(c9ccc(c4c59)C3=O)c86)C(=O)N(c3c4ccccc4nc4cccc(C)c34)C7=O)c12,0.040767175187850654,binned_cosine_1Da,82,False,predicted_spectrum,689
CASMI2022,massformer,completed,114,114,283,CASMI_MOL_1196906,CASMI_MOL_593010,593010,N#Cc1cc(C#N)c2ccc(-c3nc(-c4ccc(-c5nc(-c6ccc7c(C#N)cc(C#N)cc7c6)nc(-c6ccccc6O)n5)cc4)nc(-c4ccccc4O)n3)cc2c1,0.03952102531702879,binned_cosine_1Da,83,False,predicted_spectrum,689
CASMI2022,massformer,completed,114,114,283,CASMI_MOL_1196906,CASMI_MOL_593098,593098,O=C(O)CCCCCCCCCCCCCCCCC(=O)N(CCC(=O)NCCCCC(C(=O)O)C1SSC2(SS1)SS2)CC(=O)O,0.03907862537958433,binned_cosine_1Da,84,False,predicted_spectrum,689
CASMI2022,massformer,completed,114,114,283,CASMI_MOL_1196906,CASMI_MOL_593182,593182,Nc1nc(C(=NOC2CCCC2)C(=O)NC2C(=O)N3C(C(=O)[O-])=C(Cc4ccn(Cc5cc[n+](CC(=O)Nc6ccc(O)cc6)cc5)c4O)CSC23)cs1,0.03854654367493134,binned_cosine_1Da,85,False,predicted_spectrum,689
CASMI2022,massformer,completed,114,114,283,CASMI_MOL_1196906,CASMI_MOL_593183,593183,Nc1nc(C(=NOC2CCCC2)C(=O)NC2C(=O)N3C(C(=O)[O-])=C(Cc4ccn(Cc5cc[n+](CC(=O)Nc6ccc(O)cc6)cc5)c4O)CSC23)cs1,0.03854654367493134,binned_cosine_1Da,86,False,predicted_spectrum,689
CASMI2022,massformer,completed,114,114,283,CASMI_MOL_1196906,CASMI_MOL_593008,593008,[C-]#[N+]c1cc(C#N)c2ccc(-c3nc(-c4ccc(-c5nc(-c6ccc7c([N+]#[C-])cc(C#N)cc7c6)nc(-c6ccccc6O)n5)cc4)nc(-c4ccccc4O)n3)cc2c1,0.03852027463920378,binned_cosine_1Da,87,False,predicted_spectrum,689
CASMI2022,massformer,completed,114,114,283,CASMI_MOL_1196906,CASMI_MOL_592733,592733,Cc1csc(N(c2ccc(C=Cc3ccc(-c4ccc(C=Cc5ccc(N(c6cc(C)cs6)c6cc(C)cs6)cc5)cc4)cc3)cc2)c2cc(C)cs2)c1,0.03837016867283903,binned_cosine_1Da,88,False,predicted_spectrum,689
CASMI2022,massformer,completed,114,114,283,CASMI_MOL_1196906,CASMI_MOL_593076,593076,CCCN(CCC)c1nn(-c2ccc(C(=O)NS(=O)(=O)c3ccc4cccc(Cl)c4c3)cc2C(=O)c2cccc3c2CC(CN=[N+]=[N-])NC3)c(C)c1Cl,0.03829499560214756,binned_cosine_1Da,89,False,predicted_spectrum,689
CASMI2022,massformer,completed,114,114,283,CASMI_MOL_1196906,CASMI_MOL_593136,593136,CCCOc1cc(-c2cc(OCCC)c(-c3c(S(=O)(=O)O)cc4cc(N)ccc4c3O)cc2C)c(C)cc1-c1c(S(=O)(=O)O)cc2cc(N)ccc2c1O,0.03766046960651673,binned_cosine_1Da,90,False,predicted_spectrum,689
CASMI2022,massformer,completed,114,114,283,CASMI_MOL_1196906,CASMI_MOL_593002,593002,c1cc(-c2ccc(-c3cccc(-c4ccc5c(c4)c4cccc6c4n5-c4ccccc4S6)c3)cc2)cc(-c2ccc3c(c2)c2cccc4c2n3-c2ccccc2S4)c1,0.03757644193024128,binned_cosine_1Da,91,False,predicted_spectrum,689
CASMI2022,massformer,completed,114,114,283,CASMI_MOL_1196906,CASMI_MOL_593097,593097,O=C(O)CCCCCCCCCCCCCCCCC(=O)N(CCC(=O)O)CC(=O)NCCCCC(C(=O)O)C1SSC2(SS1)SS2,0.03733910763144732,binned_cosine_1Da,92,False,predicted_spectrum,689
CASMI2022,massformer,completed,114,114,283,CASMI_MOL_1196906,CASMI_MOL_593001,593001,c1cc(-c2cccc(-c3ccc4c(c3)c3cccc5c3n4-c3ccccc3S5)c2)cc(-c2cccc(-c3ccc4c(c3)c3cccc5c3n4-c3ccccc3S5)c2)c1,0.037018460839492666,binned_cosine_1Da,93,False,predicted_spectrum,689
CASMI2022,massformer,completed,114,114,283,CASMI_MOL_1196906,CASMI_MOL_593354,593354,CC1C(CSc2nc(-c3ccccc3)c(-c3ccccc3)o2)OC(c2ccc(CNC(=O)c3c(F)c(F)c(F)c(F)c3F)cc2)OC1c1ccc(CO)cc1,0.036717536053025426,binned_cosine_1Da,94,False,predicted_spectrum,689
CASMI2022,massformer,completed,114,114,283,CASMI_MOL_1196906,CASMI_MOL_593355,593355,CC1C(CSc2nc(-c3ccccc3)c(-c3ccccc3)o2)OC(c2ccc(CNC(=O)c3c(F)c(F)c(F)c(F)c3F)cc2)OC1c1ccc(CO)cc1,0.036717536053025426,binned_cosine_1Da,95,False,predicted_spectrum,689
CASMI2022,massformer,completed,114,114,283,CASMI_MOL_1196906,CASMI_MOL_593385,593385,CC1C(CSc2nc(-c3ccccc3)c(-c3ccccc3)o2)OC(c2ccc(CNC(=O)c3c(F)c(F)c(F)c(F)c3F)cc2)OC1c1ccc(CO)cc1,0.036717536053025426,binned_cosine_1Da,96,False,predicted_spectrum,689
CASMI2022,massformer,completed,114,114,283,CASMI_MOL_1196906,CASMI_MOL_592996,592996,COc1ccc(-c2ccc3c(C4=C(c5c(-c6ccccc6)oc6cc(-c7ccc(OC)cc7)ccc56)C(F)(F)C(F)(F)C4(F)F)c(-c4ccccc4)oc3c2)cc1,0.035762023794293454,binned_cosine_1Da,97,False,predicted_spectrum,689
CASMI2022,massformer,completed,114,114,283,CASMI_MOL_1196906,CASMI_MOL_593178,593178,Nc1nc(C(=NOC2CCCC2)C(=O)NC2C(=O)N3C(C(=O)[O-])=C(Cc4ccn(Cc5ccc[n+](CC(=O)Nc6ccc(O)cc6)c5)c4O)CSC23)cs1,0.03431299650842712,binned_cosine_1Da,98,False,predicted_spectrum,689
CASMI2022,massformer,completed,114,114,283,CASMI_MOL_1196906,CASMI_MOL_593179,593179,Nc1nc(C(=NOC2CCCC2)C(=O)NC2C(=O)N3C(C(=O)[O-])=C(Cc4ccn(Cc5ccc[n+](CC(=O)Nc6ccc(O)cc6)c5)c4O)CSC23)cs1,0.03431299650842712,binned_cosine_1Da,99,False,predicted_spectrum,689
CASMI2022,massformer,completed,114,114,283,CASMI_MOL_1196906,CASMI_MOL_593137,593137,O=C1c2ccc3c4ccc5c6c7ccc(c8ccc(c2c38)C(=O)N1CCOCCOCCOCCSSCCOCCOCCOCCN(C5=O)C7=O)c64,0.034153908345857395,binned_cosine_1Da,100,False,predicted_spectrum,689
CASMI2022,massformer,completed,114,114,283,CASMI_MOL_1196906,CASMI_MOL_1196906,1196906,CC1OC(OC2C(Oc3c(-c4ccc(O)c(O)c4)oc4cc(OC5OC(CO)C(O)C(O)C5O)cc(O)c4c3=O)OC(CO)C(O)C2O)C(O)C(O)C1O,0.0015014423514767591,binned_cosine_1Da,561,True,predicted_spectrum,689
CASMI2022,massformer,completed,115,115,284,CASMI_MOL_1196907,CASMI_MOL_593964,593964,CCCC(C)C1C(c2c(F)ccc(C)c2F)CC2C3CCC4CCCCC4(C(=O)O)C3CCC21C,0.7078188311128922,binned_cosine_1Da,1,False,predicted_spectrum,1876
CASMI2022,massformer,completed,115,115,284,CASMI_MOL_1196907,CASMI_MOL_593839,593839,C=C(CCC(C)C1CCC2C3C(=O)CC4C(=O)C(O)(C(=O)OCC)CC4(C)C3CCC12C)C(C)C,0.7045300071650502,binned_cosine_1Da,2,False,predicted_spectrum,1876
CASMI2022,massformer,completed,115,115,284,CASMI_MOL_1196907,CASMI_MOL_594992,594992,C=C(CCC(C)C1CCC2C3C(=O)CC4C(=O)C(O)(C(=O)OCC)CC4(C)C3CCC12C)C(C)C,0.7045300071650502,binned_cosine_1Da,3,False,predicted_spectrum,1876
CASMI2022,massformer,completed,115,115,284,CASMI_MOL_1196907,CASMI_MOL_595061,595061,C=C(CCC(C)C1CCC2C3C(=O)CC4C(=O)C(O)(C(=O)OCC)CC4(C)C3CCC12C)C(C)C,0.7045300071650502,binned_cosine_1Da,4,False,predicted_spectrum,1876
CASMI2022,massformer,completed,115,115,284,CASMI_MOL_1196907,CASMI_MOL_593989,593989,CC1(C)CCCC(C)(C2CCC3(C)C2C(=O)CC2C4(C)CCC(=O)OC(C)(C)C4C(=O)CC23C)O1,0.7044444052544586,binned_cosine_1Da,5,False,predicted_spectrum,1876
CASMI2022,massformer,completed,115,115,284,CASMI_MOL_1196907,CASMI_MOL_594615,594615,CC1(C)CCC2(C(=O)O)CCC3(C)C(=C2C1)CC(=O)C1(O)C2(C)CCC(O)C(C)(C)C2CCC31C,0.7027637930619554,binned_cosine_1Da,6,False,predicted_spectrum,1876
CASMI2022,massformer,completed,115,115,284,CASMI_MOL_1196907,CASMI_MOL_594182,594182,CC(C)CCCC(C)C1CCC2C3=C(C=NNC(N)=S)C4CC(=NO)CCC4(C)C3CCC21C,0.7007789141264426,binned_cosine_1Da,7,False,predicted_spectrum,1876
CASMI2022,massformer,completed,115,115,284,CASMI_MOL_1196907,CASMI_MOL_594971,594971,COc1cc(C)c(O)c(C(C)(C)C=C(C)CC(O)C=C(C)CCCC(C)C(=O)C=CC(C)(C)O)c1,0.6982148133858589,binned_cosine_1Da,8,False,predicted_spectrum,1876
CASMI2022,massformer,completed,115,115,284,CASMI_MOL_1196907,CASMI_MOL_594209,594209,CCC(C)(C)C(=O)OC12CC3CC(O)(C1)CC(C(=O)OC(C)(C)C14CC5CC(CC(C5)C1)C4)(C3)C2,0.698212032513758,binned_cosine_1Da,9,False,predicted_spectrum,1876
CASMI2022,massformer,completed,115,115,284,CASMI_MOL_1196907,CASMI_MOL_594311,594311,COC(=O)CCC(C)C1CCC2(C)C(=O)C3=C(CCC12C)C1(C)CCC(OC(C)=O)C(C)(C)C1C3,0.6972431871508258,binned_cosine_1Da,10,False,predicted_spectrum,1876
CASMI2022,massformer,completed,115,115,284,CASMI_MOL_1196907,CASMI_MOL_594580,594580,COC(=O)CCC(C)C1CCC2(C)C(=O)C3=C(CCC12C)C1(C)CCC(OC(C)=O)C(C)(C)C1C3,0.6972431871508258,binned_cosine_1Da,11,False,predicted_spectrum,1876
CASMI2022,massformer,completed,115,115,284,CASMI_MOL_1196907,CASMI_MOL_594582,594582,COC(=O)CCC(C)C1=C2CC3C(=O)C4(C)CCC(OC(C)=O)C(C)(C)C4CCC3(C)C2(C)CC1,0.697056665341864,binned_cosine_1Da,12,False,predicted_spectrum,1876
CASMI2022,massformer,completed,115,115,284,CASMI_MOL_1196907,CASMI_MOL_593580,593580,CC(C)=CCCC(C)C1CCC2(C)C3=C(CCC12C)C1(C)C(O)CC(O)C(C)(C(=O)O)C1CC3=O,0.6968690896728257,binned_cosine_1Da,13,False,predicted_spectrum,1876
CASMI2022,massformer,completed,115,115,284,CASMI_MOL_1196907,CASMI_MOL_593581,593581,CC(C)=CCCC(C)C1CCC2(C)C3=C(CCC12C)C1(C)C(O)CC(O)C(C)(C(=O)O)C1CC3=O,0.6968690896728257,binned_cosine_1Da,14,False,predicted_spectrum,1876
CASMI2022,massformer,completed,115,115,284,CASMI_MOL_1196907,CASMI_MOL_593791,593791,CC(C)=CCCC(C)C1CCC2(C)C3=C(CCC12C)C1(C)C(O)CC(O)C(C)(C(=O)O)C1CC3=O,0.6968690896728257,binned_cosine_1Da,15,False,predicted_spectrum,1876
CASMI2022,massformer,completed,115,115,284,CASMI_MOL_1196907,CASMI_MOL_594904,594904,CC(C)=CCCC(C)C1CCC2(C)C3=C(CCC12C)C1(C)C(O)CC(O)C(C)(C(=O)O)C1CC3=O,0.6968690896728257,binned_cosine_1Da,16,False,predicted_spectrum,1876
CASMI2022,massformer,completed,115,115,284,CASMI_MOL_1196907,CASMI_MOL_594905,594905,CC(C)=CCCC(C)C1CCC2(C)C3=C(CCC12C)C1(C)C(O)CC(O)C(C)(C(=O)O)C1CC3=O,0.6968690896728257,binned_cosine_1Da,17,False,predicted_spectrum,1876
CASMI2022,massformer,completed,115,115,284,CASMI_MOL_1196907,CASMI_MOL_595008,595008,CC(C)=CCCC(C)C1CCC2(C)C3=C(CCC12C)C1(C)C(O)CC(O)C(C)(C(=O)O)C1CC3=O,0.6968690896728257,binned_cosine_1Da,18,False,predicted_spectrum,1876
CASMI2022,massformer,completed,115,115,284,CASMI_MOL_1196907,CASMI_MOL_595009,595009,CC(C)=CCCC(C)C1CCC2(C)C3=C(CCC12C)C1(C)C(O)CC(O)C(C)(C(=O)O)C1CC3=O,0.6968690896728257,binned_cosine_1Da,19,False,predicted_spectrum,1876
CASMI2022,massformer,completed,115,115,284,CASMI_MOL_1196907,CASMI_MOL_595164,595164,CC(C)=CCCC(C)C1CCC2(C)C3=C(CCC12C)C1(C)C(O)CC(O)C(C)(C(=O)O)C1CC3=O,0.6968690896728257,binned_cosine_1Da,20,False,predicted_spectrum,1876
CASMI2022,massformer,completed,115,115,284,CASMI_MOL_1196907,CASMI_MOL_595188,595188,CC(C)=CCCC(C)C1CCC2(C)C3=C(CCC12C)C1(C)C(O)CC(O)C(C)(C(=O)O)C1CC3=O,0.6968690896728257,binned_cosine_1Da,21,False,predicted_spectrum,1876
CASMI2022,massformer,completed,115,115,284,CASMI_MOL_1196907,CASMI_MOL_593796,593796,CC1(C)CCC2(C(=O)O)CCC3(C)C(=C2C1)CC(=O)C1C2(C)CCC(O)C(C)(C)C2C(O)CC13C,0.6968053882284942,binned_cosine_1Da,22,False,predicted_spectrum,1876
CASMI2022,massformer,completed,115,115,284,CASMI_MOL_1196907,CASMI_MOL_594451,594451,CC1(C)CCC2(C(=O)O)CCC3(C)C(=C2C1)CC(=O)C1C2(C)CCC(O)C(C)(C)C2C(O)CC13C,0.6968053882284942,binned_cosine_1Da,23,False,predicted_spectrum,1876
CASMI2022,massformer,completed,115,115,284,CASMI_MOL_1196907,CASMI_MOL_595120,595120,CC1(C)CCC2(C(=O)O)CCC3(C)C(=C2C1)CC(=O)C1C2(C)CCC(O)C(C)(C)C2C(O)CC13C,0.6968053882284942,binned_cosine_1Da,24,False,predicted_spectrum,1876
CASMI2022,massformer,completed,115,115,284,CASMI_MOL_1196907,CASMI_MOL_593447,593447,C=C(C)C1CCC2(C(=O)O)CCC3(C)C(CC(O)C4C5(C)CCC(=O)C(C)(C)C5CC(O)C43C)C12,0.6966507292833007,binned_cosine_1Da,25,False,predicted_spectrum,1876
CASMI2022,massformer,completed,115,115,284,CASMI_MOL_1196907,CASMI_MOL_593653,593653,CC(=CCCC(C)C1CCC2(C)C3C(=O)CC4C(C)(C)C(O)CCC4(C)C3C(=O)CC12C)C(=O)O,0.6964445975953293,binned_cosine_1Da,26,False,predicted_spectrum,1876
CASMI2022,massformer,completed,115,115,284,CASMI_MOL_1196907,CASMI_MOL_593654,593654,CC(=CCCC(C)C1CCC2(C)C3C(=O)CC4C(C)(C)C(O)CCC4(C)C3C(=O)CC12C)C(=O)O,0.6964445975953293,binned_cosine_1Da,27,False,predicted_spectrum,1876
CASMI2022,massformer,completed,115,115,284,CASMI_MOL_1196907,CASMI_MOL_593655,593655,CC(=CCCC(C)C1CCC2(C)C3C(=O)CC4C(C)(C)C(O)CCC4(C)C3C(=O)CC12C)C(=O)O,0.6964445975953293,binned_cosine_1Da,28,False,predicted_spectrum,1876
CASMI2022,massformer,completed,115,115,284,CASMI_MOL_1196907,CASMI_MOL_594099,594099,CC(=CCCC(C)C1CCC2(C)C3C(=O)CC4C(C)(C)C(O)CCC4(C)C3C(=O)CC12C)C(=O)O,0.6964445975953293,binned_cosine_1Da,29,False,predicted_spectrum,1876
CASMI2022,massformer,completed,115,115,284,CASMI_MOL_1196907,CASMI_MOL_594100,594100,CC(=CCCC(C)C1CCC2(C)C3C(=O)CC4C(C)(C)C(O)CCC4(C)C3C(=O)CC12C)C(=O)O,0.6964445975953293,binned_cosine_1Da,30,False,predicted_spectrum,1876
CASMI2022,massformer,completed,115,115,284,CASMI_MOL_1196907,CASMI_MOL_593910,593910,CC1(C)CCC2(C(=O)O)CCC3(C)C(C(=O)CC4C5(C)CCC(=O)C(C)(CO)C5CCC43C)C2C1,0.6963974718386318,binned_cosine_1Da,31,False,predicted_spectrum,1876
CASMI2022,massformer,completed,115,115,284,CASMI_MOL_1196907,CASMI_MOL_594334,594334,CC(=CCCC(C)C1CCC2(C)C3C(=O)CC4C(C)(C)C(=O)CCC4(C)C3C(O)CC12C)C(=O)O,0.6960773240531726,binned_cosine_1Da,32,False,predicted_spectrum,1876
CASMI2022,massformer,completed,115,115,284,CASMI_MOL_1196907,CASMI_MOL_593760,593760,C=C(C)C1CCC2(C(=O)O)CCC3(C)C(CCC4C5(C)CCC(=O)OC(C)(C)C5C(O)CC43C)C12,0.6957246072469964,binned_cosine_1Da,33,False,predicted_spectrum,1876
CASMI2022,massformer,completed,115,115,284,CASMI_MOL_1196907,CASMI_MOL_593988,593988,C=C(C)C1CCC2(C(=O)O)CCC3(C)C(CCC4C5(C)CCC(=O)OC(C)(C)C5C(O)CC43C)C12,0.6957246072469964,binned_cosine_1Da,34,False,predicted_spectrum,1876
CASMI2022,massformer,completed,115,115,284,CASMI_MOL_1196907,CASMI_MOL_595139,595139,C=C(C)C1CCC2(C(=O)O)CCC3(C)C(CCC4C5(C)CCC(=O)OC(C)(C)C5C(O)CC43C)C12,0.6957246072469964,binned_cosine_1Da,35,False,predicted_spectrum,1876
CASMI2022,massformer,completed,115,115,284,CASMI_MOL_1196907,CASMI_MOL_595163,595163,C=C(C)C1CCC2(C(=O)O)CCC3(C)C(CCC4C5(C)CCC(=O)OC(C)(C)C5C(O)CC43C)C12,0.6957246072469964,binned_cosine_1Da,36,False,predicted_spectrum,1876
CASMI2022,massformer,completed,115,115,284,CASMI_MOL_1196907,CASMI_MOL_594579,594579,COC(=O)CCC(C)C1CCC2(C)C3=C(CC12C)C(=O)C1(C)CCC(OC(C)=O)C(C)(C)C1CC3,0.6957186024076344,binned_cosine_1Da,37,False,predicted_spectrum,1876
CASMI2022,massformer,completed,115,115,284,CASMI_MOL_1196907,CASMI_MOL_593621,593621,C=C1C(O)CC2(C)CCC3(C)C4CCC5(C)C(C)C(=O)CCC5C4(C)CCC3(C(=O)OC)C2C1O,0.6953255225256069,binned_cosine_1Da,38,False,predicted_spectrum,1876
CASMI2022,massformer,completed,115,115,284,CASMI_MOL_1196907,CASMI_MOL_593622,593622,C=C1C(O)CC2(C)CCC3(C)C4CCC5(C)C(C)C(=O)CCC5C4(C)CCC3(C(=O)OC)C2C1O,0.6953255225256069,binned_cosine_1Da,39,False,predicted_spectrum,1876
CASMI2022,massformer,completed,115,115,284,CASMI_MOL_1196907,CASMI_MOL_593842,593842,CCC(=O)OC1CCC2(C)C(CCC3(C)C2CC(O)C2(C)c4c(O)oc(C)c4CCC32)C1(C)CC,0.6951960152149486,binned_cosine_1Da,40,False,predicted_spectrum,1876
CASMI2022,massformer,completed,115,115,284,CASMI_MOL_1196907,CASMI_MOL_595020,595020,CCC(=O)OC1CCC2(C)C(CCC3(C)C2CC(O)C2(C)c4c(O)oc(C)c4CCC32)C1(C)CC,0.6951960152149486,binned_cosine_1Da,41,False,predicted_spectrum,1876
CASMI2022,massformer,completed,115,115,284,CASMI_MOL_1196907,CASMI_MOL_595115,595115,CCC(=O)OC1CCC2(C)C(CCC3(C)C2CC(O)C2(C)c4c(O)oc(C)c4CCC32)C1(C)CC,0.6951960152149486,binned_cosine_1Da,42,False,predicted_spectrum,1876
CASMI2022,massformer,completed,115,115,284,CASMI_MOL_1196907,CASMI_MOL_595247,595247,CCC(=O)OC1CCC2(C)C(CCC3(C)C2CC(O)C2(C)c4c(O)oc(C)c4CCC32)C1(C)CC,0.6951960152149486,binned_cosine_1Da,43,False,predicted_spectrum,1876
CASMI2022,massformer,completed,115,115,284,CASMI_MOL_1196907,CASMI_MOL_594287,594287,C=C(C)C1CCC2(C(=O)O)CC(O)C3(C)C(CCC4C5(C)CCC(=O)C(C)(C)C5CC(O)C43C)C12,0.6947585487619097,binned_cosine_1Da,44,False,predicted_spectrum,1876
CASMI2022,massformer,completed,115,115,284,CASMI_MOL_1196907,CASMI_MOL_595173,595173,C=C(C)C1CCC2(C(=O)O)CC(O)C3(C)C(CCC4C5(C)CCC(=O)C(C)(C)C5CC(O)C43C)C12,0.6947585487619097,binned_cosine_1Da,45,False,predicted_spectrum,1876
CASMI2022,massformer,completed,115,115,284,CASMI_MOL_1196907,CASMI_MOL_594856,594856,CCCCCCCCC(=O)OC1C=C2CC(OC(C)=O)CCC2(C)C2CCC3(C)C(=O)CCC3C12,0.6945612835610827,binned_cosine_1Da,46,False,predicted_spectrum,1876
CASMI2022,massformer,completed,115,115,284,CASMI_MOL_1196907,CASMI_MOL_595182,595182,CCCCCCCCC(=O)OC1C=C2CC(OC(C)=O)CCC2(C)C2CCC3(C)C(=O)CCC3C12,0.6945612835610827,binned_cosine_1Da,47,False,predicted_spectrum,1876
CASMI2022,massformer,completed,115,115,284,CASMI_MOL_1196907,CASMI_MOL_594593,594593,CC(C)=C1CC(=O)C(C)(C2C(O)CC3(C)C4CCC5C(CCC(O)C5(C)C)C4(C)C(=O)CC23C)O1,0.6944582423483844,binned_cosine_1Da,48,False,predicted_spectrum,1876
CASMI2022,massformer,completed,115,115,284,CASMI_MOL_1196907,CASMI_MOL_595129,595129,C=C(C)C1CCC2(C(=O)OC)CCC3(C)C(CCC4C5(C)C(O)OC(=O)C(C)(C)C5CCC43C)C12,0.6936091177932197,binned_cosine_1Da,49,False,predicted_spectrum,1876
CASMI2022,massformer,completed,115,115,284,CASMI_MOL_1196907,CASMI_MOL_593733,593733,COC(=O)C12CCC3C(C)(CCC4(C)C5CC(C)C(=O)C(O)C5(C)CCC34C)C1CCC(=O)C2C,0.6930751078825365,binned_cosine_1Da,50,False,predicted_spectrum,1876
CASMI2022,massformer,completed,115,115,284,CASMI_MOL_1196907,CASMI_MOL_593734,593734,COC(=O)C12CCC3C(C)(CCC4(C)C5CC(C)C(=O)C(O)C5(C)CCC34C)C1CCC(=O)C2C,0.6930751078825365,binned_cosine_1Da,51,False,predicted_spectrum,1876
CASMI2022,massformer,completed,115,115,284,CASMI_MOL_1196907,CASMI_MOL_593444,593444,C=C(C)C1CCC2(C(=O)O)CC(O)C3(C)C(CC(O)C4C5(C)CCC(=O)C(C)(C)C5CCC43C)C12,0.6929146015722343,binned_cosine_1Da,52,False,predicted_spectrum,1876
CASMI2022,massformer,completed,115,115,284,CASMI_MOL_1196907,CASMI_MOL_593990,593990,C=C(CCC(C)C1CCC2C3C(=O)C4OC45CC(O)CCC5(COC(C)=O)C3CCC12C)C(C)C,0.6926071340283199,binned_cosine_1Da,53,False,predicted_spectrum,1876
CASMI2022,massformer,completed,115,115,284,CASMI_MOL_1196907,CASMI_MOL_593651,593651,CC(=CCCC(C)C1CCC2(C)C(=O)C3(CCC12C)C(O)CC1C(C)(C)C(=O)CCC13C)C(=O)O,0.6924302263843717,binned_cosine_1Da,54,False,predicted_spectrum,1876
CASMI2022,massformer,completed,115,115,284,CASMI_MOL_1196907,CASMI_MOL_593652,593652,CC(=CCCC(C)C1CCC2(C)C(=O)C3(CCC12C)C(O)CC1C(C)(C)C(=O)CCC13C)C(=O)O,0.6924302263843717,binned_cosine_1Da,55,False,predicted_spectrum,1876
CASMI2022,massformer,completed,115,115,284,CASMI_MOL_1196907,CASMI_MOL_593798,593798,CC(=CCCC(C)C1CCC2(C)C(=O)C3(CCC12C)C(O)CC1C(C)(C)C(=O)CCC13C)C(=O)O,0.6924302263843717,binned_cosine_1Da,56,False,predicted_spectrum,1876
CASMI2022,massformer,completed,115,115,284,CASMI_MOL_1196907,CASMI_MOL_594336,594336,CC(=CCCC(C)C1CCC2(C)C(=O)C3(CCC12C)C(O)CC1C(C)(C)C(=O)CCC13C)C(=O)O,0.6924302263843717,binned_cosine_1Da,57,False,predicted_spectrum,1876
CASMI2022,massformer,completed,115,115,284,CASMI_MOL_1196907,CASMI_MOL_594400,594400,CC(=CCCC(C)C1CCC2(C)C(=O)C3(CCC12C)C(O)CC1C(C)(C)C(=O)CCC13C)C(=O)O,0.6924302263843717,binned_cosine_1Da,58,False,predicted_spectrum,1876
CASMI2022,massformer,completed,115,115,284,CASMI_MOL_1196907,CASMI_MOL_594658,594658,CC(=CCCC(C)C1CCC2(C)C(=O)C3(CCC12C)C(O)CC1C(C)(C)C(=O)CCC13C)C(=O)O,0.6924302263843717,binned_cosine_1Da,59,False,predicted_spectrum,1876
CASMI2022,massformer,completed,115,115,284,CASMI_MOL_1196907,CASMI_MOL_595131,595131,CC(=CCCC(C)C1CCC2(C)C(=O)C3(CCC12C)C(O)CC1C(C)(C)C(=O)CCC13C)C(=O)O,0.6924302263843717,binned_cosine_1Da,60,False,predicted_spectrum,1876
CASMI2022,massformer,completed,115,115,284,CASMI_MOL_1196907,CASMI_MOL_594953,594953,CC1(C)CCC2(C(=O)O)CCC3(C)C(C(=O)C=C4C5(C)CC(O)C(O)C(C)(C)C5CCC43C)C2C1,0.6922982471194825,binned_cosine_1Da,61,False,predicted_spectrum,1876
CASMI2022,massformer,completed,115,115,284,CASMI_MOL_1196907,CASMI_MOL_593433,593433,C=C(C)C1CCC2(C(=O)O)CCC3(C)C(CC(O)C4C5(C)C(O)CC(=O)C(C)(C)C5CCC43C)C12,0.6922193576972959,binned_cosine_1Da,62,False,predicted_spectrum,1876
CASMI2022,massformer,completed,115,115,284,CASMI_MOL_1196907,CASMI_MOL_593442,593442,C=C(C)C1CCC2(C(=O)O)CCC3(C)C(CCC4C5(C)CC(=O)C(O)C(C)(C)C5CC(O)C43C)C12,0.6919024998667254,binned_cosine_1Da,63,False,predicted_spectrum,1876
CASMI2022,massformer,completed,115,115,284,CASMI_MOL_1196907,CASMI_MOL_594263,594263,C=C(C)C1CCC2(C(=O)O)CCC3(C)C(CCC4C5(C)CC(=O)C(O)C(C)(C)C5CC(O)C43C)C12,0.6919024998667254,binned_cosine_1Da,64,False,predicted_spectrum,1876
CASMI2022,massformer,completed,115,115,284,CASMI_MOL_1196907,CASMI_MOL_593955,593955,CCCCCC=CCC=CCCCCCCCC(=O)OC1COc2cc(O)cc(OC(C)C)c2C1,0.6918263544890407,binned_cosine_1Da,65,False,predicted_spectrum,1876
CASMI2022,massformer,completed,115,115,284,CASMI_MOL_1196907,CASMI_MOL_593977,593977,CCCCCC=CCC=CCCCCCCCC(=O)OC1COc2cc(O)cc(OC(C)C)c2C1,0.6918263544890407,binned_cosine_1Da,66,False,predicted_spectrum,1876
CASMI2022,massformer,completed,115,115,284,CASMI_MOL_1196907,CASMI_MOL_594603,594603,CCCCC(CC)C(=O)OC1C(C)CC2(OC(C)=O)C(=O)C(C)=CC3C(CCC(C)=CC12)C3(C)C,0.6912618856500244,binned_cosine_1Da,67,False,predicted_spectrum,1876
CASMI2022,massformer,completed,115,115,284,CASMI_MOL_1196907,CASMI_MOL_594614,594614,CCCCC(CC)C(=O)OC1C(C)CC2(OC(C)=O)C(=O)C(C)=CC3C(CCC(C)=CC12)C3(C)C,0.6912618856500244,binned_cosine_1Da,68,False,predicted_spectrum,1876
CASMI2022,massformer,completed,115,115,284,CASMI_MOL_1196907,CASMI_MOL_594951,594951,CC1(C)CCC2(C(=O)O)CCC3(C)C(C(=O)C(O)C4C5(C)CC6OC6C(C)(C)C5CCC43C)C2C1,0.6910874705001907,binned_cosine_1Da,69,False,predicted_spectrum,1876
CASMI2022,massformer,completed,115,115,284,CASMI_MOL_1196907,CASMI_MOL_594126,594126,C=C(C)C(=O)CCC(C(=O)O)C1C(O)CC2(C)C3=C(CCC12C)C1(C)CCC(O)C(C)(C)C1CC3,0.6904465150329613,binned_cosine_1Da,70,False,predicted_spectrum,1876
CASMI2022,massformer,completed,115,115,284,CASMI_MOL_1196907,CASMI_MOL_593753,593753,CC1(C)CCC23CCC4(C)C5(C)CCC6C(C)(C)C(O)C(O)CC6(C)C5CC(=O)C4(OC2=O)C3C1,0.6899140465542707,binned_cosine_1Da,71,False,predicted_spectrum,1876
CASMI2022,massformer,completed,115,115,284,CASMI_MOL_1196907,CASMI_MOL_594328,594328,CC1(C)CCC23CCC4(C)C5(C)CCC6C(C)(C)C(O)C(O)CC6(C)C5CC(=O)C4(OC2=O)C3C1,0.6899140465542707,binned_cosine_1Da,72,False,predicted_spectrum,1876
CASMI2022,massformer,completed,115,115,284,CASMI_MOL_1196907,CASMI_MOL_593759,593759,CC1(C)CCC2(C(=O)O)CCC3(CO)C(=C2C1)CC(=O)C1C2(C)CCC(O)C(C)(C)C2CCC13C,0.6896690671580131,binned_cosine_1Da,73,False,predicted_spectrum,1876
CASMI2022,massformer,completed,115,115,284,CASMI_MOL_1196907,CASMI_MOL_595154,595154,CC1(C)CCC2(C(=O)O)CCC3(CO)C(=C2C1)CC(=O)C1C2(C)CCC(O)C(C)(C)C2CCC13C,0.6896690671580131,binned_cosine_1Da,74,False,predicted_spectrum,1876
CASMI2022,massformer,completed,115,115,284,CASMI_MOL_1196907,CASMI_MOL_594318,594318,C=C(CO)C1CCC2(C(=O)O)CCC3(C)C(CCC4C5(C)CCC(=O)C(C)(C)C5CC(O)C43C)C12,0.6896634035186595,binned_cosine_1Da,75,False,predicted_spectrum,1876
CASMI2022,massformer,completed,115,115,284,CASMI_MOL_1196907,CASMI_MOL_594092,594092,C=CCCc1c(F)cc(OC(=O)C2CCC(C3CCC4CC(CCCC)CCC4C3)CC2)cc1F,0.6896575250803534,binned_cosine_1Da,76,False,predicted_spectrum,1876
CASMI2022,massformer,completed,115,115,284,CASMI_MOL_1196907,CASMI_MOL_594360,594360,CC1(C(=O)O)CCC2(C)CCC3(C)C(=CC(=O)C4C5(C)C(O)CC(O)C(C)(C)C5CCC43C)C2C1,0.6895219547492744,binned_cosine_1Da,77,False,predicted_spectrum,1876
CASMI2022,massformer,completed,115,115,284,CASMI_MOL_1196907,CASMI_MOL_594273,594273,CC1(C)CCC2(C(=O)O)C(O)CC3(C)C(C(=O)C=C4C5(C)CCC(O)C(C)(C)C5CCC43C)C2C1,0.6892899180089724,binned_cosine_1Da,78,False,predicted_spectrum,1876
CASMI2022,massformer,completed,115,115,284,CASMI_MOL_1196907,CASMI_MOL_593790,593790,C=C(CCC(C)C1CCC2C3CC4OC45CC(O)CC(=O)C5(C)C3C(OC(C)=O)CC12C)C(C)C,0.6891179424180829,binned_cosine_1Da,79,False,predicted_spectrum,1876
CASMI2022,massformer,completed,115,115,284,CASMI_MOL_1196907,CASMI_MOL_594998,594998,C=C(CCC(C)C1CCC2C3CC4OC45CC(O)CC(=O)C5(C)C3C(OC(C)=O)CC12C)C(C)C,0.6891179424180829,binned_cosine_1Da,80,False,predicted_spectrum,1876
CASMI2022,massformer,completed,115,115,284,CASMI_MOL_1196907,CASMI_MOL_595007,595007,C=C(CCC(C)C1CCC2C3CC4OC45CC(O)CC(=O)C5(C)C3C(OC(C)=O)CC12C)C(C)C,0.6891179424180829,binned_cosine_1Da,81,False,predicted_spectrum,1876
CASMI2022,massformer,completed,115,115,284,CASMI_MOL_1196907,CASMI_MOL_593844,593844,C=C(CO)C1CCC2(C(=O)O)CCC3(C)C(CCC4C5(C)CCC(=O)C(C)(C)C5C(O)CC43C)C12,0.6890162370074712,binned_cosine_1Da,82,False,predicted_spectrum,1876
CASMI2022,massformer,completed,115,115,284,CASMI_MOL_1196907,CASMI_MOL_595117,595117,C=C(CO)C1CCC2(C(=O)O)CCC3(C)C(CCC4C5(C)CCC(=O)C(C)(C)C5C(O)CC43C)C12,0.6890162370074712,binned_cosine_1Da,83,False,predicted_spectrum,1876
CASMI2022,massformer,completed,115,115,284,CASMI_MOL_1196907,CASMI_MOL_593895,593895,CCC12CCC3(C)C=CC(=O)C(=O)C(C)CC(=O)CC3C1(C)CCC(C)(CCC(C)(C)C(=O)O)C2,0.6888487312180993,binned_cosine_1Da,84,False,predicted_spectrum,1876
CASMI2022,massformer,completed,115,115,284,CASMI_MOL_1196907,CASMI_MOL_593446,593446,C=C(C)C1CC(O)C2(C(=O)O)CCC3(C)C(CCC4C5(C)CCC(=O)C(C)(C)C5CC(O)C43C)C12,0.6887474764592902,binned_cosine_1Da,85,False,predicted_spectrum,1876
CASMI2022,massformer,completed,115,115,284,CASMI_MOL_1196907,CASMI_MOL_594477,594477,CC(=O)C(C)=C(C)CCC(C)C1CCC2C3C(=O)CC4C(C)C(O)CCC4(C)C3C(=O)C(O)C12C,0.6886444102132436,binned_cosine_1Da,86,False,predicted_spectrum,1876
CASMI2022,massformer,completed,115,115,284,CASMI_MOL_1196907,CASMI_MOL_594762,594762,CC(=O)C(C)=C(C)CCC(C)C1CCC2C3C(=O)CC4C(C)C(O)CCC4(C)C3C(=O)C(O)C12C,0.6886444102132436,binned_cosine_1Da,87,False,predicted_spectrum,1876
CASMI2022,massformer,completed,115,115,284,CASMI_MOL_1196907,CASMI_MOL_594763,594763,CC(=O)C(C)=C(C)CCC(C)C1CCC2C3C(=O)CC4C(C)C(O)CCC4(C)C3C(=O)C(O)C12C,0.6886444102132436,binned_cosine_1Da,88,False,predicted_spectrum,1876
CASMI2022,massformer,completed,115,115,284,CASMI_MOL_1196907,CASMI_MOL_595005,595005,CC1(C)CCC2(C(=O)O)CCC3(C)C(=C2C1=O)CCC1C2(C)CC(O)C(O)C(C)(C)C2CCC13C,0.6886442351711233,binned_cosine_1Da,89,False,predicted_spectrum,1876
CASMI2022,massformer,completed,115,115,284,CASMI_MOL_1196907,CASMI_MOL_595112,595112,CC1(C)CCC2(C(=O)O)CCC3(C)C(=C2C1=O)CCC1C2(C)CC(O)C(O)C(C)(C)C2CCC13C,0.6886442351711233,binned_cosine_1Da,90,False,predicted_spectrum,1876
CASMI2022,massformer,completed,115,115,284,CASMI_MOL_1196907,CASMI_MOL_593443,593443,C=C(COO)C1CCC2(C(=O)O)CCC3(C)C(CCC4C5(C)CCC(=O)C(C)(C)C5CCC43C)C12,0.6885131141770225,binned_cosine_1Da,91,False,predicted_spectrum,1876
CASMI2022,massformer,completed,115,115,284,CASMI_MOL_1196907,CASMI_MOL_594611,594611,CC1(C)CCC2(C(=O)O)CCC3(C)C(=C2C1)CC(=O)C1C2(C)CC(O)C(O)C(C)(C)C2CCC13C,0.6882992179223106,binned_cosine_1Da,92,False,predicted_spectrum,1876
CASMI2022,massformer,completed,115,115,284,CASMI_MOL_1196907,CASMI_MOL_593467,593467,CC(C)=CCCC(C(=O)O)C1CCC2(C)C3=C(CCC12C)C1(C)C(O)CC(O)C(C)(C)C1CC3=O,0.6882719792424747,binned_cosine_1Da,93,False,predicted_spectrum,1876
CASMI2022,massformer,completed,115,115,284,CASMI_MOL_1196907,CASMI_MOL_593566,593566,CC(C)=CCCC(C(=O)O)C1CCC2(C)C3=C(CCC12C)C1(C)C(O)CC(O)C(C)(C)C1CC3=O,0.6882719792424747,binned_cosine_1Da,94,False,predicted_spectrum,1876
CASMI2022,massformer,completed,115,115,284,CASMI_MOL_1196907,CASMI_MOL_593604,593604,CC1(C(=O)O)CCC2(C)CCC3(C)C(=CC(=O)C4C5(C)CCC(O)C(C)(C)C5CCC43C)C2(O)C1,0.6881897884244942,binned_cosine_1Da,95,False,predicted_spectrum,1876
CASMI2022,massformer,completed,115,115,284,CASMI_MOL_1196907,CASMI_MOL_593605,593605,CC1(C(=O)O)CCC2(C)CCC3(C)C(=CC(=O)C4C5(C)CCC(O)C(C)(C)C5CCC43C)C2(O)C1,0.6881897884244942,binned_cosine_1Da,96,False,predicted_spectrum,1876
CASMI2022,massformer,completed,115,115,284,CASMI_MOL_1196907,CASMI_MOL_594107,594107,CC1(C(=O)O)CCC2(C)CCC3(C)C(=CC(=O)C4C5(C)CCC(O)C(C)(C)C5CCC43C)C2(O)C1,0.6881897884244942,binned_cosine_1Da,97,False,predicted_spectrum,1876
CASMI2022,massformer,completed,115,115,284,CASMI_MOL_1196907,CASMI_MOL_594378,594378,CC1(C(=O)O)CCC2(C)CCC3(C)C(=CC(=O)C4C5(C)CCC(O)C(C)(C)C5CCC43C)C2(O)C1,0.6881897884244942,binned_cosine_1Da,98,False,predicted_spectrum,1876
CASMI2022,massformer,completed,115,115,284,CASMI_MOL_1196907,CASMI_MOL_595087,595087,CC1(C(=O)O)CCC2(C)CCC3(C)C(=CC(=O)C4C5(C)CCC(O)C(C)(C)C5CCC43C)C2(O)C1,0.6881897884244942,binned_cosine_1Da,99,False,predicted_spectrum,1876
CASMI2022,massformer,completed,115,115,284,CASMI_MOL_1196907,CASMI_MOL_593540,593540,CC1C(=O)CCC2C1(C)CCC1C2(C)CCC2(C(=O)O)C3CC(C)(C)CCC3(C(=O)O)CCC12C,0.6881532992501562,binned_cosine_1Da,100,False,predicted_spectrum,1876
CASMI2022,massformer,completed,115,115,284,CASMI_MOL_1196907,CASMI_MOL_1196907,1196907,CC1CC2OC3(OC(C)(C)C2O)C1C1(C)CCC24CC25CCC(=O)C(C)(C)C5CCC4C1(C)C3O,0.6248452995204781,binned_cosine_1Da,1152,True,predicted_spectrum,1876
CASMI2022,massformer,completed,116,116,285,CASMI_MOL_1196909,CASMI_MOL_602209,602209,O=c1ccc2cc(C3=CCNCC3)ccc2[nH]1,0.5930143174357497,binned_cosine_1Da,1,False,predicted_spectrum,9725
CASMI2022,massformer,completed,116,116,285,CASMI_MOL_1196909,CASMI_MOL_596916,596916,CN1C(=O)c2ccccc2N=C2C=CCCC21,0.5897187718232663,binned_cosine_1Da,2,False,predicted_spectrum,9725
CASMI2022,massformer,completed,116,116,285,CASMI_MOL_1196909,CASMI_MOL_596475,596475,O=c1[nH]ccn2c3c(cc12)=CCC1CCCC=31,0.5850835535261157,binned_cosine_1Da,3,False,predicted_spectrum,9725
CASMI2022,massformer,completed,116,116,285,CASMI_MOL_1196909,CASMI_MOL_604957,604957,O=c1c2c([nH]c3ccccc13)C1CCCN1C2,0.5827839897554858,binned_cosine_1Da,4,False,predicted_spectrum,9725
CASMI2022,massformer,completed,116,116,285,CASMI_MOL_1196909,CASMI_MOL_603571,603571,CN1CCc2cc(-n3ccccc3=O)ccc21,0.5813585593433879,binned_cosine_1Da,5,False,predicted_spectrum,9725
CASMI2022,massformer,completed,116,116,285,CASMI_MOL_1196909,CASMI_MOL_604921,604921,CC(=O)C1CC=C(C#N)N(c2ccccc2)C1,0.5799755770826901,binned_cosine_1Da,6,False,predicted_spectrum,9725
CASMI2022,massformer,completed,116,116,285,CASMI_MOL_1196909,CASMI_MOL_596513,596513,C1=C(c2cc3ncccc3o2)CC2CNCC12,0.5796056900312361,binned_cosine_1Da,7,False,predicted_spectrum,9725
CASMI2022,massformer,completed,116,116,285,CASMI_MOL_1196909,CASMI_MOL_602147,602147,C1=C(c2cc3ncccc3o2)CC2CNCC12,0.5796056900312361,binned_cosine_1Da,8,False,predicted_spectrum,9725
CASMI2022,massformer,completed,116,116,285,CASMI_MOL_1196909,CASMI_MOL_604617,604617,C1=C(c2cc3ncccc3o2)CC2CNCC12,0.5796056900312361,binned_cosine_1Da,9,False,predicted_spectrum,9725
CASMI2022,massformer,completed,116,116,285,CASMI_MOL_1196909,CASMI_MOL_596396,596396,O=c1cc2ccc3c(cc-2[nH]1)C1CNCC3C1,0.5760933337915632,binned_cosine_1Da,10,False,predicted_spectrum,9725
CASMI2022,massformer,completed,116,116,285,CASMI_MOL_1196909,CASMI_MOL_602150,602150,C1=C(c2cc3ncccc3o2)CC2NCC2C1,0.5736406442830637,binned_cosine_1Da,11,False,predicted_spectrum,9725
CASMI2022,massformer,completed,116,116,285,CASMI_MOL_1196909,CASMI_MOL_602151,602151,C1=C(c2cc3ncccc3o2)CC2NCC2C1,0.5736406442830637,binned_cosine_1Da,12,False,predicted_spectrum,9725
CASMI2022,massformer,completed,116,116,285,CASMI_MOL_1196909,CASMI_MOL_604616,604616,C1=C(c2cc3ncccc3o2)CC2NCC2C1,0.5736406442830637,binned_cosine_1Da,13,False,predicted_spectrum,9725
CASMI2022,massformer,completed,116,116,285,CASMI_MOL_1196909,CASMI_MOL_596515,596515,C1=C(c2cc3ncccc3o2)CC2CCNC12,0.5722074770550911,binned_cosine_1Da,14,False,predicted_spectrum,9725
CASMI2022,massformer,completed,116,116,285,CASMI_MOL_1196909,CASMI_MOL_602154,602154,C1=C(c2cc3ncccc3o2)CC2CCNC12,0.5722074770550911,binned_cosine_1Da,15,False,predicted_spectrum,9725
CASMI2022,massformer,completed,116,116,285,CASMI_MOL_1196909,CASMI_MOL_604618,604618,C1=C(c2cc3ncccc3o2)CC2CCNC12,0.5722074770550911,binned_cosine_1Da,16,False,predicted_spectrum,9725
CASMI2022,massformer,completed,116,116,285,CASMI_MOL_1196909,CASMI_MOL_596160,596160,O=c1ccc2cc(C3C=NCCC3)ccc2[nH]1,0.5716893437841706,binned_cosine_1Da,17,False,predicted_spectrum,9725
CASMI2022,massformer,completed,116,116,285,CASMI_MOL_1196909,CASMI_MOL_597269,597269,O=c1[nH]c2ccccc2cc1C1=CCNCC1,0.5689423803577587,binned_cosine_1Da,18,False,predicted_spectrum,9725
CASMI2022,massformer,completed,116,116,285,CASMI_MOL_1196909,CASMI_MOL_596516,596516,C1=C(c2cc3ncccc3o2)CC2NCCC12,0.5685244954984773,binned_cosine_1Da,19,False,predicted_spectrum,9725
CASMI2022,massformer,completed,116,116,285,CASMI_MOL_1196909,CASMI_MOL_602146,602146,C1=C(c2cc3ncccc3o2)CC2NCCC12,0.5685244954984773,binned_cosine_1Da,20,False,predicted_spectrum,9725
CASMI2022,massformer,completed,116,116,285,CASMI_MOL_1196909,CASMI_MOL_604620,604620,C1=C(c2cc3ncccc3o2)CC2NCCC12,0.5685244954984773,binned_cosine_1Da,21,False,predicted_spectrum,9725
CASMI2022,massformer,completed,116,116,285,CASMI_MOL_1196909,CASMI_MOL_597719,597719,CC(=O)c1ccc(N2CC=C(C#N)CC2)cc1,0.5673403621204748,binned_cosine_1Da,22,False,predicted_spectrum,9725
CASMI2022,massformer,completed,116,116,285,CASMI_MOL_1196909,CASMI_MOL_602130,602130,O=c1ccccn1-c1ccc2c(c1)CNCC2,0.567049095022442,binned_cosine_1Da,23,False,predicted_spectrum,9725
CASMI2022,massformer,completed,116,116,285,CASMI_MOL_1196909,CASMI_MOL_602152,602152,C1=C(c2cc3ncccc3o2)CCC2CNC12,0.5669020620992966,binned_cosine_1Da,24,False,predicted_spectrum,9725
CASMI2022,massformer,completed,116,116,285,CASMI_MOL_1196909,CASMI_MOL_602153,602153,C1=C(c2cc3ncccc3o2)CCC2CNC12,0.5669020620992966,binned_cosine_1Da,25,False,predicted_spectrum,9725
CASMI2022,massformer,completed,116,116,285,CASMI_MOL_1196909,CASMI_MOL_604619,604619,C1=C(c2cc3ncccc3o2)CCC2CNC12,0.5669020620992966,binned_cosine_1Da,26,False,predicted_spectrum,9725
CASMI2022,massformer,completed,116,116,285,CASMI_MOL_1196909,CASMI_MOL_599523,599523,CC1=CCCN(c2ccc(C=O)cc2C#N)C1,0.5651207583107505,binned_cosine_1Da,27,False,predicted_spectrum,9725
CASMI2022,massformer,completed,116,116,285,CASMI_MOL_1196909,CASMI_MOL_600572,600572,CC=C1CC2C=Nc3ccccc3C(=O)N2C1,0.5628614693909421,binned_cosine_1Da,28,False,predicted_spectrum,9725
CASMI2022,massformer,completed,116,116,285,CASMI_MOL_1196909,CASMI_MOL_604636,604636,CC=C1CC2C=Nc3ccccc3C(=O)N2C1,0.5628614693909421,binned_cosine_1Da,29,False,predicted_spectrum,9725
CASMI2022,massformer,completed,116,116,285,CASMI_MOL_1196909,CASMI_MOL_604637,604637,CC=C1CC2C=Nc3ccccc3C(=O)N2C1,0.5628614693909421,binned_cosine_1Da,30,False,predicted_spectrum,9725
CASMI2022,massformer,completed,116,116,285,CASMI_MOL_1196909,CASMI_MOL_603572,603572,CN1CCc2ccc(-n3ccccc3=O)cc21,0.5627905638277668,binned_cosine_1Da,31,False,predicted_spectrum,9725
CASMI2022,massformer,completed,116,116,285,CASMI_MOL_1196909,CASMI_MOL_603329,603329,C=C1c2ccccc2C(=O)N1C1C2CNCC21,0.5622544512043488,binned_cosine_1Da,32,False,predicted_spectrum,9725
CASMI2022,massformer,completed,116,116,285,CASMI_MOL_1196909,CASMI_MOL_597720,597720,CC(=O)c1cccc(N2CC=C(C#N)CC2)c1,0.5600011476651772,binned_cosine_1Da,33,False,predicted_spectrum,9725
CASMI2022,massformer,completed,116,116,285,CASMI_MOL_1196909,CASMI_MOL_597248,597248,O=c1cccc(-c2ccc3c(c2)CNCC3)[nH]1,0.5598654571275357,binned_cosine_1Da,34,False,predicted_spectrum,9725
CASMI2022,massformer,completed,116,116,285,CASMI_MOL_1196909,CASMI_MOL_596329,596329,c1cc(-c2ncco2)cc(N2CC3CC3C2)c1,0.5595897971303387,binned_cosine_1Da,35,False,predicted_spectrum,9725
CASMI2022,massformer,completed,116,116,285,CASMI_MOL_1196909,CASMI_MOL_596330,596330,c1cc(-c2ncco2)cc(N2CC3CC3C2)c1,0.5595897971303387,binned_cosine_1Da,36,False,predicted_spectrum,9725
CASMI2022,massformer,completed,116,116,285,CASMI_MOL_1196909,CASMI_MOL_599903,599903,CC(=O)c1ccc(C#N)cc1N1CC=CCC1,0.5575062948508445,binned_cosine_1Da,37,False,predicted_spectrum,9725
CASMI2022,massformer,completed,116,116,285,CASMI_MOL_1196909,CASMI_MOL_596525,596525,O=C1NC(C2CC2)Cn2c1cc1ccccc12,0.5566451942207953,binned_cosine_1Da,38,False,predicted_spectrum,9725
CASMI2022,massformer,completed,116,116,285,CASMI_MOL_1196909,CASMI_MOL_596465,596465,CN1CC(=Cc2ccc[nH]2)c2cc(O)ccc21,0.5545493488274744,binned_cosine_1Da,39,False,predicted_spectrum,9725
CASMI2022,massformer,completed,116,116,285,CASMI_MOL_1196909,CASMI_MOL_596514,596514,C1=C(c2cc3ncccc3o2)C2CNCC2C1,0.5544096229797245,binned_cosine_1Da,40,False,predicted_spectrum,9725
CASMI2022,massformer,completed,116,116,285,CASMI_MOL_1196909,CASMI_MOL_602148,602148,C1=C(c2cc3ncccc3o2)C2CNCC2C1,0.5544096229797245,binned_cosine_1Da,41,False,predicted_spectrum,9725
CASMI2022,massformer,completed,116,116,285,CASMI_MOL_1196909,CASMI_MOL_604614,604614,C1=C(c2cc3ncccc3o2)C2CNCC2C1,0.5544096229797245,binned_cosine_1Da,42,False,predicted_spectrum,9725
CASMI2022,massformer,completed,116,116,285,CASMI_MOL_1196909,CASMI_MOL_602144,602144,C1=C(c2cc3ncccc3o2)C2NCC2CC1,0.5536909810010862,binned_cosine_1Da,43,False,predicted_spectrum,9725
CASMI2022,massformer,completed,116,116,285,CASMI_MOL_1196909,CASMI_MOL_602145,602145,C1=C(c2cc3ncccc3o2)C2NCC2CC1,0.5536909810010862,binned_cosine_1Da,44,False,predicted_spectrum,9725
CASMI2022,massformer,completed,116,116,285,CASMI_MOL_1196909,CASMI_MOL_604613,604613,C1=C(c2cc3ncccc3o2)C2NCC2CC1,0.5536909810010862,binned_cosine_1Da,45,False,predicted_spectrum,9725
CASMI2022,massformer,completed,116,116,285,CASMI_MOL_1196909,CASMI_MOL_595976,595976,O=C1NCC2Cn3c(cc4ccccc43)CC12,0.5535521110076793,binned_cosine_1Da,46,False,predicted_spectrum,9725
CASMI2022,massformer,completed,116,116,285,CASMI_MOL_1196909,CASMI_MOL_595652,595652,O=c1[nH]c2cnccc2cc1C1=CCCCC1,0.5514825518442692,binned_cosine_1Da,47,False,predicted_spectrum,9725
CASMI2022,massformer,completed,116,116,285,CASMI_MOL_1196909,CASMI_MOL_596512,596512,C1=C(c2cc3ncccc3o2)C2NCCC2C1,0.5505842246543935,binned_cosine_1Da,48,False,predicted_spectrum,9725
CASMI2022,massformer,completed,116,116,285,CASMI_MOL_1196909,CASMI_MOL_602149,602149,C1=C(c2cc3ncccc3o2)C2NCCC2C1,0.5505842246543935,binned_cosine_1Da,49,False,predicted_spectrum,9725
CASMI2022,massformer,completed,116,116,285,CASMI_MOL_1196909,CASMI_MOL_604615,604615,C1=C(c2cc3ncccc3o2)C2NCCC2C1,0.5505842246543935,binned_cosine_1Da,50,False,predicted_spectrum,9725
CASMI2022,massformer,completed,116,116,285,CASMI_MOL_1196909,CASMI_MOL_603043,603043,N#Cc1ccccc1N1C2CCC1CC(=O)C2,0.548728839945702,binned_cosine_1Da,51,False,predicted_spectrum,9725
CASMI2022,massformer,completed,116,116,285,CASMI_MOL_1196909,CASMI_MOL_599039,599039,CC1=CCN(c2ccc(C=O)cc2C#N)CC1,0.547563851731012,binned_cosine_1Da,52,False,predicted_spectrum,9725
CASMI2022,massformer,completed,116,116,285,CASMI_MOL_1196909,CASMI_MOL_597251,597251,Cc1c(C2=CCCC2)[nH]c(=O)c2cccnc12,0.5451531335233699,binned_cosine_1Da,53,False,predicted_spectrum,9725
CASMI2022,massformer,completed,116,116,285,CASMI_MOL_1196909,CASMI_MOL_604934,604934,CN1C=CC(n2ccc3ccccc32)CC1=O,0.5446638374469555,binned_cosine_1Da,54,False,predicted_spectrum,9725
CASMI2022,massformer,completed,116,116,285,CASMI_MOL_1196909,CASMI_MOL_599042,599042,N#Cc1cc(C=O)ccc1N1CC2CCC1C2,0.5441528500898071,binned_cosine_1Da,55,False,predicted_spectrum,9725
CASMI2022,massformer,completed,116,116,285,CASMI_MOL_1196909,CASMI_MOL_596328,596328,c1cc(-c2cnco2)cc(N2CC3CC3C2)c1,0.5441112594480677,binned_cosine_1Da,56,False,predicted_spectrum,9725
CASMI2022,massformer,completed,116,116,285,CASMI_MOL_1196909,CASMI_MOL_597370,597370,O=C1NCC2(CCC2)n2c1cc1ccccc12,0.543953619433108,binned_cosine_1Da,57,False,predicted_spectrum,9725
CASMI2022,massformer,completed,116,116,285,CASMI_MOL_1196909,CASMI_MOL_602133,602133,c1cc2ccc3cc2c(o3)c1N1CCNCC1,0.5420690544237041,binned_cosine_1Da,58,False,predicted_spectrum,9725
CASMI2022,massformer,completed,116,116,285,CASMI_MOL_1196909,CASMI_MOL_600942,600942,N#Cc1c(C2CCCC2)[nH]c2ccc(O)cc12,0.5409333748898377,binned_cosine_1Da,59,False,predicted_spectrum,9725
CASMI2022,massformer,completed,116,116,285,CASMI_MOL_1196909,CASMI_MOL_595774,595774,O=c1[nH]c(C2CC=CCC2)nc2ccccc12,0.5406609592711455,binned_cosine_1Da,60,False,predicted_spectrum,9725
CASMI2022,massformer,completed,116,116,285,CASMI_MOL_1196909,CASMI_MOL_603990,603990,Cc1ccc2n1-c1ccccc1C(=O)N(C)C2,0.5406609251610159,binned_cosine_1Da,61,False,predicted_spectrum,9725
CASMI2022,massformer,completed,116,116,285,CASMI_MOL_1196909,CASMI_MOL_604434,604434,Nc1cccc2c1CN(c1ccc(O)cc1)C2,0.5402534108488375,binned_cosine_1Da,62,False,predicted_spectrum,9725
CASMI2022,massformer,completed,116,116,285,CASMI_MOL_1196909,CASMI_MOL_597252,597252,Cc1ccc2c(=O)[nH]c(C3=CCCC3)cc2n1,0.5400940522927323,binned_cosine_1Da,63,False,predicted_spectrum,9725
CASMI2022,massformer,completed,116,116,285,CASMI_MOL_1196909,CASMI_MOL_597566,597566,O=c1cc(-c2cccnc2)c2c([nH]1)CCCC2,0.539952428500201,binned_cosine_1Da,64,False,predicted_spectrum,9725
CASMI2022,massformer,completed,116,116,285,CASMI_MOL_1196909,CASMI_MOL_604431,604431,Nc1ccc2c(c1)CN(c1ccc(O)cc1)C2,0.5397617824684083,binned_cosine_1Da,65,False,predicted_spectrum,9725
CASMI2022,massformer,completed,116,116,285,CASMI_MOL_1196909,CASMI_MOL_597249,597249,O=c1cc(-c2ccc3c(c2)CNCC3)cc[nH]1,0.5383542239334669,binned_cosine_1Da,66,False,predicted_spectrum,9725
CASMI2022,massformer,completed,116,116,285,CASMI_MOL_1196909,CASMI_MOL_596300,596300,N#Cc1cccc2c1C(=O)NC21CCCCC1,0.5383514774533528,binned_cosine_1Da,67,False,predicted_spectrum,9725
CASMI2022,massformer,completed,116,116,285,CASMI_MOL_1196909,CASMI_MOL_596577,596577,O=c1[nH]cccc1N1CCCc2ccccc21,0.5377665532958448,binned_cosine_1Da,68,False,predicted_spectrum,9725
CASMI2022,massformer,completed,116,116,285,CASMI_MOL_1196909,CASMI_MOL_603045,603045,N#Cc1cccc(N2C3CCC2CC(=O)C3)c1,0.5351917202507386,binned_cosine_1Da,69,False,predicted_spectrum,9725
CASMI2022,massformer,completed,116,116,285,CASMI_MOL_1196909,CASMI_MOL_595461,595461,COc1ccc2cc(C3(C#N)CCC3)[nH]c2c1,0.535065547862773,binned_cosine_1Da,70,False,predicted_spectrum,9725
CASMI2022,massformer,completed,116,116,285,CASMI_MOL_1196909,CASMI_MOL_596194,596194,CN1C(=O)c2ccccc2CC2=CCN=CC21,0.5345492062231365,binned_cosine_1Da,71,False,predicted_spectrum,9725
CASMI2022,massformer,completed,116,116,285,CASMI_MOL_1196909,CASMI_MOL_602268,602268,CC1CCCN1c1ccc(C#N)c2occc12,0.5335988641100705,binned_cosine_1Da,72,False,predicted_spectrum,9725
CASMI2022,massformer,completed,116,116,285,CASMI_MOL_1196909,CASMI_MOL_596830,596830,CC1CC1c1nc(-c2ccccc2)cc(=O)[nH]1,0.5332641081469746,binned_cosine_1Da,73,False,predicted_spectrum,9725
CASMI2022,massformer,completed,116,116,285,CASMI_MOL_1196909,CASMI_MOL_595775,595775,CC(C)Cn1cc(C=O)c2cc(C#N)ccc21,0.5322830705556676,binned_cosine_1Da,74,False,predicted_spectrum,9725
CASMI2022,massformer,completed,116,116,285,CASMI_MOL_1196909,CASMI_MOL_604935,604935,CN1C(=O)C=CCC1c1c[nH]c2ccccc12,0.5317113237515759,binned_cosine_1Da,75,False,predicted_spectrum,9725
CASMI2022,massformer,completed,116,116,285,CASMI_MOL_1196909,CASMI_MOL_600364,600364,N#CC1(c2ccc(NC(=O)C3CC3)cc2)CC1,0.5314520313487153,binned_cosine_1Da,76,False,predicted_spectrum,9725
CASMI2022,massformer,completed,116,116,285,CASMI_MOL_1196909,CASMI_MOL_595874,595874,O=C1CCCN2Cc3c([nH]c4ccccc34)C12,0.5313647342398279,binned_cosine_1Da,77,False,predicted_spectrum,9725
CASMI2022,massformer,completed,116,116,285,CASMI_MOL_1196909,CASMI_MOL_597099,597099,C=Nc1ccccc1N(C)c1ccc(O)cc1,0.5307852737680704,binned_cosine_1Da,78,False,predicted_spectrum,9725
CASMI2022,massformer,completed,116,116,285,CASMI_MOL_1196909,CASMI_MOL_603721,603721,O=c1cccc(-c2cccc3c2CCNC3)[nH]1,0.5305161200428239,binned_cosine_1Da,79,False,predicted_spectrum,9725
CASMI2022,massformer,completed,116,116,285,CASMI_MOL_1196909,CASMI_MOL_597253,597253,CC1=CC(c2cc3ncccc3c(=O)[nH]2)CC1,0.5303096855621361,binned_cosine_1Da,80,False,predicted_spectrum,9725
CASMI2022,massformer,completed,116,116,285,CASMI_MOL_1196909,CASMI_MOL_600727,600727,O=Nc1ccc(N2CCCC2)c2ccccc12,0.5301617197281013,binned_cosine_1Da,81,False,predicted_spectrum,9725
CASMI2022,massformer,completed,116,116,285,CASMI_MOL_1196909,CASMI_MOL_595959,595959,Oc1ccc(Nc2ccc3c(c2)CCN3)cc1,0.5292641969776415,binned_cosine_1Da,82,False,predicted_spectrum,9725
CASMI2022,massformer,completed,116,116,285,CASMI_MOL_1196909,CASMI_MOL_602281,602281,c1cc(Oc2ccc3c(c2)CCCN3)ccn1,0.5290788122407087,binned_cosine_1Da,83,False,predicted_spectrum,9725
CASMI2022,massformer,completed,116,116,285,CASMI_MOL_1196909,CASMI_MOL_600217,600217,Cn1c(=O)ccc2cc(N3CC=CC3)ccc21,0.5288783673155609,binned_cosine_1Da,84,False,predicted_spectrum,9725
CASMI2022,massformer,completed,116,116,285,CASMI_MOL_1196909,CASMI_MOL_603689,603689,C1=C(c2nc3ccccc3o2)N2CCC1CC2,0.5286985047965171,binned_cosine_1Da,85,False,predicted_spectrum,9725
CASMI2022,massformer,completed,116,116,285,CASMI_MOL_1196909,CASMI_MOL_600242,600242,CC1(c2c[nH]c3ccc(C#N)cc23)CCCO1,0.5282944348774633,binned_cosine_1Da,86,False,predicted_spectrum,9725
CASMI2022,massformer,completed,116,116,285,CASMI_MOL_1196909,CASMI_MOL_595771,595771,Cc1cc(N2CC3CC3C2)c(C#N)cc1C=O,0.5282580565101065,binned_cosine_1Da,87,False,predicted_spectrum,9725
CASMI2022,massformer,completed,116,116,285,CASMI_MOL_1196909,CASMI_MOL_597457,597457,CNc1ccc(C=Cc2ccc(=O)[nH]c2)cc1,0.5281551265579884,binned_cosine_1Da,88,False,predicted_spectrum,9725
CASMI2022,massformer,completed,116,116,285,CASMI_MOL_1196909,CASMI_MOL_595869,595869,NC(=O)c1ccc2c(CC3CC3)nccc2c1,0.5281358167971508,binned_cosine_1Da,89,False,predicted_spectrum,9725
CASMI2022,massformer,completed,116,116,285,CASMI_MOL_1196909,CASMI_MOL_598465,598465,CCc1[nH]c(=O)cc2c3ccccc3n(C)c12,0.5273231589446452,binned_cosine_1Da,90,False,predicted_spectrum,9725
CASMI2022,massformer,completed,116,116,285,CASMI_MOL_1196909,CASMI_MOL_604436,604436,Nc1cccc2c1CN(c1cccc(O)c1)C2,0.5272154696433149,binned_cosine_1Da,91,False,predicted_spectrum,9725
CASMI2022,massformer,completed,116,116,285,CASMI_MOL_1196909,CASMI_MOL_595770,595770,Cc1c(C=O)ccc(N2CC3CC3C2)c1C#N,0.5269298289158988,binned_cosine_1Da,92,False,predicted_spectrum,9725
CASMI2022,massformer,completed,116,116,285,CASMI_MOL_1196909,CASMI_MOL_604433,604433,Nc1ccc2c(c1)CN(c1cccc(O)c1)C2,0.5266032617786468,binned_cosine_1Da,93,False,predicted_spectrum,9725
CASMI2022,massformer,completed,116,116,285,CASMI_MOL_1196909,CASMI_MOL_604432,604432,Nc1ccc2c(c1)CN(c1ccccc1O)C2,0.5262109718432237,binned_cosine_1Da,94,False,predicted_spectrum,9725
CASMI2022,massformer,completed,116,116,285,CASMI_MOL_1196909,CASMI_MOL_597681,597681,O=Cc1cccc2c3c([nH]c12)N1CCC3CC1,0.5261754923004412,binned_cosine_1Da,95,False,predicted_spectrum,9725
CASMI2022,massformer,completed,116,116,285,CASMI_MOL_1196909,CASMI_MOL_599692,599692,O=Cc1ccc2c(N3CCCC3)ccnc2c1,0.5258580055008334,binned_cosine_1Da,96,False,predicted_spectrum,9725
CASMI2022,massformer,completed,116,116,285,CASMI_MOL_1196909,CASMI_MOL_600213,600213,CC#CCNc1ccc2c(ccc(=O)n2C)c1,0.5256016947507949,binned_cosine_1Da,97,False,predicted_spectrum,9725
CASMI2022,massformer,completed,116,116,285,CASMI_MOL_1196909,CASMI_MOL_600678,600678,Oc1ccc(Nc2ccc3c(c2)NCC3)cc1,0.5255210932207235,binned_cosine_1Da,98,False,predicted_spectrum,9725
CASMI2022,massformer,completed,116,116,285,CASMI_MOL_1196909,CASMI_MOL_601922,601922,O=c1cc(-c2ccccc2)c2c([nH]1)CCNC2,0.5246839457265757,binned_cosine_1Da,99,False,predicted_spectrum,9725
CASMI2022,massformer,completed,116,116,285,CASMI_MOL_1196909,CASMI_MOL_602059,602059,O=c1cc(-c2ccccc2)c2c([nH]1)CCNC2,0.5246839457265757,binned_cosine_1Da,100,False,predicted_spectrum,9725
CASMI2022,massformer,completed,116,116,285,CASMI_MOL_1196909,CASMI_MOL_1196909,1196909,CCc1nccc2c1[nH]c1cc(OC)ccc12,0.49270549195230096,binned_cosine_1Da,558,True,predicted_spectrum,9725
CASMI2022,massformer,completed,119,119,291,CASMI_MOL_1196912,CASMI_MOL_620932,620932,C=CC=C(C)C(=CC)OP(C)Oc1ccccc1C,0.697592516099949,binned_cosine_1Da,1,False,predicted_spectrum,9424
CASMI2022,massformer,completed,119,119,291,CASMI_MOL_1196912,CASMI_MOL_620112,620112,CC1=CC=C(OPOc2ccc(C)cc2C)C(C)C1,0.614767865612694,binned_cosine_1Da,2,False,predicted_spectrum,9424
CASMI2022,massformer,completed,119,119,291,CASMI_MOL_1196912,CASMI_MOL_622899,622899,COc1ccc(CC(Cl)C2C3C4CCC(C4)C23)cc1,0.5846481241192847,binned_cosine_1Da,3,False,predicted_spectrum,9424
CASMI2022,massformer,completed,119,119,291,CASMI_MOL_1196912,CASMI_MOL_627947,627947,COc1ccc(CNCC(O)c2ccc(F)cc2)cn1,0.5700881949519033,binned_cosine_1Da,4,False,predicted_spectrum,9424
CASMI2022,massformer,completed,119,119,291,CASMI_MOL_1196912,CASMI_MOL_626301,626301,Cc1ccc2c(c1)CC(CC1(CCl)CC3CC3C1)O2,0.5680989315004463,binned_cosine_1Da,5,False,predicted_spectrum,9424
CASMI2022,massformer,completed,119,119,291,CASMI_MOL_1196912,CASMI_MOL_622916,622916,CC1(C)COc2ccc(C(Cl)C3CC4CC4C3)cc21,0.5655361409436381,binned_cosine_1Da,6,False,predicted_spectrum,9424
CASMI2022,massformer,completed,119,119,291,CASMI_MOL_1196912,CASMI_MOL_627425,627425,COc1ccc(C(CN)NCCO)cc1OC(F)F,0.5639240582163759,binned_cosine_1Da,7,False,predicted_spectrum,9424
CASMI2022,massformer,completed,119,119,291,CASMI_MOL_1196912,CASMI_MOL_627281,627281,ClCC1(CC2Cc3ccccc3O2)CC2CCC1C2,0.557289602982657,binned_cosine_1Da,8,False,predicted_spectrum,9424
CASMI2022,massformer,completed,119,119,291,CASMI_MOL_1196912,CASMI_MOL_627795,627795,ClC(c1ccc2c(c1)CCCO2)C1CC2CCC1C2,0.5476543611382324,binned_cosine_1Da,9,False,predicted_spectrum,9424
CASMI2022,massformer,completed,119,119,291,CASMI_MOL_1196912,CASMI_MOL_624249,624249,COc1ccccc1CC(Cl)C1C2C3CCC(C3)C12,0.541163609931491,binned_cosine_1Da,10,False,predicted_spectrum,9424
CASMI2022,massformer,completed,119,119,291,CASMI_MOL_1196912,CASMI_MOL_623723,623723,CNCc1ccc(OCCn2ccccc2=O)c(F)c1,0.5389745641773989,binned_cosine_1Da,11,False,predicted_spectrum,9424
CASMI2022,massformer,completed,119,119,291,CASMI_MOL_1196912,CASMI_MOL_622917,622917,CC1(C)COc2ccc(C(Cl)C3C4CCCC43)cc21,0.5384816195911718,binned_cosine_1Da,12,False,predicted_spectrum,9424
CASMI2022,massformer,completed,119,119,291,CASMI_MOL_1196912,CASMI_MOL_625778,625778,Cc1cc(OCC2CCCC2)ccc1C#CCCCl,0.5384107207310498,binned_cosine_1Da,13,False,predicted_spectrum,9424
CASMI2022,massformer,completed,119,119,291,CASMI_MOL_1196912,CASMI_MOL_627809,627809,Cc1cc(C#CCCCl)ccc1OC1CCCCC1,0.5362156711668683,binned_cosine_1Da,14,False,predicted_spectrum,9424
CASMI2022,massformer,completed,119,119,291,CASMI_MOL_1196912,CASMI_MOL_627804,627804,ClC(CC1CC2CCC1C2)c1ccc2c(c1)CCO2,0.5348810816065965,binned_cosine_1Da,15,False,predicted_spectrum,9424
CASMI2022,massformer,completed,119,119,291,CASMI_MOL_1196912,CASMI_MOL_626117,626117,ClC(c1ccc2c(c1)CCCO2)C1C2CCCCC21,0.5344802178938453,binned_cosine_1Da,16,False,predicted_spectrum,9424
CASMI2022,massformer,completed,119,119,291,CASMI_MOL_1196912,CASMI_MOL_626635,626635,CC1(C)CC(CC2COc3ccccc32)=CC(Cl)C1,0.5292070217415605,binned_cosine_1Da,17,False,predicted_spectrum,9424
CASMI2022,massformer,completed,119,119,291,CASMI_MOL_1196912,CASMI_MOL_627946,627946,COc1ccc(CNCC(O)c2ccccc2F)cn1,0.5291446636016812,binned_cosine_1Da,18,False,predicted_spectrum,9424
CASMI2022,massformer,completed,119,119,291,CASMI_MOL_1196912,CASMI_MOL_622505,622505,CNCc1cccc(F)c1OCCn1ccccc1=O,0.5269074257011476,binned_cosine_1Da,19,False,predicted_spectrum,9424
CASMI2022,massformer,completed,119,119,291,CASMI_MOL_1196912,CASMI_MOL_627569,627569,Cc1cc(C#CCCl)ccc1OC1CCC(C)CC1,0.5264087219683775,binned_cosine_1Da,20,False,predicted_spectrum,9424
CASMI2022,massformer,completed,119,119,291,CASMI_MOL_1196912,CASMI_MOL_627633,627633,Cc1cc(C#CCCl)ccc1OC1CCCC(C)C1,0.5250034950030814,binned_cosine_1Da,21,False,predicted_spectrum,9424
CASMI2022,massformer,completed,119,119,291,CASMI_MOL_1196912,CASMI_MOL_624251,624251,COc1ccc(C(Cl)C2C3C4CCC(C4)C32)c(C)c1,0.5230452227855145,binned_cosine_1Da,22,False,predicted_spectrum,9424
CASMI2022,massformer,completed,119,119,291,CASMI_MOL_1196912,CASMI_MOL_628786,628786,Cc1cc(C#CCCCl)ccc1OCC1CCCC1,0.5220643172128777,binned_cosine_1Da,23,False,predicted_spectrum,9424
CASMI2022,massformer,completed,119,119,291,CASMI_MOL_1196912,CASMI_MOL_625855,625855,Cc1cc(C#CCCl)ccc1OC1CCCCCC1,0.5220072812161649,binned_cosine_1Da,24,False,predicted_spectrum,9424
CASMI2022,massformer,completed,119,119,291,CASMI_MOL_1196912,CASMI_MOL_625780,625780,Cc1cc(OCC2CCCCC2)ccc1C#CCCl,0.5202228615147475,binned_cosine_1Da,25,False,predicted_spectrum,9424
CASMI2022,massformer,completed,119,119,291,CASMI_MOL_1196912,CASMI_MOL_627100,627100,Cc1ccc2cc(C(Cl)C3CCCCC3)c(C)c-2o1,0.5187353866571144,binned_cosine_1Da,26,False,predicted_spectrum,9424
CASMI2022,massformer,completed,119,119,291,CASMI_MOL_1196912,CASMI_MOL_626637,626637,ClCC1(CC2COc3ccccc32)CC2CCC1C2,0.5175517491352156,binned_cosine_1Da,27,False,predicted_spectrum,9424
CASMI2022,massformer,completed,119,119,291,CASMI_MOL_1196912,CASMI_MOL_622816,622816,Cc1cc(C#CCCl)ccc1OCCC1CCCC1,0.5160276106331171,binned_cosine_1Da,28,False,predicted_spectrum,9424
CASMI2022,massformer,completed,119,119,291,CASMI_MOL_1196912,CASMI_MOL_625104,625104,ClC(C=CCCOc1ccccc1)=C1CCCCC1,0.5100861410763524,binned_cosine_1Da,29,False,predicted_spectrum,9424
CASMI2022,massformer,completed,119,119,291,CASMI_MOL_1196912,CASMI_MOL_625779,625779,Cc1cc(OC2CCCCC2)ccc1C#CCCCl,0.5067943057703299,binned_cosine_1Da,30,False,predicted_spectrum,9424
CASMI2022,massformer,completed,119,119,291,CASMI_MOL_1196912,CASMI_MOL_624250,624250,COc1ccc(C(Cl)C2C3C4CCC(C4)C32)cc1C,0.4976176660973852,binned_cosine_1Da,31,False,predicted_spectrum,9424
CASMI2022,massformer,completed,119,119,291,CASMI_MOL_1196912,CASMI_MOL_625777,625777,Cc1cc(OC2CCCC(C)C2)ccc1C#CCCl,0.49671742810480285,binned_cosine_1Da,32,False,predicted_spectrum,9424
CASMI2022,massformer,completed,119,119,291,CASMI_MOL_1196912,CASMI_MOL_627280,627280,CC1(C)CC(CC2Cc3ccccc3O2)=CC(Cl)C1,0.49617940138972416,binned_cosine_1Da,33,False,predicted_spectrum,9424
CASMI2022,massformer,completed,119,119,291,CASMI_MOL_1196912,CASMI_MOL_625782,625782,Cc1cc(OC2CCC(C)CC2)ccc1C#CCCl,0.4954507399178619,binned_cosine_1Da,34,False,predicted_spectrum,9424
CASMI2022,massformer,completed,119,119,291,CASMI_MOL_1196912,CASMI_MOL_624309,624309,Cc1ccc(C2(O)C3CC4CC(C3)CC2C4)cc1Cl,0.4928753965033655,binned_cosine_1Da,35,False,predicted_spectrum,9424
CASMI2022,massformer,completed,119,119,291,CASMI_MOL_1196912,CASMI_MOL_622898,622898,COc1cccc(CC(Cl)C2C3C4CCC(C4)C23)c1,0.4928601344019395,binned_cosine_1Da,36,False,predicted_spectrum,9424
CASMI2022,massformer,completed,119,119,291,CASMI_MOL_1196912,CASMI_MOL_620840,620840,C=CC=C(C=CC)Cc1ccc(OCCCCl)cc1,0.4902060869290955,binned_cosine_1Da,37,False,predicted_spectrum,9424
CASMI2022,massformer,completed,119,119,291,CASMI_MOL_1196912,CASMI_MOL_627709,627709,CCC1CCCCC1Oc1ccccc1C#CCCl,0.4865815784144738,binned_cosine_1Da,38,False,predicted_spectrum,9424
CASMI2022,massformer,completed,119,119,291,CASMI_MOL_1196912,CASMI_MOL_627283,627283,ClC1CC(Oc2ccc3c(c2)CCC3)C12CCCC2,0.4855771920590962,binned_cosine_1Da,39,False,predicted_spectrum,9424
CASMI2022,massformer,completed,119,119,291,CASMI_MOL_1196912,CASMI_MOL_627568,627568,CCC1CCC(Oc2ccccc2C#CCCl)CC1,0.4844747542066713,binned_cosine_1Da,40,False,predicted_spectrum,9424
CASMI2022,massformer,completed,119,119,291,CASMI_MOL_1196912,CASMI_MOL_623613,623613,COc1ccc(CN(C)c2ncc(F)cc2CO)cc1,0.4828269837876237,binned_cosine_1Da,41,False,predicted_spectrum,9424
CASMI2022,massformer,completed,119,119,291,CASMI_MOL_1196912,CASMI_MOL_622021,622021,C=C(Cc1ccc(OC2CC3CC3C2)cc1)C(C)Cl,0.48116328483725135,binned_cosine_1Da,42,False,predicted_spectrum,9424
CASMI2022,massformer,completed,119,119,291,CASMI_MOL_1196912,CASMI_MOL_627794,627794,CC1Cc2cc(C(Cl)C3CC4CCC3C4)ccc2O1,0.47946129117360553,binned_cosine_1Da,43,False,predicted_spectrum,9424
CASMI2022,massformer,completed,119,119,291,CASMI_MOL_1196912,CASMI_MOL_625781,625781,Cc1cc(OC2CCCCCC2)ccc1C#CCCl,0.47650681198847233,binned_cosine_1Da,44,False,predicted_spectrum,9424
CASMI2022,massformer,completed,119,119,291,CASMI_MOL_1196912,CASMI_MOL_622913,622913,ClC1C=C(CCc2ccc3c(c2)CCO3)CCCC1,0.4764230471759713,binned_cosine_1Da,45,False,predicted_spectrum,9424
CASMI2022,massformer,completed,119,119,291,CASMI_MOL_1196912,CASMI_MOL_622901,622901,CCOc1ccc(C(Cl)C2C3C4CCC(C4)C32)cc1,0.47358756122053824,binned_cosine_1Da,46,False,predicted_spectrum,9424
CASMI2022,massformer,completed,119,119,291,CASMI_MOL_1196912,CASMI_MOL_627810,627810,Cc1ccc(OCC2CCCC2)c(C#CCCCl)c1,0.4728391648716133,binned_cosine_1Da,47,False,predicted_spectrum,9424
CASMI2022,massformer,completed,119,119,291,CASMI_MOL_1196912,CASMI_MOL_627567,627567,CCC1CCC(Oc2ccc(C#CCCl)cc2)CC1,0.47125305321590893,binned_cosine_1Da,48,False,predicted_spectrum,9424
CASMI2022,massformer,completed,119,119,291,CASMI_MOL_1196912,CASMI_MOL_622912,622912,Cc1ccc2c(c1)CC(CC1=CC(Cl)CCCC1)O2,0.4706219572761232,binned_cosine_1Da,49,False,predicted_spectrum,9424
CASMI2022,massformer,completed,119,119,291,CASMI_MOL_1196912,CASMI_MOL_627592,627592,CC1CCC(Oc2ccccc2C#CCCl)CC1C,0.46992422406485973,binned_cosine_1Da,50,False,predicted_spectrum,9424
CASMI2022,massformer,completed,119,119,291,CASMI_MOL_1196912,CASMI_MOL_627565,627565,Cc1ccc(OC2CCC(C)CC2)c(C#CCCl)c1,0.46852795965805405,binned_cosine_1Da,51,False,predicted_spectrum,9424
CASMI2022,massformer,completed,119,119,291,CASMI_MOL_1196912,CASMI_MOL_627637,627637,Cc1ccc(OC2CCCC(C)C2)c(C#CCCl)c1,0.4681142792811643,binned_cosine_1Da,52,False,predicted_spectrum,9424
CASMI2022,massformer,completed,119,119,291,CASMI_MOL_1196912,CASMI_MOL_627591,627591,CC1CCC(Oc2ccc(C#CCCl)cc2)CC1C,0.4680646687086018,binned_cosine_1Da,53,False,predicted_spectrum,9424
CASMI2022,massformer,completed,119,119,291,CASMI_MOL_1196912,CASMI_MOL_627200,627200,Cc1ccc2oc(C(Cl)C3CCCCC3)c(C)c2c1,0.4674111586944479,binned_cosine_1Da,54,False,predicted_spectrum,9424
CASMI2022,massformer,completed,119,119,291,CASMI_MOL_1196912,CASMI_MOL_627708,627708,CCC1CCCCC1Oc1ccc(C#CCCl)cc1,0.4670168335998787,binned_cosine_1Da,55,False,predicted_spectrum,9424
CASMI2022,massformer,completed,119,119,291,CASMI_MOL_1196912,CASMI_MOL_620906,620906,C=CC(=CC=CCC)c1ccc(OCCCCl)cc1,0.46670077221121303,binned_cosine_1Da,56,False,predicted_spectrum,9424
CASMI2022,massformer,completed,119,119,291,CASMI_MOL_1196912,CASMI_MOL_626305,626305,CC1(C)Cc2cc(C(Cl)C3CC4CC4C3)ccc2O1,0.4656600906389834,binned_cosine_1Da,57,False,predicted_spectrum,9424
CASMI2022,massformer,completed,119,119,291,CASMI_MOL_1196912,CASMI_MOL_623805,623805,ClC1C=C(CC2CCOc3ccccc32)CCCC1,0.46520253511344783,binned_cosine_1Da,58,False,predicted_spectrum,9424
CASMI2022,massformer,completed,119,119,291,CASMI_MOL_1196912,CASMI_MOL_627640,627640,CCC1CCCC(Oc2ccccc2C#CCCl)C1,0.4641386003588901,binned_cosine_1Da,59,False,predicted_spectrum,9424
CASMI2022,massformer,completed,119,119,291,CASMI_MOL_1196912,CASMI_MOL_628469,628469,Cc1ccc(OC2CCCCC2)c(C#CCCCl)c1,0.4641172000843476,binned_cosine_1Da,60,False,predicted_spectrum,9424
CASMI2022,massformer,completed,119,119,291,CASMI_MOL_1196912,CASMI_MOL_628822,628822,ClCCC#Cc1ccccc1OCC1CCCCC1,0.45980648314577877,binned_cosine_1Da,61,False,predicted_spectrum,9424
CASMI2022,massformer,completed,119,119,291,CASMI_MOL_1196912,CASMI_MOL_621972,621972,CC1(Oc2ccc(Cl)cc2)C2CC3CC(C2)CC1C3,0.45627562930921794,binned_cosine_1Da,62,False,predicted_spectrum,9424
CASMI2022,massformer,completed,119,119,291,CASMI_MOL_1196912,CASMI_MOL_628823,628823,Cc1ccc(OCC2CCCCC2)c(C#CCCl)c1,0.4561187977158174,binned_cosine_1Da,63,False,predicted_spectrum,9424
CASMI2022,massformer,completed,119,119,291,CASMI_MOL_1196912,CASMI_MOL_622818,622818,ClCC#Cc1ccc(OCCC2CCCCC2)cc1,0.4515944744182027,binned_cosine_1Da,64,False,predicted_spectrum,9424
CASMI2022,massformer,completed,119,119,291,CASMI_MOL_1196912,CASMI_MOL_625435,625435,Clc1cccc(OCC2=CC3(CCCC3)CCC2)c1,0.451518260006484,binned_cosine_1Da,65,False,predicted_spectrum,9424
CASMI2022,massformer,completed,119,119,291,CASMI_MOL_1196912,CASMI_MOL_627949,627949,COc1ccc(CNCC(O)c2cccc(F)c2)cn1,0.4509999723852222,binned_cosine_1Da,66,False,predicted_spectrum,9424
CASMI2022,massformer,completed,119,119,291,CASMI_MOL_1196912,CASMI_MOL_625001,625001,COc1ccc(CNCc2cccnc2OC)c(F)c1,0.45033312412434123,binned_cosine_1Da,67,False,predicted_spectrum,9424
CASMI2022,massformer,completed,119,119,291,CASMI_MOL_1196912,CASMI_MOL_627572,627572,CC1CCC(Oc2ccccc2C#CCCCl)CC1,0.4500998173802856,binned_cosine_1Da,68,False,predicted_spectrum,9424
CASMI2022,massformer,completed,119,119,291,CASMI_MOL_1196912,CASMI_MOL_623778,623778,Cc1ccc(C2(O)CC3CC2C2CCCC32)cc1Cl,0.44758984261003915,binned_cosine_1Da,69,False,predicted_spectrum,9424
CASMI2022,massformer,completed,119,119,291,CASMI_MOL_1196912,CASMI_MOL_627571,627571,CC1CCC(Oc2ccc(C#CCCCl)cc2)CC1,0.44733797634217337,binned_cosine_1Da,70,False,predicted_spectrum,9424
CASMI2022,massformer,completed,119,119,291,CASMI_MOL_1196912,CASMI_MOL_627566,627566,CCC1CCC(Oc2cccc(C#CCCl)c2)CC1,0.4472485991498899,binned_cosine_1Da,71,False,predicted_spectrum,9424
CASMI2022,massformer,completed,119,119,291,CASMI_MOL_1196912,CASMI_MOL_625854,625854,Cc1ccc(OC2CCCCCC2)c(C#CCCl)c1,0.44654258678967107,binned_cosine_1Da,72,False,predicted_spectrum,9424
CASMI2022,massformer,completed,119,119,291,CASMI_MOL_1196912,CASMI_MOL_627639,627639,CCC1CCCC(Oc2ccc(C#CCCl)cc2)C1,0.4454689006080914,binned_cosine_1Da,73,False,predicted_spectrum,9424
CASMI2022,massformer,completed,119,119,291,CASMI_MOL_1196912,CASMI_MOL_626119,626119,CC1Cc2cc(C(Cl)C3C4CCCCC43)ccc2O1,0.4442875175229925,binned_cosine_1Da,74,False,predicted_spectrum,9424
CASMI2022,massformer,completed,119,119,291,CASMI_MOL_1196912,CASMI_MOL_627636,627636,CC1CCCC(Oc2ccccc2C#CCCCl)C1,0.443630693877284,binned_cosine_1Da,75,False,predicted_spectrum,9424
CASMI2022,massformer,completed,119,119,291,CASMI_MOL_1196912,CASMI_MOL_622817,622817,ClCCC#Cc1ccccc1OCCC1CCCC1,0.44214387317547793,binned_cosine_1Da,76,False,predicted_spectrum,9424
CASMI2022,massformer,completed,119,119,291,CASMI_MOL_1196912,CASMI_MOL_624575,624575,COc1ccc(CNCc2cccc(OC)c2F)cn1,0.43978117115975407,binned_cosine_1Da,77,False,predicted_spectrum,9424
CASMI2022,massformer,completed,119,119,291,CASMI_MOL_1196912,CASMI_MOL_627635,627635,CC1CCCC(Oc2ccc(C#CCCCl)cc2)C1,0.4376011352579633,binned_cosine_1Da,78,False,predicted_spectrum,9424
CASMI2022,massformer,completed,119,119,291,CASMI_MOL_1196912,CASMI_MOL_623709,623709,CNCc1cc(F)ccc1OCCn1ccccc1=O,0.4374721370706574,binned_cosine_1Da,79,False,predicted_spectrum,9424
CASMI2022,massformer,completed,119,119,291,CASMI_MOL_1196912,CASMI_MOL_627707,627707,CCC1CCCCC1Oc1cccc(C#CCCl)c1,0.43658673036886286,binned_cosine_1Da,80,False,predicted_spectrum,9424
CASMI2022,massformer,completed,119,119,291,CASMI_MOL_1196912,CASMI_MOL_624538,624538,COc1ccc(CNCc2ccc(OC)nc2)c(F)c1,0.433845917673095,binned_cosine_1Da,81,False,predicted_spectrum,9424
CASMI2022,massformer,completed,119,119,291,CASMI_MOL_1196912,CASMI_MOL_627590,627590,CC1CCC(Oc2cccc(C#CCCl)c2)CC1C,0.43289155327565176,binned_cosine_1Da,82,False,predicted_spectrum,9424
CASMI2022,massformer,completed,119,119,291,CASMI_MOL_1196912,CASMI_MOL_621101,621101,ClCCOc1ccc(C2=CCC3CCCC3C2)cc1,0.4314741851288299,binned_cosine_1Da,83,False,predicted_spectrum,9424
CASMI2022,massformer,completed,119,119,291,CASMI_MOL_1196912,CASMI_MOL_627638,627638,CCC1CCCC(Oc2cccc(C#CCCl)c2)C1,0.4291502586327833,binned_cosine_1Da,84,False,predicted_spectrum,9424
CASMI2022,massformer,completed,119,119,291,CASMI_MOL_1196912,CASMI_MOL_621665,621665,COc1ccc(COCCNc2cccc(F)n2)cc1,0.4190513359767371,binned_cosine_1Da,85,False,predicted_spectrum,9424
CASMI2022,massformer,completed,119,119,291,CASMI_MOL_1196912,CASMI_MOL_620801,620801,Cc1cncc(OCC(N)COc2ccccc2F)c1,0.4148380161148929,binned_cosine_1Da,86,False,predicted_spectrum,9424
CASMI2022,massformer,completed,119,119,291,CASMI_MOL_1196912,CASMI_MOL_627570,627570,CC1CCC(Oc2cccc(C#CCCCl)c2)CC1,0.40781581003270306,binned_cosine_1Da,87,False,predicted_spectrum,9424
CASMI2022,massformer,completed,119,119,291,CASMI_MOL_1196912,CASMI_MOL_624917,624917,COc1ccnc(CNCc2ccccc2F)c1OC,0.40701177596645,binned_cosine_1Da,88,False,predicted_spectrum,9424
CASMI2022,massformer,completed,119,119,291,CASMI_MOL_1196912,CASMI_MOL_621881,621881,COc1cnc(F)c(CNCc2ccccc2OC)c1,0.40651231605021954,binned_cosine_1Da,89,False,predicted_spectrum,9424
CASMI2022,massformer,completed,119,119,291,CASMI_MOL_1196912,CASMI_MOL_624159,624159,CC(C)COCCNS(=O)(=O)c1[nH]ncc1CN,0.4046994621099543,binned_cosine_1Da,90,False,predicted_spectrum,9424
CASMI2022,massformer,completed,119,119,291,CASMI_MOL_1196912,CASMI_MOL_627674,627674,CCC(CC)(CO)NS(=O)(=O)c1c(N)ncn1C,0.40456279933045397,binned_cosine_1Da,91,False,predicted_spectrum,9424
CASMI2022,massformer,completed,119,119,291,CASMI_MOL_1196912,CASMI_MOL_628035,628035,CCC(CC)(CO)NS(=O)(=O)c1cn(C)nc1N,0.4039463696953386,binned_cosine_1Da,92,False,predicted_spectrum,9424
CASMI2022,massformer,completed,119,119,291,CASMI_MOL_1196912,CASMI_MOL_621938,621938,CCn1nccc1S(=O)(=O)NCC(O)CN(C)C,0.3996263813012757,binned_cosine_1Da,93,False,predicted_spectrum,9424
CASMI2022,massformer,completed,119,119,291,CASMI_MOL_1196912,CASMI_MOL_621939,621939,CCn1nccc1S(=O)(=O)NCC(O)CN(C)C,0.3996263813012757,binned_cosine_1Da,94,False,predicted_spectrum,9424
CASMI2022,massformer,completed,119,119,291,CASMI_MOL_1196912,CASMI_MOL_622036,622036,CCn1nccc1S(=O)(=O)NCC(O)CN(C)C,0.3996263813012757,binned_cosine_1Da,95,False,predicted_spectrum,9424
CASMI2022,massformer,completed,119,119,291,CASMI_MOL_1196912,CASMI_MOL_620048,620048,COc1ccncc1CNC(C)c1ccc(F)c(O)c1,0.39827127999754297,binned_cosine_1Da,96,False,predicted_spectrum,9424
CASMI2022,massformer,completed,119,119,291,CASMI_MOL_1196912,CASMI_MOL_622986,622986,CC1(C)CC(c2ccc(OC3CC3)cc2)=CC(Cl)C1,0.39696543817056834,binned_cosine_1Da,97,False,predicted_spectrum,9424
CASMI2022,massformer,completed,119,119,291,CASMI_MOL_1196912,CASMI_MOL_628489,628489,COc1ccc(CNCc2ccc(OC)c(F)c2)cn1,0.3941762811780869,binned_cosine_1Da,98,False,predicted_spectrum,9424
CASMI2022,massformer,completed,119,119,291,CASMI_MOL_1196912,CASMI_MOL_624171,624171,COCC(NS(=O)(=O)c1[nH]ncc1CN)C(C)C,0.3927001164123988,binned_cosine_1Da,99,False,predicted_spectrum,9424
CASMI2022,massformer,completed,119,119,291,CASMI_MOL_1196912,CASMI_MOL_626352,626352,CCn1cc(S(=O)(=O)NC(C)CCCO)c(N)n1,0.3924651226382717,binned_cosine_1Da,100,False,predicted_spectrum,9424
CASMI2022,massformer,completed,119,119,291,CASMI_MOL_1196912,CASMI_MOL_1196912,1196912,Cc1ccc(N=Nc2c(O)ccc3ccccc23)c(C)c1,0.09758064425192589,binned_cosine_1Da,6236,True,predicted_spectrum,9424
